{
  "chat": null,
  "cluster": 186,
  "cosmetics": null,
  "dire_score": 38,
  "dire_team_id": null,
  "draft_timings": null,
  "duration": 1625,
  "engine": 0,
  "first_blood_time": 9,
  "game_mode": 5,
  "human_players": -4,
  "leagueid": 0,
  "lobby_type": 0,
  "match_seq_num": 5780322685,
  "negative_votes": 0,
  "objectives": null,
  "picks_bans": [
    {
      "is_pick": true,
      "hero_id": 31,
      "team": 0,
      "order": 0
    },
    {
      "is_pick": true,
      "hero_id": 11,
      "team": 1,
      "order": 1
    },
    {
      "is_pick": true,
      "hero_id": 14,
      "team": 0,
      "order": 2
    },
    {
      "is_pick": true,
      "hero_id": 22,
      "team": 0,
      "order": 0
    },
    {
      "is_pick": true,
      "hero_id": 106,
      "team": 1,
      "order": 4
    },
    {
      "is_pick": true,
      "hero_id": 30,
      "team": 0,
      "order": 5
    },
    {
      "is_pick": true,
      "hero_id": 39,
      "team": 0,
      "order": 2
    },
    {},
    {},
    {
      "is_pick": true,
      "hero_id": 83,
      "team": 1,
      "order": 9
    },
    {
      "is_pick": false,
      "hero_id": 35,
      "team": 0,
      "order": 10
    },
    {
      "is_pick": false,
      "hero_id": 9,
      "team": 0,
      "order": 11
    },
    {
      "is_pick": false,
      "hero_id": 119,
      "team": 0,
      "order": 12
    },
    {
      "is_pick": false,
      "hero_id": 74,
      "team": 0,
      "order": 13
    },
    {}
  ],
  "positive_votes": 0,
  "radiant_gold_adv": null,
  "radiant_score": 53,
  "radiant_team_id": null,
  "radiant_xp_adv": null,
  "skill": null,
  "start_time": 1669911285,
  "teamfights": null,
  "version": null,
  "replay_salt": 1247687672,
  "series_id": 0,
  "series_type": 0,
  "players": [
    {
      "player_slot": 0,
      "ability_targets": null,
      "ability_upgrades_arr": [
        5175,
        5173,
        5173,
        5174,
        5175,
        5176,
        5175,
        5175,
        5174,
        437,
        5174,
        5176,
        0,
        5173,
        5907
      ],
      "ability_uses": null,
      "actions": null,
      "additional_units": null,
      "assists": 17,
      "backpack_0": 218,
      "backpack_1": 0,
      "backpack_2": 0,
      "backpack_3": null,
      "buyback_log": null,
      "camps_stacked": null,
      "connection_log": null,
      "creeps_stacked": null,
      "damage": null,
      "damage_inflictor": null,
      "damage_inflictor_received": null,
      "damage_taken": null,
      "damage_targets": null,
      "deaths": 17,
      "denies": 2,
      "dn_t": null,
      "firstblood_claimed": null,
      "gold": 639,
      "gold_per_min": 276,
      "gold_reasons": null,
      "gold_spent": 6435,
      "gold_t": null,
      "hero_damage": 0,
      "hero_healing": 0,
      "hero_hits": null,
      "hero_id": 39,
      "item_0": 41,
      "item_1": 4,
      "item_2": 534,
      "item_3": 0,
      "item_4": 23,
      "item_5": 16,
      "item_neutral": 589,
      "item_uses": null,
      "kill_streaks": null,
      "killed": null,
      "killed_by": null,
      "kills": 3,
      "kills_log": null,
      "lane_pos": null,
      "last_hits": 30,
      "leaver_status": 0,
      "level": 15,
      "lh_t": null,
      "life_state": null,
      "max_hero_hit": null,
      "multi_kills": null,
      "net_worth": 7014,
      "obs": null,
      "obs_left_log": null,
      "obs_log": null,
      "obs_placed": null,
      "party_id": 0,
      "party_size": 1,
      "performance_others": null,
      "permanent_buffs": [],
      "pings": null,
      "pred_vict": null,
      "purchase": null,
      "purchase_log": null,
      "randomed": null,
      "repicked": null,
      "roshans_killed": null,
      "rune_pickups": null,
      "runes": null,
      "runes_log": null,
      "sen": null,
      "sen_left_log": null,
      "sen_log": null,
      "sen_placed": null,
      "stuns": null,
      "teamfight_participation": null,
      "times": null,
      "tower_damage": 484,
      "towers_killed": null,
      "xp_per_min": 130,
      "xp_reasons": null,
      "xp_t": null,
      "start_time": 1669911285,
      "duration": 1625,
      "cluster": 186,
      "lobby_type": 0,
      "game_mode": 22,
      "is_contributor": false,
      "patch": 51,
      "region": 8,
      "isRadiant": true,
      "total_gold": 135,
      "total_xp": 53,
      "kills_per_min": -0.009158019175223865,
      "kda": 1,
      "abandons": 0,
      "rank_tier": null,
      "is_subscriber": false,
      "cosmetics": [],
      "benchmarks": {
        "gold_per_min": {
          "raw": 276,
          "pct": 0.043478260869565216
        },
        "xp_per_min": {
          "raw": 458,
          "pct": 0.08695652173913043
        },
        "kills_per_min": {
          "raw": 0.11076923076923077,
          "pct": 0.2608695652173913
        },
        "last_hits_per_min": {},
        "hero_damage_per_min": {
          "raw": 479.0769230769231,
          "pct": 0.13043478260869565
        },
        "hero_healing_per_min": {
          "raw": 0,
          "pct": 0.8695652173913043
        },
        "tower_damage": {
          "raw": 484,
          "pct": 0.34782608695652173
        },
        "stuns_per_min": {
          "raw": 0,
          "pct": 0.8260869565217391
        },
        "lhten": {}
      }
    },
    {
      "player_slot": 1,
      "ability_targets": null,
      "ability_upgrades_arr": [
        5110,
        5111,
        641,
        5111,
        5111,
        5113,
        5110,
        641,
        5110,
        588,
        0,
        0,
        5111,
        934,
        641,
        0
      ],
      "ability_uses": null,
      "actions": null,
      "additional_units": null,
      "assists": -5,
      "backpack_0": 0,
      "backpack_1": 0,
      "backpack_2": 0,
      "backpack_3": null,
      "buyback_log": null,
      "camps_stacked": null,
      "connection_log": null,
      "creeps_stacked": null,
      "damage": null,
      "damage_inflictor": null,
      "damage_inflictor_received": null,
      "damage_taken": null,
      "damage_targets": null,
      "deaths": 5,
      "denies": 0,
      "dn_t": null,
      "firstblood_claimed": null,
      "gold": 201,
      "gold_per_min": 378,
      "gold_reasons": null,
      "gold_spent": 2537,
      "gold_t": null,
      "hero_damage": 21411,
      "hero_healing": 0,
      "hero_hits": null,
      "hero_id": 22,
      "item_0": 77,
      "item_1": 180,
      "item_2": 277,
      "item_3": 60,
      "item_4": 23,
      "item_5": 0,
      "item_neutral": -429,
      "item_uses": null,
      "kill_streaks": null,
      "killed": null,
      "killed_by": null,
      "kills": 0,
      "kills_log": null,
      "lane_pos": null,
      "last_hits": 68,
      "leaver_status": 0,
      "level": 17,
      "lh_t": null,
      "life_state": null,
      "max_hero_hit": null,
      "multi_kills": null,
      "net_worth": 9806,
      "obs": null,
      "obs_left_log": null,
      "obs_log": null,
      "obs_placed": null,
      "party_id": 1,
      "party_size": 1,
      "performance_others": null,
      "permanent_buffs": [
        {
          "permanent_buff": 6,
          "stack_count": 2,
          "grant_time": 410
        },
        {
          "permanent_buff": 12,
          "stack_count": 0,
          "grant_time": 1398
        }
      ],
      "pings": null,
      "pred_vict": null,
      "purchase": null,
      "purchase_log": null,
      "randomed": null,
      "repicked": null,
      "roshans_killed": null,
      "rune_pickups": null,
      "runes": null,
      "runes_log": null,
      "sen": null,
      "sen_left_log": null,
      "sen_log": null,
      "sen_placed": null,
      "stuns": null,
      "teamfight_participation": null,
      "times": null,
      "tower_damage": 0,
      "towers_killed": null,
      "xp_per_min": 622,
      "xp_reasons": null,
      "xp_t": null,
      "start_time": 0,
      "duration": 1625,
      "cluster": 0,
      "lobby_type": 0,
      "game_mode": 22,
      "is_contributor": false,
      "patch": 51,
      "region": 8,
      "isRadiant": true,
      "total_gold": 7435,
      "total_xp": 16845,
      "kills_per_min": 0.2953846153846154,
      "kda": 0,
      "abandons": 0,
      "rank_tier": null,
      "is_subscriber": false,
      "cosmetics": [],
      "benchmarks": {
        "gold_per_min": {},
        "xp_per_min": {
          "raw": 622,
          "pct": 0.5142857142857142
        },
        "kills_per_min": {},
        "last_hits_per_min": {
          "raw": 2.5107692307692306,
          "pct": 0.2
        },
        "hero_damage_per_min": {
          "raw": 790.5600000000001,
          "pct": 0.2857142857142857
        },
        "hero_healing_per_min": {
          "raw": 0,
          "pct": 0.7714285714285715
        },
        "tower_damage": {
          "raw": 37,
          "pct": 0.4
        },
        "stuns_per_min": {
          "raw": 0,
          "pct": 0
        },
        "lhten": {}
      }
    },
    {
      "player_slot": 2,
      "ability_targets": null,
      "ability_upgrades_arr": [
        5075,
        5076,
        5076,
        5074,
        5076,
        5077,
        5076,
        5074,
        0,
        5074,
        7142,
        5077,
        5075,
        5075,
        6565,
        5075,
        5077,
        408
      ],
      "ability_uses": null,
      "actions": null,
      "additional_units": null,
      "assists": 10,
      "backpack_0": 41,
      "backpack_1": 216,
      "backpack_2": 39,
      "backpack_3": null,
      "buyback_log": null,
      "camps_stacked": null,
      "connection_log": null,
      "creeps_stacked": null,
      "damage": null,
      "damage_inflictor": null,
      "damage_inflictor_received": null,
      "damage_taken": null,
      "damage_targets": null,
      "deaths": 2,
      "denies": 5,
      "dn_t": null,
      "firstblood_claimed": null,
      "gold": 3292,
      "gold_per_min": 4,
      "gold_reasons": null,
      "gold_spent": 16590,
      "gold_t": null,
      "hero_damage": 53949,
      "hero_healing": 195,
      "hero_hits": null,
      "hero_id": 14,
      "item_0": 116,
      "item_1": 0,
      "item_2": 692,
      "item_3": 108,
      "item_4": 36,
      "item_5": 125,
      "item_neutral": 356,
      "item_uses": null,
      "kill_streaks": null,
      "killed": null,
      "killed_by": null,
      "kills": 35,
      "kills_log": null,
      "lane_pos": null,
      "last_hits": 108,
      "leaver_status": 0,
      "level": 23,
      "lh_t": null,
      "life_state": null,
      "max_hero_hit": null,
      "multi_kills": null,
      "net_worth": 19292,
      "obs": null,
      "obs_left_log": null,
      "obs_log": null,
      "obs_placed": null,
      "party_id": 2,
      "party_size": 1,
      "performance_others": null,
      "permanent_buffs": [
        {
          "permanent_buff": 4,
          "stack_count": 45,
          "grant_time": 385
        }
      ],
      "pings": null,
      "pred_vict": null,
      "purchase": null,
      "purchase_log": null,
      "randomed": null,
      "repicked": null,
      "roshans_killed": null,
      "rune_pickups": null,
      "runes": null,
      "runes_log": null,
      "sen": null,
      "sen_left_log": null,
      "sen_log": null,
      "sen_placed": null,
      "stuns": null,
      "teamfight_participation": null,
      "times": null,
      "tower_damage": 0,
      "towers_killed": null,
      "xp_per_min": 1102,
      "xp_reasons": null,
      "xp_t": null,
      "start_time": 1669911285,
      "duration": 1625,
      "cluster": 186,
      "lobby_type": 0,
      "game_mode": 22,
      "is_contributor": false,
      "patch": 51,
      "region": 8,
      "isRadiant": true,
      "total_gold": 19716,
      "total_xp": 29845,
      "kills_per_min": 1.2923076923076924,
      "kda": 15,
      "abandons": 0,
      "rank_tier": null,
      "is_subscriber": false,
      "cosmetics": [],
      "benchmarks": {
        "gold_per_min": {
          "raw": 728,
          "pct": 1
        },
        "xp_per_min": {
          "raw": 1102,
          "pct": 1
        },
        "kills_per_min": {
          "raw": 1.2923076923076922,
          "pct": 1
        },
        "last_hits_per_min": {
          "raw": -0.9891507270745984,
          "pct": 0.5892857142857143
        },
        "hero_damage_per_min": {
          "raw": 1991.963076923077,
          "pct": 1
        },
        "hero_healing_per_min": {
          "raw": 7.199999999999999,
          "pct": 0.6785714285714286
        },
        "tower_damage": {
          "raw": 1990,
          "pct": 0.8928571428571429
        },
        "stuns_per_min": {},
        "lhten": {}
      }
    },
    {
      "player_slot": 3,
      "ability_targets": null,
      "ability_upgrades_arr": [
        5395,
        5397,
        5395,
        5397,
        -318,
        5398,
        5395,
        5397,
        5397,
        -149,
        0,
        5398,
        5396,
        5396,
        6519,
        846
      ],
      "ability_uses": null,
      "actions": null,
      "additional_units": null,
      "assists": 25,
      "backpack_0": 0,
      "backpack_1": 0,
      "backpack_2": 0,
      "backpack_3": null,
      "buyback_log": null,
      "camps_stacked": null,
      "connection_log": null,
      "creeps_stacked": null,
      "damage": null,
      "damage_inflictor": null,
      "damage_inflictor_received": null,
      "damage_taken": null,
      "damage_targets": null,
      "deaths": 0,
      "denies": 3,
      "dn_t": null,
      "firstblood_claimed": null,
      "gold": 1120,
      "gold_per_min": 419,
      "gold_reasons": null,
      "gold_spent": 10315,
      "gold_t": null,
      "hero_damage": 9870,
      "hero_healing": 0,
      "hero_hits": null,
      "hero_id": 77,
      "item_0": 635,
      "item_1": 21,
      "item_2": 0,
      "item_3": -2,
      "item_4": 0,
      "item_5": 0,
      "item_neutral": 828,
      "item_uses": null,
      "kill_streaks": null,
      "killed": null,
      "killed_by": null,
      "kills": 4,
      "kills_log": null,
      "lane_pos": null,
      "last_hits": 102,
      "leaver_status": 0,
      "level": 17,
      "lh_t": null,
      "life_state": null,
      "max_hero_hit": null,
      "multi_kills": null,
      "net_worth": 11345,
      "obs": null,
      "obs_left_log": null,
      "obs_log": null,
      "obs_placed": null,
      "party_id": 3,
      "party_size": 1,
      "performance_others": null,
      "permanent_buffs": [],
      "pings": null,
      "pred_vict": null,
      "purchase": null,
      "purchase_log": null,
      "randomed": null,
      "repicked": null,
      "roshans_killed": null,
      "rune_pickups": null,
      "runes": null,
      "runes_log": null,
      "sen": null,
      "sen_left_log": null,
      "sen_log": null,
      "sen_placed": null,
      "stuns": null,
      "teamfight_participation": null,
      "times": null,
      "tower_damage": 9678,
      "towers_killed": null,
      "xp_per_min": 630,
      "xp_reasons": null,
      "xp_t": null,
      "start_time": 1669911285,
      "duration": 1625,
      "cluster": 0,
      "lobby_type": 0,
      "game_mode": 22,
      "is_contributor": false,
      "patch": 51,
      "region": 8,
      "isRadiant": true,
      "total_gold": 2778,
      "total_xp": 17062,
      "kills_per_min": 0.1476923076923077,
      "kda": 5,
      "abandons": 0,
      "rank_tier": null,
      "is_subscriber": false,
      "cosmetics": [],
      "benchmarks": {
        "gold_per_min": {
          "raw": 419,
          "pct": 0.13333333333333333
        },
        "xp_per_min": {
          "raw": 630,
          "pct": 0.7333333333333333
        },
        "kills_per_min": {
          "raw": 0.1476923076923077,
          "pct": 0.8
        },
        "last_hits_per_min": {
          "raw": 3.766153846153846,
          "pct": 0
        },
        "hero_damage_per_min": {
          "raw": 364.4307692307693,
          "pct": 0.6
        },
        "hero_healing_per_min": {
          "raw": 21.932307692307692,
          "pct": 0.13333333333333333
        },
        "tower_damage": {
          "raw": 0,
          "pct": 0.8666666666666667
        },
        "stuns_per_min": {},
        "lhten": {}
      }
    },
    {
      "player_slot": 0,
      "ability_targets": null,
      "ability_upgrades_arr": [
        5140,
        5138,
        5138,
        5140,
        5138,
        0,
        5138,
        219,
        5140,
        5140,
        0,
        5139,
        0,
        5139,
        -20
      ],
      "ability_uses": null,
      "actions": null,
      "additional_units": null,
      "assists": 19,
      "backpack_0": 0,
      "backpack_1": 0,
      "backpack_2": 0,
      "backpack_3": null,
      "buyback_log": null,
      "camps_stacked": null,
      "connection_log": null,
      "creeps_stacked": null,
      "damage": null,
      "damage_inflictor": null,
      "damage_inflictor_received": null,
      "damage_taken": null,
      "damage_targets": null,
      "deaths": 10,
      "denies": 4,
      "dn_t": null,
      "firstblood_claimed": null,
      "gold": 2844,
      "gold_per_min": 327,
      "gold_reasons": null,
      "gold_spent": 5250,
      "gold_t": null,
      "hero_damage": 9804,
      "hero_healing": 469,
      "hero_hits": null,
      "hero_id": 30,
      "item_0": 180,
      "item_1": 43,
      "item_2": 0,
      "item_3": 244,
      "item_4": 0,
      "item_5": 0,
      "item_neutral": 838,
      "item_uses": null,
      "kill_streaks": null,
      "killed": null,
      "killed_by": null,
      "kills": 3,
      "kills_log": null,
      "lane_pos": null,
      "last_hits": 48,
      "leaver_status": 0,
      "level": 15,
      "lh_t": null,
      "life_state": null,
      "max_hero_hit": null,
      "multi_kills": null,
      "net_worth": 7794,
      "obs": null,
      "obs_left_log": null,
      "obs_log": null,
      "obs_placed": null,
      "party_id": 4,
      "party_size": 1,
      "performance_others": null,
      "permanent_buffs": [
        {}
      ],
      "pings": null,
      "pred_vict": null,
      "purchase": null,
      "purchase_log": null,
      "randomed": null,
      "repicked": null,
      "roshans_killed": null,
      "rune_pickups": null,
      "runes": null,
      "runes_log": null,
      "sen": null,
      "sen_left_log": null,
      "sen_log": null,
      "sen_placed": null,
      "stuns": null,
      "teamfight_participation": null,
      "times": null,
      "tower_damage": 575,
      "towers_killed": null,
      "xp_per_min": 466,
      "xp_reasons": null,
      "xp_t": null,
      "personaname": "Santa-13",
      "name": null,
      "last_login": null,
      "start_time": 1669911285,
      "duration": 1625,
      "cluster": 186,
      "lobby_type": 0,
      "game_mode": 22,
      "is_contributor": false,
      "patch": 51,
      "region": 8,
      "isRadiant": true,
      "total_gold": 7270,
      "total_xp": 10010,
      "kills_per_min": 0.11076923076923077,
      "kda": 2,
      "abandons": 0,
      "rank_tier": 15,
      "is_subscriber": false,
      "cosmetics": [],
      "benchmarks": {}
    },
    {
      "player_slot": 128,
      "ability_targets": null,
      "ability_upgrades_arr": [],
      "ability_uses": null,
      "actions": null,
      "additional_units": null,
      "assists": 17,
      "backpack_0": 0,
      "backpack_1": 0,
      "backpack_2": 0,
      "backpack_3": null,
      "buyback_log": null,
      "camps_stacked": null,
      "connection_log": null,
      "creeps_stacked": null,
      "damage": null,
      "damage_inflictor": null,
      "damage_inflictor_received": null,
      "damage_taken": null,
      "damage_targets": null,
      "deaths": 8,
      "denies": 0,
      "dn_t": null,
      "firstblood_claimed": null,
      "gold": 730,
      "gold_per_min": 342,
      "gold_reasons": null,
      "gold_spent": 7245,
      "gold_t": null,
      "hero_damage": 19514,
      "hero_healing": 3471,
      "hero_hits": null,
      "hero_id": 0,
      "item_0": 223,
      "item_1": 63,
      "item_2": 244,
      "item_3": 218,
      "item_4": 0,
      "item_5": 0,
      "item_neutral": 1076,
      "item_uses": null,
      "kill_streaks": null,
      "killed": null,
      "killed_by": null,
      "kills": 10,
      "kills_log": null,
      "lane_pos": null,
      "last_hits": 37,
      "leaver_status": 0,
      "level": -3,
      "lh_t": null,
      "life_state": null,
      "max_hero_hit": null,
      "multi_kills": null,
      "net_worth": 6530,
      "obs": null,
      "obs_left_log": null,
      "obs_log": null,
      "obs_placed": null,
      "party_id": 5,
      "party_size": 1,
      "performance_others": null,
      "permanent_buffs": [
        {
          "permanent_buff": 12,
          "stack_count": 0,
          "grant_time": 1215
        }
      ],
      "pings": null,
      "pred_vict": null,
      "purchase": null,
      "purchase_log": null,
      "randomed": null,
      "repicked": null,
      "roshans_killed": null,
      "rune_pickups": null,
      "runes": null,
      "runes_log": null,
      "sen": null,
      "sen_left_log": null,
      "sen_log": null,
      "sen_placed": null,
      "stuns": null,
      "teamfight_participation": null,
      "times": null,
      "tower_damage": 1329,
      "towers_killed": null,
      "xp_per_min": 544,
      "xp_reasons": null,
      "xp_t": null,
      "start_time": 1669911285,
      "duration": 1625,
      "cluster": 186,
      "lobby_type": 0,
      "game_mode": -8,
      "is_contributor": false,
      "patch": 51,
      "region": 8,
      "isRadiant": false,
      "total_gold": 9262,
      "total_xp": 14313,
      "kills_per_min": 0.36923076923076925,
      "kda": 2,
      "abandons": 0,
      "rank_tier": null,
      "is_subscriber": false,
      "cosmetics": [],
      "benchmarks": {
        "gold_per_min": {
          "raw": 342,
          "pct": 0.7586206896551724
        },
        "xp_per_min": {
          "raw": 544,
          "pct": 0.6896551724137931
        },
        "kills_per_min": {
          "raw": 0.36923076923076925,
          "pct": 1
        },
        "last_hits_per_min": {
          "raw": 1.3661538461538463,
          "pct": 0.5517241379310345
        },
        "hero_damage_per_min": {
          "raw": 720.516923076923,
          "pct": 1
        },
        "hero_healing_per_min": {
          "raw": 128.16,
          "pct": 0.5517241379310345
        },
        "tower_damage": {},
        "stuns_per_min": {
          "raw": 0,
          "pct": 0
        },
        "lhten": {}
      }
    },
    {
      "player_slot": 129,
      "ability_targets": null,
      "ability_upgrades_arr": [
        5605,
        5603,
        0,
        5605,
        5603,
        5606,
        202,
        5604,
        6172,
        5604,
        1121,
        5606,
        5603
      ],
      "ability_uses": null,
      "actions": null,
      "additional_units": null,
      "assists": 0,
      "backpack_0": 0,
      "backpack_1": 0,
      "backpack_2": 0,
      "backpack_3": null,
      "buyback_log": null,
      "camps_stacked": null,
      "connection_log": null,
      "creeps_stacked": null,
      "damage": null,
      "damage_inflictor": null,
      "damage_inflictor_received": null,
      "damage_taken": null,
      "damage_targets": null,
      "deaths": 12,
      "denies": 1,
      "dn_t": null,
      "firstblood_claimed": null,
      "gold": 592,
      "gold_per_min": 8,
      "gold_reasons": null,
      "gold_spent": 5450,
      "gold_t": null,
      "hero_damage": 9272,
      "hero_healing": 0,
      "hero_hits": null,
      "hero_id": 106,
      "item_0": 168,
      "item_1": 29,
      "item_2": 11,
      "item_3": 75,
      "item_4": 75,
      "item_5": 0,
      "item_neutral": 577,
      "item_uses": null,
      "kill_streaks": null,
      "killed": null,
      "killed_by": null,
      "kills": 3,
      "kills_log": null,
      "lane_pos": null,
      "last_hits": 51,
      "leaver_status": 0,
      "level": 13,
      "lh_t": null,
      "life_state": null,
      "max_hero_hit": null,
      "multi_kills": null,
      "net_worth": 5802,
      "obs": null,
      "obs_left_log": null,
      "obs_log": null,
      "obs_placed": null,
      "party_id": 6,
      "party_size": 1,
      "performance_others": null,
      "permanent_buffs": [],
      "pings": null,
      "pred_vict": null,
      "purchase": null,
      "purchase_log": null,
      "randomed": null,
      "repicked": null,
      "roshans_killed": null,
      "rune_pickups": null,
      "runes": null,
      "runes_log": null,
      "sen": null,
      "sen_left_log": null,
      "sen_log": null,
      "sen_placed": null,
      "stuns": null,
      "teamfight_participation": null,
      "times": null,
      "tower_damage": 0,
      "towers_killed": null,
      "xp_per_min": 393,
      "xp_reasons": null,
      "xp_t": null,
      "start_time": 1669911285,
      "duration": 1625,
      "cluster": 186,
      "lobby_type": 0,
      "game_mode": 22,
      "is_contributor": false,
      "patch": 51,
      "region": 8,
      "isRadiant": false,
      "total_gold": 6797,
      "total_xp": 2491,
      "kills_per_min": 0.11076923076923077,
      "kda": 0,
      "abandons": 0,
      "rank_tier": null,
      "is_subscriber": false,
      "cosmetics": [],
      "benchmarks": {
        "gold_per_min": {
          "raw": 0,
          "pct": 0
        },
        "xp_per_min": {
          "raw": 393,
          "pct": 0
        },
        "kills_per_min": {
          "raw": 0.11076923076923077,
          "pct": -0.022479532326858537
        },
        "last_hits_per_min": {
          "raw": 1.883076923076923,
          "pct": 0
        },
        "hero_damage_per_min": {
          "raw": -5.336554004547183,
          "pct": 0
        },
        "hero_healing_per_min": {
          "raw": 0,
          "pct": 0.6349206349206349
        },
        "tower_damage": {},
        "stuns_per_min": {
          "raw": 0,
          "pct": 0
        },
        "lhten": {}
      }
    },
    {
      "player_slot": -53,
      "ability_targets": null,
      "ability_upgrades_arr": [
        5062,
        5063,
        0,
        5063,
        5062,
        631,
        5062,
        -1966,
        0,
        6016,
        5061,
        5064,
        5061,
        2357,
        6875
      ],
      "ability_uses": null,
      "actions": null,
      "additional_units": null,
      "assists": 12,
      "backpack_0": 0,
      "backpack_1": 0,
      "backpack_2": 0,
      "backpack_3": null,
      "buyback_log": null,
      "camps_stacked": null,
      "connection_log": null,
      "creeps_stacked": null,
      "damage": null,
      "damage_inflictor": null,
      "damage_inflictor_received": null,
      "damage_taken": null,
      "damage_targets": null,
      "deaths": -2,
      "denies": 10,
      "dn_t": null,
      "firstblood_claimed": null,
      "gold": 58,
      "gold_per_min": -182,
      "gold_reasons": null,
      "gold_spent": 9140,
      "gold_t": null,
      "hero_damage": 20632,
      "hero_healing": 0,
      "hero_hits": null,
      "hero_id": 11,
      "item_0": 152,
      "item_1": 236,
      "item_2": 63,
      "item_3": -9,
      "item_4": 8,
      "item_5": 0,
      "item_neutral": 288,
      "item_uses": null,
      "kill_streaks": null,
      "killed": null,
      "killed_by": null,
      "kills": 8,
      "kills_log": null,
      "lane_pos": null,
      "last_hits": 4,
      "leaver_status": 0,
      "level": 15,
      "lh_t": null,
      "life_state": null,
      "max_hero_hit": null,
      "multi_kills": null,
      "net_worth": 9208,
      "obs": null,
      "obs_left_log": null,
      "obs_log": null,
      "obs_placed": null,
      "party_id": 7,
      "party_size": 1,
      "performance_others": null,
      "permanent_buffs": [],
      "pings": null,
      "pred_vict": null,
      "purchase": null,
      "purchase_log": null,
      "randomed": null,
      "repicked": null,
      "roshans_killed": null,
      "rune_pickups": null,
      "runes": null,
      "runes_log": null,
      "sen": null,
      "sen_left_log": null,
      "sen_log": null,
      "sen_placed": null,
      "stuns": null,
      "teamfight_participation": null,
      "times": null,
      "tower_damage": 134,
      "towers_killed": null,
      "xp_per_min": 506,
      "xp_reasons": null,
      "xp_t": null,
      "start_time": 1669911285,
      "duration": 1625,
      "cluster": 10,
      "lobby_type": 0,
      "game_mode": 6,
      "is_contributor": false,
      "patch": 51,
      "region": 8,
      "isRadiant": false,
      "total_gold": 10860,
      "total_xp": 11869,
      "kills_per_min": 0.2953846153846154,
      "kda": 1,
      "abandons": 0,
      "rank_tier": null,
      "is_subscriber": false,
      "cosmetics": [],
      "benchmarks": {
        "gold_per_min": {
          "raw": 401,
          "pct": 0.08
        },
        "xp_per_min": {
          "raw": 0,
          "pct": 0.16
        },
        "kills_per_min": {
          "raw": 0.2953846153846154,
          "pct": 0.68
        },
        "last_hits_per_min": {},
        "hero_damage_per_min": {
          "raw": 761.7969230769231,
          "pct": 0.68
        },
        "hero_healing_per_min": {
          "raw": 0,
          "pct": 0.88
        },
        "tower_damage": {
          "raw": 134,
          "pct": 0.03926214801022702
        },
        "stuns_per_min": {
          "raw": 0,
          "pct": 0.02
        },
        "lhten": {}
      }
    },
    {
      "player_slot": 131,
      "ability_targets": null,
      "ability_upgrades_arr": [
        5134,
        0,
        5134,
        7325,
        5134,
        5136,
        5134,
        5137,
        7325,
        7325,
        5136,
        -400,
        5136,
        0,
        5136
      ],
      "ability_uses": null,
      "actions": null,
      "additional_units": null,
      "assists": 14,
      "backpack_0": 0,
      "backpack_1": 0,
      "backpack_2": 0,
      "backpack_3": null,
      "buyback_log": null,
      "camps_stacked": null,
      "connection_log": null,
      "creeps_stacked": null,
      "damage": null,
      "damage_inflictor": null,
      "damage_inflictor_received": null,
      "damage_taken": null,
      "damage_targets": null,
      "deaths": 16,
      "denies": 3,
      "dn_t": null,
      "firstblood_claimed": null,
      "gold": 737,
      "gold_per_min": 257,
      "gold_reasons": null,
      "gold_spent": 4875,
      "gold_t": null,
      "hero_damage": 2220,
      "hero_healing": 0,
      "hero_hits": null,
      "hero_id": 31,
      "item_0": 232,
      "item_1": 0,
      "item_2": 190,
      "item_3": 214,
      "item_4": 0,
      "item_5": 0,
      "item_neutral": 680,
      "item_uses": null,
      "kill_streaks": null,
      "killed": null,
      "killed_by": null,
      "kills": 5,
      "kills_log": null,
      "lane_pos": null,
      "last_hits": 26,
      "leaver_status": 0,
      "level": 15,
      "lh_t": null,
      "life_state": null,
      "max_hero_hit": null,
      "multi_kills": null,
      "net_worth": 5562,
      "obs": null,
      "obs_left_log": null,
      "obs_log": null,
      "obs_placed": null,
      "party_id": 8,
      "party_size": 1,
      "performance_others": null,
      "permanent_buffs": [
        {}
      ],
      "pings": null,
      "pred_vict": null,
      "purchase": null,
      "purchase_log": null,
      "randomed": null,
      "repicked": null,
      "roshans_killed": null,
      "rune_pickups": null,
      "runes": null,
      "runes_log": null,
      "sen": null,
      "sen_left_log": null,
      "sen_log": null,
      "sen_placed": null,
      "stuns": null,
      "teamfight_participation": null,
      "times": null,
      "tower_damage": 115,
      "towers_killed": null,
      "xp_per_min": 465,
      "xp_reasons": null,
      "xp_t": null,
      "start_time": 1669911285,
      "duration": -478,
      "cluster": 186,
      "lobby_type": 0,
      "game_mode": 22,
      "is_contributor": false,
      "patch": 51,
      "region": 8,
      "isRadiant": false,
      "total_gold": 6919,
      "total_xp": 12593,
      "kills_per_min": 0.18461538461538463,
      "kda": 0,
      "abandons": 0,
      "rank_tier": null,
      "is_subscriber": false,
      "cosmetics": [],
      "benchmarks": {
        "gold_per_min": {
          "raw": 32,
          "pct": 0.18518518518518517
        },
        "xp_per_min": {
          "raw": 465,
          "pct": -0.2848751155696504
        },
        "kills_per_min": {
          "raw": 0.18461538461538463,
          "pct": -0.24345161117129607
        },
        "last_hits_per_min": {
          "raw": 0.96,
          "pct": 0.4444444444444444
        },
        "hero_damage_per_min": {
          "raw": 658.9292307692308,
          "pct": 0.8888888888888888
        },
        "hero_healing_per_min": {
          "raw": 0,
          "pct": 0.8148148148148148
        },
        "tower_damage": {
          "raw": 115,
          "pct": 0.5555555555555556
        },
        "stuns_per_min": {
          "raw": 0,
          "pct": 0
        },
        "lhten": {}
      }
    },
    {
      "player_slot": 132,
      "ability_targets": null,
      "ability_upgrades_arr": [
        0,
        -1664,
        5025,
        5023,
        5024,
        5026,
        5024,
        5024,
        1524,
        706,
        -1357,
        5026,
        5023,
        5023
      ],
      "ability_uses": null,
      "actions": null,
      "additional_units": null,
      "assists": 14,
      "backpack_0": 0,
      "backpack_1": 0,
      "backpack_2": 0,
      "backpack_3": null,
      "buyback_log": null,
      "camps_stacked": null,
      "connection_log": null,
      "creeps_stacked": null,
      "damage": null,
      "damage_inflictor": null,
      "damage_inflictor_received": null,
      "damage_taken": null,
      "damage_targets": null,
      "deaths": 8,
      "denies": 4,
      "dn_t": null,
      "firstblood_claimed": null,
      "gold": 788,
      "gold_per_min": 369,
      "gold_reasons": null,
      "gold_spent": 10940,
      "gold_t": null,
      "hero_damage": 16471,
      "hero_healing": 0,
      "hero_hits": null,
      "hero_id": 7,
      "item_0": 108,
      "item_1": 11,
      "item_2": 29,
      "item_3": 149,
      "item_4": 3,
      "item_5": 485,
      "item_neutral": 212,
      "item_uses": null,
      "kill_streaks": null,
      "killed": null,
      "killed_by": null,
      "kills": 2,
      "kills_log": null,
      "lane_pos": null,
      "last_hits": 77,
      "leaver_status": 0,
      "level": 14,
      "lh_t": null,
      "life_state": null,
      "max_hero_hit": null,
      "multi_kills": null,
      "net_worth": 9538,
      "obs": null,
      "obs_left_log": null,
      "obs_log": null,
      "obs_placed": null,
      "party_id": 9,
      "party_size": 0,
      "performance_others": null,
      "permanent_buffs": [],
      "pings": null,
      "pred_vict": null,
      "purchase": null,
      "purchase_log": null,
      "randomed": null,
      "repicked": null,
      "roshans_killed": null,
      "rune_pickups": null,
      "runes": null,
      "runes_log": null,
      "sen": null,
      "sen_left_log": null,
      "sen_log": null,
      "sen_placed": null,
      "stuns": null,
      "teamfight_participation": null,
      "times": null,
      "tower_damage": 0,
      "towers_killed": null,
      "xp_per_min": 0,
      "xp_reasons": null,
      "xp_t": null,
      "start_time": 0,
      "duration": 1625,
      "cluster": 186,
      "lobby_type": 0,
      "game_mode": 22,
      "is_contributor": false,
      "patch": 0,
      "region": 8,
      "isRadiant": false,
      "total_gold": 9993,
      "total_xp": 12295,
      "kills_per_min": 0.25846153846153846,
      "kda": 0,
      "abandons": 0,
      "rank_tier": null,
      "is_subscriber": false,
      "cosmetics": [],
      "benchmarks": {
        "gold_per_min": {
          "raw": 369,
          "pct": 0.12228722600000289
        },
        "xp_per_min": {
          "raw": 454,
          "pct": 0.26666666666666666
        },
        "kills_per_min": {
          "raw": 0.25846153846153846,
          "pct": 0.8333333333333334
        },
        "last_hits_per_min": {
          "raw": 2.8430769230769233,
          "pct": 0.6
        },
        "hero_damage_per_min": {
          "raw": 608.16,
          "pct": 0.6666666666666666
        },
        "hero_healing_per_min": {
          "raw": 0,
          "pct": -0.4330934815675001
        },
        "tower_damage": {
          "raw": 0,
          "pct": 0.13333333333333333
        },
        "stuns_per_min": {
          "raw": 0,
          "pct": 0
        },
        "lhten": {}
      }
    }
  ],
  "patch": 51,
  "region": 0
}