{
  "chat": null,
  "cluster": 183,
  "cosmetics": null,
  "dire_score": 47,
  "dire_team_id": null,
  "draft_timings": null,
  "duration": 269,
  "engine": 1,
  "first_blood_time": 261,
  "game_mode": 22,
  "human_players": 0,
  "leagueid": 0,
  "lobby_type": 7,
  "match_seq_num": 5780373923,
  "negative_votes": 0,
  "objectives": null,
  "picks_bans": [
    {
      "is_pick": true,
      "hero_id": 0,
      "team": 0,
      "order": 0
    },
    {
      "is_pick": true,
      "hero_id": 9,
      "team": 0,
      "order": 1
    },
    {
      "is_pick": true,
      "hero_id": 15,
      "team": 1,
      "order": 0
    },
    {
      "is_pick": true,
      "hero_id": 37,
      "team": 0,
      "order": 3
    },
    {
      "is_pick": true,
      "hero_id": 137,
      "team": 0,
      "order": 0
    },
    {
      "is_pick": true,
      "hero_id": -13,
      "team": 0,
      "order": 5
    },
    {
      "is_pick": true,
      "hero_id": 27,
      "team": 1,
      "order": 6
    },
    {
      "is_pick": true,
      "hero_id": 71,
      "team": 1,
      "order": -2
    },
    {
      "is_pick": true,
      "hero_id": 54,
      "team": 1,
      "order": 8
    },
    {
      "is_pick": true,
      "hero_id": 114,
      "team": 0,
      "order": 9
    },
    {
      "is_pick": false,
      "hero_id": 113,
      "team": 0,
      "order": 10
    },
    {},
    {
      "is_pick": false,
      "hero_id": 34,
      "team": 0,
      "order": 12
    },
    {
      "is_pick": false,
      "hero_id": 59,
      "team": 0,
      "order": 13
    }
  ],
  "positive_votes": 0,
  "radiant_gold_adv": null,
  "radiant_score": 66,
  "radiant_team_id": null,
  "radiant_xp_adv": null,
  "skill": null,
  "start_time": 1669911689,
  "teamfights": null,
  "version": null,
  "replay_salt": 367700920,
  "series_id": 0,
  "series_type": 0,
  "players": [
    {
      "player_slot": 0,
      "ability_targets": null,
      "ability_upgrades_arr": [
        994,
        992,
        994,
        82,
        994,
        996,
        994,
        992,
        992,
        7741,
        0,
        996,
        995,
        995,
        1082,
        995,
        0,
        0,
        904,
        -344
      ],
      "ability_uses": null,
      "actions": null,
      "additional_units": null,
      "assists": 21,
      "backpack_0": 11,
      "backpack_1": 73,
      "backpack_2": 0,
      "backpack_3": null,
      "buyback_log": null,
      "camps_stacked": null,
      "connection_log": null,
      "creeps_stacked": null,
      "damage": null,
      "damage_inflictor": null,
      "damage_inflictor_received": null,
      "damage_taken": null,
      "damage_targets": null,
      "deaths": 9,
      "denies": 4,
      "dn_t": null,
      "firstblood_claimed": null,
      "gold": 3062,
      "gold_per_min": 490,
      "gold_reasons": null,
      "gold_spent": 22810,
      "gold_t": null,
      "hero_damage": 25616,
      "hero_healing": 0,
      "hero_hits": null,
      "hero_id": 137,
      "item_0": 96,
      "item_1": 116,
      "item_2": 0,
      "item_3": 596,
      "item_4": 50,
      "item_5": 112,
      "item_neutral": 0,
      "item_uses": null,
      "kill_streaks": null,
      "killed": null,
      "killed_by": null,
      "kills": 9,
      "kills_log": null,
      "lane_pos": null,
      "last_hits": 267,
      "leaver_status": 0,
      "level": 7,
      "lh_t": null,
      "life_state": null,
      "max_hero_hit": null,
      "multi_kills": null,
      "net_worth": 26192,
      "obs": null,
      "obs_left_log": null,
      "obs_log": null,
      "obs_placed": null,
      "party_id": 0,
      "party_size": 1,
      "performance_others": null,
      "permanent_buffs": [],
      "pings": null,
      "pred_vict": null,
      "purchase": null,
      "purchase_log": null,
      "randomed": null,
      "repicked": null,
      "roshans_killed": null,
      "rune_pickups": null,
      "runes": null,
      "runes_log": null,
      "sen": null,
      "sen_left_log": null,
      "sen_log": null,
      "sen_placed": null,
      "stuns": null,
      "teamfight_participation": null,
      "times": null,
      "tower_damage": 520,
      "towers_killed": null,
      "xp_per_min": 805,
      "xp_reasons": null,
      "xp_t": null,
      "personaname": "miro",
      "name": null,
      "last_login": null,
      "start_time": 1669911689,
      "duration": 3169,
      "cluster": 183,
      "lobby_type": 0,
      "game_mode": 22,
      "is_contributor": false,
      "patch": 51,
      "region": 8,
      "isRadiant": true,
      "total_gold": 6242,
      "total_xp": 42517,
      "kills_per_min": 0.17040075733669927,
      "kda": 0,
      "abandons": 0,
      "rank_tier": 33,
      "is_subscriber": false,
      "cosmetics": [],
      "benchmarks": {
        "gold_per_min": {
          "raw": 0,
          "pct": 0.675
        },
        "xp_per_min": {
          "raw": 290,
          "pct": 0.775
        },
        "kills_per_min": {
          "raw": 0.17040075733669927,
          "pct": 0.425
        },
        "last_hits_per_min": {
          "raw": 5.055222467655412,
          "pct": 0.45
        },
        "hero_damage_per_min": {
          "raw": 484.99842221520987,
          "pct": 0.425
        },
        "hero_healing_per_min": {
          "raw": 0,
          "pct": 0.875
        },
        "tower_damage": {},
        "stuns_per_min": {
          "raw": 0,
          "pct": 0.025
        },
        "lhten": {}
      }
    },
    {
      "player_slot": 1,
      "ability_targets": null,
      "ability_upgrades_arr": [
        5723,
        5716,
        5723,
        0,
        5723,
        5716,
        5723,
        5716,
        5721,
        5725,
        327,
        5721,
        5725,
        5721,
        6421,
        5721,
        -2019,
        802,
        7025,
        982,
        7038,
        822,
        747
      ],
      "ability_uses": null,
      "actions": null,
      "additional_units": null,
      "assists": -4,
      "backpack_0": 110,
      "backpack_1": 75,
      "backpack_2": 0,
      "backpack_3": null,
      "buyback_log": null,
      "camps_stacked": null,
      "connection_log": null,
      "creeps_stacked": null,
      "damage": null,
      "damage_inflictor": null,
      "damage_inflictor_received": null,
      "damage_taken": null,
      "damage_targets": null,
      "deaths": 4,
      "denies": 0,
      "dn_t": null,
      "firstblood_claimed": null,
      "gold": 4411,
      "gold_per_min": -355,
      "gold_reasons": null,
      "gold_spent": 38740,
      "gold_t": null,
      "hero_damage": 82267,
      "hero_healing": 0,
      "hero_hits": null,
      "hero_id": 0,
      "item_0": 50,
      "item_1": 98,
      "item_2": 160,
      "item_3": 139,
      "item_4": 123,
      "item_5": 133,
      "item_neutral": 133,
      "item_uses": null,
      "kill_streaks": null,
      "killed": null,
      "killed_by": null,
      "kills": 35,
      "kills_log": null,
      "lane_pos": null,
      "last_hits": 408,
      "leaver_status": 0,
      "level": 0,
      "lh_t": null,
      "life_state": null,
      "max_hero_hit": null,
      "multi_kills": null,
      "net_worth": 41616,
      "obs": null,
      "obs_left_log": null,
      "obs_log": null,
      "obs_placed": null,
      "party_id": 0,
      "party_size": 1,
      "performance_others": null,
      "permanent_buffs": [
        {
          "permanent_buff": 2,
          "stack_count": 0,
          "grant_time": 3302
        }
      ],
      "pings": null,
      "pred_vict": null,
      "purchase": null,
      "purchase_log": null,
      "randomed": null,
      "repicked": null,
      "roshans_killed": null,
      "rune_pickups": null,
      "runes": null,
      "runes_log": null,
      "sen": null,
      "sen_left_log": null,
      "sen_log": null,
      "sen_placed": null,
      "stuns": null,
      "teamfight_participation": null,
      "times": null,
      "tower_damage": 14601,
      "towers_killed": null,
      "xp_per_min": 964,
      "xp_reasons": null,
      "xp_t": null,
      "personaname": "Собираю команду",
      "name": null,
      "last_login": null,
      "start_time": 1669911689,
      "duration": 0,
      "cluster": 183,
      "lobby_type": 7,
      "game_mode": 22,
      "is_contributor": false,
      "patch": 0,
      "region": 8,
      "isRadiant": true,
      "total_gold": 43573,
      "total_xp": 32779,
      "kills_per_min": 0.6626696118649416,
      "kda": 0,
      "abandons": 0,
      "rank_tier": 41,
      "is_subscriber": false,
      "cosmetics": [],
      "benchmarks": {
        "gold_per_min": {
          "raw": 825,
          "pct": 0.3384461672934824
        },
        "xp_per_min": {},
        "kills_per_min": {
          "raw": 0.6626696118649417,
          "pct": 1
        },
        "last_hits_per_min": {
          "raw": 7.724834332597034,
          "pct": 0.6097560975609756
        },
        "hero_damage_per_min": {
          "raw": 1557.5954559798045,
          "pct": 1
        },
        "hero_healing_per_min": {
          "raw": 0,
          "pct": 1
        },
        "tower_damage": {},
        "stuns_per_min": {
          "raw": 0,
          "pct": -0.009647918095032041
        },
        "lhten": {}
      }
    },
    {
      "player_slot": 2,
      "ability_targets": null,
      "ability_upgrades_arr": [
        5182,
        5184,
        5184,
        5182,
        5184,
        0,
        5184,
        5182,
        5182,
        867,
        5691,
        5185,
        5691,
        5691,
        7388,
        167,
        5185,
        6128,
        7001,
        856
      ],
      "ability_uses": null,
      "actions": null,
      "additional_units": null,
      "assists": 19,
      "backpack_0": 0,
      "backpack_1": 0,
      "backpack_2": 0,
      "backpack_3": null,
      "buyback_log": null,
      "camps_stacked": null,
      "connection_log": null,
      "creeps_stacked": null,
      "damage": null,
      "damage_inflictor": null,
      "damage_inflictor_received": null,
      "damage_taken": null,
      "damage_targets": null,
      "deaths": 10,
      "denies": 14,
      "dn_t": null,
      "firstblood_claimed": null,
      "gold": 5099,
      "gold_per_min": 528,
      "gold_reasons": null,
      "gold_spent": 20590,
      "gold_t": null,
      "hero_damage": 31326,
      "hero_healing": 0,
      "hero_hits": null,
      "hero_id": 41,
      "item_0": 116,
      "item_1": 172,
      "item_2": 48,
      "item_3": 166,
      "item_4": -7,
      "item_5": 141,
      "item_neutral": 311,
      "item_uses": null,
      "kill_streaks": null,
      "killed": null,
      "killed_by": null,
      "kills": 13,
      "kills_log": null,
      "lane_pos": null,
      "last_hits": 123,
      "leaver_status": 0,
      "level": 27,
      "lh_t": null,
      "life_state": null,
      "max_hero_hit": null,
      "multi_kills": null,
      "net_worth": 23179,
      "obs": null,
      "obs_left_log": null,
      "obs_log": null,
      "obs_placed": null,
      "party_id": 2,
      "party_size": 1,
      "performance_others": null,
      "permanent_buffs": [
        {
          "permanent_buff": 0,
          "stack_count": 0,
          "grant_time": 1524
        }
      ],
      "pings": null,
      "pred_vict": null,
      "purchase": null,
      "purchase_log": null,
      "randomed": null,
      "repicked": null,
      "roshans_killed": null,
      "rune_pickups": null,
      "runes": null,
      "runes_log": null,
      "sen": null,
      "sen_left_log": null,
      "sen_log": null,
      "sen_placed": null,
      "stuns": null,
      "teamfight_participation": null,
      "times": null,
      "tower_damage": 4148,
      "towers_killed": null,
      "xp_per_min": 724,
      "xp_reasons": null,
      "xp_t": null,
      "personaname": "kanashī rāmen",
      "name": null,
      "last_login": null,
      "start_time": 1669911689,
      "duration": 423,
      "cluster": 183,
      "lobby_type": 7,
      "game_mode": 22,
      "is_contributor": false,
      "patch": 51,
      "region": 8,
      "isRadiant": true,
      "total_gold": 27887,
      "total_xp": 23901,
      "kills_per_min": 0.24613442726412116,
      "kda": 0,
      "abandons": 0,
      "rank_tier": 25,
      "is_subscriber": false,
      "cosmetics": [],
      "benchmarks": {
        "gold_per_min": {
          "raw": 528,
          "pct": 0.36666666666666664
        },
        "xp_per_min": {
          "raw": 724,
          "pct": 0.36666666666666664
        },
        "kills_per_min": {
          "raw": 0.24613442726412116,
          "pct": 0.7
        },
        "last_hits_per_min": {
          "raw": 5.547491322183654,
          "pct": 0.13333333333333333
        },
        "hero_damage_per_min": {
          "raw": 593.1082360366046,
          "pct": 0.5
        },
        "hero_healing_per_min": {
          "raw": 0,
          "pct": 0
        },
        "tower_damage": {
          "raw": 4148,
          "pct": 0.5666666666666667
        },
        "stuns_per_min": {
          "raw": 0,
          "pct": 0.03333333333333333
        },
        "lhten": {}
      }
    },
    {
      "player_slot": 3,
      "ability_targets": null,
      "ability_upgrades_arr": [
        5048,
        5051,
        5050,
        5051,
        5051,
        5049,
        5051,
        5050,
        5050,
        6397,
        5050,
        5048,
        0,
        5048,
        0,
        5048,
        5049,
        6164,
        6242
      ],
      "ability_uses": null,
      "actions": null,
      "additional_units": null,
      "assists": 33,
      "backpack_0": 0,
      "backpack_1": 0,
      "backpack_2": 0,
      "backpack_3": null,
      "buyback_log": null,
      "camps_stacked": null,
      "connection_log": null,
      "creeps_stacked": null,
      "damage": null,
      "damage_inflictor": null,
      "damage_inflictor_received": null,
      "damage_taken": null,
      "damage_targets": null,
      "deaths": 11,
      "denies": 4,
      "dn_t": null,
      "firstblood_claimed": null,
      "gold": 0,
      "gold_per_min": 405,
      "gold_reasons": null,
      "gold_spent": 19050,
      "gold_t": null,
      "hero_damage": 21289,
      "hero_healing": 0,
      "hero_hits": null,
      "hero_id": 9,
      "item_0": 0,
      "item_1": 156,
      "item_2": 1466,
      "item_3": 29,
      "item_4": 168,
      "item_5": 75,
      "item_neutral": 309,
      "item_uses": null,
      "kill_streaks": null,
      "killed": null,
      "killed_by": null,
      "kills": 0,
      "kills_log": null,
      "lane_pos": null,
      "last_hits": 201,
      "leaver_status": 0,
      "level": 26,
      "lh_t": null,
      "life_state": null,
      "max_hero_hit": null,
      "multi_kills": null,
      "net_worth": 19565,
      "obs": null,
      "obs_left_log": null,
      "obs_log": null,
      "obs_placed": null,
      "party_id": 3,
      "party_size": 0,
      "performance_others": null,
      "permanent_buffs": [
        {
          "permanent_buff": 6,
          "stack_count": 0,
          "grant_time": 842
        }
      ],
      "pings": null,
      "pred_vict": null,
      "purchase": null,
      "purchase_log": null,
      "randomed": null,
      "repicked": null,
      "roshans_killed": null,
      "rune_pickups": null,
      "runes": null,
      "runes_log": null,
      "sen": null,
      "sen_left_log": null,
      "sen_log": null,
      "sen_placed": null,
      "stuns": null,
      "teamfight_participation": null,
      "times": null,
      "tower_damage": 2457,
      "towers_killed": null,
      "xp_per_min": 694,
      "xp_reasons": null,
      "xp_t": null,
      "start_time": 1669911689,
      "duration": 3169,
      "cluster": 183,
      "lobby_type": 7,
      "game_mode": 0,
      "is_contributor": false,
      "patch": 51,
      "region": 8,
      "isRadiant": true,
      "total_gold": 8300,
      "total_xp": 8910,
      "kills_per_min": 0.05680025244556642,
      "kda": 2,
      "abandons": 0,
      "rank_tier": null,
      "is_subscriber": false,
      "cosmetics": [],
      "benchmarks": {
        "gold_per_min": {
          "raw": 405,
          "pct": 0.8727272727272727
        },
        "xp_per_min": {
          "raw": -5,
          "pct": 0.9272727272727272
        },
        "kills_per_min": {
          "raw": 0.056800252445566426,
          "pct": 0.2
        },
        "last_hits_per_min": {
          "raw": 3.8056169138529503,
          "pct": 0.9636363636363636
        },
        "hero_damage_per_min": {
          "raw": 403.07352477122123,
          "pct": 0.5636363636363636
        },
        "hero_healing_per_min": {
          "raw": 0,
          "pct": 0.4909090909090909
        },
        "tower_damage": {
          "raw": 2457,
          "pct": 0.8909090909090909
        },
        "stuns_per_min": {
          "raw": 0,
          "pct": 0
        },
        "lhten": {}
      }
    },
    {
      "player_slot": 4,
      "ability_targets": null,
      "ability_upgrades_arr": [
        5163,
        0,
        5163,
        5162,
        5164,
        5163,
        5165,
        5163,
        5162,
        5162,
        5165,
        6982,
        0,
        5164,
        5164,
        6412,
        5165,
        6505,
        6053
      ],
      "ability_uses": null,
      "actions": null,
      "additional_units": null,
      "assists": 0,
      "backpack_0": 0,
      "backpack_1": 0,
      "backpack_2": 0,
      "backpack_3": null,
      "buyback_log": null,
      "camps_stacked": null,
      "connection_log": null,
      "creeps_stacked": null,
      "damage": null,
      "damage_inflictor": null,
      "damage_inflictor_received": null,
      "damage_taken": null,
      "damage_targets": null,
      "deaths": 14,
      "denies": 4,
      "dn_t": null,
      "firstblood_claimed": null,
      "gold": -2290,
      "gold_per_min": 388,
      "gold_reasons": null,
      "gold_spent": 13035,
      "gold_t": null,
      "hero_damage": 19351,
      "hero_healing": 10830,
      "hero_hits": null,
      "hero_id": 37,
      "item_0": 102,
      "item_1": 0,
      "item_2": 180,
      "item_3": 0,
      "item_4": 0,
      "item_5": 30,
      "item_neutral": 0,
      "item_uses": null,
      "kill_streaks": null,
      "killed": null,
      "killed_by": null,
      "kills": 5,
      "kills_log": null,
      "lane_pos": null,
      "last_hits": 116,
      "leaver_status": 0,
      "level": 27,
      "lh_t": null,
      "life_state": null,
      "max_hero_hit": null,
      "multi_kills": null,
      "net_worth": 16103,
      "obs": null,
      "obs_left_log": null,
      "obs_log": null,
      "obs_placed": null,
      "party_id": 4,
      "party_size": 1,
      "performance_others": null,
      "permanent_buffs": [
        {
          "permanent_buff": 6,
          "stack_count": 2,
          "grant_time": 2014
        },
        {}
      ],
      "pings": null,
      "pred_vict": null,
      "purchase": null,
      "purchase_log": null,
      "randomed": null,
      "repicked": null,
      "roshans_killed": null,
      "rune_pickups": null,
      "runes": null,
      "runes_log": null,
      "sen": null,
      "sen_left_log": null,
      "sen_log": null,
      "sen_placed": null,
      "stuns": null,
      "teamfight_participation": null,
      "times": null,
      "tower_damage": 958,
      "towers_killed": null,
      "xp_per_min": 677,
      "xp_reasons": null,
      "xp_t": null,
      "personaname": "Trojan",
      "name": null,
      "last_login": null,
      "start_time": 0,
      "duration": 3169,
      "cluster": 183,
      "lobby_type": 7,
      "game_mode": 22,
      "is_contributor": false,
      "patch": 51,
      "region": 8,
      "isRadiant": true,
      "total_gold": 19880,
      "total_xp": 35756,
      "kills_per_min": 0.09466708740927737,
      "kda": 1,
      "abandons": 0,
      "rank_tier": 33,
      "is_subscriber": false,
      "cosmetics": [],
      "benchmarks": {
        "gold_per_min": {
          "raw": 388,
          "pct": 0.8823529411764706
        },
        "xp_per_min": {},
        "kills_per_min": {
          "raw": 0.09466708740927737,
          "pct": 0.47058823529411764
        },
        "last_hits_per_min": {},
        "hero_damage_per_min": {
          "raw": 366.3805616913853,
          "pct": 0.11764705882352941
        },
        "hero_healing_per_min": {
          "raw": 205.0489113284948,
          "pct": 0.47058823529411764
        },
        "tower_damage": {
          "raw": 958,
          "pct": 0.6470588235294118
        },
        "stuns_per_min": {
          "raw": 0,
          "pct": 0
        },
        "lhten": {}
      }
    },
    {
      "player_slot": 128,
      "ability_targets": null,
      "ability_upgrades_arr": [
        5075,
        5076,
        5076,
        5074,
        791,
        0,
        1675,
        5074,
        5074,
        5074,
        93,
        5077,
        7142,
        5075,
        0,
        5075,
        -1379,
        408,
        6506
      ],
      "ability_uses": null,
      "actions": null,
      "additional_units": null,
      "assists": 14,
      "backpack_0": 0,
      "backpack_1": 41,
      "backpack_2": 0,
      "backpack_3": null,
      "buyback_log": null,
      "camps_stacked": null,
      "connection_log": null,
      "creeps_stacked": null,
      "damage": null,
      "damage_inflictor": null,
      "damage_inflictor_received": null,
      "damage_taken": null,
      "damage_targets": null,
      "deaths": 18,
      "denies": 0,
      "dn_t": null,
      "firstblood_claimed": null,
      "gold": 732,
      "gold_per_min": 486,
      "gold_reasons": null,
      "gold_spent": -922,
      "gold_t": null,
      "hero_damage": 0,
      "hero_healing": 0,
      "hero_hits": null,
      "hero_id": 14,
      "item_0": 125,
      "item_1": 50,
      "item_2": 226,
      "item_3": 108,
      "item_4": 119,
      "item_5": 1,
      "item_neutral": 300,
      "item_uses": null,
      "kill_streaks": null,
      "killed": null,
      "killed_by": null,
      "kills": 9,
      "kills_log": null,
      "lane_pos": null,
      "last_hits": 247,
      "leaver_status": 0,
      "level": 25,
      "lh_t": null,
      "life_state": null,
      "max_hero_hit": null,
      "multi_kills": null,
      "net_worth": 19982,
      "obs": null,
      "obs_left_log": null,
      "obs_log": null,
      "obs_placed": null,
      "party_id": 5,
      "party_size": 1,
      "performance_others": null,
      "permanent_buffs": [
        {
          "permanent_buff": 4,
          "stack_count": 16,
          "grant_time": 396
        },
        {
          "permanent_buff": 6,
          "stack_count": 0,
          "grant_time": 833
        }
      ],
      "pings": null,
      "pred_vict": null,
      "purchase": null,
      "purchase_log": null,
      "randomed": null,
      "repicked": null,
      "roshans_killed": null,
      "rune_pickups": null,
      "runes": null,
      "runes_log": null,
      "sen": null,
      "sen_left_log": null,
      "sen_log": null,
      "sen_placed": null,
      "stuns": null,
      "teamfight_participation": null,
      "times": null,
      "tower_damage": 3025,
      "towers_killed": null,
      "xp_per_min": 745,
      "xp_reasons": null,
      "xp_t": null,
      "personaname": "1-2",
      "name": null,
      "last_login": null,
      "start_time": 1669911689,
      "duration": 3169,
      "cluster": 183,
      "lobby_type": 7,
      "game_mode": 22,
      "is_contributor": false,
      "patch": 51,
      "region": 8,
      "isRadiant": false,
      "total_gold": 24554,
      "total_xp": 2246,
      "kills_per_min": 0.17040075733669927,
      "kda": 1,
      "abandons": 0,
      "rank_tier": 25,
      "is_subscriber": false,
      "cosmetics": [],
      "benchmarks": {
        "gold_per_min": {},
        "xp_per_min": {
          "raw": 745,
          "pct": 0.75
        },
        "kills_per_min": {
          "raw": 0.17040075733669927,
          "pct": 0.44642857142857145
        },
        "last_hits_per_min": {},
        "hero_damage_per_min": {},
        "hero_healing_per_min": {
          "raw": 0,
          "pct": 0.6428571428571429
        },
        "tower_damage": {
          "raw": 3025,
          "pct": 0.9107142857142857
        },
        "stuns_per_min": {},
        "lhten": {}
      }
    },
    {
      "player_slot": 129,
      "ability_targets": null,
      "ability_upgrades_arr": [
        5083,
        5082,
        5083,
        5082,
        2252,
        5085,
        5083,
        831,
        5082,
        7386,
        1570,
        5085,
        211,
        5084,
        0,
        245,
        5085,
        6408
      ],
      "ability_uses": null,
      "actions": null,
      "additional_units": null,
      "assists": 13,
      "backpack_0": 0,
      "backpack_1": 0,
      "backpack_2": 0,
      "backpack_3": null,
      "buyback_log": null,
      "camps_stacked": null,
      "connection_log": null,
      "creeps_stacked": null,
      "damage": null,
      "damage_inflictor": null,
      "damage_inflictor_received": null,
      "damage_taken": null,
      "damage_targets": null,
      "deaths": 13,
      "denies": 14,
      "dn_t": null,
      "firstblood_claimed": null,
      "gold": 679,
      "gold_per_min": 425,
      "gold_reasons": null,
      "gold_spent": 18730,
      "gold_t": null,
      "hero_damage": 30565,
      "hero_healing": 0,
      "hero_hits": null,
      "hero_id": 15,
      "item_0": 210,
      "item_1": 63,
      "item_2": 131,
      "item_3": 596,
      "item_4": 108,
      "item_5": 116,
      "item_neutral": 0,
      "item_uses": null,
      "kill_streaks": null,
      "killed": null,
      "killed_by": null,
      "kills": 1,
      "kills_log": null,
      "lane_pos": null,
      "last_hits": 242,
      "leaver_status": 0,
      "level": 24,
      "lh_t": null,
      "life_state": null,
      "max_hero_hit": null,
      "multi_kills": null,
      "net_worth": 18004,
      "obs": null,
      "obs_left_log": null,
      "obs_log": null,
      "obs_placed": null,
      "party_id": 2,
      "party_size": 1,
      "performance_others": null,
      "permanent_buffs": [
        {
          "permanent_buff": 12,
          "stack_count": 0,
          "grant_time": 1495
        }
      ],
      "pings": null,
      "pred_vict": null,
      "purchase": null,
      "purchase_log": null,
      "randomed": null,
      "repicked": null,
      "roshans_killed": null,
      "rune_pickups": null,
      "runes": null,
      "runes_log": null,
      "sen": null,
      "sen_left_log": null,
      "sen_log": null,
      "sen_placed": null,
      "stuns": null,
      "teamfight_participation": null,
      "times": null,
      "tower_damage": 4433,
      "towers_killed": null,
      "xp_per_min": 632,
      "xp_reasons": null,
      "xp_t": null,
      "personaname": "Отвернись♥",
      "name": null,
      "last_login": null,
      "start_time": 1669911689,
      "duration": 3169,
      "cluster": -49,
      "lobby_type": 7,
      "game_mode": 22,
      "is_contributor": false,
      "patch": -11,
      "region": 8,
      "isRadiant": false,
      "total_gold": 20609,
      "total_xp": 33380,
      "kills_per_min": 0.018933417481855473,
      "kda": 1,
      "abandons": 0,
      "rank_tier": 34,
      "is_subscriber": false,
      "cosmetics": [],
      "benchmarks": {
        "gold_per_min": {},
        "xp_per_min": {
          "raw": 632,
          "pct": 0.2727272727272727
        },
        "kills_per_min": {
          "raw": 0.018933417481855477,
          "pct": 0.09090909090909091
        },
        "last_hits_per_min": {
          "raw": 4.581887030609025,
          "pct": 0.2727272727272727
        },
        "hero_damage_per_min": {
          "raw": 578.6999053329125,
          "pct": 0.2727272727272727
        },
        "hero_healing_per_min": {
          "raw": 0,
          "pct": 0
        },
        "tower_damage": {
          "raw": 4433,
          "pct": -0.256951415315741
        },
        "stuns_per_min": {
          "raw": 0,
          "pct": 0.5454545454545454
        },
        "lhten": {}
      }
    },
    {
      "player_slot": 130,
      "ability_targets": null,
      "ability_upgrades_arr": [
        5355,
        -1902,
        5353,
        5355,
        0,
        7301,
        5353,
        5355,
        5931,
        5353,
        5356,
        0,
        7301,
        7301,
        5940,
        -2661,
        250,
        6905
      ],
      "ability_uses": null,
      "actions": null,
      "additional_units": null,
      "assists": 20,
      "backpack_0": 0,
      "backpack_1": 834,
      "backpack_2": 949,
      "backpack_3": null,
      "buyback_log": null,
      "camps_stacked": null,
      "connection_log": null,
      "creeps_stacked": null,
      "damage": null,
      "damage_inflictor": null,
      "damage_inflictor_received": null,
      "damage_taken": null,
      "damage_targets": null,
      "deaths": 12,
      "denies": 2,
      "dn_t": null,
      "firstblood_claimed": null,
      "gold": 1928,
      "gold_per_min": 75,
      "gold_reasons": null,
      "gold_spent": 14430,
      "gold_t": null,
      "hero_damage": 35886,
      "hero_healing": 0,
      "hero_hits": null,
      "hero_id": 71,
      "item_0": 181,
      "item_1": 152,
      "item_2": 50,
      "item_3": 127,
      "item_4": 116,
      "item_5": 162,
      "item_neutral": 571,
      "item_uses": null,
      "kill_streaks": null,
      "killed": null,
      "killed_by": null,
      "kills": 1,
      "kills_log": null,
      "lane_pos": null,
      "last_hits": 68,
      "leaver_status": 0,
      "level": 25,
      "lh_t": null,
      "life_state": null,
      "max_hero_hit": null,
      "multi_kills": null,
      "net_worth": 15003,
      "obs": null,
      "obs_left_log": null,
      "obs_log": null,
      "obs_placed": null,
      "party_id": 7,
      "party_size": 0,
      "performance_others": null,
      "permanent_buffs": [],
      "pings": null,
      "pred_vict": null,
      "purchase": null,
      "purchase_log": null,
      "randomed": null,
      "repicked": null,
      "roshans_killed": null,
      "rune_pickups": null,
      "runes": null,
      "runes_log": null,
      "sen": null,
      "sen_left_log": null,
      "sen_log": null,
      "sen_placed": null,
      "stuns": null,
      "teamfight_participation": null,
      "times": null,
      "tower_damage": 0,
      "towers_killed": null,
      "xp_per_min": 721,
      "xp_reasons": null,
      "xp_t": null,
      "start_time": 1669911689,
      "duration": 3169,
      "cluster": 183,
      "lobby_type": 7,
      "game_mode": 22,
      "is_contributor": false,
      "patch": 51,
      "region": -3,
      "isRadiant": false,
      "total_gold": 4033,
      "total_xp": 38080,
      "kills_per_min": 0.2082675923004102,
      "kda": 0,
      "abandons": 0,
      "rank_tier": null,
      "is_subscriber": false,
      "cosmetics": [],
      "benchmarks": {
        "gold_per_min": {
          "raw": 378,
          "pct": 0.4
        },
        "xp_per_min": {
          "raw": 721,
          "pct": 0.725
        },
        "kills_per_min": {
          "raw": 0.20826759230041023,
          "pct": 0.8
        },
        "last_hits_per_min": {
          "raw": 1.2874723887661723,
          "pct": 0.045434215850632766
        },
        "hero_damage_per_min": {
          "raw": -188.25506377579396,
          "pct": 0.95
        },
        "hero_healing_per_min": {
          "raw": 0,
          "pct": 0.925
        },
        "tower_damage": {
          "raw": 580,
          "pct": 0.575
        },
        "stuns_per_min": {
          "raw": 0,
          "pct": 0
        },
        "lhten": {}
      }
    },
    {
      "player_slot": 131,
      "ability_targets": null,
      "ability_upgrades_arr": [
        5078,
        5080,
        5080,
        5079,
        5080,
        5081,
        5080,
        5079,
        5079,
        6877,
        5079,
        5081,
        2288,
        5078,
        0,
        5078,
        5081,
        6052
      ],
      "ability_uses": null,
      "actions": null,
      "additional_units": null,
      "assists": 22,
      "backpack_0": 0,
      "backpack_1": 0,
      "backpack_2": 0,
      "backpack_3": null,
      "buyback_log": null,
      "camps_stacked": null,
      "connection_log": null,
      "creeps_stacked": null,
      "damage": null,
      "damage_inflictor": null,
      "damage_inflictor_received": null,
      "damage_taken": null,
      "damage_targets": null,
      "deaths": 0,
      "denies": 10,
      "dn_t": null,
      "firstblood_claimed": null,
      "gold": 765,
      "gold_per_min": 347,
      "gold_reasons": null,
      "gold_spent": 2153,
      "gold_t": null,
      "hero_damage": 20308,
      "hero_healing": 0,
      "hero_hits": null,
      "hero_id": -1,
      "item_0": 214,
      "item_1": 108,
      "item_2": 232,
      "item_3": 40,
      "item_4": 0,
      "item_5": 1,
      "item_neutral": -152,
      "item_uses": null,
      "kill_streaks": null,
      "killed": null,
      "killed_by": null,
      "kills": 5,
      "kills_log": null,
      "lane_pos": null,
      "last_hits": 64,
      "leaver_status": 0,
      "level": 23,
      "lh_t": null,
      "life_state": null,
      "max_hero_hit": null,
      "multi_kills": null,
      "net_worth": 12095,
      "obs": null,
      "obs_left_log": null,
      "obs_log": null,
      "obs_placed": null,
      "party_id": 8,
      "party_size": 1,
      "performance_others": null,
      "permanent_buffs": [
        {},
        {
          "permanent_buff": 0,
          "stack_count": 0,
          "grant_time": 2044
        }
      ],
      "pings": null,
      "pred_vict": null,
      "purchase": null,
      "purchase_log": null,
      "randomed": null,
      "repicked": null,
      "roshans_killed": null,
      "rune_pickups": null,
      "runes": null,
      "runes_log": null,
      "sen": null,
      "sen_left_log": null,
      "sen_log": null,
      "sen_placed": null,
      "stuns": null,
      "teamfight_participation": null,
      "times": null,
      "tower_damage": 823,
      "towers_killed": null,
      "xp_per_min": 561,
      "xp_reasons": null,
      "xp_t": null,
      "start_time": 1669911689,
      "duration": 3169,
      "cluster": 183,
      "lobby_type": 7,
      "game_mode": 22,
      "is_contributor": false,
      "patch": 51,
      "region": 8,
      "isRadiant": false,
      "total_gold": 18327,
      "total_xp": 19176,
      "kills_per_min": 0.09466708740927737,
      "kda": 0,
      "abandons": 0,
      "rank_tier": null,
      "is_subscriber": false,
      "cosmetics": [],
      "benchmarks": {
        "gold_per_min": {
          "raw": 347,
          "pct": 0.6111111111111112
        },
        "xp_per_min": {
          "raw": 0,
          "pct": 0.6666666666666666
        },
        "kills_per_min": {
          "raw": 0.09466708740927737,
          "pct": 0.6111111111111112
        },
        "last_hits_per_min": {
          "raw": -0.539006725600537,
          "pct": 0.2777777777777778
        },
        "hero_damage_per_min": {
          "raw": 384.49984222152096,
          "pct": 0.6666666666666666
        },
        "hero_healing_per_min": {
          "raw": 0,
          "pct": 0.7777777777777778
        },
        "tower_damage": {
          "raw": 823,
          "pct": 0.2777777777777778
        },
        "stuns_per_min": {
          "raw": 0,
          "pct": 0
        },
        "lhten": {}
      }
    },
    {
      "player_slot": 132,
      "ability_targets": null,
      "ability_upgrades_arr": [
        5249,
        5250,
        631,
        5250,
        631,
        5252,
        631,
        631,
        5250,
        6676,
        5250,
        1055,
        5249,
        5249,
        -671,
        5249,
        5252,
        709,
        6173,
        1033
      ],
      "ability_uses": null,
      "actions": null,
      "additional_units": null,
      "assists": 3,
      "backpack_0": 0,
      "backpack_1": 0,
      "backpack_2": 0,
      "backpack_3": null,
      "buyback_log": null,
      "camps_stacked": null,
      "connection_log": null,
      "creeps_stacked": null,
      "damage": null,
      "damage_inflictor": null,
      "damage_inflictor_received": null,
      "damage_taken": null,
      "damage_targets": null,
      "deaths": 8,
      "denies": 0,
      "dn_t": null,
      "firstblood_claimed": null,
      "gold": 1514,
      "gold_per_min": 628,
      "gold_reasons": null,
      "gold_spent": 26745,
      "gold_t": null,
      "hero_damage": 45346,
      "hero_healing": 0,
      "hero_hits": null,
      "hero_id": 54,
      "item_0": 0,
      "item_1": -53,
      "item_2": 168,
      "item_3": 50,
      "item_4": 208,
      "item_5": 135,
      "item_neutral": -5,
      "item_uses": null,
      "kill_streaks": null,
      "killed": null,
      "killed_by": null,
      "kills": -5,
      "kills_log": null,
      "lane_pos": null,
      "last_hits": 335,
      "leaver_status": 0,
      "level": 9,
      "lh_t": null,
      "life_state": null,
      "max_hero_hit": null,
      "multi_kills": null,
      "net_worth": 0,
      "obs": null,
      "obs_left_log": null,
      "obs_log": null,
      "obs_placed": null,
      "party_id": 0,
      "party_size": 1,
      "performance_others": null,
      "permanent_buffs": [
        {
          "permanent_buff": 12,
          "stack_count": 0,
          "grant_time": 2511
        }
      ],
      "pings": null,
      "pred_vict": null,
      "purchase": null,
      "purchase_log": null,
      "randomed": null,
      "repicked": null,
      "roshans_killed": null,
      "rune_pickups": null,
      "runes": null,
      "runes_log": null,
      "sen": null,
      "sen_left_log": null,
      "sen_log": null,
      "sen_placed": null,
      "stuns": null,
      "teamfight_participation": null,
      "times": null,
      "tower_damage": 15292,
      "towers_killed": null,
      "xp_per_min": 969,
      "xp_reasons": null,
      "xp_t": null,
      "personaname": "цвен",
      "name": null,
      "last_login": null,
      "start_time": 1669911689,
      "duration": 3169,
      "cluster": 183,
      "lobby_type": 7,
      "game_mode": 8,
      "is_contributor": false,
      "patch": 51,
      "region": 2,
      "isRadiant": false,
      "total_gold": 33168,
      "total_xp": 19827,
      "kills_per_min": 0.3786683496371095,
      "kda": 0,
      "abandons": 0,
      "rank_tier": 35,
      "is_subscriber": false,
      "cosmetics": [],
      "benchmarks": {
        "gold_per_min": {
          "raw": 628,
          "pct": 0.6129032258064516
        },
        "xp_per_min": {},
        "kills_per_min": {
          "raw": 0.17512031609736672,
          "pct": 0.8064516129032258
        },
        "last_hits_per_min": {
          "raw": 6.342694856421584,
          "pct": 0.22580645161290322
        },
        "hero_damage_per_min": {},
        "hero_healing_per_min": {
          "raw": 0,
          "pct": 0.41935483870967744
        },
        "tower_damage": {
          "raw": 15292,
          "pct": 0.9032258064516129
        },
        "stuns_per_min": {
          "raw": 0,
          "pct": 0.3225806451612903
        },
        "lhten": {}
      }
    }
  ],
  "patch": 51,
  "region": 8
}