{
  "chat": null,
  "cluster": -50,
  "cosmetics": null,
  "dire_score": 52,
  "dire_team_id": null,
  "draft_timings": null,
  "duration": 2449,
  "engine": 0,
  "first_blood_time": 230,
  "game_mode": 22,
  "human_players": 4,
  "leagueid": 0,
  "lobby_type": 7,
  "match_seq_num": 5780363095,
  "negative_votes": 0,
  "objectives": null,
  "picks_bans": [
    {
      "is_pick": true,
      "hero_id": 86,
      "team": 0,
      "order": 0
    },
    {
      "is_pick": true,
      "hero_id": 14,
      "team": 1,
      "order": 1
    },
    {
      "is_pick": true,
      "hero_id": 9,
      "team": 1,
      "order": 2
    },
    {},
    {
      "is_pick": true,
      "hero_id": 26,
      "team": 0,
      "order": 4
    },
    {
      "is_pick": true,
      "hero_id": -25,
      "team": 1,
      "order": 5
    },
    {
      "is_pick": true,
      "hero_id": 56,
      "team": 0,
      "order": 0
    },
    {},
    {
      "is_pick": true,
      "hero_id": 54,
      "team": 1,
      "order": 8
    },
    {
      "is_pick": true,
      "hero_id": 97,
      "team": 0,
      "order": 9
    },
    {
      "is_pick": false,
      "hero_id": 36,
      "team": 0,
      "order": 10
    },
    {
      "is_pick": false,
      "hero_id": 34,
      "team": 0,
      "order": 11
    },
    {
      "is_pick": false,
      "hero_id": 101,
      "team": 0,
      "order": 12
    },
    {
      "is_pick": false,
      "hero_id": 32,
      "team": 0,
      "order": 13
    },
    {
      "is_pick": false,
      "hero_id": 0,
      "team": 0,
      "order": 14
    },
    {}
  ],
  "positive_votes": 0,
  "radiant_gold_adv": null,
  "radiant_score": 30,
  "radiant_team_id": null,
  "radiant_xp_adv": null,
  "skill": null,
  "start_time": 112626229,
  "teamfights": null,
  "version": null,
  "replay_salt": 0,
  "series_id": 0,
  "series_type": 0,
  "players": [
    {
      "player_slot": 0,
      "ability_targets": null,
      "ability_upgrades_arr": [
        5260,
        5259,
        5260,
        5259,
        5259,
        5262,
        5259,
        5260,
        5260,
        5261,
        5261,
        5262,
        5261,
        5261,
        495,
        0,
        5262,
        617,
        7878
      ],
      "ability_uses": null,
      "actions": null,
      "additional_units": null,
      "assists": 11,
      "backpack_0": 0,
      "backpack_1": 0,
      "backpack_2": 0,
      "backpack_3": null,
      "buyback_log": null,
      "camps_stacked": null,
      "connection_log": null,
      "creeps_stacked": null,
      "damage": null,
      "damage_inflictor": null,
      "damage_inflictor_received": null,
      "damage_taken": null,
      "damage_targets": null,
      "deaths": 8,
      "denies": 11,
      "dn_t": null,
      "firstblood_claimed": null,
      "gold": 1923,
      "gold_per_min": 0,
      "gold_reasons": null,
      "gold_spent": 17430,
      "gold_t": null,
      "hero_damage": 54647,
      "hero_healing": 0,
      "hero_hits": null,
      "hero_id": 56,
      "item_0": 63,
      "item_1": 1466,
      "item_2": 141,
      "item_3": 7,
      "item_4": 38,
      "item_5": 596,
      "item_neutral": 309,
      "item_uses": null,
      "kill_streaks": null,
      "killed": null,
      "killed_by": null,
      "kills": -4,
      "kills_log": null,
      "lane_pos": null,
      "last_hits": -35,
      "leaver_status": 0,
      "level": 0,
      "lh_t": null,
      "life_state": null,
      "max_hero_hit": null,
      "multi_kills": null,
      "net_worth": 2575,
      "obs": null,
      "obs_left_log": null,
      "obs_log": null,
      "obs_placed": null,
      "party_id": 0,
      "party_size": 2,
      "performance_others": null,
      "permanent_buffs": [
        {
          "permanent_buff": 6,
          "stack_count": 1,
          "grant_time": 0
        },
        {
          "permanent_buff": 12,
          "stack_count": 0,
          "grant_time": 2029
        }
      ],
      "pings": null,
      "pred_vict": null,
      "purchase": null,
      "purchase_log": null,
      "randomed": null,
      "repicked": null,
      "roshans_killed": null,
      "rune_pickups": null,
      "runes": null,
      "runes_log": null,
      "sen": null,
      "sen_left_log": null,
      "sen_log": null,
      "sen_placed": null,
      "stuns": null,
      "teamfight_participation": null,
      "times": null,
      "tower_damage": 88,
      "towers_killed": null,
      "xp_per_min": 0,
      "xp_reasons": null,
      "xp_t": null,
      "start_time": 1669911997,
      "duration": 199,
      "cluster": 188,
      "lobby_type": 7,
      "game_mode": 22,
      "is_contributor": false,
      "patch": 51,
      "region": 0,
      "isRadiant": true,
      "total_gold": 22326,
      "total_xp": 36000,
      "kills_per_min": 0.26949775418538174,
      "kda": 2,
      "abandons": 0,
      "rank_tier": null,
      "is_subscriber": false,
      "cosmetics": [],
      "benchmarks": {
        "gold_per_min": {
          "raw": 547,
          "pct": 0.1111111111111111
        },
        "xp_per_min": {
          "raw": 882,
          "pct": 0.7777777777777778
        },
        "kills_per_min": {},
        "last_hits_per_min": {
          "raw": 6.320947325438954,
          "pct": 0.3333333333333333
        },
        "hero_damage_per_min": {
          "raw": 1338.8403429971418,
          "pct": 0.8888888888888888
        },
        "hero_healing_per_min": {
          "raw": 0,
          "pct": 1
        },
        "tower_damage": {},
        "stuns_per_min": {
          "raw": 0,
          "pct": 0.1111111111111111
        },
        "lhten": {}
      }
    },
    {
      "player_slot": 1,
      "ability_targets": null,
      "ability_upgrades_arr": [
        5450,
        5448,
        5450,
        5448,
        5450,
        5452,
        7320,
        -2679,
        5450,
        897,
        5448,
        5452,
        5448,
        7320,
        7320,
        518,
        5452,
        6041
      ],
      "ability_uses": null,
      "actions": null,
      "additional_units": null,
      "assists": -5,
      "backpack_0": 43,
      "backpack_1": 21,
      "backpack_2": 0,
      "backpack_3": null,
      "buyback_log": null,
      "camps_stacked": null,
      "connection_log": null,
      "creeps_stacked": null,
      "damage": null,
      "damage_inflictor": null,
      "damage_inflictor_received": null,
      "damage_taken": null,
      "damage_targets": null,
      "deaths": 0,
      "denies": 0,
      "dn_t": null,
      "firstblood_claimed": null,
      "gold": 814,
      "gold_per_min": 304,
      "gold_reasons": null,
      "gold_spent": 11000,
      "gold_t": null,
      "hero_damage": 21368,
      "hero_healing": 560,
      "hero_hits": null,
      "hero_id": 86,
      "item_0": 70,
      "item_1": 73,
      "item_2": 113,
      "item_3": 23,
      "item_4": 1,
      "item_5": 60,
      "item_neutral": 680,
      "item_uses": null,
      "kill_streaks": null,
      "killed": null,
      "killed_by": null,
      "kills": 2,
      "kills_log": null,
      "lane_pos": null,
      "last_hits": -14,
      "leaver_status": 0,
      "level": 20,
      "lh_t": null,
      "life_state": null,
      "max_hero_hit": null,
      "multi_kills": null,
      "net_worth": 10494,
      "obs": null,
      "obs_left_log": null,
      "obs_log": null,
      "obs_placed": null,
      "party_id": 0,
      "party_size": 2,
      "performance_others": null,
      "permanent_buffs": [
        {
          "permanent_buff": 5,
          "stack_count": 58,
          "grant_time": 1713
        }
      ],
      "pings": null,
      "pred_vict": null,
      "purchase": null,
      "purchase_log": null,
      "randomed": null,
      "repicked": null,
      "roshans_killed": null,
      "rune_pickups": null,
      "runes": null,
      "runes_log": null,
      "sen": null,
      "sen_left_log": null,
      "sen_log": null,
      "sen_placed": null,
      "stuns": null,
      "teamfight_participation": null,
      "times": null,
      "tower_damage": 0,
      "towers_killed": null,
      "xp_per_min": 539,
      "xp_reasons": null,
      "xp_t": null,
      "start_time": 1669911997,
      "duration": 2449,
      "cluster": 188,
      "lobby_type": 7,
      "game_mode": 22,
      "is_contributor": false,
      "patch": 51,
      "region": 0,
      "isRadiant": true,
      "total_gold": 12408,
      "total_xp": 22000,
      "kills_per_min": 0.04899959167006941,
      "kda": 0,
      "abandons": 0,
      "rank_tier": null,
      "is_subscriber": false,
      "cosmetics": [],
      "benchmarks": {
        "gold_per_min": {
          "raw": 304,
          "pct": 0.35172413793103446
        },
        "xp_per_min": {
          "raw": 38,
          "pct": 0.6068965517241379
        },
        "kills_per_min": {
          "raw": 0.04899959167006942,
          "pct": -0.09644732907099828
        },
        "last_hits_per_min": {
          "raw": 2.278481012658228,
          "pct": 0.6482758620689655
        },
        "hero_damage_per_min": {
          "raw": 523.5116374030217,
          "pct": 0.6758620689655173
        },
        "hero_healing_per_min": {
          "raw": 13.719885667619437,
          "pct": -0.25008112955759054
        },
        "tower_damage": {
          "raw": 19,
          "pct": 0.23448275862068965
        },
        "stuns_per_min": {
          "raw": 0,
          "pct": 0
        },
        "lhten": {}
      }
    },
    {
      "player_slot": 2,
      "ability_targets": null,
      "ability_upgrades_arr": [
        7902,
        7914,
        7914,
        7918,
        7914,
        7906,
        7914,
        7902,
        7902,
        0,
        7902,
        7906,
        7918,
        7918,
        7938,
        7918,
        2745
      ],
      "ability_uses": null,
      "actions": null,
      "additional_units": null,
      "assists": 18,
      "backpack_0": 0,
      "backpack_1": 0,
      "backpack_2": 0,
      "backpack_3": null,
      "buyback_log": null,
      "camps_stacked": null,
      "connection_log": null,
      "creeps_stacked": null,
      "damage": null,
      "damage_inflictor": null,
      "damage_inflictor_received": null,
      "damage_taken": null,
      "damage_targets": null,
      "deaths": -2,
      "denies": 10,
      "dn_t": null,
      "firstblood_claimed": null,
      "gold": 682,
      "gold_per_min": 335,
      "gold_reasons": null,
      "gold_spent": 11455,
      "gold_t": null,
      "hero_damage": 22536,
      "hero_healing": 5665,
      "hero_hits": null,
      "hero_id": 135,
      "item_0": 269,
      "item_1": 40,
      "item_2": 108,
      "item_3": 0,
      "item_4": 0,
      "item_5": 181,
      "item_neutral": 364,
      "item_uses": null,
      "kill_streaks": null,
      "killed": null,
      "killed_by": null,
      "kills": 0,
      "kills_log": null,
      "lane_pos": null,
      "last_hits": 87,
      "leaver_status": 0,
      "level": 19,
      "lh_t": null,
      "life_state": null,
      "max_hero_hit": null,
      "multi_kills": null,
      "net_worth": 9137,
      "obs": null,
      "obs_left_log": null,
      "obs_log": null,
      "obs_placed": null,
      "party_id": 1,
      "party_size": 3,
      "performance_others": null,
      "permanent_buffs": [
        {
          "permanent_buff": -1,
          "stack_count": 1,
          "grant_time": 859
        }
      ],
      "pings": null,
      "pred_vict": null,
      "purchase": null,
      "purchase_log": null,
      "randomed": null,
      "repicked": null,
      "roshans_killed": null,
      "rune_pickups": null,
      "runes": null,
      "runes_log": null,
      "sen": null,
      "sen_left_log": null,
      "sen_log": null,
      "sen_placed": null,
      "stuns": null,
      "teamfight_participation": null,
      "times": null,
      "tower_damage": 0,
      "towers_killed": null,
      "xp_per_min": 0,
      "xp_reasons": null,
      "xp_t": null,
      "personaname": "Mainstream",
      "name": null,
      "last_login": null,
      "start_time": 1669911997,
      "duration": 2449,
      "cluster": 0,
      "lobby_type": 7,
      "game_mode": -9,
      "is_contributor": false,
      "patch": 0,
      "region": 8,
      "isRadiant": true,
      "total_gold": 13673,
      "total_xp": 19796,
      "kills_per_min": -0.06802009520441968,
      "kda": 1,
      "abandons": 0,
      "rank_tier": 51,
      "is_subscriber": false,
      "cosmetics": [],
      "benchmarks": {
        "gold_per_min": {
          "raw": 335,
          "pct": 0.125
        },
        "xp_per_min": {
          "raw": 485,
          "pct": 0.0768726149628788
        },
        "kills_per_min": {
          "raw": 0.17149857084524298,
          "pct": 0.5625
        },
        "last_hits_per_min": {
          "raw": 2.1314822376480196,
          "pct": 0.15625
        },
        "hero_damage_per_min": {},
        "hero_healing_per_min": {
          "raw": -14.783991395323309,
          "pct": 0.65625
        },
        "tower_damage": {},
        "stuns_per_min": {
          "raw": 0,
          "pct": 0
        },
        "lhten": {}
      }
    },
    {
      "player_slot": 3,
      "ability_targets": null,
      "ability_upgrades_arr": [
        5518,
        5520,
        5520,
        5518,
        5520,
        5521,
        5520,
        0,
        5518,
        5518,
        5519,
        5521,
        5519,
        5519,
        1037,
        525,
        1144
      ],
      "ability_uses": null,
      "actions": null,
      "additional_units": null,
      "assists": 14,
      "backpack_0": 0,
      "backpack_1": 0,
      "backpack_2": 0,
      "backpack_3": null,
      "buyback_log": null,
      "camps_stacked": null,
      "connection_log": null,
      "creeps_stacked": null,
      "damage": null,
      "damage_inflictor": null,
      "damage_inflictor_received": null,
      "damage_taken": null,
      "damage_targets": null,
      "deaths": 13,
      "denies": 5,
      "dn_t": null,
      "firstblood_claimed": null,
      "gold": 2217,
      "gold_per_min": 0,
      "gold_reasons": null,
      "gold_spent": 8395,
      "gold_t": null,
      "hero_damage": 18534,
      "hero_healing": 0,
      "hero_hits": null,
      "hero_id": 97,
      "item_0": 1,
      "item_1": 0,
      "item_2": 73,
      "item_3": 29,
      "item_4": 232,
      "item_5": 11,
      "item_neutral": 0,
      "item_uses": null,
      "kill_streaks": null,
      "killed": null,
      "killed_by": null,
      "kills": 3,
      "kills_log": null,
      "lane_pos": null,
      "last_hits": 112,
      "leaver_status": 0,
      "level": 4,
      "lh_t": null,
      "life_state": null,
      "max_hero_hit": null,
      "multi_kills": null,
      "net_worth": 0,
      "obs": null,
      "obs_left_log": null,
      "obs_log": null,
      "obs_placed": null,
      "party_id": 1,
      "party_size": 0,
      "performance_others": null,
      "permanent_buffs": [
        {
          "permanent_buff": 5,
          "stack_count": 28,
          "grant_time": 1994
        },
        {
          "permanent_buff": 12,
          "stack_count": 0,
          "grant_time": 1764
        }
      ],
      "pings": null,
      "pred_vict": null,
      "purchase": null,
      "purchase_log": null,
      "randomed": null,
      "repicked": null,
      "roshans_killed": null,
      "rune_pickups": null,
      "runes": null,
      "runes_log": null,
      "sen": null,
      "sen_left_log": null,
      "sen_log": null,
      "sen_placed": null,
      "stuns": null,
      "teamfight_participation": null,
      "times": null,
      "tower_damage": 305,
      "towers_killed": null,
      "xp_per_min": 499,
      "xp_reasons": null,
      "xp_t": null,
      "personaname": "Weger0m",
      "name": null,
      "last_login": null,
      "start_time": 1669911997,
      "duration": 2449,
      "cluster": 92,
      "lobby_type": 7,
      "game_mode": 0,
      "is_contributor": false,
      "patch": 51,
      "region": 8,
      "isRadiant": true,
      "total_gold": 12285,
      "total_xp": 20367,
      "kills_per_min": 0.07349938750510412,
      "kda": 0,
      "abandons": 0,
      "rank_tier": 43,
      "is_subscriber": false,
      "cosmetics": [],
      "benchmarks": {
        "gold_per_min": {
          "raw": 301,
          "pct": 0.11904761904761904
        },
        "xp_per_min": {
          "raw": 499,
          "pct": 0.2857142857142857
        },
        "kills_per_min": {},
        "last_hits_per_min": {
          "raw": 2.7439771335238876,
          "pct": 0.2619047619047619
        },
        "hero_damage_per_min": {
          "raw": 454.0792160065333,
          "pct": 0.7380952380952381
        },
        "hero_healing_per_min": {
          "raw": 0,
          "pct": 0.5714285714285714
        },
        "tower_damage": {
          "raw": 305,
          "pct": -0.1273217120150475
        },
        "stuns_per_min": {},
        "lhten": {}
      }
    },
    {
      "player_slot": 4,
      "ability_targets": null,
      "ability_upgrades_arr": [
        -1549,
        6495,
        6583,
        6495,
        6583,
        6598,
        6583,
        6495,
        6495,
        1020,
        6582,
        1367,
        0,
        6582,
        6759,
        -432,
        2804,
        6584
      ],
      "ability_uses": null,
      "actions": null,
      "additional_units": null,
      "assists": 10,
      "backpack_0": 0,
      "backpack_1": 0,
      "backpack_2": 73,
      "backpack_3": null,
      "buyback_log": null,
      "camps_stacked": null,
      "connection_log": null,
      "creeps_stacked": null,
      "damage": null,
      "damage_inflictor": null,
      "damage_inflictor_received": null,
      "damage_taken": null,
      "damage_targets": null,
      "deaths": 2,
      "denies": 10,
      "dn_t": null,
      "firstblood_claimed": null,
      "gold": 4133,
      "gold_per_min": 442,
      "gold_reasons": null,
      "gold_spent": 14050,
      "gold_t": null,
      "hero_damage": 18614,
      "hero_healing": 0,
      "hero_hits": null,
      "hero_id": 129,
      "item_0": 0,
      "item_1": 0,
      "item_2": 12,
      "item_3": 168,
      "item_4": 178,
      "item_5": 0,
      "item_neutral": 331,
      "item_uses": null,
      "kill_streaks": null,
      "killed": null,
      "killed_by": null,
      "kills": 6,
      "kills_log": null,
      "lane_pos": null,
      "last_hits": 196,
      "leaver_status": 0,
      "level": 21,
      "lh_t": null,
      "life_state": null,
      "max_hero_hit": null,
      "multi_kills": null,
      "net_worth": 16893,
      "obs": null,
      "obs_left_log": null,
      "obs_log": null,
      "obs_placed": null,
      "party_id": 0,
      "party_size": 3,
      "performance_others": null,
      "permanent_buffs": [
        {
          "permanent_buff": 6,
          "stack_count": 1,
          "grant_time": 2056
        }
      ],
      "pings": null,
      "pred_vict": null,
      "purchase": null,
      "purchase_log": null,
      "randomed": null,
      "repicked": null,
      "roshans_killed": null,
      "rune_pickups": null,
      "runes": null,
      "runes_log": null,
      "sen": null,
      "sen_left_log": null,
      "sen_log": null,
      "sen_placed": null,
      "stuns": null,
      "teamfight_participation": null,
      "times": null,
      "tower_damage": 682,
      "towers_killed": null,
      "xp_per_min": 605,
      "xp_reasons": null,
      "xp_t": null,
      "start_time": 1669911997,
      "duration": 613,
      "cluster": 188,
      "lobby_type": 7,
      "game_mode": 22,
      "is_contributor": false,
      "patch": 51,
      "region": 0,
      "isRadiant": true,
      "total_gold": 14785,
      "total_xp": 24694,
      "kills_per_min": 0.14699877501020825,
      "kda": 1,
      "abandons": 0,
      "rank_tier": null,
      "is_subscriber": false,
      "cosmetics": [],
      "benchmarks": {}
    },
    {
      "player_slot": 128,
      "ability_targets": null,
      "ability_upgrades_arr": [],
      "ability_uses": null,
      "actions": null,
      "additional_units": null,
      "assists": 0,
      "backpack_0": 16,
      "backpack_1": 0,
      "backpack_2": 0,
      "backpack_3": null,
      "buyback_log": null,
      "camps_stacked": null,
      "connection_log": null,
      "creeps_stacked": null,
      "damage": null,
      "damage_inflictor": null,
      "damage_inflictor_received": null,
      "damage_taken": null,
      "damage_targets": null,
      "deaths": 0,
      "denies": 16,
      "dn_t": null,
      "firstblood_claimed": null,
      "gold": 2749,
      "gold_per_min": 477,
      "gold_reasons": null,
      "gold_spent": 3924,
      "gold_t": null,
      "hero_damage": 33457,
      "hero_healing": 0,
      "hero_hits": null,
      "hero_id": 104,
      "item_0": 63,
      "item_1": 0,
      "item_2": 178,
      "item_3": 127,
      "item_4": 116,
      "item_5": 110,
      "item_neutral": 362,
      "item_uses": null,
      "kill_streaks": null,
      "killed": null,
      "killed_by": null,
      "kills": 0,
      "kills_log": null,
      "lane_pos": null,
      "last_hits": 152,
      "leaver_status": 0,
      "level": 0,
      "lh_t": null,
      "life_state": null,
      "max_hero_hit": null,
      "multi_kills": null,
      "net_worth": 18654,
      "obs": null,
      "obs_left_log": null,
      "obs_log": null,
      "obs_placed": null,
      "party_id": 2,
      "party_size": 2,
      "performance_others": null,
      "permanent_buffs": [
        {
          "permanent_buff": 2,
          "stack_count": 264,
          "grant_time": 0
        }
      ],
      "pings": null,
      "pred_vict": null,
      "purchase": null,
      "purchase_log": null,
      "randomed": null,
      "repicked": null,
      "roshans_killed": null,
      "rune_pickups": null,
      "runes": null,
      "runes_log": null,
      "sen": null,
      "sen_left_log": null,
      "sen_log": null,
      "sen_placed": null,
      "stuns": null,
      "teamfight_participation": null,
      "times": null,
      "tower_damage": 13211,
      "towers_killed": null,
      "xp_per_min": 648,
      "xp_reasons": null,
      "xp_t": null,
      "start_time": 1669911997,
      "duration": 2449,
      "cluster": 188,
      "lobby_type": 7,
      "game_mode": 22,
      "is_contributor": false,
      "patch": 51,
      "region": -3,
      "isRadiant": false,
      "total_gold": 19469,
      "total_xp": 26449,
      "kills_per_min": 0.10904332106417178,
      "kda": 1,
      "abandons": 0,
      "rank_tier": null,
      "is_subscriber": false,
      "cosmetics": [],
      "benchmarks": {
        "gold_per_min": {
          "raw": 477,
          "pct": 0.5806451612903226
        },
        "xp_per_min": {
          "raw": 648,
          "pct": 0.4838709677419355
        },
        "kills_per_min": {
          "raw": 0.22049816251531237,
          "pct": 0.7741935483870968
        },
        "last_hits_per_min": {
          "raw": 3.723968966925276,
          "pct": 0.16129032258064516
        },
        "hero_damage_per_min": {
          "raw": 819.6896692527562,
          "pct": 0.8387096774193549
        },
        "hero_healing_per_min": {
          "raw": 24.62229481420988,
          "pct": 0.5161290322580645
        },
        "tower_damage": {
          "raw": 13211,
          "pct": 0.967741935483871
        },
        "stuns_per_min": {
          "raw": 0,
          "pct": 0.03225806451612903
        },
        "lhten": {}
      }
    },
    {
      "player_slot": 129,
      "ability_targets": null,
      "ability_upgrades_arr": [
        5044,
        5046,
        5046,
        2269,
        5045,
        5047,
        5045,
        5045,
        0,
        6600,
        5046,
        5047,
        5046,
        5044,
        781,
        0,
        5044,
        5047,
        46
      ],
      "ability_uses": null,
      "actions": null,
      "additional_units": null,
      "assists": 24,
      "backpack_0": 40,
      "backpack_1": 0,
      "backpack_2": 0,
      "backpack_3": null,
      "buyback_log": null,
      "camps_stacked": null,
      "connection_log": null,
      "creeps_stacked": null,
      "damage": null,
      "damage_inflictor": null,
      "damage_inflictor_received": null,
      "damage_taken": null,
      "damage_targets": null,
      "deaths": 0,
      "denies": 3,
      "dn_t": null,
      "firstblood_claimed": null,
      "gold": 1569,
      "gold_per_min": 316,
      "gold_reasons": null,
      "gold_spent": 11850,
      "gold_t": null,
      "hero_damage": 8122,
      "hero_healing": 195,
      "hero_hits": null,
      "hero_id": 8,
      "item_0": 1,
      "item_1": 108,
      "item_2": 232,
      "item_3": 42,
      "item_4": 75,
      "item_5": 188,
      "item_neutral": 0,
      "item_uses": null,
      "kill_streaks": null,
      "killed": null,
      "killed_by": null,
      "kills": 4,
      "kills_log": null,
      "lane_pos": null,
      "last_hits": 38,
      "leaver_status": 0,
      "level": 21,
      "lh_t": null,
      "life_state": null,
      "max_hero_hit": null,
      "multi_kills": null,
      "net_worth": 11449,
      "obs": null,
      "obs_left_log": null,
      "obs_log": null,
      "obs_placed": null,
      "party_id": 2,
      "party_size": 2,
      "performance_others": null,
      "permanent_buffs": [
        {}
      ],
      "pings": null,
      "pred_vict": null,
      "purchase": null,
      "purchase_log": null,
      "randomed": null,
      "repicked": null,
      "roshans_killed": null,
      "rune_pickups": null,
      "runes": null,
      "runes_log": null,
      "sen": null,
      "sen_left_log": null,
      "sen_log": null,
      "sen_placed": null,
      "stuns": null,
      "teamfight_participation": null,
      "times": null,
      "tower_damage": -37,
      "towers_killed": null,
      "xp_per_min": 605,
      "xp_reasons": null,
      "xp_t": null,
      "start_time": 1669911997,
      "duration": 0,
      "cluster": 188,
      "lobby_type": 7,
      "game_mode": 22,
      "is_contributor": false,
      "patch": 51,
      "region": 8,
      "isRadiant": false,
      "total_gold": 12898,
      "total_xp": 8240,
      "kills_per_min": 0.09799918334013882,
      "kda": 3,
      "abandons": 0,
      "rank_tier": null,
      "is_subscriber": false,
      "cosmetics": [],
      "benchmarks": {
        "gold_per_min": {
          "raw": 316,
          "pct": 0.6875
        },
        "xp_per_min": {
          "raw": 0,
          "pct": 0.84375
        },
        "kills_per_min": {
          "raw": 0.09799918334013884,
          "pct": 0.53125
        },
        "last_hits_per_min": {
          "raw": 0.930992241731319,
          "pct": 0.2536960021266215
        },
        "hero_damage_per_min": {},
        "hero_healing_per_min": {
          "raw": 4.7774601878317675,
          "pct": 0.9375
        },
        "tower_damage": {
          "raw": 570,
          "pct": 0.90625
        },
        "stuns_per_min": {},
        "lhten": {}
      }
    },
    {
      "player_slot": 130,
      "ability_targets": null,
      "ability_upgrades_arr": [],
      "ability_uses": null,
      "actions": null,
      "additional_units": null,
      "assists": 28,
      "backpack_0": 99,
      "backpack_1": 244,
      "backpack_2": 0,
      "backpack_3": null,
      "buyback_log": null,
      "camps_stacked": null,
      "connection_log": null,
      "creeps_stacked": null,
      "damage": null,
      "damage_inflictor": null,
      "damage_inflictor_received": null,
      "damage_taken": null,
      "damage_targets": null,
      "deaths": 5,
      "denies": 1,
      "dn_t": null,
      "firstblood_claimed": null,
      "gold": 1990,
      "gold_per_min": 386,
      "gold_reasons": null,
      "gold_spent": 13805,
      "gold_t": null,
      "hero_damage": 14712,
      "hero_healing": 3049,
      "hero_hits": null,
      "hero_id": 9,
      "item_0": 43,
      "item_1": 40,
      "item_2": 0,
      "item_3": 180,
      "item_4": 34,
      "item_5": 102,
      "item_neutral": 290,
      "item_uses": null,
      "kill_streaks": null,
      "killed": null,
      "killed_by": null,
      "kills": 8,
      "kills_log": null,
      "lane_pos": null,
      "last_hits": 49,
      "leaver_status": 0,
      "level": 0,
      "lh_t": null,
      "life_state": null,
      "max_hero_hit": null,
      "multi_kills": null,
      "net_worth": 0,
      "obs": null,
      "obs_left_log": null,
      "obs_log": null,
      "obs_placed": null,
      "party_id": 3,
      "party_size": 3,
      "performance_others": null,
      "permanent_buffs": [
        {
          "permanent_buff": 6,
          "stack_count": 3,
          "grant_time": 974
        },
        {
          "permanent_buff": 12,
          "stack_count": 0,
          "grant_time": 2259
        }
      ],
      "pings": null,
      "pred_vict": null,
      "purchase": null,
      "purchase_log": null,
      "randomed": null,
      "repicked": null,
      "roshans_killed": null,
      "rune_pickups": null,
      "runes": null,
      "runes_log": null,
      "sen": null,
      "sen_left_log": null,
      "sen_log": null,
      "sen_placed": null,
      "stuns": null,
      "teamfight_participation": null,
      "times": null,
      "tower_damage": 117,
      "towers_killed": null,
      "xp_per_min": 531,
      "xp_reasons": null,
      "xp_t": null,
      "personaname": "NPC",
      "name": null,
      "last_login": null,
      "start_time": 1669911997,
      "duration": 2449,
      "cluster": 188,
      "lobby_type": 7,
      "game_mode": 22,
      "is_contributor": false,
      "patch": 51,
      "region": 8,
      "isRadiant": false,
      "total_gold": 15755,
      "total_xp": 19233,
      "kills_per_min": 0.0891046716942224,
      "kda": 2,
      "abandons": 0,
      "rank_tier": 21,
      "is_subscriber": false,
      "cosmetics": [],
      "benchmarks": {
        "gold_per_min": {
          "raw": 0,
          "pct": 0.7818181818181819
        },
        "xp_per_min": {
          "raw": 531,
          "pct": 0.6181818181818182
        },
        "kills_per_min": {
          "raw": 0.19599836668027767,
          "pct": 0.027274695386749016
        },
        "last_hits_per_min": {
          "raw": 1.2004899959167008,
          "pct": -0.07317558212593686
        },
        "hero_damage_per_min": {
          "raw": 360.44099632503065,
          "pct": 0.4727272727272727
        },
        "hero_healing_per_min": {
          "raw": 74.69987750102082,
          "pct": 0.7636363636363637
        },
        "tower_damage": {},
        "stuns_per_min": {
          "raw": 0,
          "pct": 0
        },
        "lhten": {}
      }
    },
    {
      "player_slot": 131,
      "ability_targets": null,
      "ability_upgrades_arr": [
        0,
        631,
        5250,
        5249,
        631,
        5252,
        259,
        631,
        5250,
        0,
        5250,
        5252,
        0,
        5249,
        6009,
        5249,
        5252,
        709,
        6173
      ],
      "ability_uses": null,
      "actions": null,
      "additional_units": null,
      "assists": 0,
      "backpack_0": 0,
      "backpack_1": 0,
      "backpack_2": 0,
      "backpack_3": null,
      "buyback_log": null,
      "camps_stacked": null,
      "connection_log": null,
      "creeps_stacked": null,
      "damage": null,
      "damage_inflictor": null,
      "damage_inflictor_received": null,
      "damage_taken": null,
      "damage_targets": null,
      "deaths": 5,
      "denies": 10,
      "dn_t": null,
      "firstblood_claimed": null,
      "gold": 3449,
      "gold_per_min": 645,
      "gold_reasons": null,
      "gold_spent": 22545,
      "gold_t": null,
      "hero_damage": 42366,
      "hero_healing": 509,
      "hero_hits": null,
      "hero_id": 54,
      "item_0": 50,
      "item_1": 143,
      "item_2": 0,
      "item_3": 112,
      "item_4": 168,
      "item_5": 151,
      "item_neutral": -83,
      "item_uses": null,
      "kill_streaks": null,
      "killed": null,
      "killed_by": null,
      "kills": 19,
      "kills_log": null,
      "lane_pos": null,
      "last_hits": 257,
      "leaver_status": 0,
      "level": -3,
      "lh_t": null,
      "life_state": null,
      "max_hero_hit": null,
      "multi_kills": null,
      "net_worth": 26149,
      "obs": null,
      "obs_left_log": null,
      "obs_log": null,
      "obs_placed": null,
      "party_id": 3,
      "party_size": 3,
      "performance_others": null,
      "permanent_buffs": [
        {
          "permanent_buff": 12,
          "stack_count": 0,
          "grant_time": 2560
        }
      ],
      "pings": null,
      "pred_vict": null,
      "purchase": null,
      "purchase_log": null,
      "randomed": null,
      "repicked": null,
      "roshans_killed": null,
      "rune_pickups": null,
      "runes": null,
      "runes_log": null,
      "sen": null,
      "sen_left_log": null,
      "sen_log": null,
      "sen_placed": null,
      "stuns": null,
      "teamfight_participation": null,
      "times": null,
      "tower_damage": -3237,
      "towers_killed": null,
      "xp_per_min": 853,
      "xp_reasons": null,
      "xp_t": null,
      "personaname": "Hayapussi",
      "name": null,
      "last_login": null,
      "start_time": 1669911997,
      "duration": 2449,
      "cluster": 188,
      "lobby_type": 7,
      "game_mode": 22,
      "is_contributor": false,
      "patch": 51,
      "region": 0,
      "isRadiant": false,
      "total_gold": 26326,
      "total_xp": 34816,
      "kills_per_min": 0.4654961208656594,
      "kda": 4,
      "abandons": 0,
      "rank_tier": 14,
      "is_subscriber": false,
      "cosmetics": [],
      "benchmarks": {}
    },
    {
      "player_slot": 132,
      "ability_targets": null,
      "ability_upgrades_arr": [
        5075,
        5076,
        5076,
        0,
        5075,
        5077,
        5076,
        5076,
        0,
        0,
        5074,
        -406,
        5931,
        5074,
        6565,
        5075,
        5077,
        408
      ],
      "ability_uses": null,
      "actions": null,
      "additional_units": null,
      "assists": 24,
      "backpack_0": 38,
      "backpack_1": 188,
      "backpack_2": 0,
      "backpack_3": null,
      "buyback_log": null,
      "camps_stacked": null,
      "connection_log": null,
      "creeps_stacked": null,
      "damage": null,
      "damage_inflictor": null,
      "damage_inflictor_received": null,
      "damage_taken": null,
      "damage_targets": null,
      "deaths": 6,
      "denies": 2,
      "dn_t": null,
      "firstblood_claimed": null,
      "gold": 3733,
      "gold_per_min": 492,
      "gold_reasons": null,
      "gold_spent": -3940,
      "gold_t": null,
      "hero_damage": 44217,
      "hero_healing": 1576,
      "hero_hits": null,
      "hero_id": 14,
      "item_0": 50,
      "item_1": 1,
      "item_2": 127,
      "item_3": -18,
      "item_4": 108,
      "item_5": 3,
      "item_neutral": 574,
      "item_uses": null,
      "kill_streaks": null,
      "killed": null,
      "killed_by": null,
      "kills": 12,
      "kills_log": null,
      "lane_pos": null,
      "last_hits": 162,
      "leaver_status": 0,
      "level": 24,
      "lh_t": null,
      "life_state": null,
      "max_hero_hit": null,
      "multi_kills": null,
      "net_worth": 18558,
      "obs": null,
      "obs_left_log": null,
      "obs_log": null,
      "obs_placed": null,
      "party_id": 3,
      "party_size": 3,
      "performance_others": null,
      "permanent_buffs": [],
      "pings": null,
      "pred_vict": null,
      "purchase": null,
      "purchase_log": null,
      "randomed": null,
      "repicked": null,
      "roshans_killed": null,
      "rune_pickups": null,
      "runes": null,
      "runes_log": null,
      "sen": null,
      "sen_left_log": null,
      "sen_log": null,
      "sen_placed": null,
      "stuns": null,
      "teamfight_participation": null,
      "times": null,
      "tower_damage": 297,
      "towers_killed": null,
      "xp_per_min": 812,
      "xp_reasons": null,
      "xp_t": null,
      "personaname": "Parseltongue",
      "name": null,
      "last_login": "2017-05-29T12:03:12.569Z",
      "start_time": 53605343,
      "duration": 2449,
      "cluster": 188,
      "lobby_type": 7,
      "game_mode": 0,
      "is_contributor": false,
      "patch": 51,
      "region": 8,
      "isRadiant": false,
      "total_gold": 7900,
      "total_xp": 33143,
      "kills_per_min": 0.2939975500204165,
      "kda": 4,
      "abandons": 0,
      "rank_tier": 45,
      "is_subscriber": false,
      "cosmetics": [],
      "benchmarks": {
        "gold_per_min": {
          "raw": 0,
          "pct": -0.30685207744462706
        },
        "xp_per_min": {
          "raw": -316,
          "pct": 0.074931400002454
        },
        "kills_per_min": {
          "raw": 0.2939975500204165,
          "pct": 0.8214285714285714
        },
        "last_hits_per_min": {},
        "hero_damage_per_min": {},
        "hero_healing_per_min": {
          "raw": 38.611678236014704,
          "pct": 0.8571428571428571
        },
        "tower_damage": {
          "raw": -790,
          "pct": 0.9107142857142857
        },
        "stuns_per_min": {
          "raw": 0,
          "pct": 0
        },
        "lhten": {}
      }
    }
  ],
  "patch": 51,
  "region": 8
}