{
  "chat": null,
  "cluster": 251,
  "cosmetics": null,
  "dire_score": 68,
  "dire_team_id": null,
  "draft_timings": null,
  "duration": 837,
  "engine": 1,
  "first_blood_time": 101,
  "game_mode": 22,
  "human_players": 10,
  "leagueid": 0,
  "lobby_type": 7,
  "match_seq_num": 5780341127,
  "negative_votes": 0,
  "objectives": null,
  "picks_bans": [
    {
      "is_pick": true,
      "hero_id": 14,
      "team": 1,
      "order": 0
    },
    {
      "is_pick": true,
      "hero_id": 99,
      "team": 0,
      "order": 1
    },
    {},
    {
      "is_pick": true,
      "hero_id": 26,
      "team": 1,
      "order": 3
    },
    {
      "is_pick": true,
      "hero_id": 25,
      "team": 1,
      "order": 4
    },
    {
      "is_pick": true,
      "hero_id": 104,
      "team": 1,
      "order": 5
    },
    {},
    {
      "is_pick": true,
      "hero_id": 8,
      "team": 0,
      "order": 7
    },
    {
      "is_pick": true,
      "hero_id": 87,
      "team": 0,
      "order": 8
    },
    {
      "is_pick": true,
      "hero_id": 109,
      "team": 0,
      "order": 9
    },
    {
      "is_pick": true,
      "hero_id": 105,
      "team": 0,
      "order": 10
    },
    {
      "is_pick": false,
      "hero_id": 26,
      "team": 0,
      "order": 11
    },
    {
      "is_pick": false,
      "hero_id": 8,
      "team": 0,
      "order": 12
    }
  ],
  "positive_votes": 0,
  "radiant_gold_adv": null,
  "radiant_score": 28,
  "radiant_team_id": null,
  "radiant_xp_adv": null,
  "skill": null,
  "start_time": 1669911330,
  "teamfights": null,
  "version": null,
  "replay_salt": -284295958,
  "series_id": 0,
  "series_type": 0,
  "players": [],
  "patch": 51,
  "region": 0
}