{
  "chat": null,
  "cluster": 185,
  "cosmetics": null,
  "dire_score": 24,
  "dire_team_id": null,
  "draft_timings": null,
  "duration": 2518,
  "engine": 1,
  "first_blood_time": 200,
  "game_mode": 22,
  "human_players": 10,
  "leagueid": 0,
  "lobby_type": 7,
  "match_seq_num": 5780366391,
  "negative_votes": 0,
  "objectives": null,
  "picks_bans": [],
  "positive_votes": 0,
  "radiant_gold_adv": null,
  "radiant_score": 44,
  "radiant_team_id": null,
  "radiant_xp_adv": null,
  "skill": null,
  "start_time": 1669912062,
  "teamfights": null,
  "version": null,
  "replay_salt": 406579176,
  "series_id": 0,
  "series_type": 0,
  "players": [
    {
      "player_slot": 0,
      "ability_targets": null,
      "ability_upgrades_arr": [
        5716,
        0,
        5723,
        5716,
        -1291,
        5723,
        0,
        5721,
        5721,
        5725,
        5716,
        748,
        5716,
        5723,
        6421,
        -516,
        910,
        802
      ],
      "ability_uses": null,
      "actions": null,
      "additional_units": null,
      "assists": -2,
      "backpack_0": 0,
      "backpack_1": 0,
      "backpack_2": 0,
      "backpack_3": null,
      "buyback_log": null,
      "camps_stacked": null,
      "connection_log": null,
      "creeps_stacked": null,
      "damage": null,
      "damage_inflictor": null,
      "damage_inflictor_received": null,
      "damage_taken": null,
      "damage_targets": null,
      "deaths": 0,
      "denies": 4,
      "dn_t": null,
      "firstblood_claimed": null,
      "gold": 2722,
      "gold_per_min": 521,
      "gold_reasons": null,
      "gold_spent": 20395,
      "gold_t": null,
      "hero_damage": 22560,
      "hero_healing": 130,
      "hero_hits": null,
      "hero_id": 114,
      "item_0": 135,
      "item_1": 158,
      "item_2": 116,
      "item_3": 50,
      "item_4": 75,
      "item_5": 6,
      "item_neutral": 309,
      "item_uses": null,
      "kill_streaks": null,
      "killed": null,
      "killed_by": null,
      "kills": 10,
      "kills_log": null,
      "lane_pos": null,
      "last_hits": 260,
      "leaver_status": 0,
      "level": 24,
      "lh_t": null,
      "life_state": null,
      "max_hero_hit": null,
      "multi_kills": null,
      "net_worth": 21402,
      "obs": null,
      "obs_left_log": null,
      "obs_log": null,
      "obs_placed": null,
      "party_id": 0,
      "party_size": 5,
      "performance_others": null,
      "permanent_buffs": [],
      "pings": null,
      "pred_vict": null,
      "purchase": null,
      "purchase_log": null,
      "randomed": null,
      "repicked": null,
      "roshans_killed": null,
      "rune_pickups": null,
      "runes": null,
      "runes_log": null,
      "sen": null,
      "sen_left_log": null,
      "sen_log": null,
      "sen_placed": null,
      "stuns": null,
      "teamfight_participation": null,
      "times": null,
      "tower_damage": 8876,
      "towers_killed": null,
      "xp_per_min": 776,
      "xp_reasons": null,
      "xp_t": null,
      "start_time": 1669912062,
      "duration": 2518,
      "cluster": 185,
      "lobby_type": 7,
      "game_mode": 22,
      "is_contributor": false,
      "patch": 51,
      "region": 0,
      "isRadiant": true,
      "total_gold": 14075,
      "total_xp": 21137,
      "kills_per_min": 0.2382843526608419,
      "kda": 24,
      "abandons": 0,
      "rank_tier": null,
      "is_subscriber": false,
      "cosmetics": [],
      "benchmarks": {
        "gold_per_min": {
          "raw": 521,
          "pct": 0.43902439024390244
        },
        "xp_per_min": {
          "raw": 776,
          "pct": 0.6585365853658537
        },
        "kills_per_min": {},
        "last_hits_per_min": {
          "raw": 6.19539316918189,
          "pct": 0.4146341463414634
        },
        "hero_damage_per_min": {
          "raw": 537.5694996028594,
          "pct": 0.4634146341463415
        },
        "hero_healing_per_min": {
          "raw": 3.097696584590945,
          "pct": 1
        },
        "tower_damage": {
          "raw": 8876,
          "pct": 0.8292682926829268
        },
        "stuns_per_min": {
          "raw": 0,
          "pct": 0.024390243902439025
        },
        "lhten": {}
      }
    },
    {
      "player_slot": 1,
      "ability_targets": null,
      "ability_upgrades_arr": [
        5286,
        -1643,
        5285,
        5287,
        5285,
        5288,
        5285,
        5286,
        5286,
        484,
        5286,
        -1839,
        0,
        5287,
        959,
        5287,
        2342,
        6018
      ],
      "ability_uses": null,
      "actions": null,
      "additional_units": null,
      "assists": -6,
      "backpack_0": 0,
      "backpack_1": 0,
      "backpack_2": 0,
      "backpack_3": null,
      "buyback_log": null,
      "camps_stacked": null,
      "connection_log": null,
      "creeps_stacked": null,
      "damage": null,
      "damage_inflictor": null,
      "damage_inflictor_received": null,
      "damage_taken": null,
      "damage_targets": null,
      "deaths": 7,
      "denies": 13,
      "dn_t": null,
      "firstblood_claimed": null,
      "gold": 1080,
      "gold_per_min": 490,
      "gold_reasons": null,
      "gold_spent": 19015,
      "gold_t": null,
      "hero_damage": 28138,
      "hero_healing": 369,
      "hero_hits": null,
      "hero_id": 62,
      "item_0": 0,
      "item_1": 226,
      "item_2": 908,
      "item_3": 108,
      "item_4": 36,
      "item_5": 235,
      "item_neutral": 573,
      "item_uses": null,
      "kill_streaks": null,
      "killed": null,
      "killed_by": null,
      "kills": -1,
      "kills_log": null,
      "lane_pos": null,
      "last_hits": 119,
      "leaver_status": 0,
      "level": 20,
      "lh_t": null,
      "life_state": null,
      "max_hero_hit": null,
      "multi_kills": null,
      "net_worth": -6832,
      "obs": null,
      "obs_left_log": null,
      "obs_log": null,
      "obs_placed": null,
      "party_id": 0,
      "party_size": 5,
      "performance_others": null,
      "permanent_buffs": [
        {
          "permanent_buff": -1,
          "stack_count": 1,
          "grant_time": 2318
        },
        {}
      ],
      "pings": null,
      "pred_vict": null,
      "purchase": null,
      "purchase_log": null,
      "randomed": null,
      "repicked": null,
      "roshans_killed": null,
      "rune_pickups": null,
      "runes": null,
      "runes_log": null,
      "sen": null,
      "sen_left_log": null,
      "sen_log": null,
      "sen_placed": null,
      "stuns": null,
      "teamfight_participation": null,
      "times": null,
      "tower_damage": 390,
      "towers_killed": null,
      "xp_per_min": 513,
      "xp_reasons": null,
      "xp_t": null,
      "start_time": 1669912062,
      "duration": 2518,
      "cluster": 185,
      "lobby_type": 7,
      "game_mode": 22,
      "is_contributor": false,
      "patch": 51,
      "region": 8,
      "isRadiant": true,
      "total_gold": 20563,
      "total_xp": 21528,
      "kills_per_min": 0.07148530579825257,
      "kda": 0,
      "abandons": 0,
      "rank_tier": null,
      "is_subscriber": false,
      "cosmetics": [],
      "benchmarks": {
        "gold_per_min": {
          "raw": 490,
          "pct": 0.6111111111111112
        },
        "xp_per_min": {
          "raw": -121,
          "pct": 0.4444444444444444
        },
        "kills_per_min": {
          "raw": 0.07148530579825259,
          "pct": 0.2222222222222222
        },
        "last_hits_per_min": {
          "raw": 2.835583796664019,
          "pct": 0.6111111111111112
        },
        "hero_damage_per_min": {
          "raw": 670.4845115170771,
          "pct": 0.6666666666666666
        },
        "hero_healing_per_min": {
          "raw": 8.792692613185068,
          "pct": 0.9444444444444444
        },
        "tower_damage": {
          "raw": 390,
          "pct": 0.3888888888888889
        },
        "stuns_per_min": {
          "raw": 0,
          "pct": 0.1111111111111111
        },
        "lhten": {}
      }
    },
    {
      "player_slot": 2,
      "ability_targets": null,
      "ability_upgrades_arr": [
        5270,
        5269,
        5270,
        1928,
        5270,
        5267,
        -1425,
        5268,
        5268,
        -2591,
        5269,
        5267,
        -45,
        -605,
        6253,
        5268,
        5267,
        6379
      ],
      "ability_uses": null,
      "actions": null,
      "additional_units": null,
      "assists": 15,
      "backpack_0": 16,
      "backpack_1": 39,
      "backpack_2": 42,
      "backpack_3": null,
      "buyback_log": null,
      "camps_stacked": null,
      "connection_log": null,
      "creeps_stacked": null,
      "damage": null,
      "damage_inflictor": null,
      "damage_inflictor_received": null,
      "damage_taken": null,
      "damage_targets": null,
      "deaths": 6,
      "denies": 2,
      "dn_t": null,
      "firstblood_claimed": null,
      "gold": 2995,
      "gold_per_min": 0,
      "gold_reasons": null,
      "gold_spent": 0,
      "gold_t": null,
      "hero_damage": 14513,
      "hero_healing": 0,
      "hero_hits": null,
      "hero_id": 58,
      "item_0": 36,
      "item_1": 108,
      "item_2": 0,
      "item_3": 63,
      "item_4": 37,
      "item_5": 0,
      "item_neutral": 574,
      "item_uses": null,
      "kill_streaks": null,
      "killed": null,
      "killed_by": null,
      "kills": 8,
      "kills_log": null,
      "lane_pos": null,
      "last_hits": 49,
      "leaver_status": 0,
      "level": 21,
      "lh_t": null,
      "life_state": null,
      "max_hero_hit": null,
      "multi_kills": null,
      "net_worth": 0,
      "obs": null,
      "obs_left_log": null,
      "obs_log": null,
      "obs_placed": null,
      "party_id": 0,
      "party_size": 5,
      "performance_others": null,
      "permanent_buffs": [
        {
          "permanent_buff": 0,
          "stack_count": 1,
          "grant_time": 0
        }
      ],
      "pings": null,
      "pred_vict": null,
      "purchase": null,
      "purchase_log": null,
      "randomed": null,
      "repicked": null,
      "roshans_killed": null,
      "rune_pickups": null,
      "runes": null,
      "runes_log": null,
      "sen": null,
      "sen_left_log": null,
      "sen_log": null,
      "sen_placed": null,
      "stuns": null,
      "teamfight_participation": null,
      "times": null,
      "tower_damage": 3211,
      "towers_killed": null,
      "xp_per_min": 576,
      "xp_reasons": null,
      "xp_t": null,
      "start_time": 1669912062,
      "duration": 2518,
      "cluster": 29,
      "lobby_type": 7,
      "game_mode": 0,
      "is_contributor": false,
      "patch": 51,
      "region": 8,
      "isRadiant": true,
      "total_gold": 512,
      "total_xp": 24172,
      "kills_per_min": 0.06281282510496101,
      "kda": 3,
      "abandons": 0,
      "rank_tier": null,
      "is_subscriber": false,
      "cosmetics": [],
      "benchmarks": {
        "gold_per_min": {
          "raw": 322,
          "pct": 0.2571428571428571
        },
        "xp_per_min": {
          "raw": 576,
          "pct": 0.6571428571428571
        },
        "kills_per_min": {
          "raw": 0.19062748212867353,
          "pct": 0.7142857142857143
        },
        "last_hits_per_min": {
          "raw": 1.1675933280381254,
          "pct": 0.11428571428571428
        },
        "hero_damage_per_min": {
          "raw": 345.82208101667993,
          "pct": 0.45714285714285713
        },
        "hero_healing_per_min": {
          "raw": 55.85385226370135,
          "pct": 0.5142857142857142
        },
        "tower_damage": {
          "raw": 3211,
          "pct": 0.6
        },
        "stuns_per_min": {
          "raw": 0,
          "pct": 0.4
        },
        "lhten": {}
      }
    },
    {
      "player_slot": 0,
      "ability_targets": null,
      "ability_upgrades_arr": [
        5605,
        5604,
        5605,
        -1811,
        5604,
        5606,
        2453,
        1374,
        5605,
        5605,
        0,
        6172,
        5606,
        5603,
        5603,
        6176,
        5606,
        353,
        7050
      ],
      "ability_uses": null,
      "actions": null,
      "additional_units": null,
      "assists": -2,
      "backpack_0": 0,
      "backpack_1": 0,
      "backpack_2": 0,
      "backpack_3": null,
      "buyback_log": null,
      "camps_stacked": null,
      "connection_log": null,
      "creeps_stacked": null,
      "damage": null,
      "damage_inflictor": null,
      "damage_inflictor_received": null,
      "damage_taken": null,
      "damage_targets": null,
      "deaths": 3,
      "denies": 0,
      "dn_t": null,
      "firstblood_claimed": null,
      "gold": 5022,
      "gold_per_min": 0,
      "gold_reasons": null,
      "gold_spent": 25550,
      "gold_t": null,
      "hero_damage": 0,
      "hero_healing": 130,
      "hero_hits": null,
      "hero_id": 106,
      "item_0": 133,
      "item_1": 36,
      "item_2": 0,
      "item_3": 116,
      "item_4": 50,
      "item_5": 145,
      "item_neutral": 306,
      "item_uses": null,
      "kill_streaks": null,
      "killed": null,
      "killed_by": null,
      "kills": 16,
      "kills_log": null,
      "lane_pos": null,
      "last_hits": 365,
      "leaver_status": 0,
      "level": 26,
      "lh_t": null,
      "life_state": null,
      "max_hero_hit": null,
      "multi_kills": null,
      "net_worth": -13352,
      "obs": null,
      "obs_left_log": null,
      "obs_log": null,
      "obs_placed": null,
      "party_id": 0,
      "party_size": 5,
      "performance_others": null,
      "permanent_buffs": [
        {
          "permanent_buff": 12,
          "stack_count": 0,
          "grant_time": 2628
        },
        {
          "permanent_buff": 14,
          "stack_count": 1,
          "grant_time": 2482
        }
      ],
      "pings": null,
      "pred_vict": null,
      "purchase": null,
      "purchase_log": null,
      "randomed": null,
      "repicked": null,
      "roshans_killed": null,
      "rune_pickups": null,
      "runes": null,
      "runes_log": null,
      "sen": null,
      "sen_left_log": null,
      "sen_log": null,
      "sen_placed": null,
      "stuns": null,
      "teamfight_participation": null,
      "times": null,
      "tower_damage": 4304,
      "towers_killed": null,
      "xp_per_min": 862,
      "xp_reasons": null,
      "xp_t": null,
      "start_time": 1669912062,
      "duration": -789,
      "cluster": 185,
      "lobby_type": 7,
      "game_mode": 22,
      "is_contributor": false,
      "patch": 51,
      "region": 8,
      "isRadiant": true,
      "total_gold": 29628,
      "total_xp": 36175,
      "kills_per_min": 0.38125496425734706,
      "kda": 7,
      "abandons": 0,
      "rank_tier": null,
      "is_subscriber": false,
      "cosmetics": [],
      "benchmarks": {
        "gold_per_min": {
          "raw": 706,
          "pct": 0.25307959793696994
        },
        "xp_per_min": {
          "raw": 862,
          "pct": 0.8412698412698413
        },
        "kills_per_min": {
          "raw": 0.38125496425734706,
          "pct": 0.7936507936507936
        },
        "last_hits_per_min": {
          "raw": 8.697378872120732,
          "pct": -0.19422217160723412
        },
        "hero_damage_per_min": {
          "raw": 826.3939634630659,
          "pct": 0.3333333333333333
        },
        "hero_healing_per_min": {
          "raw": 3.097696584590945,
          "pct": 0.7619047619047619
        },
        "tower_damage": {
          "raw": 4304,
          "pct": 0.9682539682539683
        },
        "stuns_per_min": {
          "raw": 0,
          "pct": 0
        },
        "lhten": {}
      }
    },
    {
      "player_slot": 4,
      "ability_targets": null,
      "ability_upgrades_arr": [
        6483,
        6488,
        6480,
        0,
        6483,
        6482,
        6483,
        6483,
        -494,
        6480,
        0,
        6482,
        -2663,
        6488,
        6489,
        6488,
        6482,
        989
      ],
      "ability_uses": null,
      "actions": null,
      "additional_units": null,
      "assists": 11,
      "backpack_0": 0,
      "backpack_1": 0,
      "backpack_2": 0,
      "backpack_3": null,
      "buyback_log": null,
      "camps_stacked": null,
      "connection_log": null,
      "creeps_stacked": null,
      "damage": null,
      "damage_inflictor": null,
      "damage_inflictor_received": null,
      "damage_taken": null,
      "damage_targets": null,
      "deaths": 0,
      "denies": 9,
      "dn_t": null,
      "firstblood_claimed": null,
      "gold": 1802,
      "gold_per_min": 353,
      "gold_reasons": null,
      "gold_spent": 12920,
      "gold_t": null,
      "hero_damage": 12359,
      "hero_healing": 1097,
      "hero_hits": null,
      "hero_id": 128,
      "item_0": 180,
      "item_1": 88,
      "item_2": 108,
      "item_3": -85,
      "item_4": 1,
      "item_5": 254,
      "item_neutral": 311,
      "item_uses": null,
      "kill_streaks": null,
      "killed": null,
      "killed_by": null,
      "kills": 6,
      "kills_log": null,
      "lane_pos": null,
      "last_hits": 101,
      "leaver_status": 0,
      "level": 22,
      "lh_t": null,
      "life_state": null,
      "max_hero_hit": null,
      "multi_kills": null,
      "net_worth": 13677,
      "obs": null,
      "obs_left_log": null,
      "obs_log": null,
      "obs_placed": null,
      "party_id": 0,
      "party_size": 5,
      "performance_others": null,
      "permanent_buffs": [
        {
          "permanent_buff": 6,
          "stack_count": 1,
          "grant_time": 875
        },
        {
          "permanent_buff": 12,
          "stack_count": 0,
          "grant_time": 1787
        }
      ],
      "pings": null,
      "pred_vict": null,
      "purchase": null,
      "purchase_log": null,
      "randomed": null,
      "repicked": null,
      "roshans_killed": null,
      "rune_pickups": null,
      "runes": null,
      "runes_log": null,
      "sen": null,
      "sen_left_log": null,
      "sen_log": null,
      "sen_placed": null,
      "stuns": null,
      "teamfight_participation": null,
      "times": null,
      "tower_damage": 1104,
      "towers_killed": null,
      "xp_per_min": 252,
      "xp_reasons": null,
      "xp_t": null,
      "personaname": "mode?",
      "name": null,
      "last_login": "2022-12-14T06:22:18.839Z",
      "start_time": 1669912062,
      "duration": 2518,
      "cluster": 185,
      "lobby_type": 7,
      "game_mode": 22,
      "is_contributor": false,
      "patch": 51,
      "region": 8,
      "isRadiant": true,
      "total_gold": 14814,
      "total_xp": 26061,
      "kills_per_min": 0.14297061159650515,
      "kda": 1,
      "abandons": 0,
      "rank_tier": 31,
      "is_subscriber": false,
      "cosmetics": [],
      "benchmarks": {
        "gold_per_min": {
          "raw": 353,
          "pct": -0.20690690532815317
        },
        "xp_per_min": {
          "raw": 621,
          "pct": 0.8372093023255814
        },
        "kills_per_min": {
          "raw": 0.14297061159650518,
          "pct": 0.5930232558139535
        },
        "last_hits_per_min": {
          "raw": 2.4066719618745034,
          "pct": 0.5
        },
        "hero_damage_per_min": {
          "raw": 294.49563145353454,
          "pct": 0.11627906976744186
        },
        "hero_healing_per_min": {
          "raw": -2.018437433733575,
          "pct": 0.5348837209302325
        },
        "tower_damage": {},
        "stuns_per_min": {
          "raw": 0,
          "pct": 0
        },
        "lhten": {}
      }
    },
    {
      "player_slot": 128,
      "ability_targets": null,
      "ability_upgrades_arr": [
        5138,
        5140,
        0,
        5138,
        473,
        5141,
        5140,
        -2479,
        5138,
        0,
        5139,
        5141,
        5139,
        0,
        6524,
        5139,
        5141
      ],
      "ability_uses": null,
      "actions": null,
      "additional_units": null,
      "assists": 6,
      "backpack_0": 36,
      "backpack_1": 0,
      "backpack_2": 0,
      "backpack_3": null,
      "buyback_log": null,
      "camps_stacked": null,
      "connection_log": null,
      "creeps_stacked": null,
      "damage": null,
      "damage_inflictor": null,
      "damage_inflictor_received": null,
      "damage_taken": null,
      "damage_targets": null,
      "deaths": 11,
      "denies": 2,
      "dn_t": null,
      "firstblood_claimed": null,
      "gold": 2140,
      "gold_per_min": 339,
      "gold_reasons": null,
      "gold_spent": 10320,
      "gold_t": null,
      "hero_damage": 22024,
      "hero_healing": 2387,
      "hero_hits": null,
      "hero_id": 30,
      "item_0": 218,
      "item_1": 0,
      "item_2": 0,
      "item_3": 3,
      "item_4": 232,
      "item_5": 60,
      "item_neutral": 675,
      "item_uses": null,
      "kill_streaks": null,
      "killed": null,
      "killed_by": null,
      "kills": 14,
      "kills_log": null,
      "lane_pos": null,
      "last_hits": -18,
      "leaver_status": 0,
      "level": -7,
      "lh_t": null,
      "life_state": null,
      "max_hero_hit": null,
      "multi_kills": null,
      "net_worth": 9975,
      "obs": null,
      "obs_left_log": null,
      "obs_log": null,
      "obs_placed": null,
      "party_id": 0,
      "party_size": 1,
      "performance_others": null,
      "permanent_buffs": [
        {
          "permanent_buff": 12,
          "stack_count": 0,
          "grant_time": 0
        }
      ],
      "pings": null,
      "pred_vict": null,
      "purchase": null,
      "purchase_log": null,
      "randomed": null,
      "repicked": null,
      "roshans_killed": null,
      "rune_pickups": null,
      "runes": null,
      "runes_log": null,
      "sen": null,
      "sen_left_log": null,
      "sen_log": null,
      "sen_placed": null,
      "stuns": null,
      "teamfight_participation": null,
      "times": null,
      "tower_damage": 181,
      "towers_killed": null,
      "xp_per_min": 440,
      "xp_reasons": null,
      "xp_t": null,
      "start_time": 1669912062,
      "duration": 0,
      "cluster": 185,
      "lobby_type": 7,
      "game_mode": 22,
      "is_contributor": false,
      "patch": 51,
      "region": 8,
      "isRadiant": false,
      "total_gold": 2994,
      "total_xp": 8619,
      "kills_per_min": 0.3335980937251787,
      "kda": 1,
      "abandons": 0,
      "rank_tier": null,
      "is_subscriber": false,
      "cosmetics": [],
      "benchmarks": {
        "gold_per_min": {
          "raw": 339,
          "pct": 0.6153846153846154
        },
        "xp_per_min": {
          "raw": 440,
          "pct": 0.5128205128205128
        },
        "kills_per_min": {
          "raw": 0.33359809372517873,
          "pct": 0.9743589743589743
        },
        "last_hits_per_min": {
          "raw": 1.1199364575059572,
          "pct": 0.5128205128205128
        },
        "hero_damage_per_min": {
          "raw": 524.7974583002383,
          "pct": 0.5384615384615384
        },
        "hero_healing_per_min": {
          "raw": 56.87847498014297,
          "pct": 0.5128205128205128
        },
        "tower_damage": {
          "raw": 181,
          "pct": 0.5897435897435898
        },
        "stuns_per_min": {
          "raw": 0,
          "pct": 0.02564102564102564
        },
        "lhten": {}
      }
    },
    {
      "player_slot": 129,
      "ability_targets": null,
      "ability_upgrades_arr": [
        5190,
        5191,
        -300,
        5192,
        5190,
        5193,
        5191,
        0,
        5191,
        483,
        5190,
        5193,
        1245,
        1048,
        47,
        5192,
        -937,
        0
      ],
      "ability_uses": null,
      "actions": null,
      "additional_units": null,
      "assists": 0,
      "backpack_0": 39,
      "backpack_1": 0,
      "backpack_2": 0,
      "backpack_3": null,
      "buyback_log": null,
      "camps_stacked": null,
      "connection_log": null,
      "creeps_stacked": null,
      "damage": null,
      "damage_inflictor": null,
      "damage_inflictor_received": null,
      "damage_taken": null,
      "damage_targets": null,
      "deaths": 0,
      "denies": 1,
      "dn_t": null,
      "firstblood_claimed": null,
      "gold": 420,
      "gold_per_min": -58,
      "gold_reasons": null,
      "gold_spent": -4666,
      "gold_t": null,
      "hero_damage": 0,
      "hero_healing": 0,
      "hero_hits": null,
      "hero_id": 44,
      "item_0": 63,
      "item_1": 145,
      "item_2": 116,
      "item_3": 143,
      "item_4": 569,
      "item_5": 0,
      "item_neutral": 638,
      "item_uses": null,
      "kill_streaks": null,
      "killed": null,
      "killed_by": null,
      "kills": 0,
      "kills_log": null,
      "lane_pos": null,
      "last_hits": 267,
      "leaver_status": 0,
      "level": 0,
      "lh_t": null,
      "life_state": null,
      "max_hero_hit": null,
      "multi_kills": null,
      "net_worth": 15146,
      "obs": null,
      "obs_left_log": null,
      "obs_log": null,
      "obs_placed": null,
      "party_id": 1,
      "party_size": 5,
      "performance_others": null,
      "permanent_buffs": [
        {
          "permanent_buff": -2,
          "stack_count": 1,
          "grant_time": 884
        }
      ],
      "pings": null,
      "pred_vict": null,
      "purchase": null,
      "purchase_log": null,
      "randomed": null,
      "repicked": null,
      "roshans_killed": null,
      "rune_pickups": null,
      "runes": null,
      "runes_log": null,
      "sen": null,
      "sen_left_log": null,
      "sen_log": null,
      "sen_placed": null,
      "stuns": null,
      "teamfight_participation": null,
      "times": null,
      "tower_damage": 1061,
      "towers_killed": null,
      "xp_per_min": 547,
      "xp_reasons": null,
      "xp_t": null,
      "start_time": 1669912062,
      "duration": 2518,
      "cluster": 185,
      "lobby_type": 7,
      "game_mode": 0,
      "is_contributor": false,
      "patch": 0,
      "region": 8,
      "isRadiant": false,
      "total_gold": 18129,
      "total_xp": 9659,
      "kills_per_min": 0.02382843526608419,
      "kda": 0,
      "abandons": 0,
      "rank_tier": null,
      "is_subscriber": false,
      "cosmetics": [],
      "benchmarks": {}
    },
    {
      "player_slot": 130,
      "ability_targets": null,
      "ability_upgrades_arr": [
        0,
        5159,
        5158,
        5160,
        5159,
        5161,
        0,
        5158,
        5159,
        5159,
        820,
        5161,
        -2364,
        5160,
        -893,
        0,
        0,
        350
      ],
      "ability_uses": null,
      "actions": null,
      "additional_units": null,
      "assists": 10,
      "backpack_0": 0,
      "backpack_1": 0,
      "backpack_2": 0,
      "backpack_3": null,
      "buyback_log": null,
      "camps_stacked": null,
      "connection_log": null,
      "creeps_stacked": null,
      "damage": null,
      "damage_inflictor": null,
      "damage_inflictor_received": null,
      "damage_taken": null,
      "damage_targets": null,
      "deaths": 0,
      "denies": 5,
      "dn_t": null,
      "firstblood_claimed": null,
      "gold": 741,
      "gold_per_min": 381,
      "gold_reasons": null,
      "gold_spent": 13475,
      "gold_t": null,
      "hero_damage": 23267,
      "hero_healing": 865,
      "hero_hits": null,
      "hero_id": 36,
      "item_0": 50,
      "item_1": 0,
      "item_2": 77,
      "item_3": 131,
      "item_4": -10,
      "item_5": 34,
      "item_neutral": 571,
      "item_uses": null,
      "kill_streaks": null,
      "killed": null,
      "killed_by": null,
      "kills": 0,
      "kills_log": null,
      "lane_pos": null,
      "last_hits": 0,
      "leaver_status": 0,
      "level": 20,
      "lh_t": null,
      "life_state": null,
      "max_hero_hit": null,
      "multi_kills": null,
      "net_worth": 13826,
      "obs": null,
      "obs_left_log": null,
      "obs_log": null,
      "obs_placed": null,
      "party_id": 1,
      "party_size": 5,
      "performance_others": null,
      "permanent_buffs": [
        {
          "permanent_buff": 6,
          "stack_count": 1,
          "grant_time": 2140
        },
        {
          "permanent_buff": 0,
          "stack_count": 0,
          "grant_time": 2428
        },
        {
          "permanent_buff": 14,
          "stack_count": 6,
          "grant_time": 702
        }
      ],
      "pings": null,
      "pred_vict": null,
      "purchase": null,
      "purchase_log": null,
      "randomed": null,
      "repicked": null,
      "roshans_killed": null,
      "rune_pickups": null,
      "runes": null,
      "runes_log": null,
      "sen": null,
      "sen_left_log": null,
      "sen_log": null,
      "sen_placed": null,
      "stuns": null,
      "teamfight_participation": null,
      "times": null,
      "tower_damage": 848,
      "towers_killed": null,
      "xp_per_min": 0,
      "xp_reasons": null,
      "xp_t": null,
      "personaname": "Bananaman",
      "name": null,
      "last_login": null,
      "start_time": -336688488,
      "duration": 2518,
      "cluster": 185,
      "lobby_type": 7,
      "game_mode": 22,
      "is_contributor": false,
      "patch": 51,
      "region": 8,
      "isRadiant": false,
      "total_gold": 50,
      "total_xp": 23291,
      "kills_per_min": 0.16679904686258934,
      "kda": 1,
      "abandons": 0,
      "rank_tier": 24,
      "is_subscriber": false,
      "cosmetics": [],
      "benchmarks": {
        "gold_per_min": {
          "raw": 381,
          "pct": 0.11538461538461539
        },
        "xp_per_min": {
          "raw": 555,
          "pct": 0.19230769230769232
        },
        "kills_per_min": {},
        "last_hits_per_min": {
          "raw": 3.6219221604447975,
          "pct": 0.11538461538461539
        },
        "hero_damage_per_min": {
          "raw": 554.4162033359809,
          "pct": 0.15384615384615385
        },
        "hero_healing_per_min": {
          "raw": 20.61159650516283,
          "pct": 0
        },
        "tower_damage": {
          "raw": -345,
          "pct": 0.38461538461538464
        },
        "stuns_per_min": {
          "raw": 0,
          "pct": 0
        },
        "lhten": {}
      }
    },
    {
      "player_slot": -9,
      "ability_targets": null,
      "ability_upgrades_arr": [],
      "ability_uses": null,
      "actions": null,
      "additional_units": null,
      "assists": 15,
      "backpack_0": -14,
      "backpack_1": 0,
      "backpack_2": 0,
      "backpack_3": null,
      "buyback_log": null,
      "camps_stacked": null,
      "connection_log": null,
      "creeps_stacked": null,
      "damage": null,
      "damage_inflictor": null,
      "damage_inflictor_received": null,
      "damage_taken": null,
      "damage_targets": null,
      "deaths": 10,
      "denies": 22,
      "dn_t": null,
      "firstblood_claimed": null,
      "gold": 497,
      "gold_per_min": 413,
      "gold_reasons": null,
      "gold_spent": 14155,
      "gold_t": null,
      "hero_damage": 25569,
      "hero_healing": 0,
      "hero_hits": null,
      "hero_id": 21,
      "item_0": 50,
      "item_1": 1,
      "item_2": 8,
      "item_3": 166,
      "item_4": 149,
      "item_5": -6,
      "item_neutral": 358,
      "item_uses": null,
      "kill_streaks": null,
      "killed": null,
      "killed_by": null,
      "kills": 2,
      "kills_log": null,
      "lane_pos": null,
      "last_hits": 187,
      "leaver_status": 0,
      "level": 18,
      "lh_t": null,
      "life_state": null,
      "max_hero_hit": null,
      "multi_kills": null,
      "net_worth": 12627,
      "obs": null,
      "obs_left_log": null,
      "obs_log": null,
      "obs_placed": null,
      "party_id": 0,
      "party_size": 5,
      "performance_others": null,
      "permanent_buffs": [
        {}
      ],
      "pings": null,
      "pred_vict": null,
      "purchase": null,
      "purchase_log": null,
      "randomed": null,
      "repicked": null,
      "roshans_killed": null,
      "rune_pickups": null,
      "runes": null,
      "runes_log": null,
      "sen": null,
      "sen_left_log": null,
      "sen_log": null,
      "sen_placed": null,
      "stuns": null,
      "teamfight_participation": null,
      "times": null,
      "tower_damage": 2268,
      "towers_killed": null,
      "xp_per_min": 124,
      "xp_reasons": null,
      "xp_t": null,
      "personaname": "HTF",
      "name": null,
      "last_login": null,
      "start_time": 0,
      "duration": 2518,
      "cluster": 185,
      "lobby_type": 7,
      "game_mode": 22,
      "is_contributor": false,
      "patch": 51,
      "region": 8,
      "isRadiant": false,
      "total_gold": 17332,
      "total_xp": 15154,
      "kills_per_min": 0.04765687053216838,
      "kda": 0,
      "abandons": 0,
      "rank_tier": 51,
      "is_subscriber": false,
      "cosmetics": [],
      "benchmarks": {
        "gold_per_min": {},
        "xp_per_min": {
          "raw": 458,
          "pct": 0.1
        },
        "kills_per_min": {
          "raw": 0.04765687053216838,
          "pct": 0
        },
        "last_hits_per_min": {
          "raw": 4.455917394757744,
          "pct": 0.425
        },
        "hero_damage_per_min": {},
        "hero_healing_per_min": {
          "raw": 0,
          "pct": 0.15916665438377803
        },
        "tower_damage": {
          "raw": 2268,
          "pct": 0.425
        },
        "stuns_per_min": {
          "raw": 0,
          "pct": 0
        },
        "lhten": {}
      }
    },
    {
      "player_slot": 132,
      "ability_targets": null,
      "ability_upgrades_arr": [
        5297,
        5299,
        0,
        5298,
        5298,
        5300,
        5298,
        5299,
        5299,
        -82,
        5299,
        0,
        -915,
        5297,
        6423,
        5297
      ],
      "ability_uses": null,
      "actions": null,
      "additional_units": null,
      "assists": 15,
      "backpack_0": 0,
      "backpack_1": 0,
      "backpack_2": 0,
      "backpack_3": null,
      "buyback_log": null,
      "camps_stacked": null,
      "connection_log": null,
      "creeps_stacked": null,
      "damage": null,
      "damage_inflictor": null,
      "damage_inflictor_received": null,
      "damage_taken": null,
      "damage_targets": null,
      "deaths": 7,
      "denies": 0,
      "dn_t": null,
      "firstblood_claimed": null,
      "gold": 418,
      "gold_per_min": -107,
      "gold_reasons": null,
      "gold_spent": 8630,
      "gold_t": null,
      "hero_damage": 13965,
      "hero_healing": 0,
      "hero_hits": null,
      "hero_id": 64,
      "item_0": 0,
      "item_1": 36,
      "item_2": 0,
      "item_3": 39,
      "item_4": 42,
      "item_5": 0,
      "item_neutral": 289,
      "item_uses": null,
      "kill_streaks": null,
      "killed": null,
      "killed_by": null,
      "kills": 0,
      "kills_log": null,
      "lane_pos": null,
      "last_hits": 36,
      "leaver_status": 0,
      "level": 17,
      "lh_t": null,
      "life_state": null,
      "max_hero_hit": null,
      "multi_kills": null,
      "net_worth": 7468,
      "obs": null,
      "obs_left_log": null,
      "obs_log": null,
      "obs_placed": null,
      "party_id": 0,
      "party_size": 5,
      "performance_others": null,
      "permanent_buffs": [
        {
          "permanent_buff": 6,
          "stack_count": 1,
          "grant_time": 1505
        }
      ],
      "pings": null,
      "pred_vict": null,
      "purchase": null,
      "purchase_log": null,
      "randomed": null,
      "repicked": null,
      "roshans_killed": null,
      "rune_pickups": null,
      "runes": null,
      "runes_log": null,
      "sen": null,
      "sen_left_log": null,
      "sen_log": null,
      "sen_placed": null,
      "stuns": null,
      "teamfight_participation": null,
      "times": null,
      "tower_damage": 1196,
      "towers_killed": null,
      "xp_per_min": 390,
      "xp_reasons": null,
      "xp_t": null,
      "start_time": 1669912062,
      "duration": 2518,
      "cluster": 185,
      "lobby_type": 7,
      "game_mode": 22,
      "is_contributor": false,
      "patch": 51,
      "region": 8,
      "isRadiant": false,
      "total_gold": 6534,
      "total_xp": 16367,
      "kda": 0,
      "abandons": 0,
      "rank_tier": null,
      "is_subscriber": false,
      "cosmetics": [],
      "benchmarks": {
        "gold_per_min": {
          "raw": 86,
          "pct": 0.15
        },
        "xp_per_min": {
          "raw": 390,
          "pct": 0.12210866706907614
        },
        "kills_per_min": {
          "raw": 0,
          "pct": 0.05
        },
        "last_hits_per_min": {
          "raw": 0.857823669579031,
          "pct": 0.2
        },
        "hero_damage_per_min": {
          "raw": 332.76409849086576,
          "pct": 0.08120945823974095
        },
        "hero_healing_per_min": {
          "raw": 0,
          "pct": 0.7
        },
        "tower_damage": {
          "raw": 1196,
          "pct": -0.11539839988481869
        },
        "stuns_per_min": {
          "raw": 0,
          "pct": 0.016666666666666666
        },
        "lhten": {}
      }
    }
  ],
  "patch": 51,
  "region": 8
}