{
  "chat": null,
  "cluster": 185,
  "cosmetics": null,
  "dire_score": 65,
  "dire_team_id": null,
  "draft_timings": null,
  "duration": 2666,
  "engine": 1,
  "first_blood_time": 3,
  "game_mode": 22,
  "human_players": 0,
  "leagueid": 0,
  "lobby_type": 0,
  "match_seq_num": 5780367116,
  "negative_votes": 0,
  "objectives": null,
  "picks_bans": [
    {
      "is_pick": true,
      "hero_id": 14,
      "team": 0,
      "order": 0
    },
    {
      "is_pick": true,
      "hero_id": 112,
      "team": 0,
      "order": 1
    },
    {
      "is_pick": true,
      "hero_id": 102,
      "team": 0,
      "order": 2
    },
    {
      "is_pick": true,
      "hero_id": 9,
      "team": 1,
      "order": 3
    },
    {
      "is_pick": true,
      "hero_id": 36,
      "team": 1,
      "order": 4
    },
    {
      "is_pick": true,
      "hero_id": 50,
      "team": 1,
      "order": 0
    },
    {
      "is_pick": true,
      "hero_id": 60,
      "team": 0,
      "order": 6
    },
    {
      "is_pick": true,
      "hero_id": 8,
      "team": 1,
      "order": 7
    },
    {
      "is_pick": true,
      "hero_id": 30,
      "team": 0,
      "order": 8
    },
    {
      "is_pick": true,
      "hero_id": 19,
      "team": 0,
      "order": 9
    },
    {
      "is_pick": true,
      "hero_id": -17,
      "team": 1,
      "order": 10
    },
    {},
    {
      "is_pick": false,
      "hero_id": 56,
      "team": 0,
      "order": 12
    },
    {
      "is_pick": false,
      "hero_id": 11,
      "team": 0,
      "order": 5
    },
    {
      "is_pick": false,
      "hero_id": 44,
      "team": 0,
      "order": 14
    },
    {
      "is_pick": false,
      "hero_id": 113,
      "team": 0,
      "order": 15
    },
    {
      "is_pick": false,
      "hero_id": 34,
      "team": 1,
      "order": 16
    },
    {
      "is_pick": false,
      "hero_id": 35,
      "team": 1,
      "order": 17
    }
  ],
  "positive_votes": 0,
  "radiant_gold_adv": null,
  "radiant_score": 38,
  "radiant_team_id": null,
  "radiant_xp_adv": null,
  "skill": null,
  "start_time": 1669911931,
  "teamfights": null,
  "version": null,
  "replay_salt": 1479209902,
  "series_id": 0,
  "series_type": 0,
  "players": [
    {
      "player_slot": 0,
      "ability_targets": null,
      "ability_upgrades_arr": [
        5275,
        5277,
        5275,
        5277,
        5275,
        5278,
        5275,
        5276,
        0,
        -227,
        0,
        5278,
        0,
        5276,
        480,
        5276,
        5278,
        6080
      ],
      "ability_uses": null,
      "actions": null,
      "additional_units": null,
      "assists": 21,
      "backpack_0": 86,
      "backpack_1": 111,
      "backpack_2": 0,
      "backpack_3": null,
      "buyback_log": null,
      "camps_stacked": null,
      "connection_log": null,
      "creeps_stacked": null,
      "damage": null,
      "damage_inflictor": null,
      "damage_inflictor_received": null,
      "damage_taken": null,
      "damage_targets": null,
      "deaths": 0,
      "denies": 17,
      "dn_t": null,
      "firstblood_claimed": null,
      "gold": 910,
      "gold_per_min": 362,
      "gold_reasons": null,
      "gold_spent": 12945,
      "gold_t": null,
      "hero_damage": 24672,
      "hero_healing": 0,
      "hero_hits": null,
      "hero_id": 60,
      "item_0": 73,
      "item_1": 50,
      "item_2": 9,
      "item_3": 143,
      "item_4": 1,
      "item_5": 35,
      "item_neutral": 331,
      "item_uses": null,
      "kill_streaks": null,
      "killed": null,
      "killed_by": null,
      "kills": 8,
      "kills_log": null,
      "lane_pos": null,
      "last_hits": 116,
      "leaver_status": 0,
      "level": 21,
      "lh_t": null,
      "life_state": null,
      "max_hero_hit": null,
      "multi_kills": null,
      "net_worth": 13765,
      "obs": null,
      "obs_left_log": null,
      "obs_log": null,
      "obs_placed": null,
      "party_id": 0,
      "party_size": 1,
      "performance_others": null,
      "permanent_buffs": [],
      "pings": null,
      "pred_vict": null,
      "purchase": null,
      "purchase_log": null,
      "randomed": null,
      "repicked": null,
      "roshans_killed": null,
      "rune_pickups": null,
      "runes": null,
      "runes_log": null,
      "sen": null,
      "sen_left_log": null,
      "sen_log": null,
      "sen_placed": null,
      "stuns": null,
      "teamfight_participation": null,
      "times": null,
      "tower_damage": 1647,
      "towers_killed": null,
      "xp_per_min": 534,
      "xp_reasons": null,
      "xp_t": null,
      "start_time": 1669911931,
      "duration": 2666,
      "cluster": 0,
      "lobby_type": 0,
      "game_mode": 22,
      "is_contributor": false,
      "patch": 51,
      "region": 8,
      "isRadiant": true,
      "total_gold": 16084,
      "total_xp": 23727,
      "kills_per_min": 0.18004501125281322,
      "kda": 2,
      "abandons": 0,
      "rank_tier": null,
      "is_subscriber": false,
      "cosmetics": [],
      "benchmarks": {
        "gold_per_min": {
          "raw": 362,
          "pct": 0
        },
        "xp_per_min": {
          "raw": 33,
          "pct": 0.2222222222222222
        },
        "kills_per_min": {
          "raw": 0.18004501125281322,
          "pct": -0.04596701165232334
        },
        "last_hits_per_min": {
          "raw": 2.6106526631657916,
          "pct": 0
        },
        "hero_damage_per_min": {
          "raw": 555.2588147036759,
          "pct": 0.5555555555555556
        },
        "hero_healing_per_min": {
          "raw": 0,
          "pct": 0
        },
        "tower_damage": {
          "raw": 1647,
          "pct": 0.5555555555555556
        },
        "stuns_per_min": {},
        "lhten": {}
      }
    },
    {
      "player_slot": 1,
      "ability_targets": null,
      "ability_upgrades_arr": [
        5586,
        5585,
        5587,
        0,
        5587,
        5588,
        5587,
        5586,
        5586,
        5587,
        5585,
        5588,
        5585,
        5585,
        5982,
        6142,
        5588,
        -1477
      ],
      "ability_uses": null,
      "actions": null,
      "additional_units": null,
      "assists": 13,
      "backpack_0": 0,
      "backpack_1": 0,
      "backpack_2": 0,
      "backpack_3": null,
      "buyback_log": null,
      "camps_stacked": null,
      "connection_log": null,
      "creeps_stacked": null,
      "damage": null,
      "damage_inflictor": null,
      "damage_inflictor_received": null,
      "damage_taken": null,
      "damage_targets": null,
      "deaths": 0,
      "denies": 0,
      "dn_t": null,
      "firstblood_claimed": null,
      "gold": 944,
      "gold_per_min": 358,
      "gold_reasons": null,
      "gold_spent": 13235,
      "gold_t": null,
      "hero_damage": 20255,
      "hero_healing": 540,
      "hero_hits": null,
      "hero_id": 102,
      "item_0": 88,
      "item_1": 24,
      "item_2": 214,
      "item_3": 36,
      "item_4": 112,
      "item_5": 0,
      "item_neutral": -122,
      "item_uses": null,
      "kill_streaks": null,
      "killed": null,
      "killed_by": null,
      "kills": 9,
      "kills_log": null,
      "lane_pos": null,
      "last_hits": 104,
      "leaver_status": 0,
      "level": 0,
      "lh_t": null,
      "life_state": null,
      "max_hero_hit": null,
      "multi_kills": null,
      "net_worth": 13469,
      "obs": null,
      "obs_left_log": null,
      "obs_log": null,
      "obs_placed": null,
      "party_id": 1,
      "party_size": 1,
      "performance_others": null,
      "permanent_buffs": [
        {
          "permanent_buff": 12,
          "stack_count": 0,
          "grant_time": 2137
        }
      ],
      "pings": null,
      "pred_vict": null,
      "purchase": null,
      "purchase_log": null,
      "randomed": null,
      "repicked": null,
      "roshans_killed": null,
      "rune_pickups": null,
      "runes": null,
      "runes_log": null,
      "sen": null,
      "sen_left_log": null,
      "sen_log": null,
      "sen_placed": null,
      "stuns": null,
      "teamfight_participation": null,
      "times": null,
      "tower_damage": 4300,
      "towers_killed": null,
      "xp_per_min": 498,
      "xp_reasons": null,
      "xp_t": null,
      "start_time": 1669911931,
      "duration": 0,
      "cluster": 185,
      "lobby_type": 0,
      "game_mode": 22,
      "is_contributor": false,
      "patch": 51,
      "region": 8,
      "isRadiant": true,
      "total_gold": 15907,
      "total_xp": 22127,
      "kills_per_min": 0.20255063765941486,
      "kda": 0,
      "abandons": 0,
      "rank_tier": null,
      "is_subscriber": false,
      "cosmetics": [],
      "benchmarks": {
        "gold_per_min": {},
        "xp_per_min": {
          "raw": 239,
          "pct": 0.17307692307692307
        },
        "kills_per_min": {},
        "last_hits_per_min": {
          "raw": 2.3405851462865717,
          "pct": 0.15384615384615385
        },
        "hero_damage_per_min": {
          "raw": 455.8514628657164,
          "pct": 0.3076923076923077
        },
        "hero_healing_per_min": {
          "raw": 12.153038259564891,
          "pct": 0.6153846153846154
        },
        "tower_damage": {
          "raw": 0,
          "pct": 0.5961538461538461
        },
        "stuns_per_min": {
          "raw": 0,
          "pct": 0.6153846153846154
        },
        "lhten": {}
      }
    },
    {
      "player_slot": 2,
      "ability_targets": null,
      "ability_upgrades_arr": [
        5651,
        20,
        5652,
        5653,
        5652,
        5654,
        5652,
        5651,
        5651,
        0,
        5651,
        5654,
        5653,
        5653,
        0,
        5653,
        5654,
        -206
      ],
      "ability_uses": null,
      "actions": null,
      "additional_units": null,
      "assists": 0,
      "backpack_0": 0,
      "backpack_1": 0,
      "backpack_2": 0,
      "backpack_3": null,
      "buyback_log": null,
      "camps_stacked": null,
      "connection_log": null,
      "creeps_stacked": null,
      "damage": null,
      "damage_inflictor": null,
      "damage_inflictor_received": null,
      "damage_taken": null,
      "damage_targets": null,
      "deaths": 11,
      "denies": 2,
      "dn_t": null,
      "firstblood_claimed": null,
      "gold": 2801,
      "gold_per_min": 32,
      "gold_reasons": null,
      "gold_spent": -2260,
      "gold_t": null,
      "hero_damage": 29263,
      "hero_healing": 5045,
      "hero_hits": null,
      "hero_id": 112,
      "item_0": 180,
      "item_1": 267,
      "item_2": 36,
      "item_3": 0,
      "item_4": 90,
      "item_5": 88,
      "item_neutral": 675,
      "item_uses": null,
      "kill_streaks": null,
      "killed": null,
      "killed_by": null,
      "kills": 3,
      "kills_log": null,
      "lane_pos": null,
      "last_hits": 3,
      "leaver_status": 0,
      "level": 21,
      "lh_t": null,
      "life_state": null,
      "max_hero_hit": null,
      "multi_kills": null,
      "net_worth": 11561,
      "obs": null,
      "obs_left_log": null,
      "obs_log": null,
      "obs_placed": null,
      "party_id": 2,
      "party_size": 0,
      "performance_others": null,
      "permanent_buffs": [],
      "pings": null,
      "pred_vict": null,
      "purchase": null,
      "purchase_log": null,
      "randomed": null,
      "repicked": null,
      "roshans_killed": null,
      "rune_pickups": null,
      "runes": null,
      "runes_log": null,
      "sen": null,
      "sen_left_log": null,
      "sen_log": null,
      "sen_placed": null,
      "stuns": null,
      "teamfight_participation": null,
      "times": null,
      "tower_damage": 1098,
      "towers_killed": null,
      "xp_per_min": 559,
      "xp_reasons": null,
      "xp_t": null,
      "start_time": 1669911931,
      "duration": 2666,
      "cluster": 78,
      "lobby_type": 0,
      "game_mode": 22,
      "is_contributor": false,
      "patch": 22,
      "region": 8,
      "isRadiant": true,
      "total_gold": 14663,
      "total_xp": 24838,
      "kills_per_min": 0.019030898224677083,
      "kda": 0,
      "abandons": 0,
      "rank_tier": null,
      "is_subscriber": false,
      "cosmetics": [],
      "benchmarks": {
        "gold_per_min": {
          "raw": 330,
          "pct": 0.2857142857142857
        },
        "xp_per_min": {
          "raw": 559,
          "pct": -0.2143979900921956
        },
        "kills_per_min": {
          "raw": 0.06751687921980495,
          "pct": 0.42857142857142855
        },
        "last_hits_per_min": {
          "raw": 1.3953488372093024,
          "pct": 0.42857142857142855
        },
        "hero_damage_per_min": {
          "raw": 658.582145536384,
          "pct": 0.7142857142857143
        },
        "hero_healing_per_min": {
          "raw": 113.54088522130533,
          "pct": 0.7142857142857143
        },
        "tower_damage": {
          "raw": 1098,
          "pct": 0.8571428571428571
        },
        "stuns_per_min": {
          "raw": 0,
          "pct": 0
        },
        "lhten": {}
      }
    },
    {
      "player_slot": 3,
      "ability_targets": null,
      "ability_upgrades_arr": [
        5108,
        5106,
        6937,
        0,
        5108,
        0,
        5108,
        1994,
        5106,
        5918,
        5106,
        -1284,
        5107,
        0,
        753,
        5107,
        5109,
        718
      ],
      "ability_uses": null,
      "actions": null,
      "additional_units": null,
      "assists": 0,
      "backpack_0": 0,
      "backpack_1": 0,
      "backpack_2": 0,
      "backpack_3": null,
      "buyback_log": null,
      "camps_stacked": null,
      "connection_log": null,
      "creeps_stacked": null,
      "damage": null,
      "damage_inflictor": null,
      "damage_inflictor_received": null,
      "damage_taken": null,
      "damage_targets": null,
      "deaths": 0,
      "denies": 2,
      "dn_t": null,
      "firstblood_claimed": null,
      "gold": 1155,
      "gold_per_min": 524,
      "gold_reasons": null,
      "gold_spent": 18240,
      "gold_t": null,
      "hero_damage": 36903,
      "hero_healing": 0,
      "hero_hits": null,
      "hero_id": 19,
      "item_0": 0,
      "item_1": 249,
      "item_2": 63,
      "item_3": 252,
      "item_4": 149,
      "item_5": 140,
      "item_neutral": 573,
      "item_uses": null,
      "kill_streaks": null,
      "killed": null,
      "killed_by": null,
      "kills": 8,
      "kills_log": null,
      "lane_pos": null,
      "last_hits": 271,
      "leaver_status": 0,
      "level": 0,
      "lh_t": null,
      "life_state": null,
      "max_hero_hit": null,
      "multi_kills": null,
      "net_worth": 179,
      "obs": null,
      "obs_left_log": null,
      "obs_log": null,
      "obs_placed": null,
      "party_id": 3,
      "party_size": 1,
      "performance_others": null,
      "permanent_buffs": [
        {
          "permanent_buff": -5,
          "stack_count": 0,
          "grant_time": 1863
        }
      ],
      "pings": null,
      "pred_vict": null,
      "purchase": null,
      "purchase_log": null,
      "randomed": null,
      "repicked": null,
      "roshans_killed": null,
      "rune_pickups": null,
      "runes": null,
      "runes_log": null,
      "sen": null,
      "sen_left_log": null,
      "sen_log": null,
      "sen_placed": null,
      "stuns": null,
      "teamfight_participation": null,
      "times": null,
      "tower_damage": 10879,
      "towers_killed": null,
      "xp_per_min": 685,
      "xp_reasons": null,
      "xp_t": null,
      "start_time": 1669911931,
      "duration": 2666,
      "cluster": 185,
      "lobby_type": 0,
      "game_mode": 10,
      "is_contributor": false,
      "patch": -11,
      "region": 8,
      "isRadiant": true,
      "total_gold": 17419,
      "total_xp": 30436,
      "kills_per_min": 0.18004501125281322,
      "kda": 0,
      "abandons": 0,
      "rank_tier": null,
      "is_subscriber": false,
      "cosmetics": [],
      "benchmarks": {
        "gold_per_min": {
          "raw": 0,
          "pct": 0.8588235294117647
        },
        "xp_per_min": {
          "raw": 685,
          "pct": 0.8117647058823529
        },
        "kills_per_min": {
          "raw": 0.18004501125281322,
          "pct": -0.28891993879580397
        },
        "last_hits_per_min": {
          "raw": 6.099024756189047,
          "pct": 0.8823529411764706
        },
        "hero_damage_per_min": {
          "raw": 830.5251312828207,
          "pct": 0.9294117647058824
        },
        "hero_healing_per_min": {
          "raw": 0,
          "pct": 0.8941176470588236
        },
        "tower_damage": {
          "raw": 10879,
          "pct": 1
        },
        "stuns_per_min": {
          "raw": 0,
          "pct": 0
        },
        "lhten": {}
      }
    },
    {
      "player_slot": 0,
      "ability_targets": null,
      "ability_upgrades_arr": [
        -1578,
        5140,
        -1457,
        5139,
        5138,
        5141,
        -1366,
        5138,
        5140,
        5140,
        417,
        5141,
        5139,
        5139,
        0,
        2255,
        5141,
        555
      ],
      "ability_uses": null,
      "actions": null,
      "additional_units": null,
      "assists": 19,
      "backpack_0": 77,
      "backpack_1": 86,
      "backpack_2": 0,
      "backpack_3": null,
      "buyback_log": null,
      "camps_stacked": null,
      "connection_log": null,
      "creeps_stacked": null,
      "damage": null,
      "damage_inflictor": null,
      "damage_inflictor_received": null,
      "damage_taken": null,
      "damage_targets": null,
      "deaths": 19,
      "denies": 4,
      "dn_t": null,
      "firstblood_claimed": null,
      "gold": 31,
      "gold_per_min": 343,
      "gold_reasons": null,
      "gold_spent": 14200,
      "gold_t": null,
      "hero_damage": 34700,
      "hero_healing": 8311,
      "hero_hits": null,
      "hero_id": 30,
      "item_0": -52,
      "item_1": 1,
      "item_2": 42,
      "item_3": 79,
      "item_4": 108,
      "item_5": 77,
      "item_neutral": 589,
      "item_uses": null,
      "kill_streaks": null,
      "killed": null,
      "killed_by": null,
      "kills": 7,
      "kills_log": null,
      "lane_pos": null,
      "last_hits": 76,
      "leaver_status": 0,
      "level": 20,
      "lh_t": null,
      "life_state": null,
      "max_hero_hit": null,
      "multi_kills": null,
      "net_worth": 12491,
      "obs": null,
      "obs_left_log": null,
      "obs_log": null,
      "obs_placed": null,
      "party_id": 1,
      "party_size": 1,
      "performance_others": null,
      "permanent_buffs": [
        {
          "permanent_buff": 6,
          "stack_count": 4,
          "grant_time": 932
        },
        {
          "permanent_buff": 12,
          "stack_count": 0,
          "grant_time": 1373
        }
      ],
      "pings": null,
      "pred_vict": null,
      "purchase": null,
      "purchase_log": null,
      "randomed": null,
      "repicked": null,
      "roshans_killed": null,
      "rune_pickups": null,
      "runes": null,
      "runes_log": null,
      "sen": null,
      "sen_left_log": null,
      "sen_log": null,
      "sen_placed": null,
      "stuns": null,
      "teamfight_participation": null,
      "times": null,
      "tower_damage": 579,
      "towers_killed": null,
      "xp_per_min": 0,
      "xp_reasons": null,
      "xp_t": null,
      "start_time": 1669911931,
      "duration": -1149,
      "cluster": 185,
      "lobby_type": 0,
      "game_mode": 22,
      "is_contributor": false,
      "patch": 51,
      "region": 8,
      "isRadiant": true,
      "total_gold": 1544,
      "total_xp": 22127,
      "kills_per_min": 0.15753938484621158,
      "kda": 0,
      "abandons": 0,
      "rank_tier": null,
      "is_subscriber": false,
      "cosmetics": [],
      "benchmarks": {
        "gold_per_min": {
          "raw": 343,
          "pct": 0.21701118567417216
        },
        "xp_per_min": {
          "raw": 0,
          "pct": 0.6153846153846154
        },
        "kills_per_min": {
          "raw": 0.15753938484621155,
          "pct": 0.38461538461538464
        },
        "last_hits_per_min": {
          "raw": 1.7104276069017255,
          "pct": 0.7948717948717948
        },
        "hero_damage_per_min": {
          "raw": 780.9452363090772,
          "pct": 0.9487179487179487
        },
        "hero_healing_per_min": {
          "raw": 187.0442610652663,
          "pct": 0.8974358974358975
        },
        "tower_damage": {
          "raw": 0,
          "pct": 0.8717948717948718
        },
        "stuns_per_min": {
          "raw": 0,
          "pct": 0.02564102564102564
        },
        "lhten": {}
      }
    },
    {
      "player_slot": 128,
      "ability_targets": null,
      "ability_upgrades_arr": [
        0,
        5159,
        5158,
        5159,
        5158,
        5161,
        5158,
        5159,
        0,
        5159,
        5160,
        5161,
        0,
        0,
        7110,
        5160,
        5161,
        0,
        6703,
        1049,
        7111
      ],
      "ability_uses": null,
      "actions": null,
      "additional_units": null,
      "assists": 23,
      "backpack_0": 0,
      "backpack_1": 0,
      "backpack_2": 0,
      "backpack_3": null,
      "buyback_log": null,
      "camps_stacked": null,
      "connection_log": null,
      "creeps_stacked": null,
      "damage": null,
      "damage_inflictor": null,
      "damage_inflictor_received": null,
      "damage_taken": null,
      "damage_targets": null,
      "deaths": 8,
      "denies": 0,
      "dn_t": null,
      "firstblood_claimed": null,
      "gold": 8694,
      "gold_per_min": 752,
      "gold_reasons": null,
      "gold_spent": 23890,
      "gold_t": null,
      "hero_damage": 84214,
      "hero_healing": 4563,
      "hero_hits": null,
      "hero_id": 36,
      "item_0": 116,
      "item_1": 36,
      "item_2": 0,
      "item_3": 2,
      "item_4": 137,
      "item_5": 114,
      "item_neutral": 358,
      "item_uses": null,
      "kill_streaks": null,
      "killed": null,
      "killed_by": null,
      "kills": 0,
      "kills_log": null,
      "lane_pos": null,
      "last_hits": 258,
      "leaver_status": 0,
      "level": 28,
      "lh_t": null,
      "life_state": null,
      "max_hero_hit": null,
      "multi_kills": null,
      "net_worth": 31144,
      "obs": null,
      "obs_left_log": null,
      "obs_log": null,
      "obs_placed": null,
      "party_id": 5,
      "party_size": 1,
      "performance_others": null,
      "permanent_buffs": [
        {
          "permanent_buff": 2,
          "stack_count": 0,
          "grant_time": -1205
        },
        {
          "permanent_buff": 14,
          "stack_count": 10,
          "grant_time": 640
        }
      ],
      "pings": null,
      "pred_vict": null,
      "purchase": null,
      "purchase_log": null,
      "randomed": null,
      "repicked": null,
      "roshans_killed": null,
      "rune_pickups": null,
      "runes": null,
      "runes_log": null,
      "sen": null,
      "sen_left_log": null,
      "sen_log": null,
      "sen_placed": null,
      "stuns": null,
      "teamfight_participation": null,
      "times": null,
      "tower_damage": 2373,
      "towers_killed": null,
      "xp_per_min": 1027,
      "xp_reasons": null,
      "xp_t": null,
      "personaname": "Ron__",
      "name": null,
      "last_login": null,
      "start_time": 1669911931,
      "duration": 0,
      "cluster": 185,
      "lobby_type": 0,
      "game_mode": 22,
      "is_contributor": false,
      "patch": 51,
      "region": 8,
      "isRadiant": false,
      "total_gold": 7501,
      "total_xp": 45633,
      "kills_per_min": 0.6526631657914479,
      "kda": 5,
      "abandons": 0,
      "rank_tier": 21,
      "is_subscriber": false,
      "cosmetics": [],
      "benchmarks": {}
    },
    {
      "player_slot": 0,
      "ability_targets": null,
      "ability_upgrades_arr": [
        -413,
        5235,
        157,
        5235,
        -2484,
        7304,
        5233,
        -674,
        0,
        5941,
        5235,
        7304,
        -486,
        5234,
        1018,
        5234,
        7304,
        6528,
        6049
      ],
      "ability_uses": null,
      "actions": null,
      "additional_units": null,
      "assists": 36,
      "backpack_0": 573,
      "backpack_1": 0,
      "backpack_2": 0,
      "backpack_3": null,
      "buyback_log": null,
      "camps_stacked": null,
      "connection_log": null,
      "creeps_stacked": null,
      "damage": null,
      "damage_inflictor": null,
      "damage_inflictor_received": null,
      "damage_taken": null,
      "damage_targets": null,
      "deaths": 9,
      "denies": 1,
      "dn_t": null,
      "firstblood_claimed": null,
      "gold": 2242,
      "gold_per_min": 501,
      "gold_reasons": null,
      "gold_spent": 19470,
      "gold_t": null,
      "hero_damage": 27238,
      "hero_healing": 8125,
      "hero_hits": null,
      "hero_id": 50,
      "item_0": 16,
      "item_1": 92,
      "item_2": 263,
      "item_3": 98,
      "item_4": 16,
      "item_5": 231,
      "item_neutral": 589,
      "item_uses": null,
      "kill_streaks": null,
      "killed": null,
      "killed_by": null,
      "kills": 12,
      "kills_log": null,
      "lane_pos": null,
      "last_hits": 95,
      "leaver_status": 0,
      "level": 25,
      "lh_t": null,
      "life_state": null,
      "max_hero_hit": null,
      "multi_kills": null,
      "net_worth": 0,
      "obs": null,
      "obs_left_log": null,
      "obs_log": null,
      "obs_placed": null,
      "party_id": 6,
      "party_size": 1,
      "performance_others": null,
      "permanent_buffs": [
        {
          "permanent_buff": 12,
          "stack_count": 0,
          "grant_time": 1217
        }
      ],
      "pings": null,
      "pred_vict": null,
      "purchase": null,
      "purchase_log": null,
      "randomed": null,
      "repicked": null,
      "roshans_killed": null,
      "rune_pickups": null,
      "runes": null,
      "runes_log": null,
      "sen": null,
      "sen_left_log": null,
      "sen_log": null,
      "sen_placed": null,
      "stuns": null,
      "teamfight_participation": null,
      "times": null,
      "tower_damage": 2444,
      "towers_killed": null,
      "xp_per_min": 6,
      "xp_reasons": null,
      "xp_t": null,
      "personaname": "ойбоймен",
      "name": null,
      "last_login": null,
      "start_time": 0,
      "duration": 2666,
      "cluster": 0,
      "lobby_type": 0,
      "game_mode": 22,
      "is_contributor": false,
      "patch": 51,
      "region": 8,
      "isRadiant": false,
      "total_gold": 22261,
      "total_xp": 35102,
      "kills_per_min": 0.2700675168792198,
      "kda": 2,
      "abandons": 0,
      "rank_tier": 22,
      "is_subscriber": false,
      "cosmetics": [],
      "benchmarks": {
        "gold_per_min": {
          "raw": 0,
          "pct": 1
        },
        "xp_per_min": {
          "raw": 790,
          "pct": 1
        },
        "kills_per_min": {},
        "last_hits_per_min": {
          "raw": 2.1380345086271566,
          "pct": 0.0026477203759625646
        },
        "hero_damage_per_min": {
          "raw": 613.0082520630158,
          "pct": 1
        },
        "hero_healing_per_min": {},
        "tower_damage": {
          "raw": 2444,
          "pct": 0.95
        },
        "stuns_per_min": {},
        "lhten": {}
      }
    },
    {
      "player_slot": 130,
      "ability_targets": null,
      "ability_upgrades_arr": [
        5028,
        5027,
        5028,
        5029,
        5028,
        5030,
        5028,
        5029,
        5027,
        5921,
        5027,
        5030,
        5027,
        0,
        628,
        5029,
        -702,
        7021
      ],
      "ability_uses": null,
      "actions": null,
      "additional_units": null,
      "assists": 19,
      "backpack_0": 0,
      "backpack_1": 0,
      "backpack_2": 0,
      "backpack_3": null,
      "buyback_log": null,
      "camps_stacked": null,
      "connection_log": null,
      "creeps_stacked": null,
      "damage": null,
      "damage_inflictor": null,
      "damage_inflictor_received": null,
      "damage_taken": null,
      "damage_targets": null,
      "deaths": 8,
      "denies": 6,
      "dn_t": null,
      "firstblood_claimed": null,
      "gold": 0,
      "gold_per_min": 558,
      "gold_reasons": null,
      "gold_spent": 18600,
      "gold_t": null,
      "hero_damage": 27690,
      "hero_healing": 0,
      "hero_hits": null,
      "hero_id": 8,
      "item_0": 135,
      "item_1": 11,
      "item_2": 50,
      "item_3": 143,
      "item_4": 166,
      "item_5": 116,
      "item_neutral": 376,
      "item_uses": null,
      "kill_streaks": null,
      "killed": null,
      "killed_by": null,
      "kills": 8,
      "kills_log": null,
      "lane_pos": null,
      "last_hits": 0,
      "leaver_status": 0,
      "level": 24,
      "lh_t": null,
      "life_state": null,
      "max_hero_hit": null,
      "multi_kills": null,
      "net_worth": 23986,
      "obs": null,
      "obs_left_log": null,
      "obs_log": null,
      "obs_placed": null,
      "party_id": 7,
      "party_size": 1,
      "performance_others": null,
      "permanent_buffs": [
        {
          "permanent_buff": 6,
          "stack_count": 2,
          "grant_time": 0
        },
        {
          "permanent_buff": 12,
          "stack_count": 0,
          "grant_time": 1671
        }
      ],
      "pings": null,
      "pred_vict": null,
      "purchase": null,
      "purchase_log": null,
      "randomed": null,
      "repicked": null,
      "roshans_killed": null,
      "rune_pickups": null,
      "runes": null,
      "runes_log": null,
      "sen": null,
      "sen_left_log": null,
      "sen_log": null,
      "sen_placed": null,
      "stuns": null,
      "teamfight_participation": null,
      "times": null,
      "tower_damage": 0,
      "towers_killed": null,
      "xp_per_min": 740,
      "xp_reasons": null,
      "xp_t": null,
      "start_time": 1669911931,
      "duration": 2666,
      "cluster": 16,
      "lobby_type": 0,
      "game_mode": 22,
      "is_contributor": false,
      "patch": 51,
      "region": 8,
      "isRadiant": false,
      "total_gold": 10805,
      "total_xp": 32880,
      "kills_per_min": 0.18004501125281322,
      "kda": 3,
      "abandons": 0,
      "rank_tier": null,
      "is_subscriber": false,
      "cosmetics": [],
      "benchmarks": {
        "gold_per_min": {
          "raw": 558,
          "pct": 0.3333333333333333
        },
        "xp_per_min": {
          "raw": 740,
          "pct": 0.3939393939393939
        },
        "kills_per_min": {
          "raw": 0.18004501125281322,
          "pct": 0.30303030303030304
        },
        "last_hits_per_min": {
          "raw": 6.0765191297824455,
          "pct": 0.15151515151515152
        },
        "hero_damage_per_min": {},
        "hero_healing_per_min": {
          "raw": 174.39609902475618,
          "pct": 0.6666666666666666
        },
        "tower_damage": {
          "raw": 11874,
          "pct": 0.696969696969697
        },
        "stuns_per_min": {
          "raw": 0,
          "pct": 0.3333333333333333
        },
        "lhten": {}
      }
    },
    {
      "player_slot": 131,
      "ability_targets": null,
      "ability_upgrades_arr": [
        5353,
        5355,
        7301,
        0,
        5355,
        0,
        5355,
        0,
        5353,
        1342,
        7301,
        5356,
        0,
        7301,
        5940,
        0,
        5356,
        0,
        6543,
        5931,
        6296,
        22
      ],
      "ability_uses": null,
      "actions": null,
      "additional_units": null,
      "assists": 28,
      "backpack_0": 336,
      "backpack_1": 16,
      "backpack_2": 92,
      "backpack_3": null,
      "buyback_log": null,
      "camps_stacked": null,
      "connection_log": null,
      "creeps_stacked": null,
      "damage": null,
      "damage_inflictor": null,
      "damage_inflictor_received": null,
      "damage_taken": null,
      "damage_targets": null,
      "deaths": 7,
      "denies": 2,
      "dn_t": null,
      "firstblood_claimed": null,
      "gold": -642,
      "gold_per_min": 642,
      "gold_reasons": null,
      "gold_spent": 11126,
      "gold_t": null,
      "hero_damage": 41206,
      "hero_healing": 0,
      "hero_hits": null,
      "hero_id": 71,
      "item_0": 141,
      "item_1": 0,
      "item_2": 29,
      "item_3": 249,
      "item_4": 2,
      "item_5": 135,
      "item_neutral": 381,
      "item_uses": null,
      "kill_streaks": null,
      "killed": null,
      "killed_by": null,
      "kills": 15,
      "kills_log": null,
      "lane_pos": null,
      "last_hits": 182,
      "leaver_status": 0,
      "level": 29,
      "lh_t": null,
      "life_state": null,
      "max_hero_hit": null,
      "multi_kills": null,
      "net_worth": 27556,
      "obs": null,
      "obs_left_log": null,
      "obs_log": null,
      "obs_placed": null,
      "party_id": 8,
      "party_size": 1,
      "performance_others": null,
      "permanent_buffs": [],
      "pings": null,
      "pred_vict": null,
      "purchase": null,
      "purchase_log": null,
      "randomed": null,
      "repicked": null,
      "roshans_killed": null,
      "rune_pickups": null,
      "runes": null,
      "runes_log": null,
      "sen": null,
      "sen_left_log": null,
      "sen_log": null,
      "sen_placed": null,
      "stuns": null,
      "teamfight_participation": null,
      "times": null,
      "tower_damage": 6765,
      "towers_killed": null,
      "xp_per_min": 928,
      "xp_reasons": null,
      "xp_t": null,
      "personaname": "Tayga",
      "name": null,
      "last_login": null,
      "start_time": 1669911931,
      "duration": -621,
      "cluster": 185,
      "lobby_type": 0,
      "game_mode": 22,
      "is_contributor": false,
      "patch": 51,
      "region": 8,
      "isRadiant": false,
      "total_gold": 17185,
      "total_xp": 2987,
      "kills_per_min": 0.3375843960990248,
      "kda": 0,
      "abandons": 0,
      "rank_tier": 15,
      "is_subscriber": false,
      "cosmetics": [],
      "benchmarks": {
        "gold_per_min": {
          "raw": 642,
          "pct": 0.975
        },
        "xp_per_min": {
          "raw": 928,
          "pct": 1
        },
        "kills_per_min": {
          "raw": 0.33758439609902474,
          "pct": 0
        },
        "last_hits_per_min": {
          "raw": 4.0960240060015005,
          "pct": 0.55
        },
        "hero_damage_per_min": {
          "raw": 927.3668417104276,
          "pct": 0
        },
        "hero_healing_per_min": {
          "raw": 0,
          "pct": 0.925
        },
        "tower_damage": {
          "raw": 6765,
          "pct": 0.95
        },
        "stuns_per_min": {
          "raw": 0,
          "pct": 0
        },
        "lhten": {}
      }
    },
    {
      "player_slot": 0,
      "ability_targets": null,
      "ability_upgrades_arr": [
        5051,
        5048,
        5050,
        5048
      ],
      "ability_uses": null,
      "actions": null,
      "additional_units": null,
      "assists": 1,
      "backpack_0": 0,
      "backpack_1": 0,
      "backpack_2": 0,
      "backpack_3": null,
      "buyback_log": null,
      "camps_stacked": null,
      "connection_log": null,
      "creeps_stacked": null,
      "damage": null,
      "damage_inflictor": null,
      "damage_inflictor_received": null,
      "damage_taken": null,
      "damage_targets": null,
      "deaths": 6,
      "denies": 0,
      "dn_t": null,
      "firstblood_claimed": null,
      "gold": 0,
      "gold_per_min": 172,
      "gold_reasons": null,
      "gold_spent": 1210,
      "gold_t": null,
      "hero_damage": 1254,
      "hero_healing": 0,
      "hero_hits": null,
      "hero_id": 9,
      "item_0": 0,
      "item_1": 0,
      "item_2": 0,
      "item_3": 0,
      "item_4": 0,
      "item_5": 0,
      "item_neutral": 0,
      "item_uses": null,
      "kill_streaks": null,
      "killed": null,
      "killed_by": null,
      "kills": 0,
      "kills_log": null,
      "lane_pos": null,
      "last_hits": 11,
      "leaver_status": 2,
      "level": 8,
      "lh_t": null,
      "life_state": null,
      "max_hero_hit": null,
      "multi_kills": null,
      "net_worth": 100,
      "obs": null,
      "obs_left_log": null,
      "obs_log": null,
      "obs_placed": null,
      "party_id": 9,
      "party_size": 1,
      "performance_others": null,
      "permanent_buffs": [],
      "pings": null,
      "pred_vict": null,
      "purchase": null,
      "purchase_log": null,
      "randomed": null,
      "repicked": null,
      "roshans_killed": null,
      "rune_pickups": null,
      "runes": null,
      "runes_log": null,
      "sen": null,
      "sen_left_log": null,
      "sen_log": null,
      "sen_placed": null,
      "stuns": null,
      "teamfight_participation": null,
      "times": null,
      "tower_damage": 85,
      "towers_killed": null,
      "xp_per_min": 96,
      "xp_reasons": null,
      "xp_t": null,
      "start_time": 1669911931,
      "duration": 2666,
      "cluster": 185,
      "lobby_type": 0,
      "game_mode": 22,
      "is_contributor": false,
      "patch": 51,
      "region": 8,
      "isRadiant": false,
      "total_gold": 7642,
      "total_xp": 465,
      "kda": 0,
      "abandons": 1,
      "rank_tier": null,
      "is_subscriber": false,
      "cosmetics": [],
      "benchmarks": {
        "gold_per_min": {
          "raw": 172,
          "pct": 0
        },
        "xp_per_min": {
          "raw": 96,
          "pct": 0
        },
        "kills_per_min": {
          "raw": 0,
          "pct": 0.03636363636363636
        },
        "last_hits_per_min": {
          "raw": 0.24756189047261815,
          "pct": 0
        },
        "hero_damage_per_min": {
          "raw": 1.203444801119116,
          "pct": 0
        },
        "hero_healing_per_min": {
          "raw": 0,
          "pct": 0.10987310920489736
        },
        "tower_damage": {
          "raw": 16,
          "pct": 0.14545454545454545
        },
        "stuns_per_min": {
          "raw": 0,
          "pct": 0
        },
        "lhten": {}
      }
    }
  ],
  "patch": 51,
  "region": 8
}