{
  "chat": null,
  "cluster": 182,
  "cosmetics": null,
  "dire_score": 50,
  "dire_team_id": null,
  "draft_timings": null,
  "duration": -762,
  "engine": 1,
  "first_blood_time": 61,
  "game_mode": 22,
  "human_players": 10,
  "leagueid": 0,
  "lobby_type": 7,
  "match_seq_num": 5780361589,
  "negative_votes": 0,
  "objectives": null,
  "picks_bans": [
    {
      "is_pick": true,
      "hero_id": 14,
      "team": 0,
      "order": 0
    },
    {
      "is_pick": true,
      "hero_id": 84,
      "team": 1,
      "order": 1
    },
    {
      "is_pick": true,
      "hero_id": 105,
      "team": 0,
      "order": 2
    },
    {
      "is_pick": true,
      "hero_id": 29,
      "team": 0,
      "order": 3
    },
    {
      "is_pick": true,
      "hero_id": 44,
      "team": 1,
      "order": 4
    },
    {
      "is_pick": true,
      "hero_id": 110,
      "team": 1,
      "order": 5
    },
    {
      "is_pick": true,
      "hero_id": 74,
      "team": 0,
      "order": 6
    },
    {
      "is_pick": true,
      "hero_id": 71,
      "team": 0,
      "order": 7
    },
    {},
    {
      "is_pick": true,
      "hero_id": 97,
      "team": 1,
      "order": 9
    },
    {
      "is_pick": false,
      "hero_id": 75,
      "team": 0,
      "order": 10
    },
    {
      "is_pick": false,
      "hero_id": 35,
      "team": 0,
      "order": 11
    },
    {
      "is_pick": false,
      "hero_id": 33,
      "team": 0,
      "order": 12
    },
    {
      "is_pick": false,
      "hero_id": 11,
      "team": 0,
      "order": 2
    },
    {},
    {
      "is_pick": false,
      "hero_id": 56,
      "team": 1,
      "order": 15
    },
    {
      "is_pick": false,
      "hero_id": 0,
      "team": 1,
      "order": 16
    }
  ],
  "positive_votes": 0,
  "radiant_gold_adv": null,
  "radiant_score": 32,
  "radiant_team_id": null,
  "radiant_xp_adv": null,
  "skill": null,
  "start_time": 1669911832,
  "teamfights": null,
  "version": null,
  "replay_salt": 194105462,
  "series_id": 0,
  "series_type": 0,
  "players": [
    {
      "player_slot": 0,
      "ability_targets": null,
      "ability_upgrades_arr": [
        5372,
        0,
        5372,
        5370,
        5370,
        5372,
        5370,
        5372,
        5371,
        5372,
        5372,
        -1787,
        5372,
        5371,
        5371,
        -2344,
        315,
        5371,
        6099,
        6811,
        5371,
        5370,
        5370
      ],
      "ability_uses": null,
      "actions": null,
      "additional_units": null,
      "assists": 0,
      "backpack_0": 0,
      "backpack_1": 0,
      "backpack_2": 0,
      "backpack_3": null,
      "buyback_log": null,
      "camps_stacked": null,
      "connection_log": null,
      "creeps_stacked": null,
      "damage": null,
      "damage_inflictor": null,
      "damage_inflictor_received": null,
      "damage_taken": null,
      "damage_targets": null,
      "deaths": 8,
      "denies": 22,
      "dn_t": null,
      "firstblood_claimed": null,
      "gold": 1065,
      "gold_per_min": 506,
      "gold_reasons": null,
      "gold_spent": 17065,
      "gold_t": null,
      "hero_damage": 29151,
      "hero_healing": 0,
      "hero_hits": null,
      "hero_id": 74,
      "item_0": 0,
      "item_1": 77,
      "item_2": 116,
      "item_3": 65,
      "item_4": 0,
      "item_5": 0,
      "item_neutral": 289,
      "item_uses": null,
      "kill_streaks": null,
      "killed": null,
      "killed_by": null,
      "kills": 8,
      "kills_log": null,
      "lane_pos": null,
      "last_hits": 218,
      "leaver_status": 0,
      "level": 23,
      "lh_t": null,
      "life_state": null,
      "max_hero_hit": null,
      "multi_kills": null,
      "net_worth": 17395,
      "obs": null,
      "obs_left_log": null,
      "obs_log": null,
      "obs_placed": null,
      "party_id": 0,
      "party_size": 5,
      "performance_others": null,
      "permanent_buffs": [
        {
          "permanent_buff": 6,
          "stack_count": 1,
          "grant_time": 1459
        },
        {}
      ],
      "pings": null,
      "pred_vict": null,
      "purchase": null,
      "purchase_log": null,
      "randomed": null,
      "repicked": null,
      "roshans_killed": null,
      "rune_pickups": null,
      "runes": null,
      "runes_log": null,
      "sen": null,
      "sen_left_log": null,
      "sen_log": null,
      "sen_placed": null,
      "stuns": null,
      "teamfight_participation": null,
      "times": null,
      "tower_damage": 2469,
      "towers_killed": null,
      "xp_per_min": 753,
      "xp_reasons": null,
      "xp_t": null,
      "start_time": -245166924,
      "duration": 2377,
      "cluster": 182,
      "lobby_type": 7,
      "game_mode": 22,
      "is_contributor": false,
      "patch": 51,
      "region": 8,
      "isRadiant": true,
      "total_gold": 20046,
      "total_xp": 28606,
      "kills_per_min": 0.20193521245267143,
      "kda": 2,
      "abandons": 0,
      "rank_tier": null,
      "is_subscriber": false,
      "cosmetics": [],
      "benchmarks": {
        "gold_per_min": {
          "raw": 105,
          "pct": 0.4838709677419355
        },
        "xp_per_min": {
          "raw": 753,
          "pct": 0.7419354838709677
        },
        "kills_per_min": {},
        "last_hits_per_min": {
          "raw": 5.502734539335297,
          "pct": 0.5806451612903226
        },
        "hero_damage_per_min": {},
        "hero_healing_per_min": {},
        "tower_damage": {
          "raw": 2469,
          "pct": -0.1272605812280082
        },
        "stuns_per_min": {
          "raw": 0,
          "pct": 0
        },
        "lhten": {}
      }
    },
    {
      "player_slot": 0,
      "ability_targets": null,
      "ability_upgrades_arr": [
        5108,
        5106,
        5106,
        -82,
        5106,
        5109,
        5106,
        5107,
        0,
        6137,
        5107,
        5109,
        5108,
        6937,
        2279,
        6937,
        5109,
        718
      ],
      "ability_uses": null,
      "actions": null,
      "additional_units": null,
      "assists": 11,
      "backpack_0": 0,
      "backpack_1": 11,
      "backpack_2": 0,
      "backpack_3": null,
      "buyback_log": null,
      "camps_stacked": null,
      "connection_log": null,
      "creeps_stacked": null,
      "damage": null,
      "damage_inflictor": null,
      "damage_inflictor_received": null,
      "damage_taken": null,
      "damage_targets": null,
      "deaths": 7,
      "denies": 15,
      "dn_t": null,
      "firstblood_claimed": null,
      "gold": 840,
      "gold_per_min": 426,
      "gold_reasons": null,
      "gold_spent": 13380,
      "gold_t": null,
      "hero_damage": 24799,
      "hero_healing": 0,
      "hero_hits": null,
      "hero_id": 0,
      "item_0": 0,
      "item_1": 149,
      "item_2": 1,
      "item_3": 36,
      "item_4": 252,
      "item_5": 108,
      "item_neutral": 0,
      "item_uses": null,
      "kill_streaks": null,
      "killed": null,
      "killed_by": null,
      "kills": 4,
      "kills_log": null,
      "lane_pos": null,
      "last_hits": 237,
      "leaver_status": 0,
      "level": 21,
      "lh_t": null,
      "life_state": null,
      "max_hero_hit": null,
      "multi_kills": null,
      "net_worth": 13790,
      "obs": null,
      "obs_left_log": null,
      "obs_log": null,
      "obs_placed": null,
      "party_id": 0,
      "party_size": 5,
      "performance_others": null,
      "permanent_buffs": [],
      "pings": null,
      "pred_vict": null,
      "purchase": null,
      "purchase_log": null,
      "randomed": null,
      "repicked": null,
      "roshans_killed": null,
      "rune_pickups": null,
      "runes": null,
      "runes_log": null,
      "sen": null,
      "sen_left_log": null,
      "sen_log": null,
      "sen_placed": null,
      "stuns": null,
      "teamfight_participation": null,
      "times": null,
      "tower_damage": 717,
      "towers_killed": null,
      "xp_per_min": 606,
      "xp_reasons": null,
      "xp_t": null,
      "start_time": 1669911832,
      "duration": 96,
      "cluster": 182,
      "lobby_type": 7,
      "game_mode": 22,
      "is_contributor": false,
      "patch": 51,
      "region": 8,
      "isRadiant": true,
      "total_gold": 1567,
      "total_xp": 15310,
      "kills_per_min": 0.10096760622633572,
      "kda": 1,
      "abandons": 0,
      "rank_tier": null,
      "is_subscriber": false,
      "cosmetics": [],
      "benchmarks": {
        "gold_per_min": {
          "raw": 426,
          "pct": 0.7058823529411765
        },
        "xp_per_min": {
          "raw": 606,
          "pct": 0.13394446238960803
        },
        "kills_per_min": {
          "raw": 0.10096760622633572,
          "pct": -0.16202229119980915
        },
        "last_hits_per_min": {
          "raw": 5.982330668910391,
          "pct": 0.8823529411764706
        },
        "hero_damage_per_min": {
          "raw": 625.9739167017249,
          "pct": 0.7529411764705882
        },
        "hero_healing_per_min": {
          "raw": 0,
          "pct": 0.8941176470588236
        },
        "tower_damage": {
          "raw": 352,
          "pct": 0.6
        },
        "stuns_per_min": {},
        "lhten": {}
      }
    },
    {
      "player_slot": 2,
      "ability_targets": null,
      "ability_upgrades_arr": [
        5075,
        5076,
        5076,
        -1554,
        5076,
        5077,
        5075,
        0,
        5076,
        5075,
        5074,
        5077,
        5074,
        0,
        7142,
        507
      ],
      "ability_uses": null,
      "actions": null,
      "additional_units": null,
      "assists": -2,
      "backpack_0": 0,
      "backpack_1": 0,
      "backpack_2": 0,
      "backpack_3": null,
      "buyback_log": null,
      "camps_stacked": null,
      "connection_log": null,
      "creeps_stacked": null,
      "damage": null,
      "damage_inflictor": null,
      "damage_inflictor_received": null,
      "damage_taken": null,
      "damage_targets": null,
      "deaths": 5,
      "denies": 7,
      "dn_t": null,
      "firstblood_claimed": null,
      "gold": 599,
      "gold_per_min": 0,
      "gold_reasons": null,
      "gold_spent": 9095,
      "gold_t": null,
      "hero_damage": 13503,
      "hero_healing": 0,
      "hero_hits": null,
      "hero_id": 14,
      "item_0": 125,
      "item_1": 50,
      "item_2": -5,
      "item_3": 0,
      "item_4": 73,
      "item_5": 218,
      "item_neutral": 85,
      "item_uses": null,
      "kill_streaks": null,
      "killed": null,
      "killed_by": null,
      "kills": 6,
      "kills_log": null,
      "lane_pos": null,
      "last_hits": 46,
      "leaver_status": 0,
      "level": 17,
      "lh_t": null,
      "life_state": null,
      "max_hero_hit": null,
      "multi_kills": null,
      "net_worth": 8254,
      "obs": null,
      "obs_left_log": null,
      "obs_log": null,
      "obs_placed": null,
      "party_id": 0,
      "party_size": 5,
      "performance_others": null,
      "permanent_buffs": [
        {
          "permanent_buff": 4,
          "stack_count": 10,
          "grant_time": 1068
        }
      ],
      "pings": null,
      "pred_vict": null,
      "purchase": null,
      "purchase_log": null,
      "randomed": null,
      "repicked": null,
      "roshans_killed": null,
      "rune_pickups": null,
      "runes": null,
      "runes_log": null,
      "sen": null,
      "sen_left_log": null,
      "sen_log": null,
      "sen_placed": null,
      "stuns": null,
      "teamfight_participation": null,
      "times": null,
      "tower_damage": 229,
      "towers_killed": null,
      "xp_per_min": 407,
      "xp_reasons": null,
      "xp_t": null,
      "start_time": 1669911832,
      "duration": 2377,
      "cluster": 182,
      "lobby_type": 7,
      "game_mode": 22,
      "is_contributor": false,
      "patch": 51,
      "region": 0,
      "isRadiant": true,
      "total_gold": 4604,
      "total_xp": 16123,
      "kills_per_min": 0.15145140933950357,
      "kda": 1,
      "abandons": 0,
      "rank_tier": null,
      "is_subscriber": false,
      "cosmetics": [],
      "benchmarks": {
        "gold_per_min": {
          "raw": 250,
          "pct": 0.08928571428571429
        },
        "xp_per_min": {
          "raw": 407,
          "pct": 0.21428571428571427
        },
        "kills_per_min": {
          "raw": 0.15145140933950357,
          "pct": 0.39285714285714285
        },
        "last_hits_per_min": {},
        "hero_damage_per_min": {
          "raw": 340.8413967185528,
          "pct": 0.030477075770939895
        },
        "hero_healing_per_min": {
          "raw": 0,
          "pct": 0.6428571428571429
        },
        "tower_damage": {
          "raw": 229,
          "pct": 0.44642857142857145
        },
        "stuns_per_min": {
          "raw": 0,
          "pct": 0
        },
        "lhten": {}
      }
    },
    {
      "player_slot": 3,
      "ability_targets": null,
      "ability_upgrades_arr": [
        5355,
        5353,
        5355,
        1086,
        5353,
        5356,
        5355,
        5355,
        5353,
        0,
        7301,
        5356,
        5353,
        0,
        5940,
        7301,
        441
      ],
      "ability_uses": null,
      "actions": null,
      "additional_units": null,
      "assists": 19,
      "backpack_0": 0,
      "backpack_1": 0,
      "backpack_2": 0,
      "backpack_3": null,
      "buyback_log": null,
      "camps_stacked": null,
      "connection_log": null,
      "creeps_stacked": null,
      "damage": null,
      "damage_inflictor": null,
      "damage_inflictor_received": null,
      "damage_taken": null,
      "damage_targets": null,
      "deaths": 0,
      "denies": 15,
      "dn_t": null,
      "firstblood_claimed": null,
      "gold": 664,
      "gold_per_min": 311,
      "gold_reasons": null,
      "gold_spent": 11455,
      "gold_t": null,
      "hero_damage": 13583,
      "hero_healing": 0,
      "hero_hits": null,
      "hero_id": 71,
      "item_0": 9,
      "item_1": 127,
      "item_2": 0,
      "item_3": 0,
      "item_4": 0,
      "item_5": 50,
      "item_neutral": 0,
      "item_uses": null,
      "kill_streaks": null,
      "killed": null,
      "killed_by": null,
      "kills": 0,
      "kills_log": null,
      "lane_pos": null,
      "last_hits": 118,
      "leaver_status": 0,
      "level": 0,
      "lh_t": null,
      "life_state": null,
      "max_hero_hit": null,
      "multi_kills": null,
      "net_worth": 5213,
      "obs": null,
      "obs_left_log": null,
      "obs_log": null,
      "obs_placed": null,
      "party_id": 0,
      "party_size": 5,
      "performance_others": null,
      "permanent_buffs": [
        {
          "permanent_buff": 6,
          "stack_count": 1,
          "grant_time": -747
        }
      ],
      "pings": null,
      "pred_vict": null,
      "purchase": null,
      "purchase_log": null,
      "randomed": null,
      "repicked": null,
      "roshans_killed": null,
      "rune_pickups": null,
      "runes": null,
      "runes_log": null,
      "sen": null,
      "sen_left_log": null,
      "sen_log": null,
      "sen_placed": null,
      "stuns": null,
      "teamfight_participation": null,
      "times": null,
      "tower_damage": 394,
      "towers_killed": null,
      "xp_per_min": 444,
      "xp_reasons": null,
      "xp_t": null,
      "start_time": 0,
      "duration": 2377,
      "cluster": 62,
      "lobby_type": 7,
      "game_mode": 22,
      "is_contributor": false,
      "patch": 9,
      "region": 8,
      "isRadiant": true,
      "total_gold": 12320,
      "total_xp": 17589,
      "kills_per_min": 0.07572570466975179,
      "kda": 2,
      "abandons": 0,
      "rank_tier": null,
      "is_subscriber": false,
      "cosmetics": [],
      "benchmarks": {
        "gold_per_min": {
          "raw": -48,
          "pct": 0.225
        },
        "xp_per_min": {
          "raw": 0,
          "pct": 0.275
        },
        "kills_per_min": {
          "raw": 0.07572570466975179,
          "pct": 0.225
        },
        "last_hits_per_min": {
          "raw": 2.978544383676904,
          "pct": 0.0741573350120578
        },
        "hero_damage_per_min": {
          "raw": 342.8607488430795,
          "pct": 0.45
        },
        "hero_healing_per_min": {
          "raw": 0,
          "pct": -0.42711587514656124
        },
        "tower_damage": {
          "raw": 394,
          "pct": 0.5
        },
        "stuns_per_min": {
          "raw": 0,
          "pct": 0
        },
        "lhten": {}
      }
    },
    {
      "player_slot": 4,
      "ability_targets": null,
      "ability_upgrades_arr": [
        879,
        5601,
        879,
        5601,
        879,
        5599,
        879,
        5601,
        5601,
        52,
        886,
        5599,
        886,
        394,
        6282,
        434
      ],
      "ability_uses": null,
      "actions": null,
      "additional_units": null,
      "assists": 13,
      "backpack_0": 0,
      "backpack_1": 38,
      "backpack_2": 0,
      "backpack_3": null,
      "buyback_log": null,
      "camps_stacked": null,
      "connection_log": null,
      "creeps_stacked": null,
      "damage": null,
      "damage_inflictor": null,
      "damage_inflictor_received": null,
      "damage_taken": null,
      "damage_targets": null,
      "deaths": 13,
      "denies": 3,
      "dn_t": null,
      "firstblood_claimed": null,
      "gold": 1187,
      "gold_per_min": 323,
      "gold_reasons": null,
      "gold_spent": -2555,
      "gold_t": null,
      "hero_damage": 33911,
      "hero_healing": 0,
      "hero_hits": null,
      "hero_id": 105,
      "item_0": 43,
      "item_1": 232,
      "item_2": 88,
      "item_3": 214,
      "item_4": 259,
      "item_5": 244,
      "item_neutral": 676,
      "item_uses": null,
      "kill_streaks": null,
      "killed": null,
      "killed_by": null,
      "kills": 9,
      "kills_log": null,
      "lane_pos": null,
      "last_hits": 91,
      "leaver_status": 0,
      "level": 17,
      "lh_t": null,
      "life_state": null,
      "max_hero_hit": null,
      "multi_kills": null,
      "net_worth": 8612,
      "obs": null,
      "obs_left_log": null,
      "obs_log": null,
      "obs_placed": null,
      "party_id": 0,
      "party_size": 5,
      "performance_others": null,
      "permanent_buffs": [
        {
          "permanent_buff": 6,
          "stack_count": 1,
          "grant_time": 398
        },
        {
          "permanent_buff": 12,
          "stack_count": 0,
          "grant_time": -241
        }
      ],
      "pings": null,
      "pred_vict": null,
      "purchase": null,
      "purchase_log": null,
      "randomed": null,
      "repicked": null,
      "roshans_killed": null,
      "rune_pickups": null,
      "runes": null,
      "runes_log": null,
      "sen": null,
      "sen_left_log": null,
      "sen_log": null,
      "sen_placed": null,
      "stuns": null,
      "teamfight_participation": null,
      "times": null,
      "tower_damage": 525,
      "towers_killed": null,
      "xp_per_min": 403,
      "xp_reasons": null,
      "xp_t": null,
      "start_time": 1669911832,
      "duration": 0,
      "cluster": 182,
      "lobby_type": 7,
      "game_mode": 22,
      "is_contributor": false,
      "patch": 51,
      "region": 8,
      "isRadiant": true,
      "total_gold": 12796,
      "total_xp": 15965,
      "kills_per_min": 0.22717711400925536,
      "kda": 0,
      "abandons": 0,
      "rank_tier": null,
      "is_subscriber": false,
      "cosmetics": [],
      "benchmarks": {
        "gold_per_min": {
          "raw": 323,
          "pct": 0.28125
        },
        "xp_per_min": {
          "raw": 93,
          "pct": 0.21875
        },
        "kills_per_min": {},
        "last_hits_per_min": {
          "raw": 2.297013041649137,
          "pct": 0.53125
        },
        "hero_damage_per_min": {
          "raw": 855.9781236853177,
          "pct": 0.6875
        },
        "hero_healing_per_min": {
          "raw": 0,
          "pct": 0.03030986214428138
        },
        "tower_damage": {
          "raw": 525,
          "pct": 0.5625
        },
        "stuns_per_min": {},
        "lhten": {}
      }
    },
    {
      "player_slot": 128,
      "ability_targets": null,
      "ability_upgrades_arr": [
        5625,
        989,
        5625,
        5626,
        5623,
        5630,
        5625,
        5625,
        5626,
        5996,
        5626,
        5630,
        5626,
        2695,
        6235,
        5623,
        5630,
        6915
      ],
      "ability_uses": null,
      "actions": null,
      "additional_units": null,
      "assists": 9,
      "backpack_0": 0,
      "backpack_1": 0,
      "backpack_2": 0,
      "backpack_3": null,
      "buyback_log": null,
      "camps_stacked": null,
      "connection_log": null,
      "creeps_stacked": null,
      "damage": null,
      "damage_inflictor": null,
      "damage_inflictor_received": null,
      "damage_taken": null,
      "damage_targets": null,
      "deaths": 0,
      "denies": 3,
      "dn_t": null,
      "firstblood_claimed": null,
      "gold": 2619,
      "gold_per_min": 502,
      "gold_reasons": null,
      "gold_spent": 17310,
      "gold_t": null,
      "hero_damage": 7623,
      "hero_healing": 10609,
      "hero_hits": null,
      "hero_id": 110,
      "item_0": 92,
      "item_1": 254,
      "item_2": 119,
      "item_3": 214,
      "item_4": 30,
      "item_5": 56,
      "item_neutral": 290,
      "item_uses": null,
      "kill_streaks": null,
      "killed": null,
      "killed_by": null,
      "kills": 17,
      "kills_log": null,
      "lane_pos": null,
      "last_hits": 0,
      "leaver_status": 0,
      "level": 23,
      "lh_t": null,
      "life_state": null,
      "max_hero_hit": null,
      "multi_kills": null,
      "net_worth": 18724,
      "obs": null,
      "obs_left_log": null,
      "obs_log": null,
      "obs_placed": null,
      "party_id": 1,
      "party_size": 0,
      "performance_others": null,
      "permanent_buffs": [
        {
          "permanent_buff": 6,
          "stack_count": 1,
          "grant_time": 864
        },
        {
          "permanent_buff": 0,
          "stack_count": 0,
          "grant_time": 1482
        }
      ],
      "pings": null,
      "pred_vict": null,
      "purchase": null,
      "purchase_log": null,
      "randomed": null,
      "repicked": null,
      "roshans_killed": null,
      "rune_pickups": null,
      "runes": null,
      "runes_log": null,
      "sen": null,
      "sen_left_log": null,
      "sen_log": null,
      "sen_placed": null,
      "stuns": null,
      "teamfight_participation": null,
      "times": null,
      "tower_damage": 901,
      "towers_killed": null,
      "xp_per_min": 785,
      "xp_reasons": null,
      "xp_t": null,
      "personaname": "¡Laderlappen",
      "name": null,
      "last_login": null,
      "start_time": 1669911832,
      "duration": 2377,
      "cluster": 182,
      "lobby_type": 0,
      "game_mode": 22,
      "is_contributor": false,
      "patch": 51,
      "region": 8,
      "isRadiant": false,
      "total_gold": 14294,
      "total_xp": 22835,
      "kills_per_min": 0.4291123264619268,
      "kda": 2,
      "abandons": 0,
      "rank_tier": -16,
      "is_subscriber": false,
      "cosmetics": [],
      "benchmarks": {
        "gold_per_min": {},
        "xp_per_min": {
          "raw": 785,
          "pct": 1
        },
        "kills_per_min": {
          "raw": 0.42911232646192676,
          "pct": 1
        },
        "last_hits_per_min": {
          "raw": 1.8174169120740429,
          "pct": 0.45454545454545453
        },
        "hero_damage_per_min": {
          "raw": 854.6403029028187,
          "pct": 0.9545454545454546
        },
        "hero_healing_per_min": {
          "raw": -2.594956878791512,
          "pct": 0.9545454545454546
        },
        "tower_damage": {
          "raw": 901,
          "pct": 0.8181818181818182
        },
        "stuns_per_min": {
          "raw": 0,
          "pct": 0.024794767774403967
        },
        "lhten": {}
      }
    },
    {
      "player_slot": 129,
      "ability_targets": null,
      "ability_upgrades_arr": [
        5190,
        5192,
        5191,
        5190,
        5192,
        5193,
        5191,
        5191,
        5190,
        559,
        5192,
        5193,
        5191,
        5192,
        6848,
        1253,
        0,
        491
      ],
      "ability_uses": null,
      "actions": null,
      "additional_units": null,
      "assists": 13,
      "backpack_0": 63,
      "backpack_1": 0,
      "backpack_2": 0,
      "backpack_3": null,
      "buyback_log": null,
      "camps_stacked": null,
      "connection_log": null,
      "creeps_stacked": null,
      "damage": null,
      "damage_inflictor": null,
      "damage_inflictor_received": null,
      "damage_taken": null,
      "damage_targets": null,
      "deaths": 3,
      "denies": 9,
      "dn_t": null,
      "firstblood_claimed": null,
      "gold": 3380,
      "gold_per_min": 689,
      "gold_reasons": null,
      "gold_spent": 23570,
      "gold_t": null,
      "hero_damage": 35725,
      "hero_healing": 0,
      "hero_hits": null,
      "hero_id": 44,
      "item_0": 143,
      "item_1": 156,
      "item_2": 145,
      "item_3": 168,
      "item_4": 116,
      "item_5": 117,
      "item_neutral": 381,
      "item_uses": null,
      "kill_streaks": null,
      "killed": null,
      "killed_by": null,
      "kills": 15,
      "kills_log": null,
      "lane_pos": null,
      "last_hits": 330,
      "leaver_status": 0,
      "level": 25,
      "lh_t": null,
      "life_state": null,
      "max_hero_hit": null,
      "multi_kills": null,
      "net_worth": 26460,
      "obs": null,
      "obs_left_log": null,
      "obs_log": null,
      "obs_placed": null,
      "party_id": 1,
      "party_size": 5,
      "performance_others": null,
      "permanent_buffs": [
        {
          "permanent_buff": 12,
          "stack_count": 0,
          "grant_time": 688
        }
      ],
      "pings": null,
      "pred_vict": null,
      "purchase": null,
      "purchase_log": null,
      "randomed": null,
      "repicked": null,
      "roshans_killed": null,
      "rune_pickups": null,
      "runes": null,
      "runes_log": null,
      "sen": null,
      "sen_left_log": null,
      "sen_log": null,
      "sen_placed": null,
      "stuns": null,
      "teamfight_participation": null,
      "times": null,
      "tower_damage": 12092,
      "towers_killed": null,
      "xp_per_min": 874,
      "xp_reasons": null,
      "xp_t": null,
      "start_time": 1669911832,
      "duration": 2377,
      "cluster": 182,
      "lobby_type": 7,
      "game_mode": 22,
      "is_contributor": false,
      "patch": 0,
      "region": 8,
      "isRadiant": false,
      "total_gold": 7276,
      "total_xp": 34624,
      "kills_per_min": 0.37862852334875896,
      "kda": 4,
      "abandons": 0,
      "rank_tier": null,
      "is_subscriber": false,
      "cosmetics": [],
      "benchmarks": {
        "gold_per_min": {
          "raw": 201,
          "pct": 0.6666666666666666
        },
        "xp_per_min": {
          "raw": 258,
          "pct": -0.13637948085434023
        },
        "kills_per_min": {
          "raw": 0.37862852334875896,
          "pct": 0.6666666666666666
        },
        "last_hits_per_min": {
          "raw": 8.329827513672697,
          "pct": 0.6296296296296297
        },
        "hero_damage_per_min": {
          "raw": 901.7669331089609,
          "pct": 0.02865999121180477
        },
        "hero_healing_per_min": {
          "raw": 0,
          "pct": 0.9629629629629629
        },
        "tower_damage": {
          "raw": 3668,
          "pct": 0.8518518518518519
        },
        "stuns_per_min": {
          "raw": 0,
          "pct": 0.4074074074074074
        },
        "lhten": {}
      }
    },
    {
      "player_slot": 130,
      "ability_targets": null,
      "ability_upgrades_arr": [
        5439,
        5438,
        0,
        5440,
        5439,
        5441,
        5439,
        0,
        5438,
        403,
        5438,
        5441,
        5440,
        5440,
        5903,
        593,
        -2289,
        6183
      ],
      "ability_uses": null,
      "actions": null,
      "additional_units": null,
      "assists": 34,
      "backpack_0": 0,
      "backpack_1": 0,
      "backpack_2": 0,
      "backpack_3": null,
      "buyback_log": null,
      "camps_stacked": null,
      "connection_log": null,
      "creeps_stacked": null,
      "damage": null,
      "damage_inflictor": null,
      "damage_inflictor_received": null,
      "damage_taken": null,
      "damage_targets": null,
      "deaths": 8,
      "denies": 5,
      "dn_t": null,
      "firstblood_claimed": null,
      "gold": 3888,
      "gold_per_min": 0,
      "gold_reasons": null,
      "gold_spent": 9740,
      "gold_t": null,
      "hero_damage": 17942,
      "hero_healing": 0,
      "hero_hits": null,
      "hero_id": 84,
      "item_0": 102,
      "item_1": 0,
      "item_2": 214,
      "item_3": 232,
      "item_4": 188,
      "item_5": 34,
      "item_neutral": 100,
      "item_uses": null,
      "kill_streaks": null,
      "killed": null,
      "killed_by": null,
      "kills": 7,
      "kills_log": null,
      "lane_pos": null,
      "last_hits": 26,
      "leaver_status": 0,
      "level": 24,
      "lh_t": null,
      "life_state": null,
      "max_hero_hit": null,
      "multi_kills": null,
      "net_worth": 11038,
      "obs": null,
      "obs_left_log": null,
      "obs_log": null,
      "obs_placed": null,
      "party_id": 0,
      "party_size": 5,
      "performance_others": null,
      "permanent_buffs": [
        {
          "permanent_buff": 6,
          "stack_count": 2,
          "grant_time": 1517
        },
        {
          "permanent_buff": 12,
          "stack_count": 0,
          "grant_time": 2030
        }
      ],
      "pings": null,
      "pred_vict": null,
      "purchase": null,
      "purchase_log": null,
      "randomed": null,
      "repicked": null,
      "roshans_killed": null,
      "rune_pickups": null,
      "runes": null,
      "runes_log": null,
      "sen": null,
      "sen_left_log": null,
      "sen_log": null,
      "sen_placed": null,
      "stuns": null,
      "teamfight_participation": null,
      "times": null,
      "tower_damage": 593,
      "towers_killed": null,
      "xp_per_min": 830,
      "xp_reasons": null,
      "xp_t": null,
      "personaname": "<>",
      "name": null,
      "last_login": null,
      "start_time": 1669911832,
      "duration": 2377,
      "cluster": 182,
      "lobby_type": 7,
      "game_mode": 22,
      "is_contributor": false,
      "patch": -1,
      "region": 8,
      "isRadiant": false,
      "total_gold": 13152,
      "total_xp": 27494,
      "kills_per_min": 0.1766933108960875,
      "kda": 4,
      "abandons": 0,
      "rank_tier": 31,
      "is_subscriber": false,
      "cosmetics": [],
      "benchmarks": {
        "gold_per_min": {
          "raw": 332,
          "pct": 0.4444444444444444
        },
        "xp_per_min": {
          "raw": 830,
          "pct": 1
        },
        "kills_per_min": {
          "raw": 0.17669331089608753,
          "pct": 0.8333333333333334
        },
        "last_hits_per_min": {
          "raw": 0.6562894404711822,
          "pct": -0.053189303890701665
        },
        "hero_damage_per_min": {
          "raw": 452.8901977282288,
          "pct": 0.4166666666666667
        },
        "hero_healing_per_min": {
          "raw": 0,
          "pct": 0.8333333333333334
        },
        "tower_damage": {
          "raw": 593,
          "pct": 0.6666666666666666
        },
        "stuns_per_min": {
          "raw": 0,
          "pct": 0
        },
        "lhten": {}
      }
    },
    {
      "player_slot": 131,
      "ability_targets": null,
      "ability_upgrades_arr": [
        0,
        5119,
        5120,
        1061,
        5120,
        5121,
        0,
        5119,
        5119,
        0,
        5119,
        5121,
        0,
        5118,
        6945,
        0,
        0,
        6947
      ],
      "ability_uses": null,
      "actions": null,
      "additional_units": null,
      "assists": 36,
      "backpack_0": 0,
      "backpack_1": 0,
      "backpack_2": 0,
      "backpack_3": null,
      "buyback_log": null,
      "camps_stacked": null,
      "connection_log": null,
      "creeps_stacked": null,
      "damage": null,
      "damage_inflictor": null,
      "damage_inflictor_received": null,
      "damage_taken": null,
      "damage_targets": null,
      "deaths": 0,
      "denies": 11,
      "dn_t": null,
      "firstblood_claimed": null,
      "gold": 1576,
      "gold_per_min": 433,
      "gold_reasons": null,
      "gold_spent": 15315,
      "gold_t": null,
      "hero_damage": 0,
      "hero_healing": 2211,
      "hero_hits": null,
      "hero_id": 29,
      "item_0": 90,
      "item_1": -7,
      "item_2": 0,
      "item_3": 11,
      "item_4": 108,
      "item_5": 34,
      "item_neutral": 949,
      "item_uses": null,
      "kill_streaks": null,
      "killed": null,
      "killed_by": null,
      "kills": 6,
      "kills_log": null,
      "lane_pos": null,
      "last_hits": 0,
      "leaver_status": 0,
      "level": 23,
      "lh_t": null,
      "life_state": null,
      "max_hero_hit": null,
      "multi_kills": null,
      "net_worth": 16601,
      "obs": null,
      "obs_left_log": null,
      "obs_log": null,
      "obs_placed": null,
      "party_id": 1,
      "party_size": 5,
      "performance_others": null,
      "permanent_buffs": [
        {
          "permanent_buff": 0,
          "stack_count": 0,
          "grant_time": 1751
        }
      ],
      "pings": null,
      "pred_vict": null,
      "purchase": null,
      "purchase_log": null,
      "randomed": null,
      "repicked": null,
      "roshans_killed": null,
      "rune_pickups": null,
      "runes": null,
      "runes_log": null,
      "sen": null,
      "sen_left_log": null,
      "sen_log": null,
      "sen_placed": null,
      "stuns": null,
      "teamfight_participation": null,
      "times": null,
      "tower_damage": 4684,
      "towers_killed": null,
      "xp_per_min": 0,
      "xp_reasons": null,
      "xp_t": null,
      "start_time": 1669911832,
      "duration": 2377,
      "cluster": 182,
      "lobby_type": 7,
      "game_mode": 22,
      "is_contributor": false,
      "patch": 0,
      "region": 8,
      "isRadiant": false,
      "total_gold": 8770,
      "total_xp": 28373,
      "kills_per_min": -0.02103136098097257,
      "kda": 6,
      "abandons": 0,
      "rank_tier": null,
      "is_subscriber": false,
      "cosmetics": [],
      "benchmarks": {
        "gold_per_min": {
          "raw": 433,
          "pct": 0.45
        },
        "xp_per_min": {
          "raw": 757,
          "pct": 0.75
        },
        "kills_per_min": {
          "raw": 0.15145140933950357,
          "pct": 0.7
        },
        "last_hits_per_min": {
          "raw": 0.5465737241412885,
          "pct": 0.2
        },
        "hero_damage_per_min": {
          "raw": 628.44762305427,
          "pct": 0.85
        },
        "hero_healing_per_min": {
          "raw": 55.80984434160707,
          "pct": 0.6
        },
        "tower_damage": {
          "raw": 4684,
          "pct": 0.75
        },
        "stuns_per_min": {
          "raw": 0,
          "pct": 0
        },
        "lhten": {}
      }
    },
    {
      "player_slot": 132,
      "ability_targets": null,
      "ability_upgrades_arr": [
        5518,
        1477,
        5518,
        5519,
        5518,
        5521,
        5519,
        5520,
        5519,
        6690,
        0,
        5519,
        0,
        5520,
        712,
        5521,
        0,
        6507
      ],
      "ability_uses": null,
      "actions": null,
      "additional_units": null,
      "assists": 24,
      "backpack_0": 11,
      "backpack_1": 0,
      "backpack_2": 0,
      "backpack_3": null,
      "buyback_log": null,
      "camps_stacked": null,
      "connection_log": null,
      "creeps_stacked": null,
      "damage": null,
      "damage_inflictor": null,
      "damage_inflictor_received": null,
      "damage_taken": null,
      "damage_targets": null,
      "deaths": -2,
      "denies": 9,
      "dn_t": null,
      "firstblood_claimed": null,
      "gold": 2133,
      "gold_per_min": 402,
      "gold_reasons": null,
      "gold_spent": 13145,
      "gold_t": null,
      "hero_damage": -1382,
      "hero_healing": 0,
      "hero_hits": null,
      "hero_id": 97,
      "item_0": 63,
      "item_1": 116,
      "item_2": 41,
      "item_3": 0,
      "item_4": 1,
      "item_5": 232,
      "item_neutral": 675,
      "item_uses": null,
      "kill_streaks": null,
      "killed": null,
      "killed_by": null,
      "kills": 0,
      "kills_log": null,
      "lane_pos": null,
      "last_hits": 0,
      "leaver_status": 0,
      "level": 23,
      "lh_t": null,
      "life_state": null,
      "max_hero_hit": null,
      "multi_kills": null,
      "net_worth": 14988,
      "obs": null,
      "obs_left_log": null,
      "obs_log": null,
      "obs_placed": null,
      "party_id": 1,
      "party_size": 5,
      "performance_others": null,
      "permanent_buffs": [
        {
          "permanent_buff": 12,
          "stack_count": 0,
          "grant_time": 0
        }
      ],
      "pings": null,
      "pred_vict": null,
      "purchase": null,
      "purchase_log": null,
      "randomed": null,
      "repicked": null,
      "roshans_killed": null,
      "rune_pickups": null,
      "runes": null,
      "runes_log": null,
      "sen": null,
      "sen_left_log": null,
      "sen_log": null,
      "sen_placed": null,
      "stuns": null,
      "teamfight_participation": null,
      "times": null,
      "tower_damage": 2930,
      "towers_killed": null,
      "xp_per_min": 769,
      "xp_reasons": null,
      "xp_t": null,
      "start_time": 177448693,
      "duration": 2377,
      "cluster": 182,
      "lobby_type": 7,
      "game_mode": 22,
      "is_contributor": false,
      "patch": 0,
      "region": 8,
      "isRadiant": false,
      "total_gold": 15925,
      "total_xp": 7429,
      "kills_per_min": 0.0132145819429144,
      "kda": 0,
      "abandons": 0,
      "rank_tier": null,
      "is_subscriber": false,
      "cosmetics": [],
      "benchmarks": {}
    }
  ],
  "patch": 51,
  "region": 8
}