{
  "chat": null,
  "cluster": 152,
  "cosmetics": null,
  "dire_score": 16,
  "dire_team_id": null,
  "draft_timings": null,
  "duration": -54,
  "engine": 1,
  "first_blood_time": 0,
  "game_mode": 23,
  "human_players": -2,
  "leagueid": 0,
  "lobby_type": 0,
  "match_seq_num": 5780313439,
  "negative_votes": 0,
  "objectives": null,
  "picks_bans": null,
  "positive_votes": 0,
  "radiant_gold_adv": null,
  "radiant_score": 5,
  "radiant_team_id": null,
  "radiant_xp_adv": null,
  "skill": null,
  "start_time": 1669911711,
  "teamfights": null,
  "version": null,
  "replay_salt": -361123580,
  "series_id": 0,
  "series_type": 0,
  "players": [
    {
      "player_slot": 0,
      "ability_targets": null,
      "ability_upgrades_arr": [
        5044,
        5046,
        5045,
        5044,
        5044,
        5047,
        -1053,
        5044,
        6600,
        5046,
        5046,
        5047
      ],
      "ability_uses": null,
      "actions": null,
      "additional_units": null,
      "assists": 3,
      "backpack_0": 0,
      "backpack_1": 0,
      "backpack_2": 0,
      "backpack_3": null,
      "buyback_log": null,
      "camps_stacked": null,
      "connection_log": null,
      "creeps_stacked": null,
      "damage": null,
      "damage_inflictor": null,
      "damage_inflictor_received": null,
      "damage_taken": null,
      "damage_targets": null,
      "deaths": 1,
      "denies": 1,
      "dn_t": null,
      "firstblood_claimed": null,
      "gold": 886,
      "gold_per_min": 409,
      "gold_reasons": null,
      "gold_spent": 6160,
      "gold_t": null,
      "hero_damage": -985,
      "hero_healing": 0,
      "hero_hits": null,
      "hero_id": 26,
      "item_0": 214,
      "item_1": 0,
      "item_2": 1,
      "item_3": 0,
      "item_4": 0,
      "item_5": 36,
      "item_neutral": -329,
      "item_uses": null,
      "kill_streaks": null,
      "killed": null,
      "killed_by": null,
      "kills": 2,
      "kills_log": null,
      "lane_pos": null,
      "last_hits": 9,
      "leaver_status": 0,
      "level": 12,
      "lh_t": null,
      "life_state": null,
      "max_hero_hit": null,
      "multi_kills": null,
      "net_worth": 6211,
      "obs": null,
      "obs_left_log": null,
      "obs_log": null,
      "obs_placed": null,
      "party_id": 0,
      "party_size": 0,
      "performance_others": null,
      "permanent_buffs": [
        {
          "permanent_buff": 7,
          "stack_count": 0,
          "grant_time": 526
        },
        {
          "permanent_buff": 12,
          "stack_count": 0,
          "grant_time": 1070
        }
      ],
      "pings": null,
      "pred_vict": null,
      "purchase": null,
      "purchase_log": null,
      "randomed": null,
      "repicked": null,
      "roshans_killed": null,
      "rune_pickups": null,
      "runes": null,
      "runes_log": null,
      "sen": null,
      "sen_left_log": null,
      "sen_log": null,
      "sen_placed": null,
      "stuns": null,
      "teamfight_participation": null,
      "times": null,
      "tower_damage": 39,
      "towers_killed": null,
      "xp_per_min": 590,
      "xp_reasons": null,
      "xp_t": null,
      "start_time": 1669911711,
      "duration": 943,
      "cluster": 152,
      "lobby_type": 0,
      "game_mode": 23,
      "is_contributor": false,
      "patch": 51,
      "region": 5,
      "isRadiant": true,
      "total_gold": 6428,
      "total_xp": 9272,
      "kills_per_min": 0.04919224261922003,
      "kda": 1,
      "abandons": 0,
      "rank_tier": null,
      "is_subscriber": false,
      "cosmetics": [],
      "benchmarks": {
        "gold_per_min": {
          "raw": 409,
          "pct": 0.32755366595312996
        },
        "xp_per_min": {
          "raw": 590,
          "pct": 0.8125
        },
        "kills_per_min": {
          "raw": 0.12725344644750797,
          "pct": 0.5625
        },
        "last_hits_per_min": {
          "raw": 0.5726405090137858,
          "pct": 0.058731083117322266
        },
        "hero_damage_per_min": {
          "raw": 183.81760339342523,
          "pct": 0
        },
        "hero_healing_per_min": {
          "raw": 0,
          "pct": 0.84375
        },
        "tower_damage": {
          "raw": 39,
          "pct": 0.40625
        },
        "stuns_per_min": {
          "raw": 0,
          "pct": 0
        },
        "lhten": {}
      }
    },
    {
      "player_slot": 1,
      "ability_targets": null,
      "ability_upgrades_arr": [
        5219,
        2363,
        5218,
        5219,
        5219,
        -617,
        5219,
        5220,
        5218,
        6820,
        5220,
        5221,
        5220
      ],
      "ability_uses": null,
      "actions": null,
      "additional_units": null,
      "assists": -1,
      "backpack_0": 0,
      "backpack_1": 0,
      "backpack_2": 0,
      "backpack_3": null,
      "buyback_log": null,
      "camps_stacked": null,
      "connection_log": null,
      "creeps_stacked": null,
      "damage": null,
      "damage_inflictor": null,
      "damage_inflictor_received": null,
      "damage_taken": null,
      "damage_targets": null,
      "deaths": 0,
      "denies": 0,
      "dn_t": null,
      "firstblood_claimed": null,
      "gold": 1991,
      "gold_per_min": 571,
      "gold_reasons": null,
      "gold_spent": 7595,
      "gold_t": null,
      "hero_damage": 6748,
      "hero_healing": 0,
      "hero_hits": null,
      "hero_id": 47,
      "item_0": -31,
      "item_1": 0,
      "item_2": 236,
      "item_3": 8,
      "item_4": 102,
      "item_5": 0,
      "item_neutral": 946,
      "item_uses": null,
      "kill_streaks": null,
      "killed": null,
      "killed_by": null,
      "kills": 1,
      "kills_log": null,
      "lane_pos": null,
      "last_hits": -4,
      "leaver_status": 0,
      "level": 13,
      "lh_t": null,
      "life_state": null,
      "max_hero_hit": null,
      "multi_kills": null,
      "net_worth": 9296,
      "obs": null,
      "obs_left_log": null,
      "obs_log": null,
      "obs_placed": null,
      "party_id": 0,
      "party_size": 3,
      "performance_others": null,
      "permanent_buffs": [],
      "pings": null,
      "pred_vict": null,
      "purchase": null,
      "purchase_log": null,
      "randomed": null,
      "repicked": null,
      "roshans_killed": null,
      "rune_pickups": null,
      "runes": null,
      "runes_log": null,
      "sen": null,
      "sen_left_log": null,
      "sen_log": null,
      "sen_placed": null,
      "stuns": null,
      "teamfight_participation": null,
      "times": null,
      "tower_damage": 0,
      "towers_killed": null,
      "xp_per_min": 612,
      "xp_reasons": null,
      "xp_t": null,
      "start_time": 1669911711,
      "duration": 943,
      "cluster": 0,
      "lobby_type": 0,
      "game_mode": 23,
      "is_contributor": false,
      "patch": 51,
      "region": 5,
      "isRadiant": true,
      "total_gold": 8974,
      "total_xp": 3148,
      "kills_per_min": 0.06362672322375397,
      "kda": 0,
      "abandons": 0,
      "rank_tier": null,
      "is_subscriber": false,
      "cosmetics": [],
      "benchmarks": {
        "gold_per_min": {
          "raw": 571,
          "pct": 0.6
        },
        "xp_per_min": {
          "raw": -42,
          "pct": 0.35
        },
        "kills_per_min": {
          "raw": 0.06362672322375398,
          "pct": 0.012228610270023666
        },
        "last_hits_per_min": {
          "raw": 0.7293497777569464,
          "pct": 0.1
        },
        "hero_damage_per_min": {
          "raw": 429.35312831389183,
          "pct": 0.05
        },
        "hero_healing_per_min": {
          "raw": 0,
          "pct": 0.85
        },
        "tower_damage": {
          "raw": 0,
          "pct": 0.05
        },
        "stuns_per_min": {
          "raw": 0,
          "pct": 0.5
        },
        "lhten": {}
      }
    },
    {
      "player_slot": 2,
      "ability_targets": null,
      "ability_upgrades_arr": [
        656,
        895,
        5263,
        1958,
        5263,
        5266,
        5263,
        895,
        895,
        548,
        895,
        5266,
        656
      ],
      "ability_uses": null,
      "actions": null,
      "additional_units": null,
      "assists": 0,
      "backpack_0": 0,
      "backpack_1": 0,
      "backpack_2": 0,
      "backpack_3": null,
      "buyback_log": null,
      "camps_stacked": null,
      "connection_log": null,
      "creeps_stacked": null,
      "damage": null,
      "damage_inflictor": null,
      "damage_inflictor_received": null,
      "damage_taken": null,
      "damage_targets": null,
      "deaths": 4,
      "denies": 13,
      "dn_t": null,
      "firstblood_claimed": null,
      "gold": 2710,
      "gold_per_min": 556,
      "gold_reasons": null,
      "gold_spent": 259,
      "gold_t": null,
      "hero_damage": 1307,
      "hero_healing": 900,
      "hero_hits": null,
      "hero_id": 0,
      "item_0": 0,
      "item_1": 0,
      "item_2": -36,
      "item_3": 0,
      "item_4": 0,
      "item_5": 0,
      "item_neutral": 840,
      "item_uses": null,
      "kill_streaks": null,
      "killed": null,
      "killed_by": null,
      "kills": 0,
      "kills_log": null,
      "lane_pos": null,
      "last_hits": 52,
      "leaver_status": 0,
      "level": 13,
      "lh_t": null,
      "life_state": null,
      "max_hero_hit": null,
      "multi_kills": null,
      "net_worth": 9360,
      "obs": null,
      "obs_left_log": null,
      "obs_log": null,
      "obs_placed": null,
      "party_id": 0,
      "party_size": 0,
      "performance_others": null,
      "permanent_buffs": [],
      "pings": null,
      "pred_vict": null,
      "purchase": null,
      "purchase_log": null,
      "randomed": null,
      "repicked": null,
      "roshans_killed": null,
      "rune_pickups": null,
      "runes": null,
      "runes_log": null,
      "sen": null,
      "sen_left_log": null,
      "sen_log": null,
      "sen_placed": null,
      "stuns": null,
      "teamfight_participation": null,
      "times": null,
      "tower_damage": 114,
      "towers_killed": null,
      "xp_per_min": 632,
      "xp_reasons": null,
      "xp_t": null,
      "personaname": "梳邦陈冠希pinoy",
      "name": null,
      "last_login": "2016-12-23T09:07:53.439Z",
      "start_time": 1669911711,
      "duration": 943,
      "cluster": 152,
      "lobby_type": 0,
      "game_mode": 23,
      "is_contributor": false,
      "patch": 0,
      "region": 5,
      "isRadiant": true,
      "total_gold": 8738,
      "total_xp": 9932,
      "kda": 0,
      "abandons": 0,
      "rank_tier": 51,
      "is_subscriber": false,
      "cosmetics": [],
      "benchmarks": {
        "gold_per_min": {
          "raw": 199,
          "pct": 0.9375
        },
        "xp_per_min": {
          "raw": 632,
          "pct": 0.75
        },
        "kills_per_min": {
          "raw": 0,
          "pct": 0.0625
        },
        "last_hits_per_min": {
          "raw": 3.308589607635207,
          "pct": 0.625
        },
        "hero_damage_per_min": {},
        "hero_healing_per_min": {
          "raw": 57.26405090137858,
          "pct": 0.125
        },
        "tower_damage": {
          "raw": 114,
          "pct": 0
        },
        "stuns_per_min": {
          "raw": 0,
          "pct": 0.9375
        },
        "lhten": {}
      }
    },
    {
      "player_slot": 3,
      "ability_targets": null,
      "ability_upgrades_arr": [
        5110,
        641,
        5110,
        641,
        2137,
        5113,
        5110,
        5111,
        5111,
        5111,
        0,
        5113
      ],
      "ability_uses": null,
      "actions": null,
      "additional_units": null,
      "assists": 1,
      "backpack_0": 0,
      "backpack_1": 0,
      "backpack_2": 0,
      "backpack_3": null,
      "buyback_log": null,
      "camps_stacked": null,
      "connection_log": null,
      "creeps_stacked": null,
      "damage": null,
      "damage_inflictor": null,
      "damage_inflictor_received": null,
      "damage_taken": null,
      "damage_targets": null,
      "deaths": -1,
      "denies": 0,
      "dn_t": null,
      "firstblood_claimed": null,
      "gold": 848,
      "gold_per_min": 0,
      "gold_reasons": null,
      "gold_spent": 8510,
      "gold_t": null,
      "hero_damage": 11589,
      "hero_healing": 141,
      "hero_hits": null,
      "hero_id": 7,
      "item_0": 117,
      "item_1": 77,
      "item_2": 232,
      "item_3": 21,
      "item_4": 34,
      "item_5": 29,
      "item_neutral": 356,
      "item_uses": null,
      "kill_streaks": null,
      "killed": null,
      "killed_by": null,
      "kills": 0,
      "kills_log": null,
      "lane_pos": null,
      "last_hits": 43,
      "leaver_status": 0,
      "level": 12,
      "lh_t": null,
      "life_state": null,
      "max_hero_hit": null,
      "multi_kills": null,
      "net_worth": 8878,
      "obs": null,
      "obs_left_log": null,
      "obs_log": null,
      "obs_placed": null,
      "party_id": 1,
      "party_size": 1,
      "performance_others": null,
      "permanent_buffs": [
        {
          "permanent_buff": 12,
          "stack_count": 0,
          "grant_time": 857
        }
      ],
      "pings": null,
      "pred_vict": null,
      "purchase": null,
      "purchase_log": null,
      "randomed": null,
      "repicked": null,
      "roshans_killed": null,
      "rune_pickups": null,
      "runes": null,
      "runes_log": null,
      "sen": null,
      "sen_left_log": null,
      "sen_log": null,
      "sen_placed": null,
      "stuns": null,
      "teamfight_participation": null,
      "times": null,
      "tower_damage": 342,
      "towers_killed": null,
      "xp_per_min": 596,
      "xp_reasons": null,
      "xp_t": null,
      "personaname": "练习两年半",
      "name": null,
      "last_login": "2022-09-24T04:46:46.667Z",
      "start_time": -553116399,
      "duration": 943,
      "cluster": 152,
      "lobby_type": 0,
      "game_mode": 23,
      "is_contributor": false,
      "patch": 51,
      "region": -1,
      "isRadiant": true,
      "total_gold": 4812,
      "total_xp": 9367,
      "kills_per_min": 0.06362672322375397,
      "kda": 0,
      "abandons": 0,
      "rank_tier": 0,
      "is_subscriber": false,
      "cosmetics": [],
      "benchmarks": {
        "gold_per_min": {
          "raw": 531,
          "pct": 0.6285714285714286
        },
        "xp_per_min": {
          "raw": 596,
          "pct": 0.4857142857142857
        },
        "kills_per_min": {
          "raw": 0.012643244629535505,
          "pct": 0.08571428571428572
        },
        "last_hits_per_min": {
          "raw": 2.735949098621421,
          "pct": 0.22857142857142856
        },
        "hero_damage_per_min": {},
        "hero_healing_per_min": {
          "raw": 8.971367974549311,
          "pct": 0.9428571428571428
        },
        "tower_damage": {
          "raw": 342,
          "pct": 0.5714285714285714
        },
        "stuns_per_min": {},
        "lhten": {}
      }
    },
    {
      "player_slot": 4,
      "ability_targets": null,
      "ability_upgrades_arr": [
        5048,
        5050,
        5051,
        5051,
        5051,
        5049,
        5051,
        5050,
        5048,
        5048,
        5048,
        5049
      ],
      "ability_uses": null,
      "actions": null,
      "additional_units": null,
      "assists": 0,
      "backpack_0": 0,
      "backpack_1": 0,
      "backpack_2": 0,
      "backpack_3": null,
      "buyback_log": null,
      "camps_stacked": null,
      "connection_log": null,
      "creeps_stacked": null,
      "damage": null,
      "damage_inflictor": null,
      "damage_inflictor_received": null,
      "damage_taken": null,
      "damage_targets": null,
      "deaths": 2,
      "denies": 4,
      "dn_t": null,
      "firstblood_claimed": null,
      "gold": 1521,
      "gold_per_min": 395,
      "gold_reasons": null,
      "gold_spent": 5320,
      "gold_t": null,
      "hero_damage": 5030,
      "hero_healing": 0,
      "hero_hits": null,
      "hero_id": 9,
      "item_0": 596,
      "item_1": 0,
      "item_2": 16,
      "item_3": 88,
      "item_4": 20,
      "item_5": 63,
      "item_neutral": 0,
      "item_uses": null,
      "kill_streaks": null,
      "killed": null,
      "killed_by": null,
      "kills": 1,
      "kills_log": null,
      "lane_pos": null,
      "last_hits": 21,
      "leaver_status": 0,
      "level": 12,
      "lh_t": null,
      "life_state": null,
      "max_hero_hit": null,
      "multi_kills": null,
      "net_worth": 1648,
      "obs": null,
      "obs_left_log": null,
      "obs_log": null,
      "obs_placed": null,
      "party_id": 2,
      "party_size": 1,
      "performance_others": null,
      "permanent_buffs": [
        {
          "permanent_buff": 6,
          "stack_count": 0,
          "grant_time": 780
        },
        {
          "permanent_buff": 12,
          "stack_count": 0,
          "grant_time": 975
        }
      ],
      "pings": null,
      "pred_vict": null,
      "purchase": null,
      "purchase_log": null,
      "randomed": null,
      "repicked": null,
      "roshans_killed": null,
      "rune_pickups": null,
      "runes": null,
      "runes_log": null,
      "sen": null,
      "sen_left_log": null,
      "sen_log": null,
      "sen_placed": null,
      "stuns": null,
      "teamfight_participation": null,
      "times": null,
      "tower_damage": 0,
      "towers_killed": null,
      "xp_per_min": 599,
      "xp_reasons": null,
      "xp_t": null,
      "start_time": 1669911711,
      "duration": 943,
      "cluster": 152,
      "lobby_type": 0,
      "game_mode": 23,
      "is_contributor": false,
      "patch": 51,
      "region": 5,
      "isRadiant": true,
      "total_gold": 3819,
      "total_xp": 9414,
      "kills_per_min": 0.06362672322375397,
      "kda": 0,
      "abandons": 0,
      "rank_tier": null,
      "is_subscriber": false,
      "cosmetics": [],
      "benchmarks": {
        "gold_per_min": {
          "raw": 395,
          "pct": 0.8181818181818182
        },
        "xp_per_min": {
          "raw": 599,
          "pct": 0.7454545454545455
        },
        "kills_per_min": {
          "raw": 0.06362672322375398,
          "pct": 0.21818181818181817
        },
        "last_hits_per_min": {
          "raw": 1.3361611876988335,
          "pct": 0.2545454545454545
        },
        "hero_damage_per_min": {
          "raw": 320.0424178154825,
          "pct": 0.36363636363636365
        },
        "hero_healing_per_min": {
          "raw": 0,
          "pct": 0.4909090909090909
        },
        "tower_damage": {
          "raw": 0,
          "pct": 0.10909090909090909
        },
        "stuns_per_min": {
          "raw": 0,
          "pct": 0
        },
        "lhten": {}
      }
    },
    {
      "player_slot": 128,
      "ability_targets": null,
      "ability_upgrades_arr": [],
      "ability_uses": null,
      "actions": null,
      "additional_units": null,
      "assists": 10,
      "backpack_0": 0,
      "backpack_1": 0,
      "backpack_2": 0,
      "backpack_3": null,
      "buyback_log": null,
      "camps_stacked": null,
      "connection_log": null,
      "creeps_stacked": null,
      "damage": null,
      "damage_inflictor": null,
      "damage_inflictor_received": null,
      "damage_taken": null,
      "damage_targets": null,
      "deaths": 0,
      "denies": -1,
      "dn_t": null,
      "firstblood_claimed": null,
      "gold": 4762,
      "gold_per_min": 988,
      "gold_reasons": null,
      "gold_spent": 11565,
      "gold_t": null,
      "hero_damage": 3175,
      "hero_healing": -62,
      "hero_hits": null,
      "hero_id": 77,
      "item_0": 98,
      "item_1": 0,
      "item_2": 11,
      "item_3": 635,
      "item_4": 0,
      "item_5": 0,
      "item_neutral": 840,
      "item_uses": null,
      "kill_streaks": null,
      "killed": null,
      "killed_by": null,
      "kills": 1,
      "kills_log": null,
      "lane_pos": null,
      "last_hits": 8,
      "leaver_status": 0,
      "level": 0,
      "lh_t": null,
      "life_state": null,
      "max_hero_hit": null,
      "multi_kills": null,
      "net_worth": 16012,
      "obs": null,
      "obs_left_log": null,
      "obs_log": null,
      "obs_placed": null,
      "party_id": 3,
      "party_size": 0,
      "performance_others": null,
      "permanent_buffs": [],
      "pings": null,
      "pred_vict": null,
      "purchase": null,
      "purchase_log": null,
      "randomed": null,
      "repicked": null,
      "roshans_killed": null,
      "rune_pickups": null,
      "runes": null,
      "runes_log": null,
      "sen": null,
      "sen_left_log": null,
      "sen_log": null,
      "sen_placed": null,
      "stuns": null,
      "teamfight_participation": null,
      "times": null,
      "tower_damage": 12880,
      "towers_killed": null,
      "xp_per_min": 717,
      "xp_reasons": null,
      "xp_t": null,
      "personaname": "Chu! 可愛くてごめん",
      "name": null,
      "last_login": null,
      "start_time": 1669911711,
      "duration": 943,
      "cluster": 152,
      "lobby_type": 0,
      "game_mode": 23,
      "is_contributor": false,
      "patch": 51,
      "region": 0,
      "isRadiant": false,
      "total_gold": 11117,
      "total_xp": 6499,
      "kills_per_min": 0.06362672322375397,
      "kda": 3,
      "abandons": 0,
      "rank_tier": 52,
      "is_subscriber": false,
      "cosmetics": [],
      "benchmarks": {
        "gold_per_min": {
          "raw": 988,
          "pct": 1
        },
        "xp_per_min": {
          "raw": 717,
          "pct": 0.8
        },
        "kills_per_min": {
          "raw": 0.06362672322375398,
          "pct": 0.13333333333333333
        },
        "last_hits_per_min": {
          "raw": 3.3722163308589606,
          "pct": 0
        },
        "hero_damage_per_min": {
          "raw": 202.01484623541887,
          "pct": 0
        },
        "hero_healing_per_min": {
          "raw": 74.63414634146342,
          "pct": 0.7333333333333333
        },
        "tower_damage": {
          "raw": 12880,
          "pct": -0.3563561043205086
        },
        "stuns_per_min": {
          "raw": 0,
          "pct": 0.6
        },
        "lhten": {}
      }
    },
    {
      "player_slot": 129,
      "ability_targets": null,
      "ability_upgrades_arr": [
        5237,
        -2389,
        5237,
        5239,
        5237,
        5240,
        5237,
        5239,
        5239,
        0,
        5239,
        5240,
        5238,
        5238
      ],
      "ability_uses": null,
      "actions": null,
      "additional_units": null,
      "assists": 1,
      "backpack_0": 0,
      "backpack_1": 0,
      "backpack_2": 0,
      "backpack_3": null,
      "buyback_log": null,
      "camps_stacked": null,
      "connection_log": null,
      "creeps_stacked": null,
      "damage": null,
      "damage_inflictor": null,
      "damage_inflictor_received": null,
      "damage_taken": null,
      "damage_targets": null,
      "deaths": 1,
      "denies": 8,
      "dn_t": null,
      "firstblood_claimed": null,
      "gold": 343,
      "gold_per_min": 682,
      "gold_reasons": null,
      "gold_spent": 10845,
      "gold_t": null,
      "hero_damage": 10305,
      "hero_healing": 0,
      "hero_hits": null,
      "hero_id": 51,
      "item_0": 50,
      "item_1": 188,
      "item_2": 60,
      "item_3": 0,
      "item_4": 116,
      "item_5": 0,
      "item_neutral": 0,
      "item_uses": null,
      "kill_streaks": null,
      "killed": null,
      "killed_by": null,
      "kills": 3,
      "kills_log": null,
      "lane_pos": null,
      "last_hits": 8,
      "leaver_status": 0,
      "level": 14,
      "lh_t": null,
      "life_state": null,
      "max_hero_hit": null,
      "multi_kills": null,
      "net_worth": 10623,
      "obs": null,
      "obs_left_log": null,
      "obs_log": null,
      "obs_placed": null,
      "party_id": 3,
      "party_size": 2,
      "performance_others": null,
      "permanent_buffs": [
        {}
      ],
      "pings": null,
      "pred_vict": null,
      "purchase": null,
      "purchase_log": null,
      "randomed": null,
      "repicked": null,
      "roshans_killed": null,
      "rune_pickups": null,
      "runes": null,
      "runes_log": null,
      "sen": null,
      "sen_left_log": null,
      "sen_log": null,
      "sen_placed": null,
      "stuns": null,
      "teamfight_participation": null,
      "times": null,
      "tower_damage": 141,
      "towers_killed": null,
      "xp_per_min": 761,
      "xp_reasons": null,
      "xp_t": null,
      "personaname": "Jerry",
      "name": null,
      "last_login": null,
      "start_time": 1669911711,
      "duration": 943,
      "cluster": 152,
      "lobby_type": 0,
      "game_mode": 23,
      "is_contributor": false,
      "patch": 51,
      "region": 5,
      "isRadiant": false,
      "total_gold": 5529,
      "total_xp": 210,
      "kills_per_min": -0.01963566690535428,
      "kda": 3,
      "abandons": 0,
      "rank_tier": 25,
      "is_subscriber": false,
      "cosmetics": [],
      "benchmarks": {
        "gold_per_min": {
          "raw": 682,
          "pct": 1
        },
        "xp_per_min": {
          "raw": 761,
          "pct": 0.9318181818181818
        },
        "kills_per_min": {
          "raw": 0.06807437300776473,
          "pct": 0.7727272727272727
        },
        "last_hits_per_min": {
          "raw": 0.5090137857900319,
          "pct": 0.06818181818181818
        },
        "hero_damage_per_min": {
          "raw": 655.6733828207847,
          "pct": 0.8863636363636364
        },
        "hero_healing_per_min": {
          "raw": 0,
          "pct": 0.8181818181818182
        },
        "tower_damage": {
          "raw": 0,
          "pct": -0.27716222880922464
        },
        "stuns_per_min": {
          "raw": 0,
          "pct": 0
        },
        "lhten": {}
      }
    },
    {
      "player_slot": 130,
      "ability_targets": null,
      "ability_upgrades_arr": [
        1851,
        5027,
        5028,
        5029,
        5028,
        5030,
        5028,
        5029,
        0,
        5029,
        5027,
        5030,
        -395,
        5027,
        0,
        5027
      ],
      "ability_uses": null,
      "actions": null,
      "additional_units": null,
      "assists": 3,
      "backpack_0": 0,
      "backpack_1": 0,
      "backpack_2": 0,
      "backpack_3": null,
      "buyback_log": null,
      "camps_stacked": null,
      "connection_log": null,
      "creeps_stacked": null,
      "damage": null,
      "damage_inflictor": null,
      "damage_inflictor_received": null,
      "damage_taken": null,
      "damage_targets": null,
      "deaths": 0,
      "denies": 17,
      "dn_t": null,
      "firstblood_claimed": null,
      "gold": 7222,
      "gold_per_min": 1368,
      "gold_reasons": null,
      "gold_spent": 14960,
      "gold_t": null,
      "hero_damage": 10135,
      "hero_healing": 0,
      "hero_hits": null,
      "hero_id": 8,
      "item_0": 147,
      "item_1": 1466,
      "item_2": 50,
      "item_3": 11,
      "item_4": 1,
      "item_5": 237,
      "item_neutral": -334,
      "item_uses": null,
      "kill_streaks": null,
      "killed": null,
      "killed_by": null,
      "kills": 7,
      "kills_log": null,
      "lane_pos": null,
      "last_hits": 97,
      "leaver_status": 0,
      "level": 17,
      "lh_t": null,
      "life_state": null,
      "max_hero_hit": null,
      "multi_kills": null,
      "net_worth": 21992,
      "obs": null,
      "obs_left_log": null,
      "obs_log": null,
      "obs_placed": null,
      "party_id": 4,
      "party_size": 2,
      "performance_others": null,
      "permanent_buffs": [],
      "pings": null,
      "pred_vict": null,
      "purchase": null,
      "purchase_log": null,
      "randomed": null,
      "repicked": null,
      "roshans_killed": null,
      "rune_pickups": null,
      "runes": null,
      "runes_log": null,
      "sen": null,
      "sen_left_log": null,
      "sen_log": null,
      "sen_placed": null,
      "stuns": null,
      "teamfight_participation": null,
      "times": null,
      "tower_damage": 878,
      "towers_killed": null,
      "xp_per_min": 1100,
      "xp_reasons": null,
      "xp_t": null,
      "start_time": 1669911711,
      "duration": 943,
      "cluster": 0,
      "lobby_type": 0,
      "game_mode": 23,
      "is_contributor": false,
      "patch": 51,
      "region": 5,
      "isRadiant": false,
      "total_gold": 14385,
      "total_xp": 17288,
      "kills_per_min": 0.44538706256627786,
      "kda": 10,
      "abandons": 0,
      "rank_tier": null,
      "is_subscriber": false,
      "cosmetics": [],
      "benchmarks": {
        "gold_per_min": {},
        "xp_per_min": {
          "raw": 1100,
          "pct": 1
        },
        "kills_per_min": {
          "raw": 0.44538706256627786,
          "pct": 0.8484848484848485
        },
        "last_hits_per_min": {
          "raw": 6.171792152704136,
          "pct": 0.15151515151515152
        },
        "hero_damage_per_min": {
          "raw": 644.8568398727465,
          "pct": 0.45454545454545453
        },
        "hero_healing_per_min": {
          "raw": 330.28632025450685,
          "pct": 0.9393939393939394
        },
        "tower_damage": {
          "raw": 6357,
          "pct": 0.48484848484848486
        },
        "stuns_per_min": {
          "raw": 0,
          "pct": 0.3333333333333333
        },
        "lhten": {}
      }
    },
    {
      "player_slot": 0,
      "ability_targets": null,
      "ability_upgrades_arr": [
        5187,
        5186,
        5188,
        5186,
        -708,
        5189,
        5186,
        0,
        5188,
        5188,
        5188,
        5189,
        5187,
        5187
      ],
      "ability_uses": null,
      "actions": null,
      "additional_units": null,
      "assists": 12,
      "backpack_0": 0,
      "backpack_1": 0,
      "backpack_2": 0,
      "backpack_3": null,
      "buyback_log": null,
      "camps_stacked": null,
      "connection_log": null,
      "creeps_stacked": null,
      "damage": null,
      "damage_inflictor": null,
      "damage_inflictor_received": null,
      "damage_taken": null,
      "damage_targets": null,
      "deaths": 2,
      "denies": 1,
      "dn_t": null,
      "firstblood_claimed": null,
      "gold": 0,
      "gold_per_min": 0,
      "gold_reasons": null,
      "gold_spent": 7425,
      "gold_t": null,
      "hero_damage": 14232,
      "hero_healing": 0,
      "hero_hits": null,
      "hero_id": 45,
      "item_0": 190,
      "item_1": 77,
      "item_2": 40,
      "item_3": 214,
      "item_4": 232,
      "item_5": 0,
      "item_neutral": 946,
      "item_uses": null,
      "kill_streaks": null,
      "killed": null,
      "killed_by": null,
      "kills": 0,
      "kills_log": null,
      "lane_pos": null,
      "last_hits": 16,
      "leaver_status": 0,
      "level": 15,
      "lh_t": null,
      "life_state": null,
      "max_hero_hit": null,
      "multi_kills": null,
      "net_worth": 693,
      "obs": null,
      "obs_left_log": null,
      "obs_log": null,
      "obs_placed": null,
      "party_id": 4,
      "party_size": 2,
      "performance_others": null,
      "permanent_buffs": [],
      "pings": null,
      "pred_vict": null,
      "purchase": null,
      "purchase_log": null,
      "randomed": null,
      "repicked": null,
      "roshans_killed": null,
      "rune_pickups": null,
      "runes": null,
      "runes_log": null,
      "sen": null,
      "sen_left_log": null,
      "sen_log": null,
      "sen_placed": null,
      "stuns": null,
      "teamfight_participation": null,
      "times": null,
      "tower_damage": -256,
      "towers_killed": null,
      "xp_per_min": 816,
      "xp_reasons": null,
      "xp_t": null,
      "start_time": 1669911711,
      "duration": 943,
      "cluster": 0,
      "lobby_type": 0,
      "game_mode": 0,
      "is_contributor": false,
      "patch": 51,
      "region": 5,
      "isRadiant": false,
      "total_gold": 10561,
      "total_xp": 12824,
      "kda": 1,
      "abandons": 0,
      "rank_tier": null,
      "is_subscriber": false,
      "cosmetics": [],
      "benchmarks": {
        "gold_per_min": {
          "raw": 672,
          "pct": 1
        },
        "xp_per_min": {
          "raw": 816,
          "pct": 0.9
        },
        "kills_per_min": {},
        "last_hits_per_min": {
          "raw": 1.0180275715800637,
          "pct": 0
        },
        "hero_damage_per_min": {
          "raw": 905.5355249204665,
          "pct": 0.6
        },
        "hero_healing_per_min": {
          "raw": 0,
          "pct": 0
        },
        "tower_damage": {
          "raw": 2899,
          "pct": 0.4
        },
        "stuns_per_min": {
          "raw": 0,
          "pct": 0.7
        },
        "lhten": {}
      }
    },
    {
      "player_slot": 132,
      "ability_targets": null,
      "ability_upgrades_arr": [
        5377,
        5378,
        5377,
        0,
        5377,
        -1247,
        5377,
        5378,
        5379,
        5906,
        5378,
        -2516,
        5378,
        5379,
        721,
        5379
      ],
      "ability_uses": null,
      "actions": null,
      "additional_units": null,
      "assists": 7,
      "backpack_0": 0,
      "backpack_1": 0,
      "backpack_2": 0,
      "backpack_3": null,
      "buyback_log": null,
      "camps_stacked": null,
      "connection_log": null,
      "creeps_stacked": null,
      "damage": null,
      "damage_inflictor": null,
      "damage_inflictor_received": null,
      "damage_taken": null,
      "damage_targets": null,
      "deaths": 0,
      "denies": 2,
      "dn_t": null,
      "firstblood_claimed": null,
      "gold": 250,
      "gold_per_min": 998,
      "gold_reasons": null,
      "gold_spent": 16060,
      "gold_t": null,
      "hero_damage": 8492,
      "hero_healing": 0,
      "hero_hits": null,
      "hero_id": 34,
      "item_0": 63,
      "item_1": 77,
      "item_2": 236,
      "item_3": 98,
      "item_4": 0,
      "item_5": 249,
      "item_neutral": 381,
      "item_uses": null,
      "kill_streaks": null,
      "killed": null,
      "killed_by": null,
      "kills": 4,
      "kills_log": null,
      "lane_pos": null,
      "last_hits": 52,
      "leaver_status": 0,
      "level": 16,
      "lh_t": null,
      "life_state": null,
      "max_hero_hit": null,
      "multi_kills": null,
      "net_worth": 15730,
      "obs": null,
      "obs_left_log": null,
      "obs_log": null,
      "obs_placed": null,
      "party_id": 0,
      "party_size": 1,
      "performance_others": null,
      "permanent_buffs": [
        {
          "permanent_buff": 3,
          "stack_count": 26,
          "grant_time": 186
        },
        {
          "permanent_buff": 12,
          "stack_count": 0,
          "grant_time": -59
        }
      ],
      "pings": null,
      "pred_vict": null,
      "purchase": null,
      "purchase_log": null,
      "randomed": null,
      "repicked": null,
      "roshans_killed": null,
      "rune_pickups": null,
      "runes": null,
      "runes_log": null,
      "sen": null,
      "sen_left_log": null,
      "sen_log": null,
      "sen_placed": null,
      "stuns": null,
      "teamfight_participation": null,
      "times": null,
      "tower_damage": -186,
      "towers_killed": null,
      "xp_per_min": 895,
      "xp_reasons": null,
      "xp_t": null,
      "start_time": 1669911711,
      "duration": 943,
      "cluster": 152,
      "lobby_type": 0,
      "game_mode": 23,
      "is_contributor": false,
      "patch": 51,
      "region": 5,
      "isRadiant": false,
      "total_gold": 15685,
      "total_xp": 14066,
      "kills_per_min": 0.2545068928950159,
      "kda": 6,
      "abandons": 0,
      "rank_tier": null,
      "is_subscriber": false,
      "cosmetics": [],
      "benchmarks": {
        "gold_per_min": {
          "raw": 998,
          "pct": 1
        },
        "xp_per_min": {
          "raw": 895,
          "pct": 1
        },
        "kills_per_min": {
          "raw": 0.25450689289501593,
          "pct": 0.7454545454545455
        },
        "last_hits_per_min": {
          "raw": 3.308589607635207,
          "pct": 0.30873569537787526
        },
        "hero_damage_per_min": {
          "raw": 540.3181336161188,
          "pct": 0.6
        },
        "hero_healing_per_min": {
          "raw": 0,
          "pct": 0.8
        },
        "tower_damage": {
          "raw": 3862,
          "pct": 0.9272727272727272
        },
        "stuns_per_min": {
          "raw": 0,
          "pct": 0.8727272727272727
        },
        "lhten": {}
      }
    }
  ],
  "patch": 51,
  "region": 5
}