{
  "chat": null,
  "cluster": 121,
  "cosmetics": null,
  "dire_score": 24,
  "dire_team_id": null,
  "draft_timings": null,
  "duration": 2033,
  "engine": 1,
  "first_blood_time": 414,
  "game_mode": 4,
  "human_players": 1,
  "leagueid": 0,
  "lobby_type": 0,
  "match_seq_num": 5780362203,
  "negative_votes": 0,
  "objectives": null,
  "picks_bans": null,
  "positive_votes": 0,
  "radiant_gold_adv": null,
  "radiant_score": 32,
  "radiant_team_id": null,
  "radiant_xp_adv": null,
  "skill": null,
  "start_time": 1669912398,
  "teamfights": null,
  "version": null,
  "replay_salt": 0,
  "series_id": 0,
  "series_type": 0,
  "players": [],
  "patch": 0,
  "region": 2
}