{
  "chat": null,
  "cluster": 151,
  "cosmetics": null,
  "dire_score": 33,
  "dire_team_id": null,
  "draft_timings": null,
  "duration": 1451,
  "engine": 1,
  "first_blood_time": 137,
  "game_mode": 23,
  "human_players": 0,
  "leagueid": 0,
  "lobby_type": 0,
  "match_seq_num": 5780355497,
  "negative_votes": 0,
  "objectives": null,
  "picks_bans": null,
  "positive_votes": 0,
  "radiant_gold_adv": null,
  "radiant_score": 22,
  "radiant_team_id": null,
  "radiant_xp_adv": null,
  "skill": null,
  "start_time": 0,
  "teamfights": null,
  "version": null,
  "replay_salt": 0,
  "series_id": 0,
  "series_type": 0,
  "players": [
    {
      "player_slot": 0,
      "ability_targets": null,
      "ability_upgrades_arr": [
        5508,
        5511,
        5509,
        0,
        5511,
        5512,
        5511,
        5508,
        5508,
        6958,
        5512,
        5508,
        5509,
        5509,
        492,
        5509,
        5512,
        1011
      ],
      "ability_uses": null,
      "actions": null,
      "additional_units": null,
      "assists": 0,
      "backpack_0": 0,
      "backpack_1": 0,
      "backpack_2": 0,
      "backpack_3": null,
      "buyback_log": null,
      "camps_stacked": null,
      "connection_log": null,
      "creeps_stacked": null,
      "damage": null,
      "damage_inflictor": null,
      "damage_inflictor_received": null,
      "damage_taken": null,
      "damage_targets": null,
      "deaths": 8,
      "denies": 3,
      "dn_t": null,
      "firstblood_claimed": null,
      "gold": 3260,
      "gold_per_min": 566,
      "gold_reasons": null,
      "gold_spent": 11080,
      "gold_t": null,
      "hero_damage": 6938,
      "hero_healing": 0,
      "hero_hits": null,
      "hero_id": 95,
      "item_0": 50,
      "item_1": 36,
      "item_2": 36,
      "item_3": 26,
      "item_4": 143,
      "item_5": 56,
      "item_neutral": 1077,
      "item_uses": null,
      "kill_streaks": null,
      "killed": null,
      "killed_by": null,
      "kills": 0,
      "kills_log": null,
      "lane_pos": null,
      "last_hits": 64,
      "leaver_status": 0,
      "level": 1,
      "lh_t": null,
      "life_state": null,
      "max_hero_hit": null,
      "multi_kills": null,
      "net_worth": 13860,
      "obs": null,
      "obs_left_log": null,
      "obs_log": null,
      "obs_placed": null,
      "party_id": 0,
      "party_size": 2,
      "performance_others": null,
      "permanent_buffs": [],
      "pings": null,
      "pred_vict": null,
      "purchase": null,
      "purchase_log": null,
      "randomed": null,
      "repicked": null,
      "roshans_killed": null,
      "rune_pickups": null,
      "runes": null,
      "runes_log": null,
      "sen": null,
      "sen_left_log": null,
      "sen_log": null,
      "sen_placed": null,
      "stuns": null,
      "teamfight_participation": null,
      "times": null,
      "tower_damage": 159,
      "towers_killed": null,
      "xp_per_min": 1404,
      "xp_reasons": null,
      "xp_t": null,
      "start_time": 1669912805,
      "duration": -327,
      "cluster": 151,
      "lobby_type": 0,
      "game_mode": -4,
      "is_contributor": false,
      "patch": 51,
      "region": 0,
      "isRadiant": true,
      "total_gold": 13687,
      "total_xp": 33953,
      "kda": 0,
      "abandons": 0,
      "rank_tier": null,
      "is_subscriber": false,
      "cosmetics": [],
      "benchmarks": {
        "gold_per_min": {
          "raw": 566,
          "pct": 0.0625
        },
        "xp_per_min": {},
        "kills_per_min": {
          "raw": 0,
          "pct": 0
        },
        "last_hits_per_min": {
          "raw": 0.07020437314181026,
          "pct": 0
        },
        "hero_damage_per_min": {
          "raw": 286.8917987594762,
          "pct": 0
        },
        "hero_healing_per_min": {},
        "tower_damage": {
          "raw": 0,
          "pct": 0
        },
        "stuns_per_min": {
          "raw": 0,
          "pct": 0
        },
        "lhten": {}
      }
    },
    {
      "player_slot": 1,
      "ability_targets": null,
      "ability_upgrades_arr": [
        5249,
        5250,
        631,
        5249,
        5249,
        5252,
        5249,
        5250,
        5250,
        5250,
        631,
        0,
        631,
        5252,
        1033,
        6423,
        5252,
        1034
      ],
      "ability_uses": null,
      "actions": null,
      "additional_units": null,
      "assists": 5,
      "backpack_0": 0,
      "backpack_1": 0,
      "backpack_2": 0,
      "backpack_3": null,
      "buyback_log": null,
      "camps_stacked": null,
      "connection_log": null,
      "creeps_stacked": null,
      "damage": null,
      "damage_inflictor": null,
      "damage_inflictor_received": null,
      "damage_taken": null,
      "damage_targets": null,
      "deaths": 6,
      "denies": 0,
      "dn_t": null,
      "firstblood_claimed": null,
      "gold": 2400,
      "gold_per_min": 561,
      "gold_reasons": null,
      "gold_spent": 11965,
      "gold_t": null,
      "hero_damage": 1595,
      "hero_healing": 0,
      "hero_hits": null,
      "hero_id": 54,
      "item_0": 34,
      "item_1": 8,
      "item_2": 8,
      "item_3": 50,
      "item_4": 151,
      "item_5": 154,
      "item_neutral": 381,
      "item_uses": null,
      "kill_streaks": null,
      "killed": null,
      "killed_by": null,
      "kills": 1,
      "kills_log": null,
      "lane_pos": null,
      "last_hits": 61,
      "leaver_status": 0,
      "level": 1,
      "lh_t": null,
      "life_state": null,
      "max_hero_hit": null,
      "multi_kills": null,
      "net_worth": 14000,
      "obs": null,
      "obs_left_log": null,
      "obs_log": null,
      "obs_placed": null,
      "party_id": 0,
      "party_size": 2,
      "performance_others": null,
      "permanent_buffs": [],
      "pings": null,
      "pred_vict": null,
      "purchase": null,
      "purchase_log": null,
      "randomed": null,
      "repicked": null,
      "roshans_killed": null,
      "rune_pickups": null,
      "runes": null,
      "runes_log": null,
      "sen": null,
      "sen_left_log": null,
      "sen_log": null,
      "sen_placed": null,
      "stuns": null,
      "teamfight_participation": null,
      "times": null,
      "tower_damage": 123,
      "towers_killed": null,
      "xp_per_min": 1413,
      "xp_reasons": null,
      "xp_t": null,
      "start_time": -477737974,
      "duration": 1451,
      "cluster": -68,
      "lobby_type": 0,
      "game_mode": 23,
      "is_contributor": false,
      "patch": 0,
      "region": 5,
      "isRadiant": true,
      "total_gold": 13056,
      "total_xp": 27739,
      "kills_per_min": 0.04135079255685734,
      "kda": 0,
      "abandons": 0,
      "rank_tier": null,
      "is_subscriber": false,
      "cosmetics": [],
      "benchmarks": {
        "gold_per_min": {
          "raw": 561,
          "pct": 0.3548387096774194
        },
        "xp_per_min": {
          "raw": 1413,
          "pct": 1
        },
        "kills_per_min": {
          "raw": 0.04135079255685734,
          "pct": 0.03225806451612903
        },
        "last_hits_per_min": {
          "raw": 2.5223983459682975,
          "pct": 0
        },
        "hero_damage_per_min": {
          "raw": 257.49138525155064,
          "pct": 0.06451612903225806
        },
        "hero_healing_per_min": {},
        "tower_damage": {
          "raw": 0,
          "pct": 0.16129032258064516
        },
        "stuns_per_min": {
          "raw": 0,
          "pct": 0.3225806451612903
        },
        "lhten": {}
      }
    },
    {
      "player_slot": 2,
      "ability_targets": null,
      "ability_upgrades_arr": [
        5075,
        5076,
        5076,
        5074,
        5076,
        5077,
        5076,
        5074,
        -2339,
        5074,
        5931,
        155,
        5075,
        5075,
        6565,
        5075,
        5077,
        408
      ],
      "ability_uses": null,
      "actions": null,
      "additional_units": null,
      "assists": 10,
      "backpack_0": 0,
      "backpack_1": 0,
      "backpack_2": 0,
      "backpack_3": null,
      "buyback_log": null,
      "camps_stacked": null,
      "connection_log": null,
      "creeps_stacked": null,
      "damage": null,
      "damage_inflictor": null,
      "damage_inflictor_received": null,
      "damage_taken": null,
      "damage_targets": null,
      "deaths": 9,
      "denies": 2,
      "dn_t": null,
      "firstblood_claimed": null,
      "gold": -719,
      "gold_per_min": -279,
      "gold_reasons": null,
      "gold_spent": 15710,
      "gold_t": null,
      "hero_damage": 0,
      "hero_healing": 0,
      "hero_hits": null,
      "hero_id": 14,
      "item_0": 692,
      "item_1": 273,
      "item_2": 36,
      "item_3": 108,
      "item_4": 50,
      "item_5": 0,
      "item_neutral": 0,
      "item_uses": null,
      "kill_streaks": null,
      "killed": null,
      "killed_by": null,
      "kills": 0,
      "kills_log": null,
      "lane_pos": null,
      "last_hits": 54,
      "leaver_status": 0,
      "level": 23,
      "lh_t": null,
      "life_state": null,
      "max_hero_hit": null,
      "multi_kills": null,
      "net_worth": 17791,
      "obs": null,
      "obs_left_log": null,
      "obs_log": null,
      "obs_placed": null,
      "party_id": 1,
      "party_size": 0,
      "performance_others": null,
      "permanent_buffs": [
        {
          "permanent_buff": 4,
          "stack_count": 14,
          "grant_time": 307
        },
        {
          "permanent_buff": 12,
          "stack_count": 0,
          "grant_time": 1201
        }
      ],
      "pings": null,
      "pred_vict": null,
      "purchase": null,
      "purchase_log": null,
      "randomed": null,
      "repicked": null,
      "roshans_killed": null,
      "rune_pickups": null,
      "runes": null,
      "runes_log": null,
      "sen": null,
      "sen_left_log": null,
      "sen_log": null,
      "sen_placed": null,
      "stuns": null,
      "teamfight_participation": null,
      "times": null,
      "tower_damage": 158,
      "towers_killed": null,
      "xp_per_min": 1292,
      "xp_reasons": null,
      "xp_t": null,
      "start_time": 1669912805,
      "duration": 1451,
      "cluster": 151,
      "lobby_type": 0,
      "game_mode": 23,
      "is_contributor": false,
      "patch": 51,
      "region": 5,
      "isRadiant": true,
      "total_gold": 2138,
      "total_xp": 31244,
      "kills_per_min": 0.06420704277849192,
      "kda": 1,
      "abandons": 0,
      "rank_tier": null,
      "is_subscriber": false,
      "cosmetics": [],
      "benchmarks": {
        "gold_per_min": {
          "raw": 729,
          "pct": 1
        },
        "xp_per_min": {
          "raw": 1292,
          "pct": 1
        },
        "kills_per_min": {},
        "last_hits_per_min": {
          "raw": 2.2329427980702965,
          "pct": 0.3392857142857143
        },
        "hero_damage_per_min": {
          "raw": 998.1254307374226,
          "pct": 0.8928571428571429
        },
        "hero_healing_per_min": {
          "raw": 0,
          "pct": 0.6428571428571429
        },
        "tower_damage": {
          "raw": -62,
          "pct": 0.39285714285714285
        },
        "stuns_per_min": {
          "raw": 0,
          "pct": 0
        },
        "lhten": {}
      }
    },
    {
      "player_slot": 3,
      "ability_targets": null,
      "ability_upgrades_arr": [
        5110,
        641,
        5110,
        5111,
        5110,
        5113,
        -799,
        5111,
        5111,
        5111,
        641,
        1061,
        5113,
        641,
        248,
        641,
        5113,
        6518
      ],
      "ability_uses": null,
      "actions": null,
      "additional_units": null,
      "assists": 9,
      "backpack_0": 39,
      "backpack_1": 216,
      "backpack_2": 59,
      "backpack_3": null,
      "buyback_log": null,
      "camps_stacked": null,
      "connection_log": null,
      "creeps_stacked": null,
      "damage": null,
      "damage_inflictor": null,
      "damage_inflictor_received": null,
      "damage_taken": null,
      "damage_targets": null,
      "deaths": -1,
      "denies": 0,
      "dn_t": null,
      "firstblood_claimed": null,
      "gold": 410,
      "gold_per_min": 531,
      "gold_reasons": null,
      "gold_spent": 13080,
      "gold_t": null,
      "hero_damage": 20319,
      "hero_healing": 0,
      "hero_hits": null,
      "hero_id": 22,
      "item_0": 36,
      "item_1": 180,
      "item_2": -12,
      "item_3": 41,
      "item_4": 259,
      "item_5": 108,
      "item_neutral": 840,
      "item_uses": null,
      "kill_streaks": null,
      "killed": null,
      "killed_by": null,
      "kills": 2,
      "kills_log": null,
      "lane_pos": null,
      "last_hits": 40,
      "leaver_status": 0,
      "level": 23,
      "lh_t": null,
      "life_state": null,
      "max_hero_hit": null,
      "multi_kills": null,
      "net_worth": 11630,
      "obs": null,
      "obs_left_log": null,
      "obs_log": null,
      "obs_placed": null,
      "party_id": 2,
      "party_size": 2,
      "performance_others": null,
      "permanent_buffs": [
        {
          "permanent_buff": 12,
          "stack_count": 0,
          "grant_time": 810
        }
      ],
      "pings": null,
      "pred_vict": null,
      "purchase": null,
      "purchase_log": null,
      "randomed": null,
      "repicked": null,
      "roshans_killed": null,
      "rune_pickups": null,
      "runes": null,
      "runes_log": null,
      "sen": null,
      "sen_left_log": null,
      "sen_log": null,
      "sen_placed": null,
      "stuns": null,
      "teamfight_participation": null,
      "times": null,
      "tower_damage": -68,
      "towers_killed": null,
      "xp_per_min": 1291,
      "xp_reasons": null,
      "xp_t": null,
      "start_time": 1669912805,
      "duration": -115,
      "cluster": 151,
      "lobby_type": 0,
      "game_mode": 23,
      "is_contributor": false,
      "patch": 51,
      "region": 0,
      "isRadiant": true,
      "total_gold": 5138,
      "total_xp": 15615,
      "kills_per_min": 0.08270158511371468,
      "kda": 0,
      "abandons": 0,
      "rank_tier": null,
      "is_subscriber": false,
      "cosmetics": [],
      "benchmarks": {
        "gold_per_min": {},
        "xp_per_min": {
          "raw": -356,
          "pct": 1
        },
        "kills_per_min": {
          "raw": 0.08270158511371468,
          "pct": 0.11428571428571428
        },
        "last_hits_per_min": {
          "raw": -0.5665039221190258,
          "pct": 0.14285714285714285
        },
        "hero_damage_per_min": {
          "raw": 840.2067539627843,
          "pct": 0.3142857142857143
        },
        "hero_healing_per_min": {
          "raw": 0,
          "pct": 0.7714285714285715
        },
        "tower_damage": {
          "raw": -58,
          "pct": 0.4
        },
        "stuns_per_min": {
          "raw": 0,
          "pct": 0
        },
        "lhten": {}
      }
    },
    {
      "player_slot": 0,
      "ability_targets": null,
      "ability_upgrades_arr": [
        5032,
        5031,
        5032,
        5031,
        5032,
        5035,
        5033,
        5032,
        5031,
        5031,
        -307,
        0,
        730,
        730,
        6253,
        730,
        730,
        5035,
        730,
        6667,
        730,
        0,
        0,
        5033,
        7131
      ],
      "ability_uses": null,
      "actions": null,
      "additional_units": null,
      "assists": 5,
      "backpack_0": 0,
      "backpack_1": 0,
      "backpack_2": 0,
      "backpack_3": null,
      "buyback_log": null,
      "camps_stacked": null,
      "connection_log": null,
      "creeps_stacked": null,
      "damage": null,
      "damage_inflictor": null,
      "damage_inflictor_received": null,
      "damage_taken": null,
      "damage_targets": null,
      "deaths": 5,
      "denies": 2,
      "dn_t": null,
      "firstblood_claimed": null,
      "gold": 0,
      "gold_per_min": 1326,
      "gold_reasons": null,
      "gold_spent": 0,
      "gold_t": null,
      "hero_damage": 6572,
      "hero_healing": 0,
      "hero_hits": null,
      "hero_id": 23,
      "item_0": 141,
      "item_1": 249,
      "item_2": 48,
      "item_3": 135,
      "item_4": 0,
      "item_5": 141,
      "item_neutral": 376,
      "item_uses": null,
      "kill_streaks": null,
      "killed": null,
      "killed_by": null,
      "kills": 13,
      "kills_log": null,
      "lane_pos": null,
      "last_hits": 0,
      "leaver_status": 0,
      "level": 28,
      "lh_t": null,
      "life_state": null,
      "max_hero_hit": null,
      "multi_kills": null,
      "net_worth": 23787,
      "obs": null,
      "obs_left_log": null,
      "obs_log": null,
      "obs_placed": null,
      "party_id": 2,
      "party_size": 2,
      "performance_others": null,
      "permanent_buffs": [
        {
          "permanent_buff": 6,
          "stack_count": 2,
          "grant_time": 1161
        }
      ],
      "pings": null,
      "pred_vict": null,
      "purchase": null,
      "purchase_log": null,
      "randomed": null,
      "repicked": null,
      "roshans_killed": null,
      "rune_pickups": null,
      "runes": null,
      "runes_log": null,
      "sen": null,
      "sen_left_log": null,
      "sen_log": null,
      "sen_placed": null,
      "stuns": null,
      "teamfight_participation": null,
      "times": null,
      "tower_damage": 1036,
      "towers_killed": null,
      "xp_per_min": 1985,
      "xp_reasons": null,
      "xp_t": null,
      "personaname": "Naked Jesus",
      "name": null,
      "last_login": null,
      "start_time": 1669912805,
      "duration": 1451,
      "cluster": 151,
      "lobby_type": 0,
      "game_mode": 23,
      "is_contributor": false,
      "patch": 0,
      "region": 0,
      "isRadiant": true,
      "total_gold": 19911,
      "total_xp": 43649,
      "kills_per_min": 0.5375603032391454,
      "kda": 3,
      "abandons": 0,
      "rank_tier": 51,
      "is_subscriber": false,
      "cosmetics": [],
      "benchmarks": {
        "gold_per_min": {
          "raw": 1326,
          "pct": 1
        },
        "xp_per_min": {
          "raw": 0,
          "pct": 0
        },
        "kills_per_min": {
          "raw": 0.5375603032391454,
          "pct": 1
        },
        "last_hits_per_min": {
          "raw": 6.7815299793246036,
          "pct": 0.4117647058823529
        },
        "hero_damage_per_min": {
          "raw": 1723.2529290144728,
          "pct": 1
        },
        "hero_healing_per_min": {
          "raw": 0,
          "pct": 0.8235294117647058
        },
        "tower_damage": {
          "raw": 333,
          "pct": 0.5882352941176471
        },
        "stuns_per_min": {
          "raw": 0,
          "pct": 0.058823529411764705
        },
        "lhten": {}
      }
    },
    {
      "player_slot": 128,
      "ability_targets": null,
      "ability_upgrades_arr": [
        5462,
        0,
        5462,
        0,
        5462,
        5465,
        5462,
        444,
        0,
        5464,
        -85,
        5465,
        0,
        5463,
        778,
        5463,
        5465,
        891,
        6814
      ],
      "ability_uses": null,
      "actions": null,
      "additional_units": null,
      "assists": 6,
      "backpack_0": 0,
      "backpack_1": 0,
      "backpack_2": 0,
      "backpack_3": null,
      "buyback_log": null,
      "camps_stacked": null,
      "connection_log": null,
      "creeps_stacked": null,
      "damage": null,
      "damage_inflictor": null,
      "damage_inflictor_received": null,
      "damage_taken": null,
      "damage_targets": null,
      "deaths": 5,
      "denies": 1,
      "dn_t": null,
      "firstblood_claimed": null,
      "gold": 2250,
      "gold_per_min": -98,
      "gold_reasons": null,
      "gold_spent": 16680,
      "gold_t": null,
      "hero_damage": 8705,
      "hero_healing": 195,
      "hero_hits": null,
      "hero_id": 88,
      "item_0": 204,
      "item_1": 100,
      "item_2": 36,
      "item_3": 0,
      "item_4": 37,
      "item_5": 40,
      "item_neutral": 0,
      "item_uses": null,
      "kill_streaks": null,
      "killed": null,
      "killed_by": null,
      "kills": 3,
      "kills_log": null,
      "lane_pos": null,
      "last_hits": 22,
      "leaver_status": 0,
      "level": 27,
      "lh_t": null,
      "life_state": null,
      "max_hero_hit": null,
      "multi_kills": null,
      "net_worth": 17850,
      "obs": null,
      "obs_left_log": null,
      "obs_log": null,
      "obs_placed": null,
      "party_id": 0,
      "party_size": 1,
      "performance_others": null,
      "permanent_buffs": [],
      "pings": null,
      "pred_vict": null,
      "purchase": null,
      "purchase_log": null,
      "randomed": null,
      "repicked": null,
      "roshans_killed": null,
      "rune_pickups": null,
      "runes": null,
      "runes_log": null,
      "sen": null,
      "sen_left_log": null,
      "sen_log": null,
      "sen_placed": null,
      "stuns": null,
      "teamfight_participation": null,
      "times": null,
      "tower_damage": 187,
      "towers_killed": null,
      "xp_per_min": 1462,
      "xp_reasons": null,
      "xp_t": null,
      "personaname": "Breadztix",
      "name": null,
      "last_login": null,
      "start_time": 1669912805,
      "duration": 1451,
      "cluster": 151,
      "lobby_type": 0,
      "game_mode": 23,
      "is_contributor": false,
      "patch": 51,
      "region": 5,
      "isRadiant": false,
      "total_gold": 11833,
      "total_xp": 25442,
      "kills_per_min": 0.12405237767057202,
      "kda": 1,
      "abandons": 0,
      "rank_tier": 22,
      "is_subscriber": false,
      "cosmetics": [],
      "benchmarks": {
        "gold_per_min": {
          "raw": 153,
          "pct": 1
        },
        "xp_per_min": {
          "raw": 1462,
          "pct": 1
        },
        "kills_per_min": {},
        "last_hits_per_min": {
          "raw": 0.9097174362508615,
          "pct": 0.21428571428571427
        },
        "hero_damage_per_min": {
          "raw": 359.95864920744316,
          "pct": 0.42857142857142855
        },
        "hero_healing_per_min": {
          "raw": 8.063404548587181,
          "pct": 1
        },
        "tower_damage": {
          "raw": 187,
          "pct": 0.35714285714285715
        },
        "stuns_per_min": {
          "raw": 0,
          "pct": 0
        },
        "lhten": {}
      }
    },
    {
      "player_slot": 129,
      "ability_targets": null,
      "ability_upgrades_arr": [
        5019,
        343,
        5632,
        343,
        343,
        5022,
        140,
        5632,
        5632,
        1088,
        -763,
        5022,
        -1152,
        1088,
        1087,
        5019,
        0,
        2777,
        6280,
        0,
        486
      ],
      "ability_uses": null,
      "actions": null,
      "additional_units": null,
      "assists": 13,
      "backpack_0": 216,
      "backpack_1": 39,
      "backpack_2": 0,
      "backpack_3": null,
      "buyback_log": null,
      "camps_stacked": null,
      "connection_log": null,
      "creeps_stacked": null,
      "damage": null,
      "damage_inflictor": null,
      "damage_inflictor_received": null,
      "damage_taken": null,
      "damage_targets": null,
      "deaths": 3,
      "denies": 0,
      "dn_t": null,
      "firstblood_claimed": null,
      "gold": 1798,
      "gold_per_min": 1298,
      "gold_reasons": null,
      "gold_spent": 0,
      "gold_t": null,
      "hero_damage": 36836,
      "hero_healing": 0,
      "hero_hits": null,
      "hero_id": 6,
      "item_0": 249,
      "item_1": 236,
      "item_2": 0,
      "item_3": 63,
      "item_4": 139,
      "item_5": 135,
      "item_neutral": 573,
      "item_uses": null,
      "kill_streaks": null,
      "killed": null,
      "killed_by": null,
      "kills": 8,
      "kills_log": null,
      "lane_pos": null,
      "last_hits": 115,
      "leaver_status": 0,
      "level": 28,
      "lh_t": null,
      "life_state": null,
      "max_hero_hit": null,
      "multi_kills": null,
      "net_worth": 28763,
      "obs": null,
      "obs_left_log": null,
      "obs_log": null,
      "obs_placed": null,
      "party_id": 4,
      "party_size": 4,
      "performance_others": null,
      "permanent_buffs": [
        {
          "permanent_buff": 12,
          "stack_count": 0,
          "grant_time": 763
        }
      ],
      "pings": null,
      "pred_vict": null,
      "purchase": null,
      "purchase_log": null,
      "randomed": null,
      "repicked": null,
      "roshans_killed": null,
      "rune_pickups": null,
      "runes": null,
      "runes_log": null,
      "sen": null,
      "sen_left_log": null,
      "sen_log": null,
      "sen_placed": null,
      "stuns": null,
      "teamfight_participation": null,
      "times": null,
      "tower_damage": 6010,
      "towers_killed": null,
      "xp_per_min": 1681,
      "xp_reasons": null,
      "xp_t": null,
      "start_time": 1669912805,
      "duration": 1451,
      "cluster": 151,
      "lobby_type": 0,
      "game_mode": 23,
      "is_contributor": false,
      "patch": 51,
      "region": 5,
      "isRadiant": false,
      "total_gold": 15951,
      "total_xp": 13791,
      "kills_per_min": 0.33080634045485874,
      "kda": 5,
      "abandons": 0,
      "rank_tier": null,
      "is_subscriber": false,
      "cosmetics": [],
      "benchmarks": {
        "gold_per_min": {
          "raw": 1298,
          "pct": 1
        },
        "xp_per_min": {
          "raw": 1681,
          "pct": 1
        },
        "kills_per_min": {
          "raw": 0.010346063385052149,
          "pct": 0.7948717948717948
        },
        "last_hits_per_min": {
          "raw": 4.755341144038594,
          "pct": -0.019183606862374386
        },
        "hero_damage_per_min": {
          "raw": 750.7407772150715,
          "pct": 1
        },
        "hero_healing_per_min": {
          "raw": 0,
          "pct": 0.9743589743589743
        },
        "tower_damage": {
          "raw": 6010,
          "pct": -0.10757288076107907
        },
        "stuns_per_min": {
          "raw": 0,
          "pct": 0.9487179487179487
        },
        "lhten": {}
      }
    },
    {
      "player_slot": 0,
      "ability_targets": null,
      "ability_upgrades_arr": [
        5086,
        0,
        -1175,
        0,
        5086,
        5089,
        5087,
        5086,
        5087,
        5088,
        5088,
        5089,
        5087,
        5089,
        6822,
        1041,
        5087,
        6801,
        6566
      ],
      "ability_uses": null,
      "actions": null,
      "additional_units": null,
      "assists": -3,
      "backpack_0": 0,
      "backpack_1": 0,
      "backpack_2": 0,
      "backpack_3": null,
      "buyback_log": null,
      "camps_stacked": null,
      "connection_log": null,
      "creeps_stacked": null,
      "damage": null,
      "damage_inflictor": null,
      "damage_inflictor_received": null,
      "damage_taken": null,
      "damage_targets": null,
      "deaths": 0,
      "denies": 3,
      "dn_t": null,
      "firstblood_claimed": null,
      "gold": 3702,
      "gold_per_min": 796,
      "gold_reasons": null,
      "gold_spent": 16170,
      "gold_t": null,
      "hero_damage": 11273,
      "hero_healing": 0,
      "hero_hits": null,
      "hero_id": 42,
      "item_0": -9,
      "item_1": 90,
      "item_2": 10,
      "item_3": 112,
      "item_4": 125,
      "item_5": 0,
      "item_neutral": 1076,
      "item_uses": null,
      "kill_streaks": null,
      "killed": null,
      "killed_by": null,
      "kills": 2,
      "kills_log": null,
      "lane_pos": null,
      "last_hits": 19,
      "leaver_status": 0,
      "level": 27,
      "lh_t": null,
      "life_state": null,
      "max_hero_hit": null,
      "multi_kills": null,
      "net_worth": 19677,
      "obs": null,
      "obs_left_log": null,
      "obs_log": null,
      "obs_placed": null,
      "party_id": 4,
      "party_size": 4,
      "performance_others": null,
      "permanent_buffs": [],
      "pings": null,
      "pred_vict": null,
      "purchase": null,
      "purchase_log": null,
      "randomed": null,
      "repicked": null,
      "roshans_killed": null,
      "rune_pickups": null,
      "runes": null,
      "runes_log": null,
      "sen": null,
      "sen_left_log": null,
      "sen_log": null,
      "sen_placed": null,
      "stuns": null,
      "teamfight_participation": null,
      "times": null,
      "tower_damage": 0,
      "towers_killed": null,
      "xp_per_min": 0,
      "xp_reasons": null,
      "xp_t": null,
      "start_time": 1669912805,
      "duration": 1451,
      "cluster": 151,
      "lobby_type": 0,
      "game_mode": 23,
      "is_contributor": false,
      "patch": 51,
      "region": 5,
      "isRadiant": false,
      "total_gold": 19249,
      "total_xp": 41063,
      "kills_per_min": 0.08270158511371468,
      "kda": 0,
      "abandons": 0,
      "rank_tier": null,
      "is_subscriber": false,
      "cosmetics": [],
      "benchmarks": {
        "gold_per_min": {
          "raw": 0,
          "pct": 0.8260869565217391
        },
        "xp_per_min": {
          "raw": 1698,
          "pct": 1
        },
        "kills_per_min": {
          "raw": 0.08270158511371468,
          "pct": 0.17391304347826086
        },
        "last_hits_per_min": {
          "raw": 0.7856650585802895,
          "pct": 0
        },
        "hero_damage_per_min": {
          "raw": 466.1474844934528,
          "pct": 0.2608695652173913
        },
        "hero_healing_per_min": {
          "raw": 0,
          "pct": 1
        },
        "tower_damage": {
          "raw": 3111,
          "pct": 0.30434782608695654
        },
        "stuns_per_min": {
          "raw": 0,
          "pct": 0
        },
        "lhten": {}
      }
    },
    {
      "player_slot": 131,
      "ability_targets": null,
      "ability_upgrades_arr": [
        5190,
        5191,
        5190,
        5192,
        5190,
        5193,
        5190,
        5191,
        5191,
        483,
        5191,
        5193,
        5192,
        5192,
        6848,
        730,
        5192,
        5193,
        1074,
        6192,
        559,
        491,
        -35
      ],
      "ability_uses": null,
      "actions": null,
      "additional_units": null,
      "assists": 8,
      "backpack_0": 26,
      "backpack_1": 50,
      "backpack_2": 0,
      "backpack_3": null,
      "buyback_log": null,
      "camps_stacked": null,
      "connection_log": null,
      "creeps_stacked": null,
      "damage": null,
      "damage_inflictor": null,
      "damage_inflictor_received": null,
      "damage_taken": null,
      "damage_targets": null,
      "deaths": 4,
      "denies": 0,
      "dn_t": null,
      "firstblood_claimed": null,
      "gold": 7558,
      "gold_per_min": 1390,
      "gold_reasons": null,
      "gold_spent": 26845,
      "gold_t": null,
      "hero_damage": 0,
      "hero_healing": 0,
      "hero_hits": null,
      "hero_id": 44,
      "item_0": 208,
      "item_1": 168,
      "item_2": 133,
      "item_3": 116,
      "item_4": 117,
      "item_5": 0,
      "item_neutral": 364,
      "item_uses": null,
      "kill_streaks": null,
      "killed": null,
      "killed_by": null,
      "kills": 12,
      "kills_log": null,
      "lane_pos": null,
      "last_hits": 120,
      "leaver_status": 0,
      "level": 30,
      "lh_t": null,
      "life_state": null,
      "max_hero_hit": null,
      "multi_kills": null,
      "net_worth": 33808,
      "obs": null,
      "obs_left_log": null,
      "obs_log": null,
      "obs_placed": null,
      "party_id": 0,
      "party_size": 4,
      "performance_others": null,
      "permanent_buffs": [],
      "pings": null,
      "pred_vict": null,
      "purchase": null,
      "purchase_log": null,
      "randomed": null,
      "repicked": null,
      "roshans_killed": null,
      "rune_pickups": null,
      "runes": null,
      "runes_log": null,
      "sen": null,
      "sen_left_log": null,
      "sen_log": null,
      "sen_placed": null,
      "stuns": null,
      "teamfight_participation": null,
      "times": null,
      "tower_damage": 3936,
      "towers_killed": null,
      "xp_per_min": 1688,
      "xp_reasons": null,
      "xp_t": null,
      "start_time": 1669912805,
      "duration": 1451,
      "cluster": 151,
      "lobby_type": 0,
      "game_mode": 23,
      "is_contributor": false,
      "patch": 51,
      "region": 5,
      "isRadiant": false,
      "total_gold": 30589,
      "total_xp": 34350,
      "kills_per_min": 0.4962095106822881,
      "kda": 3,
      "abandons": 0,
      "rank_tier": null,
      "is_subscriber": false,
      "cosmetics": [],
      "benchmarks": {
        "gold_per_min": {
          "raw": 0,
          "pct": 1
        },
        "xp_per_min": {
          "raw": -44,
          "pct": 0
        },
        "kills_per_min": {
          "raw": 0.496209510682288,
          "pct": 0.8518518518518519
        },
        "last_hits_per_min": {
          "raw": 4.962095106822881,
          "pct": 0.04135027179250195
        },
        "hero_damage_per_min": {
          "raw": -330.4972054817394,
          "pct": 1
        },
        "hero_healing_per_min": {},
        "tower_damage": {
          "raw": 0,
          "pct": 0.48148148148148145
        },
        "stuns_per_min": {
          "raw": 0,
          "pct": 0.4074074074074074
        },
        "lhten": {}
      }
    },
    {
      "player_slot": -27,
      "ability_targets": null,
      "ability_upgrades_arr": [
        5549,
        5550,
        5549,
        5550,
        0,
        5551,
        5548,
        5549,
        5550,
        5550,
        5548,
        0,
        5548,
        318,
        1079,
        7132,
        5551,
        1648,
        6615,
        0,
        5938
      ],
      "ability_uses": null,
      "actions": null,
      "additional_units": null,
      "assists": 18,
      "backpack_0": 0,
      "backpack_1": 0,
      "backpack_2": 0,
      "backpack_3": null,
      "buyback_log": null,
      "camps_stacked": null,
      "connection_log": null,
      "creeps_stacked": null,
      "damage": null,
      "damage_inflictor": null,
      "damage_inflictor_received": null,
      "damage_taken": null,
      "damage_targets": null,
      "deaths": 2,
      "denies": 1,
      "dn_t": null,
      "firstblood_claimed": null,
      "gold": 2021,
      "gold_per_min": 1260,
      "gold_reasons": null,
      "gold_spent": 26360,
      "gold_t": null,
      "hero_damage": 30312,
      "hero_healing": 0,
      "hero_hits": null,
      "hero_id": 99,
      "item_0": 50,
      "item_1": 90,
      "item_2": 208,
      "item_3": 114,
      "item_4": 108,
      "item_5": 139,
      "item_neutral": 675,
      "item_uses": null,
      "kill_streaks": null,
      "killed": null,
      "killed_by": null,
      "kills": 7,
      "kills_log": null,
      "lane_pos": null,
      "last_hits": 98,
      "leaver_status": 0,
      "level": 29,
      "lh_t": null,
      "life_state": null,
      "max_hero_hit": null,
      "multi_kills": null,
      "net_worth": 30189,
      "obs": null,
      "obs_left_log": null,
      "obs_log": null,
      "obs_placed": null,
      "party_id": 4,
      "party_size": 4,
      "performance_others": null,
      "permanent_buffs": [],
      "pings": null,
      "pred_vict": null,
      "purchase": null,
      "purchase_log": null,
      "randomed": null,
      "repicked": null,
      "roshans_killed": null,
      "rune_pickups": null,
      "runes": null,
      "runes_log": null,
      "sen": null,
      "sen_left_log": null,
      "sen_log": null,
      "sen_placed": null,
      "stuns": null,
      "teamfight_participation": null,
      "times": null,
      "tower_damage": 12601,
      "towers_killed": null,
      "xp_per_min": 1681,
      "xp_reasons": null,
      "xp_t": null,
      "start_time": 1669912805,
      "duration": 1451,
      "cluster": 151,
      "lobby_type": 0,
      "game_mode": 23,
      "is_contributor": false,
      "patch": 51,
      "region": 5,
      "isRadiant": false,
      "total_gold": 30471,
      "total_xp": 11181,
      "kills_per_min": 0.2894555478980014,
      "kda": 8,
      "abandons": 0,
      "rank_tier": null,
      "is_subscriber": false,
      "cosmetics": [],
      "benchmarks": {
        "gold_per_min": {},
        "xp_per_min": {},
        "kills_per_min": {
          "raw": 0.2894555478980014,
          "pct": 1
        },
        "last_hits_per_min": {
          "raw": 4.052377670572019,
          "pct": 0.2857142857142857
        },
        "hero_damage_per_min": {
          "raw": 429.5403760777165,
          "pct": 0
        },
        "hero_healing_per_min": {
          "raw": 0,
          "pct": 1
        },
        "tower_damage": {},
        "stuns_per_min": {
          "raw": 0,
          "pct": 0.7142857142857143
        },
        "lhten": {}
      }
    }
  ],
  "patch": 51,
  "region": 1
}