{
  "chat": null,
  "cluster": 181,
  "cosmetics": null,
  "dire_score": 39,
  "dire_team_id": null,
  "draft_timings": null,
  "duration": -719,
  "engine": 1,
  "first_blood_time": 7,
  "game_mode": 22,
  "human_players": 0,
  "leagueid": 0,
  "lobby_type": 7,
  "match_seq_num": 5780347821,
  "negative_votes": 0,
  "objectives": null,
  "picks_bans": [
    {
      "is_pick": true,
      "hero_id": 30,
      "team": 0,
      "order": 0
    },
    {
      "is_pick": true,
      "hero_id": 0,
      "team": 1,
      "order": 1
    },
    {
      "is_pick": true,
      "hero_id": 104,
      "team": 0,
      "order": 2
    },
    {},
    {
      "is_pick": true,
      "hero_id": 136,
      "team": 1,
      "order": 4
    },
    {
      "is_pick": true,
      "hero_id": 10,
      "team": 0,
      "order": 5
    },
    {
      "is_pick": true,
      "hero_id": 18,
      "team": 0,
      "order": 6
    },
    {
      "is_pick": true,
      "hero_id": 0,
      "team": 0,
      "order": 7
    },
    {},
    {
      "is_pick": true,
      "hero_id": 43,
      "team": 1,
      "order": 0
    },
    {
      "is_pick": false,
      "hero_id": 0,
      "team": 0,
      "order": 10
    },
    {},
    {
      "is_pick": false,
      "hero_id": 0,
      "team": 0,
      "order": 12
    },
    {
      "is_pick": false,
      "hero_id": -15,
      "team": 0,
      "order": 13
    },
    {
      "is_pick": false,
      "hero_id": 0,
      "team": 0,
      "order": 14
    }
  ],
  "positive_votes": 0,
  "radiant_gold_adv": null,
  "radiant_score": 56,
  "radiant_team_id": null,
  "radiant_xp_adv": null,
  "skill": null,
  "start_time": 619069254,
  "teamfights": null,
  "version": null,
  "replay_salt": 2114510239,
  "series_id": 0,
  "series_type": 0,
  "players": [
    {
      "player_slot": 0,
      "ability_targets": null,
      "ability_upgrades_arr": [],
      "ability_uses": null,
      "actions": null,
      "additional_units": null,
      "assists": 18,
      "backpack_0": 680,
      "backpack_1": 0,
      "backpack_2": 0,
      "backpack_3": null,
      "buyback_log": null,
      "camps_stacked": null,
      "connection_log": null,
      "creeps_stacked": null,
      "damage": null,
      "damage_inflictor": null,
      "damage_inflictor_received": null,
      "damage_taken": null,
      "damage_targets": null,
      "deaths": 11,
      "denies": 5,
      "dn_t": null,
      "firstblood_claimed": null,
      "gold": 615,
      "gold_per_min": 339,
      "gold_reasons": null,
      "gold_spent": 10035,
      "gold_t": null,
      "hero_damage": 15852,
      "hero_healing": 195,
      "hero_hits": null,
      "hero_id": 84,
      "item_0": 65,
      "item_1": 181,
      "item_2": 43,
      "item_3": 1,
      "item_4": 180,
      "item_5": 8,
      "item_neutral": 0,
      "item_uses": null,
      "kill_streaks": null,
      "killed": null,
      "killed_by": null,
      "kills": 3,
      "kills_log": null,
      "lane_pos": null,
      "last_hits": 0,
      "leaver_status": 0,
      "level": 16,
      "lh_t": null,
      "life_state": null,
      "max_hero_hit": null,
      "multi_kills": null,
      "net_worth": 9390,
      "obs": null,
      "obs_left_log": null,
      "obs_log": null,
      "obs_placed": null,
      "party_id": 0,
      "party_size": 1,
      "performance_others": null,
      "permanent_buffs": [],
      "pings": null,
      "pred_vict": null,
      "purchase": null,
      "purchase_log": null,
      "randomed": null,
      "repicked": null,
      "roshans_killed": null,
      "rune_pickups": null,
      "runes": null,
      "runes_log": null,
      "sen": null,
      "sen_left_log": null,
      "sen_log": null,
      "sen_placed": null,
      "stuns": null,
      "teamfight_participation": null,
      "times": null,
      "tower_damage": 621,
      "towers_killed": null,
      "xp_per_min": 0,
      "xp_reasons": null,
      "xp_t": null,
      "start_time": 1669911930,
      "duration": 1953,
      "cluster": 181,
      "lobby_type": 0,
      "game_mode": 22,
      "is_contributor": false,
      "patch": 51,
      "region": 8,
      "isRadiant": true,
      "total_gold": 1473,
      "total_xp": 14973,
      "kills_per_min": 0.09216589861751152,
      "kda": 1,
      "abandons": 0,
      "rank_tier": null,
      "is_subscriber": false,
      "cosmetics": [],
      "benchmarks": {
        "gold_per_min": {
          "raw": 339,
          "pct": -0.23152739376750853
        },
        "xp_per_min": {
          "raw": 460,
          "pct": 0.3611111111111111
        },
        "kills_per_min": {
          "raw": 0.09216589861751152,
          "pct": 0.6111111111111112
        },
        "last_hits_per_min": {
          "raw": 1.1059907834101383,
          "pct": 0.11122341140927791
        },
        "hero_damage_per_min": {
          "raw": 487.00460829493085,
          "pct": 0.4722222222222222
        },
        "hero_healing_per_min": {
          "raw": 5.990783410138249,
          "pct": 0.9166666666666666
        },
        "tower_damage": {
          "raw": 621,
          "pct": 0.6944444444444444
        },
        "stuns_per_min": {
          "raw": 0,
          "pct": 0
        },
        "lhten": {}
      }
    },
    {
      "player_slot": 1,
      "ability_targets": null,
      "ability_upgrades_arr": [
        5596,
        0,
        0,
        5595,
        5597,
        5598,
        5596,
        5596,
        5595,
        6218,
        -2500,
        5598,
        5597,
        5597,
        463,
        5595,
        0,
        2139,
        880
      ],
      "ability_uses": null,
      "actions": null,
      "additional_units": null,
      "assists": 13,
      "backpack_0": 0,
      "backpack_1": 0,
      "backpack_2": 0,
      "backpack_3": null,
      "buyback_log": null,
      "camps_stacked": null,
      "connection_log": null,
      "creeps_stacked": null,
      "damage": null,
      "damage_inflictor": null,
      "damage_inflictor_received": null,
      "damage_taken": null,
      "damage_targets": null,
      "deaths": 5,
      "denies": 7,
      "dn_t": null,
      "firstblood_claimed": null,
      "gold": 265,
      "gold_per_min": 632,
      "gold_reasons": null,
      "gold_spent": 18420,
      "gold_t": null,
      "hero_damage": 36281,
      "hero_healing": 0,
      "hero_hits": null,
      "hero_id": 104,
      "item_0": 0,
      "item_1": 168,
      "item_2": 127,
      "item_3": 48,
      "item_4": 55,
      "item_5": 141,
      "item_neutral": 573,
      "item_uses": null,
      "kill_streaks": null,
      "killed": null,
      "killed_by": null,
      "kills": 17,
      "kills_log": null,
      "lane_pos": null,
      "last_hits": 180,
      "leaver_status": 0,
      "level": 0,
      "lh_t": null,
      "life_state": null,
      "max_hero_hit": null,
      "multi_kills": null,
      "net_worth": 20312,
      "obs": null,
      "obs_left_log": null,
      "obs_log": null,
      "obs_placed": null,
      "party_id": 1,
      "party_size": 1,
      "performance_others": null,
      "permanent_buffs": [
        {
          "permanent_buff": 0,
          "stack_count": 426,
          "grant_time": 0
        }
      ],
      "pings": null,
      "pred_vict": null,
      "purchase": null,
      "purchase_log": null,
      "randomed": null,
      "repicked": null,
      "roshans_killed": null,
      "rune_pickups": null,
      "runes": null,
      "runes_log": null,
      "sen": null,
      "sen_left_log": null,
      "sen_log": null,
      "sen_placed": null,
      "stuns": null,
      "teamfight_participation": null,
      "times": null,
      "tower_damage": 6942,
      "towers_killed": null,
      "xp_per_min": 1064,
      "xp_reasons": null,
      "xp_t": null,
      "personaname": "Богдан санстрайк",
      "name": null,
      "last_login": null,
      "start_time": 1669911930,
      "duration": 0,
      "cluster": 181,
      "lobby_type": 0,
      "game_mode": 22,
      "is_contributor": false,
      "patch": 51,
      "region": 8,
      "isRadiant": true,
      "total_gold": 2900,
      "total_xp": 31967,
      "kills_per_min": 0.522273425499232,
      "kda": 3,
      "abandons": 0,
      "rank_tier": 15,
      "is_subscriber": false,
      "cosmetics": [],
      "benchmarks": {
        "gold_per_min": {
          "raw": 632,
          "pct": 0.9032258064516129
        },
        "xp_per_min": {
          "raw": 1064,
          "pct": 1
        },
        "kills_per_min": {
          "raw": 0.5222734254992321,
          "pct": 0.967741935483871
        },
        "last_hits_per_min": {
          "raw": 5.529953917050691,
          "pct": 0.14232826053427386
        },
        "hero_damage_per_min": {
          "raw": 1114.6236559139784,
          "pct": 0.9354838709677419
        },
        "hero_healing_per_min": {
          "raw": 29.493087557603687,
          "pct": 0.5806451612903226
        },
        "tower_damage": {
          "raw": 6942,
          "pct": 0.7741935483870968
        },
        "stuns_per_min": {
          "raw": 0,
          "pct": 0.03225806451612903
        },
        "lhten": {}
      }
    },
    {
      "player_slot": 2,
      "ability_targets": null,
      "ability_upgrades_arr": [
        1435,
        -1608,
        0,
        5138,
        5140,
        5141,
        5140,
        0,
        5138,
        417,
        5139,
        5141,
        0,
        5139,
        6524,
        5139,
        350,
        555
      ],
      "ability_uses": null,
      "actions": null,
      "additional_units": null,
      "assists": 14,
      "backpack_0": 0,
      "backpack_1": 0,
      "backpack_2": 0,
      "backpack_3": null,
      "buyback_log": null,
      "camps_stacked": null,
      "connection_log": null,
      "creeps_stacked": null,
      "damage": null,
      "damage_inflictor": null,
      "damage_inflictor_received": null,
      "damage_taken": null,
      "damage_targets": null,
      "deaths": 9,
      "denies": 3,
      "dn_t": null,
      "firstblood_claimed": null,
      "gold": 891,
      "gold_per_min": 0,
      "gold_reasons": null,
      "gold_spent": 11445,
      "gold_t": null,
      "hero_damage": 31090,
      "hero_healing": 1644,
      "hero_hits": null,
      "hero_id": 30,
      "item_0": 43,
      "item_1": 29,
      "item_2": 232,
      "item_3": 254,
      "item_4": -7,
      "item_5": 60,
      "item_neutral": 361,
      "item_uses": null,
      "kill_streaks": null,
      "killed": null,
      "killed_by": null,
      "kills": 12,
      "kills_log": null,
      "lane_pos": null,
      "last_hits": 49,
      "leaver_status": 0,
      "level": 20,
      "lh_t": null,
      "life_state": null,
      "max_hero_hit": null,
      "multi_kills": null,
      "net_worth": 11246,
      "obs": null,
      "obs_left_log": null,
      "obs_log": null,
      "obs_placed": null,
      "party_id": 2,
      "party_size": 1,
      "performance_others": null,
      "permanent_buffs": [
        {
          "permanent_buff": 6,
          "stack_count": 3,
          "grant_time": 918
        },
        {}
      ],
      "pings": null,
      "pred_vict": null,
      "purchase": null,
      "purchase_log": null,
      "randomed": null,
      "repicked": null,
      "roshans_killed": null,
      "rune_pickups": null,
      "runes": null,
      "runes_log": null,
      "sen": null,
      "sen_left_log": null,
      "sen_log": null,
      "sen_placed": null,
      "stuns": null,
      "teamfight_participation": null,
      "times": null,
      "tower_damage": 167,
      "towers_killed": null,
      "xp_per_min": 721,
      "xp_reasons": null,
      "xp_t": null,
      "start_time": 1669911930,
      "duration": 1953,
      "cluster": 181,
      "lobby_type": 7,
      "game_mode": 22,
      "is_contributor": false,
      "patch": 51,
      "region": 8,
      "isRadiant": true,
      "total_gold": 12727,
      "total_xp": 23468,
      "kills_per_min": 0.3686635944700461,
      "kda": 1,
      "abandons": 0,
      "rank_tier": null,
      "is_subscriber": false,
      "cosmetics": [],
      "benchmarks": {
        "gold_per_min": {
          "raw": 391,
          "pct": 0.8717948717948718
        },
        "xp_per_min": {
          "raw": 0,
          "pct": 0.8974358974358975
        },
        "kills_per_min": {
          "raw": 0.3686635944700461,
          "pct": 1
        },
        "last_hits_per_min": {
          "raw": 1.5053763440860215,
          "pct": 0.6923076923076923
        },
        "hero_damage_per_min": {
          "raw": 955.1459293394777,
          "pct": 0.9743589743589743
        },
        "hero_healing_per_min": {
          "raw": 50.50691244239631,
          "pct": 0.48717948717948717
        },
        "tower_damage": {
          "raw": 167,
          "pct": 0.5897435897435898
        },
        "stuns_per_min": {
          "raw": 0,
          "pct": -0.009574621664256348
        },
        "lhten": {}
      }
    },
    {
      "player_slot": 3,
      "ability_targets": null,
      "ability_upgrades_arr": [
        5040,
        5042,
        5040,
        5042,
        5040,
        5043,
        5040,
        5042,
        -1993,
        5960,
        5041,
        0,
        5041,
        5041,
        6388,
        5041,
        5043,
        0
      ],
      "ability_uses": null,
      "actions": null,
      "additional_units": null,
      "assists": 13,
      "backpack_0": 0,
      "backpack_1": 0,
      "backpack_2": 0,
      "backpack_3": null,
      "buyback_log": null,
      "camps_stacked": null,
      "connection_log": null,
      "creeps_stacked": null,
      "damage": null,
      "damage_inflictor": null,
      "damage_inflictor_received": null,
      "damage_taken": null,
      "damage_targets": null,
      "deaths": 8,
      "denies": 7,
      "dn_t": null,
      "firstblood_claimed": null,
      "gold": 1514,
      "gold_per_min": 503,
      "gold_reasons": null,
      "gold_spent": 14350,
      "gold_t": null,
      "hero_damage": 28461,
      "hero_healing": 0,
      "hero_hits": null,
      "hero_id": 25,
      "item_0": 48,
      "item_1": 249,
      "item_2": 41,
      "item_3": 77,
      "item_4": 598,
      "item_5": 149,
      "item_neutral": 589,
      "item_uses": null,
      "kill_streaks": null,
      "killed": null,
      "killed_by": null,
      "kills": 12,
      "kills_log": null,
      "lane_pos": null,
      "last_hits": 0,
      "leaver_status": 0,
      "level": 22,
      "lh_t": null,
      "life_state": null,
      "max_hero_hit": null,
      "multi_kills": null,
      "net_worth": 0,
      "obs": null,
      "obs_left_log": null,
      "obs_log": null,
      "obs_placed": null,
      "party_id": 3,
      "party_size": 1,
      "performance_others": null,
      "permanent_buffs": [],
      "pings": null,
      "pred_vict": null,
      "purchase": null,
      "purchase_log": null,
      "randomed": null,
      "repicked": null,
      "roshans_killed": null,
      "rune_pickups": null,
      "runes": null,
      "runes_log": null,
      "sen": null,
      "sen_left_log": null,
      "sen_log": null,
      "sen_placed": null,
      "stuns": null,
      "teamfight_participation": null,
      "times": null,
      "tower_damage": 11484,
      "towers_killed": null,
      "xp_per_min": 831,
      "xp_reasons": null,
      "xp_t": null,
      "start_time": 1669911930,
      "duration": 659,
      "cluster": 67,
      "lobby_type": 7,
      "game_mode": 22,
      "is_contributor": false,
      "patch": 51,
      "region": 8,
      "isRadiant": true,
      "total_gold": 1687,
      "total_xp": 27049,
      "kills_per_min": 0.08630129292117099,
      "kda": 2,
      "abandons": 0,
      "rank_tier": null,
      "is_subscriber": false,
      "cosmetics": [],
      "benchmarks": {
        "gold_per_min": {
          "raw": 503,
          "pct": 0.47368421052631576
        },
        "xp_per_min": {
          "raw": 831,
          "pct": 0.8947368421052632
        },
        "kills_per_min": {
          "raw": 0.3686635944700461,
          "pct": 1
        },
        "last_hits_per_min": {
          "raw": 4.116743471582182,
          "pct": 0.21052631578947367
        },
        "hero_damage_per_min": {
          "raw": -283.27478127411445,
          "pct": 0.9473684210526315
        },
        "hero_healing_per_min": {
          "raw": 0,
          "pct": 1
        },
        "tower_damage": {
          "raw": 11484,
          "pct": 0.8947368421052632
        },
        "stuns_per_min": {
          "raw": 0,
          "pct": 0
        },
        "lhten": {}
      }
    },
    {
      "player_slot": 4,
      "ability_targets": null,
      "ability_upgrades_arr": [],
      "ability_uses": null,
      "actions": null,
      "additional_units": null,
      "assists": 8,
      "backpack_0": 0,
      "backpack_1": 0,
      "backpack_2": 0,
      "backpack_3": null,
      "buyback_log": null,
      "camps_stacked": null,
      "connection_log": null,
      "creeps_stacked": null,
      "damage": null,
      "damage_inflictor": null,
      "damage_inflictor_received": null,
      "damage_taken": null,
      "damage_targets": null,
      "deaths": 1,
      "denies": 3,
      "dn_t": null,
      "firstblood_claimed": null,
      "gold": 1505,
      "gold_per_min": 613,
      "gold_reasons": null,
      "gold_spent": 18720,
      "gold_t": null,
      "hero_damage": 28746,
      "hero_healing": 0,
      "hero_hits": null,
      "hero_id": 10,
      "item_0": 63,
      "item_1": 147,
      "item_2": 116,
      "item_3": 0,
      "item_4": 26,
      "item_5": -63,
      "item_neutral": 1076,
      "item_uses": null,
      "kill_streaks": null,
      "killed": null,
      "killed_by": null,
      "kills": 11,
      "kills_log": null,
      "lane_pos": null,
      "last_hits": 0,
      "leaver_status": 0,
      "level": 24,
      "lh_t": null,
      "life_state": null,
      "max_hero_hit": null,
      "multi_kills": null,
      "net_worth": 19755,
      "obs": null,
      "obs_left_log": null,
      "obs_log": null,
      "obs_placed": null,
      "party_id": 4,
      "party_size": 1,
      "performance_others": null,
      "permanent_buffs": [],
      "pings": null,
      "pred_vict": null,
      "purchase": null,
      "purchase_log": null,
      "randomed": null,
      "repicked": null,
      "roshans_killed": null,
      "rune_pickups": null,
      "runes": null,
      "runes_log": null,
      "sen": null,
      "sen_left_log": null,
      "sen_log": null,
      "sen_placed": null,
      "stuns": null,
      "teamfight_participation": null,
      "times": null,
      "tower_damage": 1974,
      "towers_killed": null,
      "xp_per_min": 1048,
      "xp_reasons": null,
      "xp_t": null,
      "start_time": -293730058,
      "duration": 1953,
      "cluster": 181,
      "lobby_type": 7,
      "game_mode": 22,
      "is_contributor": false,
      "patch": 51,
      "region": -1,
      "isRadiant": true,
      "total_gold": 19953,
      "total_xp": 9314,
      "kills_per_min": 0.3379416282642089,
      "kda": 0,
      "abandons": 0,
      "rank_tier": null,
      "is_subscriber": false,
      "cosmetics": [],
      "benchmarks": {
        "gold_per_min": {
          "raw": 613,
          "pct": 0.3793103448275862
        },
        "xp_per_min": {
          "raw": 1048,
          "pct": 1
        },
        "kills_per_min": {
          "raw": 0.14744992166789161,
          "pct": 0.7241379310344828
        },
        "last_hits_per_min": {
          "raw": 7.127496159754225,
          "pct": 0.20689655172413793
        },
        "hero_damage_per_min": {
          "raw": 883.1336405529954,
          "pct": 0.7586206896551724
        },
        "hero_healing_per_min": {
          "raw": 0,
          "pct": 0.896551724137931
        },
        "tower_damage": {
          "raw": 1974,
          "pct": 0.2413793103448276
        },
        "stuns_per_min": {
          "raw": 0,
          "pct": 0.10344827586206896
        },
        "lhten": {}
      }
    },
    {
      "player_slot": 128,
      "ability_targets": null,
      "ability_upgrades_arr": [
        7914,
        7902,
        7914,
        7918,
        7914,
        7906,
        523,
        0,
        7918,
        7941,
        7918,
        7906,
        7902,
        7902,
        7937,
        0
      ],
      "ability_uses": null,
      "actions": null,
      "additional_units": null,
      "assists": 15,
      "backpack_0": 0,
      "backpack_1": 0,
      "backpack_2": 0,
      "backpack_3": null,
      "buyback_log": null,
      "camps_stacked": null,
      "connection_log": null,
      "creeps_stacked": null,
      "damage": null,
      "damage_inflictor": null,
      "damage_inflictor_received": null,
      "damage_taken": null,
      "damage_targets": null,
      "deaths": 11,
      "denies": 1,
      "dn_t": null,
      "firstblood_claimed": null,
      "gold": 1046,
      "gold_per_min": 329,
      "gold_reasons": null,
      "gold_spent": 9375,
      "gold_t": null,
      "hero_damage": 14929,
      "hero_healing": 1049,
      "hero_hits": null,
      "hero_id": 135,
      "item_0": 73,
      "item_1": 178,
      "item_2": 252,
      "item_3": 50,
      "item_4": 8,
      "item_5": 0,
      "item_neutral": 0,
      "item_uses": null,
      "kill_streaks": null,
      "killed": null,
      "killed_by": null,
      "kills": 6,
      "kills_log": null,
      "lane_pos": null,
      "last_hits": 36,
      "leaver_status": 0,
      "level": 16,
      "lh_t": null,
      "life_state": null,
      "max_hero_hit": null,
      "multi_kills": null,
      "net_worth": 9506,
      "obs": null,
      "obs_left_log": null,
      "obs_log": null,
      "obs_placed": null,
      "party_id": 5,
      "party_size": 0,
      "performance_others": null,
      "permanent_buffs": [
        {
          "permanent_buff": 6,
          "stack_count": 1,
          "grant_time": 1512
        },
        {}
      ],
      "pings": null,
      "pred_vict": null,
      "purchase": null,
      "purchase_log": null,
      "randomed": null,
      "repicked": null,
      "roshans_killed": null,
      "rune_pickups": null,
      "runes": null,
      "runes_log": null,
      "sen": null,
      "sen_left_log": null,
      "sen_log": null,
      "sen_placed": null,
      "stuns": null,
      "teamfight_participation": null,
      "times": null,
      "tower_damage": 0,
      "towers_killed": null,
      "xp_per_min": 456,
      "xp_reasons": null,
      "xp_t": null,
      "start_time": 1669911930,
      "duration": 1953,
      "cluster": 181,
      "lobby_type": 7,
      "game_mode": 22,
      "is_contributor": false,
      "patch": 51,
      "region": 8,
      "isRadiant": false,
      "total_gold": 10708,
      "total_xp": 4507,
      "kills_per_min": 0.18433179723502305,
      "kda": 1,
      "abandons": 0,
      "rank_tier": null,
      "is_subscriber": false,
      "cosmetics": [],
      "benchmarks": {
        "gold_per_min": {
          "raw": 329,
          "pct": 0.125
        },
        "xp_per_min": {
          "raw": 456,
          "pct": 0.15625
        },
        "kills_per_min": {
          "raw": 0.18433179723502305,
          "pct": 0.5625
        },
        "last_hits_per_min": {
          "raw": 1.1059907834101383,
          "pct": 0
        },
        "hero_damage_per_min": {
          "raw": 458.6482334869432,
          "pct": 0.375
        },
        "hero_healing_per_min": {
          "raw": 32.22734254992319,
          "pct": 0
        },
        "tower_damage": {
          "raw": 75,
          "pct": -0.028167273864251594
        },
        "stuns_per_min": {
          "raw": 0,
          "pct": 0
        },
        "lhten": {}
      }
    },
    {
      "player_slot": 129,
      "ability_targets": null,
      "ability_upgrades_arr": [
        8235,
        8192,
        8234,
        8192,
        8234,
        8198,
        8235,
        8235,
        8234,
        8235,
        456,
        -1759,
        8243,
        8192,
        0,
        8192,
        8198
      ],
      "ability_uses": null,
      "actions": null,
      "additional_units": null,
      "assists": 2,
      "backpack_0": 0,
      "backpack_1": 0,
      "backpack_2": 0,
      "backpack_3": null,
      "buyback_log": null,
      "camps_stacked": null,
      "connection_log": null,
      "creeps_stacked": null,
      "damage": null,
      "damage_inflictor": null,
      "damage_inflictor_received": null,
      "damage_taken": null,
      "damage_targets": null,
      "deaths": 10,
      "denies": 2,
      "dn_t": null,
      "firstblood_claimed": null,
      "gold": 716,
      "gold_per_min": 362,
      "gold_reasons": null,
      "gold_spent": -1114,
      "gold_t": null,
      "hero_damage": -2927,
      "hero_healing": 531,
      "hero_hits": null,
      "hero_id": 136,
      "item_0": 50,
      "item_1": 116,
      "item_2": 0,
      "item_3": 569,
      "item_4": 143,
      "item_5": 0,
      "item_neutral": 0,
      "item_uses": null,
      "kill_streaks": null,
      "killed": null,
      "killed_by": null,
      "kills": 0,
      "kills_log": null,
      "lane_pos": null,
      "last_hits": 64,
      "leaver_status": 0,
      "level": 19,
      "lh_t": null,
      "life_state": null,
      "max_hero_hit": null,
      "multi_kills": null,
      "net_worth": 10146,
      "obs": null,
      "obs_left_log": null,
      "obs_log": null,
      "obs_placed": null,
      "party_id": 6,
      "party_size": 1,
      "performance_others": null,
      "permanent_buffs": [
        {
          "permanent_buff": 6,
          "stack_count": 2,
          "grant_time": 847
        }
      ],
      "pings": null,
      "pred_vict": null,
      "purchase": null,
      "purchase_log": null,
      "randomed": null,
      "repicked": null,
      "roshans_killed": null,
      "rune_pickups": null,
      "runes": null,
      "runes_log": null,
      "sen": null,
      "sen_left_log": null,
      "sen_log": null,
      "sen_placed": null,
      "stuns": null,
      "teamfight_participation": null,
      "times": null,
      "tower_damage": 90,
      "towers_killed": null,
      "xp_per_min": 0,
      "xp_reasons": null,
      "xp_t": null,
      "personaname": "_SIMA_",
      "name": null,
      "last_login": null,
      "start_time": 1669911930,
      "duration": 1953,
      "cluster": 181,
      "lobby_type": 7,
      "game_mode": 0,
      "is_contributor": false,
      "patch": 51,
      "region": 8,
      "isRadiant": false,
      "total_gold": 6878,
      "total_xp": 19530,
      "kills_per_min": 0.3379416282642089,
      "kda": 1,
      "abandons": 0,
      "rank_tier": 13,
      "is_subscriber": false,
      "cosmetics": [],
      "benchmarks": {
        "gold_per_min": {
          "raw": 362,
          "pct": -0.11424886970366324
        },
        "xp_per_min": {
          "raw": 146,
          "pct": 0.43478260869565216
        },
        "kills_per_min": {},
        "last_hits_per_min": {
          "raw": 1.966205837173579,
          "pct": 0.2608695652173913
        },
        "hero_damage_per_min": {
          "raw": 442.18125960061445,
          "pct": 0.5652173913043478
        },
        "hero_healing_per_min": {
          "raw": 16.313364055299537,
          "pct": 0.2608695652173913
        },
        "tower_damage": {
          "raw": 90,
          "pct": -0.031879212096114336
        },
        "stuns_per_min": {
          "raw": 0,
          "pct": 0
        },
        "lhten": {}
      }
    },
    {
      "player_slot": 130,
      "ability_targets": null,
      "ability_upgrades_arr": [
        -2143,
        5061,
        5063,
        5061,
        5062,
        5064,
        5061,
        5062,
        5063,
        5062,
        5063,
        2523,
        5061,
        999,
        6875,
        5064
      ],
      "ability_uses": null,
      "actions": null,
      "additional_units": null,
      "assists": 14,
      "backpack_0": 16,
      "backpack_1": 15,
      "backpack_2": 0,
      "backpack_3": null,
      "buyback_log": null,
      "camps_stacked": null,
      "connection_log": null,
      "creeps_stacked": null,
      "damage": null,
      "damage_inflictor": null,
      "damage_inflictor_received": null,
      "damage_taken": null,
      "damage_targets": null,
      "deaths": 11,
      "denies": 2,
      "dn_t": null,
      "firstblood_claimed": null,
      "gold": 2139,
      "gold_per_min": 445,
      "gold_reasons": null,
      "gold_spent": -5131,
      "gold_t": null,
      "hero_damage": 27991,
      "hero_healing": 0,
      "hero_hits": null,
      "hero_id": 11,
      "item_0": 236,
      "item_1": 168,
      "item_2": 34,
      "item_3": 24,
      "item_4": 16,
      "item_5": 63,
      "item_neutral": 376,
      "item_uses": null,
      "kill_streaks": null,
      "killed": null,
      "killed_by": null,
      "kills": 6,
      "kills_log": null,
      "lane_pos": null,
      "last_hits": 155,
      "leaver_status": 0,
      "level": 17,
      "lh_t": null,
      "life_state": null,
      "max_hero_hit": null,
      "multi_kills": null,
      "net_worth": -4662,
      "obs": null,
      "obs_left_log": null,
      "obs_log": null,
      "obs_placed": null,
      "party_id": 7,
      "party_size": 1,
      "performance_others": null,
      "permanent_buffs": [],
      "pings": null,
      "pred_vict": null,
      "purchase": null,
      "purchase_log": null,
      "randomed": null,
      "repicked": null,
      "roshans_killed": null,
      "rune_pickups": null,
      "runes": null,
      "runes_log": null,
      "sen": null,
      "sen_left_log": null,
      "sen_log": null,
      "sen_placed": null,
      "stuns": null,
      "teamfight_participation": null,
      "times": null,
      "tower_damage": 972,
      "towers_killed": null,
      "xp_per_min": 531,
      "xp_reasons": null,
      "xp_t": null,
      "start_time": 1669911930,
      "duration": 1953,
      "cluster": 0,
      "lobby_type": 7,
      "game_mode": 22,
      "is_contributor": false,
      "patch": 51,
      "region": 8,
      "isRadiant": false,
      "total_gold": 1890,
      "total_xp": 10876,
      "kills_per_min": 0.18433179723502305,
      "kda": 1,
      "abandons": 0,
      "rank_tier": null,
      "is_subscriber": false,
      "cosmetics": [],
      "benchmarks": {
        "gold_per_min": {
          "raw": 445,
          "pct": 0.18
        },
        "xp_per_min": {
          "raw": 0,
          "pct": 0.18
        },
        "kills_per_min": {
          "raw": 0.18433179723502305,
          "pct": 0.44
        },
        "last_hits_per_min": {
          "raw": 4.761904761904762,
          "pct": 0.06
        },
        "hero_damage_per_min": {
          "raw": 859.9385560675884,
          "pct": 0.8
        },
        "hero_healing_per_min": {
          "raw": 0,
          "pct": 0.88
        },
        "tower_damage": {},
        "stuns_per_min": {
          "raw": 0,
          "pct": 0.02
        },
        "lhten": {}
      }
    },
    {
      "player_slot": 131,
      "ability_targets": null,
      "ability_upgrades_arr": [
        5090,
        5685,
        5090,
        5091,
        5090,
        5093,
        5090,
        5685,
        5685,
        1089,
        0,
        5093,
        5091,
        5091,
        6367,
        0
      ],
      "ability_uses": null,
      "actions": null,
      "additional_units": null,
      "assists": 8,
      "backpack_0": 0,
      "backpack_1": 0,
      "backpack_2": 0,
      "backpack_3": null,
      "buyback_log": null,
      "camps_stacked": null,
      "connection_log": null,
      "creeps_stacked": null,
      "damage": null,
      "damage_inflictor": null,
      "damage_inflictor_received": null,
      "damage_taken": null,
      "damage_targets": null,
      "deaths": 12,
      "denies": 4,
      "dn_t": null,
      "firstblood_claimed": null,
      "gold": 1845,
      "gold_per_min": 286,
      "gold_reasons": null,
      "gold_spent": 6685,
      "gold_t": null,
      "hero_damage": 12621,
      "hero_healing": 0,
      "hero_hits": null,
      "hero_id": 19,
      "item_0": 77,
      "item_1": 50,
      "item_2": 152,
      "item_3": 0,
      "item_4": 15,
      "item_5": 0,
      "item_neutral": 209,
      "item_uses": null,
      "kill_streaks": null,
      "killed": null,
      "killed_by": null,
      "kills": 4,
      "kills_log": null,
      "lane_pos": null,
      "last_hits": 55,
      "leaver_status": 0,
      "level": 16,
      "lh_t": null,
      "life_state": null,
      "max_hero_hit": null,
      "multi_kills": null,
      "net_worth": 8390,
      "obs": null,
      "obs_left_log": null,
      "obs_log": null,
      "obs_placed": null,
      "party_id": 8,
      "party_size": 1,
      "performance_others": null,
      "permanent_buffs": [
        {
          "permanent_buff": 12,
          "stack_count": 0,
          "grant_time": 1613
        }
      ],
      "pings": null,
      "pred_vict": null,
      "purchase": null,
      "purchase_log": null,
      "randomed": null,
      "repicked": null,
      "roshans_killed": null,
      "rune_pickups": null,
      "runes": null,
      "runes_log": null,
      "sen": null,
      "sen_left_log": null,
      "sen_log": null,
      "sen_placed": null,
      "stuns": null,
      "teamfight_participation": null,
      "times": null,
      "tower_damage": -140,
      "towers_killed": null,
      "xp_per_min": 457,
      "xp_reasons": null,
      "xp_t": null,
      "start_time": 1669911930,
      "duration": 1953,
      "cluster": 181,
      "lobby_type": 0,
      "game_mode": 22,
      "is_contributor": false,
      "patch": 51,
      "region": 8,
      "isRadiant": false,
      "total_gold": 9309,
      "total_xp": 14875,
      "kills_per_min": 0.12288786482334871,
      "kda": 0,
      "abandons": 0,
      "rank_tier": null,
      "is_subscriber": false,
      "cosmetics": [],
      "benchmarks": {
        "gold_per_min": {
          "raw": 286,
          "pct": 0
        },
        "xp_per_min": {},
        "kills_per_min": {
          "raw": 0.1228878648233487,
          "pct": 0.2727272727272727
        },
        "last_hits_per_min": {
          "raw": 1.6897081413210444,
          "pct": 0
        },
        "hero_damage_per_min": {
          "raw": 387.7419354838709,
          "pct": 0.039535439261829904
        },
        "hero_healing_per_min": {
          "raw": 0,
          "pct": 0.36363636363636365
        },
        "tower_damage": {
          "raw": 374,
          "pct": 0.022727272727272728
        },
        "stuns_per_min": {
          "raw": 0,
          "pct": -0.03754939277117114
        },
        "lhten": {}
      }
    },
    {
      "player_slot": 132,
      "ability_targets": null,
      "ability_upgrades_arr": [
        5094,
        5095,
        5095,
        5094,
        5095,
        0,
        5095,
        5094,
        5096,
        5096,
        5094,
        -178,
        6119,
        2272,
        5096,
        763
      ],
      "ability_uses": null,
      "actions": null,
      "additional_units": null,
      "assists": 5,
      "backpack_0": 0,
      "backpack_1": 0,
      "backpack_2": 0,
      "backpack_3": null,
      "buyback_log": null,
      "camps_stacked": null,
      "connection_log": null,
      "creeps_stacked": null,
      "damage": null,
      "damage_inflictor": null,
      "damage_inflictor_received": null,
      "damage_taken": null,
      "damage_targets": null,
      "deaths": 12,
      "denies": 4,
      "dn_t": null,
      "firstblood_claimed": null,
      "gold": 294,
      "gold_per_min": 410,
      "gold_reasons": null,
      "gold_spent": 12135,
      "gold_t": null,
      "hero_damage": 16945,
      "hero_healing": 0,
      "hero_hits": null,
      "hero_id": 18,
      "item_0": 70,
      "item_1": 21,
      "item_2": 0,
      "item_3": 108,
      "item_4": 0,
      "item_5": 0,
      "item_neutral": 331,
      "item_uses": null,
      "kill_streaks": null,
      "killed": null,
      "killed_by": null,
      "kills": 8,
      "kills_log": null,
      "lane_pos": null,
      "last_hits": 149,
      "leaver_status": 0,
      "level": 0,
      "lh_t": null,
      "life_state": null,
      "max_hero_hit": null,
      "multi_kills": null,
      "net_worth": 11269,
      "obs": null,
      "obs_left_log": null,
      "obs_log": null,
      "obs_placed": null,
      "party_id": 9,
      "party_size": 1,
      "performance_others": null,
      "permanent_buffs": [],
      "pings": null,
      "pred_vict": null,
      "purchase": null,
      "purchase_log": null,
      "randomed": null,
      "repicked": null,
      "roshans_killed": null,
      "rune_pickups": null,
      "runes": null,
      "runes_log": null,
      "sen": null,
      "sen_left_log": null,
      "sen_log": null,
      "sen_placed": null,
      "stuns": null,
      "teamfight_participation": null,
      "times": null,
      "tower_damage": -13,
      "towers_killed": null,
      "xp_per_min": -6,
      "xp_reasons": null,
      "xp_t": null,
      "start_time": 1669911930,
      "duration": 1953,
      "cluster": 29,
      "lobby_type": 7,
      "game_mode": -5,
      "is_contributor": false,
      "patch": 51,
      "region": 0,
      "isRadiant": false,
      "total_gold": 13345,
      "total_xp": 1582,
      "kills_per_min": 0.24577572964669742,
      "kda": 1,
      "abandons": 0,
      "rank_tier": null,
      "is_subscriber": false,
      "cosmetics": [],
      "benchmarks": {
        "gold_per_min": {
          "raw": 410,
          "pct": 0.1875
        },
        "xp_per_min": {
          "raw": 468,
          "pct": 0.1875
        },
        "kills_per_min": {
          "raw": 0.053631084636083994,
          "pct": 0.5
        },
        "last_hits_per_min": {
          "raw": 4.577572964669739,
          "pct": 0.1875
        },
        "hero_damage_per_min": {
          "raw": 520.5837173579109,
          "pct": 0.25
        },
        "hero_healing_per_min": {
          "raw": 0,
          "pct": 1
        },
        "tower_damage": {
          "raw": 675,
          "pct": -0.03646230901749535
        },
        "stuns_per_min": {
          "raw": 0,
          "pct": 0
        },
        "lhten": {}
      }
    }
  ],
  "patch": 51,
  "region": 8
}