{
  "chat": null,
  "cluster": 182,
  "cosmetics": null,
  "dire_score": 44,
  "dire_team_id": null,
  "draft_timings": null,
  "duration": 1403,
  "engine": 1,
  "first_blood_time": 0,
  "game_mode": 23,
  "human_players": 10,
  "leagueid": 0,
  "lobby_type": 0,
  "match_seq_num": 5780340140,
  "negative_votes": 0,
  "objectives": null,
  "picks_bans": null,
  "positive_votes": 0,
  "radiant_gold_adv": null,
  "radiant_score": 24,
  "radiant_team_id": null,
  "radiant_xp_adv": null,
  "skill": null,
  "start_time": 1669912273,
  "teamfights": null,
  "version": null,
  "replay_salt": 269608300,
  "series_id": 0,
  "series_type": 0,
  "players": [
    {
      "player_slot": 0,
      "ability_targets": null,
      "ability_upgrades_arr": [
        5353,
        5355,
        5355,
        0,
        5355,
        5356,
        5355,
        5353,
        5931,
        -414,
        5353,
        5356,
        7301,
        0,
        5940,
        7301,
        5356,
        830,
        -114,
        7022,
        6296,
        -1004
      ],
      "ability_uses": null,
      "actions": null,
      "additional_units": null,
      "assists": 0,
      "backpack_0": 0,
      "backpack_1": 0,
      "backpack_2": 0,
      "backpack_3": null,
      "buyback_log": null,
      "camps_stacked": null,
      "connection_log": null,
      "creeps_stacked": null,
      "damage": null,
      "damage_inflictor": null,
      "damage_inflictor_received": null,
      "damage_taken": null,
      "damage_targets": null,
      "deaths": 7,
      "denies": 6,
      "dn_t": null,
      "firstblood_claimed": null,
      "gold": 69,
      "gold_per_min": 1040,
      "gold_reasons": null,
      "gold_spent": 24920,
      "gold_t": null,
      "hero_damage": 11399,
      "hero_healing": 0,
      "hero_hits": null,
      "hero_id": 71,
      "item_0": 116,
      "item_1": 127,
      "item_2": 112,
      "item_3": 63,
      "item_4": 114,
      "item_5": 249,
      "item_neutral": 638,
      "item_uses": null,
      "kill_streaks": null,
      "killed": null,
      "killed_by": null,
      "kills": 5,
      "kills_log": null,
      "lane_pos": null,
      "last_hits": 115,
      "leaver_status": 0,
      "level": 29,
      "lh_t": null,
      "life_state": null,
      "max_hero_hit": null,
      "multi_kills": null,
      "net_worth": 24835,
      "obs": null,
      "obs_left_log": null,
      "obs_log": null,
      "obs_placed": null,
      "party_id": 0,
      "party_size": 0,
      "performance_others": null,
      "permanent_buffs": [],
      "pings": null,
      "pred_vict": null,
      "purchase": null,
      "purchase_log": null,
      "randomed": null,
      "repicked": null,
      "roshans_killed": null,
      "rune_pickups": null,
      "runes": null,
      "runes_log": null,
      "sen": null,
      "sen_left_log": null,
      "sen_log": null,
      "sen_placed": null,
      "stuns": null,
      "teamfight_participation": null,
      "times": null,
      "tower_damage": 0,
      "towers_killed": null,
      "xp_per_min": 737,
      "xp_reasons": null,
      "xp_t": null,
      "personaname": "Дима император",
      "name": null,
      "last_login": null,
      "start_time": 1669912273,
      "duration": 1403,
      "cluster": 182,
      "lobby_type": 0,
      "game_mode": 23,
      "is_contributor": false,
      "patch": 51,
      "region": -1,
      "isRadiant": true,
      "total_gold": 21685,
      "total_xp": 43680,
      "kills_per_min": 0.21382751247327156,
      "kda": 1,
      "abandons": 0,
      "rank_tier": 12,
      "is_subscriber": false,
      "cosmetics": [],
      "benchmarks": {
        "gold_per_min": {
          "raw": 1040,
          "pct": 1
        },
        "xp_per_min": {},
        "kills_per_min": {
          "raw": 0.21382751247327159,
          "pct": 0.35802460434712985
        },
        "last_hits_per_min": {
          "raw": 4.918032786885245,
          "pct": 0.675
        },
        "hero_damage_per_min": {
          "raw": 1226.3863150392017,
          "pct": 1
        },
        "hero_healing_per_min": {
          "raw": 0,
          "pct": 0.11329099459830722
        },
        "tower_damage": {
          "raw": 0,
          "pct": 0.175
        },
        "stuns_per_min": {
          "raw": 0,
          "pct": 0
        },
        "lhten": {}
      }
    },
    {
      "player_slot": 1,
      "ability_targets": null,
      "ability_upgrades_arr": [
        6339,
        6341,
        -433,
        -761,
        0,
        6340,
        6341,
        6339,
        6339,
        514,
        0,
        6339,
        8340,
        -2965,
        6342,
        7655,
        6342,
        6340,
        6464,
        6037
      ],
      "ability_uses": null,
      "actions": null,
      "additional_units": null,
      "assists": 7,
      "backpack_0": 0,
      "backpack_1": 0,
      "backpack_2": 0,
      "backpack_3": null,
      "buyback_log": null,
      "camps_stacked": null,
      "connection_log": null,
      "creeps_stacked": null,
      "damage": null,
      "damage_inflictor": null,
      "damage_inflictor_received": null,
      "damage_taken": null,
      "damage_targets": null,
      "deaths": 13,
      "denies": 0,
      "dn_t": null,
      "firstblood_claimed": null,
      "gold": 0,
      "gold_per_min": 565,
      "gold_reasons": null,
      "gold_spent": 13125,
      "gold_t": null,
      "hero_damage": 18603,
      "hero_healing": 9,
      "hero_hits": null,
      "hero_id": 0,
      "item_0": 77,
      "item_1": 0,
      "item_2": 108,
      "item_3": 0,
      "item_4": 214,
      "item_5": 55,
      "item_neutral": 577,
      "item_uses": null,
      "kill_streaks": null,
      "killed": null,
      "killed_by": null,
      "kills": 0,
      "kills_log": null,
      "lane_pos": null,
      "last_hits": 0,
      "leaver_status": 0,
      "level": 25,
      "lh_t": null,
      "life_state": null,
      "max_hero_hit": null,
      "multi_kills": null,
      "net_worth": -3761,
      "obs": null,
      "obs_left_log": null,
      "obs_log": null,
      "obs_placed": null,
      "party_id": 0,
      "party_size": 2,
      "performance_others": null,
      "permanent_buffs": [
        {
          "permanent_buff": 6,
          "stack_count": 1,
          "grant_time": 9
        },
        {
          "permanent_buff": 12,
          "stack_count": 0,
          "grant_time": 1259
        }
      ],
      "pings": null,
      "pred_vict": null,
      "purchase": null,
      "purchase_log": null,
      "randomed": null,
      "repicked": null,
      "roshans_killed": null,
      "rune_pickups": null,
      "runes": null,
      "runes_log": null,
      "sen": null,
      "sen_left_log": null,
      "sen_log": null,
      "sen_placed": null,
      "stuns": null,
      "teamfight_participation": null,
      "times": null,
      "tower_damage": 133,
      "towers_killed": null,
      "xp_per_min": 1580,
      "xp_reasons": null,
      "xp_t": null,
      "start_time": 1669912273,
      "duration": 1403,
      "cluster": 182,
      "lobby_type": 0,
      "game_mode": 23,
      "is_contributor": false,
      "patch": 51,
      "region": 8,
      "isRadiant": true,
      "total_gold": 13211,
      "total_xp": 36945,
      "kills_per_min": -0.06753968646430272,
      "kda": 0,
      "abandons": 0,
      "rank_tier": null,
      "is_subscriber": false,
      "cosmetics": [],
      "benchmarks": {
        "gold_per_min": {
          "raw": 565,
          "pct": 1
        },
        "xp_per_min": {
          "raw": 1580,
          "pct": 1
        },
        "kills_per_min": {
          "raw": 0.17106200997861726,
          "pct": 0.6521739130434783
        },
        "last_hits_per_min": {
          "raw": 0.42765502494654317,
          "pct": 0.08695652173913043
        },
        "hero_damage_per_min": {
          "raw": 795.5666429080542,
          "pct": 0.9565217391304348
        },
        "hero_healing_per_min": {
          "raw": 0.38488952245188884,
          "pct": 0.8695652173913043
        },
        "tower_damage": {
          "raw": 133,
          "pct": 0.34782608695652173
        },
        "stuns_per_min": {
          "raw": 0,
          "pct": 0
        },
        "lhten": {}
      }
    },
    {
      "player_slot": 0,
      "ability_targets": null,
      "ability_upgrades_arr": [
        5608,
        5609,
        5608,
        5609,
        5610,
        1318,
        5609,
        5608,
        5609,
        -86,
        5608,
        0,
        5610,
        5610,
        6203,
        5610,
        5612,
        0,
        1322
      ],
      "ability_uses": null,
      "actions": null,
      "additional_units": null,
      "assists": 10,
      "backpack_0": 8,
      "backpack_1": 21,
      "backpack_2": 0,
      "backpack_3": null,
      "buyback_log": null,
      "camps_stacked": null,
      "connection_log": null,
      "creeps_stacked": null,
      "damage": null,
      "damage_inflictor": null,
      "damage_inflictor_received": null,
      "damage_taken": null,
      "damage_targets": null,
      "deaths": 1,
      "denies": 0,
      "dn_t": null,
      "firstblood_claimed": null,
      "gold": 564,
      "gold_per_min": 566,
      "gold_reasons": null,
      "gold_spent": -1357,
      "gold_t": null,
      "hero_damage": 8028,
      "hero_healing": 0,
      "hero_hits": null,
      "hero_id": 107,
      "item_0": 232,
      "item_1": 214,
      "item_2": 1,
      "item_3": 36,
      "item_4": 29,
      "item_5": 108,
      "item_neutral": 290,
      "item_uses": null,
      "kill_streaks": null,
      "killed": null,
      "killed_by": null,
      "kills": 1,
      "kills_log": null,
      "lane_pos": null,
      "last_hits": 13,
      "leaver_status": 0,
      "level": 26,
      "lh_t": null,
      "life_state": null,
      "max_hero_hit": null,
      "multi_kills": null,
      "net_worth": 13764,
      "obs": null,
      "obs_left_log": null,
      "obs_log": null,
      "obs_placed": null,
      "party_id": 0,
      "party_size": 1,
      "performance_others": null,
      "permanent_buffs": [],
      "pings": null,
      "pred_vict": null,
      "purchase": null,
      "purchase_log": null,
      "randomed": null,
      "repicked": null,
      "roshans_killed": null,
      "rune_pickups": null,
      "runes": null,
      "runes_log": null,
      "sen": null,
      "sen_left_log": null,
      "sen_log": null,
      "sen_placed": null,
      "stuns": null,
      "teamfight_participation": null,
      "times": null,
      "tower_damage": 0,
      "towers_killed": null,
      "xp_per_min": 1868,
      "xp_reasons": null,
      "xp_t": null,
      "start_time": 0,
      "duration": 1403,
      "cluster": 182,
      "lobby_type": 0,
      "game_mode": 23,
      "is_contributor": false,
      "patch": 51,
      "region": 8,
      "isRadiant": true,
      "total_gold": 5712,
      "total_xp": 43680,
      "kills_per_min": 0.042765502494654314,
      "kda": 1,
      "abandons": 0,
      "rank_tier": null,
      "is_subscriber": false,
      "cosmetics": [],
      "benchmarks": {
        "gold_per_min": {
          "raw": 0,
          "pct": 0.9375
        },
        "xp_per_min": {
          "raw": 1868,
          "pct": 1
        },
        "kills_per_min": {
          "raw": 0.042765502494654314,
          "pct": 0.1875
        },
        "last_hits_per_min": {},
        "hero_damage_per_min": {
          "raw": 47.66547981373954,
          "pct": -0.11912221900563336
        },
        "hero_healing_per_min": {
          "raw": 0,
          "pct": 0.05841750972135157
        },
        "tower_damage": {
          "raw": 0,
          "pct": 0.11305275758744966
        },
        "stuns_per_min": {
          "raw": 0,
          "pct": 0
        },
        "lhten": {}
      }
    },
    {
      "player_slot": 3,
      "ability_targets": null,
      "ability_upgrades_arr": [
        5075,
        5076,
        5076,
        -625,
        5076,
        5077,
        0,
        5074,
        5074,
        5074,
        7142,
        -2474,
        5075,
        5075,
        6565,
        5075,
        -2094,
        0,
        6506,
        5931,
        507
      ],
      "ability_uses": null,
      "actions": null,
      "additional_units": null,
      "assists": 5,
      "backpack_0": 0,
      "backpack_1": 0,
      "backpack_2": 0,
      "backpack_3": null,
      "buyback_log": null,
      "camps_stacked": null,
      "connection_log": null,
      "creeps_stacked": null,
      "damage": null,
      "damage_inflictor": null,
      "damage_inflictor_received": null,
      "damage_taken": null,
      "damage_targets": null,
      "deaths": 7,
      "denies": 1,
      "dn_t": null,
      "firstblood_claimed": null,
      "gold": 944,
      "gold_per_min": 630,
      "gold_reasons": null,
      "gold_spent": 12485,
      "gold_t": null,
      "hero_damage": 12382,
      "hero_healing": 0,
      "hero_hits": null,
      "hero_id": 0,
      "item_0": 50,
      "item_1": 0,
      "item_2": 73,
      "item_3": 53,
      "item_4": 53,
      "item_5": 108,
      "item_neutral": 0,
      "item_uses": null,
      "kill_streaks": null,
      "killed": null,
      "killed_by": null,
      "kills": 4,
      "kills_log": null,
      "lane_pos": null,
      "last_hits": 36,
      "leaver_status": 0,
      "level": 0,
      "lh_t": null,
      "life_state": null,
      "max_hero_hit": null,
      "multi_kills": null,
      "net_worth": 12279,
      "obs": null,
      "obs_left_log": null,
      "obs_log": null,
      "obs_placed": null,
      "party_id": 2,
      "party_size": 2,
      "performance_others": null,
      "permanent_buffs": [
        {
          "permanent_buff": 4,
          "stack_count": 9,
          "grant_time": 307
        }
      ],
      "pings": null,
      "pred_vict": null,
      "purchase": null,
      "purchase_log": null,
      "randomed": null,
      "repicked": null,
      "roshans_killed": null,
      "rune_pickups": null,
      "runes": null,
      "runes_log": null,
      "sen": null,
      "sen_left_log": null,
      "sen_log": null,
      "sen_placed": null,
      "stuns": null,
      "teamfight_participation": null,
      "times": null,
      "tower_damage": 0,
      "towers_killed": null,
      "xp_per_min": 1993,
      "xp_reasons": null,
      "xp_t": null,
      "start_time": 1669912273,
      "duration": 1403,
      "cluster": 182,
      "lobby_type": 0,
      "game_mode": 23,
      "is_contributor": false,
      "patch": 51,
      "region": 8,
      "isRadiant": true,
      "total_gold": 14731,
      "total_xp": 31461,
      "kills_per_min": 0.17106200997861726,
      "kda": 1,
      "abandons": 0,
      "rank_tier": null,
      "is_subscriber": false,
      "cosmetics": [],
      "benchmarks": {
        "gold_per_min": {
          "raw": 630,
          "pct": 0.8928571428571429
        },
        "xp_per_min": {
          "raw": 1993,
          "pct": 1
        },
        "kills_per_min": {
          "raw": 0.17106200997861726,
          "pct": 0.44642857142857145
        },
        "last_hits_per_min": {
          "raw": 1.5395580898075554,
          "pct": 0.19642857142857142
        },
        "hero_damage_per_min": {
          "raw": 529.5224518888098,
          "pct": 0.5357142857142857
        },
        "hero_healing_per_min": {
          "raw": 0,
          "pct": 0.6428571428571429
        },
        "tower_damage": {
          "raw": 0,
          "pct": 0.30357142857142855
        },
        "stuns_per_min": {
          "raw": 0,
          "pct": 0
        },
        "lhten": {}
      }
    },
    {
      "player_slot": 4,
      "ability_targets": null,
      "ability_upgrades_arr": [
        879,
        551,
        0,
        5601,
        879,
        5599,
        879,
        5601,
        5601,
        -525,
        0,
        5599,
        886,
        886,
        6282,
        886,
        695,
        412,
        2359
      ],
      "ability_uses": null,
      "actions": null,
      "additional_units": null,
      "assists": 0,
      "backpack_0": 0,
      "backpack_1": 0,
      "backpack_2": 0,
      "backpack_3": null,
      "buyback_log": null,
      "camps_stacked": null,
      "connection_log": null,
      "creeps_stacked": null,
      "damage": null,
      "damage_inflictor": null,
      "damage_inflictor_received": null,
      "damage_taken": null,
      "damage_targets": null,
      "deaths": 7,
      "denies": 1,
      "dn_t": null,
      "firstblood_claimed": null,
      "gold": 0,
      "gold_per_min": 899,
      "gold_reasons": null,
      "gold_spent": 7059,
      "gold_t": null,
      "hero_damage": 26017,
      "hero_healing": 0,
      "hero_hits": null,
      "hero_id": 0,
      "item_0": 116,
      "item_1": 254,
      "item_2": 0,
      "item_3": 232,
      "item_4": 180,
      "item_5": 176,
      "item_neutral": 0,
      "item_uses": null,
      "kill_streaks": null,
      "killed": null,
      "killed_by": null,
      "kills": 8,
      "kills_log": null,
      "lane_pos": null,
      "last_hits": 37,
      "leaver_status": 0,
      "level": 26,
      "lh_t": null,
      "life_state": null,
      "max_hero_hit": null,
      "multi_kills": null,
      "net_worth": 16822,
      "obs": null,
      "obs_left_log": null,
      "obs_log": null,
      "obs_placed": null,
      "party_id": 2,
      "party_size": 0,
      "performance_others": null,
      "permanent_buffs": [],
      "pings": null,
      "pred_vict": null,
      "purchase": null,
      "purchase_log": null,
      "randomed": null,
      "repicked": null,
      "roshans_killed": null,
      "rune_pickups": null,
      "runes": null,
      "runes_log": null,
      "sen": null,
      "sen_left_log": null,
      "sen_log": null,
      "sen_placed": null,
      "stuns": null,
      "teamfight_participation": null,
      "times": null,
      "tower_damage": 0,
      "towers_killed": null,
      "xp_per_min": 0,
      "xp_reasons": null,
      "xp_t": null,
      "start_time": 1669912273,
      "duration": 1403,
      "cluster": 182,
      "lobby_type": 0,
      "game_mode": 23,
      "is_contributor": false,
      "patch": 0,
      "region": 8,
      "isRadiant": true,
      "total_gold": 12603,
      "total_xp": 33927,
      "kills_per_min": 0.3421240199572345,
      "kda": 0,
      "abandons": 0,
      "rank_tier": null,
      "is_subscriber": false,
      "cosmetics": [],
      "benchmarks": {
        "gold_per_min": {
          "raw": 899,
          "pct": 1
        },
        "xp_per_min": {
          "raw": 1647,
          "pct": 1
        },
        "kills_per_min": {
          "raw": 0.3421240199572345,
          "pct": 0.90625
        },
        "last_hits_per_min": {
          "raw": 1.5823235923022096,
          "pct": 0.3125
        },
        "hero_damage_per_min": {
          "raw": 1112.6300784034213,
          "pct": 0.96875
        },
        "hero_healing_per_min": {},
        "tower_damage": {
          "raw": 0,
          "pct": 0.15625
        },
        "stuns_per_min": {
          "raw": 0,
          "pct": 0.0625
        },
        "lhten": {}
      }
    },
    {
      "player_slot": 128,
      "ability_targets": null,
      "ability_upgrades_arr": [
        5078,
        5080,
        570,
        5080,
        5078,
        5081,
        5078,
        0,
        0,
        5079,
        5081,
        5080,
        5079,
        5079,
        468,
        793,
        5081,
        -175,
        6502
      ],
      "ability_uses": null,
      "actions": null,
      "additional_units": null,
      "assists": 7,
      "backpack_0": 0,
      "backpack_1": 0,
      "backpack_2": 0,
      "backpack_3": null,
      "buyback_log": null,
      "camps_stacked": null,
      "connection_log": null,
      "creeps_stacked": null,
      "damage": null,
      "damage_inflictor": null,
      "damage_inflictor_received": null,
      "damage_taken": null,
      "damage_targets": null,
      "deaths": 6,
      "denies": 0,
      "dn_t": null,
      "firstblood_claimed": null,
      "gold": 2990,
      "gold_per_min": 0,
      "gold_reasons": null,
      "gold_spent": 15185,
      "gold_t": null,
      "hero_damage": -6340,
      "hero_healing": 0,
      "hero_hits": null,
      "hero_id": 27,
      "item_0": 110,
      "item_1": 180,
      "item_2": 273,
      "item_3": 108,
      "item_4": 0,
      "item_5": 0,
      "item_neutral": 838,
      "item_uses": null,
      "kill_streaks": null,
      "killed": null,
      "killed_by": null,
      "kills": 8,
      "kills_log": null,
      "lane_pos": null,
      "last_hits": 38,
      "leaver_status": 0,
      "level": 25,
      "lh_t": null,
      "life_state": null,
      "max_hero_hit": null,
      "multi_kills": null,
      "net_worth": 17590,
      "obs": null,
      "obs_left_log": null,
      "obs_log": null,
      "obs_placed": null,
      "party_id": 3,
      "party_size": 0,
      "performance_others": null,
      "permanent_buffs": [],
      "pings": null,
      "pred_vict": null,
      "purchase": null,
      "purchase_log": null,
      "randomed": null,
      "repicked": null,
      "roshans_killed": null,
      "rune_pickups": null,
      "runes": null,
      "runes_log": null,
      "sen": null,
      "sen_left_log": null,
      "sen_log": null,
      "sen_placed": null,
      "stuns": null,
      "teamfight_participation": null,
      "times": null,
      "tower_damage": 3530,
      "towers_killed": null,
      "xp_per_min": 1705,
      "xp_reasons": null,
      "xp_t": null,
      "start_time": 0,
      "duration": 1403,
      "cluster": 182,
      "lobby_type": 0,
      "game_mode": 23,
      "is_contributor": false,
      "patch": 51,
      "region": -3,
      "isRadiant": false,
      "total_gold": 1525,
      "total_xp": 13976,
      "kills_per_min": -0.06984534636776603,
      "kda": 1,
      "abandons": 0,
      "rank_tier": null,
      "is_subscriber": false,
      "cosmetics": [],
      "benchmarks": {}
    },
    {
      "player_slot": 129,
      "ability_targets": null,
      "ability_upgrades_arr": [],
      "ability_uses": null,
      "actions": null,
      "additional_units": null,
      "assists": 14,
      "backpack_0": 0,
      "backpack_1": 0,
      "backpack_2": 0,
      "backpack_3": null,
      "buyback_log": null,
      "camps_stacked": null,
      "connection_log": null,
      "creeps_stacked": null,
      "damage": null,
      "damage_inflictor": null,
      "damage_inflictor_received": null,
      "damage_taken": null,
      "damage_targets": null,
      "deaths": 3,
      "denies": 21,
      "dn_t": null,
      "firstblood_claimed": null,
      "gold": -1142,
      "gold_per_min": 1192,
      "gold_reasons": null,
      "gold_spent": 26625,
      "gold_t": null,
      "hero_damage": 31454,
      "hero_healing": 0,
      "hero_hits": null,
      "hero_id": 11,
      "item_0": 116,
      "item_1": 108,
      "item_2": 220,
      "item_3": 156,
      "item_4": 0,
      "item_5": 236,
      "item_neutral": 6,
      "item_uses": null,
      "kill_streaks": null,
      "killed": null,
      "killed_by": null,
      "kills": 8,
      "kills_log": null,
      "lane_pos": null,
      "last_hits": 116,
      "leaver_status": 0,
      "level": 30,
      "lh_t": null,
      "life_state": null,
      "max_hero_hit": null,
      "multi_kills": null,
      "net_worth": 27620,
      "obs": null,
      "obs_left_log": null,
      "obs_log": null,
      "obs_placed": null,
      "party_id": 4,
      "party_size": 1,
      "performance_others": null,
      "permanent_buffs": [
        {
          "permanent_buff": 6,
          "stack_count": 0,
          "grant_time": 817
        }
      ],
      "pings": null,
      "pred_vict": null,
      "purchase": null,
      "purchase_log": null,
      "randomed": null,
      "repicked": null,
      "roshans_killed": null,
      "rune_pickups": null,
      "runes": null,
      "runes_log": null,
      "sen": null,
      "sen_left_log": null,
      "sen_log": null,
      "sen_placed": null,
      "stuns": null,
      "teamfight_participation": null,
      "times": null,
      "tower_damage": 9686,
      "towers_killed": null,
      "xp_per_min": 1869,
      "xp_reasons": null,
      "xp_t": null,
      "start_time": 0,
      "duration": 1403,
      "cluster": 182,
      "lobby_type": 0,
      "game_mode": 23,
      "is_contributor": false,
      "patch": 51,
      "region": 8,
      "isRadiant": false,
      "total_gold": 11155,
      "total_xp": 43703,
      "kills_per_min": 0.3421240199572345,
      "kda": 5,
      "abandons": 0,
      "rank_tier": null,
      "is_subscriber": false,
      "cosmetics": [],
      "benchmarks": {
        "gold_per_min": {
          "raw": 196,
          "pct": 1
        },
        "xp_per_min": {
          "raw": 1869,
          "pct": 1
        },
        "kills_per_min": {
          "raw": -0.1298549877391543,
          "pct": 0.76
        },
        "last_hits_per_min": {
          "raw": 4.9607982893799,
          "pct": 0.1
        },
        "hero_damage_per_min": {
          "raw": -630.6932596620302,
          "pct": 0.98
        },
        "hero_healing_per_min": {
          "raw": 0,
          "pct": 0.88
        },
        "tower_damage": {
          "raw": 0,
          "pct": 0.68
        },
        "stuns_per_min": {
          "raw": 0,
          "pct": 0.02
        },
        "lhten": {}
      }
    },
    {
      "player_slot": 130,
      "ability_targets": null,
      "ability_upgrades_arr": [
        5138,
        5140,
        0,
        5138,
        -649,
        5141,
        5140,
        5138,
        5138,
        417,
        -1836,
        0,
        5139,
        5139,
        6524,
        5139,
        5141,
        5998,
        6996,
        1760,
        0,
        555,
        -1531
      ],
      "ability_uses": null,
      "actions": null,
      "additional_units": null,
      "assists": 10,
      "backpack_0": 61,
      "backpack_1": 0,
      "backpack_2": 0,
      "backpack_3": null,
      "buyback_log": null,
      "camps_stacked": null,
      "connection_log": null,
      "creeps_stacked": null,
      "damage": null,
      "damage_inflictor": null,
      "damage_inflictor_received": null,
      "damage_taken": null,
      "damage_targets": null,
      "deaths": 4,
      "denies": 0,
      "dn_t": null,
      "firstblood_claimed": null,
      "gold": 589,
      "gold_per_min": 1148,
      "gold_reasons": null,
      "gold_spent": 26875,
      "gold_t": null,
      "hero_damage": 51329,
      "hero_healing": 2804,
      "hero_hits": null,
      "hero_id": 3,
      "item_0": 152,
      "item_1": 36,
      "item_2": 267,
      "item_3": -82,
      "item_4": 235,
      "item_5": 232,
      "item_neutral": 242,
      "item_uses": null,
      "kill_streaks": null,
      "killed": null,
      "killed_by": null,
      "kills": 20,
      "kills_log": null,
      "lane_pos": null,
      "last_hits": 23,
      "leaver_status": 0,
      "level": 30,
      "lh_t": null,
      "life_state": null,
      "max_hero_hit": null,
      "multi_kills": null,
      "net_worth": 27144,
      "obs": null,
      "obs_left_log": null,
      "obs_log": null,
      "obs_placed": null,
      "party_id": 5,
      "party_size": 0,
      "performance_others": null,
      "permanent_buffs": [
        {
          "permanent_buff": 2,
          "stack_count": 0,
          "grant_time": 576
        },
        {
          "permanent_buff": 12,
          "stack_count": 0,
          "grant_time": 0
        }
      ],
      "pings": null,
      "pred_vict": null,
      "purchase": null,
      "purchase_log": null,
      "randomed": null,
      "repicked": null,
      "roshans_killed": null,
      "rune_pickups": null,
      "runes": null,
      "runes_log": null,
      "sen": null,
      "sen_left_log": null,
      "sen_log": null,
      "sen_placed": null,
      "stuns": null,
      "teamfight_participation": null,
      "times": null,
      "tower_damage": 708,
      "towers_killed": null,
      "xp_per_min": 2160,
      "xp_reasons": null,
      "xp_t": null,
      "start_time": 1669912273,
      "duration": 1403,
      "cluster": 182,
      "lobby_type": 0,
      "game_mode": -7,
      "is_contributor": false,
      "patch": 51,
      "region": 8,
      "isRadiant": false,
      "total_gold": 26844,
      "total_xp": 1876,
      "kills_per_min": 0.8553100498930862,
      "kda": 6,
      "abandons": 0,
      "rank_tier": null,
      "is_subscriber": false,
      "cosmetics": [],
      "benchmarks": {}
    },
    {
      "player_slot": 0,
      "ability_targets": null,
      "ability_upgrades_arr": [
        5237,
        5238,
        5237,
        5239,
        5237,
        5240,
        5237,
        5239,
        0,
        261,
        5239,
        -2600,
        0,
        5238,
        6512,
        5238,
        5240,
        -1677,
        5977,
        1080,
        502
      ],
      "ability_uses": null,
      "actions": null,
      "additional_units": null,
      "assists": -3,
      "backpack_0": 0,
      "backpack_1": 0,
      "backpack_2": 0,
      "backpack_3": null,
      "buyback_log": null,
      "camps_stacked": null,
      "connection_log": null,
      "creeps_stacked": null,
      "damage": null,
      "damage_inflictor": null,
      "damage_inflictor_received": null,
      "damage_taken": null,
      "damage_targets": null,
      "deaths": 7,
      "denies": 0,
      "dn_t": null,
      "firstblood_claimed": null,
      "gold": 4940,
      "gold_per_min": 645,
      "gold_reasons": null,
      "gold_spent": 10870,
      "gold_t": null,
      "hero_damage": 9747,
      "hero_healing": 0,
      "hero_hits": null,
      "hero_id": 51,
      "item_0": 37,
      "item_1": 36,
      "item_2": 185,
      "item_3": 254,
      "item_4": 214,
      "item_5": 226,
      "item_neutral": 947,
      "item_uses": null,
      "kill_streaks": null,
      "killed": null,
      "killed_by": null,
      "kills": 3,
      "kills_log": null,
      "lane_pos": null,
      "last_hits": 32,
      "leaver_status": 0,
      "level": 28,
      "lh_t": null,
      "life_state": null,
      "max_hero_hit": null,
      "multi_kills": null,
      "net_worth": 15365,
      "obs": null,
      "obs_left_log": null,
      "obs_log": null,
      "obs_placed": null,
      "party_id": 5,
      "party_size": -1,
      "performance_others": null,
      "permanent_buffs": [],
      "pings": null,
      "pred_vict": null,
      "purchase": null,
      "purchase_log": null,
      "randomed": null,
      "repicked": null,
      "roshans_killed": null,
      "rune_pickups": null,
      "runes": null,
      "runes_log": null,
      "sen": null,
      "sen_left_log": null,
      "sen_log": null,
      "sen_placed": null,
      "stuns": null,
      "teamfight_participation": null,
      "times": null,
      "tower_damage": -70,
      "towers_killed": null,
      "xp_per_min": 1744,
      "xp_reasons": null,
      "xp_t": null,
      "start_time": 1669912273,
      "duration": 620,
      "cluster": 182,
      "lobby_type": 0,
      "game_mode": 23,
      "is_contributor": false,
      "patch": 51,
      "region": 8,
      "isRadiant": false,
      "total_gold": 15082,
      "total_xp": 40780,
      "kills_per_min": 0.12829650748396293,
      "kda": 1,
      "abandons": 0,
      "rank_tier": null,
      "is_subscriber": false,
      "cosmetics": [],
      "benchmarks": {
        "gold_per_min": {
          "raw": -232,
          "pct": 0
        },
        "xp_per_min": {
          "raw": 1744,
          "pct": 0
        },
        "kills_per_min": {},
        "last_hits_per_min": {
          "raw": 1.368496079828938,
          "pct": 0.4772727272727273
        },
        "hero_damage_per_min": {
          "raw": 416.8353528153956,
          "pct": -0.05941440673712237
        },
        "hero_healing_per_min": {
          "raw": 0,
          "pct": 0.8181818181818182
        },
        "tower_damage": {
          "raw": 154,
          "pct": 0.6363636363636364
        },
        "stuns_per_min": {
          "raw": 0,
          "pct": 0
        },
        "lhten": {}
      }
    },
    {
      "player_slot": 132,
      "ability_targets": null,
      "ability_upgrades_arr": [
        5359,
        5357,
        5359,
        5358,
        5359,
        5360,
        5359,
        5358,
        5358,
        6926,
        5358,
        5360,
        5357,
        5357,
        1062,
        5357,
        5360,
        6132,
        424,
        -1998,
        758,
        6973
      ],
      "ability_uses": null,
      "actions": null,
      "additional_units": null,
      "assists": 7,
      "backpack_0": 0,
      "backpack_1": 0,
      "backpack_2": 0,
      "backpack_3": null,
      "buyback_log": null,
      "camps_stacked": null,
      "connection_log": null,
      "creeps_stacked": null,
      "damage": null,
      "damage_inflictor": null,
      "damage_inflictor_received": null,
      "damage_taken": null,
      "damage_targets": null,
      "deaths": 4,
      "denies": 4,
      "dn_t": null,
      "firstblood_claimed": null,
      "gold": 3909,
      "gold_per_min": 797,
      "gold_reasons": null,
      "gold_spent": 16345,
      "gold_t": null,
      "hero_damage": 9049,
      "hero_healing": 0,
      "hero_hits": null,
      "hero_id": 70,
      "item_0": 63,
      "item_1": 596,
      "item_2": 26,
      "item_3": 0,
      "item_4": 143,
      "item_5": 0,
      "item_neutral": 573,
      "item_uses": null,
      "kill_streaks": null,
      "killed": null,
      "killed_by": null,
      "kills": 0,
      "kills_log": null,
      "lane_pos": null,
      "last_hits": 48,
      "leaver_status": 0,
      "level": 29,
      "lh_t": null,
      "life_state": null,
      "max_hero_hit": null,
      "multi_kills": null,
      "net_worth": 18159,
      "obs": null,
      "obs_left_log": null,
      "obs_log": null,
      "obs_placed": null,
      "party_id": 5,
      "party_size": 3,
      "performance_others": null,
      "permanent_buffs": [
        {
          "permanent_buff": 12,
          "stack_count": 0,
          "grant_time": 780
        }
      ],
      "pings": null,
      "pred_vict": null,
      "purchase": null,
      "purchase_log": null,
      "randomed": null,
      "repicked": null,
      "roshans_killed": null,
      "rune_pickups": null,
      "runes": null,
      "runes_log": null,
      "sen": null,
      "sen_left_log": null,
      "sen_log": null,
      "sen_placed": null,
      "stuns": null,
      "teamfight_participation": null,
      "times": null,
      "tower_damage": 392,
      "towers_killed": null,
      "xp_per_min": 1985,
      "xp_reasons": null,
      "xp_t": null,
      "start_time": 1669912273,
      "duration": 1403,
      "cluster": 182,
      "lobby_type": 0,
      "game_mode": 23,
      "is_contributor": false,
      "patch": 0,
      "region": 8,
      "isRadiant": false,
      "total_gold": 18636,
      "total_xp": 28155,
      "kills_per_min": 0.21382751247327156,
      "kda": 2,
      "abandons": 0,
      "rank_tier": null,
      "is_subscriber": false,
      "cosmetics": [],
      "benchmarks": {
        "gold_per_min": {},
        "xp_per_min": {
          "raw": 1985,
          "pct": 1
        },
        "kills_per_min": {
          "raw": 0.21382751247327159,
          "pct": 0.4634146341463415
        },
        "last_hits_per_min": {
          "raw": 2.052744119743407,
          "pct": 0
        },
        "hero_damage_per_min": {
          "raw": 386.9850320741269,
          "pct": 0.17073170731707318
        },
        "hero_healing_per_min": {
          "raw": 0,
          "pct": 1
        },
        "tower_damage": {
          "raw": 392,
          "pct": 0.3170731707317073
        },
        "stuns_per_min": {
          "raw": 0,
          "pct": 0.34146341463414637
        },
        "lhten": {}
      }
    }
  ],
  "patch": 0,
  "region": 8
}