{
  "chat": null,
  "cluster": 152,
  "cosmetics": null,
  "dire_score": 18,
  "dire_team_id": null,
  "draft_timings": null,
  "duration": 1455,
  "engine": 1,
  "first_blood_time": 18,
  "game_mode": 0,
  "human_players": 10,
  "leagueid": 0,
  "lobby_type": 0,
  "match_seq_num": 5780334604,
  "negative_votes": 0,
  "objectives": null,
  "picks_bans": null,
  "positive_votes": 0,
  "radiant_gold_adv": null,
  "radiant_score": 19,
  "radiant_team_id": null,
  "radiant_xp_adv": null,
  "skill": null,
  "start_time": 1669911996,
  "teamfights": null,
  "version": null,
  "replay_salt": 193359106,
  "series_id": 0,
  "series_type": 0,
  "players": [
    {
      "player_slot": 0,
      "ability_targets": null,
      "ability_upgrades_arr": [],
      "ability_uses": null,
      "actions": null,
      "additional_units": null,
      "assists": 6,
      "backpack_0": 0,
      "backpack_1": 0,
      "backpack_2": 0,
      "backpack_3": null,
      "buyback_log": null,
      "camps_stacked": null,
      "connection_log": null,
      "creeps_stacked": null,
      "damage": null,
      "damage_inflictor": null,
      "damage_inflictor_received": null,
      "damage_taken": null,
      "damage_targets": null,
      "deaths": 7,
      "denies": 1,
      "dn_t": null,
      "firstblood_claimed": null,
      "gold": 1642,
      "gold_per_min": 1033,
      "gold_reasons": null,
      "gold_spent": 24580,
      "gold_t": null,
      "hero_damage": 27440,
      "hero_healing": 0,
      "hero_hits": null,
      "hero_id": 0,
      "item_0": 145,
      "item_1": 48,
      "item_2": 141,
      "item_3": 235,
      "item_4": 0,
      "item_5": 108,
      "item_neutral": 0,
      "item_uses": null,
      "kill_streaks": null,
      "killed": null,
      "killed_by": null,
      "kills": 8,
      "kills_log": null,
      "lane_pos": null,
      "last_hits": 0,
      "leaver_status": 0,
      "level": 0,
      "lh_t": null,
      "life_state": null,
      "max_hero_hit": null,
      "multi_kills": null,
      "net_worth": 24267,
      "obs": null,
      "obs_left_log": null,
      "obs_log": null,
      "obs_placed": null,
      "party_id": 0,
      "party_size": 5,
      "performance_others": null,
      "permanent_buffs": [
        {
          "permanent_buff": 12,
          "stack_count": 0,
          "grant_time": 1006
        }
      ],
      "pings": null,
      "pred_vict": null,
      "purchase": null,
      "purchase_log": null,
      "randomed": null,
      "repicked": null,
      "roshans_killed": null,
      "rune_pickups": null,
      "runes": null,
      "runes_log": null,
      "sen": null,
      "sen_left_log": null,
      "sen_log": null,
      "sen_placed": null,
      "stuns": null,
      "teamfight_participation": null,
      "times": null,
      "tower_damage": 163,
      "towers_killed": null,
      "xp_per_min": 1918,
      "xp_reasons": null,
      "xp_t": null,
      "personaname": "Riou",
      "name": null,
      "last_login": "2018-01-08T16:35:12.339Z",
      "start_time": 1669911996,
      "duration": 1455,
      "cluster": 0,
      "lobby_type": 0,
      "game_mode": 0,
      "is_contributor": false,
      "patch": 51,
      "region": 0,
      "isRadiant": true,
      "total_gold": 25050,
      "total_xp": 18225,
      "kills_per_min": 0.32989690721649484,
      "kda": 0,
      "abandons": 0,
      "rank_tier": 0,
      "is_subscriber": false,
      "cosmetics": [],
      "benchmarks": {
        "gold_per_min": {
          "raw": 0,
          "pct": 1
        },
        "xp_per_min": {
          "raw": 1918,
          "pct": 1
        },
        "kills_per_min": {
          "raw": 0.3298969072164949,
          "pct": 0.9
        },
        "last_hits_per_min": {},
        "hero_damage_per_min": {
          "raw": 1131.5463917525774,
          "pct": 1
        },
        "hero_healing_per_min": {
          "raw": 0,
          "pct": 0.8666666666666667
        },
        "tower_damage": {
          "raw": 163,
          "pct": 0.23333333333333334
        },
        "stuns_per_min": {
          "raw": 0,
          "pct": 0
        },
        "lhten": {}
      }
    },
    {
      "player_slot": 1,
      "ability_targets": null,
      "ability_upgrades_arr": [
        5591,
        5593,
        5589,
        -1257,
        5589,
        5594,
        5591,
        5589,
        5593,
        5593,
        5591,
        5594,
        0,
        5593,
        6378,
        0,
        -2498,
        6827
      ],
      "ability_uses": null,
      "actions": null,
      "additional_units": null,
      "assists": 0,
      "backpack_0": 0,
      "backpack_1": 0,
      "backpack_2": 0,
      "backpack_3": null,
      "buyback_log": null,
      "camps_stacked": null,
      "connection_log": null,
      "creeps_stacked": null,
      "damage": null,
      "damage_inflictor": null,
      "damage_inflictor_received": null,
      "damage_taken": null,
      "damage_targets": null,
      "deaths": 7,
      "denies": 2,
      "dn_t": null,
      "firstblood_claimed": null,
      "gold": 2281,
      "gold_per_min": 412,
      "gold_reasons": null,
      "gold_spent": 8380,
      "gold_t": null,
      "hero_damage": 11549,
      "hero_healing": 0,
      "hero_hits": null,
      "hero_id": 103,
      "item_0": 181,
      "item_1": 168,
      "item_2": 180,
      "item_3": 1,
      "item_4": 36,
      "item_5": 218,
      "item_neutral": 364,
      "item_uses": null,
      "kill_streaks": null,
      "killed": null,
      "killed_by": null,
      "kills": 1,
      "kills_log": null,
      "lane_pos": null,
      "last_hits": 0,
      "leaver_status": 0,
      "level": 0,
      "lh_t": null,
      "life_state": null,
      "max_hero_hit": null,
      "multi_kills": null,
      "net_worth": 10256,
      "obs": null,
      "obs_left_log": null,
      "obs_log": null,
      "obs_placed": null,
      "party_id": 0,
      "party_size": 5,
      "performance_others": null,
      "permanent_buffs": [],
      "pings": null,
      "pred_vict": null,
      "purchase": null,
      "purchase_log": null,
      "randomed": null,
      "repicked": null,
      "roshans_killed": null,
      "rune_pickups": null,
      "runes": null,
      "runes_log": null,
      "sen": null,
      "sen_left_log": null,
      "sen_log": null,
      "sen_placed": null,
      "stuns": null,
      "teamfight_participation": null,
      "times": null,
      "tower_damage": 79,
      "towers_killed": null,
      "xp_per_min": 1402,
      "xp_reasons": null,
      "xp_t": null,
      "personaname": "Jan Pieterszoon Coen",
      "name": null,
      "last_login": null,
      "start_time": 1669911996,
      "duration": 1455,
      "cluster": 152,
      "lobby_type": 0,
      "game_mode": 0,
      "is_contributor": false,
      "patch": 51,
      "region": 5,
      "isRadiant": true,
      "total_gold": 9991,
      "total_xp": 14997,
      "kills_per_min": 0.041237113402061855,
      "kda": 0,
      "abandons": 0,
      "rank_tier": 12,
      "is_subscriber": false,
      "cosmetics": [],
      "benchmarks": {
        "gold_per_min": {
          "raw": 412,
          "pct": 0.6
        },
        "xp_per_min": {
          "raw": 1402,
          "pct": 1
        },
        "kills_per_min": {
          "raw": 0.04123711340206186,
          "pct": 0
        },
        "last_hits_per_min": {
          "raw": 0.4948453608247423,
          "pct": 0
        },
        "hero_damage_per_min": {
          "raw": 476.2474226804124,
          "pct": 0.4
        },
        "hero_healing_per_min": {
          "raw": 0,
          "pct": 1
        },
        "tower_damage": {},
        "stuns_per_min": {
          "raw": 0,
          "pct": 0
        },
        "lhten": {}
      }
    },
    {
      "player_slot": 2,
      "ability_targets": null,
      "ability_upgrades_arr": [
        5505,
        5504,
        5505,
        747,
        5505,
        5507,
        1669,
        5506,
        5504,
        5504,
        920,
        5506,
        5507,
        5506,
        5506,
        0,
        5507,
        6182
      ],
      "ability_uses": null,
      "actions": null,
      "additional_units": null,
      "assists": 10,
      "backpack_0": 0,
      "backpack_1": 0,
      "backpack_2": 0,
      "backpack_3": null,
      "buyback_log": null,
      "camps_stacked": null,
      "connection_log": null,
      "creeps_stacked": null,
      "damage": null,
      "damage_inflictor": null,
      "damage_inflictor_received": null,
      "damage_taken": null,
      "damage_targets": null,
      "deaths": 0,
      "denies": 7,
      "dn_t": null,
      "firstblood_claimed": null,
      "gold": 1786,
      "gold_per_min": 650,
      "gold_reasons": null,
      "gold_spent": 14690,
      "gold_t": null,
      "hero_damage": 9091,
      "hero_healing": 0,
      "hero_hits": null,
      "hero_id": 94,
      "item_0": 0,
      "item_1": 26,
      "item_2": 75,
      "item_3": 29,
      "item_4": 160,
      "item_5": 0,
      "item_neutral": 309,
      "item_uses": null,
      "kill_streaks": null,
      "killed": null,
      "killed_by": null,
      "kills": 0,
      "kills_log": null,
      "lane_pos": null,
      "last_hits": 62,
      "leaver_status": 0,
      "level": 24,
      "lh_t": null,
      "life_state": null,
      "max_hero_hit": null,
      "multi_kills": null,
      "net_worth": 15741,
      "obs": null,
      "obs_left_log": null,
      "obs_log": null,
      "obs_placed": null,
      "party_id": 0,
      "party_size": 5,
      "performance_others": null,
      "permanent_buffs": [],
      "pings": null,
      "pred_vict": null,
      "purchase": null,
      "purchase_log": null,
      "randomed": null,
      "repicked": null,
      "roshans_killed": null,
      "rune_pickups": null,
      "runes": null,
      "runes_log": null,
      "sen": null,
      "sen_left_log": null,
      "sen_log": null,
      "sen_placed": null,
      "stuns": null,
      "teamfight_participation": null,
      "times": null,
      "tower_damage": 324,
      "towers_killed": null,
      "xp_per_min": 0,
      "xp_reasons": null,
      "xp_t": null,
      "personaname": "huh",
      "name": null,
      "last_login": "2018-02-14T17:05:36.176Z",
      "start_time": 1669911996,
      "duration": 0,
      "cluster": 152,
      "lobby_type": 0,
      "game_mode": 23,
      "is_contributor": false,
      "patch": 51,
      "region": 5,
      "isRadiant": true,
      "total_gold": 7924,
      "total_xp": 34265,
      "kda": 0,
      "abandons": 0,
      "rank_tier": 41,
      "is_subscriber": false,
      "cosmetics": [],
      "benchmarks": {
        "gold_per_min": {
          "raw": 0,
          "pct": 0.4
        },
        "xp_per_min": {
          "raw": 1413,
          "pct": 1
        },
        "kills_per_min": {
          "raw": 0,
          "pct": 0.2
        },
        "last_hits_per_min": {
          "raw": 2.5567010309278353,
          "pct": 0
        },
        "hero_damage_per_min": {
          "raw": 374.88659793814435,
          "pct": 0.2
        },
        "hero_healing_per_min": {
          "raw": 0,
          "pct": 0
        },
        "tower_damage": {
          "raw": 324,
          "pct": 0.2
        },
        "stuns_per_min": {
          "raw": 0,
          "pct": 0.2
        },
        "lhten": {}
      }
    },
    {
      "player_slot": 3,
      "ability_targets": null,
      "ability_upgrades_arr": [
        5272,
        0,
        5273,
        5272,
        5273,
        5274,
        5273,
        0,
        5272,
        5272,
        -541,
        5274,
        7300,
        0,
        6655,
        6380,
        0,
        462,
        7143,
        7140,
        6289
      ],
      "ability_uses": null,
      "actions": null,
      "additional_units": null,
      "assists": 3,
      "backpack_0": 0,
      "backpack_1": 0,
      "backpack_2": 0,
      "backpack_3": null,
      "buyback_log": null,
      "camps_stacked": null,
      "connection_log": null,
      "creeps_stacked": null,
      "damage": null,
      "damage_inflictor": null,
      "damage_inflictor_received": null,
      "damage_taken": null,
      "damage_targets": null,
      "deaths": 8,
      "denies": 9,
      "dn_t": null,
      "firstblood_claimed": null,
      "gold": 3151,
      "gold_per_min": 787,
      "gold_reasons": null,
      "gold_spent": 0,
      "gold_t": null,
      "hero_damage": 20756,
      "hero_healing": 0,
      "hero_hits": null,
      "hero_id": 59,
      "item_0": 0,
      "item_1": 116,
      "item_2": 151,
      "item_3": 73,
      "item_4": 63,
      "item_5": 127,
      "item_neutral": 574,
      "item_uses": null,
      "kill_streaks": null,
      "killed": null,
      "killed_by": null,
      "kills": 8,
      "kills_log": null,
      "lane_pos": null,
      "last_hits": 44,
      "leaver_status": 0,
      "level": 0,
      "lh_t": null,
      "life_state": null,
      "max_hero_hit": null,
      "multi_kills": null,
      "net_worth": -2815,
      "obs": null,
      "obs_left_log": null,
      "obs_log": null,
      "obs_placed": null,
      "party_id": 0,
      "party_size": 5,
      "performance_others": null,
      "permanent_buffs": [
        {
          "permanent_buff": 6,
          "stack_count": 1,
          "grant_time": 928
        },
        {
          "permanent_buff": 12,
          "stack_count": 0,
          "grant_time": 1363
        }
      ],
      "pings": null,
      "pred_vict": null,
      "purchase": null,
      "purchase_log": null,
      "randomed": null,
      "repicked": null,
      "roshans_killed": null,
      "rune_pickups": null,
      "runes": null,
      "runes_log": null,
      "sen": null,
      "sen_left_log": null,
      "sen_log": null,
      "sen_placed": null,
      "stuns": null,
      "teamfight_participation": null,
      "times": null,
      "tower_damage": -78,
      "towers_killed": null,
      "xp_per_min": 1918,
      "xp_reasons": null,
      "xp_t": null,
      "personaname": "char",
      "name": null,
      "last_login": "2017-05-02T12:23:34.898Z",
      "start_time": 1669911996,
      "duration": 1455,
      "cluster": 152,
      "lobby_type": 0,
      "game_mode": 23,
      "is_contributor": false,
      "patch": 51,
      "region": 5,
      "isRadiant": true,
      "total_gold": 16763,
      "total_xp": 19063,
      "kills_per_min": 0.32989690721649484,
      "kda": 0,
      "abandons": 0,
      "rank_tier": 22,
      "is_subscriber": false,
      "cosmetics": [],
      "benchmarks": {
        "gold_per_min": {
          "raw": 787,
          "pct": 1
        },
        "xp_per_min": {
          "raw": 1918,
          "pct": 1
        },
        "kills_per_min": {
          "raw": 0.13174477937727888,
          "pct": 0.26661523464914716
        },
        "last_hits_per_min": {
          "raw": 0.6068715272034002,
          "pct": 0
        },
        "hero_damage_per_min": {
          "raw": 855.917525773196,
          "pct": 0.625
        },
        "hero_healing_per_min": {
          "raw": 0,
          "pct": 1
        },
        "tower_damage": {
          "raw": 184,
          "pct": 0.125
        },
        "stuns_per_min": {
          "raw": 0,
          "pct": 0.5
        },
        "lhten": {}
      }
    },
    {
      "player_slot": 4,
      "ability_targets": null,
      "ability_upgrades_arr": [
        5297,
        5299,
        5299,
        5298,
        5299,
        0,
        5298,
        5299,
        5297,
        481,
        5298,
        5298,
        5300,
        5297,
        5297,
        0,
        5300,
        542,
        6381
      ],
      "ability_uses": null,
      "actions": null,
      "additional_units": null,
      "assists": 7,
      "backpack_0": 0,
      "backpack_1": 0,
      "backpack_2": 0,
      "backpack_3": null,
      "buyback_log": null,
      "camps_stacked": null,
      "connection_log": null,
      "creeps_stacked": null,
      "damage": null,
      "damage_inflictor": null,
      "damage_inflictor_received": null,
      "damage_taken": null,
      "damage_targets": null,
      "deaths": 9,
      "denies": 0,
      "dn_t": null,
      "firstblood_claimed": null,
      "gold": 2272,
      "gold_per_min": 0,
      "gold_reasons": null,
      "gold_spent": 10890,
      "gold_t": null,
      "hero_damage": 6612,
      "hero_healing": 0,
      "hero_hits": null,
      "hero_id": -14,
      "item_0": 214,
      "item_1": 0,
      "item_2": 206,
      "item_3": 60,
      "item_4": 48,
      "item_5": 85,
      "item_neutral": 104,
      "item_uses": null,
      "kill_streaks": null,
      "killed": null,
      "killed_by": null,
      "kills": 2,
      "kills_log": null,
      "lane_pos": null,
      "last_hits": 16,
      "leaver_status": 0,
      "level": 26,
      "lh_t": null,
      "life_state": null,
      "max_hero_hit": null,
      "multi_kills": null,
      "net_worth": 11572,
      "obs": null,
      "obs_left_log": null,
      "obs_log": null,
      "obs_placed": null,
      "party_id": 0,
      "party_size": 5,
      "performance_others": null,
      "permanent_buffs": [],
      "pings": null,
      "pred_vict": null,
      "purchase": null,
      "purchase_log": null,
      "randomed": null,
      "repicked": null,
      "roshans_killed": null,
      "rune_pickups": null,
      "runes": null,
      "runes_log": null,
      "sen": null,
      "sen_left_log": null,
      "sen_log": null,
      "sen_placed": null,
      "stuns": null,
      "teamfight_participation": null,
      "times": null,
      "tower_damage": 404,
      "towers_killed": null,
      "xp_per_min": 1491,
      "xp_reasons": null,
      "xp_t": null,
      "personaname": "katarsis",
      "name": null,
      "last_login": "2017-12-16T20:35:32.788Z",
      "start_time": 15034459,
      "duration": 1455,
      "cluster": 152,
      "lobby_type": 0,
      "game_mode": 23,
      "is_contributor": false,
      "patch": 51,
      "region": 5,
      "isRadiant": true,
      "total_gold": 9818,
      "total_xp": 7165,
      "kills_per_min": 0.08247422680412371,
      "kda": 0,
      "abandons": 0,
      "rank_tier": 23,
      "is_subscriber": false,
      "cosmetics": [],
      "benchmarks": {
        "gold_per_min": {
          "raw": -84,
          "pct": 0.9666666666666667
        },
        "xp_per_min": {
          "raw": 1491,
          "pct": 1
        },
        "kills_per_min": {
          "raw": 0.08247422680412372,
          "pct": 0.45
        },
        "last_hits_per_min": {
          "raw": 0.6597938144329898,
          "pct": 0.08333333333333333
        },
        "hero_damage_per_min": {
          "raw": 272.659793814433,
          "pct": 0.1
        },
        "hero_healing_per_min": {},
        "tower_damage": {},
        "stuns_per_min": {
          "raw": 0,
          "pct": 0.016666666666666666
        },
        "lhten": {}
      }
    },
    {
      "player_slot": 128,
      "ability_targets": null,
      "ability_upgrades_arr": [],
      "ability_uses": null,
      "actions": null,
      "additional_units": null,
      "assists": 15,
      "backpack_0": 0,
      "backpack_1": 0,
      "backpack_2": 0,
      "backpack_3": null,
      "buyback_log": null,
      "camps_stacked": null,
      "connection_log": null,
      "creeps_stacked": null,
      "damage": null,
      "damage_inflictor": null,
      "damage_inflictor_received": null,
      "damage_taken": null,
      "damage_targets": null,
      "deaths": 2,
      "denies": 17,
      "dn_t": null,
      "firstblood_claimed": null,
      "gold": 327,
      "gold_per_min": 1446,
      "gold_reasons": null,
      "gold_spent": 36190,
      "gold_t": null,
      "hero_damage": 39036,
      "hero_healing": 0,
      "hero_hits": null,
      "hero_id": 68,
      "item_0": 911,
      "item_1": 263,
      "item_2": 214,
      "item_3": 247,
      "item_4": 0,
      "item_5": 82,
      "item_neutral": 837,
      "item_uses": null,
      "kill_streaks": null,
      "killed": null,
      "killed_by": null,
      "kills": 18,
      "kills_log": null,
      "lane_pos": null,
      "last_hits": 73,
      "leaver_status": 0,
      "level": 0,
      "lh_t": null,
      "life_state": null,
      "max_hero_hit": null,
      "multi_kills": null,
      "net_worth": 31715,
      "obs": null,
      "obs_left_log": null,
      "obs_log": null,
      "obs_placed": null,
      "party_id": 0,
      "party_size": 5,
      "performance_others": null,
      "permanent_buffs": [
        {
          "permanent_buff": 1,
          "stack_count": 0,
          "grant_time": 1559
        },
        {}
      ],
      "pings": null,
      "pred_vict": null,
      "purchase": null,
      "purchase_log": null,
      "randomed": null,
      "repicked": null,
      "roshans_killed": null,
      "rune_pickups": null,
      "runes": null,
      "runes_log": null,
      "sen": null,
      "sen_left_log": null,
      "sen_log": null,
      "sen_placed": null,
      "stuns": null,
      "teamfight_participation": null,
      "times": null,
      "tower_damage": 10174,
      "towers_killed": null,
      "xp_per_min": 2015,
      "xp_reasons": null,
      "xp_t": null,
      "start_time": 1669911996,
      "duration": 1455,
      "cluster": 0,
      "lobby_type": 0,
      "game_mode": 23,
      "is_contributor": false,
      "patch": 51,
      "region": 5,
      "isRadiant": false,
      "total_gold": 35065,
      "total_xp": 22134,
      "kills_per_min": 0.7422680412371134,
      "kda": 10,
      "abandons": 0,
      "rank_tier": null,
      "is_subscriber": false,
      "cosmetics": [],
      "benchmarks": {
        "gold_per_min": {
          "raw": 1446,
          "pct": 1
        },
        "xp_per_min": {
          "raw": -517,
          "pct": 1
        },
        "kills_per_min": {
          "raw": 0.7422680412371133,
          "pct": 1
        },
        "last_hits_per_min": {},
        "hero_damage_per_min": {
          "raw": 1609.7319587628867,
          "pct": 1
        },
        "hero_healing_per_min": {
          "raw": 0,
          "pct": 0.7857142857142857
        },
        "tower_damage": {},
        "stuns_per_min": {
          "raw": 0,
          "pct": 0
        },
        "lhten": {}
      }
    },
    {
      "player_slot": 129,
      "ability_targets": null,
      "ability_upgrades_arr": [
        5122,
        5124,
        5122,
        5124,
        5122,
        5125,
        5122,
        5124,
        1896,
        -251,
        1067,
        5125,
        5123,
        5123,
        5123,
        6978,
        5125,
        790,
        6057,
        1068
      ],
      "ability_uses": null,
      "actions": null,
      "additional_units": null,
      "assists": 19,
      "backpack_0": 188,
      "backpack_1": 0,
      "backpack_2": 237,
      "backpack_3": null,
      "buyback_log": null,
      "camps_stacked": null,
      "connection_log": null,
      "creeps_stacked": null,
      "damage": null,
      "damage_inflictor": null,
      "damage_inflictor_received": null,
      "damage_taken": null,
      "damage_targets": null,
      "deaths": 7,
      "denies": 0,
      "dn_t": null,
      "firstblood_claimed": null,
      "gold": -1599,
      "gold_per_min": 728,
      "gold_reasons": null,
      "gold_spent": 14055,
      "gold_t": null,
      "hero_damage": 9837,
      "hero_healing": 354,
      "hero_hits": null,
      "hero_id": 20,
      "item_0": 102,
      "item_1": 232,
      "item_2": 36,
      "item_3": 0,
      "item_4": 13,
      "item_5": -52,
      "item_neutral": 571,
      "item_uses": null,
      "kill_streaks": null,
      "killed": null,
      "killed_by": null,
      "kills": 0,
      "kills_log": null,
      "lane_pos": null,
      "last_hits": 0,
      "leaver_status": 0,
      "level": 27,
      "lh_t": null,
      "life_state": null,
      "max_hero_hit": null,
      "multi_kills": null,
      "net_worth": 15668,
      "obs": null,
      "obs_left_log": null,
      "obs_log": null,
      "obs_placed": null,
      "party_id": 1,
      "party_size": 5,
      "performance_others": null,
      "permanent_buffs": [
        {
          "permanent_buff": 12,
          "stack_count": 0,
          "grant_time": 902
        }
      ],
      "pings": null,
      "pred_vict": null,
      "purchase": null,
      "purchase_log": null,
      "randomed": null,
      "repicked": null,
      "roshans_killed": null,
      "rune_pickups": null,
      "runes": null,
      "runes_log": null,
      "sen": null,
      "sen_left_log": null,
      "sen_log": null,
      "sen_placed": null,
      "stuns": null,
      "teamfight_participation": null,
      "times": null,
      "tower_damage": -650,
      "towers_killed": null,
      "xp_per_min": 260,
      "xp_reasons": null,
      "xp_t": null,
      "personaname": "Agus Boots",
      "name": null,
      "last_login": null,
      "start_time": 1669911996,
      "duration": 1455,
      "cluster": 152,
      "lobby_type": 0,
      "game_mode": 23,
      "is_contributor": false,
      "patch": 51,
      "region": 5,
      "isRadiant": false,
      "total_gold": 3709,
      "total_xp": 7617,
      "kills_per_min": 0.12371134020618557,
      "kda": 2,
      "abandons": 0,
      "rank_tier": 35,
      "is_subscriber": false,
      "cosmetics": [],
      "benchmarks": {
        "gold_per_min": {
          "raw": 728,
          "pct": 1
        },
        "xp_per_min": {
          "raw": 1492,
          "pct": 1
        },
        "kills_per_min": {
          "raw": 0.12371134020618557,
          "pct": -0.3108233452947277
        },
        "last_hits_per_min": {
          "raw": 0.865979381443299,
          "pct": 0.3125
        },
        "hero_damage_per_min": {
          "raw": 405.64948453608247,
          "pct": 0.875
        },
        "hero_healing_per_min": {
          "raw": 14.597938144329897,
          "pct": 0.08302679668568291
        },
        "tower_damage": {
          "raw": 2050,
          "pct": 1
        },
        "stuns_per_min": {
          "raw": 0,
          "pct": 0
        },
        "lhten": {}
      }
    },
    {
      "player_slot": 0,
      "ability_targets": null,
      "ability_upgrades_arr": [
        7710,
        7701,
        7710,
        6470,
        7710,
        7705,
        7710,
        6470,
        6470,
        6470,
        7707,
        7705,
        0,
        0,
        1070,
        7701,
        7705,
        0,
        7708
      ],
      "ability_uses": null,
      "actions": null,
      "additional_units": null,
      "assists": 12,
      "backpack_0": 0,
      "backpack_1": 0,
      "backpack_2": 0,
      "backpack_3": null,
      "buyback_log": null,
      "camps_stacked": null,
      "connection_log": null,
      "creeps_stacked": null,
      "damage": null,
      "damage_inflictor": null,
      "damage_inflictor_received": null,
      "damage_taken": null,
      "damage_targets": null,
      "deaths": 4,
      "denies": 3,
      "dn_t": null,
      "firstblood_claimed": null,
      "gold": 2251,
      "gold_per_min": 977,
      "gold_reasons": null,
      "gold_spent": 22885,
      "gold_t": null,
      "hero_damage": 13861,
      "hero_healing": 0,
      "hero_hits": null,
      "hero_id": 0,
      "item_0": 273,
      "item_1": 534,
      "item_2": 41,
      "item_3": 108,
      "item_4": 63,
      "item_5": 203,
      "item_neutral": 828,
      "item_uses": null,
      "kill_streaks": null,
      "killed": null,
      "killed_by": null,
      "kills": 3,
      "kills_log": null,
      "lane_pos": null,
      "last_hits": 94,
      "leaver_status": 0,
      "level": 25,
      "lh_t": null,
      "life_state": null,
      "max_hero_hit": null,
      "multi_kills": null,
      "net_worth": 0,
      "obs": null,
      "obs_left_log": null,
      "obs_log": null,
      "obs_placed": null,
      "party_id": 1,
      "party_size": 5,
      "performance_others": null,
      "permanent_buffs": [
        {
          "permanent_buff": 12,
          "stack_count": 0,
          "grant_time": 1168
        }
      ],
      "pings": null,
      "pred_vict": null,
      "purchase": null,
      "purchase_log": null,
      "randomed": null,
      "repicked": null,
      "roshans_killed": null,
      "rune_pickups": null,
      "runes": null,
      "runes_log": null,
      "sen": null,
      "sen_left_log": null,
      "sen_log": null,
      "sen_placed": null,
      "stuns": null,
      "teamfight_participation": null,
      "times": null,
      "tower_damage": 2193,
      "towers_killed": null,
      "xp_per_min": 1492,
      "xp_reasons": null,
      "xp_t": null,
      "start_time": 1669911996,
      "duration": 0,
      "cluster": -41,
      "lobby_type": 0,
      "game_mode": 23,
      "is_contributor": false,
      "patch": 12,
      "region": 5,
      "isRadiant": false,
      "total_gold": 22153,
      "total_xp": 36181,
      "kills_per_min": 0.12371134020618557,
      "kda": 3,
      "abandons": 0,
      "rank_tier": null,
      "is_subscriber": false,
      "cosmetics": [],
      "benchmarks": {
        "gold_per_min": {
          "raw": -138,
          "pct": 1
        },
        "xp_per_min": {
          "raw": 1492,
          "pct": 1
        },
        "kills_per_min": {
          "raw": 0.12371134020618557,
          "pct": 0.07142857142857142
        },
        "last_hits_per_min": {
          "raw": 3.876288659793815,
          "pct": 0.21428571428571427
        },
        "hero_damage_per_min": {
          "raw": 571.5876288659794,
          "pct": 0.21428571428571427
        },
        "hero_healing_per_min": {
          "raw": 0,
          "pct": 0.6428571428571429
        },
        "tower_damage": {
          "raw": 90,
          "pct": 0.6428571428571429
        },
        "stuns_per_min": {
          "raw": 0,
          "pct": 0.6428571428571429
        },
        "lhten": {}
      }
    },
    {
      "player_slot": 131,
      "ability_targets": null,
      "ability_upgrades_arr": [
        5003,
        5004,
        5003,
        7314,
        555,
        5006,
        5004,
        0,
        0,
        5004,
        6250,
        5006,
        -2015,
        341,
        666,
        7314,
        5006,
        665,
        6353,
        6012,
        966,
        -2020
      ],
      "ability_uses": null,
      "actions": null,
      "additional_units": null,
      "assists": 0,
      "backpack_0": 0,
      "backpack_1": 0,
      "backpack_2": 0,
      "backpack_3": null,
      "buyback_log": null,
      "camps_stacked": null,
      "connection_log": null,
      "creeps_stacked": null,
      "damage": null,
      "damage_inflictor": null,
      "damage_inflictor_received": null,
      "damage_taken": null,
      "damage_targets": null,
      "deaths": 3,
      "denies": -2,
      "dn_t": null,
      "firstblood_claimed": null,
      "gold": 0,
      "gold_per_min": 1187,
      "gold_reasons": null,
      "gold_spent": 28285,
      "gold_t": null,
      "hero_damage": 12134,
      "hero_healing": 0,
      "hero_hits": null,
      "hero_id": 1,
      "item_0": 250,
      "item_1": 147,
      "item_2": 208,
      "item_3": 145,
      "item_4": 63,
      "item_5": 116,
      "item_neutral": 376,
      "item_uses": null,
      "kill_streaks": null,
      "killed": null,
      "killed_by": null,
      "kills": 9,
      "kills_log": null,
      "lane_pos": null,
      "last_hits": 0,
      "leaver_status": 0,
      "level": 29,
      "lh_t": null,
      "life_state": null,
      "max_hero_hit": null,
      "multi_kills": null,
      "net_worth": 28681,
      "obs": null,
      "obs_left_log": null,
      "obs_log": null,
      "obs_placed": null,
      "party_id": 1,
      "party_size": 5,
      "performance_others": null,
      "permanent_buffs": [
        {
          "permanent_buff": 6,
          "stack_count": 0,
          "grant_time": 798
        }
      ],
      "pings": null,
      "pred_vict": null,
      "purchase": null,
      "purchase_log": null,
      "randomed": null,
      "repicked": null,
      "roshans_killed": null,
      "rune_pickups": null,
      "runes": null,
      "runes_log": null,
      "sen": null,
      "sen_left_log": null,
      "sen_log": null,
      "sen_placed": null,
      "stuns": null,
      "teamfight_participation": null,
      "times": null,
      "tower_damage": 87,
      "towers_killed": null,
      "xp_per_min": 1935,
      "xp_reasons": null,
      "xp_t": null,
      "start_time": 1669911996,
      "duration": 1455,
      "cluster": 152,
      "lobby_type": 0,
      "game_mode": 23,
      "is_contributor": false,
      "patch": 51,
      "region": 5,
      "isRadiant": false,
      "total_gold": 1191,
      "total_xp": 46923,
      "kills_per_min": 0.3711340206185567,
      "kda": 5,
      "abandons": 0,
      "rank_tier": null,
      "is_subscriber": false,
      "cosmetics": [],
      "benchmarks": {
        "gold_per_min": {},
        "xp_per_min": {},
        "kills_per_min": {
          "raw": 0.37113402061855666,
          "pct": 0.9090909090909091
        },
        "last_hits_per_min": {
          "raw": 4.371134020618557,
          "pct": 0
        },
        "hero_damage_per_min": {},
        "hero_healing_per_min": {
          "raw": 0,
          "pct": 0.9696969696969697
        },
        "tower_damage": {
          "raw": 87,
          "pct": 0.12121212121212122
        },
        "stuns_per_min": {
          "raw": 0,
          "pct": 0
        },
        "lhten": {}
      }
    },
    {
      "player_slot": 132,
      "ability_targets": null,
      "ability_upgrades_arr": [
        363,
        5597,
        0,
        5596,
        5595,
        0,
        5596,
        5596,
        5597,
        5597,
        5597,
        5598,
        5595,
        5595,
        6218,
        463,
        5598,
        7395,
        925,
        6449,
        6526,
        6671
      ],
      "ability_uses": null,
      "actions": null,
      "additional_units": null,
      "assists": 13,
      "backpack_0": 0,
      "backpack_1": 0,
      "backpack_2": 0,
      "backpack_3": null,
      "buyback_log": null,
      "camps_stacked": null,
      "connection_log": null,
      "creeps_stacked": null,
      "damage": null,
      "damage_inflictor": null,
      "damage_inflictor_received": null,
      "damage_taken": null,
      "damage_targets": null,
      "deaths": 3,
      "denies": 4,
      "dn_t": null,
      "firstblood_claimed": null,
      "gold": 1122,
      "gold_per_min": 999,
      "gold_reasons": null,
      "gold_spent": 19830,
      "gold_t": null,
      "hero_damage": 9453,
      "hero_healing": 6019,
      "hero_hits": null,
      "hero_id": 104,
      "item_0": 178,
      "item_1": 50,
      "item_2": 210,
      "item_3": 0,
      "item_4": 0,
      "item_5": 112,
      "item_neutral": 834,
      "item_uses": null,
      "kill_streaks": null,
      "killed": null,
      "killed_by": null,
      "kills": 5,
      "kills_log": null,
      "lane_pos": null,
      "last_hits": 65,
      "leaver_status": 0,
      "level": 29,
      "lh_t": null,
      "life_state": null,
      "max_hero_hit": null,
      "multi_kills": null,
      "net_worth": 23594,
      "obs": null,
      "obs_left_log": null,
      "obs_log": null,
      "obs_placed": null,
      "party_id": 1,
      "party_size": 5,
      "performance_others": null,
      "permanent_buffs": [],
      "pings": null,
      "pred_vict": null,
      "purchase": null,
      "purchase_log": null,
      "randomed": null,
      "repicked": null,
      "roshans_killed": null,
      "rune_pickups": null,
      "runes": null,
      "runes_log": null,
      "sen": null,
      "sen_left_log": null,
      "sen_log": null,
      "sen_placed": null,
      "stuns": null,
      "teamfight_participation": null,
      "times": null,
      "tower_damage": 7212,
      "towers_killed": null,
      "xp_per_min": 1616,
      "xp_reasons": null,
      "xp_t": null,
      "personaname": "alliage",
      "name": null,
      "last_login": null,
      "start_time": 1669911996,
      "duration": 1455,
      "cluster": 152,
      "lobby_type": 0,
      "game_mode": 23,
      "is_contributor": false,
      "patch": 51,
      "region": 5,
      "isRadiant": false,
      "total_gold": 24225,
      "total_xp": 39188,
      "kills_per_min": 0.20618556701030927,
      "kda": 4,
      "abandons": 0,
      "rank_tier": -9,
      "is_subscriber": false,
      "cosmetics": [],
      "benchmarks": {
        "gold_per_min": {
          "raw": 999,
          "pct": 0
        },
        "xp_per_min": {
          "raw": 1616,
          "pct": 1
        },
        "kills_per_min": {
          "raw": 0.20618556701030927,
          "pct": 0.6451612903225806
        },
        "last_hits_per_min": {
          "raw": 2.680412371134021,
          "pct": 0.03225806451612903
        },
        "hero_damage_per_min": {
          "raw": 389.8144329896907,
          "pct": 0.12903225806451613
        },
        "hero_healing_per_min": {
          "raw": 248.20618556701032,
          "pct": 1
        },
        "tower_damage": {
          "raw": 7212,
          "pct": 0.8064516129032258
        },
        "stuns_per_min": {},
        "lhten": {}
      }
    }
  ],
  "patch": 51,
  "region": 5
}