{
  "chat": null,
  "cluster": 152,
  "cosmetics": null,
  "dire_score": 29,
  "dire_team_id": null,
  "draft_timings": null,
  "duration": 99,
  "engine": 1,
  "first_blood_time": 77,
  "game_mode": 23,
  "human_players": 10,
  "leagueid": 0,
  "lobby_type": 0,
  "match_seq_num": 5780330699,
  "negative_votes": 0,
  "objectives": null,
  "picks_bans": null,
  "positive_votes": 0,
  "radiant_gold_adv": null,
  "radiant_score": 0,
  "radiant_team_id": null,
  "radiant_xp_adv": null,
  "skill": null,
  "start_time": 1669911736,
  "teamfights": null,
  "version": null,
  "replay_salt": 1761267473,
  "series_id": 0,
  "series_type": 0,
  "players": [
    {
      "player_slot": 0,
      "ability_targets": null,
      "ability_upgrades_arr": [
        5442,
        5444,
        5442,
        5443,
        5442,
        -1582,
        5444,
        5442,
        5444,
        5444,
        -2387,
        807,
        5443,
        -617,
        6155,
        5443,
        5447,
        6546
      ],
      "ability_uses": null,
      "actions": null,
      "additional_units": null,
      "assists": 10,
      "backpack_0": 0,
      "backpack_1": 0,
      "backpack_2": 0,
      "backpack_3": null,
      "buyback_log": null,
      "camps_stacked": null,
      "connection_log": null,
      "creeps_stacked": null,
      "damage": null,
      "damage_inflictor": null,
      "damage_inflictor_received": null,
      "damage_taken": null,
      "damage_targets": null,
      "deaths": 4,
      "denies": 1,
      "dn_t": null,
      "firstblood_claimed": null,
      "gold": 444,
      "gold_per_min": 0,
      "gold_reasons": null,
      "gold_spent": 16040,
      "gold_t": null,
      "hero_damage": 2255,
      "hero_healing": 1575,
      "hero_hits": null,
      "hero_id": -38,
      "item_0": 226,
      "item_1": 40,
      "item_2": 232,
      "item_3": 9,
      "item_4": 58,
      "item_5": 231,
      "item_neutral": 571,
      "item_uses": null,
      "kill_streaks": null,
      "killed": null,
      "killed_by": null,
      "kills": 2,
      "kills_log": null,
      "lane_pos": null,
      "last_hits": 23,
      "leaver_status": 0,
      "level": 24,
      "lh_t": null,
      "life_state": null,
      "max_hero_hit": null,
      "multi_kills": null,
      "net_worth": 15999,
      "obs": null,
      "obs_left_log": null,
      "obs_log": null,
      "obs_placed": null,
      "party_id": 0,
      "party_size": 4,
      "performance_others": null,
      "permanent_buffs": [],
      "pings": null,
      "pred_vict": null,
      "purchase": null,
      "purchase_log": null,
      "randomed": null,
      "repicked": null,
      "roshans_killed": null,
      "rune_pickups": null,
      "runes": null,
      "runes_log": null,
      "sen": null,
      "sen_left_log": null,
      "sen_log": null,
      "sen_placed": null,
      "stuns": null,
      "teamfight_participation": null,
      "times": null,
      "tower_damage": 0,
      "towers_killed": null,
      "xp_per_min": 1324,
      "xp_reasons": null,
      "xp_t": null,
      "start_time": 1669911736,
      "duration": 0,
      "cluster": 0,
      "lobby_type": 0,
      "game_mode": 23,
      "is_contributor": false,
      "patch": 51,
      "region": 5,
      "isRadiant": true,
      "total_gold": 15871,
      "total_xp": 16388,
      "kills_per_min": 0.07736943907156672,
      "kda": 2,
      "abandons": 0,
      "rank_tier": null,
      "is_subscriber": false,
      "cosmetics": [],
      "benchmarks": {
        "gold_per_min": {
          "raw": 614,
          "pct": 0
        },
        "xp_per_min": {
          "raw": 1324,
          "pct": 1
        },
        "kills_per_min": {
          "raw": 0.0019218057733821163,
          "pct": 0.4666666666666667
        },
        "last_hits_per_min": {
          "raw": 0.8897485493230175,
          "pct": 0.25
        },
        "hero_damage_per_min": {
          "raw": 206.963249516441,
          "pct": 0.3333333333333333
        },
        "hero_healing_per_min": {
          "raw": 60.9284332688588,
          "pct": 0.31666666666666665
        },
        "tower_damage": {
          "raw": 0,
          "pct": 0.2
        },
        "stuns_per_min": {
          "raw": 0,
          "pct": 0.85
        },
        "lhten": {}
      }
    },
    {
      "player_slot": 1,
      "ability_targets": null,
      "ability_upgrades_arr": [
        5158,
        5159,
        5158,
        5159,
        5158,
        5161,
        5158,
        -75,
        5159,
        -1524,
        5160,
        5161,
        820,
        0,
        5160,
        7111,
        1127,
        350,
        6703,
        1049,
        7110,
        1050
      ],
      "ability_uses": null,
      "actions": null,
      "additional_units": null,
      "assists": 9,
      "backpack_0": 41,
      "backpack_1": 36,
      "backpack_2": 0,
      "backpack_3": null,
      "buyback_log": null,
      "camps_stacked": null,
      "connection_log": null,
      "creeps_stacked": null,
      "damage": null,
      "damage_inflictor": null,
      "damage_inflictor_received": null,
      "damage_taken": null,
      "damage_targets": null,
      "deaths": 3,
      "denies": 3,
      "dn_t": null,
      "firstblood_claimed": null,
      "gold": 4323,
      "gold_per_min": 1169,
      "gold_reasons": null,
      "gold_spent": 26735,
      "gold_t": null,
      "hero_damage": 35254,
      "hero_healing": 8985,
      "hero_hits": null,
      "hero_id": 36,
      "item_0": 273,
      "item_1": 692,
      "item_2": 610,
      "item_3": 1,
      "item_4": 137,
      "item_5": 180,
      "item_neutral": 300,
      "item_uses": null,
      "kill_streaks": null,
      "killed": null,
      "killed_by": null,
      "kills": 14,
      "kills_log": null,
      "lane_pos": null,
      "last_hits": 103,
      "leaver_status": 0,
      "level": -4,
      "lh_t": null,
      "life_state": null,
      "max_hero_hit": null,
      "multi_kills": null,
      "net_worth": 29773,
      "obs": null,
      "obs_left_log": null,
      "obs_log": null,
      "obs_placed": null,
      "party_id": 0,
      "party_size": 0,
      "performance_others": null,
      "permanent_buffs": [
        {
          "permanent_buff": 12,
          "stack_count": 0,
          "grant_time": 1132
        },
        {
          "permanent_buff": 0,
          "stack_count": 4,
          "grant_time": 384
        }
      ],
      "pings": null,
      "pred_vict": null,
      "purchase": null,
      "purchase_log": null,
      "randomed": null,
      "repicked": null,
      "roshans_killed": null,
      "rune_pickups": null,
      "runes": null,
      "runes_log": null,
      "sen": null,
      "sen_left_log": null,
      "sen_log": null,
      "sen_placed": null,
      "stuns": null,
      "teamfight_participation": null,
      "times": null,
      "tower_damage": 2122,
      "towers_killed": null,
      "xp_per_min": 1923,
      "xp_reasons": null,
      "xp_t": null,
      "personaname": "Ranael",
      "name": null,
      "last_login": null,
      "start_time": 1669911736,
      "duration": 1551,
      "cluster": 0,
      "lobby_type": 0,
      "game_mode": 23,
      "is_contributor": false,
      "patch": 51,
      "region": 5,
      "isRadiant": true,
      "total_gold": 10456,
      "total_xp": 49709,
      "kills_per_min": 0.5415860735009671,
      "kda": 5,
      "abandons": 0,
      "rank_tier": 45,
      "is_subscriber": false,
      "cosmetics": [],
      "benchmarks": {
        "gold_per_min": {},
        "xp_per_min": {
          "raw": 1923,
          "pct": 1
        },
        "kills_per_min": {
          "raw": 0.5415860735009671,
          "pct": 0
        },
        "last_hits_per_min": {
          "raw": 3.984526112185687,
          "pct": 0.11538461538461539
        },
        "hero_damage_per_min": {
          "raw": 1363.7911025145067,
          "pct": 0.9615384615384616
        },
        "hero_healing_per_min": {
          "raw": 347.5822050290135,
          "pct": 1
        },
        "tower_damage": {
          "raw": 2122,
          "pct": 0.7307692307692307
        },
        "stuns_per_min": {
          "raw": 0,
          "pct": 0
        },
        "lhten": {}
      }
    },
    {
      "player_slot": 2,
      "ability_targets": null,
      "ability_upgrades_arr": [
        5003,
        7314,
        5003,
        5004,
        5003,
        5006,
        1789,
        7314,
        5004,
        5004,
        5004,
        5006,
        6012,
        7314,
        7314,
        966,
        5006,
        6606,
        6353,
        6250,
        -54
      ],
      "ability_uses": null,
      "actions": null,
      "additional_units": null,
      "assists": 11,
      "backpack_0": 0,
      "backpack_1": 0,
      "backpack_2": 0,
      "backpack_3": null,
      "buyback_log": null,
      "camps_stacked": null,
      "connection_log": null,
      "creeps_stacked": null,
      "damage": null,
      "damage_inflictor": null,
      "damage_inflictor_received": null,
      "damage_taken": null,
      "damage_targets": null,
      "deaths": 0,
      "denies": 6,
      "dn_t": null,
      "firstblood_claimed": null,
      "gold": 5292,
      "gold_per_min": 1301,
      "gold_reasons": null,
      "gold_spent": 29115,
      "gold_t": null,
      "hero_damage": 19627,
      "hero_healing": 0,
      "hero_hits": null,
      "hero_id": 1,
      "item_0": 145,
      "item_1": 75,
      "item_2": 63,
      "item_3": 147,
      "item_4": 208,
      "item_5": 116,
      "item_neutral": 0,
      "item_uses": null,
      "kill_streaks": null,
      "killed": null,
      "killed_by": null,
      "kills": 5,
      "kills_log": null,
      "lane_pos": null,
      "last_hits": 205,
      "leaver_status": 0,
      "level": 9,
      "lh_t": null,
      "life_state": null,
      "max_hero_hit": null,
      "multi_kills": null,
      "net_worth": 33597,
      "obs": null,
      "obs_left_log": null,
      "obs_log": null,
      "obs_placed": null,
      "party_id": 0,
      "party_size": 4,
      "performance_others": null,
      "permanent_buffs": [
        {
          "permanent_buff": 0,
          "stack_count": 0,
          "grant_time": 0
        },
        {
          "permanent_buff": 12,
          "stack_count": 0,
          "grant_time": 1215
        }
      ],
      "pings": null,
      "pred_vict": null,
      "purchase": null,
      "purchase_log": null,
      "randomed": null,
      "repicked": null,
      "roshans_killed": null,
      "rune_pickups": null,
      "runes": null,
      "runes_log": null,
      "sen": null,
      "sen_left_log": null,
      "sen_log": null,
      "sen_placed": null,
      "stuns": null,
      "teamfight_participation": null,
      "times": null,
      "tower_damage": 10545,
      "towers_killed": null,
      "xp_per_min": 1733,
      "xp_reasons": null,
      "xp_t": null,
      "personaname": "Skeletons",
      "name": null,
      "last_login": null,
      "start_time": 1669911736,
      "duration": 1551,
      "cluster": -30,
      "lobby_type": 0,
      "game_mode": 23,
      "is_contributor": false,
      "patch": 51,
      "region": 5,
      "isRadiant": true,
      "total_gold": 2447,
      "total_xp": 6687,
      "kills_per_min": 0.19342359767891681,
      "kda": 3,
      "abandons": 0,
      "rank_tier": 24,
      "is_subscriber": false,
      "cosmetics": [],
      "benchmarks": {
        "gold_per_min": {
          "raw": 1301,
          "pct": 1
        },
        "xp_per_min": {
          "raw": 1733,
          "pct": 1
        },
        "kills_per_min": {
          "raw": 0.19342359767891681,
          "pct": 0.45454545454545453
        },
        "last_hits_per_min": {
          "raw": 7.930367504835589,
          "pct": 0.2727272727272727
        },
        "hero_damage_per_min": {
          "raw": 759.2649903288202,
          "pct": 0.8484848484848485
        },
        "hero_healing_per_min": {},
        "tower_damage": {
          "raw": 10545,
          "pct": 0.7272727272727273
        },
        "stuns_per_min": {},
        "lhten": {}
      }
    },
    {
      "player_slot": 3,
      "ability_targets": null,
      "ability_upgrades_arr": [
        5080,
        5078,
        5079,
        5080,
        5080,
        5081,
        5080,
        5079,
        5079,
        6877,
        5079,
        5081,
        5078,
        5078,
        5078,
        793,
        5081,
        6052
      ],
      "ability_uses": null,
      "actions": null,
      "additional_units": null,
      "assists": 14,
      "backpack_0": 188,
      "backpack_1": 0,
      "backpack_2": 0,
      "backpack_3": null,
      "buyback_log": null,
      "camps_stacked": null,
      "connection_log": null,
      "creeps_stacked": null,
      "damage": null,
      "damage_inflictor": null,
      "damage_inflictor_received": null,
      "damage_taken": null,
      "damage_targets": null,
      "deaths": 8,
      "denies": 0,
      "dn_t": null,
      "firstblood_claimed": null,
      "gold": 1584,
      "gold_per_min": -168,
      "gold_reasons": null,
      "gold_spent": 1241,
      "gold_t": null,
      "hero_damage": 13094,
      "hero_healing": 0,
      "hero_hits": null,
      "hero_id": 27,
      "item_0": 1,
      "item_1": 102,
      "item_2": 218,
      "item_3": 29,
      "item_4": 110,
      "item_5": 232,
      "item_neutral": 336,
      "item_uses": null,
      "kill_streaks": null,
      "killed": null,
      "killed_by": null,
      "kills": 1,
      "kills_log": null,
      "lane_pos": null,
      "last_hits": 49,
      "leaver_status": 0,
      "level": 24,
      "lh_t": null,
      "life_state": null,
      "max_hero_hit": null,
      "multi_kills": null,
      "net_worth": 15609,
      "obs": null,
      "obs_left_log": null,
      "obs_log": null,
      "obs_placed": null,
      "party_id": 0,
      "party_size": 4,
      "performance_others": null,
      "permanent_buffs": [
        {
          "permanent_buff": 6,
          "stack_count": 2,
          "grant_time": -132
        },
        {}
      ],
      "pings": null,
      "pred_vict": null,
      "purchase": null,
      "purchase_log": null,
      "randomed": null,
      "repicked": null,
      "roshans_killed": null,
      "rune_pickups": null,
      "runes": null,
      "runes_log": null,
      "sen": null,
      "sen_left_log": null,
      "sen_log": null,
      "sen_placed": null,
      "stuns": null,
      "teamfight_participation": null,
      "times": null,
      "tower_damage": 88,
      "towers_killed": null,
      "xp_per_min": 1318,
      "xp_reasons": null,
      "xp_t": null,
      "personaname": "Thruft",
      "name": null,
      "last_login": null,
      "start_time": 1669911736,
      "duration": 1551,
      "cluster": 152,
      "lobby_type": 0,
      "game_mode": -6,
      "is_contributor": false,
      "patch": 51,
      "region": 5,
      "isRadiant": true,
      "total_gold": 17707,
      "total_xp": 32718,
      "kills_per_min": 0.03868471953578336,
      "kda": 1,
      "abandons": 0,
      "rank_tier": 53,
      "is_subscriber": false,
      "cosmetics": [],
      "benchmarks": {
        "gold_per_min": {
          "raw": 685,
          "pct": 1
        },
        "xp_per_min": {
          "raw": -524,
          "pct": 1
        },
        "kills_per_min": {
          "raw": 0.03868471953578337,
          "pct": 0.1111111111111111
        },
        "last_hits_per_min": {
          "raw": 1.8955512572533848,
          "pct": 0.5555555555555556
        },
        "hero_damage_per_min": {
          "raw": 506.5377176015474,
          "pct": 0.9444444444444444
        },
        "hero_healing_per_min": {
          "raw": 0,
          "pct": 0.7777777777777778
        },
        "tower_damage": {
          "raw": 88,
          "pct": 0.1111111111111111
        },
        "stuns_per_min": {
          "raw": 0,
          "pct": 0
        },
        "lhten": {}
      }
    },
    {
      "player_slot": 0,
      "ability_targets": null,
      "ability_upgrades_arr": [
        5549,
        5550,
        5549,
        5550,
        5550,
        5551,
        5550,
        5549,
        0,
        5548,
        5548,
        5551,
        5548,
        5548,
        437,
        5938,
        5551,
        0,
        0,
        1079,
        7132,
        6079,
        6615
      ],
      "ability_uses": null,
      "actions": null,
      "additional_units": null,
      "assists": 14,
      "backpack_0": 0,
      "backpack_1": 0,
      "backpack_2": 0,
      "backpack_3": null,
      "buyback_log": null,
      "camps_stacked": null,
      "connection_log": null,
      "creeps_stacked": null,
      "damage": null,
      "damage_inflictor": null,
      "damage_inflictor_received": null,
      "damage_taken": null,
      "damage_targets": null,
      "deaths": 11,
      "denies": 5,
      "dn_t": null,
      "firstblood_claimed": null,
      "gold": 2666,
      "gold_per_min": 1119,
      "gold_reasons": null,
      "gold_spent": 0,
      "gold_t": null,
      "hero_damage": 32081,
      "hero_healing": 0,
      "hero_hits": null,
      "hero_id": 99,
      "item_0": 127,
      "item_1": 692,
      "item_2": 121,
      "item_3": 50,
      "item_4": 129,
      "item_5": 23,
      "item_neutral": 289,
      "item_uses": null,
      "kill_streaks": null,
      "killed": null,
      "killed_by": null,
      "kills": 5,
      "kills_log": null,
      "lane_pos": null,
      "last_hits": -13,
      "leaver_status": 0,
      "level": 30,
      "lh_t": null,
      "life_state": null,
      "max_hero_hit": null,
      "multi_kills": null,
      "net_worth": 29366,
      "obs": null,
      "obs_left_log": null,
      "obs_log": null,
      "obs_placed": null,
      "party_id": 1,
      "party_size": 0,
      "performance_others": null,
      "permanent_buffs": [
        {
          "permanent_buff": 2,
          "stack_count": 0,
          "grant_time": 1620
        },
        {}
      ],
      "pings": null,
      "pred_vict": null,
      "purchase": null,
      "purchase_log": null,
      "randomed": null,
      "repicked": null,
      "roshans_killed": null,
      "rune_pickups": null,
      "runes": null,
      "runes_log": null,
      "sen": null,
      "sen_left_log": null,
      "sen_log": null,
      "sen_placed": null,
      "stuns": null,
      "teamfight_participation": null,
      "times": null,
      "tower_damage": 4494,
      "towers_killed": null,
      "xp_per_min": 1648,
      "xp_reasons": null,
      "xp_t": null,
      "personaname": "Mikon!",
      "name": null,
      "last_login": "2022-03-16T09:47:26.858Z",
      "start_time": 1669911736,
      "duration": 1551,
      "cluster": 152,
      "lobby_type": 0,
      "game_mode": 23,
      "is_contributor": false,
      "patch": 51,
      "region": 5,
      "isRadiant": true,
      "total_gold": 26259,
      "total_xp": 42600,
      "kills_per_min": 0.19342359767891681,
      "kda": 0,
      "abandons": 0,
      "rank_tier": 41,
      "is_subscriber": false,
      "cosmetics": [],
      "benchmarks": {
        "gold_per_min": {
          "raw": 1119,
          "pct": 1
        },
        "xp_per_min": {
          "raw": 0,
          "pct": 1
        },
        "kills_per_min": {
          "raw": 0.19342359767891681,
          "pct": 0.22468992842461036
        },
        "last_hits_per_min": {
          "raw": -1.001763851160874,
          "pct": 0.2857142857142857
        },
        "hero_damage_per_min": {
          "raw": 1241.044487427466,
          "pct": 1
        },
        "hero_healing_per_min": {
          "raw": 0,
          "pct": 0
        },
        "tower_damage": {
          "raw": 4494,
          "pct": 0.8571428571428571
        },
        "stuns_per_min": {},
        "lhten": {}
      }
    },
    {
      "player_slot": 0,
      "ability_targets": null,
      "ability_upgrades_arr": [
        6480,
        2316,
        6480,
        6483,
        6480,
        6482,
        6480,
        6483,
        6483,
        384,
        1167,
        6482,
        1099,
        6488,
        6488,
        6487,
        6482,
        382,
        500
      ],
      "ability_uses": null,
      "actions": null,
      "additional_units": null,
      "assists": 15,
      "backpack_0": 188,
      "backpack_1": 0,
      "backpack_2": 0,
      "backpack_3": null,
      "buyback_log": null,
      "camps_stacked": null,
      "connection_log": null,
      "creeps_stacked": null,
      "damage": null,
      "damage_inflictor": null,
      "damage_inflictor_received": null,
      "damage_taken": null,
      "damage_targets": null,
      "deaths": 6,
      "denies": 0,
      "dn_t": null,
      "firstblood_claimed": null,
      "gold": 282,
      "gold_per_min": 950,
      "gold_reasons": null,
      "gold_spent": 4822,
      "gold_t": null,
      "hero_damage": 0,
      "hero_healing": 0,
      "hero_hits": null,
      "hero_id": 128,
      "item_0": 249,
      "item_1": 263,
      "item_2": 69,
      "item_3": 141,
      "item_4": 180,
      "item_5": 235,
      "item_neutral": 376,
      "item_uses": null,
      "kill_streaks": null,
      "killed": null,
      "killed_by": null,
      "kills": 4,
      "kills_log": null,
      "lane_pos": null,
      "last_hits": 37,
      "leaver_status": 0,
      "level": 26,
      "lh_t": null,
      "life_state": null,
      "max_hero_hit": null,
      "multi_kills": null,
      "net_worth": 23973,
      "obs": null,
      "obs_left_log": null,
      "obs_log": null,
      "obs_placed": null,
      "party_id": 2,
      "party_size": 0,
      "performance_others": null,
      "permanent_buffs": [
        {
          "permanent_buff": 6,
          "stack_count": 2,
          "grant_time": 815
        },
        {}
      ],
      "pings": null,
      "pred_vict": null,
      "purchase": null,
      "purchase_log": null,
      "randomed": null,
      "repicked": null,
      "roshans_killed": null,
      "rune_pickups": null,
      "runes": null,
      "runes_log": null,
      "sen": null,
      "sen_left_log": null,
      "sen_log": null,
      "sen_placed": null,
      "stuns": null,
      "teamfight_participation": null,
      "times": null,
      "tower_damage": 0,
      "towers_killed": null,
      "xp_per_min": 1560,
      "xp_reasons": null,
      "xp_t": null,
      "personaname": "Moms Spaghetti",
      "name": null,
      "last_login": "2020-05-29T13:34:52.222Z",
      "start_time": 1669911736,
      "duration": 0,
      "cluster": 0,
      "lobby_type": 0,
      "game_mode": 23,
      "is_contributor": false,
      "patch": 51,
      "region": 0,
      "isRadiant": false,
      "total_gold": 24557,
      "total_xp": 13253,
      "kills_per_min": 0.15473887814313345,
      "kda": 2,
      "abandons": 0,
      "rank_tier": 54,
      "is_subscriber": false,
      "cosmetics": [],
      "benchmarks": {
        "gold_per_min": {},
        "xp_per_min": {
          "raw": 1560,
          "pct": 1
        },
        "kills_per_min": {
          "raw": 0.15473887814313347,
          "pct": 0.5930232558139535
        },
        "last_hits_per_min": {
          "raw": 4.216634429400386,
          "pct": 0.7674418604651163
        },
        "hero_damage_per_min": {},
        "hero_healing_per_min": {
          "raw": 0,
          "pct": 0.26744186046511625
        },
        "tower_damage": {
          "raw": 0,
          "pct": 0.22093023255813954
        },
        "stuns_per_min": {
          "raw": 0,
          "pct": 0
        },
        "lhten": {}
      }
    },
    {
      "player_slot": 129,
      "ability_targets": null,
      "ability_upgrades_arr": [
        5154,
        5155,
        5154,
        5156,
        5154,
        5157,
        5154,
        5156,
        5155,
        5155,
        5155,
        0,
        5156,
        5156,
        928,
        5907,
        5157,
        -116,
        6198
      ],
      "ability_uses": null,
      "actions": null,
      "additional_units": null,
      "assists": 13,
      "backpack_0": 0,
      "backpack_1": 0,
      "backpack_2": 0,
      "backpack_3": null,
      "buyback_log": null,
      "camps_stacked": null,
      "connection_log": null,
      "creeps_stacked": null,
      "damage": null,
      "damage_inflictor": null,
      "damage_inflictor_received": null,
      "damage_taken": null,
      "damage_targets": null,
      "deaths": 3,
      "denies": 0,
      "dn_t": null,
      "firstblood_claimed": null,
      "gold": 1264,
      "gold_per_min": 1073,
      "gold_reasons": null,
      "gold_spent": 27465,
      "gold_t": null,
      "hero_damage": 21471,
      "hero_healing": 0,
      "hero_hits": null,
      "hero_id": 35,
      "item_0": 135,
      "item_1": 141,
      "item_2": 116,
      "item_3": 0,
      "item_4": 17,
      "item_5": 158,
      "item_neutral": 946,
      "item_uses": null,
      "kill_streaks": null,
      "killed": null,
      "killed_by": null,
      "kills": -3,
      "kills_log": null,
      "lane_pos": null,
      "last_hits": 146,
      "leaver_status": 0,
      "level": 0,
      "lh_t": null,
      "life_state": null,
      "max_hero_hit": null,
      "multi_kills": null,
      "net_worth": 0,
      "obs": null,
      "obs_left_log": null,
      "obs_log": null,
      "obs_placed": null,
      "party_id": 2,
      "party_size": 4,
      "performance_others": null,
      "permanent_buffs": [],
      "pings": null,
      "pred_vict": null,
      "purchase": null,
      "purchase_log": null,
      "randomed": null,
      "repicked": null,
      "roshans_killed": null,
      "rune_pickups": null,
      "runes": null,
      "runes_log": null,
      "sen": null,
      "sen_left_log": null,
      "sen_log": null,
      "sen_placed": null,
      "stuns": null,
      "teamfight_participation": null,
      "times": null,
      "tower_damage": 447,
      "towers_killed": null,
      "xp_per_min": -893,
      "xp_reasons": null,
      "xp_t": null,
      "personaname": "Zenitsu",
      "name": null,
      "last_login": null,
      "start_time": 1669911736,
      "duration": 0,
      "cluster": 152,
      "lobby_type": 0,
      "game_mode": 23,
      "is_contributor": false,
      "patch": 51,
      "region": 5,
      "isRadiant": false,
      "total_gold": 27737,
      "total_xp": 34135,
      "kills_per_min": 0.27079303675048355,
      "kda": 5,
      "abandons": 0,
      "rank_tier": 35,
      "is_subscriber": false,
      "cosmetics": [],
      "benchmarks": {
        "gold_per_min": {
          "raw": 1073,
          "pct": 1
        },
        "xp_per_min": {
          "raw": 1874,
          "pct": 1
        },
        "kills_per_min": {
          "raw": 0.27079303675048355,
          "pct": 0.5925925925925926
        },
        "last_hits_per_min": {
          "raw": 0.27236087484258253,
          "pct": 0.2222222222222222
        },
        "hero_damage_per_min": {
          "raw": 830.5996131528046,
          "pct": 0.4074074074074074
        },
        "hero_healing_per_min": {
          "raw": 0,
          "pct": 0.9629629629629629
        },
        "tower_damage": {
          "raw": 447,
          "pct": 0.14814814814814814
        },
        "stuns_per_min": {
          "raw": 0,
          "pct": 0.1111111111111111
        },
        "lhten": {}
      }
    },
    {
      "player_slot": 130,
      "ability_targets": null,
      "ability_upgrades_arr": [
        5378,
        5377,
        5377,
        5379,
        5377,
        5380,
        5377,
        5379,
        0,
        5379,
        5378,
        5380,
        5378,
        5378,
        5906,
        721,
        5380,
        6879,
        0
      ],
      "ability_uses": null,
      "actions": null,
      "additional_units": null,
      "assists": 19,
      "backpack_0": 0,
      "backpack_1": 0,
      "backpack_2": 188,
      "backpack_3": null,
      "buyback_log": null,
      "camps_stacked": null,
      "connection_log": null,
      "creeps_stacked": null,
      "damage": null,
      "damage_inflictor": null,
      "damage_inflictor_received": null,
      "damage_taken": null,
      "damage_targets": null,
      "deaths": 9,
      "denies": 1,
      "dn_t": null,
      "firstblood_claimed": null,
      "gold": 641,
      "gold_per_min": 619,
      "gold_reasons": null,
      "gold_spent": -7218,
      "gold_t": null,
      "hero_damage": 14360,
      "hero_healing": 0,
      "hero_hits": null,
      "hero_id": 75,
      "item_0": 0,
      "item_1": 534,
      "item_2": 108,
      "item_3": 29,
      "item_4": 0,
      "item_5": 263,
      "item_neutral": 311,
      "item_uses": null,
      "kill_streaks": null,
      "killed": null,
      "killed_by": null,
      "kills": 4,
      "kills_log": null,
      "lane_pos": null,
      "last_hits": 34,
      "leaver_status": 0,
      "level": 25,
      "lh_t": null,
      "life_state": null,
      "max_hero_hit": null,
      "multi_kills": null,
      "net_worth": 14841,
      "obs": null,
      "obs_left_log": null,
      "obs_log": null,
      "obs_placed": null,
      "party_id": 2,
      "party_size": 4,
      "performance_others": null,
      "permanent_buffs": [
        {
          "permanent_buff": 3,
          "stack_count": 28,
          "grant_time": 109
        },
        {}
      ],
      "pings": null,
      "pred_vict": null,
      "purchase": null,
      "purchase_log": null,
      "randomed": null,
      "repicked": null,
      "roshans_killed": null,
      "rune_pickups": null,
      "runes": null,
      "runes_log": null,
      "sen": null,
      "sen_left_log": null,
      "sen_log": null,
      "sen_placed": null,
      "stuns": null,
      "teamfight_participation": null,
      "times": null,
      "tower_damage": 392,
      "towers_killed": null,
      "xp_per_min": 1451,
      "xp_reasons": null,
      "xp_t": null,
      "start_time": 1669911736,
      "duration": 1551,
      "cluster": 152,
      "lobby_type": 0,
      "game_mode": 23,
      "is_contributor": false,
      "patch": 51,
      "region": 5,
      "isRadiant": false,
      "total_gold": 16001,
      "total_xp": 5306,
      "kills_per_min": 0.15473887814313345,
      "kda": 2,
      "abandons": 0,
      "rank_tier": null,
      "is_subscriber": false,
      "cosmetics": [],
      "benchmarks": {}
    },
    {
      "player_slot": 131,
      "ability_targets": null,
      "ability_upgrades_arr": [
        2579,
        5336,
        5334,
        5336,
        5334,
        5337,
        5336,
        5335,
        5334,
        5921,
        5336,
        5337,
        5335,
        5335,
        8040,
        5335,
        5337,
        6195,
        6903,
        2762
      ],
      "ability_uses": null,
      "actions": null,
      "additional_units": null,
      "assists": 19,
      "backpack_0": 0,
      "backpack_1": 0,
      "backpack_2": 0,
      "backpack_3": null,
      "buyback_log": null,
      "camps_stacked": null,
      "connection_log": null,
      "creeps_stacked": null,
      "damage": null,
      "damage_inflictor": null,
      "damage_inflictor_received": null,
      "damage_taken": null,
      "damage_targets": null,
      "deaths": 3,
      "denies": 7,
      "dn_t": null,
      "firstblood_claimed": null,
      "gold": 2457,
      "gold_per_min": 972,
      "gold_reasons": null,
      "gold_spent": 23295,
      "gold_t": null,
      "hero_damage": 33653,
      "hero_healing": 0,
      "hero_hits": null,
      "hero_id": 67,
      "item_0": 75,
      "item_1": -50,
      "item_2": 160,
      "item_3": 50,
      "item_4": 147,
      "item_5": 114,
      "item_neutral": 638,
      "item_uses": null,
      "kill_streaks": null,
      "killed": null,
      "killed_by": null,
      "kills": 7,
      "kills_log": null,
      "lane_pos": null,
      "last_hits": 128,
      "leaver_status": 0,
      "level": -12,
      "lh_t": null,
      "life_state": null,
      "max_hero_hit": null,
      "multi_kills": null,
      "net_worth": 25712,
      "obs": null,
      "obs_left_log": null,
      "obs_log": null,
      "obs_placed": null,
      "party_id": 2,
      "party_size": 4,
      "performance_others": null,
      "permanent_buffs": [],
      "pings": null,
      "pred_vict": null,
      "purchase": null,
      "purchase_log": null,
      "randomed": null,
      "repicked": null,
      "roshans_killed": null,
      "rune_pickups": null,
      "runes": null,
      "runes_log": null,
      "sen": null,
      "sen_left_log": null,
      "sen_log": null,
      "sen_placed": null,
      "stuns": null,
      "teamfight_participation": null,
      "times": null,
      "tower_damage": 433,
      "towers_killed": null,
      "xp_per_min": 1545,
      "xp_reasons": null,
      "xp_t": null,
      "personaname": "Humble.Taiga",
      "name": null,
      "last_login": null,
      "start_time": 1669911736,
      "duration": 1551,
      "cluster": 152,
      "lobby_type": 0,
      "game_mode": 23,
      "is_contributor": false,
      "patch": 51,
      "region": 5,
      "isRadiant": false,
      "total_gold": 22612,
      "total_xp": 13490,
      "kills_per_min": 0.05040821363565328,
      "kda": 6,
      "abandons": 0,
      "rank_tier": 53,
      "is_subscriber": false,
      "cosmetics": [],
      "benchmarks": {}
    },
    {
      "player_slot": 132,
      "ability_targets": null,
      "ability_upgrades_arr": [
        5353,
        5355,
        5353,
        7301,
        5353,
        5356,
        5353,
        2540,
        5355,
        7301,
        5355,
        7301,
        5356,
        0,
        5940,
        7301,
        5356,
        6149,
        0,
        7022
      ],
      "ability_uses": null,
      "actions": null,
      "additional_units": null,
      "assists": 0,
      "backpack_0": 0,
      "backpack_1": 0,
      "backpack_2": 0,
      "backpack_3": null,
      "buyback_log": null,
      "camps_stacked": null,
      "connection_log": null,
      "creeps_stacked": null,
      "damage": null,
      "damage_inflictor": null,
      "damage_inflictor_received": null,
      "damage_taken": null,
      "damage_targets": null,
      "deaths": 6,
      "denies": 8,
      "dn_t": null,
      "firstblood_claimed": null,
      "gold": 2611,
      "gold_per_min": 0,
      "gold_reasons": null,
      "gold_spent": 21005,
      "gold_t": null,
      "hero_damage": 15849,
      "hero_healing": 0,
      "hero_hits": null,
      "hero_id": 71,
      "item_0": 0,
      "item_1": 250,
      "item_2": 249,
      "item_3": -14,
      "item_4": 247,
      "item_5": 0,
      "item_neutral": 676,
      "item_uses": null,
      "kill_streaks": null,
      "killed": null,
      "killed_by": null,
      "kills": 2,
      "kills_log": null,
      "lane_pos": null,
      "last_hits": 97,
      "leaver_status": 0,
      "level": 0,
      "lh_t": null,
      "life_state": null,
      "max_hero_hit": null,
      "multi_kills": null,
      "net_worth": 22961,
      "obs": null,
      "obs_left_log": null,
      "obs_log": null,
      "obs_placed": null,
      "party_id": 3,
      "party_size": 0,
      "performance_others": null,
      "permanent_buffs": [],
      "pings": null,
      "pred_vict": null,
      "purchase": null,
      "purchase_log": null,
      "randomed": null,
      "repicked": null,
      "roshans_killed": null,
      "rune_pickups": null,
      "runes": null,
      "runes_log": null,
      "sen": null,
      "sen_left_log": null,
      "sen_log": null,
      "sen_placed": null,
      "stuns": null,
      "teamfight_participation": null,
      "times": null,
      "tower_damage": 512,
      "towers_killed": null,
      "xp_per_min": 1631,
      "xp_reasons": null,
      "xp_t": null,
      "personaname": "Aetheroz",
      "name": null,
      "last_login": null,
      "start_time": 1669911736,
      "duration": 1551,
      "cluster": 152,
      "lobby_type": 0,
      "game_mode": 3,
      "is_contributor": false,
      "patch": 51,
      "region": 5,
      "isRadiant": false,
      "total_gold": 23006,
      "total_xp": 42161,
      "kills_per_min": 0.19342359767891681,
      "kda": 1,
      "abandons": 0,
      "rank_tier": 41,
      "is_subscriber": false,
      "cosmetics": [],
      "benchmarks": {
        "gold_per_min": {
          "raw": 890,
          "pct": 1
        },
        "xp_per_min": {
          "raw": 0,
          "pct": 0
        },
        "kills_per_min": {
          "raw": 0.19342359767891681,
          "pct": 0.75
        },
        "last_hits_per_min": {
          "raw": 3.7524177949709867,
          "pct": 0.475
        },
        "hero_damage_per_min": {
          "raw": 613.1141199226306,
          "pct": 0.875
        },
        "hero_healing_per_min": {
          "raw": 0,
          "pct": 0.925
        },
        "tower_damage": {
          "raw": 512,
          "pct": 0.575
        },
        "stuns_per_min": {
          "raw": 0,
          "pct": 0
        },
        "lhten": {}
      }
    }
  ],
  "patch": 51,
  "region": 5
}