{
  "chat": null,
  "cluster": 153,
  "cosmetics": null,
  "dire_score": 41,
  "dire_team_id": null,
  "draft_timings": null,
  "duration": 2420,
  "engine": 1,
  "first_blood_time": 258,
  "game_mode": 22,
  "human_players": 10,
  "leagueid": 0,
  "lobby_type": 0,
  "match_seq_num": -1361911079,
  "negative_votes": 0,
  "objectives": null,
  "picks_bans": [
    {
      "is_pick": true,
      "hero_id": 80,
      "team": 0,
      "order": 0
    },
    {
      "is_pick": true,
      "hero_id": 32,
      "team": 0,
      "order": 1
    },
    {},
    {
      "is_pick": true,
      "hero_id": 0,
      "team": 1,
      "order": 3
    },
    {
      "is_pick": true,
      "hero_id": 7,
      "team": 0,
      "order": 0
    },
    {
      "is_pick": true,
      "hero_id": 26,
      "team": 0,
      "order": 5
    },
    {
      "is_pick": true,
      "hero_id": 21,
      "team": 1,
      "order": 6
    },
    {
      "is_pick": true,
      "hero_id": 64,
      "team": 0,
      "order": 7
    },
    {
      "is_pick": true,
      "hero_id": 49,
      "team": 0,
      "order": 8
    },
    {
      "is_pick": true,
      "hero_id": 6,
      "team": 1,
      "order": 9
    },
    {
      "is_pick": false,
      "hero_id": 1,
      "team": 0,
      "order": 0
    },
    {
      "is_pick": false,
      "hero_id": -36,
      "team": 0,
      "order": 11
    },
    {
      "is_pick": false,
      "hero_id": 34,
      "team": 0,
      "order": 12
    },
    {
      "is_pick": false,
      "hero_id": 75,
      "team": 0,
      "order": 13
    },
    {
      "is_pick": false,
      "hero_id": 21,
      "team": 0,
      "order": 14
    }
  ],
  "positive_votes": 0,
  "radiant_gold_adv": null,
  "radiant_score": 20,
  "radiant_team_id": null,
  "radiant_xp_adv": null,
  "skill": null,
  "start_time": 1669911606,
  "teamfights": null,
  "version": null,
  "replay_salt": -111588809,
  "series_id": 0,
  "series_type": 0,
  "players": [
    {
      "player_slot": 0,
      "ability_targets": null,
      "ability_upgrades_arr": [
        5412,
        7309,
        5412,
        7309,
        2028,
        0,
        0,
        5414,
        7309,
        0,
        5414,
        5415,
        5414,
        2603,
        6268,
        423
      ],
      "ability_uses": null,
      "actions": null,
      "additional_units": [
        {
          "unitname": "spirit_bear",
          "item_0": 569,
          "item_1": 11,
          "item_2": 50,
          "item_3": 172,
          "item_4": 247,
          "item_5": 0,
          "backpack_0": 0,
          "backpack_1": 0,
          "backpack_2": 0,
          "item_neutral": 0
        }
      ],
      "assists": 0,
      "backpack_0": 0,
      "backpack_1": 0,
      "backpack_2": 0,
      "backpack_3": null,
      "buyback_log": null,
      "camps_stacked": null,
      "connection_log": null,
      "creeps_stacked": null,
      "damage": null,
      "damage_inflictor": null,
      "damage_inflictor_received": null,
      "damage_taken": null,
      "damage_targets": null,
      "deaths": 5,
      "denies": 7,
      "dn_t": null,
      "firstblood_claimed": null,
      "gold": -200,
      "gold_per_min": 370,
      "gold_reasons": null,
      "gold_spent": 13290,
      "gold_t": null,
      "hero_damage": 17798,
      "hero_healing": 0,
      "hero_hits": null,
      "hero_id": 80,
      "item_0": 29,
      "item_1": 0,
      "item_2": 2,
      "item_3": 0,
      "item_4": 0,
      "item_5": 0,
      "item_neutral": 151,
      "item_uses": null,
      "kill_streaks": null,
      "killed": null,
      "killed_by": null,
      "kills": 3,
      "kills_log": null,
      "lane_pos": null,
      "last_hits": 197,
      "leaver_status": 0,
      "level": 17,
      "lh_t": null,
      "life_state": null,
      "max_hero_hit": null,
      "multi_kills": null,
      "net_worth": 14268,
      "obs": null,
      "obs_left_log": null,
      "obs_log": null,
      "obs_placed": null,
      "party_id": 0,
      "party_size": 0,
      "performance_others": null,
      "permanent_buffs": [
        {
          "permanent_buff": 12,
          "stack_count": 0,
          "grant_time": 1893
        }
      ],
      "pings": null,
      "pred_vict": null,
      "purchase": null,
      "purchase_log": null,
      "randomed": null,
      "repicked": null,
      "roshans_killed": null,
      "rune_pickups": null,
      "runes": null,
      "runes_log": null,
      "sen": null,
      "sen_left_log": null,
      "sen_log": null,
      "sen_placed": null,
      "stuns": null,
      "teamfight_participation": null,
      "times": null,
      "tower_damage": -697,
      "towers_killed": null,
      "xp_per_min": 428,
      "xp_reasons": null,
      "xp_t": null,
      "start_time": 1669911606,
      "duration": 2420,
      "cluster": 153,
      "lobby_type": 0,
      "game_mode": 22,
      "is_contributor": false,
      "patch": 51,
      "region": 5,
      "isRadiant": true,
      "total_gold": 14923,
      "total_xp": 14935,
      "kills_per_min": 0.0743801652892562,
      "kda": 1,
      "abandons": 0,
      "rank_tier": null,
      "is_subscriber": false,
      "cosmetics": [],
      "benchmarks": {
        "gold_per_min": {
          "raw": 370,
          "pct": 0
        },
        "xp_per_min": {
          "raw": 56,
          "pct": 0
        },
        "kills_per_min": {
          "raw": -0.024593339476726563,
          "pct": 0.08333333333333333
        },
        "last_hits_per_min": {
          "raw": 4.884297520661157,
          "pct": 0.16666666666666666
        },
        "hero_damage_per_min": {
          "raw": 441.27272727272725,
          "pct": 0.16666666666666666
        },
        "hero_healing_per_min": {},
        "tower_damage": {
          "raw": 1407,
          "pct": 0.08333333333333333
        },
        "stuns_per_min": {
          "raw": 0,
          "pct": 0
        },
        "lhten": {}
      }
    },
    {
      "player_slot": 1,
      "ability_targets": null,
      "ability_upgrades_arr": [],
      "ability_uses": null,
      "actions": null,
      "additional_units": null,
      "assists": 6,
      "backpack_0": 0,
      "backpack_1": 0,
      "backpack_2": 0,
      "backpack_3": null,
      "buyback_log": null,
      "camps_stacked": null,
      "connection_log": null,
      "creeps_stacked": null,
      "damage": null,
      "damage_inflictor": null,
      "damage_inflictor_received": null,
      "damage_taken": null,
      "damage_targets": null,
      "deaths": 9,
      "denies": 32,
      "dn_t": null,
      "firstblood_claimed": null,
      "gold": 363,
      "gold_per_min": 0,
      "gold_reasons": null,
      "gold_spent": 17275,
      "gold_t": null,
      "hero_damage": 7878,
      "hero_healing": 0,
      "hero_hits": null,
      "hero_id": 49,
      "item_0": 108,
      "item_1": -36,
      "item_2": 36,
      "item_3": 50,
      "item_4": 123,
      "item_5": 125,
      "item_neutral": 0,
      "item_uses": null,
      "kill_streaks": null,
      "killed": null,
      "killed_by": null,
      "kills": 4,
      "kills_log": null,
      "lane_pos": null,
      "last_hits": 243,
      "leaver_status": 0,
      "level": 21,
      "lh_t": null,
      "life_state": null,
      "max_hero_hit": null,
      "multi_kills": null,
      "net_worth": 16538,
      "obs": null,
      "obs_left_log": null,
      "obs_log": null,
      "obs_placed": null,
      "party_id": 0,
      "party_size": 0,
      "performance_others": null,
      "permanent_buffs": [
        {
          "permanent_buff": 12,
          "stack_count": 0,
          "grant_time": 1466
        }
      ],
      "pings": null,
      "pred_vict": null,
      "purchase": null,
      "purchase_log": null,
      "randomed": null,
      "repicked": null,
      "roshans_killed": null,
      "rune_pickups": null,
      "runes": null,
      "runes_log": null,
      "sen": null,
      "sen_left_log": null,
      "sen_log": null,
      "sen_placed": null,
      "stuns": null,
      "teamfight_participation": null,
      "times": null,
      "tower_damage": 330,
      "towers_killed": null,
      "xp_per_min": 597,
      "xp_reasons": null,
      "xp_t": null,
      "start_time": 1669911606,
      "duration": 2420,
      "cluster": 153,
      "lobby_type": 0,
      "game_mode": 0,
      "is_contributor": false,
      "patch": 51,
      "region": 5,
      "isRadiant": true,
      "total_gold": 5742,
      "total_xp": 24079,
      "kills_per_min": 0.09917355371900825,
      "kda": 0,
      "abandons": 0,
      "rank_tier": null,
      "is_subscriber": false,
      "cosmetics": [],
      "benchmarks": {
        "gold_per_min": {
          "raw": 0,
          "pct": 0.48717948717948717
        },
        "xp_per_min": {
          "raw": 597,
          "pct": 0.5384615384615384
        },
        "kills_per_min": {
          "raw": 0.09917355371900827,
          "pct": 0.358974358974359
        },
        "last_hits_per_min": {
          "raw": 2.201995818594098,
          "pct": 0.7948717948717948
        },
        "hero_damage_per_min": {
          "raw": 579.9421487603306,
          "pct": 0.6410256410256411
        },
        "hero_healing_per_min": {
          "raw": 0,
          "pct": 0.9487179487179487
        },
        "tower_damage": {
          "raw": 139,
          "pct": 0
        },
        "stuns_per_min": {
          "raw": 0,
          "pct": 0
        },
        "lhten": {}
      }
    },
    {
      "player_slot": 2,
      "ability_targets": null,
      "ability_upgrades_arr": [
        0,
        0,
        871,
        5044,
        5045,
        892,
        5046,
        5044,
        5044,
        0,
        5046,
        5047,
        265,
        5045,
        781,
        5045
      ],
      "ability_uses": null,
      "actions": null,
      "additional_units": null,
      "assists": 6,
      "backpack_0": 0,
      "backpack_1": 0,
      "backpack_2": 0,
      "backpack_3": null,
      "buyback_log": null,
      "camps_stacked": null,
      "connection_log": null,
      "creeps_stacked": null,
      "damage": null,
      "damage_inflictor": null,
      "damage_inflictor_received": null,
      "damage_taken": null,
      "damage_targets": null,
      "deaths": 8,
      "denies": 2,
      "dn_t": null,
      "firstblood_claimed": null,
      "gold": 1457,
      "gold_per_min": 290,
      "gold_reasons": null,
      "gold_spent": 9190,
      "gold_t": null,
      "hero_damage": 12594,
      "hero_healing": 0,
      "hero_hits": null,
      "hero_id": 26,
      "item_0": 0,
      "item_1": 214,
      "item_2": 34,
      "item_3": 108,
      "item_4": 0,
      "item_5": 244,
      "item_neutral": 288,
      "item_uses": null,
      "kill_streaks": null,
      "killed": null,
      "killed_by": null,
      "kills": 7,
      "kills_log": null,
      "lane_pos": null,
      "last_hits": 0,
      "leaver_status": 0,
      "level": 0,
      "lh_t": null,
      "life_state": null,
      "max_hero_hit": null,
      "multi_kills": null,
      "net_worth": 9407,
      "obs": null,
      "obs_left_log": null,
      "obs_log": null,
      "obs_placed": null,
      "party_id": 0,
      "party_size": 5,
      "performance_others": null,
      "permanent_buffs": [
        {
          "permanent_buff": 0,
          "stack_count": 4,
          "grant_time": 576
        }
      ],
      "pings": null,
      "pred_vict": null,
      "purchase": null,
      "purchase_log": null,
      "randomed": null,
      "repicked": null,
      "roshans_killed": null,
      "rune_pickups": null,
      "runes": null,
      "runes_log": null,
      "sen": null,
      "sen_left_log": null,
      "sen_log": null,
      "sen_placed": null,
      "stuns": null,
      "teamfight_participation": null,
      "times": null,
      "tower_damage": 0,
      "towers_killed": null,
      "xp_per_min": 353,
      "xp_reasons": null,
      "xp_t": null,
      "start_time": 1669911606,
      "duration": 2420,
      "cluster": 153,
      "lobby_type": 0,
      "game_mode": 22,
      "is_contributor": false,
      "patch": 51,
      "region": 5,
      "isRadiant": true,
      "total_gold": 11696,
      "total_xp": 298,
      "kills_per_min": 0.17355371900826444,
      "kda": 1,
      "abandons": 0,
      "rank_tier": null,
      "is_subscriber": false,
      "cosmetics": [],
      "benchmarks": {
        "gold_per_min": {
          "raw": -112,
          "pct": 0.5625
        },
        "xp_per_min": {
          "raw": 353,
          "pct": 0.25
        },
        "kills_per_min": {
          "raw": 0.17355371900826444,
          "pct": 0.84375
        },
        "last_hits_per_min": {
          "raw": 2.1322314049586777,
          "pct": 0.4144977569795363
        },
        "hero_damage_per_min": {
          "raw": 312.24793388429754,
          "pct": 0.625
        },
        "hero_healing_per_min": {
          "raw": 0,
          "pct": -0.26620973496425954
        },
        "tower_damage": {
          "raw": 0,
          "pct": 0.28125
        },
        "stuns_per_min": {
          "raw": 0,
          "pct": 0
        },
        "lhten": {}
      }
    },
    {
      "player_slot": 0,
      "ability_targets": null,
      "ability_upgrades_arr": [
        5024,
        5023,
        5025,
        5024,
        5024,
        -1525,
        5023,
        5023,
        5023,
        5025,
        5025,
        5026,
        5025,
        5024,
        858,
        744
      ],
      "ability_uses": null,
      "actions": null,
      "additional_units": null,
      "assists": 6,
      "backpack_0": 0,
      "backpack_1": 0,
      "backpack_2": 0,
      "backpack_3": null,
      "buyback_log": null,
      "camps_stacked": null,
      "connection_log": null,
      "creeps_stacked": null,
      "damage": null,
      "damage_inflictor": null,
      "damage_inflictor_received": null,
      "damage_taken": null,
      "damage_targets": null,
      "deaths": 8,
      "denies": 1,
      "dn_t": null,
      "firstblood_claimed": null,
      "gold": 2621,
      "gold_per_min": 278,
      "gold_reasons": null,
      "gold_spent": 8500,
      "gold_t": null,
      "hero_damage": 20091,
      "hero_healing": 0,
      "hero_hits": null,
      "hero_id": 7,
      "item_0": 1,
      "item_1": 37,
      "item_2": 0,
      "item_3": 244,
      "item_4": 0,
      "item_5": 40,
      "item_neutral": 840,
      "item_uses": null,
      "kill_streaks": null,
      "killed": null,
      "killed_by": null,
      "kills": 0,
      "kills_log": null,
      "lane_pos": null,
      "last_hits": 92,
      "leaver_status": 0,
      "level": 16,
      "lh_t": null,
      "life_state": null,
      "max_hero_hit": null,
      "multi_kills": null,
      "net_worth": 9701,
      "obs": null,
      "obs_left_log": null,
      "obs_log": null,
      "obs_placed": null,
      "party_id": 0,
      "party_size": 5,
      "performance_others": null,
      "permanent_buffs": [
        {},
        {
          "permanent_buff": 12,
          "stack_count": 0,
          "grant_time": 1153
        }
      ],
      "pings": null,
      "pred_vict": null,
      "purchase": null,
      "purchase_log": null,
      "randomed": null,
      "repicked": null,
      "roshans_killed": null,
      "rune_pickups": null,
      "runes": null,
      "runes_log": null,
      "sen": null,
      "sen_left_log": null,
      "sen_log": null,
      "sen_placed": null,
      "stuns": null,
      "teamfight_participation": null,
      "times": null,
      "tower_damage": 0,
      "towers_killed": null,
      "xp_per_min": 372,
      "xp_reasons": null,
      "xp_t": null,
      "start_time": 1669911606,
      "duration": 2420,
      "cluster": 153,
      "lobby_type": 0,
      "game_mode": 22,
      "is_contributor": false,
      "patch": 51,
      "region": 5,
      "isRadiant": true,
      "total_gold": 11212,
      "total_xp": 10689,
      "kills_per_min": 0.0743801652892562,
      "kda": 0,
      "abandons": 0,
      "rank_tier": null,
      "is_subscriber": false,
      "cosmetics": [],
      "benchmarks": {
        "gold_per_min": {},
        "xp_per_min": {
          "raw": 372,
          "pct": 0.13333333333333333
        },
        "kills_per_min": {
          "raw": 0.0743801652892562,
          "pct": 0.3333333333333333
        },
        "last_hits_per_min": {
          "raw": 2.28099173553719,
          "pct": 0.10134661434203958
        },
        "hero_damage_per_min": {
          "raw": 498.12396694214874,
          "pct": 0.4666666666666667
        },
        "hero_healing_per_min": {},
        "tower_damage": {},
        "stuns_per_min": {},
        "lhten": {}
      }
    },
    {
      "player_slot": 4,
      "ability_targets": null,
      "ability_upgrades_arr": [
        5143,
        5142,
        5145,
        0,
        5143,
        5144,
        5143,
        5142,
        5142,
        0,
        474,
        5144,
        5145,
        5145,
        5145,
        6865,
        0
      ],
      "ability_uses": null,
      "actions": null,
      "additional_units": null,
      "assists": 19,
      "backpack_0": 0,
      "backpack_1": 0,
      "backpack_2": 0,
      "backpack_3": null,
      "buyback_log": null,
      "camps_stacked": null,
      "connection_log": null,
      "creeps_stacked": null,
      "damage": null,
      "damage_inflictor": null,
      "damage_inflictor_received": null,
      "damage_taken": null,
      "damage_targets": null,
      "deaths": 0,
      "denies": 0,
      "dn_t": null,
      "firstblood_claimed": null,
      "gold": 601,
      "gold_per_min": 244,
      "gold_reasons": null,
      "gold_spent": 9325,
      "gold_t": null,
      "hero_damage": -799,
      "hero_healing": 195,
      "hero_hits": null,
      "hero_id": 32,
      "item_0": 36,
      "item_1": -13,
      "item_2": 0,
      "item_3": 102,
      "item_4": -12,
      "item_5": 181,
      "item_neutral": 306,
      "item_uses": null,
      "kill_streaks": null,
      "killed": null,
      "killed_by": null,
      "kills": 0,
      "kills_log": null,
      "lane_pos": null,
      "last_hits": 0,
      "leaver_status": 0,
      "level": 18,
      "lh_t": null,
      "life_state": null,
      "max_hero_hit": null,
      "multi_kills": null,
      "net_worth": 0,
      "obs": null,
      "obs_left_log": null,
      "obs_log": null,
      "obs_placed": null,
      "party_id": 0,
      "party_size": 5,
      "performance_others": null,
      "permanent_buffs": [
        {
          "permanent_buff": 6,
          "stack_count": 1,
          "grant_time": 868
        },
        {
          "permanent_buff": 12,
          "stack_count": 0,
          "grant_time": 1228
        }
      ],
      "pings": null,
      "pred_vict": null,
      "purchase": null,
      "purchase_log": null,
      "randomed": null,
      "repicked": null,
      "roshans_killed": null,
      "rune_pickups": null,
      "runes": null,
      "runes_log": null,
      "sen": null,
      "sen_left_log": null,
      "sen_log": null,
      "sen_placed": null,
      "stuns": null,
      "teamfight_participation": null,
      "times": null,
      "tower_damage": 0,
      "towers_killed": null,
      "xp_per_min": 442,
      "xp_reasons": null,
      "xp_t": null,
      "start_time": 1669911606,
      "duration": 2420,
      "cluster": -8,
      "lobby_type": 0,
      "game_mode": 22,
      "is_contributor": false,
      "patch": 51,
      "region": 5,
      "isRadiant": true,
      "total_gold": 8572,
      "total_xp": 13260,
      "kills_per_min": 0.0743801652892562,
      "kda": 1,
      "abandons": 0,
      "rank_tier": null,
      "is_subscriber": false,
      "cosmetics": [],
      "benchmarks": {
        "gold_per_min": {
          "raw": 244,
          "pct": 0.1875
        },
        "xp_per_min": {
          "raw": 442,
          "pct": 0.3125
        },
        "kills_per_min": {},
        "last_hits_per_min": {},
        "hero_damage_per_min": {
          "raw": 251.62809917355372,
          "pct": 0.4375
        },
        "hero_healing_per_min": {
          "raw": 4.8347107438016526,
          "pct": -0.04768114400843137
        },
        "tower_damage": {},
        "stuns_per_min": {
          "raw": 0,
          "pct": -0.03678158945609418
        },
        "lhten": {}
      }
    },
    {
      "player_slot": 128,
      "ability_targets": null,
      "ability_upgrades_arr": [
        5299,
        5297,
        5297,
        5298,
        5299,
        5300,
        5297,
        5297,
        5298,
        481,
        5298,
        5300,
        5298,
        5299,
        6661,
        5299,
        41,
        6064
      ],
      "ability_uses": null,
      "actions": null,
      "additional_units": null,
      "assists": 0,
      "backpack_0": 0,
      "backpack_1": 0,
      "backpack_2": 0,
      "backpack_3": null,
      "buyback_log": null,
      "camps_stacked": null,
      "connection_log": null,
      "creeps_stacked": null,
      "damage": null,
      "damage_inflictor": null,
      "damage_inflictor_received": null,
      "damage_taken": null,
      "damage_targets": null,
      "deaths": 8,
      "denies": 0,
      "dn_t": null,
      "firstblood_claimed": null,
      "gold": 256,
      "gold_per_min": 329,
      "gold_reasons": null,
      "gold_spent": -1794,
      "gold_t": null,
      "hero_damage": 6790,
      "hero_healing": 0,
      "hero_hits": null,
      "hero_id": 64,
      "item_0": 48,
      "item_1": 100,
      "item_2": 0,
      "item_3": 254,
      "item_4": 0,
      "item_5": 0,
      "item_neutral": 675,
      "item_uses": null,
      "kill_streaks": null,
      "killed": null,
      "killed_by": null,
      "kills": 5,
      "kills_log": null,
      "lane_pos": null,
      "last_hits": 46,
      "leaver_status": 0,
      "level": 20,
      "lh_t": null,
      "life_state": null,
      "max_hero_hit": null,
      "multi_kills": null,
      "net_worth": 10831,
      "obs": null,
      "obs_left_log": null,
      "obs_log": null,
      "obs_placed": null,
      "party_id": 1,
      "party_size": 5,
      "performance_others": null,
      "permanent_buffs": [
        {
          "permanent_buff": 6,
          "stack_count": 1,
          "grant_time": 2109
        }
      ],
      "pings": null,
      "pred_vict": null,
      "purchase": null,
      "purchase_log": null,
      "randomed": null,
      "repicked": null,
      "roshans_killed": null,
      "rune_pickups": null,
      "runes": null,
      "runes_log": null,
      "sen": null,
      "sen_left_log": null,
      "sen_log": null,
      "sen_placed": null,
      "stuns": null,
      "teamfight_participation": null,
      "times": null,
      "tower_damage": 3969,
      "towers_killed": null,
      "xp_per_min": 543,
      "xp_reasons": null,
      "xp_t": null,
      "personaname": "Tuxxy",
      "name": null,
      "last_login": null,
      "start_time": 1669911606,
      "duration": 0,
      "cluster": 153,
      "lobby_type": 0,
      "game_mode": 22,
      "is_contributor": false,
      "patch": 51,
      "region": 0,
      "isRadiant": false,
      "total_gold": 11224,
      "total_xp": 21901,
      "kills_per_min": 0.12396694214876032,
      "kda": 3,
      "abandons": 0,
      "rank_tier": null,
      "is_subscriber": false,
      "cosmetics": [],
      "benchmarks": {
        "gold_per_min": {
          "raw": 329,
          "pct": 0.6166666666666667
        },
        "xp_per_min": {
          "raw": 0,
          "pct": 0.6833333333333333
        },
        "kills_per_min": {
          "raw": 0.12396694214876033,
          "pct": 0.6666666666666666
        },
        "last_hits_per_min": {
          "raw": 1.140495867768595,
          "pct": 0.35
        },
        "hero_damage_per_min": {
          "raw": 543.3471074380166,
          "pct": 0.7
        },
        "hero_healing_per_min": {
          "raw": 0,
          "pct": 0.7
        },
        "tower_damage": {
          "raw": 3969,
          "pct": 0.8666666666666667
        },
        "stuns_per_min": {
          "raw": 0,
          "pct": 0.016666666666666666
        },
        "lhten": {}
      }
    },
    {
      "player_slot": 129,
      "ability_targets": null,
      "ability_upgrades_arr": [],
      "ability_uses": null,
      "actions": null,
      "additional_units": null,
      "assists": -4,
      "backpack_0": 10,
      "backpack_1": 0,
      "backpack_2": 0,
      "backpack_3": null,
      "buyback_log": null,
      "camps_stacked": null,
      "connection_log": null,
      "creeps_stacked": null,
      "damage": null,
      "damage_inflictor": null,
      "damage_inflictor_received": null,
      "damage_taken": null,
      "damage_targets": null,
      "deaths": 0,
      "denies": 0,
      "dn_t": null,
      "firstblood_claimed": null,
      "gold": 2002,
      "gold_per_min": 642,
      "gold_reasons": null,
      "gold_spent": 23965,
      "gold_t": null,
      "hero_damage": 31814,
      "hero_healing": 0,
      "hero_hits": null,
      "hero_id": 6,
      "item_0": 0,
      "item_1": 263,
      "item_2": 156,
      "item_3": 28,
      "item_4": 141,
      "item_5": 0,
      "item_neutral": 362,
      "item_uses": null,
      "kill_streaks": null,
      "killed": null,
      "killed_by": null,
      "kills": 12,
      "kills_log": null,
      "lane_pos": null,
      "last_hits": 332,
      "leaver_status": 0,
      "level": 24,
      "lh_t": null,
      "life_state": null,
      "max_hero_hit": null,
      "multi_kills": null,
      "net_worth": 25182,
      "obs": null,
      "obs_left_log": null,
      "obs_log": null,
      "obs_placed": null,
      "party_id": 1,
      "party_size": 5,
      "performance_others": null,
      "permanent_buffs": [
        {
          "permanent_buff": 6,
          "stack_count": 1,
          "grant_time": 495
        },
        {
          "permanent_buff": 12,
          "stack_count": 0,
          "grant_time": 1412
        }
      ],
      "pings": null,
      "pred_vict": null,
      "purchase": null,
      "purchase_log": null,
      "randomed": null,
      "repicked": null,
      "roshans_killed": null,
      "rune_pickups": null,
      "runes": null,
      "runes_log": null,
      "sen": null,
      "sen_left_log": null,
      "sen_log": null,
      "sen_placed": null,
      "stuns": null,
      "teamfight_participation": null,
      "times": null,
      "tower_damage": 8176,
      "towers_killed": null,
      "xp_per_min": 840,
      "xp_reasons": null,
      "xp_t": null,
      "personaname": "D²",
      "name": null,
      "last_login": null,
      "start_time": 1669911606,
      "duration": 2420,
      "cluster": 153,
      "lobby_type": 0,
      "game_mode": 22,
      "is_contributor": false,
      "patch": 51,
      "region": 5,
      "isRadiant": false,
      "total_gold": 25894,
      "total_xp": 33880,
      "kills_per_min": 0.2975206611570248,
      "kda": 2,
      "abandons": 0,
      "rank_tier": -5,
      "is_subscriber": false,
      "cosmetics": [],
      "benchmarks": {
        "gold_per_min": {
          "raw": 642,
          "pct": 0.5897435897435898
        },
        "xp_per_min": {
          "raw": 840,
          "pct": 0.8205128205128205
        },
        "kills_per_min": {
          "raw": 0.2975206611570248,
          "pct": 0.717948717948718
        },
        "last_hits_per_min": {
          "raw": 8.231404958677686,
          "pct": 0.6666666666666666
        },
        "hero_damage_per_min": {
          "raw": 788.7768595041323,
          "pct": 0.6923076923076923
        },
        "hero_healing_per_min": {
          "raw": 0,
          "pct": 0.9743589743589743
        },
        "tower_damage": {
          "raw": 8176,
          "pct": 0.6410256410256411
        },
        "stuns_per_min": {
          "raw": 0,
          "pct": 0.9487179487179487
        },
        "lhten": {}
      }
    },
    {
      "player_slot": 130,
      "ability_targets": null,
      "ability_upgrades_arr": [
        6344,
        6461,
        6344,
        7307,
        6344,
        6343,
        6344,
        0,
        6461,
        3592,
        6461,
        6343,
        7307,
        7307,
        6463,
        7307,
        0,
        1053
      ],
      "ability_uses": null,
      "actions": null,
      "additional_units": null,
      "assists": 18,
      "backpack_0": 11,
      "backpack_1": 0,
      "backpack_2": 0,
      "backpack_3": null,
      "buyback_log": null,
      "camps_stacked": null,
      "connection_log": null,
      "creeps_stacked": null,
      "damage": null,
      "damage_inflictor": null,
      "damage_inflictor_received": null,
      "damage_taken": null,
      "damage_targets": null,
      "deaths": 4,
      "denies": 6,
      "dn_t": null,
      "firstblood_claimed": null,
      "gold": -252,
      "gold_per_min": 240,
      "gold_reasons": null,
      "gold_spent": 20130,
      "gold_t": null,
      "hero_damage": 34998,
      "hero_healing": 0,
      "hero_hits": null,
      "hero_id": 120,
      "item_0": -35,
      "item_1": 180,
      "item_2": 0,
      "item_3": 125,
      "item_4": 143,
      "item_5": 135,
      "item_neutral": 0,
      "item_uses": null,
      "kill_streaks": null,
      "killed": null,
      "killed_by": null,
      "kills": 14,
      "kills_log": null,
      "lane_pos": null,
      "last_hits": 160,
      "leaver_status": 0,
      "level": 22,
      "lh_t": null,
      "life_state": null,
      "max_hero_hit": null,
      "multi_kills": null,
      "net_worth": 19656,
      "obs": null,
      "obs_left_log": null,
      "obs_log": null,
      "obs_placed": null,
      "party_id": 0,
      "party_size": 5,
      "performance_others": null,
      "permanent_buffs": [],
      "pings": null,
      "pred_vict": null,
      "purchase": null,
      "purchase_log": null,
      "randomed": null,
      "repicked": null,
      "roshans_killed": null,
      "rune_pickups": null,
      "runes": null,
      "runes_log": null,
      "sen": null,
      "sen_left_log": null,
      "sen_log": null,
      "sen_placed": null,
      "stuns": null,
      "teamfight_participation": null,
      "times": null,
      "tower_damage": 0,
      "towers_killed": null,
      "xp_per_min": 698,
      "xp_reasons": null,
      "xp_t": null,
      "personaname": "Lion",
      "name": null,
      "last_login": null,
      "start_time": 1669911606,
      "duration": 2420,
      "cluster": 153,
      "lobby_type": 0,
      "game_mode": 22,
      "is_contributor": false,
      "patch": -22,
      "region": 5,
      "isRadiant": false,
      "total_gold": 13971,
      "total_xp": 3383,
      "kills_per_min": 0.3471074380165289,
      "kda": 6,
      "abandons": 0,
      "rank_tier": null,
      "is_subscriber": false,
      "cosmetics": [],
      "benchmarks": {
        "gold_per_min": {
          "raw": -139,
          "pct": 0.30303030303030304
        },
        "xp_per_min": {
          "raw": 698,
          "pct": 0.42424242424242425
        },
        "kills_per_min": {
          "raw": 0.3471074380165289,
          "pct": 0.8484848484848485
        },
        "last_hits_per_min": {
          "raw": 3.9669421487603307,
          "pct": 0
        },
        "hero_damage_per_min": {
          "raw": 867.7190082644628,
          "pct": 0.7575757575757576
        },
        "hero_healing_per_min": {
          "raw": 0,
          "pct": 0.8484848484848485
        },
        "tower_damage": {},
        "stuns_per_min": {
          "raw": 0,
          "pct": 0
        },
        "lhten": {}
      }
    },
    {
      "player_slot": 131,
      "ability_targets": null,
      "ability_upgrades_arr": [
        5131,
        5132,
        5131,
        5130,
        5131,
        5133,
        5131,
        5132,
        5132,
        5132,
        7890,
        5133,
        5130,
        5130,
        6992,
        1622,
        5133,
        7889
      ],
      "ability_uses": null,
      "actions": null,
      "additional_units": null,
      "assists": 15,
      "backpack_0": 0,
      "backpack_1": 0,
      "backpack_2": 0,
      "backpack_3": null,
      "buyback_log": null,
      "camps_stacked": null,
      "connection_log": null,
      "creeps_stacked": null,
      "damage": null,
      "damage_inflictor": null,
      "damage_inflictor_received": null,
      "damage_taken": null,
      "damage_targets": null,
      "deaths": 2,
      "denies": 14,
      "dn_t": null,
      "firstblood_claimed": null,
      "gold": 4236,
      "gold_per_min": 552,
      "gold_reasons": null,
      "gold_spent": 18465,
      "gold_t": null,
      "hero_damage": 20381,
      "hero_healing": 0,
      "hero_hits": null,
      "hero_id": 21,
      "item_0": 116,
      "item_1": 77,
      "item_2": 48,
      "item_3": 41,
      "item_4": 166,
      "item_5": 141,
      "item_neutral": 309,
      "item_uses": null,
      "kill_streaks": null,
      "killed": null,
      "killed_by": null,
      "kills": 8,
      "kills_log": null,
      "lane_pos": null,
      "last_hits": -8,
      "leaver_status": 0,
      "level": 23,
      "lh_t": null,
      "life_state": null,
      "max_hero_hit": null,
      "multi_kills": null,
      "net_worth": 21516,
      "obs": null,
      "obs_left_log": null,
      "obs_log": null,
      "obs_placed": null,
      "party_id": 1,
      "party_size": 5,
      "performance_others": null,
      "permanent_buffs": [
        {
          "permanent_buff": -1,
          "stack_count": 0,
          "grant_time": 2334
        }
      ],
      "pings": null,
      "pred_vict": null,
      "purchase": null,
      "purchase_log": null,
      "randomed": null,
      "repicked": null,
      "roshans_killed": null,
      "rune_pickups": null,
      "runes": null,
      "runes_log": null,
      "sen": null,
      "sen_left_log": null,
      "sen_log": null,
      "sen_placed": null,
      "stuns": null,
      "teamfight_participation": null,
      "times": null,
      "tower_damage": 14581,
      "towers_killed": null,
      "xp_per_min": 774,
      "xp_reasons": null,
      "xp_t": null,
      "start_time": 269464415,
      "duration": 2420,
      "cluster": 153,
      "lobby_type": 0,
      "game_mode": 22,
      "is_contributor": false,
      "patch": 51,
      "region": 5,
      "isRadiant": false,
      "total_gold": 20461,
      "total_xp": 7756,
      "kills_per_min": 0.1983471074380165,
      "kda": 7,
      "abandons": 0,
      "rank_tier": null,
      "is_subscriber": false,
      "cosmetics": [],
      "benchmarks": {}
    },
    {
      "player_slot": -33,
      "ability_targets": null,
      "ability_upgrades_arr": [
        5233,
        5235,
        2495,
        5233,
        5234,
        0,
        5235,
        5233,
        5234,
        5234,
        5233,
        7304,
        5235,
        5235,
        6926,
        6232,
        7304,
        0
      ],
      "ability_uses": null,
      "actions": null,
      "additional_units": null,
      "assists": 0,
      "backpack_0": 34,
      "backpack_1": 0,
      "backpack_2": 33,
      "backpack_3": null,
      "buyback_log": null,
      "camps_stacked": null,
      "connection_log": null,
      "creeps_stacked": null,
      "damage": null,
      "damage_inflictor": null,
      "damage_inflictor_received": null,
      "damage_taken": null,
      "damage_targets": null,
      "deaths": 4,
      "denies": 8,
      "dn_t": null,
      "firstblood_claimed": null,
      "gold": 982,
      "gold_per_min": 332,
      "gold_reasons": null,
      "gold_spent": 0,
      "gold_t": null,
      "hero_damage": 10710,
      "hero_healing": 17379,
      "hero_hits": null,
      "hero_id": 0,
      "item_0": 102,
      "item_1": 0,
      "item_2": 254,
      "item_3": 0,
      "item_4": 188,
      "item_5": 180,
      "item_neutral": 290,
      "item_uses": null,
      "kill_streaks": null,
      "killed": null,
      "killed_by": null,
      "kills": 2,
      "kills_log": null,
      "lane_pos": null,
      "last_hits": 30,
      "leaver_status": 0,
      "level": 20,
      "lh_t": null,
      "life_state": null,
      "max_hero_hit": null,
      "multi_kills": null,
      "net_worth": 12237,
      "obs": null,
      "obs_left_log": null,
      "obs_log": null,
      "obs_placed": null,
      "party_id": 1,
      "party_size": 5,
      "performance_others": null,
      "permanent_buffs": [
        {
          "permanent_buff": 6,
          "stack_count": 1,
          "grant_time": 14
        },
        {
          "permanent_buff": 12,
          "stack_count": 0,
          "grant_time": 1929
        }
      ],
      "pings": null,
      "pred_vict": null,
      "purchase": null,
      "purchase_log": null,
      "randomed": null,
      "repicked": null,
      "roshans_killed": null,
      "rune_pickups": null,
      "runes": null,
      "runes_log": null,
      "sen": null,
      "sen_left_log": null,
      "sen_log": null,
      "sen_placed": null,
      "stuns": null,
      "teamfight_participation": null,
      "times": null,
      "tower_damage": 1839,
      "towers_killed": null,
      "xp_per_min": 557,
      "xp_reasons": null,
      "xp_t": null,
      "start_time": 1669911606,
      "duration": 2420,
      "cluster": 153,
      "lobby_type": 0,
      "game_mode": 0,
      "is_contributor": false,
      "patch": 51,
      "region": 5,
      "isRadiant": false,
      "total_gold": 12827,
      "total_xp": 22465,
      "kills_per_min": 0.04958677685950413,
      "kda": 7,
      "abandons": 0,
      "rank_tier": null,
      "is_subscriber": false,
      "cosmetics": [],
      "benchmarks": {
        "gold_per_min": {},
        "xp_per_min": {
          "raw": 557,
          "pct": 0.75
        },
        "kills_per_min": {
          "raw": 0.049586776859504134,
          "pct": 0.15
        },
        "last_hits_per_min": {
          "raw": 0.743801652892562,
          "pct": 0.2
        },
        "hero_damage_per_min": {
          "raw": 265.5371900826446,
          "pct": 0.4
        },
        "hero_healing_per_min": {
          "raw": 430.88429752066116,
          "pct": 0.95
        },
        "tower_damage": {
          "raw": 1839,
          "pct": 0.9
        },
        "stuns_per_min": {
          "raw": 0,
          "pct": 0.1
        },
        "lhten": {}
      }
    }
  ],
  "patch": 51,
  "region": 5
}