{
  "chat": null,
  "cluster": 153,
  "cosmetics": null,
  "dire_score": 45,
  "dire_team_id": null,
  "draft_timings": null,
  "duration": 2465,
  "engine": 1,
  "first_blood_time": 132,
  "game_mode": 22,
  "human_players": 10,
  "leagueid": 0,
  "lobby_type": 0,
  "match_seq_num": 5780380093,
  "negative_votes": 0,
  "objectives": null,
  "picks_bans": [
    {
      "is_pick": true,
      "hero_id": 44,
      "team": 0,
      "order": 0
    },
    {
      "is_pick": true,
      "hero_id": 71,
      "team": 1,
      "order": 0
    },
    {
      "is_pick": true,
      "hero_id": 69,
      "team": 0,
      "order": 0
    },
    {
      "is_pick": true,
      "hero_id": 46,
      "team": 0,
      "order": 3
    },
    {},
    {
      "is_pick": true,
      "hero_id": 123,
      "team": 0,
      "order": 5
    },
    {
      "is_pick": true,
      "hero_id": -3,
      "team": 0,
      "order": 0
    },
    {
      "is_pick": true,
      "hero_id": 0,
      "team": 1,
      "order": 7
    },
    {
      "is_pick": true,
      "hero_id": 0,
      "team": 0,
      "order": 8
    },
    {
      "is_pick": false,
      "hero_id": 20,
      "team": 0,
      "order": 9
    },
    {
      "is_pick": false,
      "hero_id": -10,
      "team": 0,
      "order": 10
    }
  ],
  "positive_votes": 0,
  "radiant_gold_adv": null,
  "radiant_score": 55,
  "radiant_team_id": null,
  "radiant_xp_adv": null,
  "skill": null,
  "start_time": 1669912624,
  "teamfights": null,
  "version": null,
  "replay_salt": 737903556,
  "series_id": 0,
  "series_type": 0,
  "players": [
    {
      "player_slot": 0,
      "ability_targets": null,
      "ability_upgrades_arr": [
        5286,
        5285,
        0,
        0,
        5286,
        5288,
        2356,
        5286,
        5285,
        484,
        5285,
        5288,
        0,
        5287,
        959,
        5287,
        5288,
        6018
      ],
      "ability_uses": null,
      "actions": null,
      "additional_units": null,
      "assists": 0,
      "backpack_0": 0,
      "backpack_1": 0,
      "backpack_2": 0,
      "backpack_3": null,
      "buyback_log": null,
      "camps_stacked": null,
      "connection_log": null,
      "creeps_stacked": null,
      "damage": null,
      "damage_inflictor": null,
      "damage_inflictor_received": null,
      "damage_taken": null,
      "damage_targets": null,
      "deaths": 16,
      "denies": 3,
      "dn_t": null,
      "firstblood_claimed": null,
      "gold": 3959,
      "gold_per_min": 611,
      "gold_reasons": null,
      "gold_spent": 18765,
      "gold_t": null,
      "hero_damage": 24902,
      "hero_healing": 0,
      "hero_hits": null,
      "hero_id": 62,
      "item_0": 63,
      "item_1": 229,
      "item_2": 55,
      "item_3": 0,
      "item_4": 108,
      "item_5": 145,
      "item_neutral": 381,
      "item_uses": null,
      "kill_streaks": null,
      "killed": null,
      "killed_by": null,
      "kills": 15,
      "kills_log": null,
      "lane_pos": null,
      "last_hits": 100,
      "leaver_status": 0,
      "level": 23,
      "lh_t": null,
      "life_state": null,
      "max_hero_hit": null,
      "multi_kills": null,
      "net_worth": -10527,
      "obs": null,
      "obs_left_log": null,
      "obs_log": null,
      "obs_placed": null,
      "party_id": 0,
      "party_size": 1,
      "performance_others": null,
      "permanent_buffs": [
        {
          "permanent_buff": 6,
          "stack_count": 2,
          "grant_time": 896
        },
        {
          "permanent_buff": 10,
          "stack_count": 2217,
          "grant_time": 187
        }
      ],
      "pings": null,
      "pred_vict": null,
      "purchase": null,
      "purchase_log": null,
      "randomed": null,
      "repicked": null,
      "roshans_killed": null,
      "rune_pickups": null,
      "runes": null,
      "runes_log": null,
      "sen": null,
      "sen_left_log": null,
      "sen_log": null,
      "sen_placed": null,
      "stuns": null,
      "teamfight_participation": null,
      "times": null,
      "tower_damage": 3338,
      "towers_killed": null,
      "xp_per_min": 727,
      "xp_reasons": null,
      "xp_t": null,
      "start_time": 1669912624,
      "duration": 0,
      "cluster": 153,
      "lobby_type": 0,
      "game_mode": 22,
      "is_contributor": false,
      "patch": -21,
      "region": 5,
      "isRadiant": true,
      "total_gold": 25101,
      "total_xp": 18334,
      "kills_per_min": 0.36511156186612576,
      "kda": 0,
      "abandons": 0,
      "rank_tier": null,
      "is_subscriber": false,
      "cosmetics": [],
      "benchmarks": {
        "gold_per_min": {
          "raw": 0,
          "pct": 0.8333333333333334
        },
        "xp_per_min": {},
        "kills_per_min": {
          "raw": 0.36511156186612576,
          "pct": 0.8888888888888888
        },
        "last_hits_per_min": {
          "raw": 2.434077079107505,
          "pct": 0.6111111111111112
        },
        "hero_damage_per_min": {
          "raw": 606.1338742393509,
          "pct": 0.6111111111111112
        },
        "hero_healing_per_min": {
          "raw": 0,
          "pct": 0.9444444444444444
        },
        "tower_damage": {
          "raw": 3338,
          "pct": 0.9444444444444444
        },
        "stuns_per_min": {
          "raw": 0,
          "pct": 0.1111111111111111
        },
        "lhten": {}
      }
    },
    {
      "player_slot": 1,
      "ability_targets": null,
      "ability_upgrades_arr": [
        5069,
        5072,
        5069,
        5071,
        5069,
        5073,
        5069,
        5071,
        5071,
        5071,
        5072,
        5073,
        1057,
        5072,
        407,
        0,
        -2418,
        6402,
        348,
        767
      ],
      "ability_uses": null,
      "actions": null,
      "additional_units": null,
      "assists": 27,
      "backpack_0": 0,
      "backpack_1": 0,
      "backpack_2": 0,
      "backpack_3": null,
      "buyback_log": null,
      "camps_stacked": null,
      "connection_log": null,
      "creeps_stacked": null,
      "damage": null,
      "damage_inflictor": null,
      "damage_inflictor_received": null,
      "damage_taken": null,
      "damage_targets": null,
      "deaths": 0,
      "denies": 2,
      "dn_t": null,
      "firstblood_claimed": null,
      "gold": 1859,
      "gold_per_min": 0,
      "gold_reasons": null,
      "gold_spent": 23585,
      "gold_t": null,
      "hero_damage": 37744,
      "hero_healing": 0,
      "hero_hits": null,
      "hero_id": 13,
      "item_0": 0,
      "item_1": 273,
      "item_2": 1,
      "item_3": 108,
      "item_4": 48,
      "item_5": 235,
      "item_neutral": 990,
      "item_uses": null,
      "kill_streaks": null,
      "killed": null,
      "killed_by": null,
      "kills": 9,
      "kills_log": null,
      "lane_pos": null,
      "last_hits": 223,
      "leaver_status": 0,
      "level": 0,
      "lh_t": null,
      "life_state": null,
      "max_hero_hit": null,
      "multi_kills": null,
      "net_worth": 0,
      "obs": null,
      "obs_left_log": null,
      "obs_log": null,
      "obs_placed": null,
      "party_id": 1,
      "party_size": 1,
      "performance_others": null,
      "permanent_buffs": [
        {
          "permanent_buff": 6,
          "stack_count": 1,
          "grant_time": 1486
        }
      ],
      "pings": null,
      "pred_vict": null,
      "purchase": null,
      "purchase_log": null,
      "randomed": null,
      "repicked": null,
      "roshans_killed": null,
      "rune_pickups": null,
      "runes": null,
      "runes_log": null,
      "sen": null,
      "sen_left_log": null,
      "sen_log": null,
      "sen_placed": null,
      "stuns": null,
      "teamfight_participation": null,
      "times": null,
      "tower_damage": 1746,
      "towers_killed": null,
      "xp_per_min": 932,
      "xp_reasons": null,
      "xp_t": null,
      "start_time": 1669912624,
      "duration": 2465,
      "cluster": 153,
      "lobby_type": 0,
      "game_mode": 22,
      "is_contributor": false,
      "patch": 51,
      "region": 5,
      "isRadiant": true,
      "total_gold": 24814,
      "total_xp": 33982,
      "kills_per_min": 0.21906693711967545,
      "kda": 1,
      "abandons": 0,
      "rank_tier": null,
      "is_subscriber": false,
      "cosmetics": [],
      "benchmarks": {}
    },
    {
      "player_slot": 2,
      "ability_targets": null,
      "ability_upgrades_arr": [
        5339,
        5340,
        5341,
        0,
        1340,
        5342,
        5340,
        5340,
        5339,
        6369,
        5340,
        -165,
        5341,
        5341,
        7123,
        5341,
        5342,
        970
      ],
      "ability_uses": null,
      "actions": null,
      "additional_units": null,
      "assists": 28,
      "backpack_0": 0,
      "backpack_1": 0,
      "backpack_2": 0,
      "backpack_3": null,
      "buyback_log": null,
      "camps_stacked": null,
      "connection_log": null,
      "creeps_stacked": null,
      "damage": null,
      "damage_inflictor": null,
      "damage_inflictor_received": null,
      "damage_taken": null,
      "damage_targets": null,
      "deaths": 8,
      "denies": 5,
      "dn_t": null,
      "firstblood_claimed": null,
      "gold": 3934,
      "gold_per_min": 486,
      "gold_reasons": null,
      "gold_spent": 0,
      "gold_t": null,
      "hero_damage": 791,
      "hero_healing": 0,
      "hero_hits": null,
      "hero_id": 69,
      "item_0": 1,
      "item_1": 119,
      "item_2": 242,
      "item_3": 50,
      "item_4": 36,
      "item_5": -88,
      "item_neutral": 336,
      "item_uses": null,
      "kill_streaks": null,
      "killed": null,
      "killed_by": null,
      "kills": 2,
      "kills_log": null,
      "lane_pos": null,
      "last_hits": 112,
      "leaver_status": 0,
      "level": 22,
      "lh_t": null,
      "life_state": null,
      "max_hero_hit": null,
      "multi_kills": null,
      "net_worth": 17539,
      "obs": null,
      "obs_left_log": null,
      "obs_log": null,
      "obs_placed": null,
      "party_id": 2,
      "party_size": 1,
      "performance_others": null,
      "permanent_buffs": [],
      "pings": null,
      "pred_vict": null,
      "purchase": null,
      "purchase_log": null,
      "randomed": null,
      "repicked": null,
      "roshans_killed": null,
      "rune_pickups": null,
      "runes": null,
      "runes_log": null,
      "sen": null,
      "sen_left_log": null,
      "sen_log": null,
      "sen_placed": null,
      "stuns": null,
      "teamfight_participation": null,
      "times": null,
      "tower_damage": 1841,
      "towers_killed": null,
      "xp_per_min": 672,
      "xp_reasons": null,
      "xp_t": null,
      "start_time": -636509613,
      "duration": 2465,
      "cluster": 153,
      "lobby_type": 0,
      "game_mode": 22,
      "is_contributor": false,
      "patch": 51,
      "region": -2,
      "isRadiant": true,
      "total_gold": 19966,
      "total_xp": 2681,
      "kills_per_min": 0.0486815415821501,
      "kda": 0,
      "abandons": 0,
      "rank_tier": null,
      "is_subscriber": false,
      "cosmetics": [],
      "benchmarks": {
        "gold_per_min": {
          "raw": 486,
          "pct": 0.14285714285714285
        },
        "xp_per_min": {
          "raw": 672,
          "pct": 0.034170758174508056
        },
        "kills_per_min": {
          "raw": 0.0486815415821501,
          "pct": 0.14285714285714285
        },
        "last_hits_per_min": {
          "raw": 2.7261663286004056,
          "pct": 0.05714285714285714
        },
        "hero_damage_per_min": {
          "raw": 456.4137931034483,
          "pct": 0.4857142857142857
        },
        "hero_healing_per_min": {
          "raw": 0,
          "pct": 0.8285714285714286
        },
        "tower_damage": {},
        "stuns_per_min": {
          "raw": 0,
          "pct": 0.05714285714285714
        },
        "lhten": {}
      }
    },
    {
      "player_slot": 3,
      "ability_targets": null,
      "ability_upgrades_arr": [
        8158,
        8429,
        8158,
        8429,
        0,
        8106,
        8158,
        8429,
        -2119,
        9510,
        9501,
        8106,
        -11,
        2053,
        9513,
        9501,
        0,
        9506
      ],
      "ability_uses": null,
      "actions": null,
      "additional_units": null,
      "assists": 23,
      "backpack_0": 0,
      "backpack_1": 0,
      "backpack_2": 38,
      "backpack_3": null,
      "buyback_log": null,
      "camps_stacked": null,
      "connection_log": null,
      "creeps_stacked": null,
      "damage": null,
      "damage_inflictor": null,
      "damage_inflictor_received": null,
      "damage_taken": null,
      "damage_targets": null,
      "deaths": 10,
      "denies": 2,
      "dn_t": null,
      "firstblood_claimed": null,
      "gold": 2970,
      "gold_per_min": 0,
      "gold_reasons": null,
      "gold_spent": 14215,
      "gold_t": null,
      "hero_damage": 1929,
      "hero_healing": 0,
      "hero_hits": null,
      "hero_id": 123,
      "item_0": -80,
      "item_1": 100,
      "item_2": 40,
      "item_3": 123,
      "item_4": 0,
      "item_5": 0,
      "item_neutral": 290,
      "item_uses": null,
      "kill_streaks": null,
      "killed": null,
      "killed_by": null,
      "kills": 4,
      "kills_log": null,
      "lane_pos": null,
      "last_hits": 86,
      "leaver_status": 0,
      "level": 21,
      "lh_t": null,
      "life_state": null,
      "max_hero_hit": null,
      "multi_kills": null,
      "net_worth": 14425,
      "obs": null,
      "obs_left_log": null,
      "obs_log": null,
      "obs_placed": null,
      "party_id": 3,
      "party_size": 1,
      "performance_others": null,
      "permanent_buffs": [],
      "pings": null,
      "pred_vict": null,
      "purchase": null,
      "purchase_log": null,
      "randomed": null,
      "repicked": null,
      "roshans_killed": null,
      "rune_pickups": null,
      "runes": null,
      "runes_log": null,
      "sen": null,
      "sen_left_log": null,
      "sen_log": null,
      "sen_placed": null,
      "stuns": null,
      "teamfight_participation": null,
      "times": null,
      "tower_damage": 520,
      "towers_killed": null,
      "xp_per_min": 613,
      "xp_reasons": null,
      "xp_t": null,
      "personaname": "eejeesee asuu :)",
      "name": null,
      "last_login": null,
      "start_time": 1669912624,
      "duration": 2465,
      "cluster": 153,
      "lobby_type": 0,
      "game_mode": 22,
      "is_contributor": false,
      "patch": 51,
      "region": 5,
      "isRadiant": true,
      "total_gold": 17296,
      "total_xp": 4519,
      "kills_per_min": 0.0973630831643002,
      "kda": 1,
      "abandons": 0,
      "rank_tier": 63,
      "is_subscriber": false,
      "cosmetics": [],
      "benchmarks": {
        "gold_per_min": {
          "raw": 421,
          "pct": 0.9310344827586207
        },
        "xp_per_min": {
          "raw": 613,
          "pct": 0.7758620689655172
        },
        "kills_per_min": {
          "raw": 0.043283350975842405,
          "pct": -0.014116430703190515
        },
        "last_hits_per_min": {},
        "hero_damage_per_min": {
          "raw": 483.6024340770791,
          "pct": -0.26668320002284435
        },
        "hero_healing_per_min": {
          "raw": 0,
          "pct": 0.8275862068965517
        },
        "tower_damage": {
          "raw": 520,
          "pct": -0.1949698180080441
        },
        "stuns_per_min": {
          "raw": 0,
          "pct": 0.017241379310344827
        },
        "lhten": {}
      }
    },
    {
      "player_slot": 4,
      "ability_targets": null,
      "ability_upgrades_arr": [
        5190,
        5191,
        -520,
        -1823,
        5190,
        5193,
        5190,
        5191,
        5191,
        483,
        5191,
        5193,
        -717,
        5192,
        490,
        5192,
        0,
        15,
        6192,
        559,
        6848,
        491
      ],
      "ability_uses": null,
      "actions": null,
      "additional_units": null,
      "assists": 0,
      "backpack_0": 376,
      "backpack_1": 569,
      "backpack_2": 0,
      "backpack_3": null,
      "buyback_log": null,
      "camps_stacked": null,
      "connection_log": null,
      "creeps_stacked": null,
      "damage": null,
      "damage_inflictor": null,
      "damage_inflictor_received": null,
      "damage_taken": null,
      "damage_targets": null,
      "deaths": 5,
      "denies": 14,
      "dn_t": null,
      "firstblood_claimed": null,
      "gold": 5646,
      "gold_per_min": 879,
      "gold_reasons": null,
      "gold_spent": 31565,
      "gold_t": null,
      "hero_damage": 50356,
      "hero_healing": 0,
      "hero_hits": null,
      "hero_id": 44,
      "item_0": 0,
      "item_1": 208,
      "item_2": 156,
      "item_3": 168,
      "item_4": 160,
      "item_5": 154,
      "item_neutral": 309,
      "item_uses": null,
      "kill_streaks": null,
      "killed": null,
      "killed_by": null,
      "kills": 25,
      "kills_log": null,
      "lane_pos": null,
      "last_hits": 344,
      "leaver_status": 0,
      "level": 29,
      "lh_t": null,
      "life_state": null,
      "max_hero_hit": null,
      "multi_kills": null,
      "net_worth": 36371,
      "obs": null,
      "obs_left_log": null,
      "obs_log": null,
      "obs_placed": null,
      "party_id": 4,
      "party_size": 1,
      "performance_others": null,
      "permanent_buffs": [
        {}
      ],
      "pings": null,
      "pred_vict": null,
      "purchase": null,
      "purchase_log": null,
      "randomed": null,
      "repicked": null,
      "roshans_killed": null,
      "rune_pickups": null,
      "runes": null,
      "runes_log": null,
      "sen": null,
      "sen_left_log": null,
      "sen_log": null,
      "sen_placed": null,
      "stuns": null,
      "teamfight_participation": null,
      "times": null,
      "tower_damage": 18998,
      "towers_killed": null,
      "xp_per_min": 1026,
      "xp_reasons": null,
      "xp_t": null,
      "personaname": "SKRRRTTT",
      "name": null,
      "last_login": null,
      "start_time": 1669912624,
      "duration": 2465,
      "cluster": 153,
      "lobby_type": 0,
      "game_mode": 22,
      "is_contributor": false,
      "patch": 51,
      "region": 5,
      "isRadiant": true,
      "total_gold": 36112,
      "total_xp": 29571,
      "kills_per_min": 0.6085192697768762,
      "kda": 1,
      "abandons": 0,
      "rank_tier": null,
      "is_subscriber": false,
      "cosmetics": [],
      "benchmarks": {
        "gold_per_min": {
          "raw": 879,
          "pct": 1
        },
        "xp_per_min": {
          "raw": 1026,
          "pct": 1
        },
        "kills_per_min": {
          "raw": 0.010785781481637903,
          "pct": 0.9259259259259259
        },
        "last_hits_per_min": {
          "raw": 8.373225152129818,
          "pct": 0.6296296296296297
        },
        "hero_damage_per_min": {},
        "hero_healing_per_min": {
          "raw": 0,
          "pct": 0.9629629629629629
        },
        "tower_damage": {
          "raw": 18998,
          "pct": 1
        },
        "stuns_per_min": {},
        "lhten": {}
      }
    },
    {
      "player_slot": -1,
      "ability_targets": null,
      "ability_upgrades_arr": [
        -344,
        5184,
        5691,
        5182,
        5182,
        0,
        5182,
        5184,
        5184,
        5184,
        5691,
        0,
        867,
        1688,
        5691,
        7388,
        0,
        6128
      ],
      "ability_uses": null,
      "actions": null,
      "additional_units": null,
      "assists": 0,
      "backpack_0": 0,
      "backpack_1": 0,
      "backpack_2": 0,
      "backpack_3": null,
      "buyback_log": null,
      "camps_stacked": null,
      "connection_log": null,
      "creeps_stacked": null,
      "damage": null,
      "damage_inflictor": null,
      "damage_inflictor_received": null,
      "damage_taken": null,
      "damage_targets": null,
      "deaths": 11,
      "denies": 5,
      "dn_t": null,
      "firstblood_claimed": null,
      "gold": 175,
      "gold_per_min": 0,
      "gold_reasons": null,
      "gold_spent": 18945,
      "gold_t": null,
      "hero_damage": 25320,
      "hero_healing": 0,
      "hero_hits": null,
      "hero_id": 41,
      "item_0": 63,
      "item_1": 172,
      "item_2": 116,
      "item_3": 158,
      "item_4": 135,
      "item_5": 0,
      "item_neutral": 309,
      "item_uses": null,
      "kill_streaks": null,
      "killed": null,
      "killed_by": null,
      "kills": 13,
      "kills_log": null,
      "lane_pos": null,
      "last_hits": 224,
      "leaver_status": 0,
      "level": 23,
      "lh_t": null,
      "life_state": null,
      "max_hero_hit": null,
      "multi_kills": null,
      "net_worth": -2319,
      "obs": null,
      "obs_left_log": null,
      "obs_log": null,
      "obs_placed": null,
      "party_id": 5,
      "party_size": 1,
      "performance_others": null,
      "permanent_buffs": [],
      "pings": null,
      "pred_vict": null,
      "purchase": null,
      "purchase_log": null,
      "randomed": null,
      "repicked": null,
      "roshans_killed": null,
      "rune_pickups": null,
      "runes": null,
      "runes_log": null,
      "sen": null,
      "sen_left_log": null,
      "sen_log": null,
      "sen_placed": null,
      "stuns": null,
      "teamfight_participation": null,
      "times": null,
      "tower_damage": 363,
      "towers_killed": null,
      "xp_per_min": 742,
      "xp_reasons": null,
      "xp_t": null,
      "start_time": 0,
      "duration": 2465,
      "cluster": 153,
      "lobby_type": 0,
      "game_mode": 22,
      "is_contributor": false,
      "patch": 51,
      "region": 0,
      "isRadiant": false,
      "total_gold": 20870,
      "total_xp": 5204,
      "kills_per_min": 0.31643002028397565,
      "kda": 0,
      "abandons": 0,
      "rank_tier": null,
      "is_subscriber": false,
      "cosmetics": [],
      "benchmarks": {
        "gold_per_min": {
          "raw": 508,
          "pct": 0.3333333333333333
        },
        "xp_per_min": {
          "raw": 742,
          "pct": 0.36666666666666664
        },
        "kills_per_min": {
          "raw": 0.31643002028397565,
          "pct": 0.8
        },
        "last_hits_per_min": {
          "raw": 0.6286309038411965,
          "pct": 0.13333333333333333
        },
        "hero_damage_per_min": {
          "raw": 616.3083164300202,
          "pct": 0.5666666666666667
        },
        "hero_healing_per_min": {
          "raw": 0,
          "pct": 1
        },
        "tower_damage": {
          "raw": 0,
          "pct": 0.2
        },
        "stuns_per_min": {
          "raw": 0,
          "pct": 0.03333333333333333
        },
        "lhten": {}
      }
    },
    {
      "player_slot": 39,
      "ability_targets": null,
      "ability_upgrades_arr": [
        5008,
        5009,
        5009,
        5008,
        5008,
        5010,
        5008,
        5009,
        5007,
        5009,
        5007,
        0,
        5007,
        9401,
        0,
        6991,
        5010,
        6815,
        6102
      ],
      "ability_uses": null,
      "actions": null,
      "additional_units": null,
      "assists": 16,
      "backpack_0": 0,
      "backpack_1": 0,
      "backpack_2": 0,
      "backpack_3": null,
      "buyback_log": null,
      "camps_stacked": null,
      "connection_log": null,
      "creeps_stacked": null,
      "damage": null,
      "damage_inflictor": null,
      "damage_inflictor_received": null,
      "damage_taken": null,
      "damage_targets": null,
      "deaths": 10,
      "denies": 3,
      "dn_t": null,
      "firstblood_claimed": null,
      "gold": 674,
      "gold_per_min": 562,
      "gold_reasons": null,
      "gold_spent": 20140,
      "gold_t": null,
      "hero_damage": 10822,
      "hero_healing": 0,
      "hero_hits": null,
      "hero_id": 0,
      "item_0": 1,
      "item_1": 127,
      "item_2": 226,
      "item_3": 114,
      "item_4": 125,
      "item_5": -14,
      "item_neutral": 834,
      "item_uses": null,
      "kill_streaks": null,
      "killed": null,
      "killed_by": null,
      "kills": 0,
      "kills_log": null,
      "lane_pos": null,
      "last_hits": 211,
      "leaver_status": 0,
      "level": 0,
      "lh_t": null,
      "life_state": null,
      "max_hero_hit": null,
      "multi_kills": null,
      "net_worth": 19699,
      "obs": null,
      "obs_left_log": null,
      "obs_log": null,
      "obs_placed": null,
      "party_id": 0,
      "party_size": 1,
      "performance_others": null,
      "permanent_buffs": [
        {
          "permanent_buff": 2,
          "stack_count": 0,
          "grant_time": 1463
        },
        {
          "permanent_buff": 13,
          "stack_count": 0,
          "grant_time": 691
        }
      ],
      "pings": null,
      "pred_vict": null,
      "purchase": null,
      "purchase_log": null,
      "randomed": null,
      "repicked": null,
      "roshans_killed": null,
      "rune_pickups": null,
      "runes": null,
      "runes_log": null,
      "sen": null,
      "sen_left_log": null,
      "sen_log": null,
      "sen_placed": null,
      "stuns": null,
      "teamfight_participation": null,
      "times": null,
      "tower_damage": 103,
      "towers_killed": null,
      "xp_per_min": -112,
      "xp_reasons": null,
      "xp_t": null,
      "start_time": 1669912624,
      "duration": 2465,
      "cluster": 153,
      "lobby_type": 0,
      "game_mode": 22,
      "is_contributor": false,
      "patch": 51,
      "region": 0,
      "isRadiant": false,
      "total_gold": 4809,
      "total_xp": 37468,
      "kills_per_min": 0.4381338742393509,
      "kda": 3,
      "abandons": 0,
      "rank_tier": null,
      "is_subscriber": false,
      "cosmetics": [],
      "benchmarks": {
        "gold_per_min": {
          "raw": 562,
          "pct": 0.7391304347826086
        },
        "xp_per_min": {
          "raw": 912,
          "pct": 0.9130434782608695
        },
        "kills_per_min": {
          "raw": 0.4381338742393509,
          "pct": 0.9565217391304348
        },
        "last_hits_per_min": {},
        "hero_damage_per_min": {
          "raw": 1147.6916835699797,
          "pct": 1
        },
        "hero_healing_per_min": {
          "raw": 0,
          "pct": 0.9130434782608695
        },
        "tower_damage": {
          "raw": 103,
          "pct": 0.13043478260869565
        },
        "stuns_per_min": {
          "raw": 0,
          "pct": 0
        },
        "lhten": {}
      }
    },
    {
      "player_slot": 130,
      "ability_targets": null,
      "ability_upgrades_arr": [
        5355,
        5353,
        5355,
        5353,
        5355,
        5356,
        5355,
        777,
        7301,
        0,
        5353,
        5356,
        7301,
        7301,
        5940,
        7301,
        708,
        830
      ],
      "ability_uses": null,
      "actions": null,
      "additional_units": null,
      "assists": 25,
      "backpack_0": 40,
      "backpack_1": 0,
      "backpack_2": 0,
      "backpack_3": null,
      "buyback_log": null,
      "camps_stacked": null,
      "connection_log": null,
      "creeps_stacked": null,
      "damage": null,
      "damage_inflictor": null,
      "damage_inflictor_received": null,
      "damage_taken": null,
      "damage_targets": null,
      "deaths": 10,
      "denies": 0,
      "dn_t": null,
      "firstblood_claimed": null,
      "gold": 963,
      "gold_per_min": 350,
      "gold_reasons": null,
      "gold_spent": 2208,
      "gold_t": null,
      "hero_damage": 18095,
      "hero_healing": 0,
      "hero_hits": null,
      "hero_id": 71,
      "item_0": 32,
      "item_1": 50,
      "item_2": 152,
      "item_3": 0,
      "item_4": 42,
      "item_5": 73,
      "item_neutral": 949,
      "item_uses": null,
      "kill_streaks": null,
      "killed": null,
      "killed_by": null,
      "kills": 5,
      "kills_log": null,
      "lane_pos": null,
      "last_hits": 0,
      "leaver_status": 0,
      "level": 21,
      "lh_t": null,
      "life_state": null,
      "max_hero_hit": null,
      "multi_kills": null,
      "net_worth": 11548,
      "obs": null,
      "obs_left_log": null,
      "obs_log": null,
      "obs_placed": null,
      "party_id": 7,
      "party_size": 1,
      "performance_others": null,
      "permanent_buffs": [],
      "pings": null,
      "pred_vict": null,
      "purchase": null,
      "purchase_log": null,
      "randomed": null,
      "repicked": null,
      "roshans_killed": null,
      "rune_pickups": null,
      "runes": null,
      "runes_log": null,
      "sen": null,
      "sen_left_log": null,
      "sen_log": null,
      "sen_placed": null,
      "stuns": null,
      "teamfight_participation": null,
      "times": null,
      "tower_damage": 148,
      "towers_killed": null,
      "xp_per_min": 612,
      "xp_reasons": null,
      "xp_t": null,
      "personaname": "BrotherHoodWink",
      "name": null,
      "last_login": null,
      "start_time": 1669912624,
      "duration": 2465,
      "cluster": 0,
      "lobby_type": 0,
      "game_mode": 22,
      "is_contributor": false,
      "patch": 51,
      "region": 5,
      "isRadiant": false,
      "total_gold": 14257,
      "total_xp": 25143,
      "kills_per_min": 0.12170385395537525,
      "kda": 0,
      "abandons": 0,
      "rank_tier": 0,
      "is_subscriber": false,
      "cosmetics": [],
      "benchmarks": {
        "gold_per_min": {
          "raw": 350,
          "pct": 0.275
        },
        "xp_per_min": {
          "raw": 612,
          "pct": 0.575
        },
        "kills_per_min": {
          "raw": 0.12170385395537525,
          "pct": 0.425
        },
        "last_hits_per_min": {
          "raw": 2.5801217038539552,
          "pct": 0.275
        },
        "hero_damage_per_min": {
          "raw": 440.4462474645031,
          "pct": 0.6
        },
        "hero_healing_per_min": {
          "raw": 0,
          "pct": 0.925
        },
        "tower_damage": {
          "raw": 148,
          "pct": 0.275
        },
        "stuns_per_min": {
          "raw": 0,
          "pct": 0
        },
        "lhten": {}
      }
    },
    {
      "player_slot": 131,
      "ability_targets": null,
      "ability_upgrades_arr": [
        5256,
        5257,
        5256,
        2163,
        5256,
        5255,
        5258,
        5256,
        5255,
        0,
        275,
        -997,
        5257,
        316,
        6365,
        5257,
        5258
      ],
      "ability_uses": null,
      "actions": null,
      "additional_units": null,
      "assists": 26,
      "backpack_0": 0,
      "backpack_1": 0,
      "backpack_2": 0,
      "backpack_3": null,
      "buyback_log": null,
      "camps_stacked": null,
      "connection_log": null,
      "creeps_stacked": null,
      "damage": null,
      "damage_inflictor": null,
      "damage_inflictor_received": null,
      "damage_taken": null,
      "damage_targets": null,
      "deaths": 16,
      "denies": 0,
      "dn_t": null,
      "firstblood_claimed": null,
      "gold": 1160,
      "gold_per_min": 376,
      "gold_reasons": null,
      "gold_spent": 12395,
      "gold_t": null,
      "hero_damage": 22565,
      "hero_healing": 3773,
      "hero_hits": null,
      "hero_id": 55,
      "item_0": 1,
      "item_1": -7,
      "item_2": 231,
      "item_3": 188,
      "item_4": 216,
      "item_5": 0,
      "item_neutral": 256,
      "item_uses": null,
      "kill_streaks": null,
      "killed": null,
      "killed_by": null,
      "kills": 0,
      "kills_log": null,
      "lane_pos": null,
      "last_hits": 132,
      "leaver_status": 0,
      "level": 19,
      "lh_t": null,
      "life_state": null,
      "max_hero_hit": null,
      "multi_kills": null,
      "net_worth": 12675,
      "obs": null,
      "obs_left_log": null,
      "obs_log": null,
      "obs_placed": null,
      "party_id": 0,
      "party_size": 1,
      "performance_others": null,
      "permanent_buffs": [
        {
          "permanent_buff": 6,
          "stack_count": 0,
          "grant_time": 983
        }
      ],
      "pings": null,
      "pred_vict": null,
      "purchase": null,
      "purchase_log": null,
      "randomed": null,
      "repicked": null,
      "roshans_killed": null,
      "rune_pickups": null,
      "runes": null,
      "runes_log": null,
      "sen": null,
      "sen_left_log": null,
      "sen_log": null,
      "sen_placed": null,
      "stuns": null,
      "teamfight_participation": null,
      "times": null,
      "tower_damage": 0,
      "towers_killed": null,
      "xp_per_min": 514,
      "xp_reasons": null,
      "xp_t": null,
      "start_time": 1669912624,
      "duration": 2465,
      "cluster": 7,
      "lobby_type": 0,
      "game_mode": 22,
      "is_contributor": false,
      "patch": 51,
      "region": 5,
      "isRadiant": false,
      "total_gold": 15447,
      "total_xp": 21116,
      "kills_per_min": -0.013875491224544513,
      "kda": 1,
      "abandons": 0,
      "rank_tier": null,
      "is_subscriber": false,
      "cosmetics": [],
      "benchmarks": {
        "gold_per_min": {},
        "xp_per_min": {
          "raw": 514,
          "pct": 0.3
        },
        "kills_per_min": {
          "raw": 0.12170385395537525,
          "pct": 0.5
        },
        "last_hits_per_min": {
          "raw": 3.2129817444219064,
          "pct": 0.1
        },
        "hero_damage_per_min": {
          "raw": 549.2494929006085,
          "pct": 0.4
        },
        "hero_healing_per_min": {
          "raw": 91.83772819472617,
          "pct": 0.2
        },
        "tower_damage": {
          "raw": 0,
          "pct": 0.2
        },
        "stuns_per_min": {
          "raw": 0,
          "pct": 0
        },
        "lhten": {}
      }
    },
    {
      "player_slot": 132,
      "ability_targets": null,
      "ability_upgrades_arr": [
        5196,
        5194,
        5196,
        5194,
        874,
        -252,
        5196,
        5194,
        5194,
        5195,
        0,
        5197,
        5195,
        534,
        0,
        5195,
        5197,
        0
      ],
      "ability_uses": null,
      "actions": null,
      "additional_units": null,
      "assists": 17,
      "backpack_0": 0,
      "backpack_1": 0,
      "backpack_2": 0,
      "backpack_3": null,
      "buyback_log": null,
      "camps_stacked": null,
      "connection_log": null,
      "creeps_stacked": null,
      "damage": null,
      "damage_inflictor": null,
      "damage_inflictor_received": null,
      "damage_taken": null,
      "damage_targets": null,
      "deaths": 8,
      "denies": 7,
      "dn_t": null,
      "firstblood_claimed": null,
      "gold": 43,
      "gold_per_min": 473,
      "gold_reasons": null,
      "gold_spent": 0,
      "gold_t": null,
      "hero_damage": 18575,
      "hero_healing": 0,
      "hero_hits": null,
      "hero_id": 46,
      "item_0": 0,
      "item_1": 0,
      "item_2": 116,
      "item_3": 63,
      "item_4": -44,
      "item_5": 263,
      "item_neutral": 381,
      "item_uses": null,
      "kill_streaks": null,
      "killed": null,
      "killed_by": null,
      "kills": 4,
      "kills_log": null,
      "lane_pos": null,
      "last_hits": 106,
      "leaver_status": 0,
      "level": 24,
      "lh_t": null,
      "life_state": null,
      "max_hero_hit": null,
      "multi_kills": null,
      "net_worth": 0,
      "obs": null,
      "obs_left_log": null,
      "obs_log": null,
      "obs_placed": null,
      "party_id": 9,
      "party_size": 1,
      "performance_others": null,
      "permanent_buffs": [],
      "pings": null,
      "pred_vict": null,
      "purchase": null,
      "purchase_log": null,
      "randomed": null,
      "repicked": null,
      "roshans_killed": null,
      "rune_pickups": null,
      "runes": null,
      "runes_log": null,
      "sen": null,
      "sen_left_log": null,
      "sen_log": null,
      "sen_placed": null,
      "stuns": null,
      "teamfight_participation": null,
      "times": null,
      "tower_damage": -78,
      "towers_killed": null,
      "xp_per_min": 767,
      "xp_reasons": null,
      "xp_t": null,
      "personaname": "artstyle",
      "name": null,
      "last_login": null,
      "start_time": 1669912624,
      "duration": 2465,
      "cluster": 153,
      "lobby_type": 0,
      "game_mode": 22,
      "is_contributor": false,
      "patch": 10,
      "region": 5,
      "isRadiant": false,
      "total_gold": 6272,
      "total_xp": 7865,
      "kills_per_min": 0.0973630831643002,
      "kda": 2,
      "abandons": 0,
      "rank_tier": 44,
      "is_subscriber": false,
      "cosmetics": [],
      "benchmarks": {
        "gold_per_min": {
          "raw": 473,
          "pct": 0.034482758620689655
        },
        "xp_per_min": {
          "raw": 767,
          "pct": -0.04320498093496239
        },
        "kills_per_min": {
          "raw": 0.0973630831643002,
          "pct": 0.2413793103448276
        },
        "last_hits_per_min": {
          "raw": 6.401622718052738,
          "pct": 0.06896551724137931
        },
        "hero_damage_per_min": {
          "raw": 452.12981744421904,
          "pct": 0.1724137931034483
        },
        "hero_healing_per_min": {
          "raw": 0,
          "pct": 0.9655172413793104
        },
        "tower_damage": {
          "raw": 980,
          "pct": 0.10344827586206896
        },
        "stuns_per_min": {
          "raw": 0,
          "pct": 1
        },
        "lhten": {}
      }
    }
  ],
  "patch": 51,
  "region": 5
}