{
  "chat": null,
  "cluster": 154,
  "cosmetics": null,
  "dire_score": 0,
  "dire_team_id": null,
  "draft_timings": null,
  "duration": 2171,
  "engine": 1,
  "first_blood_time": 41,
  "game_mode": 9,
  "human_players": 10,
  "leagueid": 0,
  "lobby_type": 7,
  "match_seq_num": 5780378856,
  "negative_votes": 0,
  "objectives": null,
  "picks_bans": [
    {
      "is_pick": true,
      "hero_id": 14,
      "team": 0,
      "order": 0
    },
    {
      "is_pick": true,
      "hero_id": 85,
      "team": 0,
      "order": 1
    },
    {
      "is_pick": true,
      "hero_id": 87,
      "team": 1,
      "order": 2
    },
    {},
    {
      "is_pick": true,
      "hero_id": 17,
      "team": 0,
      "order": 1
    },
    {
      "is_pick": true,
      "hero_id": 11,
      "team": 0,
      "order": 0
    },
    {
      "is_pick": true,
      "hero_id": 104,
      "team": 1,
      "order": 0
    },
    {
      "is_pick": true,
      "hero_id": 93,
      "team": 1,
      "order": 7
    },
    {
      "is_pick": true,
      "hero_id": 28,
      "team": 0,
      "order": 8
    },
    {},
    {},
    {
      "is_pick": false,
      "hero_id": 32,
      "team": 0,
      "order": 11
    },
    {}
  ],
  "positive_votes": 0,
  "radiant_gold_adv": null,
  "radiant_score": 63,
  "radiant_team_id": null,
  "radiant_xp_adv": null,
  "skill": null,
  "start_time": 0,
  "teamfights": null,
  "version": null,
  "replay_salt": 568531073,
  "series_id": 0,
  "series_type": 0,
  "players": [
    {
      "player_slot": 0,
      "ability_targets": null,
      "ability_upgrades_arr": [
        5059,
        0,
        5059,
        5062,
        0,
        1782,
        5059,
        5062,
        -2259,
        2654,
        5063,
        5064,
        5063,
        5063,
        0,
        0,
        5064,
        6670,
        1072,
        999
      ],
      "ability_uses": null,
      "actions": null,
      "additional_units": null,
      "assists": 7,
      "backpack_0": 41,
      "backpack_1": 0,
      "backpack_2": 0,
      "backpack_3": null,
      "buyback_log": null,
      "camps_stacked": null,
      "connection_log": null,
      "creeps_stacked": null,
      "damage": null,
      "damage_inflictor": null,
      "damage_inflictor_received": null,
      "damage_taken": null,
      "damage_targets": null,
      "deaths": 0,
      "denies": 10,
      "dn_t": null,
      "firstblood_claimed": null,
      "gold": 2557,
      "gold_per_min": 727,
      "gold_reasons": null,
      "gold_spent": 22775,
      "gold_t": null,
      "hero_damage": 0,
      "hero_healing": 0,
      "hero_hits": null,
      "hero_id": 0,
      "item_0": 263,
      "item_1": 156,
      "item_2": -6,
      "item_3": -15,
      "item_4": 63,
      "item_5": 249,
      "item_neutral": 309,
      "item_uses": null,
      "kill_streaks": null,
      "killed": null,
      "killed_by": null,
      "kills": 20,
      "kills_log": null,
      "lane_pos": null,
      "last_hits": -91,
      "leaver_status": 0,
      "level": 27,
      "lh_t": null,
      "life_state": null,
      "max_hero_hit": null,
      "multi_kills": null,
      "net_worth": 24732,
      "obs": null,
      "obs_left_log": null,
      "obs_log": null,
      "obs_placed": null,
      "party_id": 0,
      "party_size": 5,
      "performance_others": null,
      "permanent_buffs": [
        {
          "permanent_buff": 5,
          "stack_count": 38,
          "grant_time": 2191
        }
      ],
      "pings": null,
      "pred_vict": null,
      "purchase": null,
      "purchase_log": null,
      "randomed": null,
      "repicked": null,
      "roshans_killed": null,
      "rune_pickups": null,
      "runes": null,
      "runes_log": null,
      "sen": null,
      "sen_left_log": null,
      "sen_log": null,
      "sen_placed": null,
      "stuns": null,
      "teamfight_participation": null,
      "times": null,
      "tower_damage": 8596,
      "towers_killed": null,
      "xp_per_min": 1068,
      "xp_reasons": null,
      "xp_t": null,
      "start_time": 1669912790,
      "duration": 2171,
      "cluster": 27,
      "lobby_type": 7,
      "game_mode": 22,
      "is_contributor": false,
      "patch": 51,
      "region": 0,
      "isRadiant": true,
      "total_gold": 7877,
      "total_xp": 38643,
      "kills_per_min": 0.5527406725011516,
      "kda": 1,
      "abandons": 0,
      "rank_tier": null,
      "is_subscriber": false,
      "cosmetics": [],
      "benchmarks": {
        "gold_per_min": {
          "raw": 727,
          "pct": 0.86
        },
        "xp_per_min": {
          "raw": 0,
          "pct": 1
        },
        "kills_per_min": {
          "raw": 0.5527406725011516,
          "pct": 0.98
        },
        "last_hits_per_min": {
          "raw": 2.240893683252548,
          "pct": 0.38
        },
        "hero_damage_per_min": {
          "raw": 1893.1920773836941,
          "pct": 1
        },
        "hero_healing_per_min": {
          "raw": 0,
          "pct": 0.88
        },
        "tower_damage": {
          "raw": 8596,
          "pct": 0.62
        },
        "stuns_per_min": {
          "raw": 0,
          "pct": 0.02
        },
        "lhten": {}
      }
    },
    {
      "player_slot": 1,
      "ability_targets": null,
      "ability_upgrades_arr": [
        5075,
        5076,
        0,
        5074,
        5075,
        5077,
        5075,
        -2034,
        5076,
        0,
        5074,
        5077,
        5931,
        0,
        5074,
        507,
        5077,
        332
      ],
      "ability_uses": null,
      "actions": null,
      "additional_units": null,
      "assists": 15,
      "backpack_0": 38,
      "backpack_1": 233,
      "backpack_2": 0,
      "backpack_3": null,
      "buyback_log": null,
      "camps_stacked": null,
      "connection_log": null,
      "creeps_stacked": null,
      "damage": null,
      "damage_inflictor": null,
      "damage_inflictor_received": null,
      "damage_taken": null,
      "damage_targets": null,
      "deaths": 8,
      "denies": 1,
      "dn_t": null,
      "firstblood_claimed": null,
      "gold": 470,
      "gold_per_min": 0,
      "gold_reasons": null,
      "gold_spent": 15495,
      "gold_t": null,
      "hero_damage": 0,
      "hero_healing": 99,
      "hero_hits": null,
      "hero_id": 14,
      "item_0": 59,
      "item_1": 214,
      "item_2": -68,
      "item_3": 0,
      "item_4": 267,
      "item_5": 0,
      "item_neutral": 834,
      "item_uses": null,
      "kill_streaks": null,
      "killed": null,
      "killed_by": null,
      "kills": 19,
      "kills_log": null,
      "lane_pos": null,
      "last_hits": 34,
      "leaver_status": 0,
      "level": 23,
      "lh_t": null,
      "life_state": null,
      "max_hero_hit": null,
      "multi_kills": null,
      "net_worth": 12025,
      "obs": null,
      "obs_left_log": null,
      "obs_log": null,
      "obs_placed": null,
      "party_id": 0,
      "party_size": 5,
      "performance_others": null,
      "permanent_buffs": [
        {},
        {
          "permanent_buff": 12,
          "stack_count": 0,
          "grant_time": 2157
        }
      ],
      "pings": null,
      "pred_vict": null,
      "purchase": null,
      "purchase_log": null,
      "randomed": null,
      "repicked": null,
      "roshans_killed": null,
      "rune_pickups": null,
      "runes": null,
      "runes_log": null,
      "sen": null,
      "sen_left_log": null,
      "sen_log": null,
      "sen_placed": null,
      "stuns": null,
      "teamfight_participation": null,
      "times": null,
      "tower_damage": 0,
      "towers_killed": null,
      "xp_per_min": 807,
      "xp_reasons": null,
      "xp_t": null,
      "personaname": "Raizan",
      "name": null,
      "last_login": null,
      "start_time": 1669912790,
      "duration": 2171,
      "cluster": 154,
      "lobby_type": 7,
      "game_mode": 22,
      "is_contributor": false,
      "patch": 0,
      "region": 5,
      "isRadiant": true,
      "total_gold": 14256,
      "total_xp": 29199,
      "kills_per_min": 0.525103638876094,
      "kda": 3,
      "abandons": 0,
      "rank_tier": 0,
      "is_subscriber": false,
      "cosmetics": [],
      "benchmarks": {
        "gold_per_min": {
          "raw": 394,
          "pct": 0.44642857142857145
        },
        "xp_per_min": {
          "raw": 807,
          "pct": 0.8392857142857143
        },
        "kills_per_min": {
          "raw": 0.525103638876094,
          "pct": 0.9642857142857143
        },
        "last_hits_per_min": {},
        "hero_damage_per_min": {
          "raw": 839.8341777982497,
          "pct": 0.8571428571428571
        },
        "hero_healing_per_min": {
          "raw": 2.7360663288807,
          "pct": 0.6785714285714286
        },
        "tower_damage": {
          "raw": 199,
          "pct": 0.44642857142857145
        },
        "stuns_per_min": {
          "raw": 0,
          "pct": 0
        },
        "lhten": {}
      }
    },
    {
      "player_slot": 2,
      "ability_targets": null,
      "ability_upgrades_arr": [
        5116,
        5115,
        5116,
        5114,
        5116,
        -1032,
        5116,
        5114,
        5114,
        5114,
        1085,
        5117,
        5115,
        5115,
        6889,
        5115,
        5117,
        504
      ],
      "ability_uses": null,
      "actions": null,
      "additional_units": null,
      "assists": 12,
      "backpack_0": 0,
      "backpack_1": 0,
      "backpack_2": 0,
      "backpack_3": null,
      "buyback_log": null,
      "camps_stacked": null,
      "connection_log": null,
      "creeps_stacked": null,
      "damage": null,
      "damage_inflictor": null,
      "damage_inflictor_received": null,
      "damage_taken": null,
      "damage_targets": null,
      "deaths": 10,
      "denies": 4,
      "dn_t": null,
      "firstblood_claimed": null,
      "gold": 2782,
      "gold_per_min": 512,
      "gold_reasons": null,
      "gold_spent": 15670,
      "gold_t": null,
      "hero_damage": 28935,
      "hero_healing": 0,
      "hero_hits": null,
      "hero_id": 28,
      "item_0": 63,
      "item_1": 0,
      "item_2": 172,
      "item_3": 116,
      "item_4": 73,
      "item_5": 247,
      "item_neutral": 376,
      "item_uses": null,
      "kill_streaks": null,
      "killed": null,
      "killed_by": null,
      "kills": 16,
      "kills_log": null,
      "lane_pos": null,
      "last_hits": 145,
      "leaver_status": 0,
      "level": 0,
      "lh_t": null,
      "life_state": null,
      "max_hero_hit": null,
      "multi_kills": null,
      "net_worth": 16862,
      "obs": null,
      "obs_left_log": null,
      "obs_log": null,
      "obs_placed": null,
      "party_id": 0,
      "party_size": 0,
      "performance_others": null,
      "permanent_buffs": [],
      "pings": null,
      "pred_vict": null,
      "purchase": null,
      "purchase_log": null,
      "randomed": null,
      "repicked": null,
      "roshans_killed": null,
      "rune_pickups": null,
      "runes": null,
      "runes_log": null,
      "sen": null,
      "sen_left_log": null,
      "sen_log": null,
      "sen_placed": null,
      "stuns": null,
      "teamfight_participation": null,
      "times": null,
      "tower_damage": 3727,
      "towers_killed": null,
      "xp_per_min": 843,
      "xp_reasons": null,
      "xp_t": null,
      "start_time": 1669912790,
      "duration": 2171,
      "cluster": 154,
      "lobby_type": 7,
      "game_mode": 22,
      "is_contributor": false,
      "patch": 51,
      "region": 0,
      "isRadiant": true,
      "total_gold": 18525,
      "total_xp": 12769,
      "kills_per_min": 0.4421925380009213,
      "kda": 0,
      "abandons": 0,
      "rank_tier": null,
      "is_subscriber": false,
      "cosmetics": [],
      "benchmarks": {}
    },
    {
      "player_slot": 3,
      "ability_targets": null,
      "ability_upgrades_arr": [
        256,
        5297,
        5297,
        5299,
        5297,
        5300,
        5297,
        5299,
        5298,
        5298,
        5298,
        5300,
        5299,
        -1654,
        1040,
        2306,
        5300
      ],
      "ability_uses": null,
      "actions": null,
      "additional_units": null,
      "assists": -10,
      "backpack_0": 0,
      "backpack_1": 0,
      "backpack_2": 188,
      "backpack_3": null,
      "buyback_log": null,
      "camps_stacked": null,
      "connection_log": null,
      "creeps_stacked": null,
      "damage": null,
      "damage_inflictor": null,
      "damage_inflictor_received": null,
      "damage_taken": null,
      "damage_targets": null,
      "deaths": 11,
      "denies": 1,
      "dn_t": null,
      "firstblood_claimed": null,
      "gold": 67,
      "gold_per_min": 42,
      "gold_reasons": null,
      "gold_spent": 11455,
      "gold_t": null,
      "hero_damage": 25884,
      "hero_healing": 0,
      "hero_hits": null,
      "hero_id": 64,
      "item_0": 0,
      "item_1": 244,
      "item_2": 29,
      "item_3": 232,
      "item_4": 102,
      "item_5": 108,
      "item_neutral": 0,
      "item_uses": null,
      "kill_streaks": null,
      "killed": null,
      "killed_by": null,
      "kills": 2,
      "kills_log": null,
      "lane_pos": null,
      "last_hits": 55,
      "leaver_status": 0,
      "level": -4,
      "lh_t": null,
      "life_state": null,
      "max_hero_hit": null,
      "multi_kills": null,
      "net_worth": 0,
      "obs": null,
      "obs_left_log": null,
      "obs_log": null,
      "obs_placed": null,
      "party_id": 0,
      "party_size": 5,
      "performance_others": null,
      "permanent_buffs": [
        {
          "permanent_buff": 6,
          "stack_count": 0,
          "grant_time": 885
        }
      ],
      "pings": null,
      "pred_vict": null,
      "purchase": null,
      "purchase_log": null,
      "randomed": null,
      "repicked": null,
      "roshans_killed": null,
      "rune_pickups": null,
      "runes": null,
      "runes_log": null,
      "sen": null,
      "sen_left_log": null,
      "sen_log": null,
      "sen_placed": null,
      "stuns": null,
      "teamfight_participation": null,
      "times": null,
      "tower_damage": 1901,
      "towers_killed": null,
      "xp_per_min": 555,
      "xp_reasons": null,
      "xp_t": null,
      "personaname": "ASEP BENGKEL",
      "name": null,
      "last_login": null,
      "start_time": 1669912790,
      "duration": -837,
      "cluster": 154,
      "lobby_type": 1,
      "game_mode": 22,
      "is_contributor": false,
      "patch": 51,
      "region": 5,
      "isRadiant": true,
      "total_gold": 11506,
      "total_xp": 20081,
      "kills_per_min": 0.05527406725011516,
      "kda": 0,
      "abandons": 0,
      "rank_tier": 3,
      "is_subscriber": false,
      "cosmetics": [],
      "benchmarks": {
        "gold_per_min": {
          "raw": 318,
          "pct": 0.55
        },
        "xp_per_min": {
          "raw": 0,
          "pct": 0.7166666666666667
        },
        "kills_per_min": {
          "raw": -0.01006109645630914,
          "pct": 0.26666666666666666
        },
        "last_hits_per_min": {
          "raw": 1.5200368493781666,
          "pct": 0.5333333333333333
        },
        "hero_damage_per_min": {
          "raw": 715.3569783509904,
          "pct": 0.8833333333333333
        },
        "hero_healing_per_min": {
          "raw": 0,
          "pct": 0.7
        },
        "tower_damage": {
          "raw": 1901,
          "pct": 0.6833333333333333
        },
        "stuns_per_min": {
          "raw": 0,
          "pct": 0.016666666666666666
        },
        "lhten": {}
      }
    },
    {
      "player_slot": 4,
      "ability_targets": null,
      "ability_upgrades_arr": [
        5340,
        5339,
        5339,
        0,
        5340,
        5342,
        0,
        5341,
        0,
        5339,
        6369,
        -1790,
        2116,
        5341,
        7123,
        5341,
        5342,
        -169
      ],
      "ability_uses": null,
      "actions": null,
      "additional_units": null,
      "assists": 0,
      "backpack_0": 36,
      "backpack_1": 38,
      "backpack_2": 0,
      "backpack_3": null,
      "buyback_log": null,
      "camps_stacked": null,
      "connection_log": null,
      "creeps_stacked": null,
      "damage": null,
      "damage_inflictor": null,
      "damage_inflictor_received": null,
      "damage_taken": null,
      "damage_targets": null,
      "deaths": 7,
      "denies": 6,
      "dn_t": null,
      "firstblood_claimed": null,
      "gold": 1357,
      "gold_per_min": 625,
      "gold_reasons": null,
      "gold_spent": 0,
      "gold_t": null,
      "hero_damage": 27917,
      "hero_healing": 0,
      "hero_hits": null,
      "hero_id": 0,
      "item_0": 0,
      "item_1": -47,
      "item_2": 65,
      "item_3": 119,
      "item_4": 108,
      "item_5": 50,
      "item_neutral": 0,
      "item_uses": null,
      "kill_streaks": null,
      "killed": null,
      "killed_by": null,
      "kills": -2,
      "kills_log": null,
      "lane_pos": null,
      "last_hits": 191,
      "leaver_status": 0,
      "level": 24,
      "lh_t": null,
      "life_state": null,
      "max_hero_hit": null,
      "multi_kills": null,
      "net_worth": 21107,
      "obs": null,
      "obs_left_log": null,
      "obs_log": null,
      "obs_placed": null,
      "party_id": 0,
      "party_size": 0,
      "performance_others": null,
      "permanent_buffs": [],
      "pings": null,
      "pred_vict": null,
      "purchase": null,
      "purchase_log": null,
      "randomed": null,
      "repicked": null,
      "roshans_killed": null,
      "rune_pickups": null,
      "runes": null,
      "runes_log": null,
      "sen": null,
      "sen_left_log": null,
      "sen_log": null,
      "sen_placed": null,
      "stuns": null,
      "teamfight_participation": null,
      "times": null,
      "tower_damage": 667,
      "towers_killed": null,
      "xp_per_min": 0,
      "xp_reasons": null,
      "xp_t": null,
      "personaname": "ldxl",
      "name": null,
      "last_login": null,
      "start_time": 0,
      "duration": 2171,
      "cluster": 154,
      "lobby_type": 7,
      "game_mode": 22,
      "is_contributor": false,
      "patch": -20,
      "region": 5,
      "isRadiant": true,
      "total_gold": 2750,
      "total_xp": 31913,
      "kills_per_min": 0.16582220175034548,
      "kda": 3,
      "abandons": 0,
      "rank_tier": 72,
      "is_subscriber": false,
      "cosmetics": [],
      "benchmarks": {
        "gold_per_min": {
          "raw": 625,
          "pct": 0.5428571428571428
        },
        "xp_per_min": {
          "raw": 882,
          "pct": 0.9142857142857143
        },
        "kills_per_min": {
          "raw": 0.16582220175034545,
          "pct": 0.7142857142857143
        },
        "last_hits_per_min": {
          "raw": 5.278673422385998,
          "pct": -0.13866865989441607
        },
        "hero_damage_per_min": {
          "raw": 771.5430677107324,
          "pct": 0.8857142857142857
        },
        "hero_healing_per_min": {
          "raw": 0,
          "pct": 0.8285714285714286
        },
        "tower_damage": {
          "raw": 667,
          "pct": 0.05602791554873948
        },
        "stuns_per_min": {
          "raw": 0,
          "pct": 0.05714285714285714
        },
        "lhten": {}
      }
    },
    {
      "player_slot": 128,
      "ability_targets": null,
      "ability_upgrades_arr": [
        5496,
        5495,
        5496,
        5494,
        5495,
        5497,
        5495,
        0,
        0,
        5494,
        641,
        5497,
        -250,
        5496,
        6892,
        5496,
        5497,
        -54
      ],
      "ability_uses": null,
      "actions": null,
      "additional_units": null,
      "assists": 12,
      "backpack_0": 0,
      "backpack_1": 0,
      "backpack_2": 0,
      "backpack_3": null,
      "buyback_log": null,
      "camps_stacked": null,
      "connection_log": null,
      "creeps_stacked": null,
      "damage": null,
      "damage_inflictor": null,
      "damage_inflictor_received": null,
      "damage_taken": null,
      "damage_targets": null,
      "deaths": 12,
      "denies": -5,
      "dn_t": null,
      "firstblood_claimed": null,
      "gold": 894,
      "gold_per_min": 459,
      "gold_reasons": null,
      "gold_spent": 0,
      "gold_t": null,
      "hero_damage": 32994,
      "hero_healing": 0,
      "hero_hits": null,
      "hero_id": 0,
      "item_0": -3,
      "item_1": 174,
      "item_2": 50,
      "item_3": 1,
      "item_4": 0,
      "item_5": 65,
      "item_neutral": 573,
      "item_uses": null,
      "kill_streaks": null,
      "killed": null,
      "killed_by": null,
      "kills": 4,
      "kills_log": null,
      "lane_pos": null,
      "last_hits": 132,
      "leaver_status": 0,
      "level": 22,
      "lh_t": null,
      "life_state": null,
      "max_hero_hit": null,
      "multi_kills": null,
      "net_worth": 12994,
      "obs": null,
      "obs_left_log": null,
      "obs_log": null,
      "obs_placed": null,
      "party_id": 1,
      "party_size": 5,
      "performance_others": null,
      "permanent_buffs": [
        {
          "permanent_buff": 8,
          "stack_count": 21,
          "grant_time": 443
        },
        {
          "permanent_buff": 0,
          "stack_count": 0,
          "grant_time": 2115
        }
      ],
      "pings": null,
      "pred_vict": null,
      "purchase": null,
      "purchase_log": null,
      "randomed": null,
      "repicked": null,
      "roshans_killed": null,
      "rune_pickups": null,
      "runes": null,
      "runes_log": null,
      "sen": null,
      "sen_left_log": null,
      "sen_log": null,
      "sen_placed": null,
      "stuns": null,
      "teamfight_participation": null,
      "times": null,
      "tower_damage": 0,
      "towers_killed": null,
      "xp_per_min": 749,
      "xp_reasons": null,
      "xp_t": null,
      "personaname": "ddd",
      "name": null,
      "last_login": "2022-01-13T02:59:16.038Z",
      "start_time": 1669912790,
      "duration": -146,
      "cluster": 154,
      "lobby_type": 7,
      "game_mode": 0,
      "is_contributor": false,
      "patch": 51,
      "region": 0,
      "isRadiant": false,
      "total_gold": 8299,
      "total_xp": 21265,
      "kills_per_min": 0.35928143712574856,
      "kda": 1,
      "abandons": 0,
      "rank_tier": 44,
      "is_subscriber": false,
      "cosmetics": [],
      "benchmarks": {
        "gold_per_min": {
          "raw": 459,
          "pct": 0.20930232558139536
        },
        "xp_per_min": {
          "raw": 749,
          "pct": 0.5116279069767442
        },
        "kills_per_min": {
          "raw": 0.3592814371257485,
          "pct": 0.8604651162790697
        },
        "last_hits_per_min": {
          "raw": 3.6480884385076,
          "pct": 0.023255813953488372
        },
        "hero_damage_per_min": {
          "raw": 911.8562874251497,
          "pct": 0.8604651162790697
        },
        "hero_healing_per_min": {
          "raw": 0,
          "pct": 1
        },
        "tower_damage": {
          "raw": 0,
          "pct": 0.09302325581395349
        },
        "stuns_per_min": {
          "raw": 0,
          "pct": 0.6744186046511628
        },
        "lhten": {}
      }
    },
    {
      "player_slot": 129,
      "ability_targets": null,
      "ability_upgrades_arr": [
        -2576,
        0,
        5273,
        7300,
        5273,
        5272,
        5273,
        5272,
        5274,
        5272,
        6655,
        5274,
        7300,
        7300,
        6380,
        7300,
        5274
      ],
      "ability_uses": null,
      "actions": null,
      "additional_units": null,
      "assists": 12,
      "backpack_0": 0,
      "backpack_1": 0,
      "backpack_2": 0,
      "backpack_3": null,
      "buyback_log": null,
      "camps_stacked": null,
      "connection_log": null,
      "creeps_stacked": null,
      "damage": null,
      "damage_inflictor": null,
      "damage_inflictor_received": null,
      "damage_taken": null,
      "damage_targets": null,
      "deaths": 15,
      "denies": 25,
      "dn_t": null,
      "firstblood_claimed": null,
      "gold": 1091,
      "gold_per_min": 35,
      "gold_reasons": null,
      "gold_spent": 12715,
      "gold_t": null,
      "hero_damage": 34373,
      "hero_healing": 0,
      "hero_hits": null,
      "hero_id": 17,
      "item_0": 210,
      "item_1": 2,
      "item_2": 40,
      "item_3": 63,
      "item_4": 21,
      "item_5": 0,
      "item_neutral": 331,
      "item_uses": null,
      "kill_streaks": null,
      "killed": null,
      "killed_by": null,
      "kills": 11,
      "kills_log": null,
      "lane_pos": null,
      "last_hits": 130,
      "leaver_status": 0,
      "level": 18,
      "lh_t": null,
      "life_state": null,
      "max_hero_hit": null,
      "multi_kills": null,
      "net_worth": -4293,
      "obs": null,
      "obs_left_log": null,
      "obs_log": null,
      "obs_placed": null,
      "party_id": 1,
      "party_size": 5,
      "performance_others": null,
      "permanent_buffs": [
        {
          "permanent_buff": 6,
          "stack_count": 1,
          "grant_time": 2073
        },
        {
          "permanent_buff": 12,
          "stack_count": 0,
          "grant_time": 1488
        }
      ],
      "pings": null,
      "pred_vict": null,
      "purchase": null,
      "purchase_log": null,
      "randomed": null,
      "repicked": null,
      "roshans_killed": null,
      "rune_pickups": null,
      "runes": null,
      "runes_log": null,
      "sen": null,
      "sen_left_log": null,
      "sen_log": null,
      "sen_placed": null,
      "stuns": null,
      "teamfight_participation": null,
      "times": null,
      "tower_damage": 418,
      "towers_killed": null,
      "xp_per_min": 517,
      "xp_reasons": null,
      "xp_t": null,
      "personaname": "ปวเรศ1928",
      "name": null,
      "last_login": null,
      "start_time": 715303013,
      "duration": 2171,
      "cluster": 154,
      "lobby_type": 7,
      "game_mode": 22,
      "is_contributor": false,
      "patch": 0,
      "region": 5,
      "isRadiant": false,
      "total_gold": 12158,
      "total_xp": 17978,
      "kills_per_min": 0.30400736987563337,
      "kda": 1,
      "abandons": 0,
      "rank_tier": 65,
      "is_subscriber": false,
      "cosmetics": [],
      "benchmarks": {
        "gold_per_min": {
          "raw": 399,
          "pct": 0.25
        },
        "xp_per_min": {},
        "kills_per_min": {
          "raw": 0.30400736987563337,
          "pct": 0.625
        },
        "last_hits_per_min": {
          "raw": 3.592814371257485,
          "pct": 0.25
        },
        "hero_damage_per_min": {
          "raw": 949.967756794104,
          "pct": 0.875
        },
        "hero_healing_per_min": {
          "raw": 0,
          "pct": 1
        },
        "tower_damage": {
          "raw": -50,
          "pct": 0.375
        },
        "stuns_per_min": {
          "raw": 0,
          "pct": 0.5
        },
        "lhten": {}
      }
    },
    {
      "player_slot": 130,
      "ability_targets": null,
      "ability_upgrades_arr": [
        5442,
        0,
        5444,
        5442,
        203,
        5447,
        5442,
        5443,
        5443,
        5444,
        5442,
        5447,
        5444,
        5444,
        0,
        6155,
        5447,
        6546
      ],
      "ability_uses": null,
      "actions": null,
      "additional_units": null,
      "assists": 24,
      "backpack_0": 0,
      "backpack_1": 0,
      "backpack_2": 0,
      "backpack_3": null,
      "buyback_log": null,
      "camps_stacked": null,
      "connection_log": null,
      "creeps_stacked": null,
      "damage": null,
      "damage_inflictor": null,
      "damage_inflictor_received": null,
      "damage_taken": null,
      "damage_targets": null,
      "deaths": 8,
      "denies": 0,
      "dn_t": null,
      "firstblood_claimed": null,
      "gold": 403,
      "gold_per_min": 298,
      "gold_reasons": null,
      "gold_spent": 11015,
      "gold_t": null,
      "hero_damage": 16479,
      "hero_healing": -1874,
      "hero_hits": null,
      "hero_id": 85,
      "item_0": 226,
      "item_1": 269,
      "item_2": 6,
      "item_3": 214,
      "item_4": 188,
      "item_5": 0,
      "item_neutral": 675,
      "item_uses": null,
      "kill_streaks": null,
      "killed": null,
      "killed_by": null,
      "kills": 6,
      "kills_log": null,
      "lane_pos": null,
      "last_hits": 0,
      "leaver_status": 0,
      "level": 0,
      "lh_t": null,
      "life_state": null,
      "max_hero_hit": null,
      "multi_kills": null,
      "net_worth": 7858,
      "obs": null,
      "obs_left_log": null,
      "obs_log": null,
      "obs_placed": null,
      "party_id": 1,
      "party_size": 5,
      "performance_others": null,
      "permanent_buffs": [
        {
          "permanent_buff": 6,
          "stack_count": 0,
          "grant_time": 891
        }
      ],
      "pings": null,
      "pred_vict": null,
      "purchase": null,
      "purchase_log": null,
      "randomed": null,
      "repicked": null,
      "roshans_killed": null,
      "rune_pickups": null,
      "runes": null,
      "runes_log": null,
      "sen": null,
      "sen_left_log": null,
      "sen_log": null,
      "sen_placed": null,
      "stuns": null,
      "teamfight_participation": null,
      "times": null,
      "tower_damage": 52,
      "towers_killed": null,
      "xp_per_min": 654,
      "xp_reasons": null,
      "xp_t": null,
      "personaname": "ตัวแม่เเต่หน้าพ่อ",
      "name": null,
      "last_login": null,
      "start_time": 1669912790,
      "duration": 2171,
      "cluster": 154,
      "lobby_type": 7,
      "game_mode": 0,
      "is_contributor": false,
      "patch": 51,
      "region": 5,
      "isRadiant": false,
      "total_gold": 6376,
      "total_xp": 23663,
      "kills_per_min": 0.16582220175034548,
      "kda": 2,
      "abandons": 0,
      "rank_tier": 53,
      "is_subscriber": false,
      "cosmetics": [],
      "benchmarks": {
        "gold_per_min": {},
        "xp_per_min": {
          "raw": 654,
          "pct": 0.8833333333333333
        },
        "kills_per_min": {
          "raw": 0.16582220175034545,
          "pct": 0.8166666666666667
        },
        "last_hits_per_min": {
          "raw": 0.9396591432519575,
          "pct": 0.3
        },
        "hero_damage_per_min": {
          "raw": 455.43067710732385,
          "pct": 0.9666666666666667
        },
        "hero_healing_per_min": {
          "raw": 203.9060340856748,
          "pct": 0.6666666666666666
        },
        "tower_damage": {
          "raw": 52,
          "pct": 0.3
        },
        "stuns_per_min": {
          "raw": 0,
          "pct": 0.85
        },
        "lhten": {}
      }
    },
    {
      "player_slot": 131,
      "ability_targets": null,
      "ability_upgrades_arr": [],
      "ability_uses": null,
      "actions": null,
      "additional_units": null,
      "assists": 26,
      "backpack_0": 0,
      "backpack_1": 0,
      "backpack_2": 0,
      "backpack_3": null,
      "buyback_log": null,
      "camps_stacked": null,
      "connection_log": null,
      "creeps_stacked": null,
      "damage": null,
      "damage_inflictor": null,
      "damage_inflictor_received": null,
      "damage_taken": null,
      "damage_targets": null,
      "deaths": 16,
      "denies": 2,
      "dn_t": null,
      "firstblood_claimed": null,
      "gold": 0,
      "gold_per_min": 294,
      "gold_reasons": null,
      "gold_spent": 6660,
      "gold_t": null,
      "hero_damage": -5230,
      "hero_healing": 195,
      "hero_hits": null,
      "hero_id": 87,
      "item_0": 188,
      "item_1": 218,
      "item_2": 0,
      "item_3": 29,
      "item_4": 232,
      "item_5": 21,
      "item_neutral": 990,
      "item_uses": null,
      "kill_streaks": null,
      "killed": null,
      "killed_by": null,
      "kills": 5,
      "kills_log": null,
      "lane_pos": null,
      "last_hits": 23,
      "leaver_status": 0,
      "level": 17,
      "lh_t": null,
      "life_state": null,
      "max_hero_hit": null,
      "multi_kills": null,
      "net_worth": 7804,
      "obs": null,
      "obs_left_log": null,
      "obs_log": null,
      "obs_placed": null,
      "party_id": 1,
      "party_size": 5,
      "performance_others": null,
      "permanent_buffs": [
        {
          "permanent_buff": 6,
          "stack_count": 0,
          "grant_time": 0
        }
      ],
      "pings": null,
      "pred_vict": null,
      "purchase": null,
      "purchase_log": null,
      "randomed": null,
      "repicked": null,
      "roshans_killed": null,
      "rune_pickups": null,
      "runes": null,
      "runes_log": null,
      "sen": null,
      "sen_left_log": null,
      "sen_log": null,
      "sen_placed": null,
      "stuns": null,
      "teamfight_participation": null,
      "times": null,
      "tower_damage": 0,
      "towers_killed": null,
      "xp_per_min": 449,
      "xp_reasons": null,
      "xp_t": null,
      "start_time": 1669912790,
      "duration": 2171,
      "cluster": 154,
      "lobby_type": 7,
      "game_mode": 22,
      "is_contributor": false,
      "patch": 51,
      "region": 5,
      "isRadiant": false,
      "total_gold": 10637,
      "total_xp": 16246,
      "kills_per_min": 0.1381851681252879,
      "kda": 0,
      "abandons": 0,
      "rank_tier": null,
      "is_subscriber": false,
      "cosmetics": [],
      "benchmarks": {
        "gold_per_min": {
          "raw": 294,
          "pct": 0.5614035087719298
        },
        "xp_per_min": {
          "raw": 0,
          "pct": 0.45614035087719296
        },
        "kills_per_min": {},
        "last_hits_per_min": {
          "raw": 0.6356517733763243,
          "pct": 0.3333333333333333
        },
        "hero_damage_per_min": {
          "raw": 562.4689083371718,
          "pct": 0.9649122807017544
        },
        "hero_healing_per_min": {
          "raw": 5.389221556886228,
          "pct": 0.8771929824561403
        },
        "tower_damage": {
          "raw": 0,
          "pct": 0.17543859649122806
        },
        "stuns_per_min": {
          "raw": 0,
          "pct": 0
        },
        "lhten": {}
      }
    },
    {
      "player_slot": 132,
      "ability_targets": null,
      "ability_upgrades_arr": [
        0,
        5597,
        5595,
        5596,
        5595,
        0,
        5597,
        5597,
        5597,
        6218,
        5596,
        5598,
        5596,
        -2557,
        463,
        5595,
        872
      ],
      "ability_uses": null,
      "actions": null,
      "additional_units": null,
      "assists": -5,
      "backpack_0": 11,
      "backpack_1": 0,
      "backpack_2": 0,
      "backpack_3": null,
      "buyback_log": null,
      "camps_stacked": null,
      "connection_log": null,
      "creeps_stacked": null,
      "damage": null,
      "damage_inflictor": null,
      "damage_inflictor_received": null,
      "damage_taken": null,
      "damage_targets": null,
      "deaths": 12,
      "denies": 18,
      "dn_t": null,
      "firstblood_claimed": null,
      "gold": 640,
      "gold_per_min": 0,
      "gold_reasons": null,
      "gold_spent": 9905,
      "gold_t": null,
      "hero_damage": 27120,
      "hero_healing": 3810,
      "hero_hits": null,
      "hero_id": 0,
      "item_0": 127,
      "item_1": 210,
      "item_2": 178,
      "item_3": 1,
      "item_4": -4,
      "item_5": 29,
      "item_neutral": -38,
      "item_uses": null,
      "kill_streaks": null,
      "killed": null,
      "killed_by": null,
      "kills": 10,
      "kills_log": null,
      "lane_pos": null,
      "last_hits": 0,
      "leaver_status": 0,
      "level": 18,
      "lh_t": null,
      "life_state": null,
      "max_hero_hit": null,
      "multi_kills": null,
      "net_worth": 10175,
      "obs": null,
      "obs_left_log": null,
      "obs_log": null,
      "obs_placed": null,
      "party_id": 1,
      "party_size": 5,
      "performance_others": null,
      "permanent_buffs": [
        {
          "permanent_buff": 0,
          "stack_count": 168,
          "grant_time": 898
        }
      ],
      "pings": null,
      "pred_vict": null,
      "purchase": null,
      "purchase_log": null,
      "randomed": null,
      "repicked": null,
      "roshans_killed": null,
      "rune_pickups": null,
      "runes": null,
      "runes_log": null,
      "sen": null,
      "sen_left_log": null,
      "sen_log": null,
      "sen_placed": null,
      "stuns": null,
      "teamfight_participation": null,
      "times": null,
      "tower_damage": 0,
      "towers_killed": null,
      "xp_per_min": 513,
      "xp_reasons": null,
      "xp_t": null,
      "personaname": "SEZAVO",
      "name": null,
      "last_login": "2017-02-27T18:45:28.548Z",
      "start_time": 1669912790,
      "duration": 2171,
      "cluster": 154,
      "lobby_type": 7,
      "game_mode": 22,
      "is_contributor": false,
      "patch": 0,
      "region": 5,
      "isRadiant": false,
      "total_gold": 1116,
      "total_xp": 18562,
      "kills_per_min": 0.2763703362505758,
      "kda": 2,
      "abandons": 0,
      "rank_tier": 64,
      "is_subscriber": false,
      "cosmetics": [],
      "benchmarks": {
        "gold_per_min": {
          "raw": 0,
          "pct": 0.0967741935483871
        },
        "xp_per_min": {
          "raw": 513,
          "pct": 0.2903225806451613
        },
        "kills_per_min": {
          "raw": 0.018499203706709672,
          "pct": 0.8387096774193549
        },
        "last_hits_per_min": {
          "raw": 2.5149700598802394,
          "pct": 0.03225806451612903
        },
        "hero_damage_per_min": {},
        "hero_healing_per_min": {
          "raw": 105.29709811146937,
          "pct": 0.8709677419354839
        },
        "tower_damage": {
          "raw": 798,
          "pct": 0.3225806451612903
        },
        "stuns_per_min": {
          "raw": 0,
          "pct": 0.03225806451612903
        },
        "lhten": {}
      }
    }
  ],
  "patch": 51,
  "region": 5
}