{
  "chat": null,
  "cluster": 183,
  "cosmetics": null,
  "dire_score": 17,
  "dire_team_id": null,
  "draft_timings": null,
  "duration": 1447,
  "engine": 1,
  "first_blood_time": 0,
  "game_mode": 0,
  "human_players": 10,
  "leagueid": 0,
  "lobby_type": 7,
  "match_seq_num": 5780354252,
  "negative_votes": 0,
  "objectives": null,
  "picks_bans": [
    {
      "is_pick": true,
      "hero_id": 0,
      "team": 0,
      "order": 0
    },
    {
      "is_pick": true,
      "hero_id": 105,
      "team": 1,
      "order": 0
    },
    {
      "is_pick": true,
      "hero_id": 0,
      "team": 1,
      "order": 2
    },
    {
      "is_pick": true,
      "hero_id": 137,
      "team": 0,
      "order": 3
    },
    {},
    {
      "is_pick": true,
      "hero_id": 135,
      "team": 0,
      "order": 0
    },
    {
      "is_pick": true,
      "hero_id": 15,
      "team": 0,
      "order": 6
    },
    {
      "is_pick": true,
      "hero_id": 93,
      "team": 0,
      "order": 7
    },
    {
      "is_pick": true,
      "hero_id": 36,
      "team": 0,
      "order": 0
    },
    {
      "is_pick": true,
      "hero_id": 73,
      "team": 1,
      "order": 9
    },
    {
      "is_pick": false,
      "hero_id": 11,
      "team": 0,
      "order": -4
    },
    {
      "is_pick": false,
      "hero_id": 41,
      "team": 0,
      "order": 11
    },
    {
      "is_pick": false,
      "hero_id": 92,
      "team": 0,
      "order": 12
    },
    {
      "is_pick": false,
      "hero_id": 34,
      "team": 0,
      "order": 13
    },
    {},
    {
      "is_pick": false,
      "hero_id": 9,
      "team": 0,
      "order": 15
    }
  ],
  "positive_votes": 0,
  "radiant_gold_adv": null,
  "radiant_score": 45,
  "radiant_team_id": null,
  "radiant_xp_adv": null,
  "skill": null,
  "start_time": 1669912698,
  "teamfights": null,
  "version": null,
  "replay_salt": 0,
  "series_id": 0,
  "series_type": 0,
  "players": [
    {
      "player_slot": 0,
      "ability_targets": null,
      "ability_upgrades_arr": [
        5158,
        0,
        5158,
        5159,
        5158,
        0,
        5159,
        5158,
        5160,
        820,
        -388,
        5161,
        -1596,
        5160,
        189,
        5160,
        5161,
        350
      ],
      "ability_uses": null,
      "actions": null,
      "additional_units": null,
      "assists": 11,
      "backpack_0": 21,
      "backpack_1": 0,
      "backpack_2": 0,
      "backpack_3": null,
      "buyback_log": null,
      "camps_stacked": null,
      "connection_log": null,
      "creeps_stacked": null,
      "damage": null,
      "damage_inflictor": null,
      "damage_inflictor_received": null,
      "damage_taken": null,
      "damage_targets": null,
      "deaths": 2,
      "denies": 11,
      "dn_t": null,
      "firstblood_claimed": null,
      "gold": 129,
      "gold_per_min": 0,
      "gold_reasons": null,
      "gold_spent": 17735,
      "gold_t": null,
      "hero_damage": 16531,
      "hero_healing": 212,
      "hero_hits": null,
      "hero_id": -8,
      "item_0": 1,
      "item_1": 36,
      "item_2": 48,
      "item_3": 100,
      "item_4": 137,
      "item_5": 259,
      "item_neutral": 331,
      "item_uses": null,
      "kill_streaks": null,
      "killed": null,
      "killed_by": null,
      "kills": 10,
      "kills_log": null,
      "lane_pos": null,
      "last_hits": 275,
      "leaver_status": 0,
      "level": 21,
      "lh_t": null,
      "life_state": null,
      "max_hero_hit": null,
      "multi_kills": null,
      "net_worth": 17554,
      "obs": null,
      "obs_left_log": null,
      "obs_log": null,
      "obs_placed": null,
      "party_id": 0,
      "party_size": 1,
      "performance_others": null,
      "permanent_buffs": [
        {
          "permanent_buff": 12,
          "stack_count": 0,
          "grant_time": 1231
        },
        {
          "permanent_buff": 14,
          "stack_count": 3,
          "grant_time": 1008
        }
      ],
      "pings": null,
      "pred_vict": null,
      "purchase": null,
      "purchase_log": null,
      "randomed": null,
      "repicked": null,
      "roshans_killed": null,
      "rune_pickups": null,
      "runes": null,
      "runes_log": null,
      "sen": null,
      "sen_left_log": null,
      "sen_log": null,
      "sen_placed": null,
      "stuns": null,
      "teamfight_participation": null,
      "times": null,
      "tower_damage": 2159,
      "towers_killed": null,
      "xp_per_min": 991,
      "xp_reasons": null,
      "xp_t": null,
      "start_time": 1669912698,
      "duration": 1447,
      "cluster": 183,
      "lobby_type": 7,
      "game_mode": 22,
      "is_contributor": false,
      "patch": 51,
      "region": 8,
      "isRadiant": true,
      "total_gold": 882,
      "total_xp": 23899,
      "kills_per_min": 0.414651002073255,
      "kda": 7,
      "abandons": 0,
      "rank_tier": null,
      "is_subscriber": false,
      "cosmetics": [],
      "benchmarks": {
        "gold_per_min": {
          "raw": 736,
          "pct": 1
        },
        "xp_per_min": {
          "raw": 991,
          "pct": 0
        },
        "kills_per_min": {
          "raw": 0.15626492973379924,
          "pct": 0.8846153846153846
        },
        "last_hits_per_min": {
          "raw": 11.402902557014512,
          "pct": 0
        },
        "hero_damage_per_min": {
          "raw": 685.4595715272978,
          "pct": 0.46153846153846156
        },
        "hero_healing_per_min": {
          "raw": 272.30131306150656,
          "pct": 0.8846153846153846
        },
        "tower_damage": {
          "raw": 2159,
          "pct": 0.7307692307692307
        },
        "stuns_per_min": {
          "raw": 0,
          "pct": 0
        },
        "lhten": {}
      }
    },
    {
      "player_slot": 0,
      "ability_targets": null,
      "ability_upgrades_arr": [
        5297,
        5299,
        5297,
        5299,
        5298,
        5300,
        5297,
        5297,
        5299,
        0,
        859,
        1702
      ],
      "ability_uses": null,
      "actions": null,
      "additional_units": null,
      "assists": 20,
      "backpack_0": 0,
      "backpack_1": 0,
      "backpack_2": 0,
      "backpack_3": null,
      "buyback_log": null,
      "camps_stacked": null,
      "connection_log": null,
      "creeps_stacked": null,
      "damage": null,
      "damage_inflictor": null,
      "damage_inflictor_received": null,
      "damage_taken": null,
      "damage_targets": null,
      "deaths": 3,
      "denies": 0,
      "dn_t": null,
      "firstblood_claimed": null,
      "gold": 1257,
      "gold_per_min": 322,
      "gold_reasons": null,
      "gold_spent": 6830,
      "gold_t": null,
      "hero_damage": 0,
      "hero_healing": 324,
      "hero_hits": null,
      "hero_id": 64,
      "item_0": 43,
      "item_1": 0,
      "item_2": 0,
      "item_3": 180,
      "item_4": -15,
      "item_5": 36,
      "item_neutral": 946,
      "item_uses": null,
      "kill_streaks": null,
      "killed": null,
      "killed_by": null,
      "kills": 4,
      "kills_log": null,
      "lane_pos": null,
      "last_hits": 21,
      "leaver_status": 0,
      "level": 12,
      "lh_t": null,
      "life_state": null,
      "max_hero_hit": null,
      "multi_kills": null,
      "net_worth": 6657,
      "obs": null,
      "obs_left_log": null,
      "obs_log": null,
      "obs_placed": null,
      "party_id": 1,
      "party_size": 1,
      "performance_others": null,
      "permanent_buffs": [
        {
          "permanent_buff": 12,
          "stack_count": 0,
          "grant_time": 1297
        }
      ],
      "pings": null,
      "pred_vict": null,
      "purchase": null,
      "purchase_log": null,
      "randomed": null,
      "repicked": null,
      "roshans_killed": null,
      "rune_pickups": null,
      "runes": null,
      "runes_log": null,
      "sen": null,
      "sen_left_log": null,
      "sen_log": null,
      "sen_placed": null,
      "stuns": null,
      "teamfight_participation": null,
      "times": null,
      "tower_damage": -302,
      "towers_killed": null,
      "xp_per_min": 360,
      "xp_reasons": null,
      "xp_t": null,
      "start_time": 1669912698,
      "duration": 1447,
      "cluster": 183,
      "lobby_type": 7,
      "game_mode": 22,
      "is_contributor": false,
      "patch": 51,
      "region": 8,
      "isRadiant": true,
      "total_gold": 7765,
      "total_xp": 7963,
      "kills_per_min": 0.165860400829302,
      "kda": 6,
      "abandons": 0,
      "rank_tier": null,
      "is_subscriber": false,
      "cosmetics": [],
      "benchmarks": {
        "gold_per_min": {
          "raw": 322,
          "pct": 0.5666666666666667
        },
        "xp_per_min": {
          "raw": 360,
          "pct": 0.35
        },
        "kills_per_min": {},
        "last_hits_per_min": {
          "raw": 0.8707671043538355,
          "pct": 0.03588307263066635
        },
        "hero_damage_per_min": {
          "raw": 441.06427090532134,
          "pct": 0.5
        },
        "hero_healing_per_min": {
          "raw": 13.434692467173463,
          "pct": 0.8666666666666667
        },
        "tower_damage": {
          "raw": 0,
          "pct": 0.8666666666666667
        },
        "stuns_per_min": {
          "raw": 0,
          "pct": 0.016666666666666666
        },
        "lhten": {}
      }
    },
    {
      "player_slot": 2,
      "ability_targets": null,
      "ability_upgrades_arr": [],
      "ability_uses": null,
      "actions": null,
      "additional_units": null,
      "assists": 23,
      "backpack_0": 0,
      "backpack_1": 0,
      "backpack_2": 0,
      "backpack_3": null,
      "buyback_log": null,
      "camps_stacked": null,
      "connection_log": null,
      "creeps_stacked": null,
      "damage": null,
      "damage_inflictor": null,
      "damage_inflictor_received": null,
      "damage_taken": null,
      "damage_targets": null,
      "deaths": 6,
      "denies": 1,
      "dn_t": null,
      "firstblood_claimed": null,
      "gold": 2050,
      "gold_per_min": 319,
      "gold_reasons": null,
      "gold_spent": 5235,
      "gold_t": null,
      "hero_damage": 8949,
      "hero_healing": 0,
      "hero_hits": null,
      "hero_id": 137,
      "item_0": 218,
      "item_1": 180,
      "item_2": 1,
      "item_3": 0,
      "item_4": 244,
      "item_5": 0,
      "item_neutral": 11,
      "item_uses": null,
      "kill_streaks": null,
      "killed": null,
      "killed_by": null,
      "kills": 3,
      "kills_log": null,
      "lane_pos": null,
      "last_hits": 25,
      "leaver_status": 0,
      "level": 13,
      "lh_t": null,
      "life_state": null,
      "max_hero_hit": null,
      "multi_kills": null,
      "net_worth": 6050,
      "obs": null,
      "obs_left_log": null,
      "obs_log": null,
      "obs_placed": null,
      "party_id": 2,
      "party_size": 1,
      "performance_others": null,
      "permanent_buffs": [
        {
          "permanent_buff": 6,
          "stack_count": 1,
          "grant_time": 943
        }
      ],
      "pings": null,
      "pred_vict": null,
      "purchase": null,
      "purchase_log": null,
      "randomed": null,
      "repicked": null,
      "roshans_killed": null,
      "rune_pickups": null,
      "runes": null,
      "runes_log": null,
      "sen": null,
      "sen_left_log": null,
      "sen_log": null,
      "sen_placed": null,
      "stuns": null,
      "teamfight_participation": null,
      "times": null,
      "tower_damage": 620,
      "towers_killed": null,
      "xp_per_min": 441,
      "xp_reasons": null,
      "xp_t": null,
      "personaname": "lofivolume100",
      "name": null,
      "last_login": null,
      "start_time": -553423185,
      "duration": 1447,
      "cluster": 183,
      "lobby_type": 1,
      "game_mode": 22,
      "is_contributor": false,
      "patch": 51,
      "region": -3,
      "isRadiant": true,
      "total_gold": 7693,
      "total_xp": 10635,
      "kills_per_min": 0.1243953006219765,
      "kda": 3,
      "abandons": 0,
      "rank_tier": 55,
      "is_subscriber": false,
      "cosmetics": [],
      "benchmarks": {
        "gold_per_min": {
          "raw": 319,
          "pct": 0.075
        },
        "xp_per_min": {
          "raw": 441,
          "pct": -0.02416613070160356
        },
        "kills_per_min": {
          "raw": 0.12439530062197651,
          "pct": 0.2
        },
        "last_hits_per_min": {
          "raw": 1.0366275051831375,
          "pct": 0.025
        },
        "hero_damage_per_min": {
          "raw": 371.0711817553559,
          "pct": 0.225
        },
        "hero_healing_per_min": {
          "raw": 0,
          "pct": 0.875
        },
        "tower_damage": {
          "raw": 1315,
          "pct": 0.675
        },
        "stuns_per_min": {
          "raw": 0,
          "pct": 0.025
        },
        "lhten": {}
      }
    },
    {
      "player_slot": 3,
      "ability_targets": null,
      "ability_upgrades_arr": [
        5083,
        0,
        0,
        5082,
        5083,
        -1812,
        5083,
        5082,
        1291,
        7386,
        5082,
        5085,
        5084,
        5084,
        5084,
        0,
        1363
      ],
      "ability_uses": null,
      "actions": null,
      "additional_units": null,
      "assists": 8,
      "backpack_0": 38,
      "backpack_1": 3,
      "backpack_2": 0,
      "backpack_3": null,
      "buyback_log": null,
      "camps_stacked": null,
      "connection_log": null,
      "creeps_stacked": null,
      "damage": null,
      "damage_inflictor": null,
      "damage_inflictor_received": null,
      "damage_taken": null,
      "damage_targets": null,
      "deaths": 3,
      "denies": 21,
      "dn_t": null,
      "firstblood_claimed": null,
      "gold": 2529,
      "gold_per_min": 674,
      "gold_reasons": null,
      "gold_spent": 14005,
      "gold_t": null,
      "hero_damage": 24889,
      "hero_healing": 0,
      "hero_hits": null,
      "hero_id": 15,
      "item_0": 596,
      "item_1": -11,
      "item_2": 116,
      "item_3": 36,
      "item_4": 63,
      "item_5": 16,
      "item_neutral": 947,
      "item_uses": null,
      "kill_streaks": null,
      "killed": null,
      "killed_by": null,
      "kills": 19,
      "kills_log": null,
      "lane_pos": null,
      "last_hits": 147,
      "leaver_status": 0,
      "level": 18,
      "lh_t": null,
      "life_state": null,
      "max_hero_hit": null,
      "multi_kills": null,
      "net_worth": 0,
      "obs": null,
      "obs_left_log": null,
      "obs_log": null,
      "obs_placed": null,
      "party_id": 3,
      "party_size": 1,
      "performance_others": null,
      "permanent_buffs": [
        {},
        {
          "permanent_buff": 12,
          "stack_count": 0,
          "grant_time": 1587
        }
      ],
      "pings": null,
      "pred_vict": null,
      "purchase": null,
      "purchase_log": null,
      "randomed": null,
      "repicked": null,
      "roshans_killed": null,
      "rune_pickups": null,
      "runes": null,
      "runes_log": null,
      "sen": null,
      "sen_left_log": null,
      "sen_log": null,
      "sen_placed": null,
      "stuns": null,
      "teamfight_participation": null,
      "times": null,
      "tower_damage": 12378,
      "towers_killed": null,
      "xp_per_min": 0,
      "xp_reasons": null,
      "xp_t": null,
      "start_time": 1669912698,
      "duration": 1447,
      "cluster": 0,
      "lobby_type": 7,
      "game_mode": 22,
      "is_contributor": false,
      "patch": 51,
      "region": 8,
      "isRadiant": true,
      "total_gold": 16254,
      "total_xp": 19172,
      "kills_per_min": 0.7878369039391845,
      "kda": 4,
      "abandons": 0,
      "rank_tier": null,
      "is_subscriber": false,
      "cosmetics": [],
      "benchmarks": {
        "gold_per_min": {
          "raw": 0,
          "pct": 0.6363636363636364
        },
        "xp_per_min": {
          "raw": 795,
          "pct": 0.184709971662238
        },
        "kills_per_min": {
          "raw": 0.7878369039391845,
          "pct": 1
        },
        "last_hits_per_min": {
          "raw": 6.095369730476849,
          "pct": 0.5454545454545454
        },
        "hero_damage_per_min": {},
        "hero_healing_per_min": {
          "raw": 0,
          "pct": 1
        },
        "tower_damage": {
          "raw": 12378,
          "pct": 1
        },
        "stuns_per_min": {
          "raw": 0,
          "pct": 0.5454545454545454
        },
        "lhten": {}
      }
    },
    {
      "player_slot": 4,
      "ability_targets": null,
      "ability_upgrades_arr": [
        5496,
        0,
        5494,
        5494,
        5494,
        5497,
        5494,
        5495,
        5495,
        0,
        5495,
        5497,
        -972,
        0,
        6892,
        5496
      ],
      "ability_uses": null,
      "actions": null,
      "additional_units": null,
      "assists": 7,
      "backpack_0": 0,
      "backpack_1": 0,
      "backpack_2": 0,
      "backpack_3": null,
      "buyback_log": null,
      "camps_stacked": null,
      "connection_log": null,
      "creeps_stacked": null,
      "damage": null,
      "damage_inflictor": null,
      "damage_inflictor_received": null,
      "damage_taken": null,
      "damage_targets": null,
      "deaths": 3,
      "denies": 0,
      "dn_t": null,
      "firstblood_claimed": null,
      "gold": 1469,
      "gold_per_min": 523,
      "gold_reasons": null,
      "gold_spent": 0,
      "gold_t": null,
      "hero_damage": 13437,
      "hero_healing": 0,
      "hero_hits": null,
      "hero_id": 93,
      "item_0": 11,
      "item_1": 0,
      "item_2": 45,
      "item_3": 252,
      "item_4": 0,
      "item_5": 63,
      "item_neutral": 355,
      "item_uses": null,
      "kill_streaks": null,
      "killed": null,
      "killed_by": null,
      "kills": 9,
      "kills_log": null,
      "lane_pos": null,
      "last_hits": 124,
      "leaver_status": 0,
      "level": 16,
      "lh_t": null,
      "life_state": null,
      "max_hero_hit": null,
      "multi_kills": null,
      "net_worth": 12094,
      "obs": null,
      "obs_left_log": null,
      "obs_log": null,
      "obs_placed": null,
      "party_id": 4,
      "party_size": 0,
      "performance_others": null,
      "permanent_buffs": [
        {},
        {}
      ],
      "pings": null,
      "pred_vict": null,
      "purchase": null,
      "purchase_log": null,
      "randomed": null,
      "repicked": null,
      "roshans_killed": null,
      "rune_pickups": null,
      "runes": null,
      "runes_log": null,
      "sen": null,
      "sen_left_log": null,
      "sen_log": null,
      "sen_placed": null,
      "stuns": null,
      "teamfight_participation": null,
      "times": null,
      "tower_damage": 4816,
      "towers_killed": null,
      "xp_per_min": 624,
      "xp_reasons": null,
      "xp_t": null,
      "personaname": "ПАВАПЕПЕ ГЕМАБОДИ",
      "name": null,
      "last_login": "2023-01-14T10:22:56.712Z",
      "start_time": 1669912698,
      "duration": 1447,
      "cluster": 183,
      "lobby_type": 7,
      "game_mode": 22,
      "is_contributor": false,
      "patch": 51,
      "region": 0,
      "isRadiant": true,
      "total_gold": 12613,
      "total_xp": 15048,
      "kills_per_min": 0.3731859018659295,
      "kda": 4,
      "abandons": 0,
      "rank_tier": 61,
      "is_subscriber": false,
      "cosmetics": [],
      "benchmarks": {}
    },
    {
      "player_slot": 128,
      "ability_targets": null,
      "ability_upgrades_arr": [],
      "ability_uses": null,
      "actions": null,
      "additional_units": null,
      "assists": 6,
      "backpack_0": 0,
      "backpack_1": 0,
      "backpack_2": 0,
      "backpack_3": null,
      "buyback_log": null,
      "camps_stacked": null,
      "connection_log": null,
      "creeps_stacked": null,
      "damage": null,
      "damage_inflictor": null,
      "damage_inflictor_received": null,
      "damage_taken": null,
      "damage_targets": null,
      "deaths": 0,
      "denies": 2,
      "dn_t": null,
      "firstblood_claimed": null,
      "gold": 1476,
      "gold_per_min": 242,
      "gold_reasons": null,
      "gold_spent": 4195,
      "gold_t": null,
      "hero_damage": 8493,
      "hero_healing": 240,
      "hero_hits": null,
      "hero_id": 121,
      "item_0": 180,
      "item_1": 188,
      "item_2": 0,
      "item_3": 36,
      "item_4": 0,
      "item_5": 0,
      "item_neutral": 946,
      "item_uses": null,
      "kill_streaks": null,
      "killed": null,
      "killed_by": null,
      "kills": 3,
      "kills_log": null,
      "lane_pos": null,
      "last_hits": 0,
      "leaver_status": 0,
      "level": 12,
      "lh_t": null,
      "life_state": null,
      "max_hero_hit": null,
      "multi_kills": null,
      "net_worth": 4776,
      "obs": null,
      "obs_left_log": null,
      "obs_log": null,
      "obs_placed": null,
      "party_id": 5,
      "party_size": 1,
      "performance_others": null,
      "permanent_buffs": [],
      "pings": null,
      "pred_vict": null,
      "purchase": null,
      "purchase_log": null,
      "randomed": null,
      "repicked": null,
      "roshans_killed": null,
      "rune_pickups": null,
      "runes": null,
      "runes_log": null,
      "sen": null,
      "sen_left_log": null,
      "sen_log": null,
      "sen_placed": null,
      "stuns": null,
      "teamfight_participation": null,
      "times": null,
      "tower_damage": 0,
      "towers_killed": null,
      "xp_per_min": 384,
      "xp_reasons": null,
      "xp_t": null,
      "personaname": "Abaddalor",
      "name": null,
      "last_login": null,
      "start_time": 1669912698,
      "duration": 1447,
      "cluster": 183,
      "lobby_type": 7,
      "game_mode": 22,
      "is_contributor": false,
      "patch": 51,
      "region": 0,
      "isRadiant": false,
      "total_gold": 1358,
      "total_xp": 799,
      "kills_per_min": 0.1243953006219765,
      "kda": 0,
      "abandons": 0,
      "rank_tier": 62,
      "is_subscriber": false,
      "cosmetics": [],
      "benchmarks": {
        "gold_per_min": {
          "raw": 242,
          "pct": 0.25
        },
        "xp_per_min": {
          "raw": -5,
          "pct": 0.3333333333333333
        },
        "kills_per_min": {
          "raw": -0.03224012282547721,
          "pct": 0.5
        },
        "last_hits_per_min": {
          "raw": 0.6219765031098825,
          "pct": 0.3333333333333333
        },
        "hero_damage_per_min": {
          "raw": 352.16309606081546,
          "pct": -0.20189973011394852
        },
        "hero_healing_per_min": {},
        "tower_damage": {
          "raw": 0,
          "pct": 0.5
        },
        "stuns_per_min": {
          "raw": 0,
          "pct": 0
        },
        "lhten": {}
      }
    },
    {
      "player_slot": 129,
      "ability_targets": null,
      "ability_upgrades_arr": [],
      "ability_uses": null,
      "actions": null,
      "additional_units": null,
      "assists": 5,
      "backpack_0": 0,
      "backpack_1": 0,
      "backpack_2": 0,
      "backpack_3": null,
      "buyback_log": null,
      "camps_stacked": null,
      "connection_log": null,
      "creeps_stacked": null,
      "damage": null,
      "damage_inflictor": null,
      "damage_inflictor_received": null,
      "damage_taken": null,
      "damage_targets": null,
      "deaths": 0,
      "denies": 12,
      "dn_t": null,
      "firstblood_claimed": null,
      "gold": 2168,
      "gold_per_min": 364,
      "gold_reasons": null,
      "gold_spent": 5915,
      "gold_t": null,
      "hero_damage": 9984,
      "hero_healing": 0,
      "hero_hits": null,
      "hero_id": 74,
      "item_0": 36,
      "item_1": 65,
      "item_2": 77,
      "item_3": 48,
      "item_4": 0,
      "item_5": 0,
      "item_neutral": 945,
      "item_uses": null,
      "kill_streaks": null,
      "killed": null,
      "killed_by": null,
      "kills": 3,
      "kills_log": null,
      "lane_pos": null,
      "last_hits": 79,
      "leaver_status": 1,
      "level": 14,
      "lh_t": null,
      "life_state": null,
      "max_hero_hit": null,
      "multi_kills": null,
      "net_worth": 0,
      "obs": null,
      "obs_left_log": null,
      "obs_log": null,
      "obs_placed": null,
      "party_id": 6,
      "party_size": 1,
      "performance_others": null,
      "permanent_buffs": [],
      "pings": null,
      "pred_vict": null,
      "purchase": null,
      "purchase_log": null,
      "randomed": null,
      "repicked": null,
      "roshans_killed": null,
      "rune_pickups": null,
      "runes": null,
      "runes_log": null,
      "sen": null,
      "sen_left_log": null,
      "sen_log": null,
      "sen_placed": null,
      "stuns": null,
      "teamfight_participation": null,
      "times": null,
      "tower_damage": 35,
      "towers_killed": null,
      "xp_per_min": 473,
      "xp_reasons": null,
      "xp_t": null,
      "start_time": 1669912698,
      "duration": 1447,
      "cluster": 183,
      "lobby_type": 7,
      "game_mode": 0,
      "is_contributor": false,
      "patch": 51,
      "region": 8,
      "isRadiant": false,
      "total_gold": 7086,
      "total_xp": 6887,
      "kills_per_min": 0.1243953006219765,
      "kda": 1,
      "abandons": 0,
      "rank_tier": null,
      "is_subscriber": false,
      "cosmetics": [],
      "benchmarks": {
        "gold_per_min": {
          "raw": 364,
          "pct": 0.22580645161290322
        },
        "xp_per_min": {
          "raw": 473,
          "pct": -0.06302695911314991
        },
        "kills_per_min": {
          "raw": 0.12439530062197651,
          "pct": 0.25806451612903225
        },
        "last_hits_per_min": {
          "raw": 3.2757429163787144,
          "pct": 0.12903225806451613
        },
        "hero_damage_per_min": {
          "raw": 413.98756046993776,
          "pct": 0.0967741935483871
        },
        "hero_healing_per_min": {
          "raw": 0,
          "pct": 0.7096774193548387
        },
        "tower_damage": {
          "raw": 35,
          "pct": 0.03225806451612903
        },
        "stuns_per_min": {
          "raw": 0,
          "pct": 0
        },
        "lhten": {}
      }
    },
    {
      "player_slot": 130,
      "ability_targets": null,
      "ability_upgrades_arr": [
        879,
        2582,
        879,
        5601,
        879,
        0,
        879,
        5601,
        5601,
        6000,
        886
      ],
      "ability_uses": null,
      "actions": null,
      "additional_units": null,
      "assists": 6,
      "backpack_0": 0,
      "backpack_1": 0,
      "backpack_2": 0,
      "backpack_3": null,
      "buyback_log": null,
      "camps_stacked": null,
      "connection_log": null,
      "creeps_stacked": null,
      "damage": null,
      "damage_inflictor": null,
      "damage_inflictor_received": null,
      "damage_taken": null,
      "damage_targets": null,
      "deaths": 13,
      "denies": 3,
      "dn_t": null,
      "firstblood_claimed": null,
      "gold": 2459,
      "gold_per_min": 314,
      "gold_reasons": null,
      "gold_spent": 4270,
      "gold_t": null,
      "hero_damage": 13148,
      "hero_healing": 0,
      "hero_hits": null,
      "hero_id": 105,
      "item_0": 180,
      "item_1": 36,
      "item_2": 188,
      "item_3": 67,
      "item_4": 218,
      "item_5": 0,
      "item_neutral": 589,
      "item_uses": null,
      "kill_streaks": null,
      "killed": null,
      "killed_by": null,
      "kills": 0,
      "kills_log": null,
      "lane_pos": null,
      "last_hits": 47,
      "leaver_status": 0,
      "level": 11,
      "lh_t": null,
      "life_state": null,
      "max_hero_hit": null,
      "multi_kills": null,
      "net_worth": 5874,
      "obs": null,
      "obs_left_log": null,
      "obs_log": null,
      "obs_placed": null,
      "party_id": 7,
      "party_size": 1,
      "performance_others": null,
      "permanent_buffs": [
        {
          "permanent_buff": 6,
          "stack_count": 1,
          "grant_time": 881
        },
        {
          "permanent_buff": 0,
          "stack_count": 0,
          "grant_time": 1117
        }
      ],
      "pings": null,
      "pred_vict": null,
      "purchase": null,
      "purchase_log": null,
      "randomed": null,
      "repicked": null,
      "roshans_killed": null,
      "rune_pickups": null,
      "runes": null,
      "runes_log": null,
      "sen": null,
      "sen_left_log": null,
      "sen_log": null,
      "sen_placed": null,
      "stuns": null,
      "teamfight_participation": null,
      "times": null,
      "tower_damage": 104,
      "towers_killed": null,
      "xp_per_min": 338,
      "xp_reasons": null,
      "xp_t": null,
      "start_time": 1669912698,
      "duration": 1447,
      "cluster": 0,
      "lobby_type": 0,
      "game_mode": 22,
      "is_contributor": false,
      "patch": -18,
      "region": 1,
      "isRadiant": false,
      "total_gold": 7572,
      "total_xp": 213,
      "kills_per_min": 0.2073255010366275,
      "kda": 0,
      "abandons": 0,
      "rank_tier": null,
      "is_subscriber": false,
      "cosmetics": [],
      "benchmarks": {
        "gold_per_min": {
          "raw": 76,
          "pct": 0.21875
        },
        "xp_per_min": {
          "raw": 338,
          "pct": 0.125
        },
        "kills_per_min": {
          "raw": 0.20732550103662753,
          "pct": 0.6875
        },
        "last_hits_per_min": {
          "raw": 1.9488597097442986,
          "pct": 0.375
        },
        "hero_damage_per_min": {},
        "hero_healing_per_min": {
          "raw": 0,
          "pct": 0.78125
        },
        "tower_damage": {
          "raw": 0,
          "pct": 0.21875
        },
        "stuns_per_min": {
          "raw": 0,
          "pct": 0.0625
        },
        "lhten": {}
      }
    },
    {
      "player_slot": 131,
      "ability_targets": null,
      "ability_upgrades_arr": [
        0,
        0,
        5365,
        5365,
        5365,
        5369,
        5368,
        5368,
        871,
        5365,
        7144,
        5369,
        5366,
        5366,
        1002,
        5366
      ],
      "ability_uses": null,
      "actions": null,
      "additional_units": null,
      "assists": 0,
      "backpack_0": 0,
      "backpack_1": 0,
      "backpack_2": 0,
      "backpack_3": null,
      "buyback_log": null,
      "camps_stacked": null,
      "connection_log": null,
      "creeps_stacked": null,
      "damage": null,
      "damage_inflictor": null,
      "damage_inflictor_received": null,
      "damage_taken": null,
      "damage_targets": null,
      "deaths": 7,
      "denies": 3,
      "dn_t": null,
      "firstblood_claimed": null,
      "gold": 1341,
      "gold_per_min": -168,
      "gold_reasons": null,
      "gold_spent": -3118,
      "gold_t": null,
      "hero_damage": 4685,
      "hero_healing": 0,
      "hero_hits": null,
      "hero_id": 73,
      "item_0": 29,
      "item_1": 65,
      "item_2": 116,
      "item_3": 145,
      "item_4": 0,
      "item_5": 178,
      "item_neutral": 331,
      "item_uses": null,
      "kill_streaks": null,
      "killed": null,
      "killed_by": null,
      "kills": 3,
      "kills_log": null,
      "lane_pos": null,
      "last_hits": 172,
      "leaver_status": 0,
      "level": 16,
      "lh_t": null,
      "life_state": null,
      "max_hero_hit": null,
      "multi_kills": null,
      "net_worth": 13046,
      "obs": null,
      "obs_left_log": null,
      "obs_log": null,
      "obs_placed": null,
      "party_id": 8,
      "party_size": 1,
      "performance_others": null,
      "permanent_buffs": [
        {
          "permanent_buff": 6,
          "stack_count": 1,
          "grant_time": 1568
        }
      ],
      "pings": null,
      "pred_vict": null,
      "purchase": null,
      "purchase_log": null,
      "randomed": null,
      "repicked": null,
      "roshans_killed": null,
      "rune_pickups": null,
      "runes": null,
      "runes_log": null,
      "sen": null,
      "sen_left_log": null,
      "sen_log": null,
      "sen_placed": null,
      "stuns": null,
      "teamfight_participation": null,
      "times": null,
      "tower_damage": 0,
      "towers_killed": null,
      "xp_per_min": 620,
      "xp_reasons": null,
      "xp_t": null,
      "personaname": "weaponized cringe",
      "name": null,
      "last_login": null,
      "start_time": 1669912698,
      "duration": 1447,
      "cluster": 183,
      "lobby_type": 7,
      "game_mode": 22,
      "is_contributor": false,
      "patch": 51,
      "region": 8,
      "isRadiant": false,
      "total_gold": 14421,
      "total_xp": 14952,
      "kills_per_min": 0.1243953006219765,
      "kda": 0,
      "abandons": 0,
      "rank_tier": 53,
      "is_subscriber": false,
      "cosmetics": [],
      "benchmarks": {}
    },
    {
      "player_slot": 132,
      "ability_targets": null,
      "ability_upgrades_arr": [
        7914,
        7902,
        7902,
        7914,
        7914,
        7906,
        7918,
        7914,
        7918,
        7918,
        7941,
        7918,
        7906
      ],
      "ability_uses": null,
      "actions": null,
      "additional_units": null,
      "assists": 9,
      "backpack_0": 0,
      "backpack_1": 0,
      "backpack_2": 0,
      "backpack_3": null,
      "buyback_log": null,
      "camps_stacked": null,
      "connection_log": null,
      "creeps_stacked": null,
      "damage": null,
      "damage_inflictor": null,
      "damage_inflictor_received": null,
      "damage_taken": null,
      "damage_targets": null,
      "deaths": 12,
      "denies": 8,
      "dn_t": null,
      "firstblood_claimed": null,
      "gold": 44,
      "gold_per_min": 364,
      "gold_reasons": null,
      "gold_spent": 0,
      "gold_t": null,
      "hero_damage": 12429,
      "hero_healing": 245,
      "hero_hits": null,
      "hero_id": 135,
      "item_0": 73,
      "item_1": 13,
      "item_2": 36,
      "item_3": 50,
      "item_4": 168,
      "item_5": 11,
      "item_neutral": 680,
      "item_uses": null,
      "kill_streaks": null,
      "killed": null,
      "killed_by": null,
      "kills": 2,
      "kills_log": null,
      "lane_pos": null,
      "last_hits": 96,
      "leaver_status": 0,
      "level": 13,
      "lh_t": null,
      "life_state": null,
      "max_hero_hit": null,
      "multi_kills": null,
      "net_worth": 6948,
      "obs": null,
      "obs_left_log": null,
      "obs_log": null,
      "obs_placed": null,
      "party_id": 9,
      "party_size": 1,
      "performance_others": null,
      "permanent_buffs": [],
      "pings": null,
      "pred_vict": null,
      "purchase": null,
      "purchase_log": null,
      "randomed": null,
      "repicked": null,
      "roshans_killed": null,
      "rune_pickups": null,
      "runes": null,
      "runes_log": null,
      "sen": null,
      "sen_left_log": null,
      "sen_log": null,
      "sen_placed": null,
      "stuns": null,
      "teamfight_participation": null,
      "times": null,
      "tower_damage": 0,
      "towers_killed": null,
      "xp_per_min": 0,
      "xp_reasons": null,
      "xp_t": null,
      "personaname": "рАИЕН ГОСЛИНГ",
      "name": null,
      "last_login": "2021-12-28T19:58:37.638Z",
      "start_time": 1669912698,
      "duration": 1447,
      "cluster": 183,
      "lobby_type": 7,
      "game_mode": 22,
      "is_contributor": false,
      "patch": 0,
      "region": 8,
      "isRadiant": false,
      "total_gold": 8778,
      "total_xp": 8545,
      "kills_per_min": 0.082930200414651,
      "kda": 0,
      "abandons": 0,
      "rank_tier": 63,
      "is_subscriber": false,
      "cosmetics": [],
      "benchmarks": {
        "gold_per_min": {
          "raw": 364,
          "pct": 0.21875
        },
        "xp_per_min": {},
        "kills_per_min": {
          "raw": 0.082930200414651,
          "pct": 0.15625
        },
        "last_hits_per_min": {
          "raw": 3.9806496199032484,
          "pct": 0.28125
        },
        "hero_damage_per_min": {
          "raw": 515.3697304768486,
          "pct": 0.5625
        },
        "hero_healing_per_min": {},
        "tower_damage": {
          "raw": 0,
          "pct": 0.03125
        },
        "stuns_per_min": {
          "raw": 0,
          "pct": 0
        },
        "lhten": {}
      }
    }
  ],
  "patch": 51,
  "region": 8
}