{
  "chat": null,
  "cluster": 251,
  "cosmetics": null,
  "dire_score": 55,
  "dire_team_id": null,
  "draft_timings": null,
  "duration": 1894,
  "engine": 1,
  "first_blood_time": 66,
  "game_mode": 4,
  "human_players": 0,
  "leagueid": 0,
  "lobby_type": 0,
  "match_seq_num": 5780330994,
  "negative_votes": 0,
  "objectives": null,
  "picks_bans": null,
  "positive_votes": 0,
  "radiant_gold_adv": null,
  "radiant_score": 27,
  "radiant_team_id": null,
  "radiant_xp_adv": null,
  "skill": null,
  "start_time": 1669911343,
  "teamfights": null,
  "version": null,
  "replay_salt": 719711830,
  "series_id": 0,
  "series_type": 0,
  "players": [
    {
      "player_slot": 0,
      "ability_targets": null,
      "ability_upgrades_arr": [],
      "ability_uses": null,
      "actions": null,
      "additional_units": null,
      "assists": 5,
      "backpack_0": 0,
      "backpack_1": 0,
      "backpack_2": 0,
      "backpack_3": null,
      "buyback_log": null,
      "camps_stacked": null,
      "connection_log": null,
      "creeps_stacked": null,
      "damage": null,
      "damage_inflictor": null,
      "damage_inflictor_received": null,
      "damage_taken": null,
      "damage_targets": null,
      "deaths": 13,
      "denies": 2,
      "dn_t": null,
      "firstblood_claimed": null,
      "gold": 1663,
      "gold_per_min": 411,
      "gold_reasons": null,
      "gold_spent": 9825,
      "gold_t": null,
      "hero_damage": 18653,
      "hero_healing": 0,
      "hero_hits": null,
      "hero_id": 48,
      "item_0": 5,
      "item_1": 147,
      "item_2": 149,
      "item_3": 216,
      "item_4": 75,
      "item_5": 26,
      "item_neutral": 0,
      "item_uses": null,
      "kill_streaks": null,
      "killed": null,
      "killed_by": null,
      "kills": 0,
      "kills_log": null,
      "lane_pos": null,
      "last_hits": 87,
      "leaver_status": 0,
      "level": 16,
      "lh_t": null,
      "life_state": null,
      "max_hero_hit": null,
      "multi_kills": null,
      "net_worth": 11133,
      "obs": null,
      "obs_left_log": null,
      "obs_log": null,
      "obs_placed": null,
      "party_id": 0,
      "party_size": 1,
      "performance_others": null,
      "permanent_buffs": [],
      "pings": null,
      "pred_vict": null,
      "purchase": null,
      "purchase_log": null,
      "randomed": null,
      "repicked": null,
      "roshans_killed": null,
      "rune_pickups": null,
      "runes": null,
      "runes_log": null,
      "sen": null,
      "sen_left_log": null,
      "sen_log": null,
      "sen_placed": null,
      "stuns": null,
      "teamfight_participation": null,
      "times": null,
      "tower_damage": 280,
      "towers_killed": null,
      "xp_per_min": 480,
      "xp_reasons": null,
      "xp_t": null,
      "start_time": 1669911343,
      "duration": 1894,
      "cluster": 251,
      "lobby_type": 0,
      "game_mode": 4,
      "is_contributor": false,
      "patch": 51,
      "region": 15,
      "isRadiant": true,
      "total_gold": 12973,
      "total_xp": 13189,
      "kills_per_min": 0.25343189017951423,
      "kda": 0,
      "abandons": 0,
      "rank_tier": null,
      "is_subscriber": false,
      "cosmetics": [],
      "benchmarks": {
        "gold_per_min": {
          "raw": 411,
          "pct": 0.11764705882352941
        },
        "xp_per_min": {
          "raw": 480,
          "pct": 0.058823529411764705
        },
        "kills_per_min": {
          "raw": 0.25343189017951423,
          "pct": 0.6470588235294118
        },
        "last_hits_per_min": {
          "raw": 2.7560718057022173,
          "pct": 0
        },
        "hero_damage_per_min": {
          "raw": 590.9081309398099,
          "pct": 0.29411764705882354
        },
        "hero_healing_per_min": {
          "raw": 0,
          "pct": 1
        },
        "tower_damage": {
          "raw": 280,
          "pct": 0.23529411764705882
        },
        "stuns_per_min": {
          "raw": 0,
          "pct": 0
        },
        "lhten": {}
      }
    },
    {
      "player_slot": 1,
      "ability_targets": null,
      "ability_upgrades_arr": [
        5048,
        5050,
        5048,
        5051,
        0,
        5049,
        5048,
        5048,
        5051,
        5051,
        5051,
        5050,
        5050,
        817,
        5049
      ],
      "ability_uses": null,
      "actions": null,
      "additional_units": null,
      "assists": 15,
      "backpack_0": 23,
      "backpack_1": 42,
      "backpack_2": 0,
      "backpack_3": null,
      "buyback_log": null,
      "camps_stacked": null,
      "connection_log": null,
      "creeps_stacked": null,
      "damage": null,
      "damage_inflictor": null,
      "damage_inflictor_received": null,
      "damage_taken": null,
      "damage_targets": null,
      "deaths": 13,
      "denies": 0,
      "dn_t": null,
      "firstblood_claimed": null,
      "gold": 63,
      "gold_per_min": 0,
      "gold_reasons": null,
      "gold_spent": 1103,
      "gold_t": null,
      "hero_damage": 28182,
      "hero_healing": 0,
      "hero_hits": null,
      "hero_id": 0,
      "item_0": 149,
      "item_1": 75,
      "item_2": 168,
      "item_3": 0,
      "item_4": 236,
      "item_5": 593,
      "item_neutral": 949,
      "item_uses": null,
      "kill_streaks": null,
      "killed": null,
      "killed_by": null,
      "kills": 7,
      "kills_log": null,
      "lane_pos": null,
      "last_hits": 54,
      "leaver_status": 0,
      "level": 15,
      "lh_t": null,
      "life_state": null,
      "max_hero_hit": null,
      "multi_kills": null,
      "net_worth": 1224,
      "obs": null,
      "obs_left_log": null,
      "obs_log": null,
      "obs_placed": null,
      "party_id": 1,
      "party_size": 1,
      "performance_others": null,
      "permanent_buffs": [],
      "pings": null,
      "pred_vict": null,
      "purchase": null,
      "purchase_log": null,
      "randomed": null,
      "repicked": null,
      "roshans_killed": null,
      "rune_pickups": null,
      "runes": null,
      "runes_log": null,
      "sen": null,
      "sen_left_log": null,
      "sen_log": null,
      "sen_placed": null,
      "stuns": null,
      "teamfight_participation": null,
      "times": null,
      "tower_damage": 376,
      "towers_killed": null,
      "xp_per_min": 440,
      "xp_reasons": null,
      "xp_t": null,
      "personaname": "leo_dybala_20",
      "name": null,
      "last_login": null,
      "start_time": 1669911343,
      "duration": 1894,
      "cluster": 251,
      "lobby_type": 0,
      "game_mode": 4,
      "is_contributor": false,
      "patch": -17,
      "region": 15,
      "isRadiant": true,
      "total_gold": 12247,
      "total_xp": 13889,
      "kills_per_min": 0.04603493111310597,
      "kda": 0,
      "abandons": 0,
      "rank_tier": null,
      "is_subscriber": false,
      "cosmetics": [],
      "benchmarks": {
        "gold_per_min": {
          "raw": 388,
          "pct": 0.8
        },
        "xp_per_min": {
          "raw": 440,
          "pct": 0.41818181818181815
        },
        "kills_per_min": {
          "raw": 0.22175290390707497,
          "pct": 0.8
        },
        "last_hits_per_min": {},
        "hero_damage_per_min": {
          "raw": 892.7771911298839,
          "pct": 1
        },
        "hero_healing_per_min": {
          "raw": 0,
          "pct": 0.4909090909090909
        },
        "tower_damage": {
          "raw": 376,
          "pct": 0.41818181818181815
        },
        "stuns_per_min": {
          "raw": 0,
          "pct": 0
        },
        "lhten": {}
      }
    },
    {
      "player_slot": 2,
      "ability_targets": null,
      "ability_upgrades_arr": null,
      "ability_uses": null,
      "actions": null,
      "additional_units": null,
      "assists": 1,
      "backpack_0": 0,
      "backpack_1": 0,
      "backpack_2": 0,
      "backpack_3": null,
      "buyback_log": null,
      "camps_stacked": null,
      "connection_log": null,
      "creeps_stacked": null,
      "damage": null,
      "damage_inflictor": null,
      "damage_inflictor_received": null,
      "damage_taken": null,
      "damage_targets": null,
      "deaths": 5,
      "denies": 0,
      "dn_t": null,
      "firstblood_claimed": null,
      "gold": 1,
      "gold_per_min": 125,
      "gold_reasons": null,
      "gold_spent": 0,
      "gold_t": null,
      "hero_damage": 852,
      "hero_healing": 0,
      "hero_hits": null,
      "hero_id": 0,
      "item_0": 0,
      "item_1": 0,
      "item_2": 0,
      "item_3": 0,
      "item_4": 0,
      "item_5": 0,
      "item_neutral": 0,
      "item_uses": null,
      "kill_streaks": null,
      "killed": null,
      "killed_by": null,
      "kills": 0,
      "kills_log": null,
      "lane_pos": null,
      "last_hits": 0,
      "leaver_status": 3,
      "level": 0,
      "lh_t": null,
      "life_state": null,
      "max_hero_hit": null,
      "multi_kills": null,
      "net_worth": -34,
      "obs": null,
      "obs_left_log": null,
      "obs_log": null,
      "obs_placed": null,
      "party_id": 0,
      "party_size": 1,
      "performance_others": null,
      "permanent_buffs": [],
      "pings": null,
      "pred_vict": null,
      "purchase": null,
      "purchase_log": null,
      "randomed": null,
      "repicked": null,
      "roshans_killed": null,
      "rune_pickups": null,
      "runes": null,
      "runes_log": null,
      "sen": null,
      "sen_left_log": null,
      "sen_log": null,
      "sen_placed": null,
      "stuns": null,
      "teamfight_participation": null,
      "times": null,
      "tower_damage": 0,
      "towers_killed": null,
      "xp_per_min": 78,
      "xp_reasons": null,
      "xp_t": null,
      "start_time": 1669911343,
      "duration": 1894,
      "cluster": 251,
      "lobby_type": 0,
      "game_mode": 4,
      "is_contributor": false,
      "patch": 51,
      "region": -6,
      "isRadiant": true,
      "total_gold": 3048,
      "total_xp": 771,
      "kda": 0,
      "abandons": 1,
      "rank_tier": null,
      "is_subscriber": false,
      "cosmetics": [],
      "benchmarks": {
        "gold_per_min": {
          "raw": -26,
          "pct": 0
        },
        "xp_per_min": {},
        "kills_per_min": {
          "raw": 0,
          "pct": 0
        },
        "last_hits_per_min": {
          "raw": 0,
          "pct": 0
        },
        "hero_damage_per_min": {
          "raw": 26.990496304118267,
          "pct": 0
        },
        "hero_healing_per_min": {
          "raw": 0,
          "pct": 0.6428571428571429
        },
        "tower_damage": {
          "raw": 0,
          "pct": 0.07142857142857142
        },
        "stuns_per_min": {
          "raw": 0,
          "pct": 0.6428571428571429
        },
        "lhten": {}
      }
    },
    {
      "player_slot": 3,
      "ability_targets": null,
      "ability_upgrades_arr": [
        6583,
        6495,
        6583,
        6495,
        6583,
        6598,
        6583,
        6495,
        6495,
        6582,
        148,
        6598,
        6582
      ],
      "ability_uses": null,
      "actions": null,
      "additional_units": null,
      "assists": 7,
      "backpack_0": 0,
      "backpack_1": 0,
      "backpack_2": 0,
      "backpack_3": null,
      "buyback_log": null,
      "camps_stacked": null,
      "connection_log": null,
      "creeps_stacked": null,
      "damage": null,
      "damage_inflictor": null,
      "damage_inflictor_received": null,
      "damage_taken": null,
      "damage_targets": null,
      "deaths": 19,
      "denies": 0,
      "dn_t": null,
      "firstblood_claimed": null,
      "gold": 111,
      "gold_per_min": 250,
      "gold_reasons": null,
      "gold_spent": -2116,
      "gold_t": null,
      "hero_damage": 13168,
      "hero_healing": 0,
      "hero_hits": null,
      "hero_id": 129,
      "item_0": 94,
      "item_1": 166,
      "item_2": -176,
      "item_3": 73,
      "item_4": 131,
      "item_5": 19,
      "item_neutral": 947,
      "item_uses": null,
      "kill_streaks": null,
      "killed": null,
      "killed_by": null,
      "kills": 3,
      "kills_log": null,
      "lane_pos": null,
      "last_hits": 28,
      "leaver_status": 0,
      "level": 13,
      "lh_t": null,
      "life_state": null,
      "max_hero_hit": null,
      "multi_kills": null,
      "net_worth": 6878,
      "obs": null,
      "obs_left_log": null,
      "obs_log": null,
      "obs_placed": null,
      "party_id": 0,
      "party_size": 1,
      "performance_others": null,
      "permanent_buffs": [],
      "pings": null,
      "pred_vict": null,
      "purchase": null,
      "purchase_log": null,
      "randomed": null,
      "repicked": null,
      "roshans_killed": null,
      "rune_pickups": null,
      "runes": null,
      "runes_log": null,
      "sen": null,
      "sen_left_log": null,
      "sen_log": null,
      "sen_placed": null,
      "stuns": null,
      "teamfight_participation": null,
      "times": null,
      "tower_damage": 80,
      "towers_killed": null,
      "xp_per_min": 322,
      "xp_reasons": null,
      "xp_t": null,
      "start_time": 0,
      "duration": 1894,
      "cluster": 251,
      "lobby_type": 0,
      "game_mode": 4,
      "is_contributor": false,
      "patch": 51,
      "region": 15,
      "isRadiant": true,
      "total_gold": 7891,
      "total_xp": 10164,
      "kills_per_min": 0.09503695881731784,
      "kda": 0,
      "abandons": 0,
      "rank_tier": null,
      "is_subscriber": false,
      "cosmetics": [],
      "benchmarks": {
        "gold_per_min": {
          "raw": 250,
          "pct": 0.022727272727272728
        },
        "xp_per_min": {
          "raw": 322,
          "pct": 0.022727272727272728
        },
        "kills_per_min": {},
        "last_hits_per_min": {
          "raw": 0.8870116156282999,
          "pct": 0.022727272727272728
        },
        "hero_damage_per_min": {},
        "hero_healing_per_min": {
          "raw": 0,
          "pct": 0.9545454545454546
        },
        "tower_damage": {
          "raw": 80,
          "pct": 0.11363636363636363
        },
        "stuns_per_min": {
          "raw": 0,
          "pct": 0.022727272727272728
        },
        "lhten": {}
      }
    },
    {
      "player_slot": 4,
      "ability_targets": null,
      "ability_upgrades_arr": [
        5107,
        5106,
        5107,
        5108,
        5107,
        5106,
        5106,
        5109,
        -2188,
        5108,
        6137,
        5109,
        5106,
        -2953,
        6937,
        0
      ],
      "ability_uses": null,
      "actions": null,
      "additional_units": null,
      "assists": 11,
      "backpack_0": 215,
      "backpack_1": 0,
      "backpack_2": 0,
      "backpack_3": null,
      "buyback_log": null,
      "camps_stacked": null,
      "connection_log": null,
      "creeps_stacked": null,
      "damage": null,
      "damage_inflictor": null,
      "damage_inflictor_received": null,
      "damage_taken": null,
      "damage_targets": null,
      "deaths": 2,
      "denies": 0,
      "dn_t": null,
      "firstblood_claimed": null,
      "gold": 880,
      "gold_per_min": 0,
      "gold_reasons": null,
      "gold_spent": 10675,
      "gold_t": null,
      "hero_damage": 13591,
      "hero_healing": 0,
      "hero_hits": null,
      "hero_id": 19,
      "item_0": 29,
      "item_1": 43,
      "item_2": 20,
      "item_3": 485,
      "item_4": 252,
      "item_5": 1,
      "item_neutral": 577,
      "item_uses": null,
      "kill_streaks": null,
      "killed": null,
      "killed_by": null,
      "kills": 5,
      "kills_log": null,
      "lane_pos": null,
      "last_hits": 77,
      "leaver_status": 0,
      "level": 1,
      "lh_t": null,
      "life_state": null,
      "max_hero_hit": null,
      "multi_kills": null,
      "net_worth": 10105,
      "obs": null,
      "obs_left_log": null,
      "obs_log": null,
      "obs_placed": null,
      "party_id": 4,
      "party_size": 1,
      "performance_others": null,
      "permanent_buffs": [
        {
          "permanent_buff": 12,
          "stack_count": 0,
          "grant_time": 1862
        }
      ],
      "pings": null,
      "pred_vict": null,
      "purchase": null,
      "purchase_log": null,
      "randomed": null,
      "repicked": null,
      "roshans_killed": null,
      "rune_pickups": null,
      "runes": null,
      "runes_log": null,
      "sen": null,
      "sen_left_log": null,
      "sen_log": null,
      "sen_placed": null,
      "stuns": null,
      "teamfight_participation": null,
      "times": null,
      "tower_damage": 0,
      "towers_killed": null,
      "xp_per_min": 462,
      "xp_reasons": null,
      "xp_t": null,
      "start_time": 1669911343,
      "duration": 1894,
      "cluster": 251,
      "lobby_type": 0,
      "game_mode": 4,
      "is_contributor": false,
      "patch": 51,
      "region": 15,
      "isRadiant": true,
      "total_gold": 11711,
      "total_xp": 7963,
      "kills_per_min": 0.1583949313621964,
      "kda": 2,
      "abandons": 0,
      "rank_tier": null,
      "is_subscriber": false,
      "cosmetics": [],
      "benchmarks": {
        "gold_per_min": {
          "raw": 371,
          "pct": 0.6
        },
        "xp_per_min": {
          "raw": 462,
          "pct": 0.3411764705882353
        },
        "kills_per_min": {
          "raw": 0.1583949313621964,
          "pct": 0.6823529411764706
        },
        "last_hits_per_min": {
          "raw": 2.439281942977825,
          "pct": 0.18202115565240798
        },
        "hero_damage_per_min": {},
        "hero_healing_per_min": {
          "raw": 0,
          "pct": 0.8941176470588236
        },
        "tower_damage": {},
        "stuns_per_min": {
          "raw": 0,
          "pct": 0
        },
        "lhten": {}
      }
    },
    {
      "player_slot": 128,
      "ability_targets": null,
      "ability_upgrades_arr": [
        5158,
        -537,
        5158,
        5160,
        5158,
        0,
        -2194,
        5159,
        5159,
        5160,
        0,
        5161,
        1049,
        5160,
        -252,
        7111,
        5161
      ],
      "ability_uses": null,
      "actions": null,
      "additional_units": null,
      "assists": 8,
      "backpack_0": 0,
      "backpack_1": 0,
      "backpack_2": 828,
      "backpack_3": null,
      "buyback_log": null,
      "camps_stacked": null,
      "connection_log": null,
      "creeps_stacked": null,
      "damage": null,
      "damage_inflictor": null,
      "damage_inflictor_received": null,
      "damage_taken": null,
      "damage_targets": null,
      "deaths": 5,
      "denies": 1,
      "dn_t": null,
      "firstblood_claimed": null,
      "gold": 3479,
      "gold_per_min": 0,
      "gold_reasons": null,
      "gold_spent": 12430,
      "gold_t": null,
      "hero_damage": 40416,
      "hero_healing": 5796,
      "hero_hits": null,
      "hero_id": 36,
      "item_0": 0,
      "item_1": 137,
      "item_2": 0,
      "item_3": 2,
      "item_4": 216,
      "item_5": 114,
      "item_neutral": 946,
      "item_uses": null,
      "kill_streaks": null,
      "killed": null,
      "killed_by": null,
      "kills": 15,
      "kills_log": null,
      "lane_pos": null,
      "last_hits": 118,
      "leaver_status": 0,
      "level": 20,
      "lh_t": null,
      "life_state": null,
      "max_hero_hit": null,
      "multi_kills": null,
      "net_worth": 15544,
      "obs": null,
      "obs_left_log": null,
      "obs_log": null,
      "obs_placed": null,
      "party_id": 5,
      "party_size": 1,
      "performance_others": null,
      "permanent_buffs": [
        {
          "permanent_buff": 14,
          "stack_count": 6,
          "grant_time": -52
        }
      ],
      "pings": null,
      "pred_vict": null,
      "purchase": null,
      "purchase_log": null,
      "randomed": null,
      "repicked": null,
      "roshans_killed": null,
      "rune_pickups": null,
      "runes": null,
      "runes_log": null,
      "sen": null,
      "sen_left_log": null,
      "sen_log": null,
      "sen_placed": null,
      "stuns": null,
      "teamfight_participation": null,
      "times": null,
      "tower_damage": 2599,
      "towers_killed": null,
      "xp_per_min": 725,
      "xp_reasons": null,
      "xp_t": null,
      "start_time": 1669911343,
      "duration": 1894,
      "cluster": 251,
      "lobby_type": 0,
      "game_mode": 4,
      "is_contributor": false,
      "patch": 51,
      "region": 15,
      "isRadiant": false,
      "total_gold": 16414,
      "total_xp": 22885,
      "kills_per_min": 0.47518479408658926,
      "kda": 6,
      "abandons": 0,
      "rank_tier": null,
      "is_subscriber": false,
      "cosmetics": [],
      "benchmarks": {
        "gold_per_min": {
          "raw": 520,
          "pct": 0.5
        },
        "xp_per_min": {
          "raw": 725,
          "pct": 0.6538461538461539
        },
        "kills_per_min": {
          "raw": 0.4751847940865892,
          "pct": 0.9230769230769231
        },
        "last_hits_per_min": {
          "raw": 3.738120380147835,
          "pct": 0.11538461538461539
        },
        "hero_damage_per_min": {},
        "hero_healing_per_min": {
          "raw": 183.6114044350581,
          "pct": 0.6153846153846154
        },
        "tower_damage": {
          "raw": 2599,
          "pct": 0.7692307692307693
        },
        "stuns_per_min": {
          "raw": 0,
          "pct": 0
        },
        "lhten": {}
      }
    },
    {
      "player_slot": -26,
      "ability_targets": null,
      "ability_upgrades_arr": [
        5260,
        0,
        5261,
        5259,
        5261,
        5262,
        0,
        5260,
        5260,
        5259,
        5259,
        5262,
        5261,
        -2600,
        6104,
        495
      ],
      "ability_uses": null,
      "actions": null,
      "additional_units": null,
      "assists": 19,
      "backpack_0": 0,
      "backpack_1": 0,
      "backpack_2": 0,
      "backpack_3": null,
      "buyback_log": null,
      "camps_stacked": null,
      "connection_log": null,
      "creeps_stacked": null,
      "damage": null,
      "damage_inflictor": null,
      "damage_inflictor_received": null,
      "damage_taken": null,
      "damage_targets": null,
      "deaths": 5,
      "denies": 4,
      "dn_t": null,
      "firstblood_claimed": null,
      "gold": 47,
      "gold_per_min": 425,
      "gold_reasons": null,
      "gold_spent": 10335,
      "gold_t": null,
      "hero_damage": 5019,
      "hero_healing": 0,
      "hero_hits": null,
      "hero_id": 56,
      "item_0": -36,
      "item_1": 38,
      "item_2": 29,
      "item_3": 1466,
      "item_4": 149,
      "item_5": 0,
      "item_neutral": 840,
      "item_uses": null,
      "kill_streaks": null,
      "killed": null,
      "killed_by": null,
      "kills": 0,
      "kills_log": null,
      "lane_pos": null,
      "last_hits": 124,
      "leaver_status": 0,
      "level": 17,
      "lh_t": null,
      "life_state": null,
      "max_hero_hit": null,
      "multi_kills": null,
      "net_worth": 12291,
      "obs": null,
      "obs_left_log": null,
      "obs_log": null,
      "obs_placed": null,
      "party_id": 6,
      "party_size": 1,
      "performance_others": null,
      "permanent_buffs": [],
      "pings": null,
      "pred_vict": null,
      "purchase": null,
      "purchase_log": null,
      "randomed": null,
      "repicked": null,
      "roshans_killed": null,
      "rune_pickups": null,
      "runes": null,
      "runes_log": null,
      "sen": null,
      "sen_left_log": null,
      "sen_log": null,
      "sen_placed": null,
      "stuns": null,
      "teamfight_participation": null,
      "times": null,
      "tower_damage": 4497,
      "towers_killed": null,
      "xp_per_min": 0,
      "xp_reasons": null,
      "xp_t": null,
      "start_time": 1669911343,
      "duration": 1894,
      "cluster": 251,
      "lobby_type": 0,
      "game_mode": 4,
      "is_contributor": false,
      "patch": 51,
      "region": 15,
      "isRadiant": false,
      "total_gold": 13415,
      "total_xp": 1124,
      "kills_per_min": 0.09503695881731784,
      "kda": 2,
      "abandons": 0,
      "rank_tier": null,
      "is_subscriber": false,
      "cosmetics": [],
      "benchmarks": {
        "gold_per_min": {
          "raw": 425,
          "pct": 0.1111111111111111
        },
        "xp_per_min": {
          "raw": 0,
          "pct": 0.1111111111111111
        },
        "kills_per_min": {},
        "last_hits_per_min": {},
        "hero_damage_per_min": {
          "raw": 377.740232312566,
          "pct": 0.1111111111111111
        },
        "hero_healing_per_min": {
          "raw": 0,
          "pct": 1
        },
        "tower_damage": {
          "raw": 4497,
          "pct": 0.3333333333333333
        },
        "stuns_per_min": {
          "raw": 0,
          "pct": 0.1111111111111111
        },
        "lhten": {}
      }
    },
    {
      "player_slot": 130,
      "ability_targets": null,
      "ability_upgrades_arr": [
        5290,
        0,
        5290,
        0,
        5290,
        5292,
        5290,
        5291,
        0,
        5291,
        6200,
        5292,
        5289,
        5289,
        2796,
        5289,
        5292
      ],
      "ability_uses": null,
      "actions": null,
      "additional_units": null,
      "assists": 20,
      "backpack_0": 0,
      "backpack_1": 0,
      "backpack_2": 43,
      "backpack_3": null,
      "buyback_log": null,
      "camps_stacked": null,
      "connection_log": null,
      "creeps_stacked": null,
      "damage": null,
      "damage_inflictor": null,
      "damage_inflictor_received": null,
      "damage_taken": null,
      "damage_targets": null,
      "deaths": 0,
      "denies": 1,
      "dn_t": null,
      "firstblood_claimed": null,
      "gold": 1799,
      "gold_per_min": 495,
      "gold_reasons": null,
      "gold_spent": 14405,
      "gold_t": null,
      "hero_damage": 26355,
      "hero_healing": 0,
      "hero_hits": null,
      "hero_id": 63,
      "item_0": 63,
      "item_1": 0,
      "item_2": 166,
      "item_3": 168,
      "item_4": 0,
      "item_5": 0,
      "item_neutral": 381,
      "item_uses": null,
      "kill_streaks": null,
      "killed": null,
      "killed_by": null,
      "kills": 16,
      "kills_log": null,
      "lane_pos": null,
      "last_hits": 0,
      "leaver_status": 0,
      "level": 19,
      "lh_t": null,
      "life_state": null,
      "max_hero_hit": null,
      "multi_kills": null,
      "net_worth": 14599,
      "obs": null,
      "obs_left_log": null,
      "obs_log": null,
      "obs_placed": null,
      "party_id": 0,
      "party_size": 1,
      "performance_others": null,
      "permanent_buffs": [],
      "pings": null,
      "pred_vict": null,
      "purchase": null,
      "purchase_log": null,
      "randomed": null,
      "repicked": null,
      "roshans_killed": null,
      "rune_pickups": null,
      "runes": null,
      "runes_log": null,
      "sen": null,
      "sen_left_log": null,
      "sen_log": null,
      "sen_placed": null,
      "stuns": null,
      "teamfight_participation": null,
      "times": null,
      "tower_damage": 6688,
      "towers_killed": null,
      "xp_per_min": 668,
      "xp_reasons": null,
      "xp_t": null,
      "start_time": 1669911343,
      "duration": 1894,
      "cluster": 251,
      "lobby_type": 0,
      "game_mode": 0,
      "is_contributor": false,
      "patch": 51,
      "region": 0,
      "isRadiant": false,
      "total_gold": 15625,
      "total_xp": 10250,
      "kills_per_min": 0.5068637803590285,
      "kda": 9,
      "abandons": 0,
      "rank_tier": null,
      "is_subscriber": false,
      "cosmetics": [],
      "benchmarks": {
        "gold_per_min": {
          "raw": 495,
          "pct": 0.5333333333333333
        },
        "xp_per_min": {
          "raw": 0,
          "pct": 0.3333333333333333
        },
        "kills_per_min": {
          "raw": 0.5068637803590285,
          "pct": 0.8666666666666667
        },
        "last_hits_per_min": {
          "raw": 3.896515311510032,
          "pct": 0.2
        },
        "hero_damage_per_min": {
          "raw": 834.8996832101373,
          "pct": 0.8
        },
        "hero_healing_per_min": {
          "raw": 0,
          "pct": 0.9333333333333333
        },
        "tower_damage": {
          "raw": 6688,
          "pct": 0.8
        },
        "stuns_per_min": {
          "raw": 0,
          "pct": 0.5333333333333333
        },
        "lhten": {}
      }
    },
    {
      "player_slot": 131,
      "ability_targets": null,
      "ability_upgrades_arr": [
        5228,
        5226,
        0,
        5228,
        543,
        5229,
        1141,
        -1142,
        5228,
        5226,
        7113,
        -1934,
        5227,
        -1952,
        5976,
        0
      ],
      "ability_uses": null,
      "actions": null,
      "additional_units": null,
      "assists": 15,
      "backpack_0": 0,
      "backpack_1": 0,
      "backpack_2": 0,
      "backpack_3": null,
      "buyback_log": null,
      "camps_stacked": null,
      "connection_log": null,
      "creeps_stacked": null,
      "damage": null,
      "damage_inflictor": null,
      "damage_inflictor_received": null,
      "damage_taken": null,
      "damage_targets": null,
      "deaths": 7,
      "denies": 3,
      "dn_t": null,
      "firstblood_claimed": null,
      "gold": 1149,
      "gold_per_min": 382,
      "gold_reasons": null,
      "gold_spent": 11770,
      "gold_t": null,
      "hero_damage": 10623,
      "hero_healing": 0,
      "hero_hits": null,
      "hero_id": 0,
      "item_0": 61,
      "item_1": 0,
      "item_2": 13,
      "item_3": 0,
      "item_4": 166,
      "item_5": 151,
      "item_neutral": 306,
      "item_uses": null,
      "kill_streaks": null,
      "killed": null,
      "killed_by": null,
      "kills": 5,
      "kills_log": null,
      "lane_pos": null,
      "last_hits": 98,
      "leaver_status": 0,
      "level": 16,
      "lh_t": null,
      "life_state": null,
      "max_hero_hit": null,
      "multi_kills": null,
      "net_worth": 10704,
      "obs": null,
      "obs_left_log": null,
      "obs_log": null,
      "obs_placed": null,
      "party_id": 8,
      "party_size": 1,
      "performance_others": null,
      "permanent_buffs": [
        {
          "permanent_buff": 0,
          "stack_count": 1,
          "grant_time": 0
        }
      ],
      "pings": null,
      "pred_vict": null,
      "purchase": null,
      "purchase_log": null,
      "randomed": null,
      "repicked": null,
      "roshans_killed": null,
      "rune_pickups": null,
      "runes": null,
      "runes_log": null,
      "sen": null,
      "sen_left_log": null,
      "sen_log": null,
      "sen_placed": null,
      "stuns": null,
      "teamfight_participation": null,
      "times": null,
      "tower_damage": 4071,
      "towers_killed": null,
      "xp_per_min": 471,
      "xp_reasons": null,
      "xp_t": null,
      "start_time": 1669911343,
      "duration": 822,
      "cluster": 251,
      "lobby_type": 0,
      "game_mode": 4,
      "is_contributor": false,
      "patch": 51,
      "region": 15,
      "isRadiant": false,
      "total_gold": 12058,
      "total_xp": 12055,
      "kills_per_min": 0.1583949313621964,
      "kda": 2,
      "abandons": 0,
      "rank_tier": null,
      "is_subscriber": false,
      "cosmetics": [],
      "benchmarks": {
        "gold_per_min": {
          "raw": 382,
          "pct": -0.02578793229779269
        },
        "xp_per_min": {
          "raw": 471,
          "pct": 0.20512820512820512
        },
        "kills_per_min": {
          "raw": 0.1583949313621964,
          "pct": 0.5641025641025641
        },
        "last_hits_per_min": {
          "raw": 3.1045406546990497,
          "pct": 0.15384615384615385
        },
        "hero_damage_per_min": {
          "raw": 336.5258711721225,
          "pct": 0.1794871794871795
        },
        "hero_healing_per_min": {
          "raw": 0,
          "pct": 0.9487179487179487
        },
        "tower_damage": {},
        "stuns_per_min": {
          "raw": 0,
          "pct": 0
        },
        "lhten": {}
      }
    },
    {
      "player_slot": 132,
      "ability_targets": null,
      "ability_upgrades_arr": [
        5041,
        1418,
        5042,
        5040,
        0,
        5043,
        5040,
        672,
        5042,
        5042,
        5041,
        5043,
        5041,
        5041,
        6212,
        6388,
        5043,
        20
      ],
      "ability_uses": null,
      "actions": null,
      "additional_units": null,
      "assists": 21,
      "backpack_0": 0,
      "backpack_1": 0,
      "backpack_2": 0,
      "backpack_3": null,
      "buyback_log": null,
      "camps_stacked": null,
      "connection_log": null,
      "creeps_stacked": null,
      "damage": null,
      "damage_inflictor": null,
      "damage_inflictor_received": null,
      "damage_taken": null,
      "damage_targets": null,
      "deaths": 7,
      "denies": 1,
      "dn_t": null,
      "firstblood_claimed": null,
      "gold": 0,
      "gold_per_min": 470,
      "gold_reasons": null,
      "gold_spent": 12620,
      "gold_t": null,
      "hero_damage": 23578,
      "hero_healing": 0,
      "hero_hits": null,
      "hero_id": 25,
      "item_0": 0,
      "item_1": 235,
      "item_2": 77,
      "item_3": 473,
      "item_4": 29,
      "item_5": 129,
      "item_neutral": 289,
      "item_uses": null,
      "kill_streaks": null,
      "killed": null,
      "killed_by": null,
      "kills": 16,
      "kills_log": null,
      "lane_pos": null,
      "last_hits": 87,
      "leaver_status": 0,
      "level": 0,
      "lh_t": null,
      "life_state": null,
      "max_hero_hit": null,
      "multi_kills": null,
      "net_worth": 14495,
      "obs": null,
      "obs_left_log": null,
      "obs_log": null,
      "obs_placed": null,
      "party_id": 9,
      "party_size": 1,
      "performance_others": null,
      "permanent_buffs": [],
      "pings": null,
      "pred_vict": null,
      "purchase": null,
      "purchase_log": null,
      "randomed": null,
      "repicked": null,
      "roshans_killed": null,
      "rune_pickups": null,
      "runes": null,
      "runes_log": null,
      "sen": null,
      "sen_left_log": null,
      "sen_log": null,
      "sen_placed": null,
      "stuns": null,
      "teamfight_participation": null,
      "times": null,
      "tower_damage": 3816,
      "towers_killed": null,
      "xp_per_min": 794,
      "xp_reasons": null,
      "xp_t": null,
      "start_time": 1669911343,
      "duration": 1894,
      "cluster": 251,
      "lobby_type": 0,
      "game_mode": 4,
      "is_contributor": false,
      "patch": 51,
      "region": 15,
      "isRadiant": false,
      "total_gold": 14836,
      "total_xp": 25063,
      "kills_per_min": 0.5068637803590285,
      "kda": 0,
      "abandons": 0,
      "rank_tier": null,
      "is_subscriber": false,
      "cosmetics": [],
      "benchmarks": {
        "gold_per_min": {
          "raw": 470,
          "pct": 0.3157894736842105
        },
        "xp_per_min": {},
        "kills_per_min": {
          "raw": 0.5068637803590285,
          "pct": 1
        },
        "last_hits_per_min": {
          "raw": 2.7560718057022173,
          "pct": 0.10526315789473684
        },
        "hero_damage_per_min": {
          "raw": 746.9271383315734,
          "pct": 0.8947368421052632
        },
        "hero_healing_per_min": {
          "raw": 0,
          "pct": 1
        },
        "tower_damage": {
          "raw": 3816,
          "pct": 0.7368421052631579
        },
        "stuns_per_min": {
          "raw": 0,
          "pct": 0
        },
        "lhten": {}
      }
    }
  ],
  "patch": 51,
  "region": 15
}