{
  "chat": null,
  "cluster": 0,
  "cosmetics": null,
  "dire_score": -7,
  "dire_team_id": null,
  "draft_timings": null,
  "duration": 0,
  "engine": 1,
  "first_blood_time": 63,
  "game_mode": 22,
  "human_players": 10,
  "leagueid": 0,
  "lobby_type": 0,
  "match_seq_num": 5780351285,
  "negative_votes": 0,
  "objectives": null,
  "picks_bans": [
    {
      "is_pick": true,
      "hero_id": 101,
      "team": 1,
      "order": 0
    },
    {
      "is_pick": true,
      "hero_id": 50,
      "team": 0,
      "order": 1
    },
    {},
    {
      "is_pick": true,
      "hero_id": 104,
      "team": 0,
      "order": 3
    },
    {
      "is_pick": true,
      "hero_id": 67,
      "team": 0,
      "order": 0
    },
    {
      "is_pick": true,
      "hero_id": 0,
      "team": 0,
      "order": 5
    },
    {
      "is_pick": true,
      "hero_id": 25,
      "team": 0,
      "order": 6
    },
    {
      "is_pick": true,
      "hero_id": 137,
      "team": 1,
      "order": 7
    },
    {
      "is_pick": true,
      "hero_id": 56,
      "team": 1,
      "order": 8
    },
    {
      "is_pick": true,
      "hero_id": 8,
      "team": 0,
      "order": 9
    },
    {
      "is_pick": false,
      "hero_id": 34,
      "team": 0,
      "order": 10
    },
    {
      "is_pick": false,
      "hero_id": 0,
      "team": 0,
      "order": -2
    },
    {
      "is_pick": false,
      "hero_id": -41,
      "team": 0,
      "order": 12
    },
    {
      "is_pick": false,
      "hero_id": 0,
      "team": 0,
      "order": 13
    },
    {
      "is_pick": false,
      "hero_id": 113,
      "team": 0,
      "order": 14
    },
    {
      "is_pick": false,
      "hero_id": 44,
      "team": 1,
      "order": 15
    },
    {
      "is_pick": false,
      "hero_id": 0,
      "team": 1,
      "order": -2
    },
    {
      "is_pick": false,
      "hero_id": 0,
      "team": 1,
      "order": 17
    }
  ],
  "positive_votes": 0,
  "radiant_gold_adv": null,
  "radiant_score": 29,
  "radiant_team_id": null,
  "radiant_xp_adv": null,
  "skill": null,
  "start_time": -332495901,
  "teamfights": null,
  "version": null,
  "replay_salt": 0,
  "series_id": 0,
  "series_type": 0,
  "players": [
    {
      "player_slot": 0,
      "ability_targets": null,
      "ability_upgrades_arr": [
        5595,
        5597,
        5595,
        5596,
        0,
        -1139,
        5595,
        5597,
        5597,
        5596,
        0,
        5598,
        5596,
        5596,
        0,
        0,
        -1318,
        7395
      ],
      "ability_uses": null,
      "actions": null,
      "additional_units": null,
      "assists": 11,
      "backpack_0": 36,
      "backpack_1": 0,
      "backpack_2": 0,
      "backpack_3": null,
      "buyback_log": null,
      "camps_stacked": null,
      "connection_log": null,
      "creeps_stacked": null,
      "damage": null,
      "damage_inflictor": null,
      "damage_inflictor_received": null,
      "damage_taken": null,
      "damage_targets": null,
      "deaths": 9,
      "denies": 0,
      "dn_t": null,
      "firstblood_claimed": null,
      "gold": 971,
      "gold_per_min": 337,
      "gold_reasons": null,
      "gold_spent": 0,
      "gold_t": null,
      "hero_damage": 20323,
      "hero_healing": 2670,
      "hero_hits": null,
      "hero_id": 104,
      "item_0": 116,
      "item_1": 0,
      "item_2": 1,
      "item_3": 0,
      "item_4": 63,
      "item_5": 73,
      "item_neutral": 574,
      "item_uses": null,
      "kill_streaks": null,
      "killed": null,
      "killed_by": null,
      "kills": 3,
      "kills_log": null,
      "lane_pos": null,
      "last_hits": 42,
      "leaver_status": 1,
      "level": 20,
      "lh_t": null,
      "life_state": null,
      "max_hero_hit": null,
      "multi_kills": null,
      "net_worth": 11906,
      "obs": null,
      "obs_left_log": null,
      "obs_log": null,
      "obs_placed": null,
      "party_id": 0,
      "party_size": 1,
      "performance_others": null,
      "permanent_buffs": [
        {}
      ],
      "pings": null,
      "pred_vict": null,
      "purchase": null,
      "purchase_log": null,
      "randomed": null,
      "repicked": null,
      "roshans_killed": null,
      "rune_pickups": null,
      "runes": null,
      "runes_log": null,
      "sen": null,
      "sen_left_log": null,
      "sen_log": null,
      "sen_placed": null,
      "stuns": null,
      "teamfight_participation": null,
      "times": null,
      "tower_damage": -49,
      "towers_killed": null,
      "xp_per_min": 479,
      "xp_reasons": null,
      "xp_t": null,
      "start_time": 1669911299,
      "duration": 2721,
      "cluster": 185,
      "lobby_type": 7,
      "game_mode": 22,
      "is_contributor": false,
      "patch": 51,
      "region": 8,
      "isRadiant": true,
      "total_gold": 15282,
      "total_xp": 4351,
      "kills_per_min": 0.00802655748776485,
      "kda": 0,
      "abandons": 0,
      "rank_tier": null,
      "is_subscriber": false,
      "cosmetics": [],
      "benchmarks": {
        "gold_per_min": {
          "raw": 337,
          "pct": 0.06451612903225806
        },
        "xp_per_min": {
          "raw": 479,
          "pct": 0.008328014351824602
        },
        "kills_per_min": {},
        "last_hits_per_min": {
          "raw": 0.8283316155107611,
          "pct": 0.16129032258064516
        },
        "hero_damage_per_min": {
          "raw": 448.1367144432194,
          "pct": 0.22580645161290322
        },
        "hero_healing_per_min": {
          "raw": 58.87541345093716,
          "pct": 0.7741935483870968
        },
        "tower_damage": {
          "raw": 258,
          "pct": 0.0967741935483871
        },
        "stuns_per_min": {
          "raw": 0,
          "pct": 0.03225806451612903
        },
        "lhten": {}
      }
    },
    {
      "player_slot": 1,
      "ability_targets": null,
      "ability_upgrades_arr": [
        5040,
        5042,
        5040,
        5041,
        211,
        5043,
        5040,
        0,
        5042,
        6212,
        0,
        5043,
        5041,
        5041,
        6195,
        535,
        5043,
        6313
      ],
      "ability_uses": null,
      "actions": null,
      "additional_units": null,
      "assists": 8,
      "backpack_0": 0,
      "backpack_1": 0,
      "backpack_2": 0,
      "backpack_3": null,
      "buyback_log": null,
      "camps_stacked": null,
      "connection_log": null,
      "creeps_stacked": null,
      "damage": null,
      "damage_inflictor": null,
      "damage_inflictor_received": null,
      "damage_taken": null,
      "damage_targets": null,
      "deaths": 10,
      "denies": 5,
      "dn_t": null,
      "firstblood_claimed": null,
      "gold": 1590,
      "gold_per_min": 0,
      "gold_reasons": null,
      "gold_spent": 17175,
      "gold_t": null,
      "hero_damage": 26258,
      "hero_healing": 0,
      "hero_hits": null,
      "hero_id": 25,
      "item_0": 0,
      "item_1": 116,
      "item_2": 0,
      "item_3": 77,
      "item_4": 249,
      "item_5": 69,
      "item_neutral": 381,
      "item_uses": null,
      "kill_streaks": null,
      "killed": null,
      "killed_by": null,
      "kills": 10,
      "kills_log": null,
      "lane_pos": null,
      "last_hits": 224,
      "leaver_status": 0,
      "level": 0,
      "lh_t": null,
      "life_state": null,
      "max_hero_hit": null,
      "multi_kills": null,
      "net_worth": 15745,
      "obs": null,
      "obs_left_log": null,
      "obs_log": null,
      "obs_placed": null,
      "party_id": 0,
      "party_size": 1,
      "performance_others": null,
      "permanent_buffs": [
        {
          "permanent_buff": 6,
          "stack_count": 0,
          "grant_time": 1546
        }
      ],
      "pings": null,
      "pred_vict": null,
      "purchase": null,
      "purchase_log": null,
      "randomed": null,
      "repicked": null,
      "roshans_killed": null,
      "rune_pickups": null,
      "runes": null,
      "runes_log": null,
      "sen": null,
      "sen_left_log": null,
      "sen_log": null,
      "sen_placed": null,
      "stuns": null,
      "teamfight_participation": null,
      "times": null,
      "tower_damage": 468,
      "towers_killed": null,
      "xp_per_min": 0,
      "xp_reasons": null,
      "xp_t": null,
      "personaname": "sanaba09",
      "name": null,
      "last_login": null,
      "start_time": 1669911299,
      "duration": 2721,
      "cluster": 185,
      "lobby_type": 7,
      "game_mode": 0,
      "is_contributor": false,
      "patch": 51,
      "region": 8,
      "isRadiant": true,
      "total_gold": 20362,
      "total_xp": 32969,
      "kills_per_min": 0.2205071664829107,
      "kda": 1,
      "abandons": 0,
      "rank_tier": 0,
      "is_subscriber": false,
      "cosmetics": [],
      "benchmarks": {
        "gold_per_min": {
          "raw": 449,
          "pct": 0.3157894736842105
        },
        "xp_per_min": {
          "raw": 727,
          "pct": 0.6842105263157895
        },
        "kills_per_min": {
          "raw": 0.2205071664829107,
          "pct": 0.7368421052631579
        },
        "last_hits_per_min": {
          "raw": 4.9393605292172,
          "pct": 0.12364912594384506
        },
        "hero_damage_per_min": {
          "raw": 579.0077177508269,
          "pct": 0.631578947368421
        },
        "hero_healing_per_min": {
          "raw": 0,
          "pct": 1
        },
        "tower_damage": {
          "raw": 0,
          "pct": 0.15789473684210525
        },
        "stuns_per_min": {
          "raw": 0,
          "pct": 0
        },
        "lhten": {}
      }
    },
    {
      "player_slot": 2,
      "ability_targets": null,
      "ability_upgrades_arr": [
        5028,
        5029,
        5028,
        5027,
        5028,
        5030,
        5028,
        5029,
        0,
        2942,
        5027,
        5030,
        5029,
        5027,
        7394,
        5027,
        0,
        5030,
        7021
      ],
      "ability_uses": null,
      "actions": null,
      "additional_units": null,
      "assists": 0,
      "backpack_0": 38,
      "backpack_1": 0,
      "backpack_2": 0,
      "backpack_3": null,
      "buyback_log": null,
      "camps_stacked": null,
      "connection_log": null,
      "creeps_stacked": null,
      "damage": null,
      "damage_inflictor": null,
      "damage_inflictor_received": null,
      "damage_taken": null,
      "damage_targets": null,
      "deaths": 11,
      "denies": 14,
      "dn_t": null,
      "firstblood_claimed": null,
      "gold": 1747,
      "gold_per_min": 509,
      "gold_reasons": null,
      "gold_spent": 16635,
      "gold_t": null,
      "hero_damage": 21759,
      "hero_healing": 857,
      "hero_hits": null,
      "hero_id": 8,
      "item_0": 38,
      "item_1": 36,
      "item_2": 50,
      "item_3": 166,
      "item_4": 123,
      "item_5": 40,
      "item_neutral": 638,
      "item_uses": null,
      "kill_streaks": null,
      "killed": null,
      "killed_by": null,
      "kills": 9,
      "kills_log": null,
      "lane_pos": null,
      "last_hits": 320,
      "leaver_status": 0,
      "level": 23,
      "lh_t": null,
      "life_state": null,
      "max_hero_hit": null,
      "multi_kills": null,
      "net_worth": 17247,
      "obs": null,
      "obs_left_log": null,
      "obs_log": null,
      "obs_placed": null,
      "party_id": 2,
      "party_size": 1,
      "performance_others": null,
      "permanent_buffs": [
        {
          "permanent_buff": 2,
          "stack_count": 0,
          "grant_time": 0
        }
      ],
      "pings": null,
      "pred_vict": null,
      "purchase": null,
      "purchase_log": null,
      "randomed": null,
      "repicked": null,
      "roshans_killed": null,
      "rune_pickups": null,
      "runes": null,
      "runes_log": null,
      "sen": null,
      "sen_left_log": null,
      "sen_log": null,
      "sen_placed": null,
      "stuns": null,
      "teamfight_participation": null,
      "times": null,
      "tower_damage": 163,
      "towers_killed": null,
      "xp_per_min": 670,
      "xp_reasons": null,
      "xp_t": null,
      "start_time": 1669911299,
      "duration": 2721,
      "cluster": 185,
      "lobby_type": 0,
      "game_mode": 22,
      "is_contributor": false,
      "patch": 51,
      "region": 0,
      "isRadiant": true,
      "total_gold": 23083,
      "total_xp": 30384,
      "kills_per_min": 0.19845644983461963,
      "kda": 1,
      "abandons": 0,
      "rank_tier": null,
      "is_subscriber": false,
      "cosmetics": [],
      "benchmarks": {
        "gold_per_min": {
          "raw": 509,
          "pct": 0.15151515151515152
        },
        "xp_per_min": {
          "raw": 670,
          "pct": 0.24242424242424243
        },
        "kills_per_min": {},
        "last_hits_per_min": {
          "raw": 7.056229327453142,
          "pct": 0.36363636363636365
        },
        "hero_damage_per_min": {
          "raw": 479.8015435501654,
          "pct": 0.15151515151515152
        },
        "hero_healing_per_min": {
          "raw": 18.897464167585444,
          "pct": 0.09090909090909091
        },
        "tower_damage": {
          "raw": 884,
          "pct": 0.30303030303030304
        },
        "stuns_per_min": {
          "raw": 0,
          "pct": 0.3333333333333333
        },
        "lhten": {}
      }
    },
    {
      "player_slot": 3,
      "ability_targets": null,
      "ability_upgrades_arr": [
        8158,
        8429,
        8158,
        8429,
        8158,
        8106,
        8158,
        8429,
        8429,
        9501,
        0,
        8106,
        9501,
        9501,
        9513,
        9501,
        8106,
        7011
      ],
      "ability_uses": null,
      "actions": null,
      "additional_units": null,
      "assists": 5,
      "backpack_0": 34,
      "backpack_1": 0,
      "backpack_2": 11,
      "backpack_3": null,
      "buyback_log": null,
      "camps_stacked": null,
      "connection_log": null,
      "creeps_stacked": null,
      "damage": null,
      "damage_inflictor": null,
      "damage_inflictor_received": null,
      "damage_taken": null,
      "damage_targets": null,
      "deaths": 10,
      "denies": 0,
      "dn_t": null,
      "firstblood_claimed": null,
      "gold": 1297,
      "gold_per_min": 365,
      "gold_reasons": null,
      "gold_spent": -2888,
      "gold_t": null,
      "hero_damage": 18706,
      "hero_healing": 0,
      "hero_hits": null,
      "hero_id": 123,
      "item_0": 75,
      "item_1": 1466,
      "item_2": 168,
      "item_3": 57,
      "item_4": 29,
      "item_5": 42,
      "item_neutral": 309,
      "item_uses": null,
      "kill_streaks": null,
      "killed": null,
      "killed_by": null,
      "kills": 4,
      "kills_log": null,
      "lane_pos": null,
      "last_hits": 190,
      "leaver_status": 1,
      "level": 20,
      "lh_t": null,
      "life_state": null,
      "max_hero_hit": null,
      "multi_kills": null,
      "net_worth": 13077,
      "obs": null,
      "obs_left_log": null,
      "obs_log": null,
      "obs_placed": null,
      "party_id": 3,
      "party_size": 1,
      "performance_others": null,
      "permanent_buffs": [
        {
          "permanent_buff": 6,
          "stack_count": 2,
          "grant_time": 2099
        }
      ],
      "pings": null,
      "pred_vict": null,
      "purchase": null,
      "purchase_log": null,
      "randomed": null,
      "repicked": null,
      "roshans_killed": null,
      "rune_pickups": null,
      "runes": null,
      "runes_log": null,
      "sen": null,
      "sen_left_log": null,
      "sen_log": null,
      "sen_placed": null,
      "stuns": null,
      "teamfight_participation": null,
      "times": null,
      "tower_damage": 0,
      "towers_killed": null,
      "xp_per_min": 478,
      "xp_reasons": null,
      "xp_t": null,
      "start_time": 1669911299,
      "duration": 2721,
      "cluster": 185,
      "lobby_type": 7,
      "game_mode": 22,
      "is_contributor": false,
      "patch": 0,
      "region": 8,
      "isRadiant": true,
      "total_gold": 16552,
      "total_xp": 12960,
      "kills_per_min": 0.08820286659316427,
      "kda": 0,
      "abandons": 0,
      "rank_tier": null,
      "is_subscriber": false,
      "cosmetics": [],
      "benchmarks": {
        "gold_per_min": {
          "raw": 365,
          "pct": 0.7241379310344828
        },
        "xp_per_min": {
          "raw": 478,
          "pct": -0.12965215413191988
        },
        "kills_per_min": {
          "raw": 0.038040935999674175,
          "pct": 0.25862068965517243
        },
        "last_hits_per_min": {
          "raw": 4.189636163175303,
          "pct": 0.896551724137931
        },
        "hero_damage_per_min": {
          "raw": 412.48070562293276,
          "pct": 0.39655172413793105
        },
        "hero_healing_per_min": {},
        "tower_damage": {
          "raw": 0,
          "pct": 0.1896551724137931
        },
        "stuns_per_min": {
          "raw": 0,
          "pct": 0.017241379310344827
        },
        "lhten": {}
      }
    },
    {
      "player_slot": 0,
      "ability_targets": null,
      "ability_upgrades_arr": [
        5233,
        5235,
        5234,
        5235,
        5235,
        7304,
        5235,
        5233,
        5233,
        5941,
        5234,
        -417,
        260,
        5234,
        6232,
        5233
      ],
      "ability_uses": null,
      "actions": null,
      "additional_units": null,
      "assists": 12,
      "backpack_0": -22,
      "backpack_1": 42,
      "backpack_2": 0,
      "backpack_3": null,
      "buyback_log": null,
      "camps_stacked": null,
      "connection_log": null,
      "creeps_stacked": null,
      "damage": null,
      "damage_inflictor": null,
      "damage_inflictor_received": null,
      "damage_taken": null,
      "damage_targets": null,
      "deaths": 9,
      "denies": 6,
      "dn_t": null,
      "firstblood_claimed": null,
      "gold": 1288,
      "gold_per_min": 0,
      "gold_reasons": null,
      "gold_spent": 9105,
      "gold_t": null,
      "hero_damage": 13559,
      "hero_healing": 7681,
      "hero_hits": null,
      "hero_id": 50,
      "item_0": 29,
      "item_1": 40,
      "item_2": 43,
      "item_3": 0,
      "item_4": 102,
      "item_5": 232,
      "item_neutral": 311,
      "item_uses": null,
      "kill_streaks": null,
      "killed": null,
      "killed_by": null,
      "kills": 2,
      "kills_log": null,
      "lane_pos": null,
      "last_hits": 49,
      "leaver_status": 0,
      "level": 17,
      "lh_t": null,
      "life_state": null,
      "max_hero_hit": null,
      "multi_kills": null,
      "net_worth": 8643,
      "obs": null,
      "obs_left_log": null,
      "obs_log": null,
      "obs_placed": null,
      "party_id": 4,
      "party_size": 0,
      "performance_others": null,
      "permanent_buffs": [
        {
          "permanent_buff": 0,
          "stack_count": 1,
          "grant_time": 1005
        },
        {
          "permanent_buff": 12,
          "stack_count": 0,
          "grant_time": 1210
        }
      ],
      "pings": null,
      "pred_vict": null,
      "purchase": null,
      "purchase_log": null,
      "randomed": null,
      "repicked": null,
      "roshans_killed": null,
      "rune_pickups": null,
      "runes": null,
      "runes_log": null,
      "sen": null,
      "sen_left_log": null,
      "sen_log": null,
      "sen_placed": null,
      "stuns": null,
      "teamfight_participation": null,
      "times": null,
      "tower_damage": 609,
      "towers_killed": null,
      "xp_per_min": 377,
      "xp_reasons": null,
      "xp_t": null,
      "personaname": "†",
      "name": null,
      "last_login": null,
      "start_time": 1669911299,
      "duration": 0,
      "cluster": 185,
      "lobby_type": 7,
      "game_mode": 22,
      "is_contributor": false,
      "patch": 51,
      "region": 8,
      "isRadiant": true,
      "total_gold": 4326,
      "total_xp": 17096,
      "kills_per_min": 0.044101433296582136,
      "kda": 0,
      "abandons": 0,
      "rank_tier": 42,
      "is_subscriber": false,
      "cosmetics": [],
      "benchmarks": {
        "gold_per_min": {
          "raw": 253,
          "pct": 0.2
        },
        "xp_per_min": {
          "raw": 377,
          "pct": 0.03157101108636655
        },
        "kills_per_min": {
          "raw": 0.04410143329658214,
          "pct": 0.15
        },
        "last_hits_per_min": {
          "raw": 1.0804851157662625,
          "pct": 0.45
        },
        "hero_damage_per_min": {
          "raw": 298.9856670341786,
          "pct": 0.75
        },
        "hero_healing_per_min": {
          "raw": 169.3715545755237,
          "pct": 0.3
        },
        "tower_damage": {
          "raw": -59,
          "pct": 0.65
        },
        "stuns_per_min": {
          "raw": 0,
          "pct": 0.1
        },
        "lhten": {}
      }
    },
    {
      "player_slot": -37,
      "ability_targets": null,
      "ability_upgrades_arr": [
        5582,
        2202,
        5581,
        5583,
        5581,
        5584,
        5581,
        5583,
        0,
        5583,
        5925,
        5584,
        5583,
        5582,
        6884,
        5582,
        -2489,
        6885
      ],
      "ability_uses": null,
      "actions": null,
      "additional_units": null,
      "assists": 20,
      "backpack_0": 0,
      "backpack_1": 0,
      "backpack_2": 0,
      "backpack_3": null,
      "buyback_log": null,
      "camps_stacked": null,
      "connection_log": null,
      "creeps_stacked": null,
      "damage": null,
      "damage_inflictor": null,
      "damage_inflictor_received": null,
      "damage_taken": null,
      "damage_targets": null,
      "deaths": 6,
      "denies": 0,
      "dn_t": null,
      "firstblood_claimed": null,
      "gold": 3314,
      "gold_per_min": 400,
      "gold_reasons": null,
      "gold_spent": 14160,
      "gold_t": null,
      "hero_damage": 25991,
      "hero_healing": 0,
      "hero_hits": null,
      "hero_id": 101,
      "item_0": 206,
      "item_1": 0,
      "item_2": 116,
      "item_3": 180,
      "item_4": 77,
      "item_5": 37,
      "item_neutral": 585,
      "item_uses": null,
      "kill_streaks": null,
      "killed": null,
      "killed_by": null,
      "kills": 10,
      "kills_log": null,
      "lane_pos": null,
      "last_hits": 98,
      "leaver_status": 0,
      "level": 23,
      "lh_t": null,
      "life_state": null,
      "max_hero_hit": null,
      "multi_kills": null,
      "net_worth": 335,
      "obs": null,
      "obs_left_log": null,
      "obs_log": null,
      "obs_placed": null,
      "party_id": 0,
      "party_size": 0,
      "performance_others": null,
      "permanent_buffs": [
        {
          "permanent_buff": 6,
          "stack_count": 2,
          "grant_time": 2059
        }
      ],
      "pings": null,
      "pred_vict": null,
      "purchase": null,
      "purchase_log": null,
      "randomed": null,
      "repicked": null,
      "roshans_killed": null,
      "rune_pickups": null,
      "runes": null,
      "runes_log": null,
      "sen": null,
      "sen_left_log": null,
      "sen_log": null,
      "sen_placed": null,
      "stuns": null,
      "teamfight_participation": null,
      "times": null,
      "tower_damage": 0,
      "towers_killed": null,
      "xp_per_min": 639,
      "xp_reasons": null,
      "xp_t": null,
      "start_time": 1669911299,
      "duration": 0,
      "cluster": 185,
      "lobby_type": 7,
      "game_mode": 22,
      "is_contributor": false,
      "patch": 51,
      "region": 8,
      "isRadiant": false,
      "total_gold": 18140,
      "total_xp": 11779,
      "kills_per_min": 0.2205071664829107,
      "kda": 1,
      "abandons": 0,
      "rank_tier": null,
      "is_subscriber": false,
      "cosmetics": [],
      "benchmarks": {
        "gold_per_min": {
          "raw": 400,
          "pct": 0.9090909090909091
        },
        "xp_per_min": {
          "raw": -152,
          "pct": 0.9393939393939394
        },
        "kills_per_min": {
          "raw": 0.2205071664829107,
          "pct": 0.8181818181818182
        },
        "last_hits_per_min": {
          "raw": 2.160970231532525,
          "pct": 0.9696969696969697
        },
        "hero_damage_per_min": {
          "raw": 573.1201764057332,
          "pct": 0.7272727272727273
        },
        "hero_healing_per_min": {
          "raw": 0,
          "pct": 0.8787878787878788
        },
        "tower_damage": {
          "raw": 892,
          "pct": 0.9696969696969697
        },
        "stuns_per_min": {
          "raw": 0,
          "pct": 0.5757575757575758
        },
        "lhten": {}
      }
    },
    {
      "player_slot": 0,
      "ability_targets": null,
      "ability_upgrades_arr": [
        5260,
        5259,
        5260,
        5259,
        5261,
        5262,
        0,
        5259,
        5261,
        5261,
        549,
        0,
        523,
        5260,
        495,
        5260,
        5262,
        617,
        7878,
        6104,
        6231,
        0
      ],
      "ability_uses": null,
      "actions": null,
      "additional_units": null,
      "assists": 11,
      "backpack_0": 11,
      "backpack_1": 0,
      "backpack_2": 0,
      "backpack_3": null,
      "buyback_log": null,
      "camps_stacked": null,
      "connection_log": null,
      "creeps_stacked": null,
      "damage": null,
      "damage_inflictor": null,
      "damage_inflictor_received": null,
      "damage_taken": null,
      "damage_targets": null,
      "deaths": 4,
      "denies": 26,
      "dn_t": null,
      "firstblood_claimed": null,
      "gold": 0,
      "gold_per_min": 834,
      "gold_reasons": null,
      "gold_spent": 32490,
      "gold_t": null,
      "hero_damage": -30060,
      "hero_healing": 0,
      "hero_hits": null,
      "hero_id": 56,
      "item_0": -24,
      "item_1": 96,
      "item_2": 250,
      "item_3": 160,
      "item_4": 29,
      "item_5": -44,
      "item_neutral": 361,
      "item_uses": null,
      "kill_streaks": null,
      "killed": null,
      "killed_by": null,
      "kills": 23,
      "kills_log": null,
      "lane_pos": null,
      "last_hits": 25,
      "leaver_status": 0,
      "level": 29,
      "lh_t": null,
      "life_state": null,
      "max_hero_hit": null,
      "multi_kills": null,
      "net_worth": 36427,
      "obs": null,
      "obs_left_log": null,
      "obs_log": null,
      "obs_placed": null,
      "party_id": 0,
      "party_size": 1,
      "performance_others": null,
      "permanent_buffs": [
        {
          "permanent_buff": 5,
          "stack_count": 0,
          "grant_time": 1995
        }
      ],
      "pings": null,
      "pred_vict": null,
      "purchase": null,
      "purchase_log": null,
      "randomed": null,
      "repicked": null,
      "roshans_killed": null,
      "rune_pickups": null,
      "runes": null,
      "runes_log": null,
      "sen": null,
      "sen_left_log": null,
      "sen_log": null,
      "sen_placed": null,
      "stuns": null,
      "teamfight_participation": null,
      "times": null,
      "tower_damage": 0,
      "towers_killed": null,
      "xp_per_min": 955,
      "xp_reasons": null,
      "xp_t": null,
      "personaname": "Губка Гоп",
      "name": null,
      "last_login": null,
      "start_time": 1669911299,
      "duration": 2721,
      "cluster": 185,
      "lobby_type": 0,
      "game_mode": 22,
      "is_contributor": false,
      "patch": 51,
      "region": 8,
      "isRadiant": false,
      "total_gold": 37821,
      "total_xp": 11444,
      "kills_per_min": 0.5071664829106945,
      "kda": 3,
      "abandons": 0,
      "rank_tier": 35,
      "is_subscriber": false,
      "cosmetics": [],
      "benchmarks": {
        "gold_per_min": {
          "raw": 834,
          "pct": 0
        },
        "xp_per_min": {
          "raw": 955,
          "pct": 0.7777777777777778
        },
        "kills_per_min": {},
        "last_hits_per_min": {
          "raw": 8.026460859977949,
          "pct": 0.5555555555555556
        },
        "hero_damage_per_min": {
          "raw": 1365.0275633958104,
          "pct": 0.8888888888888888
        },
        "hero_healing_per_min": {
          "raw": 0,
          "pct": 1
        },
        "tower_damage": {
          "raw": 12686,
          "pct": 0.6666666666666666
        },
        "stuns_per_min": {
          "raw": 0,
          "pct": 0.1111111111111111
        },
        "lhten": {}
      }
    },
    {
      "player_slot": 130,
      "ability_targets": null,
      "ability_upgrades_arr": [],
      "ability_uses": null,
      "actions": null,
      "additional_units": null,
      "assists": 0,
      "backpack_0": 0,
      "backpack_1": 0,
      "backpack_2": 0,
      "backpack_3": null,
      "buyback_log": null,
      "camps_stacked": null,
      "connection_log": null,
      "creeps_stacked": null,
      "damage": null,
      "damage_inflictor": null,
      "damage_inflictor_received": null,
      "damage_taken": null,
      "damage_targets": null,
      "deaths": 0,
      "denies": 0,
      "dn_t": null,
      "firstblood_claimed": null,
      "gold": 4794,
      "gold_per_min": 441,
      "gold_reasons": null,
      "gold_spent": 14810,
      "gold_t": null,
      "hero_damage": 15370,
      "hero_healing": 0,
      "hero_hits": null,
      "hero_id": 137,
      "item_0": -6,
      "item_1": 242,
      "item_2": 16,
      "item_3": 50,
      "item_4": 0,
      "item_5": 108,
      "item_neutral": 574,
      "item_uses": null,
      "kill_streaks": null,
      "killed": null,
      "killed_by": null,
      "kills": 4,
      "kills_log": null,
      "lane_pos": null,
      "last_hits": 176,
      "leaver_status": 0,
      "level": 23,
      "lh_t": null,
      "life_state": null,
      "max_hero_hit": null,
      "multi_kills": null,
      "net_worth": 19149,
      "obs": null,
      "obs_left_log": null,
      "obs_log": null,
      "obs_placed": null,
      "party_id": 7,
      "party_size": 1,
      "performance_others": null,
      "permanent_buffs": [],
      "pings": null,
      "pred_vict": null,
      "purchase": null,
      "purchase_log": null,
      "randomed": null,
      "repicked": null,
      "roshans_killed": null,
      "rune_pickups": null,
      "runes": null,
      "runes_log": null,
      "sen": null,
      "sen_left_log": null,
      "sen_log": null,
      "sen_placed": null,
      "stuns": null,
      "teamfight_participation": null,
      "times": null,
      "tower_damage": 3174,
      "towers_killed": null,
      "xp_per_min": 677,
      "xp_reasons": null,
      "xp_t": null,
      "personaname": "DaniK",
      "name": null,
      "last_login": null,
      "start_time": 614068555,
      "duration": 2721,
      "cluster": -51,
      "lobby_type": 7,
      "game_mode": 22,
      "is_contributor": false,
      "patch": 51,
      "region": 8,
      "isRadiant": false,
      "total_gold": 19999,
      "total_xp": 16187,
      "kills_per_min": 0.08820286659316427,
      "kda": 3,
      "abandons": 0,
      "rank_tier": 35,
      "is_subscriber": false,
      "cosmetics": [],
      "benchmarks": {
        "gold_per_min": {
          "raw": 441,
          "pct": 0.525
        },
        "xp_per_min": {
          "raw": -162,
          "pct": 0.7
        },
        "kills_per_min": {
          "raw": 0.08820286659316429,
          "pct": 0.05
        },
        "last_hits_per_min": {
          "raw": -0.5489878035388075,
          "pct": 0.225
        },
        "hero_damage_per_min": {
          "raw": 338.91951488423376,
          "pct": 0.125
        },
        "hero_healing_per_min": {
          "raw": 0,
          "pct": 0.875
        },
        "tower_damage": {
          "raw": 3174,
          "pct": 0.975
        },
        "stuns_per_min": {
          "raw": 0,
          "pct": 0.025
        },
        "lhten": {}
      }
    },
    {
      "player_slot": 131,
      "ability_targets": null,
      "ability_upgrades_arr": [
        0,
        0,
        0,
        5334,
        5334,
        -1910,
        0,
        0,
        1341,
        5921,
        5335,
        2575,
        5336,
        5336,
        1538,
        5337,
        5337,
        6195,
        6902,
        6148
      ],
      "ability_uses": null,
      "actions": null,
      "additional_units": null,
      "assists": 33,
      "backpack_0": 0,
      "backpack_1": 0,
      "backpack_2": 0,
      "backpack_3": null,
      "buyback_log": null,
      "camps_stacked": null,
      "connection_log": null,
      "creeps_stacked": null,
      "damage": null,
      "damage_inflictor": null,
      "damage_inflictor_received": null,
      "damage_taken": null,
      "damage_targets": null,
      "deaths": 5,
      "denies": 31,
      "dn_t": null,
      "firstblood_claimed": null,
      "gold": 2135,
      "gold_per_min": 597,
      "gold_reasons": null,
      "gold_spent": 25325,
      "gold_t": null,
      "hero_damage": 41404,
      "hero_healing": 0,
      "hero_hits": null,
      "hero_id": 67,
      "item_0": 37,
      "item_1": 208,
      "item_2": 147,
      "item_3": 20,
      "item_4": 63,
      "item_5": 160,
      "item_neutral": 0,
      "item_uses": null,
      "kill_streaks": null,
      "killed": null,
      "killed_by": null,
      "kills": 0,
      "kills_log": null,
      "lane_pos": null,
      "last_hits": 333,
      "leaver_status": 0,
      "level": -9,
      "lh_t": null,
      "life_state": null,
      "max_hero_hit": null,
      "multi_kills": null,
      "net_worth": 26185,
      "obs": null,
      "obs_left_log": null,
      "obs_log": null,
      "obs_placed": null,
      "party_id": 8,
      "party_size": 0,
      "performance_others": null,
      "permanent_buffs": [],
      "pings": null,
      "pred_vict": null,
      "purchase": null,
      "purchase_log": null,
      "randomed": null,
      "repicked": null,
      "roshans_killed": null,
      "rune_pickups": null,
      "runes": null,
      "runes_log": null,
      "sen": null,
      "sen_left_log": null,
      "sen_log": null,
      "sen_placed": null,
      "stuns": null,
      "teamfight_participation": null,
      "times": null,
      "tower_damage": 10992,
      "towers_killed": null,
      "xp_per_min": 0,
      "xp_reasons": null,
      "xp_t": null,
      "start_time": 1669911299,
      "duration": 602,
      "cluster": 185,
      "lobby_type": 7,
      "game_mode": 22,
      "is_contributor": false,
      "patch": 51,
      "region": 8,
      "isRadiant": false,
      "total_gold": 27073,
      "total_xp": 12882,
      "kills_per_min": 0.044101433296582136,
      "kda": 2,
      "abandons": 0,
      "rank_tier": null,
      "is_subscriber": false,
      "cosmetics": [],
      "benchmarks": {
        "gold_per_min": {
          "raw": 597,
          "pct": 0.5588235294117647
        },
        "xp_per_min": {},
        "kills_per_min": {
          "raw": 0.04410143329658214,
          "pct": 0.058823529411764705
        },
        "last_hits_per_min": {
          "raw": 7.342888643880926,
          "pct": 0.5
        },
        "hero_damage_per_min": {},
        "hero_healing_per_min": {
          "raw": 0,
          "pct": 0.9705882352941176
        },
        "tower_damage": {},
        "stuns_per_min": {
          "raw": 0,
          "pct": 0.5882352941176471
        },
        "lhten": {}
      }
    },
    {
      "player_slot": 132,
      "ability_targets": null,
      "ability_upgrades_arr": [
        5044,
        0,
        5046,
        -2138,
        0,
        5047,
        5044,
        5044,
        5046,
        6600,
        5046,
        5047,
        5045,
        0,
        -2339,
        -36,
        5047,
        541,
        6678
      ],
      "ability_uses": null,
      "actions": null,
      "additional_units": null,
      "assists": 18,
      "backpack_0": 0,
      "backpack_1": 0,
      "backpack_2": 0,
      "backpack_3": null,
      "buyback_log": null,
      "camps_stacked": null,
      "connection_log": null,
      "creeps_stacked": null,
      "damage": null,
      "damage_inflictor": null,
      "damage_inflictor_received": null,
      "damage_taken": null,
      "damage_targets": null,
      "deaths": -3,
      "denies": 9,
      "dn_t": null,
      "firstblood_claimed": null,
      "gold": 19,
      "gold_per_min": 378,
      "gold_reasons": null,
      "gold_spent": 14705,
      "gold_t": null,
      "hero_damage": 9066,
      "hero_healing": 0,
      "hero_hits": null,
      "hero_id": 26,
      "item_0": 176,
      "item_1": 214,
      "item_2": 15,
      "item_3": 1,
      "item_4": 244,
      "item_5": 0,
      "item_neutral": -84,
      "item_uses": null,
      "kill_streaks": null,
      "killed": null,
      "killed_by": null,
      "kills": 9,
      "kills_log": null,
      "lane_pos": null,
      "last_hits": 57,
      "leaver_status": 0,
      "level": 25,
      "lh_t": null,
      "life_state": null,
      "max_hero_hit": null,
      "multi_kills": null,
      "net_worth": 16112,
      "obs": null,
      "obs_left_log": null,
      "obs_log": null,
      "obs_placed": null,
      "party_id": 9,
      "party_size": 1,
      "performance_others": null,
      "permanent_buffs": [
        {
          "permanent_buff": 6,
          "stack_count": 2,
          "grant_time": 883
        },
        {
          "permanent_buff": 7,
          "stack_count": 10,
          "grant_time": 885
        },
        {
          "permanent_buff": 12,
          "stack_count": 0,
          "grant_time": 2649
        }
      ],
      "pings": null,
      "pred_vict": null,
      "purchase": null,
      "purchase_log": null,
      "randomed": null,
      "repicked": null,
      "roshans_killed": null,
      "rune_pickups": null,
      "runes": null,
      "runes_log": null,
      "sen": null,
      "sen_left_log": null,
      "sen_log": null,
      "sen_placed": null,
      "stuns": null,
      "teamfight_participation": null,
      "times": null,
      "tower_damage": 1184,
      "towers_killed": null,
      "xp_per_min": 769,
      "xp_reasons": null,
      "xp_t": null,
      "personaname": "Посал на рану, неп",
      "name": null,
      "last_login": null,
      "start_time": 1669911299,
      "duration": 2721,
      "cluster": 185,
      "lobby_type": 0,
      "game_mode": 22,
      "is_contributor": false,
      "patch": 51,
      "region": 8,
      "isRadiant": false,
      "total_gold": 1039,
      "total_xp": 25424,
      "kills_per_min": 0.19845644983461963,
      "kda": 3,
      "abandons": 0,
      "rank_tier": 35,
      "is_subscriber": false,
      "cosmetics": [],
      "benchmarks": {
        "gold_per_min": {
          "raw": 378,
          "pct": 0.84375
        },
        "xp_per_min": {
          "raw": 769,
          "pct": 0.96875
        },
        "kills_per_min": {
          "raw": 0.19845644983461963,
          "pct": 0.84375
        },
        "last_hits_per_min": {},
        "hero_damage_per_min": {
          "raw": 540.3748621830209,
          "pct": 0.96875
        },
        "hero_healing_per_min": {
          "raw": 0,
          "pct": 0.84375
        },
        "tower_damage": {
          "raw": 1184,
          "pct": 0.9375
        },
        "stuns_per_min": {
          "raw": 0,
          "pct": 0
        },
        "lhten": {}
      }
    }
  ],
  "patch": 51,
  "region": 8
}