{
  "chat": null,
  "cluster": 188,
  "cosmetics": null,
  "dire_score": 24,
  "dire_team_id": null,
  "draft_timings": null,
  "duration": 2013,
  "engine": 0,
  "first_blood_time": 21,
  "game_mode": 22,
  "human_players": 10,
  "leagueid": 0,
  "lobby_type": 0,
  "match_seq_num": 5780356983,
  "negative_votes": 0,
  "objectives": null,
  "picks_bans": [
    {
      "is_pick": true,
      "hero_id": 5,
      "team": 1,
      "order": 0
    },
    {
      "is_pick": true,
      "hero_id": 53,
      "team": 0,
      "order": 1
    },
    {
      "is_pick": true,
      "hero_id": -5,
      "team": 0,
      "order": 2
    },
    {
      "is_pick": true,
      "hero_id": 86,
      "team": 1,
      "order": 0
    },
    {
      "is_pick": true,
      "hero_id": 10,
      "team": 1,
      "order": 4
    },
    {
      "is_pick": true,
      "hero_id": 119,
      "team": 0,
      "order": 5
    },
    {
      "is_pick": true,
      "hero_id": 12,
      "team": 0,
      "order": 6
    },
    {
      "is_pick": true,
      "hero_id": 19,
      "team": 1,
      "order": 7
    },
    {
      "is_pick": true,
      "hero_id": -3,
      "team": 1,
      "order": 8
    },
    {
      "is_pick": true,
      "hero_id": 21,
      "team": 0,
      "order": 9
    },
    {
      "is_pick": false,
      "hero_id": 2,
      "team": 0,
      "order": 10
    },
    {
      "is_pick": false,
      "hero_id": 113,
      "team": 0,
      "order": 11
    },
    {
      "is_pick": false,
      "hero_id": 76,
      "team": 0,
      "order": 12
    },
    {
      "is_pick": false,
      "hero_id": 87,
      "team": 0,
      "order": -4
    },
    {
      "is_pick": false,
      "hero_id": 34,
      "team": 0,
      "order": 14
    },
    {
      "is_pick": false,
      "hero_id": 104,
      "team": 1,
      "order": 15
    }
  ],
  "positive_votes": 0,
  "radiant_gold_adv": null,
  "radiant_score": 38,
  "radiant_team_id": null,
  "radiant_xp_adv": null,
  "skill": null,
  "start_time": 1669912236,
  "teamfights": null,
  "version": null,
  "replay_salt": 1007300201,
  "series_id": 0,
  "series_type": 0,
  "players": [
    {
      "player_slot": 0,
      "ability_targets": null,
      "ability_upgrades_arr": [
        5065,
        5068,
        5065,
        5068,
        -2059,
        5067,
        5065,
        -1357,
        5068,
        6400,
        5066,
        5067,
        0,
        5066,
        6145,
        5066,
        5067,
        564
      ],
      "ability_uses": null,
      "actions": null,
      "additional_units": null,
      "assists": 9,
      "backpack_0": 0,
      "backpack_1": 0,
      "backpack_2": 0,
      "backpack_3": null,
      "buyback_log": null,
      "camps_stacked": null,
      "connection_log": null,
      "creeps_stacked": null,
      "damage": null,
      "damage_inflictor": null,
      "damage_inflictor_received": null,
      "damage_taken": null,
      "damage_targets": null,
      "deaths": 0,
      "denies": 1,
      "dn_t": null,
      "firstblood_claimed": null,
      "gold": 2503,
      "gold_per_min": 18,
      "gold_reasons": null,
      "gold_spent": -1924,
      "gold_t": null,
      "hero_damage": 17922,
      "hero_healing": 0,
      "hero_hits": null,
      "hero_id": 12,
      "item_0": 0,
      "item_1": 143,
      "item_2": -54,
      "item_3": 24,
      "item_4": 63,
      "item_5": 170,
      "item_neutral": 381,
      "item_uses": null,
      "kill_streaks": null,
      "killed": null,
      "killed_by": null,
      "kills": -2,
      "kills_log": null,
      "lane_pos": null,
      "last_hits": 233,
      "leaver_status": 0,
      "level": 23,
      "lh_t": null,
      "life_state": null,
      "max_hero_hit": null,
      "multi_kills": null,
      "net_worth": 18478,
      "obs": null,
      "obs_left_log": null,
      "obs_log": null,
      "obs_placed": null,
      "party_id": 0,
      "party_size": 1,
      "performance_others": null,
      "permanent_buffs": [],
      "pings": null,
      "pred_vict": null,
      "purchase": null,
      "purchase_log": null,
      "randomed": null,
      "repicked": null,
      "roshans_killed": null,
      "rune_pickups": null,
      "runes": null,
      "runes_log": null,
      "sen": null,
      "sen_left_log": null,
      "sen_log": null,
      "sen_placed": null,
      "stuns": null,
      "teamfight_participation": null,
      "times": null,
      "tower_damage": 7553,
      "towers_killed": null,
      "xp_per_min": 0,
      "xp_reasons": null,
      "xp_t": null,
      "start_time": 537293416,
      "duration": 2013,
      "cluster": 79,
      "lobby_type": 7,
      "game_mode": 0,
      "is_contributor": false,
      "patch": 51,
      "region": 0,
      "isRadiant": true,
      "total_gold": 19157,
      "total_xp": 28718,
      "kills_per_min": 0.17883755588673622,
      "kda": 3,
      "abandons": 0,
      "rank_tier": null,
      "is_subscriber": false,
      "cosmetics": [],
      "benchmarks": {
        "gold_per_min": {
          "raw": 571,
          "pct": 0.25
        },
        "xp_per_min": {
          "raw": 856,
          "pct": 0.75
        },
        "kills_per_min": {
          "raw": -0.05559433275009941,
          "pct": 0.625
        },
        "last_hits_per_min": {
          "raw": 6.944858420268256,
          "pct": 0.09565775819429695
        },
        "hero_damage_per_min": {
          "raw": 534.187779433681,
          "pct": 0.375
        },
        "hero_healing_per_min": {
          "raw": 0,
          "pct": 0
        },
        "tower_damage": {
          "raw": 7553,
          "pct": 0.75
        },
        "stuns_per_min": {
          "raw": 0,
          "pct": 0.625
        },
        "lhten": {}
      }
    },
    {
      "player_slot": 1,
      "ability_targets": null,
      "ability_upgrades_arr": [
        5158,
        0,
        5160,
        5158,
        5158,
        0,
        5159,
        5160,
        5158,
        820,
        0,
        5161,
        5160,
        5159,
        7110,
        0,
        0
      ],
      "ability_uses": null,
      "actions": null,
      "additional_units": null,
      "assists": 15,
      "backpack_0": 0,
      "backpack_1": 0,
      "backpack_2": 0,
      "backpack_3": null,
      "buyback_log": null,
      "camps_stacked": null,
      "connection_log": null,
      "creeps_stacked": null,
      "damage": null,
      "damage_inflictor": null,
      "damage_inflictor_received": null,
      "damage_taken": null,
      "damage_targets": null,
      "deaths": 4,
      "denies": 5,
      "dn_t": null,
      "firstblood_claimed": null,
      "gold": 559,
      "gold_per_min": 456,
      "gold_reasons": null,
      "gold_spent": 14695,
      "gold_t": null,
      "hero_damage": 14780,
      "hero_healing": 4911,
      "hero_hits": null,
      "hero_id": 36,
      "item_0": 116,
      "item_1": 137,
      "item_2": 0,
      "item_3": 692,
      "item_4": 77,
      "item_5": 0,
      "item_neutral": 945,
      "item_uses": null,
      "kill_streaks": null,
      "killed": null,
      "killed_by": null,
      "kills": 5,
      "kills_log": null,
      "lane_pos": null,
      "last_hits": 141,
      "leaver_status": 0,
      "level": 18,
      "lh_t": null,
      "life_state": null,
      "max_hero_hit": null,
      "multi_kills": null,
      "net_worth": 15064,
      "obs": null,
      "obs_left_log": null,
      "obs_log": null,
      "obs_placed": null,
      "party_id": 1,
      "party_size": 1,
      "performance_others": null,
      "permanent_buffs": [],
      "pings": null,
      "pred_vict": null,
      "purchase": null,
      "purchase_log": null,
      "randomed": null,
      "repicked": null,
      "roshans_killed": null,
      "rune_pickups": null,
      "runes": null,
      "runes_log": null,
      "sen": null,
      "sen_left_log": null,
      "sen_log": null,
      "sen_placed": null,
      "stuns": null,
      "teamfight_participation": null,
      "times": null,
      "tower_damage": -188,
      "towers_killed": null,
      "xp_per_min": 549,
      "xp_reasons": null,
      "xp_t": null,
      "start_time": 1669912236,
      "duration": 2013,
      "cluster": 188,
      "lobby_type": 7,
      "game_mode": 22,
      "is_contributor": false,
      "patch": 51,
      "region": 8,
      "isRadiant": true,
      "total_gold": 15298,
      "total_xp": 5543,
      "kills_per_min": 0.1490312965722802,
      "kda": 4,
      "abandons": 0,
      "rank_tier": null,
      "is_subscriber": false,
      "cosmetics": [],
      "benchmarks": {
        "gold_per_min": {
          "raw": 456,
          "pct": 0.3076923076923077
        },
        "xp_per_min": {
          "raw": 549,
          "pct": 0.15384615384615385
        },
        "kills_per_min": {
          "raw": 0.14903129657228018,
          "pct": 0.15384615384615385
        },
        "last_hits_per_min": {
          "raw": 4.202682563338301,
          "pct": 0.19230769230769232
        },
        "hero_damage_per_min": {
          "raw": 440.5365126676602,
          "pct": 0
        },
        "hero_healing_per_min": {
          "raw": 146.3785394932936,
          "pct": 0.5
        },
        "tower_damage": {
          "raw": 1458,
          "pct": 0.5769230769230769
        },
        "stuns_per_min": {
          "raw": 0,
          "pct": 0
        },
        "lhten": {}
      }
    },
    {
      "player_slot": 2,
      "ability_targets": null,
      "ability_upgrades_arr": [
        5247,
        5246,
        5247,
        5246,
        5247,
        5248,
        5245,
        5247,
        5246,
        5246,
        470,
        5248,
        5245,
        5245,
        6016,
        5245,
        5248
      ],
      "ability_uses": null,
      "actions": null,
      "additional_units": null,
      "assists": 10,
      "backpack_0": 16,
      "backpack_1": 0,
      "backpack_2": 43,
      "backpack_3": null,
      "buyback_log": null,
      "camps_stacked": null,
      "connection_log": null,
      "creeps_stacked": null,
      "damage": null,
      "damage_inflictor": null,
      "damage_inflictor_received": null,
      "damage_taken": null,
      "damage_targets": null,
      "deaths": 6,
      "denies": 0,
      "dn_t": null,
      "firstblood_claimed": null,
      "gold": 3776,
      "gold_per_min": 623,
      "gold_reasons": null,
      "gold_spent": 0,
      "gold_t": null,
      "hero_damage": 15369,
      "hero_healing": 0,
      "hero_hits": null,
      "hero_id": 53,
      "item_0": 152,
      "item_1": 168,
      "item_2": -18,
      "item_3": 166,
      "item_4": 63,
      "item_5": 65,
      "item_neutral": 0,
      "item_uses": null,
      "kill_streaks": null,
      "killed": null,
      "killed_by": null,
      "kills": 0,
      "kills_log": null,
      "lane_pos": null,
      "last_hits": 241,
      "leaver_status": 0,
      "level": 19,
      "lh_t": null,
      "life_state": null,
      "max_hero_hit": null,
      "multi_kills": null,
      "net_worth": 20151,
      "obs": null,
      "obs_left_log": null,
      "obs_log": null,
      "obs_placed": null,
      "party_id": 0,
      "party_size": 0,
      "performance_others": null,
      "permanent_buffs": [],
      "pings": null,
      "pred_vict": null,
      "purchase": null,
      "purchase_log": null,
      "randomed": null,
      "repicked": null,
      "roshans_killed": null,
      "rune_pickups": null,
      "runes": null,
      "runes_log": null,
      "sen": null,
      "sen_left_log": null,
      "sen_log": null,
      "sen_placed": null,
      "stuns": null,
      "teamfight_participation": null,
      "times": null,
      "tower_damage": 20610,
      "towers_killed": null,
      "xp_per_min": 610,
      "xp_reasons": null,
      "xp_t": null,
      "start_time": 74890571,
      "duration": 2013,
      "cluster": 0,
      "lobby_type": 7,
      "game_mode": 9,
      "is_contributor": false,
      "patch": 51,
      "region": 8,
      "isRadiant": true,
      "total_gold": 17196,
      "total_xp": 10497,
      "kills_per_min": 0.05084062347475509,
      "kda": 2,
      "abandons": 0,
      "rank_tier": null,
      "is_subscriber": false,
      "cosmetics": [],
      "benchmarks": {
        "gold_per_min": {},
        "xp_per_min": {
          "raw": 610,
          "pct": 0.23809523809523808
        },
        "kills_per_min": {
          "raw": 0.17883755588673622,
          "pct": 0.5952380952380952
        },
        "last_hits_per_min": {
          "raw": 7.183308494783905,
          "pct": 0.19047619047619047
        },
        "hero_damage_per_min": {
          "raw": 458.0923994038748,
          "pct": 0.11904761904761904
        },
        "hero_healing_per_min": {
          "raw": 0,
          "pct": 0.9761904761904762
        },
        "tower_damage": {},
        "stuns_per_min": {
          "raw": 0,
          "pct": 0.30952380952380953
        },
        "lhten": {}
      }
    },
    {
      "player_slot": 3,
      "ability_targets": null,
      "ability_upgrades_arr": [
        5131,
        -1615,
        5132,
        5131,
        5131,
        5133,
        5130,
        5131,
        5130,
        7890,
        5130,
        5133,
        0,
        5132,
        6562,
        5132,
        5133,
        7889
      ],
      "ability_uses": null,
      "actions": null,
      "additional_units": null,
      "assists": 11,
      "backpack_0": 0,
      "backpack_1": 0,
      "backpack_2": 0,
      "backpack_3": null,
      "buyback_log": null,
      "camps_stacked": null,
      "connection_log": null,
      "creeps_stacked": null,
      "damage": null,
      "damage_inflictor": null,
      "damage_inflictor_received": null,
      "damage_taken": null,
      "damage_targets": null,
      "deaths": 0,
      "denies": -5,
      "dn_t": null,
      "firstblood_claimed": null,
      "gold": 371,
      "gold_per_min": 458,
      "gold_reasons": null,
      "gold_spent": 15290,
      "gold_t": null,
      "hero_damage": 20182,
      "hero_healing": 0,
      "hero_hits": null,
      "hero_id": 21,
      "item_0": 116,
      "item_1": 3,
      "item_2": 0,
      "item_3": 77,
      "item_4": 166,
      "item_5": 149,
      "item_neutral": 0,
      "item_uses": null,
      "kill_streaks": null,
      "killed": null,
      "killed_by": null,
      "kills": 1,
      "kills_log": null,
      "lane_pos": null,
      "last_hits": 126,
      "leaver_status": 0,
      "level": 22,
      "lh_t": null,
      "life_state": null,
      "max_hero_hit": null,
      "multi_kills": null,
      "net_worth": 14376,
      "obs": null,
      "obs_left_log": null,
      "obs_log": null,
      "obs_placed": null,
      "party_id": 3,
      "party_size": 1,
      "performance_others": null,
      "permanent_buffs": [],
      "pings": null,
      "pred_vict": null,
      "purchase": null,
      "purchase_log": null,
      "randomed": null,
      "repicked": null,
      "roshans_killed": null,
      "rune_pickups": null,
      "runes": null,
      "runes_log": null,
      "sen": null,
      "sen_left_log": null,
      "sen_log": null,
      "sen_placed": null,
      "stuns": null,
      "teamfight_participation": null,
      "times": null,
      "tower_damage": 1116,
      "towers_killed": null,
      "xp_per_min": 795,
      "xp_reasons": null,
      "xp_t": null,
      "personaname": "Özen",
      "name": null,
      "last_login": null,
      "start_time": 1669912236,
      "duration": 0,
      "cluster": 188,
      "lobby_type": 7,
      "game_mode": 22,
      "is_contributor": false,
      "patch": 51,
      "region": 8,
      "isRadiant": true,
      "total_gold": 15365,
      "total_xp": 26672,
      "kills_per_min": 0.2384500745156483,
      "kda": 6,
      "abandons": 0,
      "rank_tier": 22,
      "is_subscriber": false,
      "cosmetics": [],
      "benchmarks": {
        "gold_per_min": {
          "raw": 458,
          "pct": 0.375
        },
        "xp_per_min": {
          "raw": 795,
          "pct": 0.75
        },
        "kills_per_min": {
          "raw": 0.23845007451564829,
          "pct": 0.525
        },
        "last_hits_per_min": {
          "raw": 3.7555886736214608,
          "pct": 0.325
        },
        "hero_damage_per_min": {
          "raw": -296.6944946727472,
          "pct": 0.45
        },
        "hero_healing_per_min": {
          "raw": 0,
          "pct": 0.3828515204950683
        },
        "tower_damage": {
          "raw": 1116,
          "pct": 0.325
        },
        "stuns_per_min": {},
        "lhten": {}
      }
    },
    {
      "player_slot": 4,
      "ability_targets": null,
      "ability_upgrades_arr": [
        832,
        607,
        0,
        6342,
        6341,
        8340,
        6341,
        6339,
        6339,
        514,
        6339,
        8340,
        6342,
        6342,
        7655,
        6342,
        504
      ],
      "ability_uses": null,
      "actions": null,
      "additional_units": null,
      "assists": 15,
      "backpack_0": 0,
      "backpack_1": 40,
      "backpack_2": 680,
      "backpack_3": null,
      "buyback_log": null,
      "camps_stacked": null,
      "connection_log": null,
      "creeps_stacked": null,
      "damage": null,
      "damage_inflictor": null,
      "damage_inflictor_received": null,
      "damage_taken": null,
      "damage_targets": null,
      "deaths": 8,
      "denies": 7,
      "dn_t": null,
      "firstblood_claimed": null,
      "gold": 2031,
      "gold_per_min": 419,
      "gold_reasons": null,
      "gold_spent": 11775,
      "gold_t": null,
      "hero_damage": 22068,
      "hero_healing": 0,
      "hero_hits": null,
      "hero_id": 119,
      "item_0": 1,
      "item_1": 36,
      "item_2": -10,
      "item_3": 0,
      "item_4": 214,
      "item_5": 108,
      "item_neutral": 356,
      "item_uses": null,
      "kill_streaks": null,
      "killed": null,
      "killed_by": null,
      "kills": 10,
      "kills_log": null,
      "lane_pos": null,
      "last_hits": 75,
      "leaver_status": 0,
      "level": -4,
      "lh_t": null,
      "life_state": null,
      "max_hero_hit": null,
      "multi_kills": null,
      "net_worth": 876,
      "obs": null,
      "obs_left_log": null,
      "obs_log": null,
      "obs_placed": null,
      "party_id": 4,
      "party_size": 1,
      "performance_others": null,
      "permanent_buffs": [
        {
          "permanent_buff": 6,
          "stack_count": 1,
          "grant_time": -221
        },
        {
          "permanent_buff": 12,
          "stack_count": 0,
          "grant_time": 1563
        }
      ],
      "pings": null,
      "pred_vict": null,
      "purchase": null,
      "purchase_log": null,
      "randomed": null,
      "repicked": null,
      "roshans_killed": null,
      "rune_pickups": null,
      "runes": null,
      "runes_log": null,
      "sen": null,
      "sen_left_log": null,
      "sen_log": null,
      "sen_placed": null,
      "stuns": null,
      "teamfight_participation": null,
      "times": null,
      "tower_damage": 121,
      "towers_killed": null,
      "xp_per_min": 596,
      "xp_reasons": null,
      "xp_t": null,
      "start_time": 1669912236,
      "duration": 2013,
      "cluster": 188,
      "lobby_type": 0,
      "game_mode": 22,
      "is_contributor": false,
      "patch": 0,
      "region": 8,
      "isRadiant": true,
      "total_gold": 14057,
      "total_xp": 4181,
      "kills_per_min": 0.2980625931445604,
      "kda": 1,
      "abandons": 0,
      "rank_tier": null,
      "is_subscriber": false,
      "cosmetics": [],
      "benchmarks": {
        "gold_per_min": {
          "raw": 419,
          "pct": 0.9130434782608695
        },
        "xp_per_min": {
          "raw": 596,
          "pct": 0.7391304347826086
        },
        "kills_per_min": {
          "raw": 0.29806259314456035,
          "pct": 0.8695652173913043
        },
        "last_hits_per_min": {
          "raw": 2.235469448584203,
          "pct": 0.8260869565217391
        },
        "hero_damage_per_min": {
          "raw": 657.7645305514158,
          "pct": 0.9130434782608695
        },
        "hero_healing_per_min": {
          "raw": 0,
          "pct": 0.8695652173913043
        },
        "tower_damage": {
          "raw": 121,
          "pct": 0.34782608695652173
        },
        "stuns_per_min": {
          "raw": 0,
          "pct": 0
        },
        "lhten": {}
      }
    },
    {
      "player_slot": 128,
      "ability_targets": null,
      "ability_upgrades_arr": [
        5106,
        0,
        -1572,
        5107,
        5108,
        5109,
        5108,
        5106,
        5106,
        -773,
        0,
        5109,
        5107,
        0,
        753,
        5107,
        5109
      ],
      "ability_uses": null,
      "actions": null,
      "additional_units": null,
      "assists": 6,
      "backpack_0": 0,
      "backpack_1": 0,
      "backpack_2": 16,
      "backpack_3": null,
      "buyback_log": null,
      "camps_stacked": null,
      "connection_log": null,
      "creeps_stacked": null,
      "damage": null,
      "damage_inflictor": null,
      "damage_inflictor_received": null,
      "damage_taken": null,
      "damage_targets": null,
      "deaths": 8,
      "denies": 19,
      "dn_t": null,
      "firstblood_claimed": null,
      "gold": -528,
      "gold_per_min": 520,
      "gold_reasons": null,
      "gold_spent": 12940,
      "gold_t": null,
      "hero_damage": 8140,
      "hero_healing": 0,
      "hero_hits": null,
      "hero_id": 19,
      "item_0": 252,
      "item_1": 63,
      "item_2": 152,
      "item_3": 34,
      "item_4": 11,
      "item_5": -71,
      "item_neutral": 1077,
      "item_uses": null,
      "kill_streaks": null,
      "killed": null,
      "killed_by": null,
      "kills": 9,
      "kills_log": null,
      "lane_pos": null,
      "last_hits": 224,
      "leaver_status": 0,
      "level": 19,
      "lh_t": null,
      "life_state": null,
      "max_hero_hit": null,
      "multi_kills": null,
      "net_worth": 14489,
      "obs": null,
      "obs_left_log": null,
      "obs_log": null,
      "obs_placed": null,
      "party_id": 5,
      "party_size": 1,
      "performance_others": null,
      "permanent_buffs": [
        {
          "permanent_buff": 12,
          "stack_count": 0,
          "grant_time": 1725
        }
      ],
      "pings": null,
      "pred_vict": null,
      "purchase": null,
      "purchase_log": null,
      "randomed": null,
      "repicked": null,
      "roshans_killed": null,
      "rune_pickups": null,
      "runes": null,
      "runes_log": null,
      "sen": null,
      "sen_left_log": null,
      "sen_log": null,
      "sen_placed": null,
      "stuns": null,
      "teamfight_participation": null,
      "times": null,
      "tower_damage": 25,
      "towers_killed": null,
      "xp_per_min": 0,
      "xp_reasons": null,
      "xp_t": null,
      "personaname": "PUSSY KILLER",
      "name": null,
      "last_login": null,
      "start_time": 1669912236,
      "duration": 2013,
      "cluster": 188,
      "lobby_type": 7,
      "game_mode": 22,
      "is_contributor": false,
      "patch": 51,
      "region": 8,
      "isRadiant": false,
      "total_gold": 17446,
      "total_xp": 20364,
      "kills_per_min": 0.26825633383010433,
      "kda": 0,
      "abandons": 0,
      "rank_tier": 24,
      "is_subscriber": false,
      "cosmetics": [],
      "benchmarks": {
        "gold_per_min": {
          "raw": 520,
          "pct": 0.8588235294117647
        },
        "xp_per_min": {
          "raw": 0,
          "pct": -0.08933477154124343
        },
        "kills_per_min": {
          "raw": 0.26825633383010433,
          "pct": -0.2614179231284126
        },
        "last_hits_per_min": {
          "raw": 0.6105285936216138,
          "pct": 0.9294117647058824
        },
        "hero_damage_per_min": {
          "raw": 35.57229335125351,
          "pct": 0.6588235294117647
        },
        "hero_healing_per_min": {
          "raw": 0,
          "pct": 0.19155456576584168
        },
        "tower_damage": {
          "raw": 25,
          "pct": 0.18823529411764706
        },
        "stuns_per_min": {
          "raw": 0,
          "pct": 0
        },
        "lhten": {}
      }
    },
    {
      "player_slot": 129,
      "ability_targets": null,
      "ability_upgrades_arr": [
        5448,
        5450,
        0,
        7320,
        5450,
        5452,
        5450,
        7320,
        7320,
        897,
        7320,
        0,
        5448,
        5448,
        518,
        0
      ],
      "ability_uses": null,
      "actions": null,
      "additional_units": null,
      "assists": 7,
      "backpack_0": 0,
      "backpack_1": 0,
      "backpack_2": 0,
      "backpack_3": null,
      "buyback_log": null,
      "camps_stacked": null,
      "connection_log": null,
      "creeps_stacked": null,
      "damage": null,
      "damage_inflictor": null,
      "damage_inflictor_received": null,
      "damage_taken": null,
      "damage_targets": null,
      "deaths": 13,
      "denies": 0,
      "dn_t": null,
      "firstblood_claimed": null,
      "gold": 935,
      "gold_per_min": 303,
      "gold_reasons": null,
      "gold_spent": 7805,
      "gold_t": null,
      "hero_damage": 17913,
      "hero_healing": 224,
      "hero_hits": null,
      "hero_id": 35,
      "item_0": 69,
      "item_1": 39,
      "item_2": 67,
      "item_3": 16,
      "item_4": 0,
      "item_5": 0,
      "item_neutral": 0,
      "item_uses": null,
      "kill_streaks": null,
      "killed": null,
      "killed_by": null,
      "kills": 6,
      "kills_log": null,
      "lane_pos": null,
      "last_hits": 71,
      "leaver_status": 0,
      "level": 0,
      "lh_t": null,
      "life_state": null,
      "max_hero_hit": null,
      "multi_kills": null,
      "net_worth": 0,
      "obs": null,
      "obs_left_log": null,
      "obs_log": null,
      "obs_placed": null,
      "party_id": 6,
      "party_size": 0,
      "performance_others": null,
      "permanent_buffs": [
        {
          "permanent_buff": 0,
          "stack_count": 1,
          "grant_time": 832
        },
        {
          "permanent_buff": 12,
          "stack_count": 0,
          "grant_time": 1500
        }
      ],
      "pings": null,
      "pred_vict": null,
      "purchase": null,
      "purchase_log": null,
      "randomed": null,
      "repicked": null,
      "roshans_killed": null,
      "rune_pickups": null,
      "runes": null,
      "runes_log": null,
      "sen": null,
      "sen_left_log": null,
      "sen_log": null,
      "sen_placed": null,
      "stuns": null,
      "teamfight_participation": null,
      "times": null,
      "tower_damage": 37,
      "towers_killed": null,
      "xp_per_min": 432,
      "xp_reasons": null,
      "xp_t": null,
      "personaname": "андрюша",
      "name": null,
      "last_login": null,
      "start_time": 1669912236,
      "duration": 2013,
      "cluster": 188,
      "lobby_type": 7,
      "game_mode": 22,
      "is_contributor": false,
      "patch": 51,
      "region": 8,
      "isRadiant": false,
      "total_gold": 10165,
      "total_xp": 14493,
      "kills_per_min": 0.17883755588673622,
      "kda": 0,
      "abandons": 0,
      "rank_tier": 22,
      "is_subscriber": false,
      "cosmetics": [],
      "benchmarks": {
        "gold_per_min": {
          "raw": 303,
          "pct": 0.3448275862068966
        },
        "xp_per_min": {
          "raw": 432,
          "pct": 0.32413793103448274
        },
        "kills_per_min": {
          "raw": 0.17883755588673622,
          "pct": 0.8206896551724138
        },
        "last_hits_per_min": {
          "raw": 2.1162444113263787,
          "pct": 0.5724137931034483
        },
        "hero_damage_per_min": {
          "raw": 533.919523099851,
          "pct": 0.7103448275862069
        },
        "hero_healing_per_min": {
          "raw": 27.690014903129658,
          "pct": 0.9379310344827586
        },
        "tower_damage": {},
        "stuns_per_min": {
          "raw": 0,
          "pct": 0
        },
        "lhten": {}
      }
    },
    {
      "player_slot": 130,
      "ability_targets": null,
      "ability_upgrades_arr": [
        5062,
        5061,
        5061,
        5062,
        5061,
        5064,
        5061,
        5062,
        0,
        6016,
        0,
        5064,
        5063,
        5063,
        5063,
        6875,
        5064
      ],
      "ability_uses": null,
      "actions": null,
      "additional_units": null,
      "assists": 8,
      "backpack_0": 0,
      "backpack_1": 0,
      "backpack_2": 0,
      "backpack_3": null,
      "buyback_log": null,
      "camps_stacked": null,
      "connection_log": null,
      "creeps_stacked": null,
      "damage": null,
      "damage_inflictor": null,
      "damage_inflictor_received": null,
      "damage_taken": null,
      "damage_targets": null,
      "deaths": 4,
      "denies": 24,
      "dn_t": null,
      "firstblood_claimed": null,
      "gold": 542,
      "gold_per_min": 383,
      "gold_reasons": null,
      "gold_spent": -6288,
      "gold_t": null,
      "hero_damage": 19687,
      "hero_healing": 0,
      "hero_hits": null,
      "hero_id": 11,
      "item_0": 3,
      "item_1": 0,
      "item_2": 236,
      "item_3": 0,
      "item_4": 116,
      "item_5": -7,
      "item_neutral": 0,
      "item_uses": null,
      "kill_streaks": null,
      "killed": null,
      "killed_by": null,
      "kills": 4,
      "kills_log": null,
      "lane_pos": null,
      "last_hits": 9,
      "leaver_status": 0,
      "level": 19,
      "lh_t": null,
      "life_state": null,
      "max_hero_hit": null,
      "multi_kills": null,
      "net_worth": 0,
      "obs": null,
      "obs_left_log": null,
      "obs_log": null,
      "obs_placed": null,
      "party_id": 7,
      "party_size": 0,
      "performance_others": null,
      "permanent_buffs": [],
      "pings": null,
      "pred_vict": null,
      "purchase": null,
      "purchase_log": null,
      "randomed": null,
      "repicked": null,
      "roshans_killed": null,
      "rune_pickups": null,
      "runes": null,
      "runes_log": null,
      "sen": null,
      "sen_left_log": null,
      "sen_log": null,
      "sen_placed": null,
      "stuns": null,
      "teamfight_participation": null,
      "times": null,
      "tower_damage": 125,
      "towers_killed": null,
      "xp_per_min": 589,
      "xp_reasons": null,
      "xp_t": null,
      "personaname": "Saber",
      "name": null,
      "last_login": "2023-02-28T11:17:39.751Z",
      "start_time": 1669912236,
      "duration": 0,
      "cluster": 188,
      "lobby_type": 7,
      "game_mode": 22,
      "is_contributor": false,
      "patch": 51,
      "region": 8,
      "isRadiant": false,
      "total_gold": 12849,
      "total_xp": 6647,
      "kills_per_min": 0.11922503725782416,
      "kda": 2,
      "abandons": 0,
      "rank_tier": 23,
      "is_subscriber": false,
      "cosmetics": [],
      "benchmarks": {
        "gold_per_min": {
          "raw": 383,
          "pct": -0.001642610118531489
        },
        "xp_per_min": {
          "raw": 589,
          "pct": 0.24
        },
        "kills_per_min": {
          "raw": 0.11922503725782414,
          "pct": 0.07314179085642467
        },
        "last_hits_per_min": {
          "raw": 3.6959761549925485,
          "pct": -0.015074074674498372
        },
        "hero_damage_per_min": {
          "raw": 586.795827123696,
          "pct": 0.4
        },
        "hero_healing_per_min": {},
        "tower_damage": {},
        "stuns_per_min": {
          "raw": 0,
          "pct": 0.02
        },
        "lhten": {}
      }
    },
    {
      "player_slot": 131,
      "ability_targets": null,
      "ability_upgrades_arr": [
        5055,
        5053,
        5055,
        5053,
        0,
        0,
        5055,
        5053,
        0,
        5052,
        5052,
        5052,
        5057,
        6062,
        5057
      ],
      "ability_uses": null,
      "actions": null,
      "additional_units": null,
      "assists": 3,
      "backpack_0": 0,
      "backpack_1": 0,
      "backpack_2": 0,
      "backpack_3": null,
      "buyback_log": null,
      "camps_stacked": null,
      "connection_log": null,
      "creeps_stacked": null,
      "damage": null,
      "damage_inflictor": null,
      "damage_inflictor_received": null,
      "damage_taken": null,
      "damage_targets": null,
      "deaths": 5,
      "denies": -1,
      "dn_t": null,
      "firstblood_claimed": null,
      "gold": 934,
      "gold_per_min": 360,
      "gold_reasons": null,
      "gold_spent": -4116,
      "gold_t": null,
      "hero_damage": 0,
      "hero_healing": 0,
      "hero_hits": null,
      "hero_id": 10,
      "item_0": 6,
      "item_1": 116,
      "item_2": 26,
      "item_3": -28,
      "item_4": 236,
      "item_5": 16,
      "item_neutral": 680,
      "item_uses": null,
      "kill_streaks": null,
      "killed": null,
      "killed_by": null,
      "kills": 3,
      "kills_log": null,
      "lane_pos": null,
      "last_hits": 160,
      "leaver_status": 0,
      "level": 16,
      "lh_t": null,
      "life_state": null,
      "max_hero_hit": null,
      "multi_kills": null,
      "net_worth": 11434,
      "obs": null,
      "obs_left_log": null,
      "obs_log": null,
      "obs_placed": null,
      "party_id": 8,
      "party_size": 1,
      "performance_others": null,
      "permanent_buffs": [],
      "pings": null,
      "pred_vict": null,
      "purchase": null,
      "purchase_log": null,
      "randomed": null,
      "repicked": null,
      "roshans_killed": null,
      "rune_pickups": null,
      "runes": null,
      "runes_log": null,
      "sen": null,
      "sen_left_log": null,
      "sen_log": null,
      "sen_placed": null,
      "stuns": null,
      "teamfight_participation": null,
      "times": null,
      "tower_damage": 231,
      "towers_killed": null,
      "xp_per_min": 433,
      "xp_reasons": null,
      "xp_t": null,
      "personaname": "mom",
      "name": null,
      "last_login": null,
      "start_time": 1669912236,
      "duration": 2013,
      "cluster": 188,
      "lobby_type": 7,
      "game_mode": 22,
      "is_contributor": false,
      "patch": 51,
      "region": 8,
      "isRadiant": false,
      "total_gold": 1554,
      "total_xp": 14527,
      "kills_per_min": 0.08941877794336811,
      "kda": 1,
      "abandons": 0,
      "rank_tier": 21,
      "is_subscriber": false,
      "cosmetics": [],
      "benchmarks": {
        "gold_per_min": {
          "raw": 360,
          "pct": 0.034482758620689655
        },
        "xp_per_min": {
          "raw": 0,
          "pct": 0.034482758620689655
        },
        "kills_per_min": {
          "raw": 0.08941877794336811,
          "pct": 0.10344827586206896
        },
        "last_hits_per_min": {
          "raw": 4.769001490312966,
          "pct": 0.06896551724137931
        },
        "hero_damage_per_min": {
          "raw": -19.72209899621837,
          "pct": 0.034482758620689655
        },
        "hero_healing_per_min": {},
        "tower_damage": {
          "raw": 231,
          "pct": 0.10344827586206896
        },
        "stuns_per_min": {
          "raw": 0,
          "pct": 0.10344827586206896
        },
        "lhten": {}
      }
    },
    {
      "player_slot": 132,
      "ability_targets": null,
      "ability_upgrades_arr": [
        5126,
        5127,
        5128,
        5127,
        5127,
        5129,
        0,
        1723,
        -289,
        5903,
        5126,
        5129,
        5128,
        5128,
        5128
      ],
      "ability_uses": null,
      "actions": null,
      "additional_units": null,
      "assists": 6,
      "backpack_0": 0,
      "backpack_1": 0,
      "backpack_2": 188,
      "backpack_3": null,
      "buyback_log": null,
      "camps_stacked": null,
      "connection_log": null,
      "creeps_stacked": null,
      "damage": null,
      "damage_inflictor": null,
      "damage_inflictor_received": null,
      "damage_taken": null,
      "damage_targets": null,
      "deaths": 8,
      "denies": 4,
      "dn_t": null,
      "firstblood_claimed": null,
      "gold": 594,
      "gold_per_min": -32,
      "gold_reasons": null,
      "gold_spent": 7430,
      "gold_t": null,
      "hero_damage": -2907,
      "hero_healing": 0,
      "hero_hits": null,
      "hero_id": 5,
      "item_0": 36,
      "item_1": 214,
      "item_2": 44,
      "item_3": 14,
      "item_4": 0,
      "item_5": 40,
      "item_neutral": 945,
      "item_uses": null,
      "kill_streaks": null,
      "killed": null,
      "killed_by": null,
      "kills": 2,
      "kills_log": null,
      "lane_pos": null,
      "last_hits": 26,
      "leaver_status": 0,
      "level": 3,
      "lh_t": null,
      "life_state": null,
      "max_hero_hit": null,
      "multi_kills": null,
      "net_worth": 5789,
      "obs": null,
      "obs_left_log": null,
      "obs_log": null,
      "obs_placed": null,
      "party_id": 9,
      "party_size": 1,
      "performance_others": null,
      "permanent_buffs": [
        {
          "permanent_buff": 0,
          "stack_count": 2,
          "grant_time": 1656
        },
        {
          "permanent_buff": 12,
          "stack_count": 0,
          "grant_time": 2086
        }
      ],
      "pings": null,
      "pred_vict": null,
      "purchase": null,
      "purchase_log": null,
      "randomed": null,
      "repicked": null,
      "roshans_killed": null,
      "rune_pickups": null,
      "runes": null,
      "runes_log": null,
      "sen": null,
      "sen_left_log": null,
      "sen_log": null,
      "sen_placed": null,
      "stuns": null,
      "teamfight_participation": null,
      "times": null,
      "tower_damage": 0,
      "towers_killed": null,
      "xp_per_min": 387,
      "xp_reasons": null,
      "xp_t": null,
      "start_time": 38622232,
      "duration": 2013,
      "cluster": 188,
      "lobby_type": -2,
      "game_mode": 22,
      "is_contributor": false,
      "patch": 51,
      "region": 8,
      "isRadiant": false,
      "total_gold": 7615,
      "total_xp": 12983,
      "kills_per_min": 0.05961251862891208,
      "kda": 0,
      "abandons": 0,
      "rank_tier": null,
      "is_subscriber": false,
      "cosmetics": [],
      "benchmarks": {
        "gold_per_min": {
          "raw": -36,
          "pct": 0.2
        },
        "xp_per_min": {
          "raw": 387,
          "pct": 0.45
        },
        "kills_per_min": {
          "raw": 0.05961251862891207,
          "pct": 0.25
        },
        "last_hits_per_min": {
          "raw": 0.7749627421758569,
          "pct": 0.275
        },
        "hero_damage_per_min": {
          "raw": 82.4538181263841,
          "pct": 0.525
        },
        "hero_healing_per_min": {
          "raw": 0,
          "pct": 0.875
        },
        "tower_damage": {},
        "stuns_per_min": {
          "raw": 0,
          "pct": 0.025
        },
        "lhten": {}
      }
    }
  ],
  "patch": 51,
  "region": 8
}