{
  "chat": null,
  "cluster": 181,
  "cosmetics": null,
  "dire_score": 0,
  "dire_team_id": null,
  "draft_timings": null,
  "duration": 2494,
  "engine": 0,
  "first_blood_time": 0,
  "game_mode": 22,
  "human_players": 10,
  "leagueid": 0,
  "lobby_type": 7,
  "match_seq_num": 0,
  "negative_votes": 0,
  "objectives": null,
  "picks_bans": [
    {
      "is_pick": true,
      "hero_id": 0,
      "team": 1,
      "order": 0
    },
    {
      "is_pick": true,
      "hero_id": 0,
      "team": 0,
      "order": 1
    },
    {
      "is_pick": true,
      "hero_id": 54,
      "team": 0,
      "order": 2
    },
    {
      "is_pick": true,
      "hero_id": 27,
      "team": 1,
      "order": 0
    },
    {
      "is_pick": true,
      "hero_id": 123,
      "team": 1,
      "order": 4
    },
    {
      "is_pick": true,
      "hero_id": 0,
      "team": 1,
      "order": 5
    },
    {
      "is_pick": true,
      "hero_id": 110,
      "team": 0,
      "order": 6
    },
    {},
    {
      "is_pick": true,
      "hero_id": 0,
      "team": 1,
      "order": 8
    },
    {
      "is_pick": true,
      "hero_id": 4,
      "team": 0,
      "order": 0
    },
    {
      "is_pick": false,
      "hero_id": 75,
      "team": 0,
      "order": 10
    },
    {
      "is_pick": false,
      "hero_id": 93,
      "team": 0,
      "order": 11
    },
    {
      "is_pick": false,
      "hero_id": 47,
      "team": 0,
      "order": 12
    },
    {
      "is_pick": false,
      "hero_id": 56,
      "team": 0,
      "order": 0
    },
    {
      "is_pick": false,
      "hero_id": 80,
      "team": 0,
      "order": 14
    }
  ],
  "positive_votes": 0,
  "radiant_gold_adv": null,
  "radiant_score": 67,
  "radiant_team_id": null,
  "radiant_xp_adv": null,
  "skill": null,
  "start_time": 1669911225,
  "teamfights": null,
  "version": null,
  "replay_salt": 1139707636,
  "series_id": 0,
  "series_type": 0,
  "players": [
    {
      "player_slot": 0,
      "ability_targets": null,
      "ability_upgrades_arr": [
        0,
        5623,
        5625,
        5623,
        2592,
        5630,
        5625,
        5623,
        5623,
        5996,
        5626,
        750,
        0,
        5626,
        0,
        6401,
        1073,
        6915,
        6227,
        406,
        6235
      ],
      "ability_uses": null,
      "actions": null,
      "additional_units": null,
      "assists": 21,
      "backpack_0": 0,
      "backpack_1": 0,
      "backpack_2": 0,
      "backpack_3": null,
      "buyback_log": null,
      "camps_stacked": null,
      "connection_log": null,
      "creeps_stacked": null,
      "damage": null,
      "damage_inflictor": null,
      "damage_inflictor_received": null,
      "damage_taken": null,
      "damage_targets": null,
      "deaths": 11,
      "denies": 4,
      "dn_t": null,
      "firstblood_claimed": null,
      "gold": 4295,
      "gold_per_min": 557,
      "gold_reasons": null,
      "gold_spent": 17495,
      "gold_t": null,
      "hero_damage": 38139,
      "hero_healing": 1119,
      "hero_hits": null,
      "hero_id": 110,
      "item_0": 119,
      "item_1": 267,
      "item_2": 1,
      "item_3": 0,
      "item_4": 24,
      "item_5": 190,
      "item_neutral": 574,
      "item_uses": null,
      "kill_streaks": null,
      "killed": null,
      "killed_by": null,
      "kills": 20,
      "kills_log": null,
      "lane_pos": null,
      "last_hits": 109,
      "leaver_status": 0,
      "level": 28,
      "lh_t": null,
      "life_state": null,
      "max_hero_hit": null,
      "multi_kills": null,
      "net_worth": -4624,
      "obs": null,
      "obs_left_log": null,
      "obs_log": null,
      "obs_placed": null,
      "party_id": 0,
      "party_size": 1,
      "performance_others": null,
      "permanent_buffs": [
        {
          "permanent_buff": 0,
          "stack_count": 3,
          "grant_time": 941
        },
        {
          "permanent_buff": 1,
          "stack_count": 0,
          "grant_time": 1343
        }
      ],
      "pings": null,
      "pred_vict": null,
      "purchase": null,
      "purchase_log": null,
      "randomed": null,
      "repicked": null,
      "roshans_killed": null,
      "rune_pickups": null,
      "runes": null,
      "runes_log": null,
      "sen": null,
      "sen_left_log": null,
      "sen_log": null,
      "sen_placed": null,
      "stuns": null,
      "teamfight_participation": null,
      "times": null,
      "tower_damage": 988,
      "towers_killed": null,
      "xp_per_min": 943,
      "xp_reasons": null,
      "xp_t": null,
      "start_time": 1669911225,
      "duration": 2494,
      "cluster": 181,
      "lobby_type": 7,
      "game_mode": 22,
      "is_contributor": false,
      "patch": 51,
      "region": 8,
      "isRadiant": true,
      "total_gold": 23152,
      "total_xp": 20869,
      "kills_per_min": 0.4811547714514835,
      "kda": 2,
      "abandons": 0,
      "rank_tier": null,
      "is_subscriber": false,
      "cosmetics": [],
      "benchmarks": {
        "gold_per_min": {
          "raw": 557,
          "pct": 1
        },
        "xp_per_min": {
          "raw": 943,
          "pct": 1
        },
        "kills_per_min": {
          "raw": 0.48115477145148355,
          "pct": 0
        },
        "last_hits_per_min": {
          "raw": 2.6222935044105853,
          "pct": 0.03413882277340372
        },
        "hero_damage_per_min": {
          "raw": 917.5380914194066,
          "pct": 0.9545454545454546
        },
        "hero_healing_per_min": {
          "raw": 26.920609462710505,
          "pct": 0.18181818181818182
        },
        "tower_damage": {
          "raw": 988,
          "pct": 0.8636363636363636
        },
        "stuns_per_min": {
          "raw": 0,
          "pct": 0.09090909090909091
        },
        "lhten": {}
      }
    },
    {
      "player_slot": 1,
      "ability_targets": null,
      "ability_upgrades_arr": [
        5250,
        5249,
        631,
        5250,
        5250,
        2489,
        631,
        631,
        293,
        631,
        1033,
        5252,
        5249,
        1903,
        5249,
        6009,
        5252,
        1034,
        0,
        6676,
        6423
      ],
      "ability_uses": null,
      "actions": null,
      "additional_units": null,
      "assists": 13,
      "backpack_0": 0,
      "backpack_1": 0,
      "backpack_2": 0,
      "backpack_3": null,
      "buyback_log": null,
      "camps_stacked": null,
      "connection_log": null,
      "creeps_stacked": null,
      "damage": null,
      "damage_inflictor": null,
      "damage_inflictor_received": null,
      "damage_taken": null,
      "damage_targets": null,
      "deaths": 8,
      "denies": 9,
      "dn_t": null,
      "firstblood_claimed": null,
      "gold": 3867,
      "gold_per_min": -181,
      "gold_reasons": null,
      "gold_spent": 0,
      "gold_t": null,
      "hero_damage": 0,
      "hero_healing": 0,
      "hero_hits": null,
      "hero_id": 54,
      "item_0": 247,
      "item_1": 24,
      "item_2": 0,
      "item_3": 137,
      "item_4": 143,
      "item_5": 154,
      "item_neutral": 381,
      "item_uses": null,
      "kill_streaks": null,
      "killed": null,
      "killed_by": null,
      "kills": 11,
      "kills_log": null,
      "lane_pos": null,
      "last_hits": 276,
      "leaver_status": 0,
      "level": 28,
      "lh_t": null,
      "life_state": null,
      "max_hero_hit": null,
      "multi_kills": null,
      "net_worth": 25592,
      "obs": null,
      "obs_left_log": null,
      "obs_log": null,
      "obs_placed": null,
      "party_id": 1,
      "party_size": 1,
      "performance_others": null,
      "permanent_buffs": [],
      "pings": null,
      "pred_vict": null,
      "purchase": null,
      "purchase_log": null,
      "randomed": null,
      "repicked": null,
      "roshans_killed": null,
      "rune_pickups": null,
      "runes": null,
      "runes_log": null,
      "sen": null,
      "sen_left_log": null,
      "sen_log": null,
      "sen_placed": null,
      "stuns": null,
      "teamfight_participation": null,
      "times": null,
      "tower_damage": 8561,
      "towers_killed": null,
      "xp_per_min": 896,
      "xp_reasons": null,
      "xp_t": null,
      "personaname": "Relax",
      "name": null,
      "last_login": null,
      "start_time": 1669911225,
      "duration": 0,
      "cluster": 181,
      "lobby_type": 7,
      "game_mode": 22,
      "is_contributor": false,
      "patch": 51,
      "region": 8,
      "isRadiant": true,
      "total_gold": 26976,
      "total_xp": 37243,
      "kills_per_min": 0.2646351242983159,
      "kda": 0,
      "abandons": 0,
      "rank_tier": 24,
      "is_subscriber": false,
      "cosmetics": [],
      "benchmarks": {
        "gold_per_min": {
          "raw": 649,
          "pct": 0.6129032258064516
        },
        "xp_per_min": {},
        "kills_per_min": {
          "raw": 0.2646351242983159,
          "pct": 0.5161290322580645
        },
        "last_hits_per_min": {},
        "hero_damage_per_min": {
          "raw": 720.1202886928628,
          "pct": 0.5483870967741935
        },
        "hero_healing_per_min": {
          "raw": 0,
          "pct": 0.41935483870967744
        },
        "tower_damage": {
          "raw": 8561,
          "pct": 0.5806451612903226
        },
        "stuns_per_min": {
          "raw": 0,
          "pct": 0.3225806451612903
        },
        "lhten": {}
      }
    },
    {
      "player_slot": 2,
      "ability_targets": null,
      "ability_upgrades_arr": [
        0,
        5179,
        5178,
        5179,
        -1644,
        1949,
        5178,
        5179,
        5179,
        5180,
        5181,
        5180,
        0,
        5180,
        859,
        6532,
        5181,
        0
      ],
      "ability_uses": null,
      "actions": null,
      "additional_units": null,
      "assists": 25,
      "backpack_0": 237,
      "backpack_1": 92,
      "backpack_2": 0,
      "backpack_3": null,
      "buyback_log": null,
      "camps_stacked": null,
      "connection_log": null,
      "creeps_stacked": null,
      "damage": null,
      "damage_inflictor": null,
      "damage_inflictor_received": null,
      "damage_taken": null,
      "damage_targets": null,
      "deaths": 0,
      "denies": 11,
      "dn_t": null,
      "firstblood_claimed": null,
      "gold": 0,
      "gold_per_min": 351,
      "gold_reasons": null,
      "gold_spent": 3954,
      "gold_t": null,
      "hero_damage": 5103,
      "hero_healing": 240,
      "hero_hits": null,
      "hero_id": 40,
      "item_0": 102,
      "item_1": 100,
      "item_2": 190,
      "item_3": 218,
      "item_4": 60,
      "item_5": 63,
      "item_neutral": 0,
      "item_uses": null,
      "kill_streaks": null,
      "killed": null,
      "killed_by": null,
      "kills": 3,
      "kills_log": null,
      "lane_pos": null,
      "last_hits": 41,
      "leaver_status": 0,
      "level": 21,
      "lh_t": null,
      "life_state": null,
      "max_hero_hit": null,
      "multi_kills": null,
      "net_worth": 13406,
      "obs": null,
      "obs_left_log": null,
      "obs_log": null,
      "obs_placed": null,
      "party_id": 2,
      "party_size": 2,
      "performance_others": null,
      "permanent_buffs": [],
      "pings": null,
      "pred_vict": null,
      "purchase": null,
      "purchase_log": null,
      "randomed": null,
      "repicked": null,
      "roshans_killed": null,
      "rune_pickups": null,
      "runes": null,
      "runes_log": null,
      "sen": null,
      "sen_left_log": null,
      "sen_log": null,
      "sen_placed": null,
      "stuns": null,
      "teamfight_participation": null,
      "times": null,
      "tower_damage": 4196,
      "towers_killed": null,
      "xp_per_min": 583,
      "xp_reasons": null,
      "xp_t": null,
      "personaname": "kud1ny_",
      "name": null,
      "last_login": null,
      "start_time": 1669911225,
      "duration": 2494,
      "cluster": 181,
      "lobby_type": 7,
      "game_mode": 22,
      "is_contributor": false,
      "patch": 51,
      "region": -1,
      "isRadiant": true,
      "total_gold": 11772,
      "total_xp": 8749,
      "kills_per_min": 0.07217321571772253,
      "kda": 2,
      "abandons": 0,
      "rank_tier": 12,
      "is_subscriber": false,
      "cosmetics": [],
      "benchmarks": {
        "gold_per_min": {
          "raw": 351,
          "pct": 0.25
        },
        "xp_per_min": {
          "raw": 583,
          "pct": 0.5
        },
        "kills_per_min": {
          "raw": 0.07217321571772253,
          "pct": -0.11935542276026928
        },
        "last_hits_per_min": {
          "raw": 0.9863672814755413,
          "pct": 0
        },
        "hero_damage_per_min": {
          "raw": 183.840018756572,
          "pct": 0.125
        },
        "hero_healing_per_min": {
          "raw": 5.773857257417802,
          "pct": 0.375
        },
        "tower_damage": {
          "raw": 1409,
          "pct": 1
        },
        "stuns_per_min": {
          "raw": 0,
          "pct": 0.625
        },
        "lhten": {}
      }
    },
    {
      "player_slot": 0,
      "ability_targets": null,
      "ability_upgrades_arr": [
        5017,
        0,
        5017,
        0,
        5017,
        5018,
        0,
        -286,
        213,
        482,
        5015,
        0,
        5016,
        5016,
        819,
        0,
        5018,
        6357,
        905,
        0
      ],
      "ability_uses": null,
      "actions": null,
      "additional_units": null,
      "assists": 12,
      "backpack_0": 207,
      "backpack_1": 0,
      "backpack_2": 0,
      "backpack_3": null,
      "buyback_log": null,
      "camps_stacked": null,
      "connection_log": null,
      "creeps_stacked": null,
      "damage": null,
      "damage_inflictor": null,
      "damage_inflictor_received": null,
      "damage_taken": null,
      "damage_targets": null,
      "deaths": 4,
      "denies": 23,
      "dn_t": null,
      "firstblood_claimed": null,
      "gold": 2609,
      "gold_per_min": 752,
      "gold_reasons": null,
      "gold_spent": 30210,
      "gold_t": null,
      "hero_damage": 37743,
      "hero_healing": 0,
      "hero_hits": null,
      "hero_id": 4,
      "item_0": 50,
      "item_1": 116,
      "item_2": 158,
      "item_3": 143,
      "item_4": 123,
      "item_5": 112,
      "item_neutral": 571,
      "item_uses": null,
      "kill_streaks": null,
      "killed": null,
      "killed_by": null,
      "kills": 25,
      "kills_log": null,
      "lane_pos": null,
      "last_hits": 289,
      "leaver_status": 0,
      "level": 27,
      "lh_t": null,
      "life_state": null,
      "max_hero_hit": null,
      "multi_kills": null,
      "net_worth": 29409,
      "obs": null,
      "obs_left_log": null,
      "obs_log": null,
      "obs_placed": null,
      "party_id": 2,
      "party_size": 2,
      "performance_others": null,
      "permanent_buffs": [
        {
          "permanent_buff": 12,
          "stack_count": 0,
          "grant_time": 0
        }
      ],
      "pings": null,
      "pred_vict": null,
      "purchase": null,
      "purchase_log": null,
      "randomed": null,
      "repicked": null,
      "roshans_killed": null,
      "rune_pickups": null,
      "runes": null,
      "runes_log": null,
      "sen": null,
      "sen_left_log": null,
      "sen_log": null,
      "sen_placed": null,
      "stuns": null,
      "teamfight_participation": null,
      "times": null,
      "tower_damage": 6325,
      "towers_killed": null,
      "xp_per_min": 964,
      "xp_reasons": null,
      "xp_t": null,
      "personaname": "BARHATNIY ROZHOK",
      "name": null,
      "last_login": null,
      "start_time": 1669911225,
      "duration": 1172,
      "cluster": -9,
      "lobby_type": 7,
      "game_mode": 0,
      "is_contributor": false,
      "patch": 51,
      "region": 8,
      "isRadiant": true,
      "total_gold": 7693,
      "total_xp": 40070,
      "kills_per_min": 0.6014434643143544,
      "kda": 0,
      "abandons": 0,
      "rank_tier": 33,
      "is_subscriber": false,
      "cosmetics": [],
      "benchmarks": {
        "gold_per_min": {},
        "xp_per_min": {
          "raw": 964,
          "pct": 1
        },
        "kills_per_min": {
          "raw": 0.6014434643143545,
          "pct": 0
        },
        "last_hits_per_min": {
          "raw": 6.952686447473938,
          "pct": 0.4
        },
        "hero_damage_per_min": {
          "raw": 908.0112269446672,
          "pct": -0.18378976486961465
        },
        "hero_healing_per_min": {
          "raw": 0,
          "pct": 0
        },
        "tower_damage": {
          "raw": 6325,
          "pct": 0.76
        },
        "stuns_per_min": {
          "raw": 0,
          "pct": 0.36
        },
        "lhten": {}
      }
    },
    {
      "player_slot": 4,
      "ability_targets": null,
      "ability_upgrades_arr": [
        5019,
        343,
        1032,
        -128,
        0,
        5022,
        343,
        5019,
        265,
        0,
        5632,
        5022,
        5632,
        5632,
        486,
        5632,
        5022,
        1143
      ],
      "ability_uses": null,
      "actions": null,
      "additional_units": null,
      "assists": 18,
      "backpack_0": 20,
      "backpack_1": 0,
      "backpack_2": 0,
      "backpack_3": null,
      "buyback_log": null,
      "camps_stacked": null,
      "connection_log": null,
      "creeps_stacked": null,
      "damage": null,
      "damage_inflictor": null,
      "damage_inflictor_received": null,
      "damage_taken": null,
      "damage_targets": null,
      "deaths": 4,
      "denies": 0,
      "dn_t": null,
      "firstblood_claimed": null,
      "gold": 563,
      "gold_per_min": 23,
      "gold_reasons": null,
      "gold_spent": 18700,
      "gold_t": null,
      "hero_damage": 23225,
      "hero_healing": 0,
      "hero_hits": null,
      "hero_id": 6,
      "item_0": 75,
      "item_1": 0,
      "item_2": 263,
      "item_3": 135,
      "item_4": 0,
      "item_5": 26,
      "item_neutral": 288,
      "item_uses": null,
      "kill_streaks": null,
      "killed": null,
      "killed_by": null,
      "kills": 8,
      "kills_log": null,
      "lane_pos": null,
      "last_hits": 164,
      "leaver_status": 0,
      "level": 23,
      "lh_t": null,
      "life_state": null,
      "max_hero_hit": null,
      "multi_kills": null,
      "net_worth": 18023,
      "obs": null,
      "obs_left_log": null,
      "obs_log": null,
      "obs_placed": null,
      "party_id": 0,
      "party_size": 0,
      "performance_others": null,
      "permanent_buffs": [],
      "pings": null,
      "pred_vict": null,
      "purchase": null,
      "purchase_log": null,
      "randomed": null,
      "repicked": null,
      "roshans_killed": null,
      "rune_pickups": null,
      "runes": null,
      "runes_log": null,
      "sen": null,
      "sen_left_log": null,
      "sen_log": null,
      "sen_placed": null,
      "stuns": null,
      "teamfight_participation": null,
      "times": null,
      "tower_damage": 12359,
      "towers_killed": null,
      "xp_per_min": 742,
      "xp_reasons": null,
      "xp_t": null,
      "personaname": "DΣAD",
      "name": null,
      "last_login": null,
      "start_time": 0,
      "duration": 2494,
      "cluster": 181,
      "lobby_type": 7,
      "game_mode": -2,
      "is_contributor": false,
      "patch": 51,
      "region": 8,
      "isRadiant": true,
      "total_gold": 16358,
      "total_xp": 1566,
      "kills_per_min": 0.19246190858059342,
      "kda": 2,
      "abandons": 0,
      "rank_tier": 21,
      "is_subscriber": false,
      "cosmetics": [],
      "benchmarks": {
        "gold_per_min": {
          "raw": 465,
          "pct": 0.10256410256410256
        },
        "xp_per_min": {},
        "kills_per_min": {
          "raw": 0.19246190858059342,
          "pct": 0.38461538461538464
        },
        "last_hits_per_min": {
          "raw": 3.9454691259021653,
          "pct": 0
        },
        "hero_damage_per_min": {
          "raw": 558.7409783480354,
          "pct": -0.021361865833406168
        },
        "hero_healing_per_min": {
          "raw": 0,
          "pct": 0.9743589743589743
        },
        "tower_damage": {
          "raw": 12359,
          "pct": 0.7435897435897436
        },
        "stuns_per_min": {},
        "lhten": {}
      }
    },
    {
      "player_slot": 128,
      "ability_targets": null,
      "ability_upgrades_arr": [
        5080,
        119,
        5078,
        749,
        796,
        5081,
        -499,
        5078,
        5078,
        5078,
        468,
        5079,
        5079,
        5079,
        6295,
        5081,
        5081,
        6052
      ],
      "ability_uses": null,
      "actions": null,
      "additional_units": null,
      "assists": 14,
      "backpack_0": 0,
      "backpack_1": 0,
      "backpack_2": 0,
      "backpack_3": null,
      "buyback_log": null,
      "camps_stacked": null,
      "connection_log": null,
      "creeps_stacked": null,
      "damage": null,
      "damage_inflictor": null,
      "damage_inflictor_received": null,
      "damage_taken": null,
      "damage_targets": null,
      "deaths": 16,
      "denies": 4,
      "dn_t": null,
      "firstblood_claimed": null,
      "gold": 999,
      "gold_per_min": 357,
      "gold_reasons": null,
      "gold_spent": 11755,
      "gold_t": null,
      "hero_damage": 23010,
      "hero_healing": 0,
      "hero_hits": null,
      "hero_id": 27,
      "item_0": 180,
      "item_1": 94,
      "item_2": 21,
      "item_3": 22,
      "item_4": 23,
      "item_5": 1,
      "item_neutral": 0,
      "item_uses": null,
      "kill_streaks": null,
      "killed": null,
      "killed_by": null,
      "kills": 10,
      "kills_log": null,
      "lane_pos": null,
      "last_hits": 64,
      "leaver_status": 0,
      "level": 20,
      "lh_t": null,
      "life_state": null,
      "max_hero_hit": null,
      "multi_kills": null,
      "net_worth": 11324,
      "obs": null,
      "obs_left_log": null,
      "obs_log": null,
      "obs_placed": null,
      "party_id": 4,
      "party_size": 1,
      "performance_others": null,
      "permanent_buffs": [
        {}
      ],
      "pings": null,
      "pred_vict": null,
      "purchase": null,
      "purchase_log": null,
      "randomed": null,
      "repicked": null,
      "roshans_killed": null,
      "rune_pickups": null,
      "runes": null,
      "runes_log": null,
      "sen": null,
      "sen_left_log": null,
      "sen_log": null,
      "sen_placed": null,
      "stuns": null,
      "teamfight_participation": null,
      "times": null,
      "tower_damage": 995,
      "towers_killed": null,
      "xp_per_min": 546,
      "xp_reasons": null,
      "xp_t": null,
      "personaname": "𝒜𝔩𝔢𝔵𝔅𝔲𝔱",
      "name": null,
      "last_login": null,
      "start_time": 1669911225,
      "duration": 2494,
      "cluster": 181,
      "lobby_type": 7,
      "game_mode": 9,
      "is_contributor": false,
      "patch": 51,
      "region": 8,
      "isRadiant": false,
      "total_gold": 14839,
      "total_xp": 22695,
      "kills_per_min": -0.05473712140158337,
      "kda": 0,
      "abandons": 0,
      "rank_tier": 14,
      "is_subscriber": false,
      "cosmetics": [],
      "benchmarks": {
        "gold_per_min": {
          "raw": -160,
          "pct": 0.6111111111111112
        },
        "xp_per_min": {
          "raw": 53,
          "pct": 0.6666666666666666
        },
        "kills_per_min": {
          "raw": 0.24057738572574178,
          "pct": 1
        },
        "last_hits_per_min": {
          "raw": 1.5396952686447474,
          "pct": 0.3888888888888889
        },
        "hero_damage_per_min": {
          "raw": 553.5685645549319,
          "pct": 0.9444444444444444
        },
        "hero_healing_per_min": {
          "raw": 0,
          "pct": 0.7777777777777778
        },
        "tower_damage": {
          "raw": 995,
          "pct": 0.3888888888888889
        },
        "stuns_per_min": {
          "raw": 0,
          "pct": 0
        },
        "lhten": {}
      }
    },
    {
      "player_slot": -56,
      "ability_targets": null,
      "ability_upgrades_arr": [
        0,
        5134,
        5136,
        5134,
        -926,
        5137,
        5136,
        5136,
        5134,
        365,
        5134,
        5137,
        0,
        7325,
        6292,
        279
      ],
      "ability_uses": null,
      "actions": null,
      "additional_units": null,
      "assists": 18,
      "backpack_0": 12,
      "backpack_1": 0,
      "backpack_2": 0,
      "backpack_3": null,
      "buyback_log": null,
      "camps_stacked": null,
      "connection_log": null,
      "creeps_stacked": null,
      "damage": null,
      "damage_inflictor": null,
      "damage_inflictor_received": null,
      "damage_taken": null,
      "damage_targets": null,
      "deaths": 0,
      "denies": 0,
      "dn_t": null,
      "firstblood_claimed": null,
      "gold": 1389,
      "gold_per_min": 268,
      "gold_reasons": null,
      "gold_spent": 9295,
      "gold_t": null,
      "hero_damage": 18541,
      "hero_healing": 0,
      "hero_hits": null,
      "hero_id": 31,
      "item_0": 180,
      "item_1": 254,
      "item_2": 0,
      "item_3": 4,
      "item_4": 27,
      "item_5": 232,
      "item_neutral": 990,
      "item_uses": null,
      "kill_streaks": null,
      "killed": null,
      "killed_by": null,
      "kills": 1,
      "kills_log": null,
      "lane_pos": null,
      "last_hits": 0,
      "leaver_status": 0,
      "level": 16,
      "lh_t": null,
      "life_state": null,
      "max_hero_hit": null,
      "multi_kills": null,
      "net_worth": 13514,
      "obs": null,
      "obs_left_log": null,
      "obs_log": null,
      "obs_placed": null,
      "party_id": 5,
      "party_size": 2,
      "performance_others": null,
      "permanent_buffs": [
        {
          "permanent_buff": 2,
          "stack_count": 0,
          "grant_time": 0
        },
        {
          "permanent_buff": 12,
          "stack_count": 0,
          "grant_time": 1841
        }
      ],
      "pings": null,
      "pred_vict": null,
      "purchase": null,
      "purchase_log": null,
      "randomed": null,
      "repicked": null,
      "roshans_killed": null,
      "rune_pickups": null,
      "runes": null,
      "runes_log": null,
      "sen": null,
      "sen_left_log": null,
      "sen_log": null,
      "sen_placed": null,
      "stuns": null,
      "teamfight_participation": null,
      "times": null,
      "tower_damage": 176,
      "towers_killed": null,
      "xp_per_min": 375,
      "xp_reasons": null,
      "xp_t": null,
      "start_time": 1669911225,
      "duration": 2494,
      "cluster": 181,
      "lobby_type": 7,
      "game_mode": 22,
      "is_contributor": false,
      "patch": 24,
      "region": -3,
      "isRadiant": false,
      "total_gold": 8208,
      "total_xp": 15587,
      "kills_per_min": 0.024057738572574178,
      "kda": 0,
      "abandons": 0,
      "rank_tier": null,
      "is_subscriber": false,
      "cosmetics": [],
      "benchmarks": {
        "gold_per_min": {
          "raw": 268,
          "pct": 0.18518518518518517
        },
        "xp_per_min": {
          "raw": 0,
          "pct": 0.2222222222222222
        },
        "kills_per_min": {},
        "last_hits_per_min": {
          "raw": 1.2269446672012831,
          "pct": 0.6666666666666666
        },
        "hero_damage_per_min": {
          "raw": 446.05453087409785,
          "pct": -0.003720885605532631
        },
        "hero_healing_per_min": {
          "raw": 0,
          "pct": 0.8148148148148148
        },
        "tower_damage": {
          "raw": 176,
          "pct": 0.6296296296296297
        },
        "stuns_per_min": {},
        "lhten": {}
      }
    },
    {
      "player_slot": 130,
      "ability_targets": null,
      "ability_upgrades_arr": [
        5723,
        -1457,
        0,
        542,
        5723,
        5725,
        5723,
        5716,
        5716,
        5721,
        261,
        5725,
        5721,
        5721,
        0,
        5721,
        5725,
        -25
      ],
      "ability_uses": null,
      "actions": null,
      "additional_units": null,
      "assists": 4,
      "backpack_0": 0,
      "backpack_1": 0,
      "backpack_2": 0,
      "backpack_3": null,
      "buyback_log": null,
      "camps_stacked": null,
      "connection_log": null,
      "creeps_stacked": null,
      "damage": null,
      "damage_inflictor": null,
      "damage_inflictor_received": null,
      "damage_taken": null,
      "damage_targets": null,
      "deaths": 13,
      "denies": 8,
      "dn_t": null,
      "firstblood_claimed": null,
      "gold": 1238,
      "gold_per_min": -171,
      "gold_reasons": null,
      "gold_spent": 12315,
      "gold_t": null,
      "hero_damage": 0,
      "hero_healing": 0,
      "hero_hits": null,
      "hero_id": 0,
      "item_0": 75,
      "item_1": 174,
      "item_2": 168,
      "item_3": 11,
      "item_4": 116,
      "item_5": 50,
      "item_neutral": 331,
      "item_uses": null,
      "kill_streaks": null,
      "killed": null,
      "killed_by": null,
      "kills": 6,
      "kills_log": null,
      "lane_pos": null,
      "last_hits": 134,
      "leaver_status": 0,
      "level": 24,
      "lh_t": null,
      "life_state": null,
      "max_hero_hit": null,
      "multi_kills": null,
      "net_worth": 17593,
      "obs": null,
      "obs_left_log": null,
      "obs_log": null,
      "obs_placed": null,
      "party_id": 5,
      "party_size": 2,
      "performance_others": null,
      "permanent_buffs": [
        {
          "permanent_buff": 2,
          "stack_count": 0,
          "grant_time": 1933
        }
      ],
      "pings": null,
      "pred_vict": null,
      "purchase": null,
      "purchase_log": null,
      "randomed": null,
      "repicked": null,
      "roshans_killed": null,
      "rune_pickups": null,
      "runes": null,
      "runes_log": null,
      "sen": null,
      "sen_left_log": null,
      "sen_log": null,
      "sen_placed": null,
      "stuns": null,
      "teamfight_participation": null,
      "times": null,
      "tower_damage": 216,
      "towers_killed": null,
      "xp_per_min": 794,
      "xp_reasons": null,
      "xp_t": null,
      "start_time": 1669911225,
      "duration": 2494,
      "cluster": 0,
      "lobby_type": 7,
      "game_mode": 22,
      "is_contributor": false,
      "patch": 0,
      "region": 8,
      "isRadiant": false,
      "total_gold": 16792,
      "total_xp": 33003,
      "kills_per_min": 0.14434643143544507,
      "kda": 1,
      "abandons": 0,
      "rank_tier": null,
      "is_subscriber": false,
      "cosmetics": [],
      "benchmarks": {}
    },
    {
      "player_slot": 131,
      "ability_targets": null,
      "ability_upgrades_arr": [
        5368,
        5365,
        5368,
        0,
        828,
        5369,
        5368,
        -2365,
        5365,
        432,
        6101,
        5369,
        0,
        5366,
        1002,
        5366,
        5369,
        152
      ],
      "ability_uses": null,
      "actions": null,
      "additional_units": null,
      "assists": 14,
      "backpack_0": 0,
      "backpack_1": 0,
      "backpack_2": 0,
      "backpack_3": null,
      "buyback_log": null,
      "camps_stacked": null,
      "connection_log": null,
      "creeps_stacked": null,
      "damage": null,
      "damage_inflictor": null,
      "damage_inflictor_received": null,
      "damage_taken": null,
      "damage_targets": null,
      "deaths": 12,
      "denies": 0,
      "dn_t": null,
      "firstblood_claimed": null,
      "gold": 658,
      "gold_per_min": 583,
      "gold_reasons": null,
      "gold_spent": 20445,
      "gold_t": null,
      "hero_damage": 21978,
      "hero_healing": 0,
      "hero_hits": null,
      "hero_id": 73,
      "item_0": 152,
      "item_1": 178,
      "item_2": 34,
      "item_3": 137,
      "item_4": 0,
      "item_5": 48,
      "item_neutral": 949,
      "item_uses": null,
      "kill_streaks": null,
      "killed": null,
      "killed_by": null,
      "kills": 5,
      "kills_log": null,
      "lane_pos": null,
      "last_hits": 243,
      "leaver_status": 0,
      "level": 0,
      "lh_t": null,
      "life_state": null,
      "max_hero_hit": null,
      "multi_kills": null,
      "net_worth": 12263,
      "obs": null,
      "obs_left_log": null,
      "obs_log": null,
      "obs_placed": null,
      "party_id": 0,
      "party_size": 1,
      "performance_others": null,
      "permanent_buffs": [
        {
          "permanent_buff": 6,
          "stack_count": 0,
          "grant_time": 857
        }
      ],
      "pings": null,
      "pred_vict": null,
      "purchase": null,
      "purchase_log": null,
      "randomed": null,
      "repicked": null,
      "roshans_killed": null,
      "rune_pickups": null,
      "runes": null,
      "runes_log": null,
      "sen": null,
      "sen_left_log": null,
      "sen_log": null,
      "sen_placed": null,
      "stuns": null,
      "teamfight_participation": null,
      "times": null,
      "tower_damage": 1792,
      "towers_killed": null,
      "xp_per_min": 725,
      "xp_reasons": null,
      "xp_t": null,
      "personaname": "ниндзя из сральни",
      "name": null,
      "last_login": null,
      "start_time": 1669911225,
      "duration": 2494,
      "cluster": 181,
      "lobby_type": 7,
      "game_mode": 22,
      "is_contributor": false,
      "patch": 51,
      "region": 2,
      "isRadiant": false,
      "total_gold": 13939,
      "total_xp": 30135,
      "kills_per_min": 0.12028869286287087,
      "kda": 0,
      "abandons": 0,
      "rank_tier": 0,
      "is_subscriber": false,
      "cosmetics": [],
      "benchmarks": {
        "gold_per_min": {
          "raw": 583,
          "pct": 0.3
        },
        "xp_per_min": {
          "raw": 725,
          "pct": 0.45
        },
        "kills_per_min": {
          "raw": 0.12028869286287089,
          "pct": 0.4
        },
        "last_hits_per_min": {},
        "hero_damage_per_min": {
          "raw": 528.7409783480354,
          "pct": 0.6
        },
        "hero_healing_per_min": {
          "raw": 0,
          "pct": 0.95
        },
        "tower_damage": {
          "raw": 1792,
          "pct": 0.4
        },
        "stuns_per_min": {
          "raw": 0,
          "pct": 0
        },
        "lhten": {}
      }
    },
    {
      "player_slot": 132,
      "ability_targets": null,
      "ability_upgrades_arr": [
        8429,
        8158,
        8429,
        8158,
        8158,
        8106,
        8429,
        8429,
        9501,
        9510,
        8158,
        327,
        9501,
        9501,
        9513,
        0,
        8106,
        9506,
        9509
      ],
      "ability_uses": null,
      "actions": null,
      "additional_units": null,
      "assists": 6,
      "backpack_0": 0,
      "backpack_1": 0,
      "backpack_2": 0,
      "backpack_3": null,
      "buyback_log": null,
      "camps_stacked": null,
      "connection_log": null,
      "creeps_stacked": null,
      "damage": null,
      "damage_inflictor": null,
      "damage_inflictor_received": null,
      "damage_taken": null,
      "damage_targets": null,
      "deaths": 13,
      "denies": 17,
      "dn_t": null,
      "firstblood_claimed": null,
      "gold": 1249,
      "gold_per_min": 538,
      "gold_reasons": null,
      "gold_spent": 4852,
      "gold_t": null,
      "hero_damage": 47086,
      "hero_healing": 0,
      "hero_hits": null,
      "hero_id": 123,
      "item_0": 32,
      "item_1": 41,
      "item_2": 0,
      "item_3": 0,
      "item_4": 7,
      "item_5": 48,
      "item_neutral": 0,
      "item_uses": null,
      "kill_streaks": null,
      "killed": null,
      "killed_by": null,
      "kills": 21,
      "kills_log": null,
      "lane_pos": null,
      "last_hits": 152,
      "leaver_status": 0,
      "level": 26,
      "lh_t": null,
      "life_state": null,
      "max_hero_hit": null,
      "multi_kills": null,
      "net_worth": 17329,
      "obs": null,
      "obs_left_log": null,
      "obs_log": null,
      "obs_placed": null,
      "party_id": 7,
      "party_size": 1,
      "performance_others": null,
      "permanent_buffs": [
        {}
      ],
      "pings": null,
      "pred_vict": null,
      "purchase": null,
      "purchase_log": null,
      "randomed": null,
      "repicked": null,
      "roshans_killed": null,
      "rune_pickups": null,
      "runes": null,
      "runes_log": null,
      "sen": null,
      "sen_left_log": null,
      "sen_log": null,
      "sen_placed": null,
      "stuns": null,
      "teamfight_participation": null,
      "times": null,
      "tower_damage": -219,
      "towers_killed": null,
      "xp_per_min": 933,
      "xp_reasons": null,
      "xp_t": null,
      "personaname": "_MaRiXyAnA_",
      "name": null,
      "last_login": null,
      "start_time": 1669911225,
      "duration": 2494,
      "cluster": 0,
      "lobby_type": 0,
      "game_mode": 22,
      "is_contributor": false,
      "patch": 51,
      "region": 8,
      "isRadiant": false,
      "total_gold": 22362,
      "total_xp": 28015,
      "kills_per_min": 0.5052125100240576,
      "kda": 1,
      "abandons": 0,
      "rank_tier": 22,
      "is_subscriber": false,
      "cosmetics": [],
      "benchmarks": {
        "gold_per_min": {
          "raw": 538,
          "pct": 0.9655172413793104
        },
        "xp_per_min": {},
        "kills_per_min": {
          "raw": 0.5052125100240578,
          "pct": 1
        },
        "last_hits_per_min": {
          "raw": 1.4265075560699076,
          "pct": 0.896551724137931
        },
        "hero_damage_per_min": {
          "raw": 1132.7826784282277,
          "pct": 1
        },
        "hero_healing_per_min": {
          "raw": 0,
          "pct": 0.8275862068965517
        },
        "tower_damage": {
          "raw": 1005,
          "pct": 0.8103448275862069
        },
        "stuns_per_min": {
          "raw": 0,
          "pct": 0.017241379310344827
        },
        "lhten": {}
      }
    }
  ],
  "patch": 51,
  "region": 8
}