{
  "chat": null,
  "cluster": 231,
  "cosmetics": null,
  "dire_score": 20,
  "dire_team_id": null,
  "draft_timings": null,
  "duration": 1956,
  "engine": 1,
  "first_blood_time": 129,
  "game_mode": 3,
  "human_players": 10,
  "leagueid": 0,
  "lobby_type": 0,
  "match_seq_num": 5780373177,
  "negative_votes": 0,
  "objectives": null,
  "picks_bans": [
    {
      "is_pick": true,
      "hero_id": 0,
      "team": 1,
      "order": 0
    },
    {
      "is_pick": true,
      "hero_id": 71,
      "team": 0,
      "order": 1
    },
    {
      "is_pick": true,
      "hero_id": -9,
      "team": 0,
      "order": 2
    },
    {
      "is_pick": true,
      "hero_id": 101,
      "team": 0,
      "order": 3
    },
    {
      "is_pick": true,
      "hero_id": 42,
      "team": 0,
      "order": 4
    },
    {},
    {
      "is_pick": true,
      "hero_id": 30,
      "team": 1,
      "order": 0
    },
    {
      "is_pick": true,
      "hero_id": 63,
      "team": 1,
      "order": 7
    },
    {
      "is_pick": true,
      "hero_id": 35,
      "team": 0,
      "order": 8
    },
    {
      "is_pick": true,
      "hero_id": 0,
      "team": 0,
      "order": 0
    }
  ],
  "positive_votes": 0,
  "radiant_gold_adv": null,
  "radiant_score": 47,
  "radiant_team_id": null,
  "radiant_xp_adv": null,
  "skill": null,
  "start_time": 1669912935,
  "teamfights": null,
  "version": null,
  "replay_salt": 0,
  "series_id": 0,
  "series_type": 0,
  "players": [
    {
      "player_slot": 0,
      "ability_targets": null,
      "ability_upgrades_arr": [
        5353,
        5355,
        0,
        7301,
        5355,
        5356,
        5353,
        5355,
        5353,
        0,
        7301,
        0,
        7301,
        7301,
        5931,
        0
      ],
      "ability_uses": null,
      "actions": null,
      "additional_units": null,
      "assists": 0,
      "backpack_0": 0,
      "backpack_1": 0,
      "backpack_2": 0,
      "backpack_3": null,
      "buyback_log": null,
      "camps_stacked": null,
      "connection_log": null,
      "creeps_stacked": null,
      "damage": null,
      "damage_inflictor": null,
      "damage_inflictor_received": null,
      "damage_taken": null,
      "damage_targets": null,
      "deaths": 5,
      "denies": 1,
      "dn_t": null,
      "firstblood_claimed": null,
      "gold": 527,
      "gold_per_min": 330,
      "gold_reasons": null,
      "gold_spent": 10350,
      "gold_t": null,
      "hero_damage": 14798,
      "hero_healing": 0,
      "hero_hits": null,
      "hero_id": 71,
      "item_0": 114,
      "item_1": 181,
      "item_2": 29,
      "item_3": 127,
      "item_4": 215,
      "item_5": 485,
      "item_neutral": 834,
      "item_uses": null,
      "kill_streaks": null,
      "killed": null,
      "killed_by": null,
      "kills": 8,
      "kills_log": null,
      "lane_pos": null,
      "last_hits": 35,
      "leaver_status": 0,
      "level": 17,
      "lh_t": null,
      "life_state": null,
      "max_hero_hit": null,
      "multi_kills": null,
      "net_worth": 10402,
      "obs": null,
      "obs_left_log": null,
      "obs_log": null,
      "obs_placed": null,
      "party_id": 0,
      "party_size": 2,
      "performance_others": null,
      "permanent_buffs": [],
      "pings": null,
      "pred_vict": null,
      "purchase": null,
      "purchase_log": null,
      "randomed": null,
      "repicked": null,
      "roshans_killed": null,
      "rune_pickups": null,
      "runes": null,
      "runes_log": null,
      "sen": null,
      "sen_left_log": null,
      "sen_log": null,
      "sen_placed": null,
      "stuns": null,
      "teamfight_participation": null,
      "times": null,
      "tower_damage": 271,
      "towers_killed": null,
      "xp_per_min": 512,
      "xp_reasons": null,
      "xp_t": null,
      "start_time": 1669912935,
      "duration": 1956,
      "cluster": 231,
      "lobby_type": 0,
      "game_mode": 0,
      "is_contributor": false,
      "patch": 51,
      "region": 13,
      "isRadiant": true,
      "total_gold": 10758,
      "total_xp": 16691,
      "kills_per_min": 0.24539877300613497,
      "kda": 4,
      "abandons": 0,
      "rank_tier": null,
      "is_subscriber": false,
      "cosmetics": [],
      "benchmarks": {
        "gold_per_min": {
          "raw": 330,
          "pct": -0.08084319255575463
        },
        "xp_per_min": {
          "raw": 512,
          "pct": 0.35
        },
        "kills_per_min": {
          "raw": 0.245398773006135,
          "pct": 0.85
        },
        "last_hits_per_min": {
          "raw": 1.0736196319018405,
          "pct": 0.075
        },
        "hero_damage_per_min": {
          "raw": 453.9263803680982,
          "pct": 0.625
        },
        "hero_healing_per_min": {
          "raw": 0,
          "pct": 0.925
        },
        "tower_damage": {
          "raw": 271,
          "pct": -0.046401282544882475
        },
        "stuns_per_min": {
          "raw": 0,
          "pct": 0
        },
        "lhten": {}
      }
    },
    {
      "player_slot": 1,
      "ability_targets": null,
      "ability_upgrades_arr": [
        5086,
        5088,
        5087,
        -1447,
        5088,
        -1967,
        5087,
        5088,
        5088,
        1041,
        5087,
        5089,
        5086,
        0,
        809,
        5086,
        5089,
        6821,
        741,
        6088
      ],
      "ability_uses": null,
      "actions": null,
      "additional_units": null,
      "assists": 13,
      "backpack_0": 0,
      "backpack_1": 0,
      "backpack_2": 0,
      "backpack_3": null,
      "buyback_log": null,
      "camps_stacked": null,
      "connection_log": null,
      "creeps_stacked": null,
      "damage": null,
      "damage_inflictor": null,
      "damage_inflictor_received": null,
      "damage_taken": null,
      "damage_targets": null,
      "deaths": 2,
      "denies": 12,
      "dn_t": null,
      "firstblood_claimed": null,
      "gold": 3231,
      "gold_per_min": -279,
      "gold_reasons": null,
      "gold_spent": 24510,
      "gold_t": null,
      "hero_damage": 39234,
      "hero_healing": 0,
      "hero_hits": null,
      "hero_id": 42,
      "item_0": 19,
      "item_1": 137,
      "item_2": 208,
      "item_3": 1,
      "item_4": 112,
      "item_5": 65,
      "item_neutral": 381,
      "item_uses": null,
      "kill_streaks": null,
      "killed": null,
      "killed_by": null,
      "kills": 15,
      "kills_log": null,
      "lane_pos": null,
      "last_hits": 0,
      "leaver_status": 0,
      "level": 27,
      "lh_t": null,
      "life_state": null,
      "max_hero_hit": null,
      "multi_kills": null,
      "net_worth": 27106,
      "obs": null,
      "obs_left_log": null,
      "obs_log": null,
      "obs_placed": null,
      "party_id": 0,
      "party_size": 0,
      "performance_others": null,
      "permanent_buffs": [
        {
          "permanent_buff": 12,
          "stack_count": 0,
          "grant_time": 2010
        }
      ],
      "pings": null,
      "pred_vict": null,
      "purchase": null,
      "purchase_log": null,
      "randomed": null,
      "repicked": null,
      "roshans_killed": null,
      "rune_pickups": null,
      "runes": null,
      "runes_log": null,
      "sen": null,
      "sen_left_log": null,
      "sen_log": null,
      "sen_placed": null,
      "stuns": null,
      "teamfight_participation": null,
      "times": null,
      "tower_damage": -6003,
      "towers_killed": null,
      "xp_per_min": 1116,
      "xp_reasons": null,
      "xp_t": null,
      "personaname": "远远的小阿粉",
      "name": null,
      "last_login": null,
      "start_time": 403270704,
      "duration": 1956,
      "cluster": 0,
      "lobby_type": 0,
      "game_mode": 3,
      "is_contributor": false,
      "patch": 51,
      "region": 13,
      "isRadiant": true,
      "total_gold": 27318,
      "total_xp": 36381,
      "kills_per_min": -0.19914730993376553,
      "kda": 3,
      "abandons": 0,
      "rank_tier": 61,
      "is_subscriber": false,
      "cosmetics": [],
      "benchmarks": {
        "gold_per_min": {
          "raw": 838,
          "pct": 0.8695652173913043
        },
        "xp_per_min": {
          "raw": 1116,
          "pct": 1
        },
        "kills_per_min": {
          "raw": 0.4601226993865031,
          "pct": 1
        },
        "last_hits_per_min": {
          "raw": 10.214723926380367,
          "pct": 0.7391304347826086
        },
        "hero_damage_per_min": {
          "raw": 1203.4969325153374,
          "pct": 1
        },
        "hero_healing_per_min": {
          "raw": 0,
          "pct": 1
        },
        "tower_damage": {
          "raw": 12204,
          "pct": 0.6521739130434783
        },
        "stuns_per_min": {
          "raw": 0,
          "pct": 0
        },
        "lhten": {}
      }
    },
    {
      "player_slot": 0,
      "ability_targets": null,
      "ability_upgrades_arr": [
        5182,
        5184,
        -97,
        5184,
        5184,
        -462,
        -2355,
        0,
        5182,
        0,
        0,
        5185,
        5691,
        5691,
        7388,
        5691,
        5185,
        6128
      ],
      "ability_uses": null,
      "actions": null,
      "additional_units": null,
      "assists": 14,
      "backpack_0": 0,
      "backpack_1": 11,
      "backpack_2": 0,
      "backpack_3": null,
      "buyback_log": null,
      "camps_stacked": null,
      "connection_log": null,
      "creeps_stacked": null,
      "damage": null,
      "damage_inflictor": null,
      "damage_inflictor_received": null,
      "damage_taken": null,
      "damage_targets": null,
      "deaths": 2,
      "denies": 9,
      "dn_t": null,
      "firstblood_claimed": null,
      "gold": 2829,
      "gold_per_min": 546,
      "gold_reasons": null,
      "gold_spent": 15475,
      "gold_t": null,
      "hero_damage": 17296,
      "hero_healing": 0,
      "hero_hits": null,
      "hero_id": 41,
      "item_0": 63,
      "item_1": 158,
      "item_2": 116,
      "item_3": 36,
      "item_4": 26,
      "item_5": 65,
      "item_neutral": 376,
      "item_uses": null,
      "kill_streaks": null,
      "killed": null,
      "killed_by": null,
      "kills": 10,
      "kills_log": null,
      "lane_pos": null,
      "last_hits": 170,
      "leaver_status": 0,
      "level": 21,
      "lh_t": null,
      "life_state": null,
      "max_hero_hit": null,
      "multi_kills": null,
      "net_worth": 17629,
      "obs": null,
      "obs_left_log": null,
      "obs_log": null,
      "obs_placed": null,
      "party_id": 1,
      "party_size": 0,
      "performance_others": null,
      "permanent_buffs": [],
      "pings": null,
      "pred_vict": null,
      "purchase": null,
      "purchase_log": null,
      "randomed": null,
      "repicked": null,
      "roshans_killed": null,
      "rune_pickups": null,
      "runes": null,
      "runes_log": null,
      "sen": null,
      "sen_left_log": null,
      "sen_log": null,
      "sen_placed": null,
      "stuns": null,
      "teamfight_participation": null,
      "times": null,
      "tower_damage": 2625,
      "towers_killed": null,
      "xp_per_min": -314,
      "xp_reasons": null,
      "xp_t": null,
      "personaname": "13",
      "name": null,
      "last_login": null,
      "start_time": 0,
      "duration": 1956,
      "cluster": 231,
      "lobby_type": 0,
      "game_mode": 3,
      "is_contributor": false,
      "patch": 51,
      "region": 13,
      "isRadiant": true,
      "total_gold": 17799,
      "total_xp": 2510,
      "kills_per_min": 0.3067484662576687,
      "kda": 4,
      "abandons": 0,
      "rank_tier": 24,
      "is_subscriber": false,
      "cosmetics": [],
      "benchmarks": {
        "gold_per_min": {},
        "xp_per_min": {
          "raw": 0,
          "pct": 0.4666666666666667
        },
        "kills_per_min": {},
        "last_hits_per_min": {
          "raw": 5.214723926380367,
          "pct": 0.13333333333333333
        },
        "hero_damage_per_min": {
          "raw": 530.5521472392638,
          "pct": -0.05779811960375358
        },
        "hero_healing_per_min": {
          "raw": 0,
          "pct": 1
        },
        "tower_damage": {
          "raw": 2625,
          "pct": 0.5
        },
        "stuns_per_min": {
          "raw": 0,
          "pct": 0.03333333333333333
        },
        "lhten": {}
      }
    },
    {
      "player_slot": 3,
      "ability_targets": null,
      "ability_upgrades_arr": [
        5155,
        5154,
        5155,
        5156,
        0,
        5157,
        5154,
        5154,
        5154,
        928,
        1403,
        0,
        5156,
        5156,
        5907,
        5156,
        5157,
        6896
      ],
      "ability_uses": null,
      "actions": null,
      "additional_units": null,
      "assists": 9,
      "backpack_0": 21,
      "backpack_1": 0,
      "backpack_2": 0,
      "backpack_3": null,
      "buyback_log": null,
      "camps_stacked": null,
      "connection_log": null,
      "creeps_stacked": null,
      "damage": null,
      "damage_inflictor": null,
      "damage_inflictor_received": null,
      "damage_taken": null,
      "damage_targets": null,
      "deaths": 5,
      "denies": -9,
      "dn_t": null,
      "firstblood_claimed": null,
      "gold": 1209,
      "gold_per_min": -48,
      "gold_reasons": null,
      "gold_spent": 18075,
      "gold_t": null,
      "hero_damage": 33982,
      "hero_healing": 0,
      "hero_hits": null,
      "hero_id": 35,
      "item_0": 249,
      "item_1": 263,
      "item_2": 63,
      "item_3": 172,
      "item_4": 75,
      "item_5": 75,
      "item_neutral": 0,
      "item_uses": null,
      "kill_streaks": null,
      "killed": null,
      "killed_by": null,
      "kills": 13,
      "kills_log": null,
      "lane_pos": null,
      "last_hits": 208,
      "leaver_status": 0,
      "level": 21,
      "lh_t": null,
      "life_state": null,
      "max_hero_hit": null,
      "multi_kills": null,
      "net_worth": 17594,
      "obs": null,
      "obs_left_log": null,
      "obs_log": null,
      "obs_placed": null,
      "party_id": 1,
      "party_size": 2,
      "performance_others": null,
      "permanent_buffs": [
        {
          "permanent_buff": 6,
          "stack_count": 1,
          "grant_time": 1007
        }
      ],
      "pings": null,
      "pred_vict": null,
      "purchase": null,
      "purchase_log": null,
      "randomed": null,
      "repicked": null,
      "roshans_killed": null,
      "rune_pickups": null,
      "runes": null,
      "runes_log": null,
      "sen": null,
      "sen_left_log": null,
      "sen_log": null,
      "sen_placed": null,
      "stuns": null,
      "teamfight_participation": null,
      "times": null,
      "tower_damage": 6316,
      "towers_killed": null,
      "xp_per_min": 782,
      "xp_reasons": null,
      "xp_t": null,
      "personaname": "虎墩墩",
      "name": null,
      "last_login": null,
      "start_time": 1669912935,
      "duration": 1956,
      "cluster": 231,
      "lobby_type": 0,
      "game_mode": 3,
      "is_contributor": false,
      "patch": 51,
      "region": 13,
      "isRadiant": true,
      "total_gold": 19364,
      "total_xp": 11708,
      "kills_per_min": 0.3987730061349693,
      "kda": 0,
      "abandons": 0,
      "rank_tier": 41,
      "is_subscriber": false,
      "cosmetics": [],
      "benchmarks": {
        "gold_per_min": {
          "raw": 594,
          "pct": 0.37037037037037035
        },
        "xp_per_min": {},
        "kills_per_min": {},
        "last_hits_per_min": {
          "raw": 6.38036809815951,
          "pct": 0.25925925925925924
        },
        "hero_damage_per_min": {
          "raw": 1042.3926380368098,
          "pct": 0.5925925925925926
        },
        "hero_healing_per_min": {
          "raw": 0,
          "pct": 0.9629629629629629
        },
        "tower_damage": {
          "raw": 6316,
          "pct": 0.5555555555555556
        },
        "stuns_per_min": {
          "raw": 0,
          "pct": 0.1111111111111111
        },
        "lhten": {}
      }
    },
    {
      "player_slot": 4,
      "ability_targets": null,
      "ability_upgrades_arr": [
        6488,
        6480,
        6483,
        6488,
        6480,
        6482,
        6488,
        6488,
        6480,
        0,
        6480,
        6482,
        6483,
        6483,
        1262
      ],
      "ability_uses": null,
      "actions": null,
      "additional_units": null,
      "assists": 13,
      "backpack_0": 0,
      "backpack_1": 0,
      "backpack_2": 0,
      "backpack_3": null,
      "buyback_log": null,
      "camps_stacked": null,
      "connection_log": null,
      "creeps_stacked": null,
      "damage": null,
      "damage_inflictor": null,
      "damage_inflictor_received": null,
      "damage_taken": null,
      "damage_targets": null,
      "deaths": 6,
      "denies": 2,
      "dn_t": null,
      "firstblood_claimed": null,
      "gold": 1985,
      "gold_per_min": 323,
      "gold_reasons": null,
      "gold_spent": 2828,
      "gold_t": null,
      "hero_damage": 12219,
      "hero_healing": 195,
      "hero_hits": null,
      "hero_id": 0,
      "item_0": 166,
      "item_1": 149,
      "item_2": 0,
      "item_3": 13,
      "item_4": 50,
      "item_5": 0,
      "item_neutral": 573,
      "item_uses": null,
      "kill_streaks": null,
      "killed": null,
      "killed_by": null,
      "kills": 0,
      "kills_log": null,
      "lane_pos": null,
      "last_hits": 95,
      "leaver_status": 0,
      "level": 15,
      "lh_t": null,
      "life_state": null,
      "max_hero_hit": null,
      "multi_kills": null,
      "net_worth": 9775,
      "obs": null,
      "obs_left_log": null,
      "obs_log": null,
      "obs_placed": null,
      "party_id": 2,
      "party_size": 1,
      "performance_others": null,
      "permanent_buffs": [
        {},
        {
          "permanent_buff": 12,
          "stack_count": 0,
          "grant_time": 1811
        }
      ],
      "pings": null,
      "pred_vict": null,
      "purchase": null,
      "purchase_log": null,
      "randomed": null,
      "repicked": null,
      "roshans_killed": null,
      "rune_pickups": null,
      "runes": null,
      "runes_log": null,
      "sen": null,
      "sen_left_log": null,
      "sen_log": null,
      "sen_placed": null,
      "stuns": null,
      "teamfight_participation": null,
      "times": null,
      "tower_damage": 2946,
      "towers_killed": null,
      "xp_per_min": 385,
      "xp_reasons": null,
      "xp_t": null,
      "personaname": "六点十八",
      "name": null,
      "last_login": null,
      "start_time": 1669912935,
      "duration": 1956,
      "cluster": 0,
      "lobby_type": 0,
      "game_mode": 3,
      "is_contributor": false,
      "patch": 51,
      "region": 13,
      "isRadiant": true,
      "total_gold": 9268,
      "total_xp": 911,
      "kills_per_min": 0.03067484662576687,
      "kda": 0,
      "abandons": 0,
      "rank_tier": 0,
      "is_subscriber": false,
      "cosmetics": [],
      "benchmarks": {
        "gold_per_min": {
          "raw": 323,
          "pct": 0.3023255813953488
        },
        "xp_per_min": {
          "raw": 385,
          "pct": 0.26744186046511625
        },
        "kills_per_min": {},
        "last_hits_per_min": {},
        "hero_damage_per_min": {
          "raw": 374.8159509202454,
          "pct": 0.3488372093023256
        },
        "hero_healing_per_min": {
          "raw": 5.9815950920245395,
          "pct": 0.3023255813953488
        },
        "tower_damage": {
          "raw": 2946,
          "pct": 0.9069767441860465
        },
        "stuns_per_min": {
          "raw": 0,
          "pct": 0
        },
        "lhten": {}
      }
    },
    {
      "player_slot": 128,
      "ability_targets": null,
      "ability_upgrades_arr": [
        5138,
        5140,
        5138,
        5140,
        5138,
        5141,
        0,
        5140,
        5140,
        417,
        0,
        5141,
        5139
      ],
      "ability_uses": null,
      "actions": null,
      "additional_units": null,
      "assists": 9,
      "backpack_0": 0,
      "backpack_1": 0,
      "backpack_2": 0,
      "backpack_3": null,
      "buyback_log": null,
      "camps_stacked": null,
      "connection_log": null,
      "creeps_stacked": null,
      "damage": null,
      "damage_inflictor": null,
      "damage_inflictor_received": null,
      "damage_taken": null,
      "damage_targets": null,
      "deaths": 12,
      "denies": 2,
      "dn_t": null,
      "firstblood_claimed": null,
      "gold": 346,
      "gold_per_min": 225,
      "gold_reasons": null,
      "gold_spent": 6740,
      "gold_t": null,
      "hero_damage": 14283,
      "hero_healing": 72,
      "hero_hits": null,
      "hero_id": 30,
      "item_0": 0,
      "item_1": 4,
      "item_2": 232,
      "item_3": 20,
      "item_4": 36,
      "item_5": 0,
      "item_neutral": 990,
      "item_uses": null,
      "kill_streaks": null,
      "killed": null,
      "killed_by": null,
      "kills": 0,
      "kills_log": null,
      "lane_pos": null,
      "last_hits": 55,
      "leaver_status": 0,
      "level": 13,
      "lh_t": null,
      "life_state": null,
      "max_hero_hit": null,
      "multi_kills": null,
      "net_worth": 6651,
      "obs": null,
      "obs_left_log": null,
      "obs_log": null,
      "obs_placed": null,
      "party_id": 3,
      "party_size": 0,
      "performance_others": null,
      "permanent_buffs": [],
      "pings": null,
      "pred_vict": null,
      "purchase": null,
      "purchase_log": null,
      "randomed": null,
      "repicked": null,
      "roshans_killed": null,
      "rune_pickups": null,
      "runes": null,
      "runes_log": null,
      "sen": null,
      "sen_left_log": null,
      "sen_log": null,
      "sen_placed": null,
      "stuns": null,
      "teamfight_participation": null,
      "times": null,
      "tower_damage": -11,
      "towers_killed": null,
      "xp_per_min": 306,
      "xp_reasons": null,
      "xp_t": null,
      "start_time": 1669912935,
      "duration": 1956,
      "cluster": 231,
      "lobby_type": 0,
      "game_mode": 0,
      "is_contributor": false,
      "patch": 51,
      "region": 13,
      "isRadiant": false,
      "total_gold": 703,
      "total_xp": 9975,
      "kda": 0,
      "abandons": 0,
      "rank_tier": null,
      "is_subscriber": false,
      "cosmetics": [],
      "benchmarks": {}
    },
    {
      "player_slot": 129,
      "ability_targets": null,
      "ability_upgrades_arr": [
        5028,
        5027,
        5028,
        5029,
        5028,
        5030,
        5028,
        5029,
        5029,
        5029,
        5027,
        5030,
        5027,
        5027,
        5921,
        7394,
        5030
      ],
      "ability_uses": null,
      "actions": null,
      "additional_units": null,
      "assists": 6,
      "backpack_0": 0,
      "backpack_1": 0,
      "backpack_2": 0,
      "backpack_3": null,
      "buyback_log": null,
      "camps_stacked": null,
      "connection_log": null,
      "creeps_stacked": null,
      "damage": null,
      "damage_inflictor": null,
      "damage_inflictor_received": null,
      "damage_taken": null,
      "damage_targets": null,
      "deaths": 6,
      "denies": 7,
      "dn_t": null,
      "firstblood_claimed": null,
      "gold": 1010,
      "gold_per_min": 436,
      "gold_reasons": null,
      "gold_spent": 12635,
      "gold_t": null,
      "hero_damage": 14804,
      "hero_healing": 6159,
      "hero_hits": null,
      "hero_id": -3,
      "item_0": 166,
      "item_1": 147,
      "item_2": 50,
      "item_3": 143,
      "item_4": 0,
      "item_5": 0,
      "item_neutral": 828,
      "item_uses": null,
      "kill_streaks": null,
      "killed": null,
      "killed_by": null,
      "kills": 4,
      "kills_log": null,
      "lane_pos": null,
      "last_hits": 227,
      "leaver_status": 0,
      "level": 19,
      "lh_t": null,
      "life_state": null,
      "max_hero_hit": null,
      "multi_kills": null,
      "net_worth": 13190,
      "obs": null,
      "obs_left_log": null,
      "obs_log": null,
      "obs_placed": null,
      "party_id": 0,
      "party_size": 0,
      "performance_others": null,
      "permanent_buffs": [
        {
          "permanent_buff": 6,
          "stack_count": 0,
          "grant_time": 1460
        }
      ],
      "pings": null,
      "pred_vict": null,
      "purchase": null,
      "purchase_log": null,
      "randomed": null,
      "repicked": null,
      "roshans_killed": null,
      "rune_pickups": null,
      "runes": null,
      "runes_log": null,
      "sen": null,
      "sen_left_log": null,
      "sen_log": null,
      "sen_placed": null,
      "stuns": null,
      "teamfight_participation": null,
      "times": null,
      "tower_damage": 358,
      "towers_killed": null,
      "xp_per_min": 650,
      "xp_reasons": null,
      "xp_t": null,
      "start_time": 1669912935,
      "duration": 1956,
      "cluster": 231,
      "lobby_type": 0,
      "game_mode": 0,
      "is_contributor": false,
      "patch": 0,
      "region": 13,
      "isRadiant": false,
      "total_gold": 1608,
      "total_xp": 21190,
      "kills_per_min": 0.12269938650306748,
      "kda": 1,
      "abandons": 0,
      "rank_tier": null,
      "is_subscriber": false,
      "cosmetics": [],
      "benchmarks": {
        "gold_per_min": {
          "raw": 436,
          "pct": -0.03918424599420752
        },
        "xp_per_min": {
          "raw": 650,
          "pct": 0.24242424242424243
        },
        "kills_per_min": {
          "raw": 0.1226993865030675,
          "pct": 0.12121212121212122
        },
        "last_hits_per_min": {
          "raw": 6.96319018404908,
          "pct": 0.3333333333333333
        },
        "hero_damage_per_min": {
          "raw": 454.11042944785277,
          "pct": 0.12121212121212122
        },
        "hero_healing_per_min": {
          "raw": 188.92638036809817,
          "pct": 0.6666666666666666
        },
        "tower_damage": {
          "raw": 358,
          "pct": 0.15151515151515152
        },
        "stuns_per_min": {},
        "lhten": {}
      }
    },
    {
      "player_slot": 130,
      "ability_targets": null,
      "ability_upgrades_arr": [
        5581,
        5582,
        5581,
        5583,
        5581,
        5584,
        5581,
        5582,
        5583,
        5925,
        5582,
        5584,
        5582,
        -1478,
        6884,
        5583,
        5584
      ],
      "ability_uses": null,
      "actions": null,
      "additional_units": null,
      "assists": 0,
      "backpack_0": 0,
      "backpack_1": 0,
      "backpack_2": 0,
      "backpack_3": null,
      "buyback_log": null,
      "camps_stacked": null,
      "connection_log": null,
      "creeps_stacked": null,
      "damage": null,
      "damage_inflictor": null,
      "damage_inflictor_received": null,
      "damage_taken": null,
      "damage_targets": null,
      "deaths": 10,
      "denies": 2,
      "dn_t": null,
      "firstblood_claimed": null,
      "gold": -364,
      "gold_per_min": 430,
      "gold_reasons": null,
      "gold_spent": 0,
      "gold_t": null,
      "hero_damage": 30641,
      "hero_healing": 0,
      "hero_hits": null,
      "hero_id": 101,
      "item_0": 41,
      "item_1": 206,
      "item_2": 259,
      "item_3": 180,
      "item_4": 0,
      "item_5": 0,
      "item_neutral": 589,
      "item_uses": null,
      "kill_streaks": null,
      "killed": null,
      "killed_by": null,
      "kills": 13,
      "kills_log": null,
      "lane_pos": null,
      "last_hits": 60,
      "leaver_status": 0,
      "level": 18,
      "lh_t": null,
      "life_state": null,
      "max_hero_hit": null,
      "multi_kills": null,
      "net_worth": 12864,
      "obs": null,
      "obs_left_log": null,
      "obs_log": null,
      "obs_placed": null,
      "party_id": 5,
      "party_size": 3,
      "performance_others": null,
      "permanent_buffs": [],
      "pings": null,
      "pred_vict": null,
      "purchase": null,
      "purchase_log": null,
      "randomed": null,
      "repicked": null,
      "roshans_killed": null,
      "rune_pickups": null,
      "runes": null,
      "runes_log": null,
      "sen": null,
      "sen_left_log": null,
      "sen_log": null,
      "sen_placed": null,
      "stuns": null,
      "teamfight_participation": null,
      "times": null,
      "tower_damage": 0,
      "towers_killed": null,
      "xp_per_min": 539,
      "xp_reasons": null,
      "xp_t": null,
      "start_time": 0,
      "duration": 0,
      "cluster": 231,
      "lobby_type": 0,
      "game_mode": 3,
      "is_contributor": false,
      "patch": 51,
      "region": 13,
      "isRadiant": false,
      "total_gold": 14018,
      "total_xp": 17571,
      "kills_per_min": 0.3987730061349693,
      "kda": 0,
      "abandons": 0,
      "rank_tier": null,
      "is_subscriber": false,
      "cosmetics": [],
      "benchmarks": {
        "gold_per_min": {
          "raw": 430,
          "pct": 1
        },
        "xp_per_min": {
          "raw": 63,
          "pct": 0.7878787878787878
        },
        "kills_per_min": {
          "raw": 0.39877300613496935,
          "pct": 1
        },
        "last_hits_per_min": {
          "raw": 3.957055214723926,
          "pct": 1
        },
        "hero_damage_per_min": {
          "raw": -61.1681845440255,
          "pct": 0.9696969696969697
        },
        "hero_healing_per_min": {
          "raw": 0,
          "pct": 0.8787878787878788
        },
        "tower_damage": {
          "raw": 0,
          "pct": 0.36363636363636365
        },
        "stuns_per_min": {
          "raw": 0,
          "pct": 0.5757575757575758
        },
        "lhten": {}
      }
    },
    {
      "player_slot": 131,
      "ability_targets": null,
      "ability_upgrades_arr": [],
      "ability_uses": null,
      "actions": null,
      "additional_units": null,
      "assists": 7,
      "backpack_0": 0,
      "backpack_1": 0,
      "backpack_2": 0,
      "backpack_3": null,
      "buyback_log": null,
      "camps_stacked": null,
      "connection_log": null,
      "creeps_stacked": null,
      "damage": null,
      "damage_inflictor": null,
      "damage_inflictor_received": null,
      "damage_taken": null,
      "damage_targets": null,
      "deaths": 11,
      "denies": 18,
      "dn_t": null,
      "firstblood_claimed": null,
      "gold": 311,
      "gold_per_min": 222,
      "gold_reasons": null,
      "gold_spent": 6675,
      "gold_t": null,
      "hero_damage": 12656,
      "hero_healing": 0,
      "hero_hits": null,
      "hero_id": 63,
      "item_0": 267,
      "item_1": 29,
      "item_2": 36,
      "item_3": 21,
      "item_4": 60,
      "item_5": 0,
      "item_neutral": 288,
      "item_uses": null,
      "kill_streaks": null,
      "killed": null,
      "killed_by": null,
      "kills": 1,
      "kills_log": null,
      "lane_pos": null,
      "last_hits": 5,
      "leaver_status": 0,
      "level": 13,
      "lh_t": null,
      "life_state": null,
      "max_hero_hit": null,
      "multi_kills": null,
      "net_worth": 6441,
      "obs": null,
      "obs_left_log": null,
      "obs_log": null,
      "obs_placed": null,
      "party_id": 5,
      "party_size": 3,
      "performance_others": null,
      "permanent_buffs": [
        {
          "permanent_buff": 6,
          "stack_count": 1,
          "grant_time": 929
        }
      ],
      "pings": null,
      "pred_vict": null,
      "purchase": null,
      "purchase_log": null,
      "randomed": null,
      "repicked": null,
      "roshans_killed": null,
      "rune_pickups": null,
      "runes": null,
      "runes_log": null,
      "sen": null,
      "sen_left_log": null,
      "sen_log": null,
      "sen_placed": null,
      "stuns": null,
      "teamfight_participation": null,
      "times": null,
      "tower_damage": 129,
      "towers_killed": null,
      "xp_per_min": 304,
      "xp_reasons": null,
      "xp_t": null,
      "personaname": "好名字",
      "name": null,
      "last_login": null,
      "start_time": 1669912935,
      "duration": 0,
      "cluster": 231,
      "lobby_type": 0,
      "game_mode": 3,
      "is_contributor": false,
      "patch": 51,
      "region": 13,
      "isRadiant": false,
      "total_gold": 2184,
      "total_xp": 9910,
      "kills_per_min": 0.03067484662576687,
      "kda": 0,
      "abandons": 0,
      "rank_tier": 2,
      "is_subscriber": false,
      "cosmetics": [],
      "benchmarks": {
        "gold_per_min": {
          "raw": 222,
          "pct": 0.06666666666666667
        },
        "xp_per_min": {
          "raw": 304,
          "pct": 0.06666666666666667
        },
        "kills_per_min": {
          "raw": 0.0031821353476115502,
          "pct": 0.06666666666666667
        },
        "last_hits_per_min": {
          "raw": 2.1779141104294477,
          "pct": 0.13333333333333333
        },
        "hero_damage_per_min": {
          "raw": 388.2208588957055,
          "pct": 0.2
        },
        "hero_healing_per_min": {
          "raw": 0,
          "pct": 0.9333333333333333
        },
        "tower_damage": {
          "raw": 129,
          "pct": 0.06666666666666667
        },
        "stuns_per_min": {
          "raw": 0,
          "pct": 0.5333333333333333
        },
        "lhten": {}
      }
    },
    {
      "player_slot": 132,
      "ability_targets": null,
      "ability_upgrades_arr": [
        5586,
        5587,
        5586,
        0,
        5585,
        5588,
        5586,
        5586,
        5585,
        5982,
        5587,
        5588,
        5587,
        5585,
        0,
        6142
      ],
      "ability_uses": null,
      "actions": null,
      "additional_units": null,
      "assists": 6,
      "backpack_0": 0,
      "backpack_1": 0,
      "backpack_2": 0,
      "backpack_3": null,
      "buyback_log": null,
      "camps_stacked": null,
      "connection_log": null,
      "creeps_stacked": null,
      "damage": null,
      "damage_inflictor": null,
      "damage_inflictor_received": null,
      "damage_taken": null,
      "damage_targets": null,
      "deaths": 8,
      "denies": 12,
      "dn_t": null,
      "firstblood_claimed": null,
      "gold": 0,
      "gold_per_min": 332,
      "gold_reasons": null,
      "gold_spent": 9270,
      "gold_t": null,
      "hero_damage": 13565,
      "hero_healing": 270,
      "hero_hits": null,
      "hero_id": 0,
      "item_0": 125,
      "item_1": 0,
      "item_2": 252,
      "item_3": 50,
      "item_4": 0,
      "item_5": -6,
      "item_neutral": 358,
      "item_uses": null,
      "kill_streaks": null,
      "killed": null,
      "killed_by": null,
      "kills": 2,
      "kills_log": null,
      "lane_pos": null,
      "last_hits": 170,
      "leaver_status": 0,
      "level": 0,
      "lh_t": null,
      "life_state": null,
      "max_hero_hit": null,
      "multi_kills": null,
      "net_worth": 9948,
      "obs": null,
      "obs_left_log": null,
      "obs_log": null,
      "obs_placed": null,
      "party_id": 5,
      "party_size": 3,
      "performance_others": null,
      "permanent_buffs": [],
      "pings": null,
      "pred_vict": null,
      "purchase": null,
      "purchase_log": null,
      "randomed": null,
      "repicked": null,
      "roshans_killed": null,
      "rune_pickups": null,
      "runes": null,
      "runes_log": null,
      "sen": null,
      "sen_left_log": null,
      "sen_log": null,
      "sen_placed": null,
      "stuns": null,
      "teamfight_participation": null,
      "times": null,
      "tower_damage": 296,
      "towers_killed": null,
      "xp_per_min": 488,
      "xp_reasons": null,
      "xp_t": null,
      "personaname": "菜狗子们来了",
      "name": null,
      "last_login": null,
      "start_time": 1669912935,
      "duration": 0,
      "cluster": 231,
      "lobby_type": 0,
      "game_mode": 3,
      "is_contributor": false,
      "patch": 51,
      "region": 2,
      "isRadiant": false,
      "total_gold": 10823,
      "total_xp": 3549,
      "kills_per_min": 0.06134969325153374,
      "kda": 0,
      "abandons": 0,
      "rank_tier": 23,
      "is_subscriber": false,
      "cosmetics": [],
      "benchmarks": {
        "gold_per_min": {
          "raw": 332,
          "pct": 0.17307692307692307
        },
        "xp_per_min": {},
        "kills_per_min": {
          "raw": 0.06134969325153375,
          "pct": 0.25
        },
        "last_hits_per_min": {
          "raw": 0.355189399554946,
          "pct": 0.25
        },
        "hero_damage_per_min": {
          "raw": 416.1042944785276,
          "pct": 0.049226672413921625
        },
        "hero_healing_per_min": {},
        "tower_damage": {
          "raw": 296,
          "pct": 0.21153846153846154
        },
        "stuns_per_min": {
          "raw": 0,
          "pct": 0.6153846153846154
        },
        "lhten": {}
      }
    }
  ],
  "patch": 51,
  "region": 13
}