{
  "chat": null,
  "cluster": 0,
  "cosmetics": null,
  "dire_score": 27,
  "dire_team_id": null,
  "draft_timings": null,
  "duration": -156,
  "engine": 1,
  "first_blood_time": -4,
  "game_mode": 22,
  "human_players": 10,
  "leagueid": 0,
  "lobby_type": 1,
  "match_seq_num": 5780321914,
  "negative_votes": 0,
  "objectives": null,
  "picks_bans": [
    {
      "is_pick": true,
      "hero_id": 104,
      "team": 0,
      "order": 0
    },
    {
      "is_pick": true,
      "hero_id": -4,
      "team": 0,
      "order": 0
    },
    {
      "is_pick": true,
      "hero_id": 40,
      "team": 1,
      "order": 2
    },
    {
      "is_pick": true,
      "hero_id": 2,
      "team": 0,
      "order": 3
    },
    {
      "is_pick": true,
      "hero_id": 93,
      "team": 0,
      "order": 4
    },
    {
      "is_pick": true,
      "hero_id": 71,
      "team": 0,
      "order": 5
    },
    {
      "is_pick": true,
      "hero_id": 0,
      "team": 1,
      "order": 6
    },
    {
      "is_pick": true,
      "hero_id": 0,
      "team": 0,
      "order": 7
    },
    {
      "is_pick": true,
      "hero_id": 36,
      "team": 0,
      "order": 8
    },
    {
      "is_pick": true,
      "hero_id": 92,
      "team": 0,
      "order": 9
    },
    {
      "is_pick": false,
      "hero_id": 35,
      "team": 0,
      "order": 10
    },
    {
      "is_pick": false,
      "hero_id": 34,
      "team": 0,
      "order": -3
    },
    {
      "is_pick": false,
      "hero_id": 76,
      "team": 0,
      "order": 12
    },
    {
      "is_pick": false,
      "hero_id": 73,
      "team": 0,
      "order": 13
    }
  ],
  "positive_votes": 0,
  "radiant_gold_adv": null,
  "radiant_score": 13,
  "radiant_team_id": null,
  "radiant_xp_adv": null,
  "skill": null,
  "start_time": 1669911470,
  "teamfights": null,
  "version": null,
  "replay_salt": 0,
  "series_id": 0,
  "series_type": 0,
  "players": [
    {
      "player_slot": 0,
      "ability_targets": null,
      "ability_upgrades_arr": [
        5480,
        5481,
        5482,
        5482,
        5482,
        5483,
        5482
      ],
      "ability_uses": null,
      "actions": null,
      "additional_units": null,
      "assists": 0,
      "backpack_0": 0,
      "backpack_1": 0,
      "backpack_2": 0,
      "backpack_3": null,
      "buyback_log": null,
      "camps_stacked": null,
      "connection_log": null,
      "creeps_stacked": null,
      "damage": null,
      "damage_inflictor": null,
      "damage_inflictor_received": null,
      "damage_taken": null,
      "damage_targets": null,
      "deaths": 6,
      "denies": 5,
      "dn_t": null,
      "firstblood_claimed": null,
      "gold": 5448,
      "gold_per_min": 410,
      "gold_reasons": null,
      "gold_spent": 3215,
      "gold_t": null,
      "hero_damage": 4997,
      "hero_healing": 0,
      "hero_hits": null,
      "hero_id": 92,
      "item_0": 81,
      "item_1": 36,
      "item_2": 20,
      "item_3": 0,
      "item_4": 0,
      "item_5": 0,
      "item_neutral": 0,
      "item_uses": null,
      "kill_streaks": null,
      "killed": null,
      "killed_by": null,
      "kills": 1,
      "kills_log": null,
      "lane_pos": null,
      "last_hits": 33,
      "leaver_status": 4,
      "level": 0,
      "lh_t": null,
      "life_state": null,
      "max_hero_hit": null,
      "multi_kills": null,
      "net_worth": 4278,
      "obs": null,
      "obs_left_log": null,
      "obs_log": null,
      "obs_placed": null,
      "party_id": 0,
      "party_size": 1,
      "performance_others": null,
      "permanent_buffs": [],
      "pings": null,
      "pred_vict": null,
      "purchase": null,
      "purchase_log": null,
      "randomed": null,
      "repicked": null,
      "roshans_killed": null,
      "rune_pickups": null,
      "runes": null,
      "runes_log": null,
      "sen": null,
      "sen_left_log": null,
      "sen_log": null,
      "sen_placed": null,
      "stuns": null,
      "teamfight_participation": null,
      "times": null,
      "tower_damage": 36,
      "towers_killed": null,
      "xp_per_min": 184,
      "xp_reasons": null,
      "xp_t": null,
      "start_time": 1669911470,
      "duration": 0,
      "cluster": 251,
      "lobby_type": 7,
      "game_mode": 22,
      "is_contributor": false,
      "patch": 51,
      "region": 15,
      "isRadiant": true,
      "total_gold": 9525,
      "total_xp": 2817,
      "kills_per_min": 0.0430416068866571,
      "kda": 0,
      "abandons": 1,
      "rank_tier": null,
      "is_subscriber": false,
      "cosmetics": [],
      "benchmarks": {
        "gold_per_min": {
          "raw": -112,
          "pct": 0.5
        },
        "xp_per_min": {},
        "kills_per_min": {
          "raw": 0.043041606886657105,
          "pct": 0.25
        },
        "last_hits_per_min": {
          "raw": 1.4203730272596844,
          "pct": 0
        },
        "hero_damage_per_min": {},
        "hero_healing_per_min": {
          "raw": 1.4203730272596844,
          "pct": 0
        },
        "tower_damage": {
          "raw": 36,
          "pct": 0
        },
        "stuns_per_min": {
          "raw": 0,
          "pct": 0
        },
        "lhten": {}
      }
    },
    {
      "player_slot": 0,
      "ability_targets": null,
      "ability_upgrades_arr": [
        0,
        5191,
        5190,
        5191,
        5190,
        0,
        0,
        5190,
        5191,
        5191,
        559,
        5193
      ],
      "ability_uses": null,
      "actions": null,
      "additional_units": null,
      "assists": 2,
      "backpack_0": 0,
      "backpack_1": 0,
      "backpack_2": 0,
      "backpack_3": null,
      "buyback_log": null,
      "camps_stacked": null,
      "connection_log": null,
      "creeps_stacked": null,
      "damage": null,
      "damage_inflictor": null,
      "damage_inflictor_received": null,
      "damage_taken": null,
      "damage_targets": null,
      "deaths": -1,
      "denies": 21,
      "dn_t": null,
      "firstblood_claimed": null,
      "gold": 1,
      "gold_per_min": 518,
      "gold_reasons": null,
      "gold_spent": 11000,
      "gold_t": null,
      "hero_damage": 0,
      "hero_healing": 0,
      "hero_hits": null,
      "hero_id": -15,
      "item_0": 0,
      "item_1": 0,
      "item_2": 0,
      "item_3": 0,
      "item_4": 0,
      "item_5": 0,
      "item_neutral": 306,
      "item_uses": null,
      "kill_streaks": null,
      "killed": null,
      "killed_by": null,
      "kills": 7,
      "kills_log": null,
      "lane_pos": null,
      "last_hits": 126,
      "leaver_status": 1,
      "level": 0,
      "lh_t": null,
      "life_state": null,
      "max_hero_hit": null,
      "multi_kills": null,
      "net_worth": -4,
      "obs": null,
      "obs_left_log": null,
      "obs_log": null,
      "obs_placed": null,
      "party_id": 1,
      "party_size": 1,
      "performance_others": null,
      "permanent_buffs": [],
      "pings": null,
      "pred_vict": null,
      "purchase": null,
      "purchase_log": null,
      "randomed": null,
      "repicked": null,
      "roshans_killed": null,
      "rune_pickups": null,
      "runes": null,
      "runes_log": null,
      "sen": null,
      "sen_left_log": null,
      "sen_log": null,
      "sen_placed": null,
      "stuns": null,
      "teamfight_participation": null,
      "times": null,
      "tower_damage": 0,
      "towers_killed": null,
      "xp_per_min": 414,
      "xp_reasons": null,
      "xp_t": null,
      "start_time": 1669911470,
      "duration": -395,
      "cluster": 40,
      "lobby_type": 0,
      "game_mode": 22,
      "is_contributor": false,
      "patch": 51,
      "region": 0,
      "isRadiant": true,
      "total_gold": 1480,
      "total_xp": 9618,
      "kills_per_min": 0.3012912482065997,
      "kda": 1,
      "abandons": 0,
      "rank_tier": null,
      "is_subscriber": false,
      "cosmetics": [],
      "benchmarks": {
        "gold_per_min": {
          "raw": 518,
          "pct": 0.3333333333333333
        },
        "xp_per_min": {
          "raw": 414,
          "pct": 0.07407407407407407
        },
        "kills_per_min": {
          "raw": -0.13242516690714268,
          "pct": 0.5555555555555556
        },
        "last_hits_per_min": {
          "raw": 5.423242467718795,
          "pct": 0.2222222222222222
        },
        "hero_damage_per_min": {
          "raw": 303.05595408895266,
          "pct": 0.07407407407407407
        },
        "hero_healing_per_min": {},
        "tower_damage": {
          "raw": 0,
          "pct": 0.2222222222222222
        },
        "stuns_per_min": {
          "raw": 0,
          "pct": 0.4074074074074074
        },
        "lhten": {}
      }
    },
    {
      "player_slot": 2,
      "ability_targets": null,
      "ability_upgrades_arr": [
        -241,
        5131,
        0,
        5131,
        5131,
        5130,
        5131,
        5130,
        0,
        5132,
        394,
        5132
      ],
      "ability_uses": null,
      "actions": null,
      "additional_units": null,
      "assists": 0,
      "backpack_0": 2,
      "backpack_1": 188,
      "backpack_2": 0,
      "backpack_3": null,
      "buyback_log": null,
      "camps_stacked": null,
      "connection_log": null,
      "creeps_stacked": null,
      "damage": null,
      "damage_inflictor": null,
      "damage_inflictor_received": null,
      "damage_taken": null,
      "damage_targets": null,
      "deaths": 5,
      "denies": 4,
      "dn_t": null,
      "firstblood_claimed": null,
      "gold": 686,
      "gold_per_min": 481,
      "gold_reasons": null,
      "gold_spent": 11350,
      "gold_t": null,
      "hero_damage": 13374,
      "hero_healing": 0,
      "hero_hits": null,
      "hero_id": 21,
      "item_0": 149,
      "item_1": 36,
      "item_2": 1,
      "item_3": 39,
      "item_4": -54,
      "item_5": 42,
      "item_neutral": 1077,
      "item_uses": null,
      "kill_streaks": null,
      "killed": null,
      "killed_by": null,
      "kills": 0,
      "kills_log": null,
      "lane_pos": null,
      "last_hits": 0,
      "leaver_status": 0,
      "level": 12,
      "lh_t": null,
      "life_state": null,
      "max_hero_hit": null,
      "multi_kills": null,
      "net_worth": 9636,
      "obs": null,
      "obs_left_log": null,
      "obs_log": null,
      "obs_placed": null,
      "party_id": 0,
      "party_size": 1,
      "performance_others": null,
      "permanent_buffs": [
        {
          "permanent_buff": 6,
          "stack_count": 0,
          "grant_time": 1507
        },
        {
          "permanent_buff": 0,
          "stack_count": 0,
          "grant_time": 0
        }
      ],
      "pings": null,
      "pred_vict": null,
      "purchase": null,
      "purchase_log": null,
      "randomed": null,
      "repicked": null,
      "roshans_killed": null,
      "rune_pickups": null,
      "runes": null,
      "runes_log": null,
      "sen": null,
      "sen_left_log": null,
      "sen_log": null,
      "sen_placed": null,
      "stuns": null,
      "teamfight_participation": null,
      "times": null,
      "tower_damage": 0,
      "towers_killed": null,
      "xp_per_min": 375,
      "xp_reasons": null,
      "xp_t": null,
      "start_time": 1669911470,
      "duration": 1394,
      "cluster": 251,
      "lobby_type": 7,
      "game_mode": 22,
      "is_contributor": false,
      "patch": 51,
      "region": 0,
      "isRadiant": true,
      "total_gold": 11175,
      "total_xp": 6655,
      "kda": 1,
      "abandons": 0,
      "rank_tier": null,
      "is_subscriber": false,
      "cosmetics": [],
      "benchmarks": {
        "gold_per_min": {},
        "xp_per_min": {
          "raw": 375,
          "pct": 0.025
        },
        "kills_per_min": {
          "raw": 0,
          "pct": 0
        },
        "last_hits_per_min": {
          "raw": 1.9368723098995695,
          "pct": 0.045134160884806485
        },
        "hero_damage_per_min": {
          "raw": 575.6384505021521,
          "pct": -0.10751385183796205
        },
        "hero_healing_per_min": {
          "raw": 0,
          "pct": 0.825
        },
        "tower_damage": {
          "raw": 0,
          "pct": 0.05
        },
        "stuns_per_min": {
          "raw": 0,
          "pct": 0
        },
        "lhten": {}
      }
    },
    {
      "player_slot": 3,
      "ability_targets": null,
      "ability_upgrades_arr": [
        5355,
        5353,
        -2640,
        5353,
        5355,
        5356,
        5353,
        5353,
        5355,
        7022
      ],
      "ability_uses": null,
      "actions": null,
      "additional_units": null,
      "assists": 5,
      "backpack_0": 0,
      "backpack_1": 0,
      "backpack_2": 0,
      "backpack_3": null,
      "buyback_log": null,
      "camps_stacked": null,
      "connection_log": null,
      "creeps_stacked": null,
      "damage": null,
      "damage_inflictor": null,
      "damage_inflictor_received": null,
      "damage_taken": null,
      "damage_targets": null,
      "deaths": 8,
      "denies": 2,
      "dn_t": null,
      "firstblood_claimed": null,
      "gold": 1,
      "gold_per_min": 41,
      "gold_reasons": null,
      "gold_spent": -5,
      "gold_t": null,
      "hero_damage": 6239,
      "hero_healing": 0,
      "hero_hits": null,
      "hero_id": 71,
      "item_0": 36,
      "item_1": 13,
      "item_2": 92,
      "item_3": 16,
      "item_4": 50,
      "item_5": 61,
      "item_neutral": 947,
      "item_uses": null,
      "kill_streaks": null,
      "killed": null,
      "killed_by": null,
      "kills": 0,
      "kills_log": null,
      "lane_pos": null,
      "last_hits": 42,
      "leaver_status": 1,
      "level": 10,
      "lh_t": null,
      "life_state": null,
      "max_hero_hit": null,
      "multi_kills": null,
      "net_worth": 4121,
      "obs": null,
      "obs_left_log": null,
      "obs_log": null,
      "obs_placed": null,
      "party_id": 3,
      "party_size": 1,
      "performance_others": null,
      "permanent_buffs": [
        {
          "permanent_buff": 6,
          "stack_count": 1,
          "grant_time": 859
        }
      ],
      "pings": null,
      "pred_vict": null,
      "purchase": null,
      "purchase_log": null,
      "randomed": null,
      "repicked": null,
      "roshans_killed": null,
      "rune_pickups": null,
      "runes": null,
      "runes_log": null,
      "sen": null,
      "sen_left_log": null,
      "sen_log": null,
      "sen_placed": null,
      "stuns": null,
      "teamfight_participation": null,
      "times": null,
      "tower_damage": 0,
      "towers_killed": null,
      "xp_per_min": 270,
      "xp_reasons": null,
      "xp_t": null,
      "personaname": "roo_avicii :3",
      "name": null,
      "last_login": null,
      "start_time": 1669911470,
      "duration": 1394,
      "cluster": 251,
      "lobby_type": 7,
      "game_mode": 22,
      "is_contributor": false,
      "patch": 51,
      "region": 15,
      "isRadiant": true,
      "total_gold": 4976,
      "total_xp": 1609,
      "kda": 0,
      "abandons": 0,
      "rank_tier": 45,
      "is_subscriber": false,
      "cosmetics": [],
      "benchmarks": {
        "gold_per_min": {
          "raw": 0,
          "pct": 0.075
        },
        "xp_per_min": {
          "raw": 270,
          "pct": 0.05
        },
        "kills_per_min": {
          "raw": 0,
          "pct": 0.1
        },
        "last_hits_per_min": {
          "raw": 1.8077474892395982,
          "pct": 0.175
        },
        "hero_damage_per_min": {},
        "hero_healing_per_min": {},
        "tower_damage": {},
        "stuns_per_min": {
          "raw": 0,
          "pct": 0
        },
        "lhten": {}
      }
    },
    {
      "player_slot": 4,
      "ability_targets": null,
      "ability_upgrades_arr": [],
      "ability_uses": null,
      "actions": null,
      "additional_units": null,
      "assists": 1,
      "backpack_0": 0,
      "backpack_1": 0,
      "backpack_2": 0,
      "backpack_3": null,
      "buyback_log": null,
      "camps_stacked": null,
      "connection_log": null,
      "creeps_stacked": null,
      "damage": null,
      "damage_inflictor": null,
      "damage_inflictor_received": null,
      "damage_taken": null,
      "damage_targets": null,
      "deaths": 4,
      "denies": 6,
      "dn_t": null,
      "firstblood_claimed": null,
      "gold": 1,
      "gold_per_min": -132,
      "gold_reasons": null,
      "gold_spent": 0,
      "gold_t": null,
      "hero_damage": 7191,
      "hero_healing": 0,
      "hero_hits": null,
      "hero_id": 104,
      "item_0": 0,
      "item_1": 0,
      "item_2": 0,
      "item_3": 0,
      "item_4": 0,
      "item_5": 0,
      "item_neutral": 212,
      "item_uses": null,
      "kill_streaks": null,
      "killed": null,
      "killed_by": null,
      "kills": 3,
      "kills_log": null,
      "lane_pos": null,
      "last_hits": 71,
      "leaver_status": 1,
      "level": 0,
      "lh_t": null,
      "life_state": null,
      "max_hero_hit": null,
      "multi_kills": null,
      "net_worth": 201,
      "obs": null,
      "obs_left_log": null,
      "obs_log": null,
      "obs_placed": null,
      "party_id": 4,
      "party_size": 1,
      "performance_others": null,
      "permanent_buffs": [
        {
          "permanent_buff": 5,
          "stack_count": 38,
          "grant_time": 789
        }
      ],
      "pings": null,
      "pred_vict": null,
      "purchase": null,
      "purchase_log": null,
      "randomed": null,
      "repicked": null,
      "roshans_killed": null,
      "rune_pickups": null,
      "runes": null,
      "runes_log": null,
      "sen": null,
      "sen_left_log": null,
      "sen_log": null,
      "sen_placed": null,
      "stuns": null,
      "teamfight_participation": null,
      "times": null,
      "tower_damage": 0,
      "towers_killed": null,
      "xp_per_min": 374,
      "xp_reasons": null,
      "xp_t": null,
      "personaname": "Liquid Miracle-",
      "name": null,
      "last_login": null,
      "start_time": 1669911470,
      "duration": 1394,
      "cluster": 251,
      "lobby_type": 7,
      "game_mode": 22,
      "is_contributor": false,
      "patch": 51,
      "region": 15,
      "isRadiant": true,
      "total_gold": 7142,
      "total_xp": 8689,
      "kills_per_min": -0.04428178018105631,
      "kda": 0,
      "abandons": 0,
      "rank_tier": 43,
      "is_subscriber": false,
      "cosmetics": [],
      "benchmarks": {
        "gold_per_min": {
          "raw": 309,
          "pct": 0.06451612903225806
        },
        "xp_per_min": {
          "raw": 374,
          "pct": 0.12903225806451613
        },
        "kills_per_min": {
          "raw": 0.1291248206599713,
          "pct": 0.2903225806451613
        },
        "last_hits_per_min": {
          "raw": 3.0559540889526544,
          "pct": 0.0967741935483871
        },
        "hero_damage_per_min": {
          "raw": 309.5121951219512,
          "pct": 0.03225806451612903
        },
        "hero_healing_per_min": {
          "raw": 0,
          "pct": 0.0967741935483871
        },
        "tower_damage": {},
        "stuns_per_min": {
          "raw": 0,
          "pct": 0.03225806451612903
        },
        "lhten": {}
      }
    },
    {
      "player_slot": 128,
      "ability_targets": null,
      "ability_upgrades_arr": [
        0,
        5178,
        5178,
        5179,
        0,
        5181,
        5178,
        5180,
        5180,
        1068,
        5180
      ],
      "ability_uses": null,
      "actions": null,
      "additional_units": null,
      "assists": 10,
      "backpack_0": 0,
      "backpack_1": 0,
      "backpack_2": 0,
      "backpack_3": null,
      "buyback_log": null,
      "camps_stacked": null,
      "connection_log": null,
      "creeps_stacked": null,
      "damage": null,
      "damage_inflictor": null,
      "damage_inflictor_received": null,
      "damage_taken": null,
      "damage_targets": null,
      "deaths": 4,
      "denies": 0,
      "dn_t": null,
      "firstblood_claimed": null,
      "gold": 1262,
      "gold_per_min": 300,
      "gold_reasons": null,
      "gold_spent": 4155,
      "gold_t": null,
      "hero_damage": 10417,
      "hero_healing": 195,
      "hero_hits": null,
      "hero_id": 40,
      "item_0": 36,
      "item_1": 15,
      "item_2": 0,
      "item_3": 0,
      "item_4": -80,
      "item_5": 180,
      "item_neutral": 840,
      "item_uses": null,
      "kill_streaks": null,
      "killed": null,
      "killed_by": null,
      "kills": 3,
      "kills_log": null,
      "lane_pos": null,
      "last_hits": 19,
      "leaver_status": 0,
      "level": 11,
      "lh_t": null,
      "life_state": null,
      "max_hero_hit": null,
      "multi_kills": null,
      "net_worth": 6881,
      "obs": null,
      "obs_left_log": null,
      "obs_log": null,
      "obs_placed": null,
      "party_id": 5,
      "party_size": 0,
      "performance_others": null,
      "permanent_buffs": [
        {
          "permanent_buff": 6,
          "stack_count": 1,
          "grant_time": 892
        },
        {
          "permanent_buff": 12,
          "stack_count": 0,
          "grant_time": 1430
        }
      ],
      "pings": null,
      "pred_vict": null,
      "purchase": null,
      "purchase_log": null,
      "randomed": null,
      "repicked": null,
      "roshans_killed": null,
      "rune_pickups": null,
      "runes": null,
      "runes_log": null,
      "sen": null,
      "sen_left_log": null,
      "sen_log": null,
      "sen_placed": null,
      "stuns": null,
      "teamfight_participation": null,
      "times": null,
      "tower_damage": 3829,
      "towers_killed": null,
      "xp_per_min": 126,
      "xp_reasons": null,
      "xp_t": null,
      "start_time": 1669911470,
      "duration": 1394,
      "cluster": 0,
      "lobby_type": 7,
      "game_mode": 22,
      "is_contributor": false,
      "patch": 51,
      "region": 15,
      "isRadiant": false,
      "total_gold": 6970,
      "total_xp": 3600,
      "kills_per_min": 0.1291248206599713,
      "kda": 1,
      "abandons": 0,
      "rank_tier": null,
      "is_subscriber": false,
      "cosmetics": [],
      "benchmarks": {}
    },
    {
      "player_slot": 129,
      "ability_targets": null,
      "ability_upgrades_arr": [
        5158,
        2003,
        5158,
        5159,
        -1487,
        -2019,
        1991,
        5159,
        0,
        5160,
        0,
        5161,
        5160,
        5160,
        7110
      ],
      "ability_uses": null,
      "actions": null,
      "additional_units": null,
      "assists": 0,
      "backpack_0": 0,
      "backpack_1": 0,
      "backpack_2": 0,
      "backpack_3": null,
      "buyback_log": null,
      "camps_stacked": null,
      "connection_log": null,
      "creeps_stacked": null,
      "damage": null,
      "damage_inflictor": null,
      "damage_inflictor_received": null,
      "damage_taken": null,
      "damage_targets": null,
      "deaths": 0,
      "denies": 13,
      "dn_t": null,
      "firstblood_claimed": null,
      "gold": 1052,
      "gold_per_min": 589,
      "gold_reasons": null,
      "gold_spent": -736,
      "gold_t": null,
      "hero_damage": 14817,
      "hero_healing": 3251,
      "hero_hits": null,
      "hero_id": 6,
      "item_0": 235,
      "item_1": 273,
      "item_2": 0,
      "item_3": 77,
      "item_4": 0,
      "item_5": 0,
      "item_neutral": 838,
      "item_uses": null,
      "kill_streaks": null,
      "killed": null,
      "killed_by": null,
      "kills": 0,
      "kills_log": null,
      "lane_pos": null,
      "last_hits": 144,
      "leaver_status": 0,
      "level": 15,
      "lh_t": null,
      "life_state": null,
      "max_hero_hit": null,
      "multi_kills": null,
      "net_worth": 14032,
      "obs": null,
      "obs_left_log": null,
      "obs_log": null,
      "obs_placed": null,
      "party_id": 6,
      "party_size": 1,
      "performance_others": null,
      "permanent_buffs": [
        {
          "permanent_buff": 5,
          "stack_count": 10,
          "grant_time": 0
        },
        {
          "permanent_buff": 12,
          "stack_count": 0,
          "grant_time": 1328
        },
        {
          "permanent_buff": 14,
          "stack_count": 4,
          "grant_time": 889
        }
      ],
      "pings": null,
      "pred_vict": null,
      "purchase": null,
      "purchase_log": null,
      "randomed": null,
      "repicked": null,
      "roshans_killed": null,
      "rune_pickups": null,
      "runes": null,
      "runes_log": null,
      "sen": null,
      "sen_left_log": null,
      "sen_log": null,
      "sen_placed": null,
      "stuns": null,
      "teamfight_participation": null,
      "times": null,
      "tower_damage": 6832,
      "towers_killed": null,
      "xp_per_min": 550,
      "xp_reasons": null,
      "xp_t": null,
      "start_time": -236883642,
      "duration": 1394,
      "cluster": 251,
      "lobby_type": 7,
      "game_mode": 22,
      "is_contributor": false,
      "patch": 51,
      "region": 15,
      "isRadiant": false,
      "total_gold": 13684,
      "total_xp": 8232,
      "kills_per_min": 0.3443328550932568,
      "kda": 6,
      "abandons": 0,
      "rank_tier": null,
      "is_subscriber": false,
      "cosmetics": [],
      "benchmarks": {
        "gold_per_min": {
          "raw": 589,
          "pct": 0.7692307692307693
        },
        "xp_per_min": {},
        "kills_per_min": {
          "raw": 0.34433285509325684,
          "pct": 0.8076923076923077
        },
        "last_hits_per_min": {},
        "hero_damage_per_min": {
          "raw": 637.7474892395983,
          "pct": 0.3076923076923077
        },
        "hero_healing_per_min": {},
        "tower_damage": {
          "raw": 6832,
          "pct": 1
        },
        "stuns_per_min": {
          "raw": 0,
          "pct": 0
        },
        "lhten": {}
      }
    },
    {
      "player_slot": -45,
      "ability_targets": null,
      "ability_upgrades_arr": [
        0,
        5495,
        0,
        5496,
        5494,
        0,
        5494,
        5494,
        -879,
        821,
        5495,
        5497,
        5495,
        5495,
        6892,
        1691
      ],
      "ability_uses": null,
      "actions": null,
      "additional_units": null,
      "assists": 0,
      "backpack_0": 11,
      "backpack_1": 0,
      "backpack_2": 0,
      "backpack_3": null,
      "buyback_log": null,
      "camps_stacked": null,
      "connection_log": null,
      "creeps_stacked": null,
      "damage": null,
      "damage_inflictor": null,
      "damage_inflictor_received": null,
      "damage_taken": null,
      "damage_targets": null,
      "deaths": 0,
      "denies": 10,
      "dn_t": null,
      "firstblood_claimed": null,
      "gold": -15,
      "gold_per_min": 567,
      "gold_reasons": null,
      "gold_spent": -5151,
      "gold_t": null,
      "hero_damage": 10030,
      "hero_healing": 0,
      "hero_hits": null,
      "hero_id": 0,
      "item_0": 68,
      "item_1": 20,
      "item_2": 36,
      "item_3": 108,
      "item_4": 1,
      "item_5": 0,
      "item_neutral": 0,
      "item_uses": null,
      "kill_streaks": null,
      "killed": null,
      "killed_by": null,
      "kills": 0,
      "kills_log": null,
      "lane_pos": null,
      "last_hits": 0,
      "leaver_status": 0,
      "level": 16,
      "lh_t": null,
      "life_state": null,
      "max_hero_hit": null,
      "multi_kills": null,
      "net_worth": 13046,
      "obs": null,
      "obs_left_log": null,
      "obs_log": null,
      "obs_placed": null,
      "party_id": 0,
      "party_size": 1,
      "performance_others": null,
      "permanent_buffs": [
        {
          "permanent_buff": 8,
          "stack_count": 10,
          "grant_time": 456
        },
        {}
      ],
      "pings": null,
      "pred_vict": null,
      "purchase": null,
      "purchase_log": null,
      "randomed": null,
      "repicked": null,
      "roshans_killed": null,
      "rune_pickups": null,
      "runes": null,
      "runes_log": null,
      "sen": null,
      "sen_left_log": null,
      "sen_log": null,
      "sen_placed": null,
      "stuns": null,
      "teamfight_participation": null,
      "times": null,
      "tower_damage": 3712,
      "towers_killed": null,
      "xp_per_min": 632,
      "xp_reasons": null,
      "xp_t": null,
      "start_time": 1669911470,
      "duration": 1394,
      "cluster": -10,
      "lobby_type": 7,
      "game_mode": 22,
      "is_contributor": false,
      "patch": 51,
      "region": -6,
      "isRadiant": false,
      "total_gold": 4334,
      "total_xp": 14683,
      "kills_per_min": -0.06018165392261287,
      "kda": 3,
      "abandons": 0,
      "rank_tier": null,
      "is_subscriber": false,
      "cosmetics": [],
      "benchmarks": {
        "gold_per_min": {
          "raw": 567,
          "pct": 0.6046511627906976
        },
        "xp_per_min": {
          "raw": 0,
          "pct": 0.3488372093023256
        },
        "kills_per_min": {
          "raw": 0.2582496413199426,
          "pct": 0.5813953488372093
        },
        "last_hits_per_min": {},
        "hero_damage_per_min": {},
        "hero_healing_per_min": {
          "raw": 0,
          "pct": 1
        },
        "tower_damage": {
          "raw": 0,
          "pct": 0.040213740437853904
        },
        "stuns_per_min": {
          "raw": 0,
          "pct": 0.6744186046511628
        },
        "lhten": {}
      }
    },
    {
      "player_slot": 131,
      "ability_targets": null,
      "ability_upgrades_arr": [
        5009,
        5008,
        5009,
        5007,
        5009,
        5010,
        5007,
        5009,
        5008,
        0,
        0,
        5010
      ],
      "ability_uses": null,
      "actions": null,
      "additional_units": null,
      "assists": 8,
      "backpack_0": 0,
      "backpack_1": 0,
      "backpack_2": 0,
      "backpack_3": null,
      "buyback_log": null,
      "camps_stacked": null,
      "connection_log": null,
      "creeps_stacked": null,
      "damage": null,
      "damage_inflictor": null,
      "damage_inflictor_received": null,
      "damage_taken": null,
      "damage_targets": null,
      "deaths": 4,
      "denies": 7,
      "dn_t": null,
      "firstblood_claimed": null,
      "gold": -752,
      "gold_per_min": 0,
      "gold_reasons": null,
      "gold_spent": 7455,
      "gold_t": null,
      "hero_damage": 13701,
      "hero_healing": 0,
      "hero_hits": null,
      "hero_id": 2,
      "item_0": 29,
      "item_1": 127,
      "item_2": 125,
      "item_3": 36,
      "item_4": 1,
      "item_5": 0,
      "item_neutral": 577,
      "item_uses": null,
      "kill_streaks": null,
      "killed": null,
      "killed_by": null,
      "kills": 7,
      "kills_log": null,
      "lane_pos": null,
      "last_hits": 74,
      "leaver_status": 0,
      "level": 12,
      "lh_t": null,
      "life_state": null,
      "max_hero_hit": null,
      "multi_kills": null,
      "net_worth": -2367,
      "obs": null,
      "obs_left_log": null,
      "obs_log": null,
      "obs_placed": null,
      "party_id": 8,
      "party_size": 1,
      "performance_others": null,
      "permanent_buffs": [
        {
          "permanent_buff": 13,
          "stack_count": 0,
          "grant_time": 889
        }
      ],
      "pings": null,
      "pred_vict": null,
      "purchase": null,
      "purchase_log": null,
      "randomed": null,
      "repicked": null,
      "roshans_killed": null,
      "rune_pickups": null,
      "runes": null,
      "runes_log": null,
      "sen": null,
      "sen_left_log": null,
      "sen_log": null,
      "sen_placed": null,
      "stuns": null,
      "teamfight_participation": null,
      "times": null,
      "tower_damage": 4744,
      "towers_killed": null,
      "xp_per_min": 406,
      "xp_reasons": null,
      "xp_t": null,
      "start_time": 0,
      "duration": 1394,
      "cluster": 251,
      "lobby_type": 0,
      "game_mode": 22,
      "is_contributor": false,
      "patch": 51,
      "region": 15,
      "isRadiant": false,
      "total_gold": 391,
      "total_xp": 9217,
      "kills_per_min": 0.3012912482065997,
      "kda": 0,
      "abandons": 0,
      "rank_tier": null,
      "is_subscriber": false,
      "cosmetics": [],
      "benchmarks": {
        "gold_per_min": {
          "raw": 418,
          "pct": 0.30434782608695654
        },
        "xp_per_min": {
          "raw": 406,
          "pct": 0.043478260869565216
        },
        "kills_per_min": {
          "raw": 0.3012912482065997,
          "pct": 0.6521739130434783
        },
        "last_hits_per_min": {
          "raw": 3.1850789096126255,
          "pct": 0.08695652173913043
        },
        "hero_damage_per_min": {
          "raw": 589.713055954089,
          "pct": 0.6521739130434783
        },
        "hero_healing_per_min": {
          "raw": 0,
          "pct": 0.9130434782608695
        },
        "tower_damage": {
          "raw": 4744,
          "pct": 0.9565217391304348
        },
        "stuns_per_min": {
          "raw": 0,
          "pct": 0
        },
        "lhten": {}
      }
    },
    {
      "player_slot": 132,
      "ability_targets": null,
      "ability_upgrades_arr": [
        5233,
        5235,
        0,
        5234,
        5233,
        7304,
        5234,
        5233,
        5233,
        6926,
        5235,
        933
      ],
      "ability_uses": null,
      "actions": null,
      "additional_units": null,
      "assists": 13,
      "backpack_0": 0,
      "backpack_1": 0,
      "backpack_2": 0,
      "backpack_3": null,
      "buyback_log": null,
      "camps_stacked": null,
      "connection_log": null,
      "creeps_stacked": null,
      "damage": null,
      "damage_inflictor": null,
      "damage_inflictor_received": null,
      "damage_taken": null,
      "damage_targets": null,
      "deaths": 3,
      "denies": 0,
      "dn_t": null,
      "firstblood_claimed": null,
      "gold": 1482,
      "gold_per_min": 0,
      "gold_reasons": null,
      "gold_spent": 0,
      "gold_t": null,
      "hero_damage": 7793,
      "hero_healing": 2457,
      "hero_hits": null,
      "hero_id": 50,
      "item_0": 180,
      "item_1": 43,
      "item_2": 188,
      "item_3": 16,
      "item_4": 257,
      "item_5": 181,
      "item_neutral": 349,
      "item_uses": null,
      "kill_streaks": null,
      "killed": null,
      "killed_by": null,
      "kills": 3,
      "kills_log": null,
      "lane_pos": null,
      "last_hits": 13,
      "leaver_status": 0,
      "level": 12,
      "lh_t": null,
      "life_state": null,
      "max_hero_hit": null,
      "multi_kills": null,
      "net_worth": 4782,
      "obs": null,
      "obs_left_log": null,
      "obs_log": null,
      "obs_placed": null,
      "party_id": 0,
      "party_size": 1,
      "performance_others": null,
      "permanent_buffs": [
        {
          "permanent_buff": 12,
          "stack_count": 0,
          "grant_time": 1294
        }
      ],
      "pings": null,
      "pred_vict": null,
      "purchase": null,
      "purchase_log": null,
      "randomed": null,
      "repicked": null,
      "roshans_killed": null,
      "rune_pickups": null,
      "runes": null,
      "runes_log": null,
      "sen": null,
      "sen_left_log": null,
      "sen_log": null,
      "sen_placed": null,
      "stuns": null,
      "teamfight_participation": null,
      "times": null,
      "tower_damage": 2487,
      "towers_killed": null,
      "xp_per_min": 353,
      "xp_reasons": null,
      "xp_t": null,
      "start_time": 1669911470,
      "duration": 1394,
      "cluster": 251,
      "lobby_type": 7,
      "game_mode": 22,
      "is_contributor": false,
      "patch": 0,
      "region": 15,
      "isRadiant": false,
      "total_gold": 4573,
      "total_xp": 8201,
      "kills_per_min": 0.1291248206599713,
      "kda": 4,
      "abandons": 0,
      "rank_tier": null,
      "is_subscriber": false,
      "cosmetics": [],
      "benchmarks": {
        "gold_per_min": {
          "raw": 271,
          "pct": 0.3
        },
        "xp_per_min": {
          "raw": 353,
          "pct": 0.15
        },
        "kills_per_min": {
          "raw": 0.1291248206599713,
          "pct": 0.85
        },
        "last_hits_per_min": {
          "raw": 0.5595408895265422,
          "pct": 0.15
        },
        "hero_damage_per_min": {
          "raw": 335.4232424677188,
          "pct": 0.85
        },
        "hero_healing_per_min": {
          "raw": 105.7532281205165,
          "pct": -0.010829431771344246
        },
        "tower_damage": {
          "raw": 2487,
          "pct": 0.95
        },
        "stuns_per_min": {
          "raw": 0,
          "pct": 0.1
        },
        "lhten": {}
      }
    }
  ],
  "patch": 51,
  "region": 0
}