{
  "chat": null,
  "cluster": 185,
  "cosmetics": null,
  "dire_score": 15,
  "dire_team_id": null,
  "draft_timings": null,
  "duration": 1661,
  "engine": 1,
  "first_blood_time": 0,
  "game_mode": 22,
  "human_players": 2,
  "leagueid": 0,
  "lobby_type": 7,
  "match_seq_num": 5780328477,
  "negative_votes": 0,
  "objectives": null,
  "picks_bans": [
    {
      "is_pick": true,
      "hero_id": 110,
      "team": 1,
      "order": 0
    },
    {
      "is_pick": true,
      "hero_id": 123,
      "team": 0,
      "order": 1
    },
    {
      "is_pick": true,
      "hero_id": 75,
      "team": 1,
      "order": 2
    },
    {
      "is_pick": true,
      "hero_id": -10,
      "team": 0,
      "order": 3
    },
    {
      "is_pick": true,
      "hero_id": 104,
      "team": 1,
      "order": 4
    },
    {
      "is_pick": true,
      "hero_id": -57,
      "team": 0,
      "order": 5
    },
    {
      "is_pick": true,
      "hero_id": 91,
      "team": 0,
      "order": 0
    },
    {
      "is_pick": true,
      "hero_id": 22,
      "team": 0,
      "order": 7
    },
    {
      "is_pick": true,
      "hero_id": 56,
      "team": 0,
      "order": 8
    },
    {
      "is_pick": true,
      "hero_id": 18,
      "team": 1,
      "order": 9
    },
    {
      "is_pick": true,
      "hero_id": 52,
      "team": 1,
      "order": -3
    },
    {
      "is_pick": true,
      "hero_id": 77,
      "team": 0,
      "order": 11
    },
    {
      "is_pick": false,
      "hero_id": 110,
      "team": 0,
      "order": 12
    },
    {
      "is_pick": false,
      "hero_id": 50,
      "team": 0,
      "order": 13
    },
    {
      "is_pick": false,
      "hero_id": 137,
      "team": 0,
      "order": 0
    },
    {
      "is_pick": false,
      "hero_id": 4,
      "team": 0,
      "order": 15
    },
    {
      "is_pick": false,
      "hero_id": 136,
      "team": 0,
      "order": 16
    },
    {
      "is_pick": false,
      "hero_id": 113,
      "team": 1,
      "order": 0
    },
    {
      "is_pick": false,
      "hero_id": 128,
      "team": 1,
      "order": 18
    },
    {
      "is_pick": false,
      "hero_id": -22,
      "team": 0,
      "order": 19
    },
    {
      "is_pick": false,
      "hero_id": 89,
      "team": 1,
      "order": 20
    }
  ],
  "positive_votes": 0,
  "radiant_gold_adv": null,
  "radiant_score": 0,
  "radiant_team_id": null,
  "radiant_xp_adv": null,
  "skill": null,
  "start_time": 0,
  "teamfights": null,
  "version": null,
  "replay_salt": 1876739434,
  "series_id": 0,
  "series_type": 0,
  "players": [
    {
      "player_slot": 0,
      "ability_targets": null,
      "ability_upgrades_arr": [
        5260,
        -691,
        5260,
        5259,
        5259,
        5262,
        5259,
        5261,
        5261,
        -1806,
        5261,
        5262,
        523,
        5260,
        495,
        0,
        5262,
        617
      ],
      "ability_uses": null,
      "actions": null,
      "additional_units": null,
      "assists": 10,
      "backpack_0": 29,
      "backpack_1": 0,
      "backpack_2": 0,
      "backpack_3": null,
      "buyback_log": null,
      "camps_stacked": null,
      "connection_log": null,
      "creeps_stacked": null,
      "damage": null,
      "damage_inflictor": null,
      "damage_inflictor_received": null,
      "damage_taken": null,
      "damage_targets": null,
      "deaths": 1,
      "denies": 0,
      "dn_t": null,
      "firstblood_claimed": null,
      "gold": 1254,
      "gold_per_min": 687,
      "gold_reasons": null,
      "gold_spent": 19005,
      "gold_t": null,
      "hero_damage": 21319,
      "hero_healing": 0,
      "hero_hits": null,
      "hero_id": 56,
      "item_0": 1466,
      "item_1": 168,
      "item_2": 236,
      "item_3": 149,
      "item_4": 596,
      "item_5": 178,
      "item_neutral": 288,
      "item_uses": null,
      "kill_streaks": null,
      "killed": null,
      "killed_by": null,
      "kills": 7,
      "kills_log": null,
      "lane_pos": null,
      "last_hits": 232,
      "leaver_status": 0,
      "level": 20,
      "lh_t": null,
      "life_state": null,
      "max_hero_hit": null,
      "multi_kills": null,
      "net_worth": 0,
      "obs": null,
      "obs_left_log": null,
      "obs_log": null,
      "obs_placed": null,
      "party_id": 0,
      "party_size": 1,
      "performance_others": null,
      "permanent_buffs": [
        {
          "permanent_buff": 5,
          "stack_count": 28,
          "grant_time": 1917
        },
        {
          "permanent_buff": 12,
          "stack_count": 0,
          "grant_time": 142
        }
      ],
      "pings": null,
      "pred_vict": null,
      "purchase": null,
      "purchase_log": null,
      "randomed": null,
      "repicked": null,
      "roshans_killed": null,
      "rune_pickups": null,
      "runes": null,
      "runes_log": null,
      "sen": null,
      "sen_left_log": null,
      "sen_log": null,
      "sen_placed": null,
      "stuns": null,
      "teamfight_participation": null,
      "times": null,
      "tower_damage": 8152,
      "towers_killed": null,
      "xp_per_min": 153,
      "xp_reasons": null,
      "xp_t": null,
      "start_time": 1669911444,
      "duration": 1661,
      "cluster": -55,
      "lobby_type": 7,
      "game_mode": -1,
      "is_contributor": false,
      "patch": -16,
      "region": 0,
      "isRadiant": true,
      "total_gold": 19018,
      "total_xp": 12514,
      "kills_per_min": 0.25285972305839854,
      "kda": 8,
      "abandons": 0,
      "rank_tier": null,
      "is_subscriber": false,
      "cosmetics": [],
      "benchmarks": {
        "gold_per_min": {
          "raw": 687,
          "pct": 0.7777777777777778
        },
        "xp_per_min": {},
        "kills_per_min": {
          "raw": 0.11553903166246585,
          "pct": 0.3333333333333333
        },
        "last_hits_per_min": {
          "raw": 8.380493678506923,
          "pct": 0.022337278336634694
        },
        "hero_damage_per_min": {
          "raw": 770.1023479831426,
          "pct": 0.3333333333333333
        },
        "hero_healing_per_min": {
          "raw": 0,
          "pct": 1
        },
        "tower_damage": {
          "raw": 8152,
          "pct": 0.4444444444444444
        },
        "stuns_per_min": {
          "raw": 0,
          "pct": 0.1111111111111111
        },
        "lhten": {}
      }
    },
    {
      "player_slot": 1,
      "ability_targets": null,
      "ability_upgrades_arr": [
        5080,
        5078,
        5080,
        5079,
        5080,
        -550,
        5080,
        5079,
        5079,
        5079,
        6877,
        5081,
        5078,
        5078,
        6295,
        5078
      ],
      "ability_uses": null,
      "actions": null,
      "additional_units": null,
      "assists": 0,
      "backpack_0": 0,
      "backpack_1": 0,
      "backpack_2": 0,
      "backpack_3": null,
      "buyback_log": null,
      "camps_stacked": null,
      "connection_log": null,
      "creeps_stacked": null,
      "damage": null,
      "damage_inflictor": null,
      "damage_inflictor_received": null,
      "damage_taken": null,
      "damage_targets": null,
      "deaths": 6,
      "denies": 2,
      "dn_t": null,
      "firstblood_claimed": null,
      "gold": 0,
      "gold_per_min": 428,
      "gold_reasons": null,
      "gold_spent": 6745,
      "gold_t": null,
      "hero_damage": 9545,
      "hero_healing": 0,
      "hero_hits": null,
      "hero_id": 27,
      "item_0": 29,
      "item_1": 1,
      "item_2": 188,
      "item_3": 232,
      "item_4": 34,
      "item_5": 43,
      "item_neutral": 0,
      "item_uses": null,
      "kill_streaks": null,
      "killed": null,
      "killed_by": null,
      "kills": 8,
      "kills_log": null,
      "lane_pos": null,
      "last_hits": 45,
      "leaver_status": 0,
      "level": 16,
      "lh_t": null,
      "life_state": null,
      "max_hero_hit": null,
      "multi_kills": null,
      "net_worth": 10600,
      "obs": null,
      "obs_left_log": null,
      "obs_log": null,
      "obs_placed": null,
      "party_id": 1,
      "party_size": 1,
      "performance_others": null,
      "permanent_buffs": [
        {
          "permanent_buff": 6,
          "stack_count": 2,
          "grant_time": -453
        }
      ],
      "pings": null,
      "pred_vict": null,
      "purchase": null,
      "purchase_log": null,
      "randomed": null,
      "repicked": null,
      "roshans_killed": null,
      "rune_pickups": null,
      "runes": null,
      "runes_log": null,
      "sen": null,
      "sen_left_log": null,
      "sen_log": null,
      "sen_placed": null,
      "stuns": null,
      "teamfight_participation": null,
      "times": null,
      "tower_damage": 1445,
      "towers_killed": null,
      "xp_per_min": 535,
      "xp_reasons": null,
      "xp_t": null,
      "personaname": "пыхтун",
      "name": null,
      "last_login": null,
      "start_time": 1669911444,
      "duration": 1661,
      "cluster": 185,
      "lobby_type": 7,
      "game_mode": 22,
      "is_contributor": false,
      "patch": 51,
      "region": 8,
      "isRadiant": true,
      "total_gold": 11848,
      "total_xp": 4222,
      "kills_per_min": 0.28898254063816975,
      "kda": 3,
      "abandons": 0,
      "rank_tier": 74,
      "is_subscriber": false,
      "cosmetics": [],
      "benchmarks": {
        "gold_per_min": {
          "raw": 428,
          "pct": 0.8333333333333334
        },
        "xp_per_min": {},
        "kills_per_min": {
          "raw": 0.28898254063816975,
          "pct": 1
        },
        "last_hits_per_min": {
          "raw": 1.625526791089705,
          "pct": 0.4444444444444444
        },
        "hero_damage_per_min": {
          "raw": 344.7922937989163,
          "pct": 0.4444444444444444
        },
        "hero_healing_per_min": {},
        "tower_damage": {
          "raw": 1445,
          "pct": 0.4444444444444444
        },
        "stuns_per_min": {
          "raw": 0,
          "pct": 0
        },
        "lhten": {}
      }
    },
    {
      "player_slot": 2,
      "ability_targets": null,
      "ability_upgrades_arr": [
        0,
        8429,
        8158,
        9501,
        8158,
        8106,
        8158,
        8429,
        8429,
        9510,
        8429,
        8106,
        -2299,
        9501
      ],
      "ability_uses": null,
      "actions": null,
      "additional_units": null,
      "assists": 14,
      "backpack_0": 0,
      "backpack_1": 0,
      "backpack_2": 0,
      "backpack_3": null,
      "buyback_log": null,
      "camps_stacked": null,
      "connection_log": null,
      "creeps_stacked": null,
      "damage": null,
      "damage_inflictor": null,
      "damage_inflictor_received": null,
      "damage_taken": null,
      "damage_targets": null,
      "deaths": 0,
      "denies": 0,
      "dn_t": null,
      "firstblood_claimed": null,
      "gold": 1648,
      "gold_per_min": 391,
      "gold_reasons": null,
      "gold_spent": 9770,
      "gold_t": null,
      "hero_damage": 18828,
      "hero_healing": 0,
      "hero_hits": null,
      "hero_id": 123,
      "item_0": 232,
      "item_1": 240,
      "item_2": 188,
      "item_3": 99,
      "item_4": 0,
      "item_5": 0,
      "item_neutral": 290,
      "item_uses": null,
      "kill_streaks": null,
      "killed": null,
      "killed_by": null,
      "kills": 0,
      "kills_log": null,
      "lane_pos": null,
      "last_hits": -7,
      "leaver_status": 0,
      "level": 15,
      "lh_t": null,
      "life_state": null,
      "max_hero_hit": null,
      "multi_kills": null,
      "net_worth": 9298,
      "obs": null,
      "obs_left_log": null,
      "obs_log": null,
      "obs_placed": null,
      "party_id": 0,
      "party_size": 1,
      "performance_others": null,
      "permanent_buffs": [
        {
          "permanent_buff": 12,
          "stack_count": 0,
          "grant_time": 0
        }
      ],
      "pings": null,
      "pred_vict": null,
      "purchase": null,
      "purchase_log": null,
      "randomed": null,
      "repicked": null,
      "roshans_killed": null,
      "rune_pickups": null,
      "runes": null,
      "runes_log": null,
      "sen": null,
      "sen_left_log": null,
      "sen_log": null,
      "sen_placed": null,
      "stuns": null,
      "teamfight_participation": null,
      "times": null,
      "tower_damage": 1144,
      "towers_killed": null,
      "xp_per_min": 467,
      "xp_reasons": null,
      "xp_t": null,
      "personaname": "re:хнулся",
      "name": null,
      "last_login": "2023-02-27T11:44:42.842Z",
      "start_time": 1669911444,
      "duration": 0,
      "cluster": 185,
      "lobby_type": -1,
      "game_mode": 22,
      "is_contributor": false,
      "patch": 51,
      "region": 8,
      "isRadiant": true,
      "total_gold": 10824,
      "total_xp": 9416,
      "kills_per_min": 0.325105358217941,
      "kda": 5,
      "abandons": 0,
      "rank_tier": 0,
      "is_subscriber": false,
      "cosmetics": [],
      "benchmarks": {
        "gold_per_min": {
          "raw": 0,
          "pct": -0.23580083146302627
        },
        "xp_per_min": {},
        "kills_per_min": {
          "raw": 0.325105358217941,
          "pct": 0.9655172413793104
        },
        "last_hits_per_min": {
          "raw": 0.7947019867549668,
          "pct": 0.06896551724137931
        },
        "hero_damage_per_min": {
          "raw": 680.1204093919326,
          "pct": 0.9482758620689655
        },
        "hero_healing_per_min": {
          "raw": 0,
          "pct": 0.8275862068965517
        },
        "tower_damage": {},
        "stuns_per_min": {
          "raw": 0,
          "pct": 0.017241379310344827
        },
        "lhten": {}
      }
    },
    {
      "player_slot": 3,
      "ability_targets": null,
      "ability_upgrades_arr": [
        7914,
        7902,
        0,
        -1597,
        7914,
        7906,
        7914,
        7918,
        7918,
        7918,
        -3743,
        0,
        7902,
        7902,
        0
      ],
      "ability_uses": null,
      "actions": null,
      "additional_units": null,
      "assists": 13,
      "backpack_0": 0,
      "backpack_1": 0,
      "backpack_2": 0,
      "backpack_3": null,
      "buyback_log": null,
      "camps_stacked": null,
      "connection_log": null,
      "creeps_stacked": null,
      "damage": null,
      "damage_inflictor": null,
      "damage_inflictor_received": null,
      "damage_taken": null,
      "damage_targets": null,
      "deaths": 4,
      "denies": 4,
      "dn_t": null,
      "firstblood_claimed": null,
      "gold": 902,
      "gold_per_min": 422,
      "gold_reasons": null,
      "gold_spent": 11060,
      "gold_t": null,
      "hero_damage": 14588,
      "hero_healing": -141,
      "hero_hits": null,
      "hero_id": 135,
      "item_0": 8,
      "item_1": 36,
      "item_2": 0,
      "item_3": 0,
      "item_4": 168,
      "item_5": 21,
      "item_neutral": 1077,
      "item_uses": null,
      "kill_streaks": null,
      "killed": null,
      "killed_by": null,
      "kills": 2,
      "kills_log": null,
      "lane_pos": null,
      "last_hits": 117,
      "leaver_status": 0,
      "level": 15,
      "lh_t": null,
      "life_state": null,
      "max_hero_hit": null,
      "multi_kills": null,
      "net_worth": 11307,
      "obs": null,
      "obs_left_log": null,
      "obs_log": null,
      "obs_placed": null,
      "party_id": 3,
      "party_size": 1,
      "performance_others": null,
      "permanent_buffs": [
        {
          "permanent_buff": 12,
          "stack_count": 0,
          "grant_time": 1668
        }
      ],
      "pings": null,
      "pred_vict": null,
      "purchase": null,
      "purchase_log": null,
      "randomed": null,
      "repicked": null,
      "roshans_killed": null,
      "rune_pickups": null,
      "runes": null,
      "runes_log": null,
      "sen": null,
      "sen_left_log": null,
      "sen_log": null,
      "sen_placed": null,
      "stuns": null,
      "teamfight_participation": null,
      "times": null,
      "tower_damage": 4612,
      "towers_killed": null,
      "xp_per_min": 471,
      "xp_reasons": null,
      "xp_t": null,
      "personaname": "zxc.xuecoc",
      "name": null,
      "last_login": null,
      "start_time": 1669911444,
      "duration": 1661,
      "cluster": 0,
      "lobby_type": 7,
      "game_mode": 22,
      "is_contributor": false,
      "patch": 51,
      "region": 8,
      "isRadiant": true,
      "total_gold": 11682,
      "total_xp": 1584,
      "kills_per_min": 0.07224563515954244,
      "kda": 1,
      "abandons": 0,
      "rank_tier": 74,
      "is_subscriber": false,
      "cosmetics": [],
      "benchmarks": {
        "gold_per_min": {
          "raw": 422,
          "pct": 0.3125
        },
        "xp_per_min": {
          "raw": 0,
          "pct": -0.03510320798022885
        },
        "kills_per_min": {
          "raw": 0.07224563515954244,
          "pct": 0.125
        },
        "last_hits_per_min": {
          "raw": 4.226369656833232,
          "pct": 0.34375
        },
        "hero_damage_per_min": {
          "raw": 526.9596628537026,
          "pct": 0.59375
        },
        "hero_healing_per_min": {
          "raw": -13.942458144683295,
          "pct": 0.34375
        },
        "tower_damage": {
          "raw": 4612,
          "pct": 0.78125
        },
        "stuns_per_min": {
          "raw": 0,
          "pct": 0
        },
        "lhten": {}
      }
    },
    {
      "player_slot": 4,
      "ability_targets": null,
      "ability_upgrades_arr": [
        5395,
        5397,
        5395,
        5397,
        5395,
        5398,
        5395,
        5396,
        5397,
        6519,
        5397,
        5398,
        5396,
        5396,
        846,
        0
      ],
      "ability_uses": null,
      "actions": null,
      "additional_units": null,
      "assists": 14,
      "backpack_0": 0,
      "backpack_1": 0,
      "backpack_2": 0,
      "backpack_3": null,
      "buyback_log": null,
      "camps_stacked": null,
      "connection_log": null,
      "creeps_stacked": null,
      "damage": null,
      "damage_inflictor": null,
      "damage_inflictor_received": null,
      "damage_taken": null,
      "damage_targets": null,
      "deaths": 3,
      "denies": 16,
      "dn_t": null,
      "firstblood_claimed": null,
      "gold": 2233,
      "gold_per_min": 614,
      "gold_reasons": null,
      "gold_spent": 15075,
      "gold_t": null,
      "hero_damage": 30167,
      "hero_healing": 2133,
      "hero_hits": null,
      "hero_id": 0,
      "item_0": 112,
      "item_1": 185,
      "item_2": 0,
      "item_3": 635,
      "item_4": 0,
      "item_5": 11,
      "item_neutral": 946,
      "item_uses": null,
      "kill_streaks": null,
      "killed": null,
      "killed_by": null,
      "kills": 0,
      "kills_log": null,
      "lane_pos": null,
      "last_hits": 184,
      "leaver_status": 0,
      "level": 18,
      "lh_t": null,
      "life_state": null,
      "max_hero_hit": null,
      "multi_kills": null,
      "net_worth": 16783,
      "obs": null,
      "obs_left_log": null,
      "obs_log": null,
      "obs_placed": null,
      "party_id": 4,
      "party_size": 1,
      "performance_others": null,
      "permanent_buffs": [],
      "pings": null,
      "pred_vict": null,
      "purchase": null,
      "purchase_log": null,
      "randomed": null,
      "repicked": null,
      "roshans_killed": null,
      "rune_pickups": null,
      "runes": null,
      "runes_log": null,
      "sen": null,
      "sen_left_log": null,
      "sen_log": null,
      "sen_placed": null,
      "stuns": null,
      "teamfight_participation": null,
      "times": null,
      "tower_damage": 0,
      "towers_killed": null,
      "xp_per_min": -4,
      "xp_reasons": null,
      "xp_t": null,
      "start_time": 1669911444,
      "duration": 1661,
      "cluster": 185,
      "lobby_type": 7,
      "game_mode": 22,
      "is_contributor": false,
      "patch": 51,
      "region": 2,
      "isRadiant": true,
      "total_gold": 7508,
      "total_xp": 12408,
      "kills_per_min": 0.3612281757977122,
      "kda": 6,
      "abandons": 0,
      "rank_tier": null,
      "is_subscriber": false,
      "cosmetics": [],
      "benchmarks": {
        "gold_per_min": {},
        "xp_per_min": {
          "raw": 643,
          "pct": 0.7333333333333333
        },
        "kills_per_min": {
          "raw": 0.3612281757977122,
          "pct": 0.8666666666666667
        },
        "last_hits_per_min": {
          "raw": 6.646598434677905,
          "pct": 0.8
        },
        "hero_damage_per_min": {
          "raw": 177.48808348367524,
          "pct": 0.9333333333333333
        },
        "hero_healing_per_min": {
          "raw": 77.04996989765202,
          "pct": 0.7333333333333333
        },
        "tower_damage": {
          "raw": 17647,
          "pct": 1
        },
        "stuns_per_min": {
          "raw": 0,
          "pct": 0.6
        },
        "lhten": {}
      }
    },
    {
      "player_slot": 128,
      "ability_targets": null,
      "ability_upgrades_arr": [
        -1290,
        5243,
        5241,
        5243,
        5242,
        5244,
        0,
        100,
        5242,
        5241,
        2504,
        5244,
        5243,
        0,
        -1795,
        5243
      ],
      "ability_uses": null,
      "actions": null,
      "additional_units": null,
      "assists": 0,
      "backpack_0": 0,
      "backpack_1": 0,
      "backpack_2": 0,
      "backpack_3": null,
      "buyback_log": null,
      "camps_stacked": null,
      "connection_log": null,
      "creeps_stacked": null,
      "damage": null,
      "damage_inflictor": null,
      "damage_inflictor_received": null,
      "damage_taken": null,
      "damage_targets": null,
      "deaths": 5,
      "denies": 8,
      "dn_t": null,
      "firstblood_claimed": null,
      "gold": 455,
      "gold_per_min": 520,
      "gold_reasons": null,
      "gold_spent": 13950,
      "gold_t": null,
      "hero_damage": 24719,
      "hero_healing": 0,
      "hero_hits": null,
      "hero_id": 52,
      "item_0": 48,
      "item_1": 121,
      "item_2": 273,
      "item_3": 41,
      "item_4": 0,
      "item_5": 9,
      "item_neutral": 357,
      "item_uses": null,
      "kill_streaks": null,
      "killed": null,
      "killed_by": null,
      "kills": 7,
      "kills_log": null,
      "lane_pos": null,
      "last_hits": 216,
      "leaver_status": 0,
      "level": 17,
      "lh_t": null,
      "life_state": null,
      "max_hero_hit": null,
      "multi_kills": null,
      "net_worth": 13785,
      "obs": null,
      "obs_left_log": null,
      "obs_log": null,
      "obs_placed": null,
      "party_id": 5,
      "party_size": 1,
      "performance_others": null,
      "permanent_buffs": [],
      "pings": null,
      "pred_vict": null,
      "purchase": null,
      "purchase_log": null,
      "randomed": null,
      "repicked": null,
      "roshans_killed": null,
      "rune_pickups": null,
      "runes": null,
      "runes_log": null,
      "sen": null,
      "sen_left_log": null,
      "sen_log": null,
      "sen_placed": null,
      "stuns": null,
      "teamfight_participation": null,
      "times": null,
      "tower_damage": 373,
      "towers_killed": null,
      "xp_per_min": 160,
      "xp_reasons": null,
      "xp_t": null,
      "start_time": 1669911444,
      "duration": 1661,
      "cluster": 185,
      "lobby_type": 7,
      "game_mode": 22,
      "is_contributor": false,
      "patch": 51,
      "region": 8,
      "isRadiant": false,
      "total_gold": 12048,
      "total_xp": 17440,
      "kills_per_min": 0.25285972305839854,
      "kda": 1,
      "abandons": 0,
      "rank_tier": null,
      "is_subscriber": false,
      "cosmetics": [],
      "benchmarks": {
        "gold_per_min": {
          "raw": 520,
          "pct": 0.28125
        },
        "xp_per_min": {
          "raw": 0,
          "pct": 0.3125
        },
        "kills_per_min": {
          "raw": 0.25285972305839854,
          "pct": 0.71875
        },
        "last_hits_per_min": {
          "raw": 7.802528597230584,
          "pct": 0.5
        },
        "hero_damage_per_min": {
          "raw": 892.9199277543648,
          "pct": 0.8125
        },
        "hero_healing_per_min": {
          "raw": 0,
          "pct": 0.6875
        },
        "tower_damage": {
          "raw": 373,
          "pct": 0.09375
        },
        "stuns_per_min": {
          "raw": 0,
          "pct": 0
        },
        "lhten": {}
      }
    },
    {
      "player_slot": 129,
      "ability_targets": null,
      "ability_upgrades_arr": [],
      "ability_uses": null,
      "actions": null,
      "additional_units": null,
      "assists": 6,
      "backpack_0": 0,
      "backpack_1": 0,
      "backpack_2": 0,
      "backpack_3": null,
      "buyback_log": null,
      "camps_stacked": null,
      "connection_log": null,
      "creeps_stacked": null,
      "damage": null,
      "damage_inflictor": null,
      "damage_inflictor_received": null,
      "damage_taken": null,
      "damage_targets": null,
      "deaths": 6,
      "denies": 13,
      "dn_t": null,
      "firstblood_claimed": null,
      "gold": 362,
      "gold_per_min": 549,
      "gold_reasons": null,
      "gold_spent": 15320,
      "gold_t": null,
      "hero_damage": 8846,
      "hero_healing": 0,
      "hero_hits": null,
      "hero_id": 18,
      "item_0": 63,
      "item_1": 1,
      "item_2": 172,
      "item_3": -31,
      "item_4": 252,
      "item_5": -8,
      "item_neutral": 0,
      "item_uses": null,
      "kill_streaks": null,
      "killed": null,
      "killed_by": null,
      "kills": 3,
      "kills_log": null,
      "lane_pos": null,
      "last_hits": 248,
      "leaver_status": 0,
      "level": 17,
      "lh_t": null,
      "life_state": null,
      "max_hero_hit": null,
      "multi_kills": null,
      "net_worth": 14387,
      "obs": null,
      "obs_left_log": null,
      "obs_log": null,
      "obs_placed": null,
      "party_id": 6,
      "party_size": 1,
      "performance_others": null,
      "permanent_buffs": [],
      "pings": null,
      "pred_vict": null,
      "purchase": null,
      "purchase_log": null,
      "randomed": null,
      "repicked": null,
      "roshans_killed": null,
      "rune_pickups": null,
      "runes": null,
      "runes_log": null,
      "sen": null,
      "sen_left_log": null,
      "sen_log": null,
      "sen_placed": null,
      "stuns": null,
      "teamfight_participation": null,
      "times": null,
      "tower_damage": 771,
      "towers_killed": null,
      "xp_per_min": 614,
      "xp_reasons": null,
      "xp_t": null,
      "start_time": 1669911444,
      "duration": -715,
      "cluster": 185,
      "lobby_type": 0,
      "game_mode": 22,
      "is_contributor": false,
      "patch": 51,
      "region": 3,
      "isRadiant": false,
      "total_gold": 15198,
      "total_xp": 16997,
      "kills_per_min": 0.10836845273931367,
      "kda": 1,
      "abandons": 0,
      "rank_tier": null,
      "is_subscriber": false,
      "cosmetics": [],
      "benchmarks": {
        "gold_per_min": {
          "raw": 549,
          "pct": 0.25
        },
        "xp_per_min": {
          "raw": 614,
          "pct": 0.1875
        },
        "kills_per_min": {
          "raw": 0.10836845273931367,
          "pct": 0.25
        },
        "last_hits_per_min": {
          "raw": 8.958458759783262,
          "pct": 0.5
        },
        "hero_damage_per_min": {
          "raw": 319.5424443106562,
          "pct": 0.125
        },
        "hero_healing_per_min": {
          "raw": 0,
          "pct": 1
        },
        "tower_damage": {
          "raw": 771,
          "pct": 0.125
        },
        "stuns_per_min": {
          "raw": 0,
          "pct": 0
        },
        "lhten": {}
      }
    },
    {
      "player_slot": -21,
      "ability_targets": null,
      "ability_upgrades_arr": [
        5597,
        5595,
        5595,
        5596,
        5597,
        5598,
        5597,
        5597,
        0,
        -1121,
        5596,
        5598,
        6218,
        5595,
        0
      ],
      "ability_uses": null,
      "actions": null,
      "additional_units": null,
      "assists": 3,
      "backpack_0": 39,
      "backpack_1": 0,
      "backpack_2": 0,
      "backpack_3": null,
      "buyback_log": null,
      "camps_stacked": null,
      "connection_log": null,
      "creeps_stacked": null,
      "damage": null,
      "damage_inflictor": null,
      "damage_inflictor_received": null,
      "damage_taken": null,
      "damage_targets": null,
      "deaths": 9,
      "denies": 5,
      "dn_t": null,
      "firstblood_claimed": null,
      "gold": 3160,
      "gold_per_min": 402,
      "gold_reasons": null,
      "gold_spent": 8090,
      "gold_t": null,
      "hero_damage": 9933,
      "hero_healing": 720,
      "hero_hits": null,
      "hero_id": 104,
      "item_0": -3,
      "item_1": 50,
      "item_2": 127,
      "item_3": 1,
      "item_4": 0,
      "item_5": 73,
      "item_neutral": 356,
      "item_uses": null,
      "kill_streaks": null,
      "killed": null,
      "killed_by": null,
      "kills": 0,
      "kills_log": null,
      "lane_pos": null,
      "last_hits": 169,
      "leaver_status": 0,
      "level": 15,
      "lh_t": null,
      "life_state": null,
      "max_hero_hit": null,
      "multi_kills": null,
      "net_worth": 9815,
      "obs": null,
      "obs_left_log": null,
      "obs_log": null,
      "obs_placed": null,
      "party_id": 7,
      "party_size": 1,
      "performance_others": null,
      "permanent_buffs": [
        {
          "permanent_buff": 5,
          "stack_count": 10,
          "grant_time": 1020
        }
      ],
      "pings": null,
      "pred_vict": null,
      "purchase": null,
      "purchase_log": null,
      "randomed": null,
      "repicked": null,
      "roshans_killed": null,
      "rune_pickups": null,
      "runes": null,
      "runes_log": null,
      "sen": null,
      "sen_left_log": null,
      "sen_log": null,
      "sen_placed": null,
      "stuns": null,
      "teamfight_participation": null,
      "times": null,
      "tower_damage": 932,
      "towers_killed": null,
      "xp_per_min": 455,
      "xp_reasons": null,
      "xp_t": null,
      "start_time": 1669911444,
      "duration": 1661,
      "cluster": 185,
      "lobby_type": 7,
      "game_mode": 0,
      "is_contributor": false,
      "patch": 51,
      "region": 8,
      "isRadiant": false,
      "total_gold": 11128,
      "total_xp": 12595,
      "kills_per_min": 0.03612281757977122,
      "kda": 0,
      "abandons": 0,
      "rank_tier": null,
      "is_subscriber": false,
      "cosmetics": [],
      "benchmarks": {}
    },
    {
      "player_slot": 131,
      "ability_targets": null,
      "ability_upgrades_arr": [
        0,
        5377,
        0,
        0,
        5377,
        5380,
        5377,
        5379,
        5379,
        6184,
        5379,
        5380
      ],
      "ability_uses": null,
      "actions": null,
      "additional_units": null,
      "assists": 12,
      "backpack_0": 188,
      "backpack_1": 0,
      "backpack_2": 0,
      "backpack_3": null,
      "buyback_log": null,
      "camps_stacked": null,
      "connection_log": null,
      "creeps_stacked": null,
      "damage": null,
      "damage_inflictor": null,
      "damage_inflictor_received": null,
      "damage_taken": null,
      "damage_targets": null,
      "deaths": 8,
      "denies": 7,
      "dn_t": null,
      "firstblood_claimed": null,
      "gold": 1426,
      "gold_per_min": -104,
      "gold_reasons": null,
      "gold_spent": 881,
      "gold_t": null,
      "hero_damage": 18263,
      "hero_healing": 0,
      "hero_hits": null,
      "hero_id": 75,
      "item_0": 36,
      "item_1": 102,
      "item_2": 40,
      "item_3": 73,
      "item_4": 77,
      "item_5": 0,
      "item_neutral": 947,
      "item_uses": null,
      "kill_streaks": null,
      "killed": null,
      "killed_by": null,
      "kills": 0,
      "kills_log": null,
      "lane_pos": null,
      "last_hits": 0,
      "leaver_status": 0,
      "level": 0,
      "lh_t": null,
      "life_state": null,
      "max_hero_hit": null,
      "multi_kills": null,
      "net_worth": 5261,
      "obs": null,
      "obs_left_log": null,
      "obs_log": null,
      "obs_placed": null,
      "party_id": 8,
      "party_size": 1,
      "performance_others": null,
      "permanent_buffs": [
        {
          "permanent_buff": 3,
          "stack_count": 0,
          "grant_time": 188
        }
      ],
      "pings": null,
      "pred_vict": null,
      "purchase": null,
      "purchase_log": null,
      "randomed": null,
      "repicked": null,
      "roshans_killed": null,
      "rune_pickups": null,
      "runes": null,
      "runes_log": null,
      "sen": null,
      "sen_left_log": null,
      "sen_log": null,
      "sen_placed": null,
      "stuns": null,
      "teamfight_participation": null,
      "times": null,
      "tower_damage": 0,
      "towers_killed": null,
      "xp_per_min": 323,
      "xp_reasons": null,
      "xp_t": null,
      "start_time": 1669911444,
      "duration": 1661,
      "cluster": 185,
      "lobby_type": 0,
      "game_mode": 22,
      "is_contributor": false,
      "patch": -6,
      "region": 8,
      "isRadiant": false,
      "total_gold": 2051,
      "total_xp": 8941,
      "kda": 1,
      "abandons": 0,
      "rank_tier": null,
      "is_subscriber": false,
      "cosmetics": [],
      "benchmarks": {
        "gold_per_min": {
          "raw": 243,
          "pct": -0.01659904713542036
        },
        "xp_per_min": {
          "raw": 0,
          "pct": 0.2
        },
        "kills_per_min": {
          "raw": 0,
          "pct": 0.07272727272727272
        },
        "last_hits_per_min": {
          "raw": 1.2281757977122216,
          "pct": -0.11748942762110622
        },
        "hero_damage_per_min": {
          "raw": 659.7110174593619,
          "pct": 0.8
        },
        "hero_healing_per_min": {
          "raw": 0,
          "pct": 0.8
        },
        "tower_damage": {
          "raw": 0,
          "pct": 0.2909090909090909
        },
        "stuns_per_min": {
          "raw": 0,
          "pct": 0.8727272727272727
        },
        "lhten": {}
      }
    },
    {
      "player_slot": 132,
      "ability_targets": null,
      "ability_upgrades_arr": [
        5485,
        5487,
        5485,
        5487,
        5487,
        5488,
        5485,
        5487,
        5485,
        5486,
        7071,
        5488,
        5486,
        1693
      ],
      "ability_uses": null,
      "actions": null,
      "additional_units": null,
      "assists": 9,
      "backpack_0": 0,
      "backpack_1": 188,
      "backpack_2": 0,
      "backpack_3": null,
      "buyback_log": null,
      "camps_stacked": null,
      "connection_log": null,
      "creeps_stacked": null,
      "damage": null,
      "damage_inflictor": null,
      "damage_inflictor_received": null,
      "damage_taken": null,
      "damage_targets": null,
      "deaths": 8,
      "denies": 2,
      "dn_t": null,
      "firstblood_claimed": null,
      "gold": 294,
      "gold_per_min": 194,
      "gold_reasons": null,
      "gold_spent": 5440,
      "gold_t": null,
      "hero_damage": 2352,
      "hero_healing": 7110,
      "hero_hits": null,
      "hero_id": 91,
      "item_0": 79,
      "item_1": 0,
      "item_2": 36,
      "item_3": 0,
      "item_4": 94,
      "item_5": 593,
      "item_neutral": 13,
      "item_uses": null,
      "kill_streaks": null,
      "killed": null,
      "killed_by": null,
      "kills": 1,
      "kills_log": null,
      "lane_pos": null,
      "last_hits": 7,
      "leaver_status": 0,
      "level": 14,
      "lh_t": null,
      "life_state": null,
      "max_hero_hit": null,
      "multi_kills": null,
      "net_worth": 4824,
      "obs": null,
      "obs_left_log": null,
      "obs_log": null,
      "obs_placed": null,
      "party_id": 9,
      "party_size": 1,
      "performance_others": null,
      "permanent_buffs": [
        {
          "permanent_buff": -1,
          "stack_count": 2,
          "grant_time": 897
        },
        {
          "permanent_buff": 12,
          "stack_count": 0,
          "grant_time": 1617
        }
      ],
      "pings": null,
      "pred_vict": null,
      "purchase": null,
      "purchase_log": null,
      "randomed": null,
      "repicked": null,
      "roshans_killed": null,
      "rune_pickups": null,
      "runes": null,
      "runes_log": null,
      "sen": null,
      "sen_left_log": null,
      "sen_log": null,
      "sen_placed": null,
      "stuns": null,
      "teamfight_participation": null,
      "times": null,
      "tower_damage": 0,
      "towers_killed": null,
      "xp_per_min": 408,
      "xp_reasons": null,
      "xp_t": null,
      "start_time": 1669911444,
      "duration": 1661,
      "cluster": 185,
      "lobby_type": 7,
      "game_mode": 22,
      "is_contributor": false,
      "patch": 51,
      "region": 8,
      "isRadiant": false,
      "total_gold": 5370,
      "total_xp": 508,
      "kills_per_min": 0.03612281757977122,
      "kda": 0,
      "abandons": 0,
      "rank_tier": null,
      "is_subscriber": false,
      "cosmetics": [],
      "benchmarks": {
        "gold_per_min": {
          "raw": 194,
          "pct": 0.1111111111111111
        },
        "xp_per_min": {
          "raw": 408,
          "pct": 0.4074074074074074
        },
        "kills_per_min": {
          "raw": 0.03612281757977122,
          "pct": 0.6296296296296297
        },
        "last_hits_per_min": {},
        "hero_damage_per_min": {
          "raw": 84.96086694762191,
          "pct": 0.2962962962962963
        },
        "hero_healing_per_min": {
          "raw": 256.8332329921734,
          "pct": 0.2222222222222222
        },
        "tower_damage": {
          "raw": 0,
          "pct": 0.07407407407407407
        },
        "stuns_per_min": {
          "raw": 0,
          "pct": 0
        },
        "lhten": {}
      }
    }
  ],
  "patch": 51,
  "region": 8
}