{
  "chat": null,
  "cluster": 191,
  "cosmetics": null,
  "dire_score": 43,
  "dire_team_id": null,
  "draft_timings": null,
  "duration": 2025,
  "engine": 1,
  "first_blood_time": 146,
  "game_mode": 23,
  "human_players": 10,
  "leagueid": 0,
  "lobby_type": 0,
  "match_seq_num": -312675935,
  "negative_votes": 0,
  "objectives": null,
  "picks_bans": null,
  "positive_votes": 0,
  "radiant_gold_adv": null,
  "radiant_score": -12,
  "radiant_team_id": null,
  "radiant_xp_adv": null,
  "skill": null,
  "start_time": 1669911786,
  "teamfights": null,
  "version": null,
  "replay_salt": -354443077,
  "series_id": 0,
  "series_type": 0,
  "players": [],
  "patch": 51,
  "region": 9
}