{
  "chat": null,
  "cluster": 0,
  "cosmetics": null,
  "dire_score": 19,
  "dire_team_id": null,
  "draft_timings": null,
  "duration": 476,
  "engine": 0,
  "first_blood_time": 13,
  "game_mode": 23,
  "human_players": 10,
  "leagueid": 0,
  "lobby_type": 0,
  "match_seq_num": 5780328975,
  "negative_votes": 0,
  "objectives": null,
  "picks_bans": null,
  "positive_votes": 0,
  "radiant_gold_adv": null,
  "radiant_score": 16,
  "radiant_team_id": null,
  "radiant_xp_adv": null,
  "skill": null,
  "start_time": 1669912761,
  "teamfights": null,
  "version": null,
  "replay_salt": 1212112455,
  "series_id": 0,
  "series_type": 0,
  "players": [
    {
      "player_slot": 0,
      "ability_targets": null,
      "ability_upgrades_arr": [
        5162,
        0,
        5164,
        5162,
        5162,
        5165,
        5162,
        5163,
        5163,
        1038
      ],
      "ability_uses": null,
      "actions": null,
      "additional_units": null,
      "assists": 8,
      "backpack_0": 0,
      "backpack_1": 0,
      "backpack_2": 0,
      "backpack_3": null,
      "buyback_log": null,
      "camps_stacked": null,
      "connection_log": null,
      "creeps_stacked": null,
      "damage": null,
      "damage_inflictor": null,
      "damage_inflictor_received": null,
      "damage_taken": null,
      "damage_targets": null,
      "deaths": 3,
      "denies": 0,
      "dn_t": null,
      "firstblood_claimed": null,
      "gold": 413,
      "gold_per_min": 811,
      "gold_reasons": null,
      "gold_spent": -2116,
      "gold_t": null,
      "hero_damage": -609,
      "hero_healing": 0,
      "hero_hits": null,
      "hero_id": 37,
      "item_0": -21,
      "item_1": 108,
      "item_2": 0,
      "item_3": 0,
      "item_4": 0,
      "item_5": 0,
      "item_neutral": 589,
      "item_uses": null,
      "kill_streaks": null,
      "killed": null,
      "killed_by": null,
      "kills": 3,
      "kills_log": null,
      "lane_pos": null,
      "last_hits": 0,
      "leaver_status": 0,
      "level": 10,
      "lh_t": null,
      "life_state": null,
      "max_hero_hit": null,
      "multi_kills": null,
      "net_worth": 6813,
      "obs": null,
      "obs_left_log": null,
      "obs_log": null,
      "obs_placed": null,
      "party_id": 0,
      "party_size": 0,
      "performance_others": null,
      "permanent_buffs": [],
      "pings": null,
      "pred_vict": null,
      "purchase": null,
      "purchase_log": null,
      "randomed": null,
      "repicked": null,
      "roshans_killed": null,
      "rune_pickups": null,
      "runes": null,
      "runes_log": null,
      "sen": null,
      "sen_left_log": null,
      "sen_log": null,
      "sen_placed": null,
      "stuns": null,
      "teamfight_participation": null,
      "times": null,
      "tower_damage": 144,
      "towers_killed": null,
      "xp_per_min": 243,
      "xp_reasons": null,
      "xp_t": null,
      "personaname": "剁椒鱼头",
      "name": null,
      "last_login": null,
      "start_time": 1669912761,
      "duration": 476,
      "cluster": 231,
      "lobby_type": 0,
      "game_mode": 23,
      "is_contributor": false,
      "patch": 51,
      "region": 13,
      "isRadiant": true,
      "total_gold": 6002,
      "total_xp": 6584,
      "kills_per_min": 0.37815126050420167,
      "kda": 0,
      "abandons": 0,
      "rank_tier": 32,
      "is_subscriber": false,
      "cosmetics": [],
      "benchmarks": {
        "gold_per_min": {},
        "xp_per_min": {
          "raw": 830,
          "pct": 1
        },
        "kills_per_min": {
          "raw": 0.37815126050420167,
          "pct": 1
        },
        "last_hits_per_min": {
          "raw": 2.0168067226890756,
          "pct": 0.7058823529411765
        },
        "hero_damage_per_min": {
          "raw": 491.47058823529414,
          "pct": 0.4117647058823529
        },
        "hero_healing_per_min": {
          "raw": 0,
          "pct": 0
        },
        "tower_damage": {
          "raw": 0,
          "pct": 0.11764705882352941
        },
        "stuns_per_min": {
          "raw": 0,
          "pct": 0
        },
        "lhten": {}
      }
    },
    {
      "player_slot": 0,
      "ability_targets": null,
      "ability_upgrades_arr": [
        5586,
        -1060,
        5587,
        201,
        0,
        0,
        5586,
        5587,
        5587
      ],
      "ability_uses": null,
      "actions": null,
      "additional_units": null,
      "assists": 7,
      "backpack_0": 0,
      "backpack_1": 0,
      "backpack_2": 0,
      "backpack_3": null,
      "buyback_log": null,
      "camps_stacked": null,
      "connection_log": null,
      "creeps_stacked": null,
      "damage": null,
      "damage_inflictor": null,
      "damage_inflictor_received": null,
      "damage_taken": null,
      "damage_targets": null,
      "deaths": 4,
      "denies": 3,
      "dn_t": null,
      "firstblood_claimed": null,
      "gold": 771,
      "gold_per_min": 825,
      "gold_reasons": null,
      "gold_spent": 7475,
      "gold_t": null,
      "hero_damage": 3944,
      "hero_healing": 0,
      "hero_hits": null,
      "hero_id": 102,
      "item_0": 1,
      "item_1": 21,
      "item_2": 63,
      "item_3": 0,
      "item_4": 28,
      "item_5": 0,
      "item_neutral": 840,
      "item_uses": null,
      "kill_streaks": null,
      "killed": null,
      "killed_by": null,
      "kills": 4,
      "kills_log": null,
      "lane_pos": null,
      "last_hits": 18,
      "leaver_status": 0,
      "level": 9,
      "lh_t": null,
      "life_state": null,
      "max_hero_hit": null,
      "multi_kills": null,
      "net_worth": 6146,
      "obs": null,
      "obs_left_log": null,
      "obs_log": null,
      "obs_placed": null,
      "party_id": 0,
      "party_size": 5,
      "performance_others": null,
      "permanent_buffs": [],
      "pings": null,
      "pred_vict": null,
      "purchase": null,
      "purchase_log": null,
      "randomed": null,
      "repicked": null,
      "roshans_killed": null,
      "rune_pickups": null,
      "runes": null,
      "runes_log": null,
      "sen": null,
      "sen_left_log": null,
      "sen_log": null,
      "sen_placed": null,
      "stuns": null,
      "teamfight_participation": null,
      "times": null,
      "tower_damage": 0,
      "towers_killed": null,
      "xp_per_min": 686,
      "xp_reasons": null,
      "xp_t": null,
      "personaname": "安若",
      "name": null,
      "last_login": null,
      "start_time": 0,
      "duration": 476,
      "cluster": 231,
      "lobby_type": 0,
      "game_mode": -6,
      "is_contributor": false,
      "patch": 51,
      "region": 13,
      "isRadiant": true,
      "total_gold": 6545,
      "total_xp": 3918,
      "kills_per_min": 0.5042016806722689,
      "kda": 0,
      "abandons": 0,
      "rank_tier": 41,
      "is_subscriber": false,
      "cosmetics": [],
      "benchmarks": {
        "gold_per_min": {
          "raw": 825,
          "pct": 1
        },
        "xp_per_min": {
          "raw": 686,
          "pct": 0.5769230769230769
        },
        "kills_per_min": {
          "raw": 0.5042016806722689,
          "pct": 1
        },
        "last_hits_per_min": {},
        "hero_damage_per_min": {
          "raw": 497.14285714285717,
          "pct": 0.38461538461538464
        },
        "hero_healing_per_min": {},
        "tower_damage": {
          "raw": 0,
          "pct": 0.057692307692307696
        },
        "stuns_per_min": {
          "raw": 0,
          "pct": 0.24769255017989483
        },
        "lhten": {}
      }
    },
    {
      "player_slot": 2,
      "ability_targets": null,
      "ability_upgrades_arr": [
        5353,
        5355,
        5355,
        5353,
        5356,
        5355,
        7301
      ],
      "ability_uses": null,
      "actions": null,
      "additional_units": null,
      "assists": 7,
      "backpack_0": 0,
      "backpack_1": 0,
      "backpack_2": 0,
      "backpack_3": null,
      "buyback_log": null,
      "camps_stacked": null,
      "connection_log": null,
      "creeps_stacked": null,
      "damage": null,
      "damage_inflictor": null,
      "damage_inflictor_received": null,
      "damage_taken": null,
      "damage_targets": null,
      "deaths": 4,
      "denies": 0,
      "dn_t": null,
      "firstblood_claimed": null,
      "gold": 1188,
      "gold_per_min": 546,
      "gold_reasons": null,
      "gold_spent": 3750,
      "gold_t": null,
      "hero_damage": 2962,
      "hero_healing": 0,
      "hero_hits": null,
      "hero_id": 71,
      "item_0": 223,
      "item_1": 11,
      "item_2": 180,
      "item_3": 0,
      "item_4": 0,
      "item_5": 0,
      "item_neutral": 946,
      "item_uses": null,
      "kill_streaks": null,
      "killed": null,
      "killed_by": null,
      "kills": 2,
      "kills_log": null,
      "lane_pos": null,
      "last_hits": 0,
      "leaver_status": 0,
      "level": 7,
      "lh_t": null,
      "life_state": null,
      "max_hero_hit": null,
      "multi_kills": null,
      "net_worth": 0,
      "obs": null,
      "obs_left_log": null,
      "obs_log": null,
      "obs_placed": null,
      "party_id": 0,
      "party_size": 5,
      "performance_others": null,
      "permanent_buffs": [],
      "pings": null,
      "pred_vict": null,
      "purchase": null,
      "purchase_log": null,
      "randomed": null,
      "repicked": null,
      "roshans_killed": null,
      "rune_pickups": null,
      "runes": null,
      "runes_log": null,
      "sen": null,
      "sen_left_log": null,
      "sen_log": null,
      "sen_placed": null,
      "stuns": null,
      "teamfight_participation": null,
      "times": null,
      "tower_damage": 0,
      "towers_killed": null,
      "xp_per_min": 496,
      "xp_reasons": null,
      "xp_t": null,
      "personaname": "发粪涂墙",
      "name": null,
      "last_login": null,
      "start_time": 0,
      "duration": 476,
      "cluster": 0,
      "lobby_type": 0,
      "game_mode": 23,
      "is_contributor": false,
      "patch": 51,
      "region": 13,
      "isRadiant": true,
      "total_gold": 2012,
      "total_xp": 3934,
      "kills_per_min": 0.25210084033613445,
      "kda": 1,
      "abandons": 0,
      "rank_tier": 14,
      "is_subscriber": false,
      "cosmetics": [],
      "benchmarks": {
        "gold_per_min": {
          "raw": -209,
          "pct": 0.8
        },
        "xp_per_min": {
          "raw": 496,
          "pct": 0.325
        },
        "kills_per_min": {
          "raw": 0.06545597519189786,
          "pct": 0.85
        },
        "last_hits_per_min": {
          "raw": 1.0084033613445378,
          "pct": 0.075
        },
        "hero_damage_per_min": {
          "raw": 373.3613445378151,
          "pct": 0.5
        },
        "hero_healing_per_min": {
          "raw": 0,
          "pct": 0.4350743153635515
        },
        "tower_damage": {
          "raw": 0,
          "pct": 0.175
        },
        "stuns_per_min": {},
        "lhten": {}
      }
    },
    {
      "player_slot": 3,
      "ability_targets": null,
      "ability_upgrades_arr": [
        5526,
        0,
        5526,
        5524,
        5526,
        5527,
        2506,
        5524,
        -2694,
        235,
        -1661,
        5525
      ],
      "ability_uses": null,
      "actions": null,
      "additional_units": null,
      "assists": 0,
      "backpack_0": 0,
      "backpack_1": 0,
      "backpack_2": 0,
      "backpack_3": null,
      "buyback_log": null,
      "camps_stacked": null,
      "connection_log": null,
      "creeps_stacked": null,
      "damage": null,
      "damage_inflictor": null,
      "damage_inflictor_received": null,
      "damage_taken": null,
      "damage_targets": null,
      "deaths": 0,
      "denies": 1,
      "dn_t": null,
      "firstblood_claimed": null,
      "gold": 124,
      "gold_per_min": 827,
      "gold_reasons": null,
      "gold_spent": -1241,
      "gold_t": null,
      "hero_damage": 1763,
      "hero_healing": 0,
      "hero_hits": null,
      "hero_id": 98,
      "item_0": -4,
      "item_1": 34,
      "item_2": 125,
      "item_3": 178,
      "item_4": 131,
      "item_5": 94,
      "item_neutral": 355,
      "item_uses": null,
      "kill_streaks": null,
      "killed": null,
      "killed_by": null,
      "kills": 3,
      "kills_log": null,
      "lane_pos": null,
      "last_hits": 33,
      "leaver_status": 0,
      "level": 12,
      "lh_t": null,
      "life_state": null,
      "max_hero_hit": null,
      "multi_kills": null,
      "net_worth": 7068,
      "obs": null,
      "obs_left_log": null,
      "obs_log": null,
      "obs_placed": null,
      "party_id": 0,
      "party_size": 5,
      "performance_others": null,
      "permanent_buffs": [],
      "pings": null,
      "pred_vict": null,
      "purchase": null,
      "purchase_log": null,
      "randomed": null,
      "repicked": null,
      "roshans_killed": null,
      "rune_pickups": null,
      "runes": null,
      "runes_log": null,
      "sen": null,
      "sen_left_log": null,
      "sen_log": null,
      "sen_placed": null,
      "stuns": null,
      "teamfight_participation": null,
      "times": null,
      "tower_damage": 0,
      "towers_killed": null,
      "xp_per_min": 1059,
      "xp_reasons": null,
      "xp_t": null,
      "personaname": "ACTOR",
      "name": null,
      "last_login": null,
      "start_time": 0,
      "duration": 476,
      "cluster": -22,
      "lobby_type": 0,
      "game_mode": 0,
      "is_contributor": false,
      "patch": 0,
      "region": 13,
      "isRadiant": true,
      "total_gold": 2827,
      "total_xp": 8401,
      "kills_per_min": 0.37815126050420167,
      "kda": 1,
      "abandons": 0,
      "rank_tier": -6,
      "is_subscriber": false,
      "cosmetics": [],
      "benchmarks": {
        "gold_per_min": {
          "raw": 827,
          "pct": 1
        },
        "xp_per_min": {
          "raw": 1059,
          "pct": 0
        },
        "kills_per_min": {
          "raw": 0.37815126050420167,
          "pct": 0.9666666666666667
        },
        "last_hits_per_min": {
          "raw": 4.159663865546219,
          "pct": 0.1
        },
        "hero_damage_per_min": {
          "raw": 222.22689075630254,
          "pct": -0.023718780708146904
        },
        "hero_healing_per_min": {
          "raw": 0,
          "pct": 0.9333333333333333
        },
        "tower_damage": {
          "raw": 0,
          "pct": 0.2
        },
        "stuns_per_min": {
          "raw": 0,
          "pct": 0.027065417805221058
        },
        "lhten": {}
      }
    },
    {
      "player_slot": 4,
      "ability_targets": null,
      "ability_upgrades_arr": [
        5127,
        5126,
        5128,
        5126,
        5128,
        0,
        5126,
        5126,
        5128,
        772
      ],
      "ability_uses": null,
      "actions": null,
      "additional_units": null,
      "assists": 5,
      "backpack_0": 0,
      "backpack_1": 0,
      "backpack_2": 0,
      "backpack_3": null,
      "buyback_log": null,
      "camps_stacked": null,
      "connection_log": null,
      "creeps_stacked": null,
      "damage": null,
      "damage_inflictor": null,
      "damage_inflictor_received": null,
      "damage_taken": null,
      "damage_targets": null,
      "deaths": 0,
      "denies": 0,
      "dn_t": null,
      "firstblood_claimed": null,
      "gold": 714,
      "gold_per_min": 751,
      "gold_reasons": null,
      "gold_spent": 5850,
      "gold_t": null,
      "hero_damage": 1913,
      "hero_healing": 0,
      "hero_hits": null,
      "hero_id": 5,
      "item_0": 180,
      "item_1": 0,
      "item_2": 223,
      "item_3": 0,
      "item_4": 0,
      "item_5": 0,
      "item_neutral": -30,
      "item_uses": null,
      "kill_streaks": null,
      "killed": null,
      "killed_by": null,
      "kills": 2,
      "kills_log": null,
      "lane_pos": null,
      "last_hits": 23,
      "leaver_status": 0,
      "level": 10,
      "lh_t": null,
      "life_state": null,
      "max_hero_hit": null,
      "multi_kills": null,
      "net_worth": 0,
      "obs": null,
      "obs_left_log": null,
      "obs_log": null,
      "obs_placed": null,
      "party_id": 0,
      "party_size": 0,
      "performance_others": null,
      "permanent_buffs": [],
      "pings": null,
      "pred_vict": null,
      "purchase": null,
      "purchase_log": null,
      "randomed": null,
      "repicked": null,
      "roshans_killed": null,
      "rune_pickups": null,
      "runes": null,
      "runes_log": null,
      "sen": null,
      "sen_left_log": null,
      "sen_log": null,
      "sen_placed": null,
      "stuns": null,
      "teamfight_participation": null,
      "times": null,
      "tower_damage": 588,
      "towers_killed": null,
      "xp_per_min": 776,
      "xp_reasons": null,
      "xp_t": null,
      "personaname": "牛肉板命",
      "name": null,
      "last_login": null,
      "start_time": 1669912761,
      "duration": 476,
      "cluster": 231,
      "lobby_type": 0,
      "game_mode": 23,
      "is_contributor": false,
      "patch": 51,
      "region": 13,
      "isRadiant": true,
      "total_gold": 2944,
      "total_xp": 3485,
      "kills_per_min": 0.25210084033613445,
      "kda": 0,
      "abandons": 0,
      "rank_tier": 35,
      "is_subscriber": false,
      "cosmetics": [],
      "benchmarks": {
        "gold_per_min": {
          "raw": 751,
          "pct": 1
        },
        "xp_per_min": {},
        "kills_per_min": {},
        "last_hits_per_min": {
          "raw": 2.899159663865546,
          "pct": 0.975
        },
        "hero_damage_per_min": {
          "raw": 241.1344537815126,
          "pct": 0.125
        },
        "hero_healing_per_min": {
          "raw": 0,
          "pct": 0.875
        },
        "tower_damage": {
          "raw": 107,
          "pct": 0.825
        },
        "stuns_per_min": {
          "raw": 0,
          "pct": 0.025
        },
        "lhten": {}
      }
    },
    {
      "player_slot": 4,
      "ability_targets": null,
      "ability_upgrades_arr": [
        5083,
        -2401,
        5083,
        5084,
        -2129,
        5085,
        5083,
        5082,
        5084,
        7386,
        5084,
        5085,
        0
      ],
      "ability_uses": null,
      "actions": null,
      "additional_units": null,
      "assists": 5,
      "backpack_0": 0,
      "backpack_1": 0,
      "backpack_2": 0,
      "backpack_3": null,
      "buyback_log": null,
      "camps_stacked": null,
      "connection_log": null,
      "creeps_stacked": null,
      "damage": null,
      "damage_inflictor": null,
      "damage_inflictor_received": null,
      "damage_taken": null,
      "damage_targets": null,
      "deaths": 3,
      "denies": 0,
      "dn_t": null,
      "firstblood_claimed": null,
      "gold": 1963,
      "gold_per_min": 1091,
      "gold_reasons": null,
      "gold_spent": 7295,
      "gold_t": null,
      "hero_damage": 0,
      "hero_healing": 0,
      "hero_hits": null,
      "hero_id": 15,
      "item_0": 73,
      "item_1": 19,
      "item_2": -49,
      "item_3": 22,
      "item_4": 0,
      "item_5": 0,
      "item_neutral": 947,
      "item_uses": null,
      "kill_streaks": null,
      "killed": null,
      "killed_by": null,
      "kills": -2,
      "kills_log": null,
      "lane_pos": null,
      "last_hits": 14,
      "leaver_status": 0,
      "level": 13,
      "lh_t": null,
      "life_state": null,
      "max_hero_hit": null,
      "multi_kills": null,
      "net_worth": 8968,
      "obs": null,
      "obs_left_log": null,
      "obs_log": null,
      "obs_placed": null,
      "party_id": 0,
      "party_size": 5,
      "performance_others": null,
      "permanent_buffs": [],
      "pings": null,
      "pred_vict": null,
      "purchase": null,
      "purchase_log": null,
      "randomed": null,
      "repicked": null,
      "roshans_killed": null,
      "rune_pickups": null,
      "runes": null,
      "runes_log": null,
      "sen": null,
      "sen_left_log": null,
      "sen_log": null,
      "sen_placed": null,
      "stuns": null,
      "teamfight_participation": null,
      "times": null,
      "tower_damage": -3,
      "towers_killed": null,
      "xp_per_min": 1350,
      "xp_reasons": null,
      "xp_t": null,
      "personaname": "Mr.Could Be Happier",
      "name": null,
      "last_login": "2019-10-06T13:39:49.333Z",
      "start_time": -542319106,
      "duration": -49,
      "cluster": 231,
      "lobby_type": 0,
      "game_mode": 23,
      "is_contributor": false,
      "patch": 51,
      "region": 13,
      "isRadiant": false,
      "total_gold": 8655,
      "total_xp": 9929,
      "kills_per_min": 0.7563025210084033,
      "kda": 0,
      "abandons": 0,
      "rank_tier": 24,
      "is_subscriber": false,
      "cosmetics": [],
      "benchmarks": {
        "gold_per_min": {
          "raw": 1091,
          "pct": 1
        },
        "xp_per_min": {},
        "kills_per_min": {
          "raw": 0.7563025210084033,
          "pct": 1
        },
        "last_hits_per_min": {
          "raw": 1.7647058823529411,
          "pct": 0.0018857636842101178
        },
        "hero_damage_per_min": {
          "raw": 1002.3529411764706,
          "pct": 0.6363636363636364
        },
        "hero_healing_per_min": {
          "raw": 0,
          "pct": 1
        },
        "tower_damage": {
          "raw": 68,
          "pct": 0.18181818181818182
        },
        "stuns_per_min": {
          "raw": 0,
          "pct": 0.5454545454545454
        },
        "lhten": {}
      }
    },
    {
      "player_slot": 0,
      "ability_targets": null,
      "ability_upgrades_arr": [
        5591,
        5589,
        5593,
        5591,
        5591,
        5594,
        2209,
        0
      ],
      "ability_uses": null,
      "actions": null,
      "additional_units": null,
      "assists": 1,
      "backpack_0": 0,
      "backpack_1": 0,
      "backpack_2": 0,
      "backpack_3": null,
      "buyback_log": null,
      "camps_stacked": null,
      "connection_log": null,
      "creeps_stacked": null,
      "damage": null,
      "damage_inflictor": null,
      "damage_inflictor_received": null,
      "damage_taken": null,
      "damage_targets": null,
      "deaths": 2,
      "denies": 0,
      "dn_t": null,
      "firstblood_claimed": null,
      "gold": 3419,
      "gold_per_min": 971,
      "gold_reasons": null,
      "gold_spent": 4925,
      "gold_t": null,
      "hero_damage": 4142,
      "hero_healing": 0,
      "hero_hits": null,
      "hero_id": 103,
      "item_0": 223,
      "item_1": 0,
      "item_2": 56,
      "item_3": 0,
      "item_4": 0,
      "item_5": 0,
      "item_neutral": 838,
      "item_uses": null,
      "kill_streaks": null,
      "killed": null,
      "killed_by": null,
      "kills": 5,
      "kills_log": null,
      "lane_pos": null,
      "last_hits": 15,
      "leaver_status": 0,
      "level": 8,
      "lh_t": null,
      "life_state": null,
      "max_hero_hit": null,
      "multi_kills": null,
      "net_worth": 8344,
      "obs": null,
      "obs_left_log": null,
      "obs_log": null,
      "obs_placed": null,
      "party_id": 1,
      "party_size": 5,
      "performance_others": null,
      "permanent_buffs": [],
      "pings": null,
      "pred_vict": null,
      "purchase": null,
      "purchase_log": null,
      "randomed": null,
      "repicked": null,
      "roshans_killed": null,
      "rune_pickups": null,
      "runes": null,
      "runes_log": null,
      "sen": null,
      "sen_left_log": null,
      "sen_log": null,
      "sen_placed": null,
      "stuns": null,
      "teamfight_participation": null,
      "times": null,
      "tower_damage": 4252,
      "towers_killed": null,
      "xp_per_min": 595,
      "xp_reasons": null,
      "xp_t": null,
      "personaname": "Teleport",
      "name": null,
      "last_login": null,
      "start_time": 0,
      "duration": 476,
      "cluster": 231,
      "lobby_type": 0,
      "game_mode": 1,
      "is_contributor": false,
      "patch": 51,
      "region": 13,
      "isRadiant": false,
      "total_gold": 7703,
      "total_xp": 2821,
      "kills_per_min": 0.6302521008403361,
      "kda": 2,
      "abandons": 0,
      "rank_tier": 23,
      "is_subscriber": false,
      "cosmetics": [],
      "benchmarks": {
        "gold_per_min": {
          "raw": 971,
          "pct": 1
        },
        "xp_per_min": {
          "raw": 0,
          "pct": 0.6
        },
        "kills_per_min": {
          "raw": 0.6302521008403362,
          "pct": 1
        },
        "last_hits_per_min": {
          "raw": 0.02592757849044647,
          "pct": 0.4
        },
        "hero_damage_per_min": {
          "raw": 258.26830096204776,
          "pct": 0.6
        },
        "hero_healing_per_min": {
          "raw": 0,
          "pct": 1
        },
        "tower_damage": {},
        "stuns_per_min": {
          "raw": 0,
          "pct": 0
        },
        "lhten": {}
      }
    },
    {
      "player_slot": 130,
      "ability_targets": null,
      "ability_upgrades_arr": [
        1479,
        2192,
        5469,
        5468,
        5469,
        5470,
        5469
      ],
      "ability_uses": null,
      "actions": null,
      "additional_units": null,
      "assists": 7,
      "backpack_0": 0,
      "backpack_1": 0,
      "backpack_2": 0,
      "backpack_3": null,
      "buyback_log": null,
      "camps_stacked": null,
      "connection_log": null,
      "creeps_stacked": null,
      "damage": null,
      "damage_inflictor": null,
      "damage_inflictor_received": null,
      "damage_taken": null,
      "damage_targets": null,
      "deaths": 3,
      "denies": 0,
      "dn_t": null,
      "firstblood_claimed": null,
      "gold": 390,
      "gold_per_min": 799,
      "gold_reasons": null,
      "gold_spent": 6550,
      "gold_t": null,
      "hero_damage": 1237,
      "hero_healing": 0,
      "hero_hits": null,
      "hero_id": 89,
      "item_0": -103,
      "item_1": 247,
      "item_2": 0,
      "item_3": 0,
      "item_4": 0,
      "item_5": 0,
      "item_neutral": 355,
      "item_uses": null,
      "kill_streaks": null,
      "killed": null,
      "killed_by": null,
      "kills": 2,
      "kills_log": null,
      "lane_pos": null,
      "last_hits": 22,
      "leaver_status": 0,
      "level": 7,
      "lh_t": null,
      "life_state": null,
      "max_hero_hit": null,
      "multi_kills": null,
      "net_worth": 6840,
      "obs": null,
      "obs_left_log": null,
      "obs_log": null,
      "obs_placed": null,
      "party_id": 0,
      "party_size": 5,
      "performance_others": null,
      "permanent_buffs": [],
      "pings": null,
      "pred_vict": null,
      "purchase": null,
      "purchase_log": null,
      "randomed": null,
      "repicked": null,
      "roshans_killed": null,
      "rune_pickups": null,
      "runes": null,
      "runes_log": null,
      "sen": null,
      "sen_left_log": null,
      "sen_log": null,
      "sen_placed": null,
      "stuns": null,
      "teamfight_participation": null,
      "times": null,
      "tower_damage": 3729,
      "towers_killed": null,
      "xp_per_min": 502,
      "xp_reasons": null,
      "xp_t": null,
      "personaname": "奖励自己一把卡尔",
      "name": null,
      "last_login": null,
      "start_time": 1669912761,
      "duration": 476,
      "cluster": 231,
      "lobby_type": 0,
      "game_mode": 23,
      "is_contributor": false,
      "patch": 51,
      "region": 13,
      "isRadiant": false,
      "total_gold": 4149,
      "total_xp": 2685,
      "kills_per_min": 0.11185829064767921,
      "kda": 0,
      "abandons": 0,
      "rank_tier": null,
      "is_subscriber": false,
      "cosmetics": [],
      "benchmarks": {
        "gold_per_min": {},
        "xp_per_min": {
          "raw": 502,
          "pct": 0.08333333333333333
        },
        "kills_per_min": {
          "raw": 0.25210084033613445,
          "pct": 0.5833333333333334
        },
        "last_hits_per_min": {},
        "hero_damage_per_min": {
          "raw": 155.92436974789916,
          "pct": 0
        },
        "hero_healing_per_min": {
          "raw": 0,
          "pct": 1
        },
        "tower_damage": {
          "raw": 3729,
          "pct": 0.25
        },
        "stuns_per_min": {
          "raw": 0,
          "pct": 0
        },
        "lhten": {}
      }
    },
    {
      "player_slot": 131,
      "ability_targets": null,
      "ability_upgrades_arr": [
        0,
        5145,
        0,
        5142,
        5143,
        5144,
        5143,
        5145
      ],
      "ability_uses": null,
      "actions": null,
      "additional_units": null,
      "assists": 6,
      "backpack_0": 0,
      "backpack_1": 0,
      "backpack_2": 0,
      "backpack_3": null,
      "buyback_log": null,
      "camps_stacked": null,
      "connection_log": null,
      "creeps_stacked": null,
      "damage": null,
      "damage_inflictor": null,
      "damage_inflictor_received": null,
      "damage_taken": null,
      "damage_targets": null,
      "deaths": 4,
      "denies": 0,
      "dn_t": null,
      "firstblood_claimed": null,
      "gold": 0,
      "gold_per_min": 817,
      "gold_reasons": null,
      "gold_spent": 5025,
      "gold_t": null,
      "hero_damage": 1475,
      "hero_healing": 0,
      "hero_hits": null,
      "hero_id": 2,
      "item_0": 223,
      "item_1": 18,
      "item_2": 39,
      "item_3": 0,
      "item_4": 0,
      "item_5": 63,
      "item_neutral": 577,
      "item_uses": null,
      "kill_streaks": null,
      "killed": null,
      "killed_by": null,
      "kills": 3,
      "kills_log": null,
      "lane_pos": null,
      "last_hits": 13,
      "leaver_status": 0,
      "level": 0,
      "lh_t": null,
      "life_state": null,
      "max_hero_hit": null,
      "multi_kills": null,
      "net_worth": 5141,
      "obs": null,
      "obs_left_log": null,
      "obs_log": null,
      "obs_placed": null,
      "party_id": 1,
      "party_size": 5,
      "performance_others": null,
      "permanent_buffs": [],
      "pings": null,
      "pred_vict": null,
      "purchase": null,
      "purchase_log": null,
      "randomed": null,
      "repicked": null,
      "roshans_killed": null,
      "rune_pickups": null,
      "runes": null,
      "runes_log": null,
      "sen": null,
      "sen_left_log": null,
      "sen_log": null,
      "sen_placed": null,
      "stuns": null,
      "teamfight_participation": null,
      "times": null,
      "tower_damage": 4054,
      "towers_killed": null,
      "xp_per_min": -40,
      "xp_reasons": null,
      "xp_t": null,
      "personaname": "共和国之辉",
      "name": null,
      "last_login": null,
      "start_time": 1669912761,
      "duration": 177,
      "cluster": 231,
      "lobby_type": 0,
      "game_mode": 11,
      "is_contributor": false,
      "patch": 51,
      "region": 13,
      "isRadiant": false,
      "total_gold": 4555,
      "total_xp": 4712,
      "kills_per_min": 0.37815126050420167,
      "kda": 0,
      "abandons": 0,
      "rank_tier": 0,
      "is_subscriber": false,
      "cosmetics": [],
      "benchmarks": {
        "gold_per_min": {
          "raw": 231,
          "pct": 1
        },
        "xp_per_min": {
          "raw": 210,
          "pct": 0.5
        },
        "kills_per_min": {
          "raw": 0.37815126050420167,
          "pct": 0.6875
        },
        "last_hits_per_min": {
          "raw": 1.638655462184874,
          "pct": 0.625
        },
        "hero_damage_per_min": {
          "raw": 185.92436974789916,
          "pct": 0.0625
        },
        "hero_healing_per_min": {
          "raw": 0,
          "pct": 0.6875
        },
        "tower_damage": {
          "raw": 4054,
          "pct": 0.8125
        },
        "stuns_per_min": {},
        "lhten": {}
      }
    },
    {
      "player_slot": -29,
      "ability_targets": null,
      "ability_upgrades_arr": [
        5471,
        5473,
        5471,
        5473,
        5471,
        5474,
        5471,
        5473
      ],
      "ability_uses": null,
      "actions": null,
      "additional_units": null,
      "assists": 0,
      "backpack_0": 0,
      "backpack_1": 0,
      "backpack_2": 0,
      "backpack_3": null,
      "buyback_log": null,
      "camps_stacked": null,
      "connection_log": null,
      "creeps_stacked": null,
      "damage": null,
      "damage_inflictor": null,
      "damage_inflictor_received": null,
      "damage_taken": null,
      "damage_targets": null,
      "deaths": 4,
      "denies": 0,
      "dn_t": null,
      "firstblood_claimed": null,
      "gold": 0,
      "gold_per_min": 1020,
      "gold_reasons": null,
      "gold_spent": 8650,
      "gold_t": null,
      "hero_damage": 7735,
      "hero_healing": 847,
      "hero_hits": null,
      "hero_id": 90,
      "item_0": 223,
      "item_1": 65,
      "item_2": 277,
      "item_3": 0,
      "item_4": 0,
      "item_5": 0,
      "item_neutral": 840,
      "item_uses": null,
      "kill_streaks": null,
      "killed": null,
      "killed_by": null,
      "kills": 1,
      "kills_log": null,
      "lane_pos": null,
      "last_hits": 30,
      "leaver_status": 0,
      "level": 8,
      "lh_t": null,
      "life_state": null,
      "max_hero_hit": null,
      "multi_kills": null,
      "net_worth": 8800,
      "obs": null,
      "obs_left_log": null,
      "obs_log": null,
      "obs_placed": null,
      "party_id": 1,
      "party_size": 5,
      "performance_others": null,
      "permanent_buffs": [],
      "pings": null,
      "pred_vict": null,
      "purchase": null,
      "purchase_log": null,
      "randomed": null,
      "repicked": null,
      "roshans_killed": null,
      "rune_pickups": null,
      "runes": null,
      "runes_log": null,
      "sen": null,
      "sen_left_log": null,
      "sen_log": null,
      "sen_placed": null,
      "stuns": null,
      "teamfight_participation": null,
      "times": null,
      "tower_damage": 3152,
      "towers_killed": null,
      "xp_per_min": 600,
      "xp_reasons": null,
      "xp_t": null,
      "start_time": -163362252,
      "duration": 476,
      "cluster": 231,
      "lobby_type": 0,
      "game_mode": 23,
      "is_contributor": false,
      "patch": 51,
      "region": 13,
      "isRadiant": false,
      "total_gold": 8092,
      "total_xp": 585,
      "kills_per_min": 0.12605042016806722,
      "kda": 1,
      "abandons": 0,
      "rank_tier": null,
      "is_subscriber": false,
      "cosmetics": [],
      "benchmarks": {
        "gold_per_min": {
          "raw": 1020,
          "pct": 1
        },
        "xp_per_min": {
          "raw": 600,
          "pct": 0.55
        },
        "kills_per_min": {
          "raw": 0.12605042016806722,
          "pct": 0.55
        },
        "last_hits_per_min": {
          "raw": 3.7815126050420167,
          "pct": 0.5
        },
        "hero_damage_per_min": {},
        "hero_healing_per_min": {
          "raw": -4.470661986739705,
          "pct": 0.4
        },
        "tower_damage": {
          "raw": 3152,
          "pct": 1
        },
        "stuns_per_min": {
          "raw": 0,
          "pct": 0.8
        },
        "lhten": {}
      }
    }
  ],
  "patch": 51,
  "region": 13
}