{
  "chat": null,
  "cluster": 0,
  "cosmetics": null,
  "dire_score": 46,
  "dire_team_id": null,
  "draft_timings": null,
  "duration": 1018,
  "engine": 1,
  "first_blood_time": 66,
  "game_mode": 23,
  "human_players": 10,
  "leagueid": 0,
  "lobby_type": 0,
  "match_seq_num": 5780339977,
  "negative_votes": 0,
  "objectives": null,
  "picks_bans": null,
  "positive_votes": 0,
  "radiant_gold_adv": null,
  "radiant_score": 7,
  "radiant_team_id": null,
  "radiant_xp_adv": null,
  "skill": null,
  "start_time": 1669912635,
  "teamfights": null,
  "version": null,
  "replay_salt": 42271818,
  "series_id": 0,
  "series_type": 0,
  "players": [
    {
      "player_slot": 0,
      "ability_targets": null,
      "ability_upgrades_arr": [],
      "ability_uses": null,
      "actions": null,
      "additional_units": null,
      "assists": 5,
      "backpack_0": 0,
      "backpack_1": 0,
      "backpack_2": 0,
      "backpack_3": null,
      "buyback_log": null,
      "camps_stacked": null,
      "connection_log": null,
      "creeps_stacked": null,
      "damage": null,
      "damage_inflictor": null,
      "damage_inflictor_received": null,
      "damage_taken": null,
      "damage_targets": null,
      "deaths": 8,
      "denies": 0,
      "dn_t": null,
      "firstblood_claimed": null,
      "gold": 2141,
      "gold_per_min": 446,
      "gold_reasons": null,
      "gold_spent": 4415,
      "gold_t": null,
      "hero_damage": 11083,
      "hero_healing": 2557,
      "hero_hits": null,
      "hero_id": 8,
      "item_0": 11,
      "item_1": 36,
      "item_2": 75,
      "item_3": 166,
      "item_4": 0,
      "item_5": 0,
      "item_neutral": 0,
      "item_uses": null,
      "kill_streaks": null,
      "killed": null,
      "killed_by": null,
      "kills": 0,
      "kills_log": null,
      "lane_pos": null,
      "last_hits": 0,
      "leaver_status": 0,
      "level": 0,
      "lh_t": null,
      "life_state": null,
      "max_hero_hit": null,
      "multi_kills": null,
      "net_worth": -1431,
      "obs": null,
      "obs_left_log": null,
      "obs_log": null,
      "obs_placed": null,
      "party_id": 0,
      "party_size": 0,
      "performance_others": null,
      "permanent_buffs": [],
      "pings": null,
      "pred_vict": null,
      "purchase": null,
      "purchase_log": null,
      "randomed": null,
      "repicked": null,
      "roshans_killed": null,
      "rune_pickups": null,
      "runes": null,
      "runes_log": null,
      "sen": null,
      "sen_left_log": null,
      "sen_log": null,
      "sen_placed": null,
      "stuns": null,
      "teamfight_participation": null,
      "times": null,
      "tower_damage": 143,
      "towers_killed": null,
      "xp_per_min": 1828,
      "xp_reasons": null,
      "xp_t": null,
      "start_time": 1669912635,
      "duration": 1018,
      "cluster": 187,
      "lobby_type": 0,
      "game_mode": 23,
      "is_contributor": false,
      "patch": 22,
      "region": 8,
      "isRadiant": true,
      "total_gold": 844,
      "total_xp": 7036,
      "kda": 0,
      "abandons": 0,
      "rank_tier": null,
      "is_subscriber": false,
      "cosmetics": [],
      "benchmarks": {
        "gold_per_min": {
          "raw": 446,
          "pct": 0.12121212121212122
        },
        "xp_per_min": {},
        "kills_per_min": {
          "raw": 0,
          "pct": 0
        },
        "last_hits_per_min": {
          "raw": 0.7662082514734774,
          "pct": 0
        },
        "hero_damage_per_min": {
          "raw": 653.2220039292731,
          "pct": 0.45454545454545453
        },
        "hero_healing_per_min": {
          "raw": 150.7072691552063,
          "pct": 0.5757575757575758
        },
        "tower_damage": {
          "raw": 143,
          "pct": 0.09090909090909091
        },
        "stuns_per_min": {
          "raw": 0,
          "pct": -0.06688634578182917
        },
        "lhten": {}
      }
    },
    {
      "player_slot": 1,
      "ability_targets": null,
      "ability_upgrades_arr": [],
      "ability_uses": null,
      "actions": null,
      "additional_units": null,
      "assists": -1,
      "backpack_0": 0,
      "backpack_1": 0,
      "backpack_2": 0,
      "backpack_3": null,
      "buyback_log": null,
      "camps_stacked": null,
      "connection_log": null,
      "creeps_stacked": null,
      "damage": null,
      "damage_inflictor": null,
      "damage_inflictor_received": null,
      "damage_taken": null,
      "damage_targets": null,
      "deaths": 9,
      "denies": 0,
      "dn_t": null,
      "firstblood_claimed": null,
      "gold": 2215,
      "gold_per_min": 309,
      "gold_reasons": null,
      "gold_spent": 3635,
      "gold_t": null,
      "hero_damage": 4110,
      "hero_healing": 0,
      "hero_hits": null,
      "hero_id": 97,
      "item_0": 44,
      "item_1": 13,
      "item_2": 252,
      "item_3": 0,
      "item_4": 38,
      "item_5": 216,
      "item_neutral": 0,
      "item_uses": null,
      "kill_streaks": null,
      "killed": null,
      "killed_by": null,
      "kills": 0,
      "kills_log": null,
      "lane_pos": null,
      "last_hits": 2,
      "leaver_status": 0,
      "level": 22,
      "lh_t": null,
      "life_state": null,
      "max_hero_hit": null,
      "multi_kills": null,
      "net_worth": 5110,
      "obs": null,
      "obs_left_log": null,
      "obs_log": null,
      "obs_placed": null,
      "party_id": 0,
      "party_size": 0,
      "performance_others": null,
      "permanent_buffs": [],
      "pings": null,
      "pred_vict": null,
      "purchase": null,
      "purchase_log": null,
      "randomed": null,
      "repicked": null,
      "roshans_killed": null,
      "rune_pickups": null,
      "runes": null,
      "runes_log": null,
      "sen": null,
      "sen_left_log": null,
      "sen_log": null,
      "sen_placed": null,
      "stuns": null,
      "teamfight_participation": null,
      "times": null,
      "tower_damage": 0,
      "towers_killed": null,
      "xp_per_min": 1531,
      "xp_reasons": null,
      "xp_t": null,
      "start_time": 1669912635,
      "duration": 1018,
      "cluster": 187,
      "lobby_type": 0,
      "game_mode": 23,
      "is_contributor": false,
      "patch": 0,
      "region": 0,
      "isRadiant": true,
      "total_gold": 5242,
      "total_xp": 25975,
      "kda": 0,
      "abandons": 0,
      "rank_tier": null,
      "is_subscriber": false,
      "cosmetics": [],
      "benchmarks": {
        "gold_per_min": {
          "raw": 309,
          "pct": 0.14285714285714285
        },
        "xp_per_min": {
          "raw": 1531,
          "pct": 1
        },
        "kills_per_min": {
          "raw": 0,
          "pct": 0.023809523809523808
        },
        "last_hits_per_min": {
          "raw": 0.03777707988867215,
          "pct": 0
        },
        "hero_damage_per_min": {
          "raw": 242.23968565815323,
          "pct": 0.16666666666666666
        },
        "hero_healing_per_min": {
          "raw": 0,
          "pct": 0.5714285714285714
        },
        "tower_damage": {
          "raw": 0,
          "pct": 0.21428571428571427
        },
        "stuns_per_min": {
          "raw": 0,
          "pct": 0
        },
        "lhten": {}
      }
    },
    {
      "player_slot": 2,
      "ability_targets": null,
      "ability_upgrades_arr": [
        5723,
        754,
        5723,
        5721,
        5723,
        442,
        5723,
        1140,
        5725,
        5716,
        748,
        -1877,
        5721,
        5721,
        6421,
        5721,
        5725,
        378
      ],
      "ability_uses": null,
      "actions": null,
      "additional_units": null,
      "assists": 3,
      "backpack_0": 44,
      "backpack_1": 0,
      "backpack_2": 0,
      "backpack_3": null,
      "buyback_log": null,
      "camps_stacked": null,
      "connection_log": null,
      "creeps_stacked": null,
      "damage": null,
      "damage_inflictor": null,
      "damage_inflictor_received": null,
      "damage_taken": null,
      "damage_targets": null,
      "deaths": 9,
      "denies": 3,
      "dn_t": null,
      "firstblood_claimed": null,
      "gold": 1213,
      "gold_per_min": 455,
      "gold_reasons": null,
      "gold_spent": 0,
      "gold_t": null,
      "hero_damage": 4118,
      "hero_healing": 0,
      "hero_hits": null,
      "hero_id": 114,
      "item_0": 75,
      "item_1": 569,
      "item_2": 16,
      "item_3": -33,
      "item_4": 0,
      "item_5": 63,
      "item_neutral": 0,
      "item_uses": null,
      "kill_streaks": null,
      "killed": null,
      "killed_by": null,
      "kills": 0,
      "kills_log": null,
      "lane_pos": null,
      "last_hits": 31,
      "leaver_status": 0,
      "level": 23,
      "lh_t": null,
      "life_state": null,
      "max_hero_hit": null,
      "multi_kills": null,
      "net_worth": 6783,
      "obs": null,
      "obs_left_log": null,
      "obs_log": null,
      "obs_placed": null,
      "party_id": 2,
      "party_size": 1,
      "performance_others": null,
      "permanent_buffs": [],
      "pings": null,
      "pred_vict": null,
      "purchase": null,
      "purchase_log": null,
      "randomed": null,
      "repicked": null,
      "roshans_killed": null,
      "rune_pickups": null,
      "runes": null,
      "runes_log": null,
      "sen": null,
      "sen_left_log": null,
      "sen_log": null,
      "sen_placed": null,
      "stuns": null,
      "teamfight_participation": null,
      "times": null,
      "tower_damage": 0,
      "towers_killed": null,
      "xp_per_min": 1842,
      "xp_reasons": null,
      "xp_t": null,
      "start_time": 1669912635,
      "duration": 0,
      "cluster": 187,
      "lobby_type": 0,
      "game_mode": 3,
      "is_contributor": false,
      "patch": 51,
      "region": 0,
      "isRadiant": true,
      "total_gold": 7719,
      "total_xp": 30383,
      "kda": 0,
      "abandons": 0,
      "rank_tier": null,
      "is_subscriber": false,
      "cosmetics": [],
      "benchmarks": {
        "gold_per_min": {
          "raw": 455,
          "pct": 0.34146341463414637
        },
        "xp_per_min": {
          "raw": -854,
          "pct": 1
        },
        "kills_per_min": {
          "raw": 0,
          "pct": 0.024390243902439025
        },
        "last_hits_per_min": {
          "raw": 1.8271119842829076,
          "pct": 0.14634146341463414
        },
        "hero_damage_per_min": {
          "raw": 242.71119842829074,
          "pct": 0.04878048780487805
        },
        "hero_healing_per_min": {
          "raw": 0,
          "pct": 1
        },
        "tower_damage": {
          "raw": 0,
          "pct": 0.1951219512195122
        },
        "stuns_per_min": {
          "raw": 0,
          "pct": 0.024390243902439025
        },
        "lhten": {}
      }
    },
    {
      "player_slot": 3,
      "ability_targets": null,
      "ability_upgrades_arr": [
        5679,
        5677,
        5679,
        5677,
        5679,
        -528,
        2256,
        5677,
        5677,
        0,
        0,
        0,
        5678,
        5678,
        7105,
        5678,
        5683,
        6287
      ],
      "ability_uses": null,
      "actions": null,
      "additional_units": [
        {
          "unitname": "",
          "item_0": -4,
          "item_1": 14,
          "item_2": 14,
          "item_3": 0,
          "item_4": 29,
          "item_5": 0,
          "backpack_0": 16,
          "backpack_1": 0,
          "backpack_2": 0,
          "item_neutral": 0
        }
      ],
      "assists": 1,
      "backpack_0": -7,
      "backpack_1": 0,
      "backpack_2": 0,
      "backpack_3": null,
      "buyback_log": null,
      "camps_stacked": null,
      "connection_log": null,
      "creeps_stacked": null,
      "damage": null,
      "damage_inflictor": null,
      "damage_inflictor_received": null,
      "damage_taken": null,
      "damage_targets": null,
      "deaths": 9,
      "denies": 4,
      "dn_t": null,
      "firstblood_claimed": null,
      "gold": 0,
      "gold_per_min": 476,
      "gold_reasons": null,
      "gold_spent": 7250,
      "gold_t": null,
      "hero_damage": 0,
      "hero_healing": 0,
      "hero_hits": null,
      "hero_id": 113,
      "item_0": 0,
      "item_1": 14,
      "item_2": 14,
      "item_3": 1466,
      "item_4": 29,
      "item_5": 0,
      "item_neutral": 0,
      "item_uses": null,
      "kill_streaks": null,
      "killed": null,
      "killed_by": null,
      "kills": 1,
      "kills_log": null,
      "lane_pos": null,
      "last_hits": 16,
      "leaver_status": 0,
      "level": 21,
      "lh_t": null,
      "life_state": null,
      "max_hero_hit": null,
      "multi_kills": null,
      "net_worth": 8526,
      "obs": null,
      "obs_left_log": null,
      "obs_log": null,
      "obs_placed": null,
      "party_id": 3,
      "party_size": 1,
      "performance_others": null,
      "permanent_buffs": [],
      "pings": null,
      "pred_vict": null,
      "purchase": null,
      "purchase_log": null,
      "randomed": null,
      "repicked": null,
      "roshans_killed": null,
      "rune_pickups": null,
      "runes": null,
      "runes_log": null,
      "sen": null,
      "sen_left_log": null,
      "sen_log": null,
      "sen_placed": null,
      "stuns": null,
      "teamfight_participation": null,
      "times": null,
      "tower_damage": 82,
      "towers_killed": null,
      "xp_per_min": 1389,
      "xp_reasons": null,
      "xp_t": null,
      "start_time": 528130990,
      "duration": 1018,
      "cluster": -15,
      "lobby_type": 0,
      "game_mode": 23,
      "is_contributor": false,
      "patch": 51,
      "region": 8,
      "isRadiant": true,
      "total_gold": 8076,
      "total_xp": 16600,
      "kills_per_min": 0.17681728880157171,
      "kda": 0,
      "abandons": 0,
      "rank_tier": null,
      "is_subscriber": false,
      "cosmetics": [],
      "benchmarks": {
        "gold_per_min": {
          "raw": 476,
          "pct": 0
        },
        "xp_per_min": {
          "raw": -308,
          "pct": 1
        },
        "kills_per_min": {
          "raw": 0.17681728880157171,
          "pct": 0.25
        },
        "last_hits_per_min": {
          "raw": 0.943025540275049,
          "pct": 0
        },
        "hero_damage_per_min": {
          "raw": 605.0098231827112,
          "pct": 0
        },
        "hero_healing_per_min": {
          "raw": 0,
          "pct": 1
        },
        "tower_damage": {
          "raw": -33,
          "pct": 0
        },
        "stuns_per_min": {},
        "lhten": {}
      }
    },
    {
      "player_slot": 4,
      "ability_targets": null,
      "ability_upgrades_arr": [
        879,
        5601,
        879,
        0,
        5601,
        2283,
        5601,
        879,
        879,
        6000,
        886,
        5599,
        886,
        886,
        886,
        6282,
        5599,
        412
      ],
      "ability_uses": null,
      "actions": null,
      "additional_units": null,
      "assists": 3,
      "backpack_0": 0,
      "backpack_1": 0,
      "backpack_2": 0,
      "backpack_3": null,
      "buyback_log": null,
      "camps_stacked": null,
      "connection_log": null,
      "creeps_stacked": null,
      "damage": null,
      "damage_inflictor": null,
      "damage_inflictor_received": null,
      "damage_taken": null,
      "damage_targets": null,
      "deaths": 11,
      "denies": 0,
      "dn_t": null,
      "firstblood_claimed": null,
      "gold": 1849,
      "gold_per_min": 0,
      "gold_reasons": null,
      "gold_spent": 5820,
      "gold_t": null,
      "hero_damage": 18474,
      "hero_healing": 0,
      "hero_hits": null,
      "hero_id": 105,
      "item_0": 180,
      "item_1": 0,
      "item_2": 0,
      "item_3": 44,
      "item_4": 41,
      "item_5": 259,
      "item_neutral": 0,
      "item_uses": null,
      "kill_streaks": null,
      "killed": null,
      "killed_by": null,
      "kills": 1,
      "kills_log": null,
      "lane_pos": null,
      "last_hits": -1,
      "leaver_status": 0,
      "level": -7,
      "lh_t": null,
      "life_state": null,
      "max_hero_hit": null,
      "multi_kills": null,
      "net_worth": 7464,
      "obs": null,
      "obs_left_log": null,
      "obs_log": null,
      "obs_placed": null,
      "party_id": 4,
      "party_size": 1,
      "performance_others": null,
      "permanent_buffs": [
        {
          "permanent_buff": 12,
          "stack_count": 0,
          "grant_time": -294
        }
      ],
      "pings": null,
      "pred_vict": null,
      "purchase": null,
      "purchase_log": null,
      "randomed": null,
      "repicked": null,
      "roshans_killed": null,
      "rune_pickups": null,
      "runes": null,
      "runes_log": null,
      "sen": null,
      "sen_left_log": null,
      "sen_log": null,
      "sen_placed": null,
      "stuns": null,
      "teamfight_participation": null,
      "times": null,
      "tower_damage": 0,
      "towers_killed": null,
      "xp_per_min": 168,
      "xp_reasons": null,
      "xp_t": null,
      "start_time": 1669912635,
      "duration": 1018,
      "cluster": 0,
      "lobby_type": 0,
      "game_mode": 23,
      "is_contributor": false,
      "patch": 51,
      "region": 8,
      "isRadiant": true,
      "total_gold": 3048,
      "total_xp": 25975,
      "kills_per_min": 0.05893909626719058,
      "kda": 0,
      "abandons": 0,
      "rank_tier": null,
      "is_subscriber": false,
      "cosmetics": [],
      "benchmarks": {
        "gold_per_min": {},
        "xp_per_min": {
          "raw": 1531,
          "pct": 1
        },
        "kills_per_min": {
          "raw": 0.058939096267190565,
          "pct": 0.21875
        },
        "last_hits_per_min": {
          "raw": 1.5913555992141453,
          "pct": 0.3125
        },
        "hero_damage_per_min": {
          "raw": 1088.8408644400786,
          "pct": 0.96875
        },
        "hero_healing_per_min": {},
        "tower_damage": {
          "raw": 260,
          "pct": 0.34375
        },
        "stuns_per_min": {
          "raw": 0,
          "pct": 0.0625
        },
        "lhten": {}
      }
    },
    {
      "player_slot": 128,
      "ability_targets": null,
      "ability_upgrades_arr": [
        5138,
        0,
        981,
        5138,
        5140,
        5141,
        5140,
        604,
        5138,
        255,
        5139,
        5139,
        5141,
        5139,
        0,
        0,
        0,
        555
      ],
      "ability_uses": null,
      "actions": null,
      "additional_units": null,
      "assists": 14,
      "backpack_0": 0,
      "backpack_1": 0,
      "backpack_2": 0,
      "backpack_3": null,
      "buyback_log": null,
      "camps_stacked": null,
      "connection_log": null,
      "creeps_stacked": null,
      "damage": null,
      "damage_inflictor": null,
      "damage_inflictor_received": null,
      "damage_taken": null,
      "damage_targets": null,
      "deaths": 0,
      "denies": 0,
      "dn_t": null,
      "firstblood_claimed": null,
      "gold": 1579,
      "gold_per_min": 802,
      "gold_reasons": null,
      "gold_spent": 1526,
      "gold_t": null,
      "hero_damage": 3920,
      "hero_healing": 5790,
      "hero_hits": null,
      "hero_id": 30,
      "item_0": 180,
      "item_1": 235,
      "item_2": 0,
      "item_3": 168,
      "item_4": 215,
      "item_5": 0,
      "item_neutral": 0,
      "item_uses": null,
      "kill_streaks": null,
      "killed": null,
      "killed_by": null,
      "kills": 1,
      "kills_log": null,
      "lane_pos": null,
      "last_hits": 54,
      "leaver_status": 0,
      "level": 24,
      "lh_t": null,
      "life_state": null,
      "max_hero_hit": null,
      "multi_kills": null,
      "net_worth": 13579,
      "obs": null,
      "obs_left_log": null,
      "obs_log": null,
      "obs_placed": null,
      "party_id": 5,
      "party_size": 1,
      "performance_others": null,
      "permanent_buffs": [],
      "pings": null,
      "pred_vict": null,
      "purchase": null,
      "purchase_log": null,
      "randomed": null,
      "repicked": null,
      "roshans_killed": null,
      "rune_pickups": null,
      "runes": null,
      "runes_log": null,
      "sen": null,
      "sen_left_log": null,
      "sen_log": null,
      "sen_placed": null,
      "stuns": null,
      "teamfight_participation": null,
      "times": null,
      "tower_damage": 1723,
      "towers_killed": null,
      "xp_per_min": 2015,
      "xp_reasons": null,
      "xp_t": null,
      "start_time": 1669912635,
      "duration": -28,
      "cluster": 0,
      "lobby_type": 0,
      "game_mode": 0,
      "is_contributor": false,
      "patch": 51,
      "region": 8,
      "isRadiant": false,
      "total_gold": 13607,
      "total_xp": 27310,
      "kills_per_min": 0.05893909626719058,
      "kda": 6,
      "abandons": 0,
      "rank_tier": null,
      "is_subscriber": false,
      "cosmetics": [],
      "benchmarks": {
        "gold_per_min": {
          "raw": 802,
          "pct": 1
        },
        "xp_per_min": {
          "raw": 2015,
          "pct": 1
        },
        "kills_per_min": {
          "raw": 0.058939096267190565,
          "pct": 0.04379339663714055
        },
        "last_hits_per_min": {
          "raw": 3.1827111984282905,
          "pct": -0.0377125842357756
        },
        "hero_damage_per_min": {
          "raw": 231.04125736738703,
          "pct": 0.05128205128205128
        },
        "hero_healing_per_min": {
          "raw": 341.2573673870334,
          "pct": 0.9743589743589743
        },
        "tower_damage": {
          "raw": 1723,
          "pct": 0.9743589743589743
        },
        "stuns_per_min": {
          "raw": 0,
          "pct": -0.010507921285028159
        },
        "lhten": {}
      }
    },
    {
      "player_slot": 129,
      "ability_targets": null,
      "ability_upgrades_arr": [
        5110,
        5111,
        5110,
        641,
        0,
        5113,
        -689,
        5110,
        5110,
        5903,
        0,
        5113,
        641,
        641,
        934,
        641,
        5113,
        611,
        0
      ],
      "ability_uses": null,
      "actions": null,
      "additional_units": null,
      "assists": 0,
      "backpack_0": 0,
      "backpack_1": 0,
      "backpack_2": 0,
      "backpack_3": null,
      "buyback_log": null,
      "camps_stacked": null,
      "connection_log": null,
      "creeps_stacked": null,
      "damage": null,
      "damage_inflictor": null,
      "damage_inflictor_received": null,
      "damage_taken": null,
      "damage_targets": null,
      "deaths": 2,
      "denies": 0,
      "dn_t": null,
      "firstblood_claimed": null,
      "gold": 810,
      "gold_per_min": 767,
      "gold_reasons": null,
      "gold_spent": 12895,
      "gold_t": null,
      "hero_damage": 12258,
      "hero_healing": 0,
      "hero_hits": null,
      "hero_id": -6,
      "item_0": 77,
      "item_1": 259,
      "item_2": -68,
      "item_3": -91,
      "item_4": 44,
      "item_5": 216,
      "item_neutral": 838,
      "item_uses": null,
      "kill_streaks": null,
      "killed": null,
      "killed_by": null,
      "kills": 5,
      "kills_log": null,
      "lane_pos": null,
      "last_hits": -12,
      "leaver_status": 0,
      "level": 25,
      "lh_t": null,
      "life_state": null,
      "max_hero_hit": null,
      "multi_kills": null,
      "net_worth": 12895,
      "obs": null,
      "obs_left_log": null,
      "obs_log": null,
      "obs_placed": null,
      "party_id": 6,
      "party_size": 0,
      "performance_others": null,
      "permanent_buffs": [
        {
          "permanent_buff": 2,
          "stack_count": 0,
          "grant_time": 1115
        }
      ],
      "pings": null,
      "pred_vict": null,
      "purchase": null,
      "purchase_log": null,
      "randomed": null,
      "repicked": null,
      "roshans_killed": null,
      "rune_pickups": null,
      "runes": null,
      "runes_log": null,
      "sen": null,
      "sen_left_log": null,
      "sen_log": null,
      "sen_placed": null,
      "stuns": null,
      "teamfight_participation": null,
      "times": null,
      "tower_damage": 626,
      "towers_killed": null,
      "xp_per_min": 2154,
      "xp_reasons": null,
      "xp_t": null,
      "start_time": 1669912635,
      "duration": 47,
      "cluster": 187,
      "lobby_type": 0,
      "game_mode": 23,
      "is_contributor": false,
      "patch": 51,
      "region": 8,
      "isRadiant": false,
      "total_gold": 6131,
      "total_xp": 26987,
      "kills_per_min": 0.29469548133595286,
      "kda": 4,
      "abandons": 0,
      "rank_tier": null,
      "is_subscriber": false,
      "cosmetics": [],
      "benchmarks": {
        "gold_per_min": {
          "raw": -80,
          "pct": 0
        },
        "xp_per_min": {
          "raw": 2154,
          "pct": 1
        },
        "kills_per_min": {
          "raw": 0.29469548133595286,
          "pct": -0.31055732530747554
        },
        "last_hits_per_min": {
          "raw": 1.886051080550098,
          "pct": 0.14285714285714285
        },
        "hero_damage_per_min": {
          "raw": 722.475442043222,
          "pct": 0.2
        },
        "hero_healing_per_min": {
          "raw": 0,
          "pct": 0.7714285714285715
        },
        "tower_damage": {
          "raw": 626,
          "pct": 0.6857142857142857
        },
        "stuns_per_min": {
          "raw": 0,
          "pct": 0
        },
        "lhten": {}
      }
    },
    {
      "player_slot": 130,
      "ability_targets": null,
      "ability_upgrades_arr": [
        5496,
        5495,
        5496,
        5495,
        5496,
        5497,
        5496,
        5494,
        5495,
        6147,
        5495,
        5497,
        5494,
        5494,
        921,
        5494,
        5497,
        814,
        6893,
        821,
        6892,
        892
      ],
      "ability_uses": null,
      "actions": null,
      "additional_units": null,
      "assists": 7,
      "backpack_0": 0,
      "backpack_1": 0,
      "backpack_2": 0,
      "backpack_3": null,
      "buyback_log": null,
      "camps_stacked": null,
      "connection_log": null,
      "creeps_stacked": null,
      "damage": null,
      "damage_inflictor": null,
      "damage_inflictor_received": null,
      "damage_taken": null,
      "damage_targets": null,
      "deaths": 2,
      "denies": 9,
      "dn_t": null,
      "firstblood_claimed": null,
      "gold": 7664,
      "gold_per_min": 1611,
      "gold_reasons": null,
      "gold_spent": 21340,
      "gold_t": null,
      "hero_damage": 31628,
      "hero_healing": 0,
      "hero_hits": null,
      "hero_id": 93,
      "item_0": -17,
      "item_1": 0,
      "item_2": 116,
      "item_3": 208,
      "item_4": 36,
      "item_5": 160,
      "item_neutral": -37,
      "item_uses": null,
      "kill_streaks": null,
      "killed": null,
      "killed_by": null,
      "kills": 17,
      "kills_log": null,
      "lane_pos": null,
      "last_hits": 97,
      "leaver_status": 0,
      "level": 30,
      "lh_t": null,
      "life_state": null,
      "max_hero_hit": null,
      "multi_kills": null,
      "net_worth": 4128,
      "obs": null,
      "obs_left_log": null,
      "obs_log": null,
      "obs_placed": null,
      "party_id": 7,
      "party_size": 1,
      "performance_others": null,
      "permanent_buffs": [
        {
          "permanent_buff": 8,
          "stack_count": 21,
          "grant_time": 0
        }
      ],
      "pings": null,
      "pred_vict": null,
      "purchase": null,
      "purchase_log": null,
      "randomed": null,
      "repicked": null,
      "roshans_killed": null,
      "rune_pickups": null,
      "runes": null,
      "runes_log": null,
      "sen": null,
      "sen_left_log": null,
      "sen_log": null,
      "sen_placed": null,
      "stuns": null,
      "teamfight_participation": null,
      "times": null,
      "tower_damage": 7206,
      "towers_killed": null,
      "xp_per_min": 2563,
      "xp_reasons": null,
      "xp_t": null,
      "personaname": "♧Lord_flink♧",
      "name": null,
      "last_login": null,
      "start_time": 0,
      "duration": 1018,
      "cluster": -80,
      "lobby_type": 0,
      "game_mode": -10,
      "is_contributor": false,
      "patch": 0,
      "region": 8,
      "isRadiant": false,
      "total_gold": 27333,
      "total_xp": 42637,
      "kills_per_min": 1.0019646365422399,
      "kda": 0,
      "abandons": 0,
      "rank_tier": 12,
      "is_subscriber": false,
      "cosmetics": [],
      "benchmarks": {
        "gold_per_min": {
          "raw": 1611,
          "pct": 1
        },
        "xp_per_min": {
          "raw": 2563,
          "pct": 1
        },
        "kills_per_min": {
          "raw": 1.0019646365422397,
          "pct": 0
        },
        "last_hits_per_min": {
          "raw": 5.717092337917485,
          "pct": 0.2558139534883721
        },
        "hero_damage_per_min": {
          "raw": 1864.1257367387034,
          "pct": 1
        },
        "hero_healing_per_min": {
          "raw": 0,
          "pct": 1
        },
        "tower_damage": {
          "raw": 7206,
          "pct": 0.813953488372093
        },
        "stuns_per_min": {
          "raw": 0,
          "pct": 0.6744186046511628
        },
        "lhten": {}
      }
    },
    {
      "player_slot": 131,
      "ability_targets": null,
      "ability_upgrades_arr": [
        5565,
        5566,
        5565,
        5566,
        5565,
        5568,
        5565,
        5566,
        7322,
        414,
        5566,
        5568,
        7322,
        7322,
        0,
        7322,
        5568,
        0,
        6962,
        6961,
        6423,
        6963
      ],
      "ability_uses": null,
      "actions": null,
      "additional_units": null,
      "assists": 5,
      "backpack_0": 0,
      "backpack_1": 0,
      "backpack_2": 0,
      "backpack_3": null,
      "buyback_log": null,
      "camps_stacked": null,
      "connection_log": null,
      "creeps_stacked": null,
      "damage": null,
      "damage_inflictor": null,
      "damage_inflictor_received": null,
      "damage_taken": null,
      "damage_targets": null,
      "deaths": 0,
      "denies": 0,
      "dn_t": null,
      "firstblood_claimed": null,
      "gold": 5978,
      "gold_per_min": 1409,
      "gold_reasons": null,
      "gold_spent": 0,
      "gold_t": null,
      "hero_damage": -4588,
      "hero_healing": 0,
      "hero_hits": null,
      "hero_id": 21,
      "item_0": 141,
      "item_1": 600,
      "item_2": 0,
      "item_3": 73,
      "item_4": 0,
      "item_5": 50,
      "item_neutral": 828,
      "item_uses": null,
      "kill_streaks": null,
      "killed": null,
      "killed_by": null,
      "kills": 22,
      "kills_log": null,
      "lane_pos": null,
      "last_hits": 31,
      "leaver_status": 0,
      "level": -1,
      "lh_t": null,
      "life_state": null,
      "max_hero_hit": null,
      "multi_kills": null,
      "net_worth": 23433,
      "obs": null,
      "obs_left_log": null,
      "obs_log": null,
      "obs_placed": null,
      "party_id": 8,
      "party_size": 1,
      "performance_others": null,
      "permanent_buffs": [],
      "pings": null,
      "pred_vict": null,
      "purchase": null,
      "purchase_log": null,
      "randomed": null,
      "repicked": null,
      "roshans_killed": null,
      "rune_pickups": null,
      "runes": null,
      "runes_log": null,
      "sen": null,
      "sen_left_log": null,
      "sen_log": null,
      "sen_placed": null,
      "stuns": null,
      "teamfight_participation": null,
      "times": null,
      "tower_damage": 2372,
      "towers_killed": null,
      "xp_per_min": 2563,
      "xp_reasons": null,
      "xp_t": null,
      "start_time": 1669912635,
      "duration": 1018,
      "cluster": -5,
      "lobby_type": 0,
      "game_mode": 23,
      "is_contributor": false,
      "patch": 51,
      "region": 8,
      "isRadiant": false,
      "total_gold": 18663,
      "total_xp": 11131,
      "kills_per_min": 1.2966601178781927,
      "kda": 27,
      "abandons": 0,
      "rank_tier": null,
      "is_subscriber": false,
      "cosmetics": [],
      "benchmarks": {
        "gold_per_min": {
          "raw": -3,
          "pct": 0
        },
        "xp_per_min": {
          "raw": 2563,
          "pct": 1
        },
        "kills_per_min": {
          "raw": 1.2966601178781925,
          "pct": 1
        },
        "last_hits_per_min": {},
        "hero_damage_per_min": {
          "raw": 2061.277013752456,
          "pct": 1
        },
        "hero_healing_per_min": {
          "raw": 0,
          "pct": 0.7605633802816901
        },
        "tower_damage": {
          "raw": 0,
          "pct": 0.9014084507042254
        },
        "stuns_per_min": {
          "raw": 0,
          "pct": 0
        },
        "lhten": {}
      }
    },
    {
      "player_slot": 132,
      "ability_targets": null,
      "ability_upgrades_arr": [
        -1090,
        5587,
        5587,
        -1121,
        5585,
        5588,
        5587,
        5585,
        5586,
        5586,
        5587,
        -1314,
        5982,
        5585,
        6142,
        5585,
        5588,
        6100,
        0
      ],
      "ability_uses": null,
      "actions": null,
      "additional_units": null,
      "assists": 13,
      "backpack_0": 152,
      "backpack_1": 0,
      "backpack_2": 0,
      "backpack_3": null,
      "buyback_log": null,
      "camps_stacked": null,
      "connection_log": null,
      "creeps_stacked": null,
      "damage": null,
      "damage_inflictor": null,
      "damage_inflictor_received": null,
      "damage_taken": null,
      "damage_targets": null,
      "deaths": 0,
      "denies": 0,
      "dn_t": null,
      "firstblood_claimed": null,
      "gold": 2865,
      "gold_per_min": 651,
      "gold_reasons": null,
      "gold_spent": 9220,
      "gold_t": null,
      "hero_damage": 5488,
      "hero_healing": 0,
      "hero_hits": null,
      "hero_id": 20,
      "item_0": 569,
      "item_1": 11,
      "item_2": 50,
      "item_3": 178,
      "item_4": 36,
      "item_5": 172,
      "item_neutral": 680,
      "item_uses": null,
      "kill_streaks": null,
      "killed": null,
      "killed_by": null,
      "kills": 0,
      "kills_log": null,
      "lane_pos": null,
      "last_hits": 20,
      "leaver_status": 0,
      "level": 26,
      "lh_t": null,
      "life_state": null,
      "max_hero_hit": null,
      "multi_kills": null,
      "net_worth": 11470,
      "obs": null,
      "obs_left_log": null,
      "obs_log": null,
      "obs_placed": null,
      "party_id": 9,
      "party_size": 1,
      "performance_others": null,
      "permanent_buffs": [],
      "pings": null,
      "pred_vict": null,
      "purchase": null,
      "purchase_log": null,
      "randomed": null,
      "repicked": null,
      "roshans_killed": null,
      "rune_pickups": null,
      "runes": null,
      "runes_log": null,
      "sen": null,
      "sen_left_log": null,
      "sen_log": null,
      "sen_placed": null,
      "stuns": null,
      "teamfight_participation": null,
      "times": null,
      "tower_damage": 5408,
      "towers_killed": null,
      "xp_per_min": 2124,
      "xp_reasons": null,
      "xp_t": null,
      "start_time": 1669912635,
      "duration": 1018,
      "cluster": 187,
      "lobby_type": 0,
      "game_mode": 23,
      "is_contributor": false,
      "patch": 51,
      "region": 8,
      "isRadiant": false,
      "total_gold": 11045,
      "total_xp": 36037,
      "kills_per_min": 0.05893909626719058,
      "kda": 0,
      "abandons": 0,
      "rank_tier": null,
      "is_subscriber": false,
      "cosmetics": [],
      "benchmarks": {}
    }
  ],
  "patch": 51,
  "region": 8
}