{
  "chat": null,
  "cluster": 241,
  "cosmetics": null,
  "dire_score": 33,
  "dire_team_id": null,
  "draft_timings": null,
  "duration": 3165,
  "engine": 1,
  "first_blood_time": 0,
  "game_mode": 22,
  "human_players": -3,
  "leagueid": 0,
  "lobby_type": 7,
  "match_seq_num": 5780407870,
  "negative_votes": 0,
  "objectives": null,
  "picks_bans": [],
  "positive_votes": 0,
  "radiant_gold_adv": null,
  "radiant_score": 60,
  "radiant_team_id": null,
  "radiant_xp_adv": null,
  "skill": null,
  "start_time": 1669913074,
  "teamfights": null,
  "version": null,
  "replay_salt": 685615413,
  "series_id": 0,
  "series_type": 0,
  "players": [
    {
      "player_slot": 0,
      "ability_targets": null,
      "ability_upgrades_arr": [
        227,
        5174,
        5173,
        5174,
        5173,
        5176,
        5174,
        0,
        5174,
        5960,
        5175,
        5175,
        5175,
        -940,
        629,
        0,
        5176,
        590,
        751,
        437,
        5907
      ],
      "ability_uses": null,
      "actions": null,
      "additional_units": null,
      "assists": 27,
      "backpack_0": 0,
      "backpack_1": 0,
      "backpack_2": 0,
      "backpack_3": null,
      "buyback_log": null,
      "camps_stacked": null,
      "connection_log": null,
      "creeps_stacked": null,
      "damage": null,
      "damage_inflictor": null,
      "damage_inflictor_received": null,
      "damage_taken": null,
      "damage_targets": null,
      "deaths": 3,
      "denies": 2,
      "dn_t": null,
      "firstblood_claimed": null,
      "gold": 4193,
      "gold_per_min": 483,
      "gold_reasons": null,
      "gold_spent": 0,
      "gold_t": null,
      "hero_damage": 50972,
      "hero_healing": 195,
      "hero_hits": null,
      "hero_id": 39,
      "item_0": 254,
      "item_1": 267,
      "item_2": 98,
      "item_3": 63,
      "item_4": 96,
      "item_5": 534,
      "item_neutral": 571,
      "item_uses": null,
      "kill_streaks": null,
      "killed": null,
      "killed_by": null,
      "kills": 14,
      "kills_log": null,
      "lane_pos": null,
      "last_hits": 129,
      "leaver_status": 0,
      "level": 28,
      "lh_t": null,
      "life_state": null,
      "max_hero_hit": null,
      "multi_kills": null,
      "net_worth": 23773,
      "obs": null,
      "obs_left_log": null,
      "obs_log": null,
      "obs_placed": null,
      "party_id": 0,
      "party_size": 0,
      "performance_others": null,
      "permanent_buffs": [
        {
          "permanent_buff": 0,
          "stack_count": 3,
          "grant_time": 77
        },
        {
          "permanent_buff": 12,
          "stack_count": 0,
          "grant_time": 2890
        }
      ],
      "pings": null,
      "pred_vict": null,
      "purchase": null,
      "purchase_log": null,
      "randomed": null,
      "repicked": null,
      "roshans_killed": null,
      "rune_pickups": null,
      "runes": null,
      "runes_log": null,
      "sen": null,
      "sen_left_log": null,
      "sen_log": null,
      "sen_placed": null,
      "stuns": null,
      "teamfight_participation": null,
      "times": null,
      "tower_damage": 1728,
      "towers_killed": null,
      "xp_per_min": 727,
      "xp_reasons": null,
      "xp_t": null,
      "start_time": 0,
      "duration": -78,
      "cluster": 241,
      "lobby_type": 7,
      "game_mode": 22,
      "is_contributor": false,
      "patch": 51,
      "region": 14,
      "isRadiant": true,
      "total_gold": 25478,
      "total_xp": 38349,
      "kills_per_min": 0.26540284360189575,
      "kda": 8,
      "abandons": 0,
      "rank_tier": null,
      "is_subscriber": false,
      "cosmetics": [],
      "benchmarks": {
        "gold_per_min": {
          "raw": 483,
          "pct": 0.34782608695652173
        },
        "xp_per_min": {},
        "kills_per_min": {
          "raw": 0.26540284360189575,
          "pct": 0.7391304347826086
        },
        "last_hits_per_min": {},
        "hero_damage_per_min": {
          "raw": -155.50714288954194,
          "pct": 0.8695652173913043
        },
        "hero_healing_per_min": {
          "raw": 1.3905240233427325,
          "pct": 0.9130434782608695
        },
        "tower_damage": {
          "raw": 1728,
          "pct": 0.5652173913043478
        },
        "stuns_per_min": {},
        "lhten": {}
      }
    },
    {
      "player_slot": 1,
      "ability_targets": null,
      "ability_upgrades_arr": [
        5075,
        5076,
        5075,
        5074,
        5076,
        5077,
        923,
        5075,
        5076,
        0,
        5931,
        5077,
        5074,
        602,
        507,
        5074,
        5077,
        0,
        6023,
        7142
      ],
      "ability_uses": null,
      "actions": null,
      "additional_units": null,
      "assists": 26,
      "backpack_0": 0,
      "backpack_1": 188,
      "backpack_2": 0,
      "backpack_3": null,
      "buyback_log": null,
      "camps_stacked": null,
      "connection_log": null,
      "creeps_stacked": null,
      "damage": null,
      "damage_inflictor": null,
      "damage_inflictor_received": null,
      "damage_taken": null,
      "damage_targets": null,
      "deaths": 11,
      "denies": 3,
      "dn_t": null,
      "firstblood_claimed": null,
      "gold": 5217,
      "gold_per_min": 490,
      "gold_reasons": null,
      "gold_spent": 3767,
      "gold_t": null,
      "hero_damage": 39627,
      "hero_healing": 0,
      "hero_hits": null,
      "hero_id": 14,
      "item_0": -6,
      "item_1": 131,
      "item_2": 96,
      "item_3": 37,
      "item_4": 108,
      "item_5": 1,
      "item_neutral": 336,
      "item_uses": null,
      "kill_streaks": null,
      "killed": null,
      "killed_by": null,
      "kills": 10,
      "kills_log": null,
      "lane_pos": null,
      "last_hits": 190,
      "leaver_status": 0,
      "level": 27,
      "lh_t": null,
      "life_state": null,
      "max_hero_hit": null,
      "multi_kills": null,
      "net_worth": 21992,
      "obs": null,
      "obs_left_log": null,
      "obs_log": null,
      "obs_placed": null,
      "party_id": 1,
      "party_size": 1,
      "performance_others": null,
      "permanent_buffs": [
        {
          "permanent_buff": 4,
          "stack_count": 29,
          "grant_time": 591
        },
        {
          "permanent_buff": 6,
          "stack_count": 1,
          "grant_time": 2055
        }
      ],
      "pings": null,
      "pred_vict": null,
      "purchase": null,
      "purchase_log": null,
      "randomed": null,
      "repicked": null,
      "roshans_killed": null,
      "rune_pickups": null,
      "runes": null,
      "runes_log": null,
      "sen": null,
      "sen_left_log": null,
      "sen_log": null,
      "sen_placed": null,
      "stuns": null,
      "teamfight_participation": null,
      "times": null,
      "tower_damage": 1073,
      "towers_killed": null,
      "xp_per_min": 752,
      "xp_reasons": null,
      "xp_t": null,
      "start_time": 1669913074,
      "duration": 3165,
      "cluster": -12,
      "lobby_type": 7,
      "game_mode": 0,
      "is_contributor": false,
      "patch": 51,
      "region": 14,
      "isRadiant": true,
      "total_gold": 25847,
      "total_xp": 11895,
      "kills_per_min": 0.1895734597156398,
      "kda": 2,
      "abandons": 0,
      "rank_tier": null,
      "is_subscriber": false,
      "cosmetics": [],
      "benchmarks": {
        "gold_per_min": {
          "raw": 490,
          "pct": 0.7142857142857143
        },
        "xp_per_min": {
          "raw": 752,
          "pct": 0.75
        },
        "kills_per_min": {},
        "last_hits_per_min": {
          "raw": 3.6018957345971563,
          "pct": 0.5
        },
        "hero_damage_per_min": {},
        "hero_healing_per_min": {
          "raw": 0,
          "pct": 0.6428571428571429
        },
        "tower_damage": {
          "raw": 1073,
          "pct": 0.8035714285714286
        },
        "stuns_per_min": {
          "raw": 0,
          "pct": 0
        },
        "lhten": {}
      }
    },
    {
      "player_slot": 2,
      "ability_targets": null,
      "ability_upgrades_arr": [
        7914,
        7902,
        7914,
        7902,
        0,
        2824,
        3939,
        7906,
        7902,
        7918,
        7918,
        -1717,
        7918,
        0,
        7937,
        0,
        7906,
        -2423,
        7939,
        7942,
        7938,
        7930
      ],
      "ability_uses": null,
      "actions": null,
      "additional_units": null,
      "assists": 29,
      "backpack_0": 7,
      "backpack_1": 0,
      "backpack_2": 0,
      "backpack_3": null,
      "buyback_log": null,
      "camps_stacked": null,
      "connection_log": null,
      "creeps_stacked": null,
      "damage": null,
      "damage_inflictor": null,
      "damage_inflictor_received": null,
      "damage_taken": null,
      "damage_targets": null,
      "deaths": 7,
      "denies": 10,
      "dn_t": null,
      "firstblood_claimed": null,
      "gold": 10954,
      "gold_per_min": 698,
      "gold_reasons": null,
      "gold_spent": 25045,
      "gold_t": null,
      "hero_damage": 46041,
      "hero_healing": 2308,
      "hero_hits": null,
      "hero_id": 135,
      "item_0": 116,
      "item_1": 178,
      "item_2": 50,
      "item_3": 168,
      "item_4": 112,
      "item_5": 600,
      "item_neutral": 335,
      "item_uses": null,
      "kill_streaks": null,
      "killed": null,
      "killed_by": null,
      "kills": 12,
      "kills_log": null,
      "lane_pos": null,
      "last_hits": 389,
      "leaver_status": 0,
      "level": 29,
      "lh_t": null,
      "life_state": null,
      "max_hero_hit": null,
      "multi_kills": null,
      "net_worth": 34959,
      "obs": null,
      "obs_left_log": null,
      "obs_log": null,
      "obs_placed": null,
      "party_id": 0,
      "party_size": 1,
      "performance_others": null,
      "permanent_buffs": [
        {
          "permanent_buff": 12,
          "stack_count": 0,
          "grant_time": 1400
        }
      ],
      "pings": null,
      "pred_vict": null,
      "purchase": null,
      "purchase_log": null,
      "randomed": null,
      "repicked": null,
      "roshans_killed": null,
      "rune_pickups": null,
      "runes": null,
      "runes_log": null,
      "sen": null,
      "sen_left_log": null,
      "sen_log": null,
      "sen_placed": null,
      "stuns": null,
      "teamfight_participation": null,
      "times": null,
      "tower_damage": 3931,
      "towers_killed": null,
      "xp_per_min": 854,
      "xp_reasons": null,
      "xp_t": null,
      "personaname": "flopgiordota.com",
      "name": null,
      "last_login": null,
      "start_time": 504153864,
      "duration": 3165,
      "cluster": 241,
      "lobby_type": 7,
      "game_mode": 22,
      "is_contributor": false,
      "patch": 51,
      "region": 14,
      "isRadiant": true,
      "total_gold": 36819,
      "total_xp": 8369,
      "kills_per_min": 0.22748815165876776,
      "kda": 5,
      "abandons": 0,
      "rank_tier": 34,
      "is_subscriber": false,
      "cosmetics": [],
      "benchmarks": {}
    },
    {
      "player_slot": 3,
      "ability_targets": null,
      "ability_upgrades_arr": [
        5370,
        556,
        5372,
        5371,
        5372,
        5371,
        5372,
        5370,
        5372,
        6099,
        0,
        885,
        5372,
        0,
        7148,
        5371,
        5371,
        5371,
        5370,
        6811,
        5370,
        5370,
        5370,
        5370,
        6098
      ],
      "ability_uses": null,
      "actions": null,
      "additional_units": null,
      "assists": 0,
      "backpack_0": 0,
      "backpack_1": 0,
      "backpack_2": 0,
      "backpack_3": null,
      "buyback_log": null,
      "camps_stacked": null,
      "connection_log": null,
      "creeps_stacked": null,
      "damage": null,
      "damage_inflictor": null,
      "damage_inflictor_received": null,
      "damage_taken": null,
      "damage_targets": null,
      "deaths": 5,
      "denies": 0,
      "dn_t": null,
      "firstblood_claimed": null,
      "gold": 2848,
      "gold_per_min": 509,
      "gold_reasons": null,
      "gold_spent": 24040,
      "gold_t": null,
      "hero_damage": 28174,
      "hero_healing": 0,
      "hero_hits": null,
      "hero_id": 74,
      "item_0": 50,
      "item_1": 263,
      "item_2": 1466,
      "item_3": 38,
      "item_4": 77,
      "item_5": 108,
      "item_neutral": 309,
      "item_uses": null,
      "kill_streaks": null,
      "killed": null,
      "killed_by": null,
      "kills": 11,
      "kills_log": null,
      "lane_pos": null,
      "last_hits": 157,
      "leaver_status": 0,
      "level": 27,
      "lh_t": null,
      "life_state": null,
      "max_hero_hit": null,
      "multi_kills": null,
      "net_worth": 25753,
      "obs": null,
      "obs_left_log": null,
      "obs_log": null,
      "obs_placed": null,
      "party_id": 3,
      "party_size": 1,
      "performance_others": null,
      "permanent_buffs": [
        {
          "permanent_buff": 0,
          "stack_count": 1,
          "grant_time": 2813
        },
        {}
      ],
      "pings": null,
      "pred_vict": null,
      "purchase": null,
      "purchase_log": null,
      "randomed": null,
      "repicked": null,
      "roshans_killed": null,
      "rune_pickups": null,
      "runes": null,
      "runes_log": null,
      "sen": null,
      "sen_left_log": null,
      "sen_log": null,
      "sen_placed": null,
      "stuns": null,
      "teamfight_participation": null,
      "times": null,
      "tower_damage": 4194,
      "towers_killed": null,
      "xp_per_min": 737,
      "xp_reasons": null,
      "xp_t": null,
      "start_time": 1669913074,
      "duration": 3165,
      "cluster": 64,
      "lobby_type": 7,
      "game_mode": 22,
      "is_contributor": false,
      "patch": 51,
      "region": 14,
      "isRadiant": true,
      "total_gold": 26849,
      "total_xp": 38876,
      "kills_per_min": 0.20853080568720378,
      "kda": 2,
      "abandons": 0,
      "rank_tier": null,
      "is_subscriber": false,
      "cosmetics": [],
      "benchmarks": {}
    },
    {
      "player_slot": 4,
      "ability_targets": null,
      "ability_upgrades_arr": [
        5509,
        5508,
        5510,
        5511,
        5510,
        5512,
        5510,
        5511,
        5508,
        5511,
        1010,
        5512,
        5508,
        545,
        6959,
        0,
        5512,
        1011,
        988,
        6958,
        492
      ],
      "ability_uses": null,
      "actions": null,
      "additional_units": null,
      "assists": 20,
      "backpack_0": 0,
      "backpack_1": 0,
      "backpack_2": 0,
      "backpack_3": null,
      "buyback_log": null,
      "camps_stacked": null,
      "connection_log": null,
      "creeps_stacked": null,
      "damage": null,
      "damage_inflictor": null,
      "damage_inflictor_received": null,
      "damage_taken": null,
      "damage_targets": null,
      "deaths": 7,
      "denies": 6,
      "dn_t": null,
      "firstblood_claimed": null,
      "gold": 3958,
      "gold_per_min": -163,
      "gold_reasons": null,
      "gold_spent": 32115,
      "gold_t": null,
      "hero_damage": 36025,
      "hero_healing": 0,
      "hero_hits": null,
      "hero_id": 95,
      "item_0": 116,
      "item_1": 154,
      "item_2": 135,
      "item_3": 145,
      "item_4": 50,
      "item_5": 603,
      "item_neutral": 638,
      "item_uses": null,
      "kill_streaks": null,
      "killed": null,
      "killed_by": null,
      "kills": 13,
      "kills_log": null,
      "lane_pos": null,
      "last_hits": 434,
      "leaver_status": 0,
      "level": 29,
      "lh_t": null,
      "life_state": null,
      "max_hero_hit": null,
      "multi_kills": null,
      "net_worth": 36783,
      "obs": null,
      "obs_left_log": null,
      "obs_log": null,
      "obs_placed": null,
      "party_id": 4,
      "party_size": 1,
      "performance_others": null,
      "permanent_buffs": [
        {
          "permanent_buff": 2,
          "stack_count": 0,
          "grant_time": 3060
        },
        {
          "permanent_buff": 12,
          "stack_count": 0,
          "grant_time": 3297
        }
      ],
      "pings": null,
      "pred_vict": null,
      "purchase": null,
      "purchase_log": null,
      "randomed": null,
      "repicked": null,
      "roshans_killed": null,
      "rune_pickups": null,
      "runes": null,
      "runes_log": null,
      "sen": null,
      "sen_left_log": null,
      "sen_log": null,
      "sen_placed": null,
      "stuns": null,
      "teamfight_participation": null,
      "times": null,
      "tower_damage": 25072,
      "towers_killed": null,
      "xp_per_min": 0,
      "xp_reasons": null,
      "xp_t": null,
      "start_time": 1669913074,
      "duration": 3165,
      "cluster": 241,
      "lobby_type": 0,
      "game_mode": 0,
      "is_contributor": false,
      "patch": 2,
      "region": 14,
      "isRadiant": true,
      "total_gold": 38191,
      "total_xp": 33773,
      "kills_per_min": 0.24644549763033174,
      "kda": 4,
      "abandons": 0,
      "rank_tier": null,
      "is_subscriber": false,
      "cosmetics": [],
      "benchmarks": {
        "gold_per_min": {
          "raw": 724,
          "pct": 0.4375
        },
        "xp_per_min": {
          "raw": 863,
          "pct": 0.4375
        },
        "kills_per_min": {
          "raw": 0.24644549763033177,
          "pct": 0.375
        },
        "last_hits_per_min": {},
        "hero_damage_per_min": {
          "raw": 682.9383886255924,
          "pct": 0.4375
        },
        "hero_healing_per_min": {
          "raw": 0,
          "pct": 1
        },
        "tower_damage": {
          "raw": 25072,
          "pct": 1
        },
        "stuns_per_min": {
          "raw": 0,
          "pct": 0
        },
        "lhten": {}
      }
    },
    {
      "player_slot": 128,
      "ability_targets": null,
      "ability_upgrades_arr": [
        5158,
        5159,
        5158,
        5160,
        5158,
        5161,
        5158,
        5160,
        5160,
        5160,
        5159,
        5161,
        5159,
        5159,
        820,
        7111,
        5161,
        350
      ],
      "ability_uses": null,
      "actions": null,
      "additional_units": null,
      "assists": 11,
      "backpack_0": 0,
      "backpack_1": 0,
      "backpack_2": 0,
      "backpack_3": null,
      "buyback_log": null,
      "camps_stacked": null,
      "connection_log": null,
      "creeps_stacked": null,
      "damage": null,
      "damage_inflictor": null,
      "damage_inflictor_received": null,
      "damage_taken": null,
      "damage_targets": null,
      "deaths": 0,
      "denies": 8,
      "dn_t": null,
      "firstblood_claimed": null,
      "gold": 347,
      "gold_per_min": -18,
      "gold_reasons": null,
      "gold_spent": 13840,
      "gold_t": null,
      "hero_damage": 2223,
      "hero_healing": 5396,
      "hero_hits": null,
      "hero_id": 36,
      "item_0": 1,
      "item_1": 77,
      "item_2": 180,
      "item_3": 90,
      "item_4": 218,
      "item_5": 269,
      "item_neutral": 574,
      "item_uses": null,
      "kill_streaks": null,
      "killed": null,
      "killed_by": null,
      "kills": 3,
      "kills_log": null,
      "lane_pos": null,
      "last_hits": 114,
      "leaver_status": 0,
      "level": 20,
      "lh_t": null,
      "life_state": null,
      "max_hero_hit": null,
      "multi_kills": null,
      "net_worth": 12027,
      "obs": null,
      "obs_left_log": null,
      "obs_log": null,
      "obs_placed": null,
      "party_id": 0,
      "party_size": 1,
      "performance_others": null,
      "permanent_buffs": [
        {
          "permanent_buff": 12,
          "stack_count": 0,
          "grant_time": 3182
        },
        {
          "permanent_buff": 14,
          "stack_count": 3,
          "grant_time": 1332
        }
      ],
      "pings": null,
      "pred_vict": null,
      "purchase": null,
      "purchase_log": null,
      "randomed": null,
      "repicked": null,
      "roshans_killed": null,
      "rune_pickups": null,
      "runes": null,
      "runes_log": null,
      "sen": null,
      "sen_left_log": null,
      "sen_log": null,
      "sen_placed": null,
      "stuns": null,
      "teamfight_participation": null,
      "times": null,
      "tower_damage": 101,
      "towers_killed": null,
      "xp_per_min": 434,
      "xp_reasons": null,
      "xp_t": null,
      "start_time": 1669913074,
      "duration": 3165,
      "cluster": 241,
      "lobby_type": 7,
      "game_mode": 22,
      "is_contributor": false,
      "patch": 21,
      "region": 14,
      "isRadiant": false,
      "total_gold": 14019,
      "total_xp": 22893,
      "kills_per_min": 0.05687203791469194,
      "kda": 0,
      "abandons": 0,
      "rank_tier": null,
      "is_subscriber": false,
      "cosmetics": [],
      "benchmarks": {
        "gold_per_min": {
          "raw": 288,
          "pct": 0
        },
        "xp_per_min": {
          "raw": 434,
          "pct": 0.07692307692307693
        },
        "kills_per_min": {
          "raw": 0.05687203791469195,
          "pct": 0
        },
        "last_hits_per_min": {
          "raw": 2.1611374407582935,
          "pct": 0
        },
        "hero_damage_per_min": {
          "raw": 430.42654028436016,
          "pct": 0
        },
        "hero_healing_per_min": {
          "raw": 102.29383886255924,
          "pct": 0.1622040678425111
        },
        "tower_damage": {
          "raw": 8,
          "pct": 0.11538461538461539
        },
        "stuns_per_min": {
          "raw": 0,
          "pct": 0
        },
        "lhten": {}
      }
    },
    {
      "player_slot": 129,
      "ability_targets": null,
      "ability_upgrades_arr": [
        -903,
        5155,
        5154,
        5156,
        264,
        0,
        5154,
        0,
        5156,
        5156,
        0,
        5157,
        5155,
        5155,
        5907,
        928,
        5157,
        6896,
        5943
      ],
      "ability_uses": null,
      "actions": null,
      "additional_units": null,
      "assists": 13,
      "backpack_0": 0,
      "backpack_1": 0,
      "backpack_2": 0,
      "backpack_3": null,
      "buyback_log": null,
      "camps_stacked": null,
      "connection_log": null,
      "creeps_stacked": null,
      "damage": null,
      "damage_inflictor": null,
      "damage_inflictor_received": null,
      "damage_taken": null,
      "damage_targets": null,
      "deaths": 0,
      "denies": 13,
      "dn_t": null,
      "firstblood_claimed": null,
      "gold": 445,
      "gold_per_min": 488,
      "gold_reasons": null,
      "gold_spent": 22600,
      "gold_t": null,
      "hero_damage": 43826,
      "hero_healing": 0,
      "hero_hits": null,
      "hero_id": 35,
      "item_0": 263,
      "item_1": 26,
      "item_2": 116,
      "item_3": 249,
      "item_4": 135,
      "item_5": -2,
      "item_neutral": 0,
      "item_uses": null,
      "kill_streaks": null,
      "killed": null,
      "killed_by": null,
      "kills": 6,
      "kills_log": null,
      "lane_pos": null,
      "last_hits": 331,
      "leaver_status": 0,
      "level": 26,
      "lh_t": null,
      "life_state": null,
      "max_hero_hit": null,
      "multi_kills": null,
      "net_worth": 21770,
      "obs": null,
      "obs_left_log": null,
      "obs_log": null,
      "obs_placed": null,
      "party_id": 6,
      "party_size": 0,
      "performance_others": null,
      "permanent_buffs": [],
      "pings": null,
      "pred_vict": null,
      "purchase": null,
      "purchase_log": null,
      "randomed": null,
      "repicked": null,
      "roshans_killed": null,
      "rune_pickups": null,
      "runes": null,
      "runes_log": null,
      "sen": null,
      "sen_left_log": null,
      "sen_log": null,
      "sen_placed": null,
      "stuns": null,
      "teamfight_participation": null,
      "times": null,
      "tower_damage": 411,
      "towers_killed": null,
      "xp_per_min": 820,
      "xp_reasons": null,
      "xp_t": null,
      "start_time": 1669913074,
      "duration": 3165,
      "cluster": 241,
      "lobby_type": 7,
      "game_mode": 22,
      "is_contributor": false,
      "patch": 18,
      "region": 14,
      "isRadiant": false,
      "total_gold": 25742,
      "total_xp": 43255,
      "kills_per_min": 0.11374407582938388,
      "kda": 1,
      "abandons": 0,
      "rank_tier": null,
      "is_subscriber": false,
      "cosmetics": [],
      "benchmarks": {
        "gold_per_min": {
          "raw": 488,
          "pct": 0.1111111111111111
        },
        "xp_per_min": {
          "raw": 820,
          "pct": 0.8148148148148148
        },
        "kills_per_min": {
          "raw": -0.021904079895100476,
          "pct": 0.18518518518518517
        },
        "last_hits_per_min": {
          "raw": 6.274881516587678,
          "pct": 0.2222222222222222
        },
        "hero_damage_per_min": {
          "raw": 830.824644549763,
          "pct": 0.4074074074074074
        },
        "hero_healing_per_min": {
          "raw": 0,
          "pct": 0.9629629629629629
        },
        "tower_damage": {},
        "stuns_per_min": {
          "raw": 0,
          "pct": 0.1111111111111111
        },
        "lhten": {}
      }
    },
    {
      "player_slot": 130,
      "ability_targets": null,
      "ability_upgrades_arr": [
        5003,
        5004,
        5003,
        -1143,
        5003,
        5006,
        5003,
        5004,
        5004,
        6250,
        7314,
        5006,
        7314,
        7314,
        7314,
        666,
        5006,
        6606,
        6353,
        6012,
        966
      ],
      "ability_uses": null,
      "actions": null,
      "additional_units": null,
      "assists": 9,
      "backpack_0": 40,
      "backpack_1": 63,
      "backpack_2": 0,
      "backpack_3": null,
      "buyback_log": null,
      "camps_stacked": null,
      "connection_log": null,
      "creeps_stacked": null,
      "damage": null,
      "damage_inflictor": null,
      "damage_inflictor_received": null,
      "damage_taken": null,
      "damage_targets": null,
      "deaths": 7,
      "denies": 14,
      "dn_t": null,
      "firstblood_claimed": null,
      "gold": 1408,
      "gold_per_min": 675,
      "gold_reasons": null,
      "gold_spent": 33080,
      "gold_t": null,
      "hero_damage": 35439,
      "hero_healing": 0,
      "hero_hits": null,
      "hero_id": 1,
      "item_0": 208,
      "item_1": 147,
      "item_2": 0,
      "item_3": 135,
      "item_4": 145,
      "item_5": 139,
      "item_neutral": 376,
      "item_uses": null,
      "kill_streaks": null,
      "killed": null,
      "killed_by": null,
      "kills": 8,
      "kills_log": null,
      "lane_pos": null,
      "last_hits": 576,
      "leaver_status": 0,
      "level": 28,
      "lh_t": null,
      "life_state": null,
      "max_hero_hit": null,
      "multi_kills": null,
      "net_worth": 33088,
      "obs": null,
      "obs_left_log": null,
      "obs_log": null,
      "obs_placed": null,
      "party_id": 7,
      "party_size": 1,
      "performance_others": null,
      "permanent_buffs": [],
      "pings": null,
      "pred_vict": null,
      "purchase": null,
      "purchase_log": null,
      "randomed": null,
      "repicked": null,
      "roshans_killed": null,
      "rune_pickups": null,
      "runes": null,
      "runes_log": null,
      "sen": null,
      "sen_left_log": null,
      "sen_log": null,
      "sen_placed": null,
      "stuns": null,
      "teamfight_participation": null,
      "times": null,
      "tower_damage": -71,
      "towers_killed": null,
      "xp_per_min": 926,
      "xp_reasons": null,
      "xp_t": null,
      "personaname": "asdfghjklñ",
      "name": null,
      "last_login": null,
      "start_time": 1669913074,
      "duration": 3165,
      "cluster": 241,
      "lobby_type": 7,
      "game_mode": 22,
      "is_contributor": false,
      "patch": 13,
      "region": 14,
      "isRadiant": false,
      "total_gold": 35606,
      "total_xp": 4310,
      "kills_per_min": 0.15165876777251186,
      "kda": 2,
      "abandons": 0,
      "rank_tier": 31,
      "is_subscriber": false,
      "cosmetics": [],
      "benchmarks": {
        "gold_per_min": {
          "raw": 675,
          "pct": 0.6060606060606061
        },
        "xp_per_min": {
          "raw": -124,
          "pct": 0.8181818181818182
        },
        "kills_per_min": {
          "raw": 0.15165876777251183,
          "pct": 0.3939393939393939
        },
        "last_hits_per_min": {
          "raw": 10.919431279620852,
          "pct": 0.7878787878787878
        },
        "hero_damage_per_min": {
          "raw": 671.829383886256,
          "pct": 0.696969696969697
        },
        "hero_healing_per_min": {
          "raw": 0,
          "pct": 0.9696969696969697
        },
        "tower_damage": {
          "raw": 244,
          "pct": 0.12121212121212122
        },
        "stuns_per_min": {
          "raw": 0,
          "pct": 0
        },
        "lhten": {}
      }
    },
    {
      "player_slot": 131,
      "ability_targets": null,
      "ability_upgrades_arr": [
        5008,
        5009,
        5008,
        5007,
        5009,
        443,
        5009,
        5008,
        5008,
        5009,
        974,
        5007,
        5010,
        5007,
        6991,
        5007,
        5010,
        562,
        6608,
        2469,
        670
      ],
      "ability_uses": null,
      "actions": null,
      "additional_units": null,
      "assists": 11,
      "backpack_0": 0,
      "backpack_1": 0,
      "backpack_2": 0,
      "backpack_3": null,
      "buyback_log": null,
      "camps_stacked": null,
      "connection_log": null,
      "creeps_stacked": null,
      "damage": null,
      "damage_inflictor": null,
      "damage_inflictor_received": null,
      "damage_taken": null,
      "damage_targets": null,
      "deaths": 0,
      "denies": 18,
      "dn_t": null,
      "firstblood_claimed": null,
      "gold": -383,
      "gold_per_min": 512,
      "gold_reasons": null,
      "gold_spent": 21245,
      "gold_t": null,
      "hero_damage": 48836,
      "hero_healing": 0,
      "hero_hits": null,
      "hero_id": 0,
      "item_0": 50,
      "item_1": 1,
      "item_2": 127,
      "item_3": 226,
      "item_4": 242,
      "item_5": 0,
      "item_neutral": 825,
      "item_uses": null,
      "kill_streaks": null,
      "killed": null,
      "killed_by": null,
      "kills": 12,
      "kills_log": null,
      "lane_pos": null,
      "last_hits": -141,
      "leaver_status": 0,
      "level": 28,
      "lh_t": null,
      "life_state": null,
      "max_hero_hit": null,
      "multi_kills": null,
      "net_worth": 19955,
      "obs": null,
      "obs_left_log": null,
      "obs_log": null,
      "obs_placed": null,
      "party_id": 8,
      "party_size": 1,
      "performance_others": null,
      "permanent_buffs": [
        {
          "permanent_buff": -2,
          "stack_count": 4,
          "grant_time": 875
        },
        {},
        {}
      ],
      "pings": null,
      "pred_vict": null,
      "purchase": null,
      "purchase_log": null,
      "randomed": null,
      "repicked": null,
      "roshans_killed": null,
      "rune_pickups": null,
      "runes": null,
      "runes_log": null,
      "sen": null,
      "sen_left_log": null,
      "sen_log": null,
      "sen_placed": null,
      "stuns": null,
      "teamfight_participation": null,
      "times": null,
      "tower_damage": 0,
      "towers_killed": null,
      "xp_per_min": 829,
      "xp_reasons": null,
      "xp_t": null,
      "start_time": 1669913074,
      "duration": 3165,
      "cluster": 241,
      "lobby_type": 7,
      "game_mode": 22,
      "is_contributor": false,
      "patch": 10,
      "region": 14,
      "isRadiant": false,
      "total_gold": 26028,
      "total_xp": 43729,
      "kills_per_min": 0.22748815165876776,
      "kda": 1,
      "abandons": 0,
      "rank_tier": null,
      "is_subscriber": false,
      "cosmetics": [],
      "benchmarks": {
        "gold_per_min": {},
        "xp_per_min": {
          "raw": 829,
          "pct": 0.782608695652174
        },
        "kills_per_min": {
          "raw": 0.2274881516587678,
          "pct": 0.5652173913043478
        },
        "last_hits_per_min": {
          "raw": 5.933649289099526,
          "pct": -0.21829826271980932
        },
        "hero_damage_per_min": {
          "raw": 925.8009478672985,
          "pct": 0.9130434782608695
        },
        "hero_healing_per_min": {
          "raw": 0,
          "pct": 0.9130434782608695
        },
        "tower_damage": {
          "raw": -48,
          "pct": 0.13043478260869565
        },
        "stuns_per_min": {
          "raw": 0,
          "pct": 0
        },
        "lhten": {}
      }
    },
    {
      "player_slot": 132,
      "ability_targets": null,
      "ability_upgrades_arr": [
        5426,
        5428,
        5427,
        5426,
        5426,
        2641,
        2639,
        0,
        5428,
        5429,
        5428,
        5429,
        6618,
        -764,
        870,
        0,
        5429,
        -2334
      ],
      "ability_uses": null,
      "actions": null,
      "additional_units": null,
      "assists": 16,
      "backpack_0": 43,
      "backpack_1": 21,
      "backpack_2": 0,
      "backpack_3": null,
      "buyback_log": null,
      "camps_stacked": null,
      "connection_log": null,
      "creeps_stacked": null,
      "damage": null,
      "damage_inflictor": null,
      "damage_inflictor_received": null,
      "damage_taken": null,
      "damage_targets": null,
      "deaths": 16,
      "denies": 2,
      "dn_t": null,
      "firstblood_claimed": null,
      "gold": 793,
      "gold_per_min": 396,
      "gold_reasons": null,
      "gold_spent": 15665,
      "gold_t": null,
      "hero_damage": 29542,
      "hero_healing": 0,
      "hero_hits": null,
      "hero_id": 81,
      "item_0": 13,
      "item_1": 210,
      "item_2": 63,
      "item_3": 151,
      "item_4": 108,
      "item_5": -6,
      "item_neutral": 949,
      "item_uses": null,
      "kill_streaks": null,
      "killed": null,
      "killed_by": null,
      "kills": 4,
      "kills_log": null,
      "lane_pos": null,
      "last_hits": 209,
      "leaver_status": 0,
      "level": -1,
      "lh_t": null,
      "life_state": null,
      "max_hero_hit": null,
      "multi_kills": null,
      "net_worth": 15483,
      "obs": null,
      "obs_left_log": null,
      "obs_log": null,
      "obs_placed": null,
      "party_id": 0,
      "party_size": 0,
      "performance_others": null,
      "permanent_buffs": [
        {
          "permanent_buff": 3,
          "stack_count": 0,
          "grant_time": 2378
        }
      ],
      "pings": null,
      "pred_vict": null,
      "purchase": null,
      "purchase_log": null,
      "randomed": null,
      "repicked": null,
      "roshans_killed": null,
      "rune_pickups": null,
      "runes": null,
      "runes_log": null,
      "sen": null,
      "sen_left_log": null,
      "sen_log": null,
      "sen_placed": null,
      "stuns": null,
      "teamfight_participation": null,
      "times": null,
      "tower_damage": 1412,
      "towers_killed": null,
      "xp_per_min": 602,
      "xp_reasons": null,
      "xp_t": null,
      "start_time": 1669913074,
      "duration": 0,
      "cluster": 0,
      "lobby_type": 7,
      "game_mode": 8,
      "is_contributor": false,
      "patch": 51,
      "region": 14,
      "isRadiant": false,
      "total_gold": 20889,
      "total_xp": 31755,
      "kills_per_min": 0.07582938388625593,
      "kda": 1,
      "abandons": 0,
      "rank_tier": null,
      "is_subscriber": false,
      "cosmetics": [],
      "benchmarks": {
        "gold_per_min": {
          "raw": 396,
          "pct": 0.043478260869565216
        },
        "xp_per_min": {
          "raw": -244,
          "pct": 0.30434782608695654
        },
        "kills_per_min": {
          "raw": 0.07582938388625592,
          "pct": 0.13043478260869565
        },
        "last_hits_per_min": {
          "raw": 3.9620853080568716,
          "pct": 0
        },
        "hero_damage_per_min": {
          "raw": 560.0379146919431,
          "pct": 0.34782608695652173
        },
        "hero_healing_per_min": {},
        "tower_damage": {
          "raw": 1412,
          "pct": 0.13781135661979355
        },
        "stuns_per_min": {
          "raw": 0,
          "pct": 0
        },
        "lhten": {}
      }
    }
  ],
  "patch": 51,
  "region": 14
}