{
  "chat": null,
  "cluster": 0,
  "cosmetics": null,
  "dire_score": 62,
  "dire_team_id": null,
  "draft_timings": null,
  "duration": 2488,
  "engine": 1,
  "first_blood_time": 55,
  "game_mode": 4,
  "human_players": -2,
  "leagueid": 0,
  "lobby_type": 0,
  "match_seq_num": 5780347524,
  "negative_votes": 0,
  "objectives": null,
  "picks_bans": null,
  "positive_votes": 0,
  "radiant_gold_adv": null,
  "radiant_score": 22,
  "radiant_team_id": null,
  "radiant_xp_adv": null,
  "skill": null,
  "start_time": 1669911398,
  "teamfights": null,
  "version": null,
  "replay_salt": 1510693607,
  "series_id": 0,
  "series_type": 0,
  "players": [
    {
      "player_slot": 0,
      "ability_targets": null,
      "ability_upgrades_arr": [
        5426,
        5428,
        5428,
        5427,
        5428,
        5429,
        5428,
        5427,
        5427,
        0,
        5427,
        5426,
        5429,
        5426,
        870
      ],
      "ability_uses": null,
      "actions": null,
      "additional_units": null,
      "assists": 1,
      "backpack_0": 0,
      "backpack_1": 0,
      "backpack_2": 0,
      "backpack_3": null,
      "buyback_log": null,
      "camps_stacked": null,
      "connection_log": null,
      "creeps_stacked": null,
      "damage": null,
      "damage_inflictor": null,
      "damage_inflictor_received": null,
      "damage_taken": null,
      "damage_targets": null,
      "deaths": 18,
      "denies": 0,
      "dn_t": null,
      "firstblood_claimed": null,
      "gold": 1118,
      "gold_per_min": 301,
      "gold_reasons": null,
      "gold_spent": 9405,
      "gold_t": null,
      "hero_damage": 10279,
      "hero_healing": 0,
      "hero_hits": null,
      "hero_id": 81,
      "item_0": -27,
      "item_1": 63,
      "item_2": 598,
      "item_3": 252,
      "item_4": 21,
      "item_5": 8,
      "item_neutral": 376,
      "item_uses": null,
      "kill_streaks": null,
      "killed": null,
      "killed_by": null,
      "kills": 1,
      "kills_log": null,
      "lane_pos": null,
      "last_hits": 162,
      "leaver_status": 0,
      "level": -6,
      "lh_t": null,
      "life_state": null,
      "max_hero_hit": null,
      "multi_kills": null,
      "net_worth": 10623,
      "obs": null,
      "obs_left_log": null,
      "obs_log": null,
      "obs_placed": null,
      "party_id": 0,
      "party_size": 1,
      "performance_others": null,
      "permanent_buffs": [],
      "pings": null,
      "pred_vict": null,
      "purchase": null,
      "purchase_log": null,
      "randomed": null,
      "repicked": null,
      "roshans_killed": null,
      "rune_pickups": null,
      "runes": null,
      "runes_log": null,
      "sen": null,
      "sen_left_log": null,
      "sen_log": null,
      "sen_placed": null,
      "stuns": null,
      "teamfight_participation": null,
      "times": null,
      "tower_damage": 4105,
      "towers_killed": null,
      "xp_per_min": 325,
      "xp_reasons": null,
      "xp_t": null,
      "start_time": 1669911398,
      "duration": 2488,
      "cluster": 187,
      "lobby_type": 0,
      "game_mode": 4,
      "is_contributor": false,
      "patch": 51,
      "region": 8,
      "isRadiant": true,
      "total_gold": 12481,
      "total_xp": 8619,
      "kills_per_min": 0.024115755627009645,
      "kda": 0,
      "abandons": 0,
      "rank_tier": null,
      "is_subscriber": false,
      "cosmetics": [],
      "benchmarks": {
        "gold_per_min": {
          "raw": 301,
          "pct": 0
        },
        "xp_per_min": {
          "raw": 325,
          "pct": 0
        },
        "kills_per_min": {
          "raw": 0.024115755627009645,
          "pct": 0
        },
        "last_hits_per_min": {
          "raw": 3.906752411575563,
          "pct": 0
        },
        "hero_damage_per_min": {
          "raw": 247.8858520900322,
          "pct": 0.043478260869565216
        },
        "hero_healing_per_min": {
          "raw": 0,
          "pct": 1
        },
        "tower_damage": {},
        "stuns_per_min": {
          "raw": 0,
          "pct": 0
        },
        "lhten": {}
      }
    },
    {
      "player_slot": 1,
      "ability_targets": null,
      "ability_upgrades_arr": [
        5032,
        5031,
        0,
        5033,
        0,
        5035,
        5032,
        5031,
        5031,
        1015,
        5031,
        0,
        5033,
        5033,
        6253,
        5033,
        0,
        6667,
        6666
      ],
      "ability_uses": null,
      "actions": null,
      "additional_units": null,
      "assists": 0,
      "backpack_0": 0,
      "backpack_1": 0,
      "backpack_2": 0,
      "backpack_3": null,
      "buyback_log": null,
      "camps_stacked": null,
      "connection_log": null,
      "creeps_stacked": null,
      "damage": null,
      "damage_inflictor": null,
      "damage_inflictor_received": null,
      "damage_taken": null,
      "damage_targets": null,
      "deaths": 9,
      "denies": 7,
      "dn_t": null,
      "firstblood_claimed": null,
      "gold": 0,
      "gold_per_min": -113,
      "gold_reasons": null,
      "gold_spent": 20285,
      "gold_t": null,
      "hero_damage": 33408,
      "hero_healing": 0,
      "hero_hits": null,
      "hero_id": 23,
      "item_0": -1,
      "item_1": 73,
      "item_2": 94,
      "item_3": 112,
      "item_4": 53,
      "item_5": 50,
      "item_neutral": 381,
      "item_uses": null,
      "kill_streaks": null,
      "killed": null,
      "killed_by": null,
      "kills": 13,
      "kills_log": null,
      "lane_pos": null,
      "last_hits": 307,
      "leaver_status": 0,
      "level": -9,
      "lh_t": null,
      "life_state": null,
      "max_hero_hit": null,
      "multi_kills": null,
      "net_worth": 20095,
      "obs": null,
      "obs_left_log": null,
      "obs_log": null,
      "obs_placed": null,
      "party_id": 1,
      "party_size": 2,
      "performance_others": null,
      "permanent_buffs": [
        {
          "permanent_buff": 6,
          "stack_count": 3,
          "grant_time": 2262
        }
      ],
      "pings": null,
      "pred_vict": null,
      "purchase": null,
      "purchase_log": null,
      "randomed": null,
      "repicked": null,
      "roshans_killed": null,
      "rune_pickups": null,
      "runes": null,
      "runes_log": null,
      "sen": null,
      "sen_left_log": null,
      "sen_log": null,
      "sen_placed": null,
      "stuns": null,
      "teamfight_participation": null,
      "times": null,
      "tower_damage": 983,
      "towers_killed": null,
      "xp_per_min": 0,
      "xp_reasons": null,
      "xp_t": null,
      "start_time": 1669911398,
      "duration": 0,
      "cluster": 187,
      "lobby_type": 0,
      "game_mode": 4,
      "is_contributor": false,
      "patch": 51,
      "region": -3,
      "isRadiant": true,
      "total_gold": 23096,
      "total_xp": 37444,
      "kills_per_min": 0.3135048231511254,
      "kda": 0,
      "abandons": 0,
      "rank_tier": null,
      "is_subscriber": false,
      "cosmetics": [],
      "benchmarks": {
        "gold_per_min": {
          "raw": 557,
          "pct": 0.5882352941176471
        },
        "xp_per_min": {
          "raw": 903,
          "pct": 0.9411764705882353
        },
        "kills_per_min": {
          "raw": 0.041599556303012375,
          "pct": 0.8823529411764706
        },
        "last_hits_per_min": {
          "raw": 7.403536977491962,
          "pct": 0.5294117647058824
        },
        "hero_damage_per_min": {
          "raw": 805.6591639871383,
          "pct": 0.7647058823529411
        },
        "hero_healing_per_min": {
          "raw": 0,
          "pct": -0.1519614389160906
        },
        "tower_damage": {
          "raw": 983,
          "pct": 0.5882352941176471
        },
        "stuns_per_min": {},
        "lhten": {}
      }
    },
    {
      "player_slot": 2,
      "ability_targets": null,
      "ability_upgrades_arr": [
        -1005,
        0,
        5080,
        5078,
        5080,
        5081,
        5079,
        5078,
        5080,
        5079,
        5078,
        5081,
        -2264,
        468,
        5079,
        -277
      ],
      "ability_uses": null,
      "actions": null,
      "additional_units": null,
      "assists": 0,
      "backpack_0": 0,
      "backpack_1": 0,
      "backpack_2": 0,
      "backpack_3": null,
      "buyback_log": null,
      "camps_stacked": null,
      "connection_log": null,
      "creeps_stacked": null,
      "damage": null,
      "damage_inflictor": null,
      "damage_inflictor_received": null,
      "damage_taken": null,
      "damage_targets": null,
      "deaths": 12,
      "denies": 0,
      "dn_t": null,
      "firstblood_claimed": null,
      "gold": 1338,
      "gold_per_min": 230,
      "gold_reasons": null,
      "gold_spent": 6745,
      "gold_t": null,
      "hero_damage": 16881,
      "hero_healing": 0,
      "hero_hits": null,
      "hero_id": 27,
      "item_0": 108,
      "item_1": 180,
      "item_2": 0,
      "item_3": 39,
      "item_4": 0,
      "item_5": 12,
      "item_neutral": 0,
      "item_uses": null,
      "kill_streaks": null,
      "killed": null,
      "killed_by": null,
      "kills": 2,
      "kills_log": null,
      "lane_pos": null,
      "last_hits": 30,
      "leaver_status": 0,
      "level": 17,
      "lh_t": null,
      "life_state": null,
      "max_hero_hit": null,
      "multi_kills": null,
      "net_worth": 7488,
      "obs": null,
      "obs_left_log": null,
      "obs_log": null,
      "obs_placed": null,
      "party_id": 1,
      "party_size": 2,
      "performance_others": null,
      "permanent_buffs": [],
      "pings": null,
      "pred_vict": null,
      "purchase": null,
      "purchase_log": null,
      "randomed": null,
      "repicked": null,
      "roshans_killed": null,
      "rune_pickups": null,
      "runes": null,
      "runes_log": null,
      "sen": null,
      "sen_left_log": null,
      "sen_log": null,
      "sen_placed": null,
      "stuns": null,
      "teamfight_participation": null,
      "times": null,
      "tower_damage": 866,
      "towers_killed": null,
      "xp_per_min": -194,
      "xp_reasons": null,
      "xp_t": null,
      "start_time": 1669911398,
      "duration": 2488,
      "cluster": 187,
      "lobby_type": 0,
      "game_mode": 4,
      "is_contributor": false,
      "patch": 51,
      "region": 8,
      "isRadiant": true,
      "total_gold": 9537,
      "total_xp": 16296,
      "kills_per_min": 0.04823151125401929,
      "kda": 0,
      "abandons": 0,
      "rank_tier": null,
      "is_subscriber": false,
      "cosmetics": [],
      "benchmarks": {
        "gold_per_min": {
          "raw": 230,
          "pct": 0.16666666666666666
        },
        "xp_per_min": {
          "raw": 393,
          "pct": 0.2777777777777778
        },
        "kills_per_min": {
          "raw": 0.04823151125401929,
          "pct": 0.1111111111111111
        },
        "last_hits_per_min": {
          "raw": 0.7234726688102894,
          "pct": 0.1111111111111111
        },
        "hero_damage_per_min": {
          "raw": 407.0980707395498,
          "pct": 0.7222222222222222
        },
        "hero_healing_per_min": {
          "raw": 0,
          "pct": 0.7777777777777778
        },
        "tower_damage": {
          "raw": 219,
          "pct": 0.3333333333333333
        },
        "stuns_per_min": {
          "raw": 0,
          "pct": 0
        },
        "lhten": {}
      }
    },
    {
      "player_slot": 3,
      "ability_targets": null,
      "ability_upgrades_arr": [],
      "ability_uses": null,
      "actions": null,
      "additional_units": null,
      "assists": 3,
      "backpack_0": -96,
      "backpack_1": 574,
      "backpack_2": 0,
      "backpack_3": null,
      "buyback_log": null,
      "camps_stacked": null,
      "connection_log": null,
      "creeps_stacked": null,
      "damage": null,
      "damage_inflictor": null,
      "damage_inflictor_received": null,
      "damage_taken": null,
      "damage_targets": null,
      "deaths": 17,
      "denies": 0,
      "dn_t": null,
      "firstblood_claimed": null,
      "gold": 690,
      "gold_per_min": 204,
      "gold_reasons": null,
      "gold_spent": 480,
      "gold_t": null,
      "hero_damage": 7971,
      "hero_healing": 69,
      "hero_hits": null,
      "hero_id": 119,
      "item_0": 39,
      "item_1": 92,
      "item_2": 36,
      "item_3": 214,
      "item_4": 0,
      "item_5": 15,
      "item_neutral": 945,
      "item_uses": null,
      "kill_streaks": null,
      "killed": null,
      "killed_by": null,
      "kills": 1,
      "kills_log": null,
      "lane_pos": null,
      "last_hits": 48,
      "leaver_status": 0,
      "level": 14,
      "lh_t": null,
      "life_state": null,
      "max_hero_hit": null,
      "multi_kills": null,
      "net_worth": 6884,
      "obs": null,
      "obs_left_log": null,
      "obs_log": null,
      "obs_placed": null,
      "party_id": 2,
      "party_size": 2,
      "performance_others": null,
      "permanent_buffs": [],
      "pings": null,
      "pred_vict": null,
      "purchase": null,
      "purchase_log": null,
      "randomed": null,
      "repicked": null,
      "roshans_killed": null,
      "rune_pickups": null,
      "runes": null,
      "runes_log": null,
      "sen": null,
      "sen_left_log": null,
      "sen_log": null,
      "sen_placed": null,
      "stuns": null,
      "teamfight_participation": null,
      "times": null,
      "tower_damage": 1535,
      "towers_killed": null,
      "xp_per_min": 290,
      "xp_reasons": null,
      "xp_t": null,
      "start_time": 1669911398,
      "duration": 2488,
      "cluster": 0,
      "lobby_type": 0,
      "game_mode": 4,
      "is_contributor": false,
      "patch": 51,
      "region": 8,
      "isRadiant": true,
      "total_gold": 8459,
      "total_xp": 12025,
      "kills_per_min": 0.006567776714791224,
      "kda": 0,
      "abandons": 0,
      "rank_tier": null,
      "is_subscriber": false,
      "cosmetics": [],
      "benchmarks": {
        "gold_per_min": {
          "raw": 0,
          "pct": 0.043478260869565216
        },
        "xp_per_min": {
          "raw": -10,
          "pct": 0.043478260869565216
        },
        "kills_per_min": {
          "raw": 0.024115755627009645,
          "pct": 0
        },
        "last_hits_per_min": {
          "raw": 1.157556270096463,
          "pct": 0.5217391304347826
        },
        "hero_damage_per_min": {
          "raw": 192.2266881028939,
          "pct": 0.043478260869565216
        },
        "hero_healing_per_min": {},
        "tower_damage": {
          "raw": 1535,
          "pct": 0.8695652173913043
        },
        "stuns_per_min": {},
        "lhten": {}
      }
    },
    {
      "player_slot": 4,
      "ability_targets": null,
      "ability_upgrades_arr": [
        1070,
        0,
        5345,
        -309,
        1710,
        5348,
        5345,
        -2216,
        5347,
        7652,
        5346,
        5348,
        5346,
        5346,
        6352,
        5346,
        5348,
        0
      ],
      "ability_uses": null,
      "actions": null,
      "additional_units": null,
      "assists": 3,
      "backpack_0": 0,
      "backpack_1": 0,
      "backpack_2": 0,
      "backpack_3": null,
      "buyback_log": null,
      "camps_stacked": null,
      "connection_log": null,
      "creeps_stacked": null,
      "damage": null,
      "damage_inflictor": null,
      "damage_inflictor_received": null,
      "damage_taken": null,
      "damage_targets": null,
      "deaths": 6,
      "denies": 38,
      "dn_t": null,
      "firstblood_claimed": null,
      "gold": -23,
      "gold_per_min": -144,
      "gold_reasons": null,
      "gold_spent": 18410,
      "gold_t": null,
      "hero_damage": 21146,
      "hero_healing": 293,
      "hero_hits": null,
      "hero_id": 68,
      "item_0": 108,
      "item_1": 63,
      "item_2": 0,
      "item_3": 263,
      "item_4": 65,
      "item_5": 259,
      "item_neutral": -91,
      "item_uses": null,
      "kill_streaks": null,
      "killed": null,
      "killed_by": null,
      "kills": 4,
      "kills_log": null,
      "lane_pos": null,
      "last_hits": 0,
      "leaver_status": 0,
      "level": -3,
      "lh_t": null,
      "life_state": null,
      "max_hero_hit": null,
      "multi_kills": null,
      "net_worth": 17214,
      "obs": null,
      "obs_left_log": null,
      "obs_log": null,
      "obs_placed": null,
      "party_id": 2,
      "party_size": 2,
      "performance_others": null,
      "permanent_buffs": [],
      "pings": null,
      "pred_vict": null,
      "purchase": null,
      "purchase_log": null,
      "randomed": null,
      "repicked": null,
      "roshans_killed": null,
      "rune_pickups": null,
      "runes": null,
      "runes_log": null,
      "sen": null,
      "sen_left_log": null,
      "sen_log": null,
      "sen_placed": null,
      "stuns": null,
      "teamfight_participation": null,
      "times": null,
      "tower_damage": 80,
      "towers_killed": null,
      "xp_per_min": 609,
      "xp_reasons": null,
      "xp_t": null,
      "personaname": "местная давалка",
      "name": null,
      "last_login": null,
      "start_time": 1669911398,
      "duration": 2488,
      "cluster": 187,
      "lobby_type": 0,
      "game_mode": 4,
      "is_contributor": false,
      "patch": 51,
      "region": 8,
      "isRadiant": true,
      "total_gold": 18411,
      "total_xp": 25253,
      "kills_per_min": 0.09646302250803858,
      "kda": 0,
      "abandons": 0,
      "rank_tier": 24,
      "is_subscriber": false,
      "cosmetics": [],
      "benchmarks": {
        "gold_per_min": {
          "raw": 72,
          "pct": 0.8571428571428571
        },
        "xp_per_min": {
          "raw": 609,
          "pct": 0.5714285714285714
        },
        "kills_per_min": {
          "raw": 0.09646302250803858,
          "pct": 0.21428571428571427
        },
        "last_hits_per_min": {
          "raw": 5.546623794212219,
          "pct": 1
        },
        "hero_damage_per_min": {
          "raw": 509.951768488746,
          "pct": 0.5
        },
        "hero_healing_per_min": {
          "raw": 7.065916398713827,
          "pct": 0.11737450839355754
        },
        "tower_damage": {
          "raw": 80,
          "pct": 0.35714285714285715
        },
        "stuns_per_min": {
          "raw": 0,
          "pct": 0
        },
        "lhten": {}
      }
    },
    {
      "player_slot": 128,
      "ability_targets": null,
      "ability_upgrades_arr": [
        573,
        8007,
        8007,
        0,
        8007,
        6491,
        8000,
        -2281,
        8000,
        8007,
        705,
        0,
        8006,
        8006,
        1019,
        1684,
        -1315,
        8004
      ],
      "ability_uses": null,
      "actions": null,
      "additional_units": null,
      "assists": 22,
      "backpack_0": 0,
      "backpack_1": 0,
      "backpack_2": 0,
      "backpack_3": null,
      "buyback_log": null,
      "camps_stacked": null,
      "connection_log": null,
      "creeps_stacked": null,
      "damage": null,
      "damage_inflictor": null,
      "damage_inflictor_received": null,
      "damage_taken": null,
      "damage_targets": null,
      "deaths": 1,
      "denies": 0,
      "dn_t": null,
      "firstblood_claimed": null,
      "gold": 1970,
      "gold_per_min": 418,
      "gold_reasons": null,
      "gold_spent": 15995,
      "gold_t": null,
      "hero_damage": 17082,
      "hero_healing": 1355,
      "hero_hits": null,
      "hero_id": 121,
      "item_0": 108,
      "item_1": 256,
      "item_2": 180,
      "item_3": 0,
      "item_4": 0,
      "item_5": 0,
      "item_neutral": 42,
      "item_uses": null,
      "kill_streaks": null,
      "killed": null,
      "killed_by": null,
      "kills": 1,
      "kills_log": null,
      "lane_pos": null,
      "last_hits": 64,
      "leaver_status": 0,
      "level": -10,
      "lh_t": null,
      "life_state": null,
      "max_hero_hit": null,
      "multi_kills": null,
      "net_worth": 17145,
      "obs": null,
      "obs_left_log": null,
      "obs_log": null,
      "obs_placed": null,
      "party_id": 3,
      "party_size": 2,
      "performance_others": null,
      "permanent_buffs": [
        {
          "permanent_buff": 12,
          "stack_count": 0,
          "grant_time": -833
        }
      ],
      "pings": null,
      "pred_vict": null,
      "purchase": null,
      "purchase_log": null,
      "randomed": null,
      "repicked": null,
      "roshans_killed": null,
      "rune_pickups": null,
      "runes": null,
      "runes_log": null,
      "sen": null,
      "sen_left_log": null,
      "sen_log": null,
      "sen_placed": null,
      "stuns": null,
      "teamfight_participation": null,
      "times": null,
      "tower_damage": 0,
      "towers_killed": null,
      "xp_per_min": 191,
      "xp_reasons": null,
      "xp_t": null,
      "personaname": "МАКСИМ НАЦИСТЫЧ",
      "name": null,
      "last_login": null,
      "start_time": 1669911398,
      "duration": 2488,
      "cluster": 187,
      "lobby_type": 0,
      "game_mode": 0,
      "is_contributor": false,
      "patch": 51,
      "region": 8,
      "isRadiant": false,
      "total_gold": 17333,
      "total_xp": 27368,
      "kills_per_min": 0.1688102893890675,
      "kda": 14,
      "abandons": 0,
      "rank_tier": 0,
      "is_subscriber": false,
      "cosmetics": [],
      "benchmarks": {
        "gold_per_min": {
          "raw": 418,
          "pct": 1
        },
        "xp_per_min": {
          "raw": 660,
          "pct": 1
        },
        "kills_per_min": {
          "raw": 0.009106947351295643,
          "pct": 0.75
        },
        "last_hits_per_min": {
          "raw": 1.5434083601286173,
          "pct": 0.75
        },
        "hero_damage_per_min": {},
        "hero_healing_per_min": {
          "raw": 32.67684887459807,
          "pct": 0.8333333333333334
        },
        "tower_damage": {},
        "stuns_per_min": {},
        "lhten": {}
      }
    },
    {
      "player_slot": 129,
      "ability_targets": null,
      "ability_upgrades_arr": [
        5723,
        5716,
        5723,
        5716,
        5721,
        5721,
        5725,
        5723,
        5721,
        5721,
        5716,
        5716,
        5725,
        748,
        6421,
        5723,
        5725,
        0,
        7025,
        982
      ],
      "ability_uses": null,
      "actions": null,
      "additional_units": null,
      "assists": 11,
      "backpack_0": 0,
      "backpack_1": 0,
      "backpack_2": 0,
      "backpack_3": null,
      "buyback_log": null,
      "camps_stacked": null,
      "connection_log": null,
      "creeps_stacked": null,
      "damage": null,
      "damage_inflictor": null,
      "damage_inflictor_received": null,
      "damage_taken": null,
      "damage_targets": null,
      "deaths": 2,
      "denies": 9,
      "dn_t": null,
      "firstblood_claimed": null,
      "gold": 1578,
      "gold_per_min": 670,
      "gold_reasons": null,
      "gold_spent": 26965,
      "gold_t": null,
      "hero_damage": 38119,
      "hero_healing": 0,
      "hero_hits": null,
      "hero_id": 114,
      "item_0": 208,
      "item_1": 252,
      "item_2": 0,
      "item_3": -22,
      "item_4": 108,
      "item_5": -22,
      "item_neutral": 825,
      "item_uses": null,
      "kill_streaks": null,
      "killed": null,
      "killed_by": null,
      "kills": 25,
      "kills_log": null,
      "lane_pos": null,
      "last_hits": 251,
      "leaver_status": 0,
      "level": 27,
      "lh_t": null,
      "life_state": null,
      "max_hero_hit": null,
      "multi_kills": null,
      "net_worth": 26878,
      "obs": null,
      "obs_left_log": null,
      "obs_log": null,
      "obs_placed": null,
      "party_id": 0,
      "party_size": 2,
      "performance_others": null,
      "permanent_buffs": [
        {
          "permanent_buff": 12,
          "stack_count": 0,
          "grant_time": 2326
        }
      ],
      "pings": null,
      "pred_vict": null,
      "purchase": null,
      "purchase_log": null,
      "randomed": null,
      "repicked": null,
      "roshans_killed": null,
      "rune_pickups": null,
      "runes": null,
      "runes_log": null,
      "sen": null,
      "sen_left_log": null,
      "sen_log": null,
      "sen_placed": null,
      "stuns": null,
      "teamfight_participation": null,
      "times": null,
      "tower_damage": 2677,
      "towers_killed": null,
      "xp_per_min": 403,
      "xp_reasons": null,
      "xp_t": null,
      "start_time": 1669911398,
      "duration": 2488,
      "cluster": 187,
      "lobby_type": 0,
      "game_mode": 4,
      "is_contributor": false,
      "patch": 51,
      "region": 8,
      "isRadiant": false,
      "total_gold": 27782,
      "total_xp": 2167,
      "kills_per_min": 0.6028938906752411,
      "kda": 8,
      "abandons": 0,
      "rank_tier": null,
      "is_subscriber": false,
      "cosmetics": [],
      "benchmarks": {
        "gold_per_min": {},
        "xp_per_min": {
          "raw": 950,
          "pct": 1
        },
        "kills_per_min": {
          "raw": 0.6028938906752411,
          "pct": 0
        },
        "last_hits_per_min": {
          "raw": 6.053054662379422,
          "pct": 0.36585365853658536
        },
        "hero_damage_per_min": {
          "raw": 919.2684887459807,
          "pct": 0.8536585365853658
        },
        "hero_healing_per_min": {
          "raw": 0,
          "pct": 1
        },
        "tower_damage": {
          "raw": 2677,
          "pct": 0.5609756097560976
        },
        "stuns_per_min": {
          "raw": 0,
          "pct": 0.024390243902439025
        },
        "lhten": {}
      }
    },
    {
      "player_slot": -54,
      "ability_targets": null,
      "ability_upgrades_arr": [
        5061,
        0,
        5061,
        5062,
        5061,
        -633,
        5062,
        5061,
        5062,
        6016,
        5063,
        5064,
        5063,
        5063,
        6875,
        5063,
        5064,
        6670,
        1072
      ],
      "ability_uses": null,
      "actions": null,
      "additional_units": null,
      "assists": 9,
      "backpack_0": 0,
      "backpack_1": 0,
      "backpack_2": 0,
      "backpack_3": null,
      "buyback_log": null,
      "camps_stacked": null,
      "connection_log": null,
      "creeps_stacked": null,
      "damage": null,
      "damage_inflictor": null,
      "damage_inflictor_received": null,
      "damage_taken": null,
      "damage_targets": null,
      "deaths": 2,
      "denies": -1,
      "dn_t": null,
      "firstblood_claimed": null,
      "gold": 5596,
      "gold_per_min": 0,
      "gold_reasons": null,
      "gold_spent": 0,
      "gold_t": null,
      "hero_damage": 44280,
      "hero_healing": 0,
      "hero_hits": null,
      "hero_id": 11,
      "item_0": 249,
      "item_1": 63,
      "item_2": 0,
      "item_3": -89,
      "item_4": 141,
      "item_5": 108,
      "item_neutral": 573,
      "item_uses": null,
      "kill_streaks": null,
      "killed": null,
      "killed_by": null,
      "kills": 21,
      "kills_log": null,
      "lane_pos": null,
      "last_hits": 203,
      "leaver_status": 0,
      "level": 25,
      "lh_t": null,
      "life_state": null,
      "max_hero_hit": null,
      "multi_kills": null,
      "net_worth": 25971,
      "obs": null,
      "obs_left_log": null,
      "obs_log": null,
      "obs_placed": null,
      "party_id": 4,
      "party_size": 1,
      "performance_others": null,
      "permanent_buffs": [
        {
          "permanent_buff": 12,
          "stack_count": 0,
          "grant_time": 2281
        }
      ],
      "pings": null,
      "pred_vict": null,
      "purchase": null,
      "purchase_log": null,
      "randomed": null,
      "repicked": null,
      "roshans_killed": null,
      "rune_pickups": null,
      "runes": null,
      "runes_log": null,
      "sen": null,
      "sen_left_log": null,
      "sen_log": null,
      "sen_placed": null,
      "stuns": null,
      "teamfight_participation": null,
      "times": null,
      "tower_damage": 22622,
      "towers_killed": null,
      "xp_per_min": -237,
      "xp_reasons": null,
      "xp_t": null,
      "start_time": 1669911398,
      "duration": 2488,
      "cluster": 0,
      "lobby_type": 0,
      "game_mode": 4,
      "is_contributor": false,
      "patch": 51,
      "region": 1,
      "isRadiant": false,
      "total_gold": 26414,
      "total_xp": 34707,
      "kills_per_min": 0.5064308681672025,
      "kda": 10,
      "abandons": 0,
      "rank_tier": null,
      "is_subscriber": false,
      "cosmetics": [],
      "benchmarks": {
        "gold_per_min": {
          "raw": 637,
          "pct": 0.62
        },
        "xp_per_min": {
          "raw": 837,
          "pct": 0.74
        },
        "kills_per_min": {
          "raw": 0.5064308681672026,
          "pct": 0.98
        },
        "last_hits_per_min": {
          "raw": 4.895498392282958,
          "pct": 0.1
        },
        "hero_damage_per_min": {
          "raw": 1067.8456591639872,
          "pct": 0.92
        },
        "hero_healing_per_min": {
          "raw": 0,
          "pct": 0.88
        },
        "tower_damage": {
          "raw": 22622,
          "pct": 1
        },
        "stuns_per_min": {
          "raw": 0,
          "pct": 0.02
        },
        "lhten": {}
      }
    },
    {
      "player_slot": 131,
      "ability_targets": null,
      "ability_upgrades_arr": [
        0,
        -1514,
        2162,
        5119,
        2468,
        5121,
        5120,
        665,
        5119,
        754,
        -2503,
        1014,
        5121,
        5118,
        6945,
        5118,
        5121,
        6947
      ],
      "ability_uses": null,
      "actions": null,
      "additional_units": null,
      "assists": 14,
      "backpack_0": 0,
      "backpack_1": 0,
      "backpack_2": 0,
      "backpack_3": null,
      "buyback_log": null,
      "camps_stacked": null,
      "connection_log": null,
      "creeps_stacked": null,
      "damage": null,
      "damage_inflictor": null,
      "damage_inflictor_received": null,
      "damage_taken": null,
      "damage_targets": null,
      "deaths": 6,
      "denies": 2,
      "dn_t": null,
      "firstblood_claimed": null,
      "gold": 1160,
      "gold_per_min": 338,
      "gold_reasons": null,
      "gold_spent": 12830,
      "gold_t": null,
      "hero_damage": 12579,
      "hero_healing": 0,
      "hero_hits": null,
      "hero_id": 29,
      "item_0": 110,
      "item_1": 43,
      "item_2": 0,
      "item_3": 1,
      "item_4": 131,
      "item_5": 180,
      "item_neutral": 311,
      "item_uses": null,
      "kill_streaks": null,
      "killed": null,
      "killed_by": null,
      "kills": 6,
      "kills_log": null,
      "lane_pos": null,
      "last_hits": 27,
      "leaver_status": 0,
      "level": 21,
      "lh_t": null,
      "life_state": null,
      "max_hero_hit": null,
      "multi_kills": null,
      "net_worth": 11260,
      "obs": null,
      "obs_left_log": null,
      "obs_log": null,
      "obs_placed": null,
      "party_id": 5,
      "party_size": 2,
      "performance_others": null,
      "permanent_buffs": [
        {
          "permanent_buff": 6,
          "stack_count": 1,
          "grant_time": 2115
        }
      ],
      "pings": null,
      "pred_vict": null,
      "purchase": null,
      "purchase_log": null,
      "randomed": null,
      "repicked": null,
      "roshans_killed": null,
      "rune_pickups": null,
      "runes": null,
      "runes_log": null,
      "sen": null,
      "sen_left_log": null,
      "sen_log": null,
      "sen_placed": null,
      "stuns": null,
      "teamfight_participation": null,
      "times": null,
      "tower_damage": 681,
      "towers_killed": null,
      "xp_per_min": 586,
      "xp_reasons": null,
      "xp_t": null,
      "start_time": 1669911398,
      "duration": 2488,
      "cluster": 187,
      "lobby_type": 0,
      "game_mode": 4,
      "is_contributor": false,
      "patch": 51,
      "region": 8,
      "isRadiant": false,
      "total_gold": 9167,
      "total_xp": 24299,
      "kills_per_min": 0.14469453376205788,
      "kda": 0,
      "abandons": 0,
      "rank_tier": null,
      "is_subscriber": false,
      "cosmetics": [],
      "benchmarks": {
        "gold_per_min": {
          "raw": 338,
          "pct": 0.1
        },
        "xp_per_min": {
          "raw": 586,
          "pct": 0.5
        },
        "kills_per_min": {
          "raw": 0.14469453376205788,
          "pct": -0.26782321112917834
        },
        "last_hits_per_min": {},
        "hero_damage_per_min": {
          "raw": 109.55114987818675,
          "pct": 0.1
        },
        "hero_healing_per_min": {
          "raw": 0,
          "pct": 0.6
        },
        "tower_damage": {
          "raw": 681,
          "pct": 0.25
        },
        "stuns_per_min": {
          "raw": 0,
          "pct": 0
        },
        "lhten": {}
      }
    },
    {
      "player_slot": 132,
      "ability_targets": null,
      "ability_upgrades_arr": [
        5147,
        5146,
        5147,
        0,
        5147,
        5149,
        5146,
        5146,
        5148,
        346,
        5147,
        5149,
        5148,
        5148,
        5903,
        5148,
        0
      ],
      "ability_uses": null,
      "actions": null,
      "additional_units": null,
      "assists": 13,
      "backpack_0": 0,
      "backpack_1": 0,
      "backpack_2": 0,
      "backpack_3": null,
      "buyback_log": null,
      "camps_stacked": null,
      "connection_log": null,
      "creeps_stacked": null,
      "damage": null,
      "damage_inflictor": null,
      "damage_inflictor_received": null,
      "damage_taken": null,
      "damage_targets": null,
      "deaths": 11,
      "denies": 3,
      "dn_t": null,
      "firstblood_claimed": null,
      "gold": 1364,
      "gold_per_min": 322,
      "gold_reasons": null,
      "gold_spent": 11340,
      "gold_t": null,
      "hero_damage": 12074,
      "hero_healing": 0,
      "hero_hits": null,
      "hero_id": 33,
      "item_0": 180,
      "item_1": 1,
      "item_2": 110,
      "item_3": 44,
      "item_4": 0,
      "item_5": 39,
      "item_neutral": 381,
      "item_uses": null,
      "kill_streaks": null,
      "killed": null,
      "killed_by": null,
      "kills": 0,
      "kills_log": null,
      "lane_pos": null,
      "last_hits": 72,
      "leaver_status": 0,
      "level": 19,
      "lh_t": null,
      "life_state": null,
      "max_hero_hit": null,
      "multi_kills": null,
      "net_worth": 10204,
      "obs": null,
      "obs_left_log": null,
      "obs_log": null,
      "obs_placed": null,
      "party_id": 5,
      "party_size": 2,
      "performance_others": null,
      "permanent_buffs": [],
      "pings": null,
      "pred_vict": null,
      "purchase": null,
      "purchase_log": null,
      "randomed": null,
      "repicked": null,
      "roshans_killed": null,
      "rune_pickups": null,
      "runes": null,
      "runes_log": null,
      "sen": null,
      "sen_left_log": null,
      "sen_log": null,
      "sen_placed": null,
      "stuns": null,
      "teamfight_participation": null,
      "times": null,
      "tower_damage": 754,
      "towers_killed": null,
      "xp_per_min": 502,
      "xp_reasons": null,
      "xp_t": null,
      "start_time": 1669911398,
      "duration": 2488,
      "cluster": 187,
      "lobby_type": 0,
      "game_mode": 4,
      "is_contributor": false,
      "patch": -19,
      "region": 8,
      "isRadiant": false,
      "total_gold": 6705,
      "total_xp": 20816,
      "kills_per_min": 0.04823151125401929,
      "kda": 1,
      "abandons": 0,
      "rank_tier": null,
      "is_subscriber": false,
      "cosmetics": [],
      "benchmarks": {
        "gold_per_min": {
          "raw": 322,
          "pct": 0.05263157894736842
        },
        "xp_per_min": {
          "raw": 502,
          "pct": 0.42105263157894735
        },
        "kills_per_min": {
          "raw": 0.04823151125401929,
          "pct": 0.42105263157894735
        },
        "last_hits_per_min": {
          "raw": 1.7363344051446945,
          "pct": 0
        },
        "hero_damage_per_min": {
          "raw": 291.17363344051444,
          "pct": 0.21052631578947367
        },
        "hero_healing_per_min": {
          "raw": 4.702572347266881,
          "pct": 0.3684210526315789
        },
        "tower_damage": {
          "raw": 2959,
          "pct": 0.1361786758469502
        },
        "stuns_per_min": {
          "raw": 0,
          "pct": 0
        },
        "lhten": {}
      }
    }
  ],
  "patch": 51,
  "region": 8
}