{
  "chat": null,
  "cluster": 182,
  "cosmetics": null,
  "dire_score": 45,
  "dire_team_id": null,
  "draft_timings": null,
  "duration": 2547,
  "engine": 1,
  "first_blood_time": 116,
  "game_mode": 22,
  "human_players": 4,
  "leagueid": 0,
  "lobby_type": 7,
  "match_seq_num": 5780360187,
  "negative_votes": 0,
  "objectives": null,
  "picks_bans": [
    {
      "is_pick": true,
      "hero_id": 11,
      "team": 0,
      "order": 0
    },
    {},
    {
      "is_pick": true,
      "hero_id": 26,
      "team": 0,
      "order": 2
    },
    {
      "is_pick": true,
      "hero_id": 135,
      "team": 0,
      "order": 3
    },
    {
      "is_pick": true,
      "hero_id": 31,
      "team": 1,
      "order": 4
    },
    {
      "is_pick": true,
      "hero_id": 0,
      "team": 0,
      "order": 5
    },
    {
      "is_pick": true,
      "hero_id": 13,
      "team": 0,
      "order": 6
    },
    {
      "is_pick": true,
      "hero_id": -2,
      "team": 0,
      "order": 7
    },
    {
      "is_pick": true,
      "hero_id": -1,
      "team": 0,
      "order": 8
    },
    {
      "is_pick": true,
      "hero_id": 34,
      "team": 1,
      "order": 9
    },
    {
      "is_pick": false,
      "hero_id": 0,
      "team": 0,
      "order": 10
    },
    {
      "is_pick": false,
      "hero_id": -9,
      "team": 0,
      "order": 11
    },
    {
      "is_pick": false,
      "hero_id": 0,
      "team": 0,
      "order": 12
    },
    {
      "is_pick": false,
      "hero_id": 0,
      "team": 0,
      "order": 13
    }
  ],
  "positive_votes": 0,
  "radiant_gold_adv": null,
  "radiant_score": 34,
  "radiant_team_id": null,
  "radiant_xp_adv": null,
  "skill": null,
  "start_time": 609743756,
  "teamfights": null,
  "version": null,
  "replay_salt": 1151612876,
  "series_id": 0,
  "series_type": 0,
  "players": [
    {
      "player_slot": 0,
      "ability_targets": null,
      "ability_upgrades_arr": [
        7902,
        7914,
        7914,
        7918,
        7914,
        7906,
        7914,
        7902,
        7902,
        7942,
        2723,
        7906,
        7918,
        7918,
        7938,
        7918,
        2736,
        0
      ],
      "ability_uses": null,
      "actions": null,
      "additional_units": null,
      "assists": 21,
      "backpack_0": 38,
      "backpack_1": 0,
      "backpack_2": 0,
      "backpack_3": null,
      "buyback_log": null,
      "camps_stacked": null,
      "connection_log": null,
      "creeps_stacked": null,
      "damage": null,
      "damage_inflictor": null,
      "damage_inflictor_received": null,
      "damage_taken": null,
      "damage_targets": null,
      "deaths": 9,
      "denies": 1,
      "dn_t": null,
      "firstblood_claimed": null,
      "gold": 389,
      "gold_per_min": 0,
      "gold_reasons": null,
      "gold_spent": -2541,
      "gold_t": null,
      "hero_damage": 18210,
      "hero_healing": 1703,
      "hero_hits": null,
      "hero_id": 135,
      "item_0": 188,
      "item_1": 908,
      "item_2": 269,
      "item_3": 40,
      "item_4": 108,
      "item_5": 214,
      "item_neutral": 571,
      "item_uses": null,
      "kill_streaks": null,
      "killed": null,
      "killed_by": null,
      "kills": 4,
      "kills_log": null,
      "lane_pos": null,
      "last_hits": 0,
      "leaver_status": 0,
      "level": 21,
      "lh_t": null,
      "life_state": null,
      "max_hero_hit": null,
      "multi_kills": null,
      "net_worth": 12244,
      "obs": null,
      "obs_left_log": null,
      "obs_log": null,
      "obs_placed": null,
      "party_id": 0,
      "party_size": 2,
      "performance_others": null,
      "permanent_buffs": [
        {
          "permanent_buff": 6,
          "stack_count": 1,
          "grant_time": 2698
        }
      ],
      "pings": null,
      "pred_vict": null,
      "purchase": null,
      "purchase_log": null,
      "randomed": null,
      "repicked": null,
      "roshans_killed": null,
      "rune_pickups": null,
      "runes": null,
      "runes_log": null,
      "sen": null,
      "sen_left_log": null,
      "sen_log": null,
      "sen_placed": null,
      "stuns": null,
      "teamfight_participation": null,
      "times": null,
      "tower_damage": 0,
      "towers_killed": null,
      "xp_per_min": 560,
      "xp_reasons": null,
      "xp_t": null,
      "personaname": "БЕГЕмотор",
      "name": null,
      "last_login": null,
      "start_time": 1669911747,
      "duration": 2547,
      "cluster": 49,
      "lobby_type": 7,
      "game_mode": 22,
      "is_contributor": false,
      "patch": 51,
      "region": 8,
      "isRadiant": true,
      "total_gold": 14093,
      "total_xp": 23772,
      "kills_per_min": 0.09422850412249704,
      "kda": 1,
      "abandons": 0,
      "rank_tier": -8,
      "is_subscriber": false,
      "cosmetics": [],
      "benchmarks": {}
    },
    {
      "player_slot": 0,
      "ability_targets": null,
      "ability_upgrades_arr": [
        5108,
        5106,
        5107,
        -730,
        5106,
        0,
        5106,
        5107,
        -1055,
        5107,
        6137,
        5109,
        2402,
        5108,
        5108,
        753,
        5109,
        718,
        6932
      ],
      "ability_uses": null,
      "actions": null,
      "additional_units": null,
      "assists": 5,
      "backpack_0": 0,
      "backpack_1": 38,
      "backpack_2": 0,
      "backpack_3": null,
      "buyback_log": null,
      "camps_stacked": null,
      "connection_log": null,
      "creeps_stacked": null,
      "damage": null,
      "damage_inflictor": null,
      "damage_inflictor_received": null,
      "damage_taken": null,
      "damage_targets": null,
      "deaths": 2,
      "denies": 12,
      "dn_t": null,
      "firstblood_claimed": null,
      "gold": 1053,
      "gold_per_min": 580,
      "gold_reasons": null,
      "gold_spent": 8166,
      "gold_t": null,
      "hero_damage": 28491,
      "hero_healing": 0,
      "hero_hits": null,
      "hero_id": 19,
      "item_0": 1,
      "item_1": 1,
      "item_2": 141,
      "item_3": 252,
      "item_4": 7,
      "item_5": 53,
      "item_neutral": 638,
      "item_uses": null,
      "kill_streaks": null,
      "killed": null,
      "killed_by": null,
      "kills": 16,
      "kills_log": null,
      "lane_pos": null,
      "last_hits": 274,
      "leaver_status": 0,
      "level": 25,
      "lh_t": null,
      "life_state": null,
      "max_hero_hit": null,
      "multi_kills": null,
      "net_worth": 1066,
      "obs": null,
      "obs_left_log": null,
      "obs_log": null,
      "obs_placed": null,
      "party_id": 0,
      "party_size": 2,
      "performance_others": null,
      "permanent_buffs": [
        {
          "permanent_buff": 0,
          "stack_count": 0,
          "grant_time": 1660
        }
      ],
      "pings": null,
      "pred_vict": null,
      "purchase": null,
      "purchase_log": null,
      "randomed": null,
      "repicked": null,
      "roshans_killed": null,
      "rune_pickups": null,
      "runes": null,
      "runes_log": null,
      "sen": null,
      "sen_left_log": null,
      "sen_log": null,
      "sen_placed": null,
      "stuns": null,
      "teamfight_participation": null,
      "times": null,
      "tower_damage": 51,
      "towers_killed": null,
      "xp_per_min": 832,
      "xp_reasons": null,
      "xp_t": null,
      "personaname": "UNMUTE",
      "name": null,
      "last_login": null,
      "start_time": 1669911747,
      "duration": 2547,
      "cluster": 0,
      "lobby_type": 7,
      "game_mode": 6,
      "is_contributor": false,
      "patch": 51,
      "region": 8,
      "isRadiant": true,
      "total_gold": 13059,
      "total_xp": 28413,
      "kills_per_min": 0.3769140164899882,
      "kda": 0,
      "abandons": 0,
      "rank_tier": 53,
      "is_subscriber": false,
      "cosmetics": [],
      "benchmarks": {
        "gold_per_min": {
          "raw": 580,
          "pct": 0.9294117647058824
        },
        "xp_per_min": {
          "raw": 832,
          "pct": 0.9529411764705882
        },
        "kills_per_min": {
          "raw": 0.37691401648998824,
          "pct": 0.9411764705882353
        },
        "last_hits_per_min": {
          "raw": 6.454652532391048,
          "pct": 0.9058823529411765
        },
        "hero_damage_per_min": {
          "raw": 671.1660777385159,
          "pct": 0.8117647058823529
        },
        "hero_healing_per_min": {
          "raw": 0,
          "pct": 0.8941176470588236
        },
        "tower_damage": {
          "raw": -3,
          "pct": 0.2
        },
        "stuns_per_min": {
          "raw": 0,
          "pct": 0
        },
        "lhten": {}
      }
    },
    {
      "player_slot": 2,
      "ability_targets": null,
      "ability_upgrades_arr": [
        5069,
        5072,
        5069,
        0,
        0,
        5073,
        0,
        1756,
        5071,
        5071,
        1057,
        5073,
        5072,
        5072,
        407,
        5072,
        -1814,
        6402
      ],
      "ability_uses": null,
      "actions": null,
      "additional_units": null,
      "assists": 7,
      "backpack_0": -14,
      "backpack_1": 0,
      "backpack_2": 0,
      "backpack_3": null,
      "buyback_log": null,
      "camps_stacked": null,
      "connection_log": null,
      "creeps_stacked": null,
      "damage": null,
      "damage_inflictor": null,
      "damage_inflictor_received": null,
      "damage_taken": null,
      "damage_targets": null,
      "deaths": 0,
      "denies": 5,
      "dn_t": null,
      "firstblood_claimed": null,
      "gold": 85,
      "gold_per_min": 446,
      "gold_reasons": null,
      "gold_spent": 18235,
      "gold_t": null,
      "hero_damage": 19072,
      "hero_healing": 110,
      "hero_hits": null,
      "hero_id": 13,
      "item_0": 534,
      "item_1": 0,
      "item_2": 0,
      "item_3": 116,
      "item_4": 30,
      "item_5": 1,
      "item_neutral": 289,
      "item_uses": null,
      "kill_streaks": null,
      "killed": null,
      "killed_by": null,
      "kills": 3,
      "kills_log": null,
      "lane_pos": null,
      "last_hits": 240,
      "leaver_status": 0,
      "level": 22,
      "lh_t": null,
      "life_state": null,
      "max_hero_hit": null,
      "multi_kills": null,
      "net_worth": 17160,
      "obs": null,
      "obs_left_log": null,
      "obs_log": null,
      "obs_placed": null,
      "party_id": 1,
      "party_size": 3,
      "performance_others": null,
      "permanent_buffs": [],
      "pings": null,
      "pred_vict": null,
      "purchase": null,
      "purchase_log": null,
      "randomed": null,
      "repicked": null,
      "roshans_killed": null,
      "rune_pickups": null,
      "runes": null,
      "runes_log": null,
      "sen": null,
      "sen_left_log": null,
      "sen_log": null,
      "sen_placed": null,
      "stuns": null,
      "teamfight_participation": null,
      "times": null,
      "tower_damage": 268,
      "towers_killed": null,
      "xp_per_min": 625,
      "xp_reasons": null,
      "xp_t": null,
      "start_time": 1669911747,
      "duration": 2547,
      "cluster": 182,
      "lobby_type": 7,
      "game_mode": 22,
      "is_contributor": false,
      "patch": 51,
      "region": 8,
      "isRadiant": true,
      "total_gold": 10073,
      "total_xp": 19341,
      "kills_per_min": 0.07067137809187278,
      "kda": 0,
      "abandons": 0,
      "rank_tier": null,
      "is_subscriber": false,
      "cosmetics": [],
      "benchmarks": {
        "gold_per_min": {},
        "xp_per_min": {
          "raw": 625,
          "pct": 0.25
        },
        "kills_per_min": {
          "raw": 0.02252278903661523,
          "pct": 0.041666666666666664
        },
        "last_hits_per_min": {
          "raw": 5.6537102473498235,
          "pct": 0.011218741099449453
        },
        "hero_damage_per_min": {
          "raw": 449.2815076560659,
          "pct": 0.041666666666666664
        },
        "hero_healing_per_min": {
          "raw": 2.591283863368669,
          "pct": 0.8333333333333334
        },
        "tower_damage": {
          "raw": 268,
          "pct": -0.026308478713772954
        },
        "stuns_per_min": {
          "raw": 0,
          "pct": 0
        },
        "lhten": {}
      }
    },
    {
      "player_slot": 0,
      "ability_targets": null,
      "ability_upgrades_arr": [
        5044,
        0,
        5044,
        5045,
        5046,
        5047,
        5045,
        5045,
        5045,
        6600,
        5044,
        5047,
        5044,
        5046,
        781,
        5046
      ],
      "ability_uses": null,
      "actions": null,
      "additional_units": null,
      "assists": 8,
      "backpack_0": 188,
      "backpack_1": 0,
      "backpack_2": 0,
      "backpack_3": null,
      "buyback_log": null,
      "camps_stacked": null,
      "connection_log": null,
      "creeps_stacked": null,
      "damage": null,
      "damage_inflictor": null,
      "damage_inflictor_received": null,
      "damage_taken": null,
      "damage_targets": null,
      "deaths": 15,
      "denies": 2,
      "dn_t": null,
      "firstblood_claimed": null,
      "gold": 257,
      "gold_per_min": 0,
      "gold_reasons": null,
      "gold_spent": 7120,
      "gold_t": null,
      "hero_damage": 2566,
      "hero_healing": 306,
      "hero_hits": null,
      "hero_id": 26,
      "item_0": 40,
      "item_1": 1,
      "item_2": 218,
      "item_3": 214,
      "item_4": 244,
      "item_5": 216,
      "item_neutral": 336,
      "item_uses": null,
      "kill_streaks": null,
      "killed": null,
      "killed_by": null,
      "kills": 0,
      "kills_log": null,
      "lane_pos": null,
      "last_hits": 25,
      "leaver_status": 0,
      "level": 16,
      "lh_t": null,
      "life_state": null,
      "max_hero_hit": null,
      "multi_kills": null,
      "net_worth": 5362,
      "obs": null,
      "obs_left_log": null,
      "obs_log": null,
      "obs_placed": null,
      "party_id": 1,
      "party_size": 3,
      "performance_others": null,
      "permanent_buffs": [
        {
          "permanent_buff": 6,
          "stack_count": 3,
          "grant_time": 951
        },
        {
          "permanent_buff": 7,
          "stack_count": 2,
          "grant_time": 918
        },
        {}
      ],
      "pings": null,
      "pred_vict": null,
      "purchase": null,
      "purchase_log": null,
      "randomed": null,
      "repicked": null,
      "roshans_killed": null,
      "rune_pickups": null,
      "runes": null,
      "runes_log": null,
      "sen": null,
      "sen_left_log": null,
      "sen_log": null,
      "sen_placed": null,
      "stuns": null,
      "teamfight_participation": null,
      "times": null,
      "tower_damage": 21,
      "towers_killed": null,
      "xp_per_min": 348,
      "xp_reasons": null,
      "xp_t": null,
      "personaname": "Over.DeaD",
      "name": null,
      "last_login": null,
      "start_time": 1669911747,
      "duration": 2547,
      "cluster": 182,
      "lobby_type": 0,
      "game_mode": 22,
      "is_contributor": false,
      "patch": 51,
      "region": 8,
      "isRadiant": true,
      "total_gold": 5263,
      "total_xp": 9646,
      "kills_per_min": 0.02355712603062426,
      "kda": 0,
      "abandons": 0,
      "rank_tier": 13,
      "is_subscriber": false,
      "cosmetics": [],
      "benchmarks": {
        "gold_per_min": {},
        "xp_per_min": {},
        "kills_per_min": {
          "raw": 0.023557126030624265,
          "pct": 0
        },
        "last_hits_per_min": {
          "raw": 0.5889281507656066,
          "pct": 0.1875
        },
        "hero_damage_per_min": {
          "raw": 14.399005394191141,
          "pct": 0
        },
        "hero_healing_per_min": {
          "raw": 7.208480565371024,
          "pct": 0.96875
        },
        "tower_damage": {
          "raw": 21,
          "pct": 0.34375
        },
        "stuns_per_min": {
          "raw": 0,
          "pct": 0
        },
        "lhten": {}
      }
    },
    {
      "player_slot": 1,
      "ability_targets": null,
      "ability_upgrades_arr": [
        0,
        5053,
        5052,
        5055,
        5052,
        5055,
        -2166,
        1080,
        0,
        6062,
        -654,
        0,
        5053,
        1298,
        7060,
        5057,
        0,
        6840,
        6383,
        6138
      ],
      "ability_uses": null,
      "actions": null,
      "additional_units": null,
      "assists": 0,
      "backpack_0": 0,
      "backpack_1": 0,
      "backpack_2": 0,
      "backpack_3": null,
      "buyback_log": null,
      "camps_stacked": null,
      "connection_log": null,
      "creeps_stacked": null,
      "damage": null,
      "damage_inflictor": null,
      "damage_inflictor_received": null,
      "damage_taken": null,
      "damage_targets": null,
      "deaths": 4,
      "denies": 0,
      "dn_t": null,
      "firstblood_claimed": null,
      "gold": 640,
      "gold_per_min": 662,
      "gold_reasons": null,
      "gold_spent": 27130,
      "gold_t": null,
      "hero_damage": 22057,
      "hero_healing": 0,
      "hero_hits": null,
      "hero_id": 10,
      "item_0": -1,
      "item_1": -60,
      "item_2": 116,
      "item_3": 26,
      "item_4": 141,
      "item_5": 86,
      "item_neutral": 837,
      "item_uses": null,
      "kill_streaks": null,
      "killed": null,
      "killed_by": null,
      "kills": 0,
      "kills_log": null,
      "lane_pos": null,
      "last_hits": 412,
      "leaver_status": 0,
      "level": 27,
      "lh_t": null,
      "life_state": null,
      "max_hero_hit": null,
      "multi_kills": null,
      "net_worth": 25940,
      "obs": null,
      "obs_left_log": null,
      "obs_log": null,
      "obs_placed": null,
      "party_id": 1,
      "party_size": 0,
      "performance_others": null,
      "permanent_buffs": [
        {
          "permanent_buff": 2,
          "stack_count": 0,
          "grant_time": 2145
        },
        {
          "permanent_buff": 1,
          "stack_count": 0,
          "grant_time": 2243
        }
      ],
      "pings": null,
      "pred_vict": null,
      "purchase": null,
      "purchase_log": null,
      "randomed": null,
      "repicked": null,
      "roshans_killed": null,
      "rune_pickups": null,
      "runes": null,
      "runes_log": null,
      "sen": null,
      "sen_left_log": null,
      "sen_log": null,
      "sen_placed": null,
      "stuns": null,
      "teamfight_participation": null,
      "times": null,
      "tower_damage": 1184,
      "towers_killed": null,
      "xp_per_min": 0,
      "xp_reasons": null,
      "xp_t": null,
      "start_time": 1669911747,
      "duration": 2547,
      "cluster": 182,
      "lobby_type": 7,
      "game_mode": -3,
      "is_contributor": false,
      "patch": -22,
      "region": 8,
      "isRadiant": true,
      "total_gold": 28101,
      "total_xp": 20076,
      "kills_per_min": 0.23557126030624262,
      "kda": 2,
      "abandons": 0,
      "rank_tier": null,
      "is_subscriber": false,
      "cosmetics": [],
      "benchmarks": {
        "gold_per_min": {
          "raw": 662,
          "pct": 0.4482758620689655
        },
        "xp_per_min": {
          "raw": 1014,
          "pct": 1
        },
        "kills_per_min": {
          "raw": 0.23557126030624262,
          "pct": 0.5517241379310345
        },
        "last_hits_per_min": {},
        "hero_damage_per_min": {
          "raw": 519.5995288574794,
          "pct": 0.27586206896551724
        },
        "hero_healing_per_min": {
          "raw": 0,
          "pct": 0.896551724137931
        },
        "tower_damage": {
          "raw": 1184,
          "pct": 0.1724137931034483
        },
        "stuns_per_min": {
          "raw": 0,
          "pct": 0.10344827586206896
        },
        "lhten": {}
      }
    },
    {
      "player_slot": 128,
      "ability_targets": null,
      "ability_upgrades_arr": [
        5134,
        5136,
        5134,
        7325,
        5134,
        5137,
        0,
        5136,
        5136,
        5136,
        775,
        5137,
        7325,
        7325,
        6292,
        7325,
        5137,
        0
      ],
      "ability_uses": null,
      "actions": null,
      "additional_units": null,
      "assists": 24,
      "backpack_0": 0,
      "backpack_1": 0,
      "backpack_2": 0,
      "backpack_3": null,
      "buyback_log": null,
      "camps_stacked": null,
      "connection_log": null,
      "creeps_stacked": null,
      "damage": null,
      "damage_inflictor": null,
      "damage_inflictor_received": null,
      "damage_taken": null,
      "damage_targets": null,
      "deaths": 6,
      "denies": 4,
      "dn_t": null,
      "firstblood_claimed": null,
      "gold": 5234,
      "gold_per_min": 346,
      "gold_reasons": null,
      "gold_spent": 11710,
      "gold_t": null,
      "hero_damage": 20141,
      "hero_healing": 0,
      "hero_hits": null,
      "hero_id": 31,
      "item_0": 214,
      "item_1": 0,
      "item_2": 254,
      "item_3": 0,
      "item_4": 36,
      "item_5": 102,
      "item_neutral": 311,
      "item_uses": null,
      "kill_streaks": null,
      "killed": null,
      "killed_by": null,
      "kills": 0,
      "kills_log": null,
      "lane_pos": null,
      "last_hits": 37,
      "leaver_status": 0,
      "level": 0,
      "lh_t": null,
      "life_state": null,
      "max_hero_hit": null,
      "multi_kills": null,
      "net_worth": 0,
      "obs": null,
      "obs_left_log": null,
      "obs_log": null,
      "obs_placed": null,
      "party_id": 2,
      "party_size": 3,
      "performance_others": null,
      "permanent_buffs": [
        {
          "permanent_buff": 6,
          "stack_count": 0,
          "grant_time": 1481
        },
        {
          "permanent_buff": 12,
          "stack_count": 0,
          "grant_time": 2442
        }
      ],
      "pings": null,
      "pred_vict": null,
      "purchase": null,
      "purchase_log": null,
      "randomed": null,
      "repicked": null,
      "roshans_killed": null,
      "rune_pickups": null,
      "runes": null,
      "runes_log": null,
      "sen": null,
      "sen_left_log": null,
      "sen_log": null,
      "sen_placed": null,
      "stuns": null,
      "teamfight_participation": null,
      "times": null,
      "tower_damage": 1188,
      "towers_killed": null,
      "xp_per_min": 659,
      "xp_reasons": null,
      "xp_t": null,
      "start_time": 1669911747,
      "duration": 2547,
      "cluster": 182,
      "lobby_type": 7,
      "game_mode": 22,
      "is_contributor": false,
      "patch": 51,
      "region": 8,
      "isRadiant": false,
      "total_gold": 14415,
      "total_xp": 27974,
      "kills_per_min": 0.07067137809187278,
      "kda": 3,
      "abandons": 0,
      "rank_tier": null,
      "is_subscriber": false,
      "cosmetics": [],
      "benchmarks": {
        "gold_per_min": {
          "raw": 346,
          "pct": 0.7777777777777778
        },
        "xp_per_min": {
          "raw": 659,
          "pct": 0.9259259259259259
        },
        "kills_per_min": {
          "raw": -0.001145495912933177,
          "pct": 0.37037037037037035
        },
        "last_hits_per_min": {},
        "hero_damage_per_min": {
          "raw": 474.4640753828033,
          "pct": 0.5185185185185185
        },
        "hero_healing_per_min": {
          "raw": 0,
          "pct": 0.8148148148148148
        },
        "tower_damage": {},
        "stuns_per_min": {
          "raw": 0,
          "pct": 0
        },
        "lhten": {}
      }
    },
    {
      "player_slot": 129,
      "ability_targets": null,
      "ability_upgrades_arr": [
        5094,
        5095,
        -2344,
        5096,
        5095,
        2183,
        5095,
        0,
        5096,
        6119,
        654,
        5097,
        5094,
        5094,
        6911,
        5094,
        5097,
        716,
        6910,
        673
      ],
      "ability_uses": null,
      "actions": null,
      "additional_units": null,
      "assists": 11,
      "backpack_0": 0,
      "backpack_1": 0,
      "backpack_2": 0,
      "backpack_3": null,
      "buyback_log": null,
      "camps_stacked": null,
      "connection_log": null,
      "creeps_stacked": null,
      "damage": null,
      "damage_inflictor": null,
      "damage_inflictor_received": null,
      "damage_taken": null,
      "damage_targets": null,
      "deaths": 4,
      "denies": 6,
      "dn_t": null,
      "firstblood_claimed": null,
      "gold": 3617,
      "gold_per_min": 784,
      "gold_reasons": null,
      "gold_spent": 30975,
      "gold_t": null,
      "hero_damage": 42682,
      "hero_healing": 0,
      "hero_hits": null,
      "hero_id": 18,
      "item_0": 250,
      "item_1": 116,
      "item_2": 154,
      "item_3": 249,
      "item_4": 156,
      "item_5": -4,
      "item_neutral": 837,
      "item_uses": null,
      "kill_streaks": null,
      "killed": null,
      "killed_by": null,
      "kills": 16,
      "kills_log": null,
      "lane_pos": null,
      "last_hits": -26,
      "leaver_status": 0,
      "level": 27,
      "lh_t": null,
      "life_state": null,
      "max_hero_hit": null,
      "multi_kills": null,
      "net_worth": 30567,
      "obs": null,
      "obs_left_log": null,
      "obs_log": null,
      "obs_placed": null,
      "party_id": 2,
      "party_size": 3,
      "performance_others": null,
      "permanent_buffs": [],
      "pings": null,
      "pred_vict": null,
      "purchase": null,
      "purchase_log": null,
      "randomed": null,
      "repicked": null,
      "roshans_killed": null,
      "rune_pickups": null,
      "runes": null,
      "runes_log": null,
      "sen": null,
      "sen_left_log": null,
      "sen_log": null,
      "sen_placed": null,
      "stuns": null,
      "teamfight_participation": null,
      "times": null,
      "tower_damage": 12703,
      "towers_killed": null,
      "xp_per_min": 927,
      "xp_reasons": null,
      "xp_t": null,
      "start_time": 1669911747,
      "duration": 2547,
      "cluster": 182,
      "lobby_type": 7,
      "game_mode": 22,
      "is_contributor": false,
      "patch": 51,
      "region": 8,
      "isRadiant": false,
      "total_gold": 30317,
      "total_xp": 6411,
      "kills_per_min": 0.3769140164899882,
      "kda": 0,
      "abandons": 0,
      "rank_tier": null,
      "is_subscriber": false,
      "cosmetics": [],
      "benchmarks": {
        "gold_per_min": {
          "raw": 784,
          "pct": 1
        },
        "xp_per_min": {
          "raw": 217,
          "pct": 0.75
        },
        "kills_per_min": {
          "raw": 0.15526795261191664,
          "pct": 0.875
        },
        "last_hits_per_min": {
          "raw": 9.564193168433452,
          "pct": 0.5625
        },
        "hero_damage_per_min": {
          "raw": 1005.4652532391049,
          "pct": 0.75
        },
        "hero_healing_per_min": {
          "raw": 0,
          "pct": 1
        },
        "tower_damage": {},
        "stuns_per_min": {
          "raw": 0,
          "pct": 0
        },
        "lhten": {}
      }
    },
    {
      "player_slot": 130,
      "ability_targets": null,
      "ability_upgrades_arr": [
        5450,
        1549,
        5450,
        0,
        -1155,
        5452,
        5450,
        5448,
        7320,
        0,
        610,
        5452,
        5448,
        5448,
        518,
        897,
        5452,
        6041
      ],
      "ability_uses": null,
      "actions": null,
      "additional_units": null,
      "assists": 12,
      "backpack_0": 0,
      "backpack_1": 16,
      "backpack_2": 16,
      "backpack_3": null,
      "buyback_log": null,
      "camps_stacked": null,
      "connection_log": null,
      "creeps_stacked": null,
      "damage": null,
      "damage_inflictor": null,
      "damage_inflictor_received": null,
      "damage_taken": null,
      "damage_targets": null,
      "deaths": 10,
      "denies": 3,
      "dn_t": null,
      "firstblood_claimed": null,
      "gold": 0,
      "gold_per_min": 364,
      "gold_reasons": null,
      "gold_spent": 4224,
      "gold_t": null,
      "hero_damage": 14268,
      "hero_healing": 0,
      "hero_hits": null,
      "hero_id": 86,
      "item_0": 232,
      "item_1": 29,
      "item_2": 1,
      "item_3": 100,
      "item_4": 218,
      "item_5": 0,
      "item_neutral": 675,
      "item_uses": null,
      "kill_streaks": null,
      "killed": null,
      "killed_by": null,
      "kills": 6,
      "kills_log": null,
      "lane_pos": null,
      "last_hits": 92,
      "leaver_status": 0,
      "level": 21,
      "lh_t": null,
      "life_state": null,
      "max_hero_hit": null,
      "multi_kills": null,
      "net_worth": 13694,
      "obs": null,
      "obs_left_log": null,
      "obs_log": null,
      "obs_placed": null,
      "party_id": 2,
      "party_size": 3,
      "performance_others": null,
      "permanent_buffs": [],
      "pings": null,
      "pred_vict": null,
      "purchase": null,
      "purchase_log": null,
      "randomed": null,
      "repicked": null,
      "roshans_killed": null,
      "rune_pickups": null,
      "runes": null,
      "runes_log": null,
      "sen": null,
      "sen_left_log": null,
      "sen_log": null,
      "sen_placed": null,
      "stuns": null,
      "teamfight_participation": null,
      "times": null,
      "tower_damage": 1278,
      "towers_killed": null,
      "xp_per_min": 588,
      "xp_reasons": null,
      "xp_t": null,
      "personaname": "RLan",
      "name": null,
      "last_login": "2022-03-29T11:33:16.392Z",
      "start_time": 257044508,
      "duration": 2547,
      "cluster": 182,
      "lobby_type": 7,
      "game_mode": 22,
      "is_contributor": false,
      "patch": 0,
      "region": 0,
      "isRadiant": false,
      "total_gold": 15451,
      "total_xp": 24960,
      "kills_per_min": 0.14134275618374556,
      "kda": 1,
      "abandons": 0,
      "rank_tier": 52,
      "is_subscriber": false,
      "cosmetics": [],
      "benchmarks": {
        "gold_per_min": {
          "raw": 364,
          "pct": 0.7103448275862069
        },
        "xp_per_min": {
          "raw": 588,
          "pct": 0.7241379310344828
        },
        "kills_per_min": {},
        "last_hits_per_min": {
          "raw": 2.167255594817432,
          "pct": -0.281500996799583
        },
        "hero_damage_per_min": {
          "raw": 336.113074204947,
          "pct": 0.19310344827586207
        },
        "hero_healing_per_min": {
          "raw": 0,
          "pct": 0.6482758620689655
        },
        "tower_damage": {
          "raw": 1278,
          "pct": 0.9241379310344827
        },
        "stuns_per_min": {
          "raw": 0,
          "pct": 0
        },
        "lhten": {}
      }
    },
    {
      "player_slot": 131,
      "ability_targets": null,
      "ability_upgrades_arr": [
        5059,
        5062,
        5059,
        5062,
        -670,
        5062,
        5059,
        5062,
        5064,
        6016,
        580,
        0,
        5063,
        5063,
        6875,
        1535,
        0,
        6670,
        1072
      ],
      "ability_uses": null,
      "actions": null,
      "additional_units": null,
      "assists": 7,
      "backpack_0": 88,
      "backpack_1": 0,
      "backpack_2": 0,
      "backpack_3": null,
      "buyback_log": null,
      "camps_stacked": null,
      "connection_log": null,
      "creeps_stacked": null,
      "damage": null,
      "damage_inflictor": null,
      "damage_inflictor_received": null,
      "damage_taken": null,
      "damage_targets": null,
      "deaths": 11,
      "denies": 2,
      "dn_t": null,
      "firstblood_claimed": null,
      "gold": 1052,
      "gold_per_min": 607,
      "gold_reasons": null,
      "gold_spent": -11414,
      "gold_t": null,
      "hero_damage": 23211,
      "hero_healing": 0,
      "hero_hits": null,
      "hero_id": -3,
      "item_0": 49,
      "item_1": 156,
      "item_2": 249,
      "item_3": 63,
      "item_4": 10,
      "item_5": 236,
      "item_neutral": 288,
      "item_uses": null,
      "kill_streaks": null,
      "killed": null,
      "killed_by": null,
      "kills": 5,
      "kills_log": null,
      "lane_pos": null,
      "last_hits": -49,
      "leaver_status": 0,
      "level": 25,
      "lh_t": null,
      "life_state": null,
      "max_hero_hit": null,
      "multi_kills": null,
      "net_worth": -488,
      "obs": null,
      "obs_left_log": null,
      "obs_log": null,
      "obs_placed": null,
      "party_id": 3,
      "party_size": 2,
      "performance_others": null,
      "permanent_buffs": [
        {
          "permanent_buff": 12,
          "stack_count": 0,
          "grant_time": 2660
        }
      ],
      "pings": null,
      "pred_vict": null,
      "purchase": null,
      "purchase_log": null,
      "randomed": null,
      "repicked": null,
      "roshans_killed": null,
      "rune_pickups": null,
      "runes": null,
      "runes_log": null,
      "sen": null,
      "sen_left_log": null,
      "sen_log": null,
      "sen_placed": null,
      "stuns": null,
      "teamfight_participation": null,
      "times": null,
      "tower_damage": 11393,
      "towers_killed": null,
      "xp_per_min": 828,
      "xp_reasons": null,
      "xp_t": null,
      "start_time": 270009598,
      "duration": 0,
      "cluster": 182,
      "lobby_type": 7,
      "game_mode": 22,
      "is_contributor": false,
      "patch": 51,
      "region": 0,
      "isRadiant": false,
      "total_gold": 25767,
      "total_xp": 35148,
      "kills_per_min": 0.11778563015312131,
      "kda": 0,
      "abandons": 0,
      "rank_tier": null,
      "is_subscriber": false,
      "cosmetics": [],
      "benchmarks": {
        "gold_per_min": {
          "raw": 607,
          "pct": 0.6
        },
        "xp_per_min": {
          "raw": 828,
          "pct": 0.72
        },
        "kills_per_min": {
          "raw": 0.11778563015312131,
          "pct": 0.26
        },
        "last_hits_per_min": {
          "raw": 8.527679623085984,
          "pct": 0.72
        },
        "hero_damage_per_min": {
          "raw": 546.7844522968198,
          "pct": 0.28
        },
        "hero_healing_per_min": {},
        "tower_damage": {
          "raw": 11393,
          "pct": 0.74
        },
        "stuns_per_min": {},
        "lhten": {}
      }
    },
    {
      "player_slot": 132,
      "ability_targets": null,
      "ability_upgrades_arr": [
        5150,
        5151,
        5150,
        5151,
        -1878,
        0,
        5150,
        5151,
        -2462,
        800,
        294,
        5153,
        650,
        650,
        765,
        650,
        5153,
        -104,
        0,
        7898,
        0
      ],
      "ability_uses": null,
      "actions": null,
      "additional_units": null,
      "assists": 9,
      "backpack_0": 0,
      "backpack_1": 41,
      "backpack_2": 0,
      "backpack_3": null,
      "buyback_log": null,
      "camps_stacked": null,
      "connection_log": null,
      "creeps_stacked": null,
      "damage": null,
      "damage_inflictor": null,
      "damage_inflictor_received": null,
      "damage_taken": null,
      "damage_targets": null,
      "deaths": 4,
      "denies": 0,
      "dn_t": null,
      "firstblood_claimed": null,
      "gold": 2437,
      "gold_per_min": 719,
      "gold_reasons": null,
      "gold_spent": 28090,
      "gold_t": null,
      "hero_damage": 46213,
      "hero_healing": 0,
      "hero_hits": null,
      "hero_id": 34,
      "item_0": 600,
      "item_1": 0,
      "item_2": 96,
      "item_3": 178,
      "item_4": 119,
      "item_5": 108,
      "item_neutral": 589,
      "item_uses": null,
      "kill_streaks": null,
      "killed": null,
      "killed_by": null,
      "kills": 13,
      "kills_log": null,
      "lane_pos": null,
      "last_hits": 376,
      "leaver_status": 0,
      "level": 28,
      "lh_t": null,
      "life_state": null,
      "max_hero_hit": null,
      "multi_kills": null,
      "net_worth": 30142,
      "obs": null,
      "obs_left_log": null,
      "obs_log": null,
      "obs_placed": null,
      "party_id": 0,
      "party_size": 2,
      "performance_others": null,
      "permanent_buffs": [
        {
          "permanent_buff": 6,
          "stack_count": 1,
          "grant_time": 862
        }
      ],
      "pings": null,
      "pred_vict": null,
      "purchase": null,
      "purchase_log": null,
      "randomed": null,
      "repicked": null,
      "roshans_killed": null,
      "rune_pickups": null,
      "runes": null,
      "runes_log": null,
      "sen": null,
      "sen_left_log": null,
      "sen_log": null,
      "sen_placed": null,
      "stuns": null,
      "teamfight_participation": null,
      "times": null,
      "tower_damage": 689,
      "towers_killed": null,
      "xp_per_min": 0,
      "xp_reasons": null,
      "xp_t": null,
      "start_time": 676271178,
      "duration": -678,
      "cluster": 182,
      "lobby_type": -1,
      "game_mode": 0,
      "is_contributor": false,
      "patch": 51,
      "region": 8,
      "isRadiant": false,
      "total_gold": 30521,
      "total_xp": 42280,
      "kills_per_min": 0.3062426383981154,
      "kda": 1,
      "abandons": 0,
      "rank_tier": null,
      "is_subscriber": false,
      "cosmetics": [],
      "benchmarks": {
        "gold_per_min": {
          "raw": 719,
          "pct": 1
        },
        "xp_per_min": {
          "raw": 0,
          "pct": 0.9230769230769231
        },
        "kills_per_min": {
          "raw": 0.30624263839811544,
          "pct": 0.6153846153846154
        },
        "last_hits_per_min": {
          "raw": 8.857479387514724,
          "pct": 0.9230769230769231
        },
        "hero_damage_per_min": {
          "raw": 457.7863518490281,
          "pct": 0.5384615384615384
        },
        "hero_healing_per_min": {
          "raw": 0,
          "pct": 0.6153846153846154
        },
        "tower_damage": {
          "raw": 689,
          "pct": 0.8461538461538461
        },
        "stuns_per_min": {
          "raw": 0,
          "pct": 0.46153846153846156
        },
        "lhten": {}
      }
    }
  ],
  "patch": 51,
  "region": 8
}