{
  "chat": null,
  "cluster": 251,
  "cosmetics": null,
  "dire_score": 39,
  "dire_team_id": null,
  "draft_timings": null,
  "duration": 2482,
  "engine": 1,
  "first_blood_time": 141,
  "game_mode": 22,
  "human_players": 4,
  "leagueid": 0,
  "lobby_type": 7,
  "match_seq_num": 5780354397,
  "negative_votes": 0,
  "objectives": null,
  "picks_bans": [
    {
      "is_pick": true,
      "hero_id": 87,
      "team": 1,
      "order": 0
    },
    {
      "is_pick": true,
      "hero_id": 36,
      "team": 1,
      "order": 1
    },
    {
      "is_pick": true,
      "hero_id": 0,
      "team": 0,
      "order": 2
    },
    {
      "is_pick": true,
      "hero_id": 27,
      "team": 0,
      "order": 3
    },
    {
      "is_pick": true,
      "hero_id": 45,
      "team": 1,
      "order": 0
    },
    {
      "is_pick": true,
      "hero_id": 25,
      "team": 0,
      "order": 5
    },
    {
      "is_pick": true,
      "hero_id": 1,
      "team": 1,
      "order": 6
    },
    {
      "is_pick": true,
      "hero_id": -5,
      "team": 0,
      "order": 7
    },
    {
      "is_pick": true,
      "hero_id": 75,
      "team": 0,
      "order": 8
    },
    {
      "is_pick": true,
      "hero_id": 128,
      "team": 1,
      "order": 9
    },
    {
      "is_pick": false,
      "hero_id": 76,
      "team": 0,
      "order": 10
    }
  ],
  "positive_votes": 0,
  "radiant_gold_adv": null,
  "radiant_score": 51,
  "radiant_team_id": null,
  "radiant_xp_adv": null,
  "skill": null,
  "start_time": 1669911625,
  "teamfights": null,
  "version": null,
  "replay_salt": -143452467,
  "series_id": 0,
  "series_type": 0,
  "players": [
    {
      "player_slot": 0,
      "ability_targets": null,
      "ability_upgrades_arr": [
        5078,
        5080,
        5078,
        5079,
        5080,
        5081,
        0,
        0,
        5078,
        5078,
        5079,
        5081,
        468,
        5079,
        1628,
        793,
        5081,
        0
      ],
      "ability_uses": null,
      "actions": null,
      "additional_units": null,
      "assists": 13,
      "backpack_0": 945,
      "backpack_1": 0,
      "backpack_2": 0,
      "backpack_3": null,
      "buyback_log": null,
      "camps_stacked": null,
      "connection_log": null,
      "creeps_stacked": null,
      "damage": null,
      "damage_inflictor": null,
      "damage_inflictor_received": null,
      "damage_taken": null,
      "damage_targets": null,
      "deaths": 9,
      "denies": 3,
      "dn_t": null,
      "firstblood_claimed": null,
      "gold": 2157,
      "gold_per_min": 429,
      "gold_reasons": null,
      "gold_spent": 14705,
      "gold_t": null,
      "hero_damage": 22652,
      "hero_healing": 195,
      "hero_hits": null,
      "hero_id": 27,
      "item_0": 1,
      "item_1": 37,
      "item_2": 232,
      "item_3": 0,
      "item_4": 108,
      "item_5": 77,
      "item_neutral": 675,
      "item_uses": null,
      "kill_streaks": null,
      "killed": null,
      "killed_by": null,
      "kills": 8,
      "kills_log": null,
      "lane_pos": null,
      "last_hits": 115,
      "leaver_status": 0,
      "level": 23,
      "lh_t": null,
      "life_state": null,
      "max_hero_hit": null,
      "multi_kills": null,
      "net_worth": 15687,
      "obs": null,
      "obs_left_log": null,
      "obs_log": null,
      "obs_placed": null,
      "party_id": 0,
      "party_size": 0,
      "performance_others": null,
      "permanent_buffs": [
        {
          "permanent_buff": 0,
          "stack_count": 0,
          "grant_time": 1159
        }
      ],
      "pings": null,
      "pred_vict": null,
      "purchase": null,
      "purchase_log": null,
      "randomed": null,
      "repicked": null,
      "roshans_killed": null,
      "rune_pickups": null,
      "runes": null,
      "runes_log": null,
      "sen": null,
      "sen_left_log": null,
      "sen_log": null,
      "sen_placed": null,
      "stuns": null,
      "teamfight_participation": null,
      "times": null,
      "tower_damage": 9351,
      "towers_killed": null,
      "xp_per_min": 698,
      "xp_reasons": null,
      "xp_t": null,
      "start_time": 1669911625,
      "duration": 2482,
      "cluster": -102,
      "lobby_type": 0,
      "game_mode": 22,
      "is_contributor": false,
      "patch": 51,
      "region": 15,
      "isRadiant": true,
      "total_gold": 1285,
      "total_xp": 27124,
      "kills_per_min": 0.19339242546333602,
      "kda": 2,
      "abandons": 0,
      "rank_tier": null,
      "is_subscriber": false,
      "cosmetics": [],
      "benchmarks": {
        "gold_per_min": {
          "raw": 429,
          "pct": 0.8333333333333334
        },
        "xp_per_min": {
          "raw": 698,
          "pct": -0.33782122017992
        },
        "kills_per_min": {
          "raw": 0.19339242546333602,
          "pct": 0.8888888888888888
        },
        "last_hits_per_min": {
          "raw": 2.7800161160354553,
          "pct": 0.8333333333333334
        },
        "hero_damage_per_min": {
          "raw": 547.590652699436,
          "pct": 0.9444444444444444
        },
        "hero_healing_per_min": {},
        "tower_damage": {
          "raw": 9351,
          "pct": 0.9444444444444444
        },
        "stuns_per_min": {
          "raw": 0,
          "pct": 0
        },
        "lhten": {}
      }
    },
    {
      "player_slot": 1,
      "ability_targets": null,
      "ability_upgrades_arr": [
        1604,
        5377,
        0,
        5378,
        5377,
        5379,
        -2006,
        5379,
        5379,
        5380,
        6184,
        5379,
        5378,
        5378,
        6880,
        0,
        5380,
        6879
      ],
      "ability_uses": null,
      "actions": null,
      "additional_units": null,
      "assists": 10,
      "backpack_0": 0,
      "backpack_1": 0,
      "backpack_2": 0,
      "backpack_3": null,
      "buyback_log": null,
      "camps_stacked": null,
      "connection_log": null,
      "creeps_stacked": null,
      "damage": null,
      "damage_inflictor": null,
      "damage_inflictor_received": null,
      "damage_taken": null,
      "damage_targets": null,
      "deaths": 10,
      "denies": 15,
      "dn_t": null,
      "firstblood_claimed": null,
      "gold": 968,
      "gold_per_min": 512,
      "gold_reasons": null,
      "gold_spent": 18305,
      "gold_t": null,
      "hero_damage": 0,
      "hero_healing": 0,
      "hero_hits": null,
      "hero_id": 75,
      "item_0": 263,
      "item_1": 152,
      "item_2": 116,
      "item_3": 36,
      "item_4": 534,
      "item_5": 63,
      "item_neutral": 364,
      "item_uses": null,
      "kill_streaks": null,
      "killed": null,
      "killed_by": null,
      "kills": 18,
      "kills_log": null,
      "lane_pos": null,
      "last_hits": 66,
      "leaver_status": 0,
      "level": 22,
      "lh_t": null,
      "life_state": null,
      "max_hero_hit": null,
      "multi_kills": null,
      "net_worth": 17018,
      "obs": null,
      "obs_left_log": null,
      "obs_log": null,
      "obs_placed": null,
      "party_id": 1,
      "party_size": 1,
      "performance_others": null,
      "permanent_buffs": [
        {
          "permanent_buff": 3,
          "stack_count": 46,
          "grant_time": 254
        }
      ],
      "pings": null,
      "pred_vict": null,
      "purchase": null,
      "purchase_log": null,
      "randomed": null,
      "repicked": null,
      "roshans_killed": null,
      "rune_pickups": null,
      "runes": null,
      "runes_log": null,
      "sen": null,
      "sen_left_log": null,
      "sen_log": null,
      "sen_placed": null,
      "stuns": null,
      "teamfight_participation": null,
      "times": null,
      "tower_damage": 4058,
      "towers_killed": null,
      "xp_per_min": 682,
      "xp_reasons": null,
      "xp_t": null,
      "start_time": 1669911625,
      "duration": 2482,
      "cluster": 251,
      "lobby_type": 7,
      "game_mode": 22,
      "is_contributor": false,
      "patch": 51,
      "region": 15,
      "isRadiant": true,
      "total_gold": 21179,
      "total_xp": 12518,
      "kills_per_min": 0.43513295729250606,
      "kda": 2,
      "abandons": 0,
      "rank_tier": null,
      "is_subscriber": false,
      "cosmetics": [],
      "benchmarks": {
        "gold_per_min": {
          "raw": 512,
          "pct": 0.9454545454545454
        },
        "xp_per_min": {
          "raw": 682,
          "pct": 0.8727272727272727
        },
        "kills_per_min": {
          "raw": -0.07781118221761905,
          "pct": 0.9818181818181818
        },
        "last_hits_per_min": {
          "raw": 4.10958904109589,
          "pct": 0.9636363636363636
        },
        "hero_damage_per_min": {
          "raw": 938.2675261885576,
          "pct": 0.9636363636363636
        },
        "hero_healing_per_min": {
          "raw": 0,
          "pct": 0.8
        },
        "tower_damage": {},
        "stuns_per_min": {
          "raw": 0,
          "pct": 0.8727272727272727
        },
        "lhten": {}
      }
    },
    {
      "player_slot": 2,
      "ability_targets": null,
      "ability_upgrades_arr": [
        5065,
        5068,
        5065,
        5066,
        5065,
        0,
        5065,
        5066,
        5066,
        5066,
        -244,
        5067,
        5068,
        5068,
        5068,
        6145,
        -1954,
        22,
        6851
      ],
      "ability_uses": null,
      "actions": null,
      "additional_units": null,
      "assists": 11,
      "backpack_0": 0,
      "backpack_1": 0,
      "backpack_2": 0,
      "backpack_3": null,
      "buyback_log": null,
      "camps_stacked": null,
      "connection_log": null,
      "creeps_stacked": null,
      "damage": null,
      "damage_inflictor": null,
      "damage_inflictor_received": null,
      "damage_taken": null,
      "damage_targets": null,
      "deaths": 5,
      "denies": 6,
      "dn_t": null,
      "firstblood_claimed": null,
      "gold": 207,
      "gold_per_min": 0,
      "gold_reasons": null,
      "gold_spent": 25055,
      "gold_t": null,
      "hero_damage": 20629,
      "hero_healing": 0,
      "hero_hits": null,
      "hero_id": 12,
      "item_0": 160,
      "item_1": 36,
      "item_2": 114,
      "item_3": 174,
      "item_4": 48,
      "item_5": 0,
      "item_neutral": 376,
      "item_uses": null,
      "kill_streaks": null,
      "killed": null,
      "killed_by": null,
      "kills": 6,
      "kills_log": null,
      "lane_pos": null,
      "last_hits": 320,
      "leaver_status": 0,
      "level": 8,
      "lh_t": null,
      "life_state": null,
      "max_hero_hit": null,
      "multi_kills": null,
      "net_worth": 21957,
      "obs": null,
      "obs_left_log": null,
      "obs_log": null,
      "obs_placed": null,
      "party_id": 2,
      "party_size": 1,
      "performance_others": null,
      "permanent_buffs": [
        {
          "permanent_buff": 12,
          "stack_count": 0,
          "grant_time": -87
        }
      ],
      "pings": null,
      "pred_vict": null,
      "purchase": null,
      "purchase_log": null,
      "randomed": null,
      "repicked": null,
      "roshans_killed": null,
      "rune_pickups": null,
      "runes": null,
      "runes_log": null,
      "sen": null,
      "sen_left_log": null,
      "sen_log": null,
      "sen_placed": null,
      "stuns": null,
      "teamfight_participation": null,
      "times": null,
      "tower_damage": 1188,
      "towers_killed": null,
      "xp_per_min": 859,
      "xp_reasons": null,
      "xp_t": null,
      "start_time": 1669911625,
      "duration": 2482,
      "cluster": 251,
      "lobby_type": 0,
      "game_mode": 22,
      "is_contributor": false,
      "patch": 51,
      "region": 15,
      "isRadiant": true,
      "total_gold": 24323,
      "total_xp": 4932,
      "kills_per_min": 0.145044319097502,
      "kda": 1,
      "abandons": 0,
      "rank_tier": null,
      "is_subscriber": false,
      "cosmetics": [],
      "benchmarks": {
        "gold_per_min": {
          "raw": 588,
          "pct": 0.25
        },
        "xp_per_min": {
          "raw": 859,
          "pct": 0.75
        },
        "kills_per_min": {
          "raw": 0.145044319097502,
          "pct": 0.5
        },
        "last_hits_per_min": {
          "raw": 7.73569701853344,
          "pct": 0.5
        },
        "hero_damage_per_min": {
          "raw": 498.68654311039484,
          "pct": 0.375
        },
        "hero_healing_per_min": {
          "raw": 0,
          "pct": 1
        },
        "tower_damage": {
          "raw": 3666,
          "pct": 0.625
        },
        "stuns_per_min": {
          "raw": 0,
          "pct": 0.625
        },
        "lhten": {}
      }
    },
    {
      "player_slot": 0,
      "ability_targets": null,
      "ability_upgrades_arr": [],
      "ability_uses": null,
      "actions": null,
      "additional_units": null,
      "assists": 12,
      "backpack_0": 356,
      "backpack_1": 0,
      "backpack_2": 837,
      "backpack_3": null,
      "buyback_log": null,
      "camps_stacked": null,
      "connection_log": null,
      "creeps_stacked": null,
      "damage": null,
      "damage_inflictor": null,
      "damage_inflictor_received": null,
      "damage_taken": null,
      "damage_targets": null,
      "deaths": 0,
      "denies": 3,
      "dn_t": null,
      "firstblood_claimed": null,
      "gold": 47,
      "gold_per_min": 334,
      "gold_reasons": null,
      "gold_spent": 13150,
      "gold_t": null,
      "hero_damage": 20087,
      "hero_healing": 0,
      "hero_hits": null,
      "hero_id": 25,
      "item_0": 96,
      "item_1": 0,
      "item_2": 206,
      "item_3": 0,
      "item_4": 0,
      "item_5": 29,
      "item_neutral": -21,
      "item_uses": null,
      "kill_streaks": null,
      "killed": null,
      "killed_by": null,
      "kills": 8,
      "kills_log": null,
      "lane_pos": null,
      "last_hits": 65,
      "leaver_status": 0,
      "level": 3,
      "lh_t": null,
      "life_state": null,
      "max_hero_hit": null,
      "multi_kills": null,
      "net_worth": 11522,
      "obs": null,
      "obs_left_log": null,
      "obs_log": null,
      "obs_placed": null,
      "party_id": 3,
      "party_size": 1,
      "performance_others": null,
      "permanent_buffs": [
        {}
      ],
      "pings": null,
      "pred_vict": null,
      "purchase": null,
      "purchase_log": null,
      "randomed": null,
      "repicked": null,
      "roshans_killed": null,
      "rune_pickups": null,
      "runes": null,
      "runes_log": null,
      "sen": null,
      "sen_left_log": null,
      "sen_log": null,
      "sen_placed": null,
      "stuns": null,
      "teamfight_participation": null,
      "times": null,
      "tower_damage": 641,
      "towers_killed": null,
      "xp_per_min": 558,
      "xp_reasons": null,
      "xp_t": null,
      "start_time": 1669911625,
      "duration": 999,
      "cluster": 251,
      "lobby_type": 7,
      "game_mode": 22,
      "is_contributor": false,
      "patch": 51,
      "region": 15,
      "isRadiant": true,
      "total_gold": 13816,
      "total_xp": 22792,
      "kills_per_min": -0.019219308650508984,
      "kda": 2,
      "abandons": 0,
      "rank_tier": null,
      "is_subscriber": false,
      "cosmetics": [],
      "benchmarks": {
        "gold_per_min": {
          "raw": 334,
          "pct": 0.10526315789473684
        },
        "xp_per_min": {
          "raw": 0,
          "pct": 0.21052631578947367
        },
        "kills_per_min": {
          "raw": 0.19339242546333602,
          "pct": 0.6842105263157895
        },
        "last_hits_per_min": {
          "raw": 1.5713134568896052,
          "pct": 0.05263157894736842
        },
        "hero_damage_per_min": {
          "raw": 485.58420628525386,
          "pct": 0.3157894736842105
        },
        "hero_healing_per_min": {
          "raw": 0,
          "pct": 1
        },
        "tower_damage": {
          "raw": 641,
          "pct": 0.15789473684210525
        },
        "stuns_per_min": {
          "raw": 0,
          "pct": 0
        },
        "lhten": {}
      }
    },
    {
      "player_slot": 4,
      "ability_targets": null,
      "ability_upgrades_arr": [
        2109,
        5053,
        5055,
        5053,
        5055,
        5052,
        5055,
        5057,
        5052,
        6062,
        5053,
        5052,
        2134,
        5053,
        7060,
        5058,
        1758,
        6840
      ],
      "ability_uses": null,
      "actions": null,
      "additional_units": null,
      "assists": 13,
      "backpack_0": 0,
      "backpack_1": 0,
      "backpack_2": 0,
      "backpack_3": null,
      "buyback_log": null,
      "camps_stacked": null,
      "connection_log": null,
      "creeps_stacked": null,
      "damage": null,
      "damage_inflictor": null,
      "damage_inflictor_received": null,
      "damage_taken": null,
      "damage_targets": null,
      "deaths": 6,
      "denies": 0,
      "dn_t": null,
      "firstblood_claimed": null,
      "gold": 3107,
      "gold_per_min": 534,
      "gold_reasons": null,
      "gold_spent": 18470,
      "gold_t": null,
      "hero_damage": 5590,
      "hero_healing": 1170,
      "hero_hits": null,
      "hero_id": 2,
      "item_0": -3,
      "item_1": 236,
      "item_2": 116,
      "item_3": 36,
      "item_4": 250,
      "item_5": 63,
      "item_neutral": 574,
      "item_uses": null,
      "kill_streaks": null,
      "killed": null,
      "killed_by": null,
      "kills": 11,
      "kills_log": null,
      "lane_pos": null,
      "last_hits": 228,
      "leaver_status": 0,
      "level": 24,
      "lh_t": null,
      "life_state": null,
      "max_hero_hit": null,
      "multi_kills": null,
      "net_worth": 20057,
      "obs": null,
      "obs_left_log": null,
      "obs_log": null,
      "obs_placed": null,
      "party_id": 4,
      "party_size": 0,
      "performance_others": null,
      "permanent_buffs": [
        {
          "permanent_buff": 6,
          "stack_count": 0,
          "grant_time": 2088
        }
      ],
      "pings": null,
      "pred_vict": null,
      "purchase": null,
      "purchase_log": null,
      "randomed": null,
      "repicked": null,
      "roshans_killed": null,
      "rune_pickups": null,
      "runes": null,
      "runes_log": null,
      "sen": null,
      "sen_left_log": null,
      "sen_log": null,
      "sen_placed": null,
      "stuns": null,
      "teamfight_participation": null,
      "times": null,
      "tower_damage": 13228,
      "towers_killed": null,
      "xp_per_min": 793,
      "xp_reasons": null,
      "xp_t": null,
      "personaname": "The PingadulceMan",
      "name": null,
      "last_login": null,
      "start_time": 1669911625,
      "duration": -1233,
      "cluster": 251,
      "lobby_type": 7,
      "game_mode": 22,
      "is_contributor": false,
      "patch": 1,
      "region": 15,
      "isRadiant": true,
      "total_gold": 22089,
      "total_xp": 31616,
      "kills_per_min": 0.26591458501208703,
      "kda": 1,
      "abandons": 0,
      "rank_tier": -13,
      "is_subscriber": false,
      "cosmetics": [],
      "benchmarks": {
        "gold_per_min": {
          "raw": 534,
          "pct": 0.20689655172413793
        },
        "xp_per_min": {
          "raw": 793,
          "pct": 0.4482758620689655
        },
        "kills_per_min": {
          "raw": 0.26591458501208703,
          "pct": 0.6206896551724138
        },
        "last_hits_per_min": {
          "raw": 5.511684125705077,
          "pct": 0.10344827586206896
        },
        "hero_damage_per_min": {
          "raw": 598.2352941176471,
          "pct": 0.4482758620689655
        },
        "hero_healing_per_min": {},
        "tower_damage": {
          "raw": -4142,
          "pct": 0.5517241379310345
        },
        "stuns_per_min": {
          "raw": 0,
          "pct": 0.10344827586206896
        },
        "lhten": {}
      }
    },
    {
      "player_slot": 128,
      "ability_targets": null,
      "ability_upgrades_arr": [
        6480,
        6483,
        6480,
        6483,
        6480,
        6482,
        0,
        0,
        6483,
        -132,
        6488,
        0,
        170,
        0,
        6488,
        6489,
        6482,
        0
      ],
      "ability_uses": null,
      "actions": null,
      "additional_units": null,
      "assists": 0,
      "backpack_0": 0,
      "backpack_1": 0,
      "backpack_2": 0,
      "backpack_3": null,
      "buyback_log": null,
      "camps_stacked": null,
      "connection_log": null,
      "creeps_stacked": null,
      "damage": null,
      "damage_inflictor": null,
      "damage_inflictor_received": null,
      "damage_taken": null,
      "damage_targets": null,
      "deaths": 0,
      "denies": 5,
      "dn_t": null,
      "firstblood_claimed": null,
      "gold": 1108,
      "gold_per_min": 391,
      "gold_reasons": null,
      "gold_spent": 13100,
      "gold_t": null,
      "hero_damage": 20664,
      "hero_healing": 0,
      "hero_hits": null,
      "hero_id": 35,
      "item_0": 178,
      "item_1": 1,
      "item_2": 149,
      "item_3": 149,
      "item_4": 0,
      "item_5": 226,
      "item_neutral": 834,
      "item_uses": null,
      "kill_streaks": null,
      "killed": null,
      "killed_by": null,
      "kills": 5,
      "kills_log": null,
      "lane_pos": null,
      "last_hits": 170,
      "leaver_status": 0,
      "level": 21,
      "lh_t": null,
      "life_state": null,
      "max_hero_hit": null,
      "multi_kills": null,
      "net_worth": 13363,
      "obs": null,
      "obs_left_log": null,
      "obs_log": null,
      "obs_placed": null,
      "party_id": 5,
      "party_size": 1,
      "performance_others": null,
      "permanent_buffs": [],
      "pings": null,
      "pred_vict": null,
      "purchase": null,
      "purchase_log": null,
      "randomed": null,
      "repicked": null,
      "roshans_killed": null,
      "rune_pickups": null,
      "runes": null,
      "runes_log": null,
      "sen": null,
      "sen_left_log": null,
      "sen_log": null,
      "sen_placed": null,
      "stuns": null,
      "teamfight_participation": null,
      "times": null,
      "tower_damage": 316,
      "towers_killed": null,
      "xp_per_min": 614,
      "xp_reasons": null,
      "xp_t": null,
      "start_time": 1669911625,
      "duration": 2482,
      "cluster": 251,
      "lobby_type": 7,
      "game_mode": 22,
      "is_contributor": false,
      "patch": 51,
      "region": 0,
      "isRadiant": false,
      "total_gold": 10911,
      "total_xp": 25399,
      "kills_per_min": 0.12087026591458501,
      "kda": 0,
      "abandons": 0,
      "rank_tier": null,
      "is_subscriber": false,
      "cosmetics": [],
      "benchmarks": {}
    },
    {
      "player_slot": 129,
      "ability_targets": null,
      "ability_upgrades_arr": [
        5186,
        5187,
        -2225,
        5187,
        0,
        5189,
        5186,
        5186,
        5188,
        5188,
        5188,
        -972,
        5187,
        5959,
        5187,
        6448,
        5189,
        -1060
      ],
      "ability_uses": null,
      "actions": null,
      "additional_units": null,
      "assists": -8,
      "backpack_0": 40,
      "backpack_1": 0,
      "backpack_2": 0,
      "backpack_3": null,
      "buyback_log": null,
      "camps_stacked": null,
      "connection_log": null,
      "creeps_stacked": null,
      "damage": null,
      "damage_inflictor": null,
      "damage_inflictor_received": null,
      "damage_taken": null,
      "damage_targets": null,
      "deaths": 7,
      "denies": 3,
      "dn_t": null,
      "firstblood_claimed": null,
      "gold": 0,
      "gold_per_min": 427,
      "gold_reasons": null,
      "gold_spent": 14340,
      "gold_t": null,
      "hero_damage": 35663,
      "hero_healing": 1005,
      "hero_hits": null,
      "hero_id": 45,
      "item_0": 206,
      "item_1": 232,
      "item_2": 39,
      "item_3": 36,
      "item_4": 256,
      "item_5": 29,
      "item_neutral": 289,
      "item_uses": null,
      "kill_streaks": null,
      "killed": null,
      "killed_by": null,
      "kills": 9,
      "kills_log": null,
      "lane_pos": null,
      "last_hits": 131,
      "leaver_status": 0,
      "level": 24,
      "lh_t": null,
      "life_state": null,
      "max_hero_hit": null,
      "multi_kills": null,
      "net_worth": 14273,
      "obs": null,
      "obs_left_log": null,
      "obs_log": null,
      "obs_placed": null,
      "party_id": 6,
      "party_size": 1,
      "performance_others": null,
      "permanent_buffs": [
        {
          "permanent_buff": 6,
          "stack_count": 1,
          "grant_time": 1479
        },
        {
          "permanent_buff": 12,
          "stack_count": 0,
          "grant_time": 2607
        }
      ],
      "pings": null,
      "pred_vict": null,
      "purchase": null,
      "purchase_log": null,
      "randomed": null,
      "repicked": null,
      "roshans_killed": null,
      "rune_pickups": null,
      "runes": null,
      "runes_log": null,
      "sen": null,
      "sen_left_log": null,
      "sen_log": null,
      "sen_placed": null,
      "stuns": null,
      "teamfight_participation": null,
      "times": null,
      "tower_damage": 1072,
      "towers_killed": null,
      "xp_per_min": 766,
      "xp_reasons": null,
      "xp_t": null,
      "start_time": 346129723,
      "duration": 2482,
      "cluster": 0,
      "lobby_type": 7,
      "game_mode": 0,
      "is_contributor": false,
      "patch": 51,
      "region": 15,
      "isRadiant": false,
      "total_gold": 17663,
      "total_xp": 11711,
      "kills_per_min": 0.21756647864625303,
      "kda": 3,
      "abandons": 0,
      "rank_tier": null,
      "is_subscriber": false,
      "cosmetics": [],
      "benchmarks": {
        "gold_per_min": {
          "raw": 0,
          "pct": 0.3
        },
        "xp_per_min": {
          "raw": 766,
          "pct": 0.9
        },
        "kills_per_min": {
          "raw": 0.21756647864625303,
          "pct": 0.5
        },
        "last_hits_per_min": {
          "raw": 3.1668009669621275,
          "pct": -0.040645410452174735
        },
        "hero_damage_per_min": {
          "raw": 862.1192586623691,
          "pct": 0.09156711445246091
        },
        "hero_healing_per_min": {},
        "tower_damage": {
          "raw": 1072,
          "pct": 0.011247851267644505
        },
        "stuns_per_min": {
          "raw": 0,
          "pct": 0.7
        },
        "lhten": {}
      }
    },
    {
      "player_slot": -42,
      "ability_targets": null,
      "ability_upgrades_arr": [
        5003,
        5004,
        5003,
        7314,
        5003,
        0,
        1348,
        -1861,
        5004,
        6012,
        5003,
        5006,
        0,
        1657,
        666,
        7314,
        5006,
        665
      ],
      "ability_uses": null,
      "actions": null,
      "additional_units": null,
      "assists": 7,
      "backpack_0": 0,
      "backpack_1": 0,
      "backpack_2": 0,
      "backpack_3": null,
      "buyback_log": null,
      "camps_stacked": null,
      "connection_log": null,
      "creeps_stacked": null,
      "damage": null,
      "damage_inflictor": null,
      "damage_inflictor_received": null,
      "damage_taken": null,
      "damage_targets": null,
      "deaths": 7,
      "denies": 12,
      "dn_t": null,
      "firstblood_claimed": null,
      "gold": -89,
      "gold_per_min": 564,
      "gold_reasons": null,
      "gold_spent": 19675,
      "gold_t": null,
      "hero_damage": 24950,
      "hero_healing": 0,
      "hero_hits": null,
      "hero_id": 1,
      "item_0": 147,
      "item_1": 143,
      "item_2": 40,
      "item_3": 0,
      "item_4": -50,
      "item_5": 0,
      "item_neutral": 165,
      "item_uses": null,
      "kill_streaks": null,
      "killed": null,
      "killed_by": null,
      "kills": 14,
      "kills_log": null,
      "lane_pos": null,
      "last_hits": 122,
      "leaver_status": 0,
      "level": 26,
      "lh_t": null,
      "life_state": null,
      "max_hero_hit": null,
      "multi_kills": null,
      "net_worth": -4432,
      "obs": null,
      "obs_left_log": null,
      "obs_log": null,
      "obs_placed": null,
      "party_id": 0,
      "party_size": 1,
      "performance_others": null,
      "permanent_buffs": [
        {
          "permanent_buff": 6,
          "stack_count": 1,
          "grant_time": 0
        }
      ],
      "pings": null,
      "pred_vict": null,
      "purchase": null,
      "purchase_log": null,
      "randomed": null,
      "repicked": null,
      "roshans_killed": null,
      "rune_pickups": null,
      "runes": null,
      "runes_log": null,
      "sen": null,
      "sen_left_log": null,
      "sen_log": null,
      "sen_placed": null,
      "stuns": null,
      "teamfight_participation": null,
      "times": null,
      "tower_damage": 216,
      "towers_killed": null,
      "xp_per_min": 868,
      "xp_reasons": null,
      "xp_t": null,
      "personaname": "XD...",
      "name": null,
      "last_login": null,
      "start_time": 1669911625,
      "duration": 2482,
      "cluster": 251,
      "lobby_type": 7,
      "game_mode": 22,
      "is_contributor": false,
      "patch": 51,
      "region": 4,
      "isRadiant": false,
      "total_gold": 2910,
      "total_xp": 35906,
      "kills_per_min": 0.33843674456083805,
      "kda": 0,
      "abandons": 0,
      "rank_tier": 25,
      "is_subscriber": false,
      "cosmetics": [],
      "benchmarks": {
        "gold_per_min": {
          "raw": 564,
          "pct": 0.30303030303030304
        },
        "xp_per_min": {
          "raw": 868,
          "pct": 0.6363636363636364
        },
        "kills_per_min": {
          "raw": 0.33843674456083805,
          "pct": 0.8484848484848485
        },
        "last_hits_per_min": {},
        "hero_damage_per_min": {
          "raw": 603.1426269137792,
          "pct": 0.14714853127544933
        },
        "hero_healing_per_min": {
          "raw": 0,
          "pct": 0.9696969696969697
        },
        "tower_damage": {
          "raw": 216,
          "pct": 0.12121212121212122
        },
        "stuns_per_min": {
          "raw": 0,
          "pct": 0
        },
        "lhten": {}
      }
    },
    {
      "player_slot": 131,
      "ability_targets": null,
      "ability_upgrades_arr": [
        5158,
        5159,
        5158,
        5159,
        5158,
        5161,
        5160,
        5158,
        0,
        5160,
        820,
        5161,
        0,
        5159,
        411,
        5160,
        5161,
        -89
      ],
      "ability_uses": null,
      "actions": null,
      "additional_units": null,
      "assists": 16,
      "backpack_0": 0,
      "backpack_1": 0,
      "backpack_2": 0,
      "backpack_3": null,
      "buyback_log": null,
      "camps_stacked": null,
      "connection_log": null,
      "creeps_stacked": null,
      "damage": null,
      "damage_inflictor": null,
      "damage_inflictor_received": null,
      "damage_taken": null,
      "damage_targets": null,
      "deaths": 12,
      "denies": 5,
      "dn_t": null,
      "firstblood_claimed": null,
      "gold": 280,
      "gold_per_min": 425,
      "gold_reasons": null,
      "gold_spent": 5121,
      "gold_t": null,
      "hero_damage": 23184,
      "hero_healing": 2705,
      "hero_hits": null,
      "hero_id": 0,
      "item_0": 267,
      "item_1": 41,
      "item_2": 259,
      "item_3": 48,
      "item_4": 137,
      "item_5": 77,
      "item_neutral": 364,
      "item_uses": null,
      "kill_streaks": null,
      "killed": null,
      "killed_by": null,
      "kills": 8,
      "kills_log": null,
      "lane_pos": null,
      "last_hits": 165,
      "leaver_status": 0,
      "level": 23,
      "lh_t": null,
      "life_state": null,
      "max_hero_hit": null,
      "multi_kills": null,
      "net_worth": 14421,
      "obs": null,
      "obs_left_log": null,
      "obs_log": null,
      "obs_placed": null,
      "party_id": 8,
      "party_size": 1,
      "performance_others": null,
      "permanent_buffs": [
        {}
      ],
      "pings": null,
      "pred_vict": null,
      "purchase": null,
      "purchase_log": null,
      "randomed": null,
      "repicked": null,
      "roshans_killed": null,
      "rune_pickups": null,
      "runes": null,
      "runes_log": null,
      "sen": null,
      "sen_left_log": null,
      "sen_log": null,
      "sen_placed": null,
      "stuns": null,
      "teamfight_participation": null,
      "times": null,
      "tower_damage": 49,
      "towers_killed": null,
      "xp_per_min": -71,
      "xp_reasons": null,
      "xp_t": null,
      "start_time": 1669911625,
      "duration": 2482,
      "cluster": 8,
      "lobby_type": 7,
      "game_mode": 22,
      "is_contributor": false,
      "patch": 51,
      "region": 0,
      "isRadiant": false,
      "total_gold": 17580,
      "total_xp": 29908,
      "kills_per_min": 0.19339242546333602,
      "kda": 0,
      "abandons": 0,
      "rank_tier": null,
      "is_subscriber": false,
      "cosmetics": [],
      "benchmarks": {
        "gold_per_min": {
          "raw": 425,
          "pct": 0.06365285526551309
        },
        "xp_per_min": {
          "raw": 723,
          "pct": 0.6153846153846154
        },
        "kills_per_min": {
          "raw": 0.19339242546333602,
          "pct": 0.3076923076923077
        },
        "last_hits_per_min": {
          "raw": 1.452809854563494,
          "pct": 0.11538461538461539
        },
        "hero_damage_per_min": {
          "raw": 560.4512489927478,
          "pct": 0.15384615384615385
        },
        "hero_healing_per_min": {
          "raw": 65.39081385979048,
          "pct": 0.11538461538461539
        },
        "tower_damage": {
          "raw": 49,
          "pct": 0.07692307692307693
        },
        "stuns_per_min": {
          "raw": 0,
          "pct": 0
        },
        "lhten": {}
      }
    },
    {
      "player_slot": -28,
      "ability_targets": null,
      "ability_upgrades_arr": [
        5458,
        5459,
        0,
        5458,
        -58,
        -1990,
        5459,
        5459,
        5458,
        5460,
        5460,
        5461,
        5460,
        -118,
        517,
        6368
      ],
      "ability_uses": null,
      "actions": null,
      "additional_units": null,
      "assists": 27,
      "backpack_0": 0,
      "backpack_1": 0,
      "backpack_2": 0,
      "backpack_3": null,
      "buyback_log": null,
      "camps_stacked": null,
      "connection_log": null,
      "creeps_stacked": null,
      "damage": null,
      "damage_inflictor": null,
      "damage_inflictor_received": null,
      "damage_taken": null,
      "damage_targets": null,
      "deaths": 11,
      "denies": 0,
      "dn_t": null,
      "firstblood_claimed": null,
      "gold": 148,
      "gold_per_min": 266,
      "gold_reasons": null,
      "gold_spent": 10490,
      "gold_t": null,
      "hero_damage": 0,
      "hero_healing": 0,
      "hero_hits": null,
      "hero_id": 87,
      "item_0": 188,
      "item_1": 215,
      "item_2": 0,
      "item_3": 0,
      "item_4": 0,
      "item_5": 0,
      "item_neutral": 0,
      "item_uses": null,
      "kill_streaks": null,
      "killed": null,
      "killed_by": null,
      "kills": 1,
      "kills_log": null,
      "lane_pos": null,
      "last_hits": 4,
      "leaver_status": 0,
      "level": 16,
      "lh_t": null,
      "life_state": null,
      "max_hero_hit": null,
      "multi_kills": null,
      "net_worth": 0,
      "obs": null,
      "obs_left_log": null,
      "obs_log": null,
      "obs_placed": null,
      "party_id": 9,
      "party_size": 1,
      "performance_others": null,
      "permanent_buffs": [
        {}
      ],
      "pings": null,
      "pred_vict": null,
      "purchase": null,
      "purchase_log": null,
      "randomed": null,
      "repicked": null,
      "roshans_killed": null,
      "rune_pickups": null,
      "runes": null,
      "runes_log": null,
      "sen": null,
      "sen_left_log": null,
      "sen_log": null,
      "sen_placed": null,
      "stuns": null,
      "teamfight_participation": null,
      "times": null,
      "tower_damage": 0,
      "towers_killed": null,
      "xp_per_min": -121,
      "xp_reasons": null,
      "xp_t": null,
      "start_time": 1669911625,
      "duration": 2482,
      "cluster": 251,
      "lobby_type": 7,
      "game_mode": 0,
      "is_contributor": false,
      "patch": 0,
      "region": 15,
      "isRadiant": false,
      "total_gold": 8763,
      "total_xp": 14436,
      "kills_per_min": 0.009811462352989488,
      "kda": 2,
      "abandons": 0,
      "rank_tier": null,
      "is_subscriber": false,
      "cosmetics": [],
      "benchmarks": {
        "gold_per_min": {
          "raw": 266,
          "pct": 0.38596491228070173
        },
        "xp_per_min": {
          "raw": 349,
          "pct": 0.19298245614035087
        },
        "kills_per_min": {
          "raw": -0.006717619956202577,
          "pct": 0.17543859649122806
        },
        "last_hits_per_min": {
          "raw": 0.604351329572925,
          "pct": 0.2807017543859649
        },
        "hero_damage_per_min": {
          "raw": 268.549556809025,
          "pct": 0.43859649122807015
        },
        "hero_healing_per_min": {
          "raw": 0,
          "pct": 0.8070175438596491
        },
        "tower_damage": {
          "raw": 0,
          "pct": 0.17543859649122806
        },
        "stuns_per_min": {
          "raw": 0,
          "pct": 1
        },
        "lhten": {}
      }
    }
  ],
  "patch": 51,
  "region": 15
}