{
  "chat": null,
  "cluster": 0,
  "cosmetics": null,
  "dire_score": 13,
  "dire_team_id": null,
  "draft_timings": null,
  "duration": 0,
  "engine": 1,
  "first_blood_time": -23,
  "game_mode": 3,
  "human_players": 10,
  "leagueid": 0,
  "lobby_type": 7,
  "match_seq_num": 5780333742,
  "negative_votes": 0,
  "objectives": null,
  "picks_bans": [
    {
      "is_pick": true,
      "hero_id": 85,
      "team": 0,
      "order": 0
    },
    {
      "is_pick": true,
      "hero_id": 71,
      "team": 0,
      "order": 1
    },
    {
      "is_pick": true,
      "hero_id": 30,
      "team": 0,
      "order": 0
    },
    {
      "is_pick": true,
      "hero_id": 49,
      "team": 1,
      "order": 3
    },
    {
      "is_pick": true,
      "hero_id": 8,
      "team": 1,
      "order": 4
    },
    {
      "is_pick": true,
      "hero_id": 75,
      "team": 1,
      "order": -1
    },
    {
      "is_pick": true,
      "hero_id": 33,
      "team": 0,
      "order": 6
    },
    {
      "is_pick": true,
      "hero_id": 119,
      "team": 1,
      "order": 7
    },
    {
      "is_pick": true,
      "hero_id": 0,
      "team": 0,
      "order": 8
    },
    {
      "is_pick": true,
      "hero_id": 43,
      "team": 1,
      "order": 9
    },
    {
      "is_pick": true,
      "hero_id": 54,
      "team": 0,
      "order": 10
    }
  ],
  "positive_votes": 0,
  "radiant_gold_adv": null,
  "radiant_score": 29,
  "radiant_team_id": null,
  "radiant_xp_adv": null,
  "skill": null,
  "start_time": 1669911535,
  "teamfights": null,
  "version": null,
  "replay_salt": 347432593,
  "series_id": 0,
  "series_type": 0,
  "players": [
    {
      "player_slot": 0,
      "ability_targets": null,
      "ability_upgrades_arr": [
        5442,
        5443,
        5442,
        5443,
        5444,
        5447,
        5442,
        5442,
        5444,
        813,
        5443,
        5447,
        5444,
        5444,
        6155,
        5443
      ],
      "ability_uses": null,
      "actions": null,
      "additional_units": null,
      "assists": 10,
      "backpack_0": 0,
      "backpack_1": 0,
      "backpack_2": 0,
      "backpack_3": null,
      "buyback_log": null,
      "camps_stacked": null,
      "connection_log": null,
      "creeps_stacked": null,
      "damage": null,
      "damage_inflictor": null,
      "damage_inflictor_received": null,
      "damage_taken": null,
      "damage_targets": null,
      "deaths": 4,
      "denies": 0,
      "dn_t": null,
      "firstblood_claimed": null,
      "gold": 511,
      "gold_per_min": 449,
      "gold_reasons": null,
      "gold_spent": 13495,
      "gold_t": null,
      "hero_damage": 11913,
      "hero_healing": 1350,
      "hero_hits": null,
      "hero_id": 85,
      "item_0": 252,
      "item_1": 178,
      "item_2": 116,
      "item_3": 36,
      "item_4": 50,
      "item_5": 37,
      "item_neutral": 0,
      "item_uses": null,
      "kill_streaks": null,
      "killed": null,
      "killed_by": null,
      "kills": 7,
      "kills_log": null,
      "lane_pos": null,
      "last_hits": 138,
      "leaver_status": 0,
      "level": 17,
      "lh_t": null,
      "life_state": null,
      "max_hero_hit": null,
      "multi_kills": null,
      "net_worth": 12966,
      "obs": null,
      "obs_left_log": null,
      "obs_log": null,
      "obs_placed": null,
      "party_id": 0,
      "party_size": 1,
      "performance_others": null,
      "permanent_buffs": [
        {
          "permanent_buff": 12,
          "stack_count": 0,
          "grant_time": 1910
        }
      ],
      "pings": null,
      "pred_vict": null,
      "purchase": null,
      "purchase_log": null,
      "randomed": null,
      "repicked": null,
      "roshans_killed": null,
      "rune_pickups": null,
      "runes": null,
      "runes_log": null,
      "sen": null,
      "sen_left_log": null,
      "sen_log": null,
      "sen_placed": null,
      "stuns": null,
      "teamfight_participation": null,
      "times": null,
      "tower_damage": 2943,
      "towers_killed": null,
      "xp_per_min": 578,
      "xp_reasons": null,
      "xp_t": null,
      "personaname": "叔总",
      "name": null,
      "last_login": null,
      "start_time": 1669911535,
      "duration": 1799,
      "cluster": 227,
      "lobby_type": -2,
      "game_mode": 3,
      "is_contributor": false,
      "patch": 0,
      "region": 20,
      "isRadiant": true,
      "total_gold": 13462,
      "total_xp": 17330,
      "kills_per_min": 0.23346303501945526,
      "kda": 3,
      "abandons": 0,
      "rank_tier": 43,
      "is_subscriber": false,
      "cosmetics": [],
      "benchmarks": {
        "gold_per_min": {
          "raw": 449,
          "pct": 0.8833333333333333
        },
        "xp_per_min": {
          "raw": 578,
          "pct": 0.8166666666666667
        },
        "kills_per_min": {
          "raw": 0.23346303501945526,
          "pct": -0.16470660441287138
        },
        "last_hits_per_min": {
          "raw": 4.602556976097833,
          "pct": 0.95
        },
        "hero_damage_per_min": {
          "raw": 397.32073374096717,
          "pct": 0.9
        },
        "hero_healing_per_min": {
          "raw": 45.025013896609224,
          "pct": 0.23333333333333334
        },
        "tower_damage": {
          "raw": 2943,
          "pct": 0.009733885721726333
        },
        "stuns_per_min": {},
        "lhten": {}
      }
    },
    {
      "player_slot": 1,
      "ability_targets": null,
      "ability_upgrades_arr": [
        -2195,
        5140,
        5140,
        5138,
        5140,
        5141,
        5140,
        5138,
        417,
        5139,
        5138,
        5141,
        5139,
        5139,
        5993
      ],
      "ability_uses": null,
      "actions": null,
      "additional_units": null,
      "assists": 12,
      "backpack_0": 0,
      "backpack_1": 0,
      "backpack_2": 0,
      "backpack_3": null,
      "buyback_log": null,
      "camps_stacked": null,
      "connection_log": null,
      "creeps_stacked": null,
      "damage": null,
      "damage_inflictor": null,
      "damage_inflictor_received": null,
      "damage_taken": null,
      "damage_targets": null,
      "deaths": 3,
      "denies": -1,
      "dn_t": null,
      "firstblood_claimed": null,
      "gold": 2002,
      "gold_per_min": 289,
      "gold_reasons": null,
      "gold_spent": 7160,
      "gold_t": null,
      "hero_damage": 12177,
      "hero_healing": 2682,
      "hero_hits": null,
      "hero_id": 30,
      "item_0": 36,
      "item_1": 100,
      "item_2": 216,
      "item_3": 43,
      "item_4": 188,
      "item_5": -26,
      "item_neutral": 290,
      "item_uses": null,
      "kill_streaks": null,
      "killed": null,
      "killed_by": null,
      "kills": 8,
      "kills_log": null,
      "lane_pos": null,
      "last_hits": 14,
      "leaver_status": 0,
      "level": 0,
      "lh_t": null,
      "life_state": null,
      "max_hero_hit": null,
      "multi_kills": null,
      "net_worth": 8142,
      "obs": null,
      "obs_left_log": null,
      "obs_log": null,
      "obs_placed": null,
      "party_id": 1,
      "party_size": 2,
      "performance_others": null,
      "permanent_buffs": [
        {
          "permanent_buff": 6,
          "stack_count": 0,
          "grant_time": 1491
        },
        {
          "permanent_buff": 12,
          "stack_count": 0,
          "grant_time": 1942
        }
      ],
      "pings": null,
      "pred_vict": null,
      "purchase": null,
      "purchase_log": null,
      "randomed": null,
      "repicked": null,
      "roshans_killed": null,
      "rune_pickups": null,
      "runes": null,
      "runes_log": null,
      "sen": null,
      "sen_left_log": null,
      "sen_log": null,
      "sen_placed": null,
      "stuns": null,
      "teamfight_participation": null,
      "times": null,
      "tower_damage": 747,
      "towers_killed": null,
      "xp_per_min": 442,
      "xp_reasons": null,
      "xp_t": null,
      "personaname": "趁你病要你命",
      "name": null,
      "last_login": null,
      "start_time": 0,
      "duration": 1799,
      "cluster": 227,
      "lobby_type": 7,
      "game_mode": 3,
      "is_contributor": false,
      "patch": 0,
      "region": 20,
      "isRadiant": true,
      "total_gold": 8665,
      "total_xp": 13252,
      "kills_per_min": 0.2668148971650917,
      "kda": 4,
      "abandons": 0,
      "rank_tier": 1,
      "is_subscriber": false,
      "cosmetics": [],
      "benchmarks": {
        "gold_per_min": {
          "raw": 289,
          "pct": 0.358974358974359
        },
        "xp_per_min": {
          "raw": 442,
          "pct": 0.5128205128205128
        },
        "kills_per_min": {
          "raw": 0.2668148971650917,
          "pct": 0.8717948717948718
        },
        "last_hits_per_min": {
          "raw": 0.4669260700389105,
          "pct": 0.07692307692307693
        },
        "hero_damage_per_min": {
          "raw": 406.1256253474152,
          "pct": 0.10256410256410256
        },
        "hero_healing_per_min": {
          "raw": 89.449694274597,
          "pct": 0.6410256410256411
        },
        "tower_damage": {
          "raw": 747,
          "pct": 0.8717948717948718
        },
        "stuns_per_min": {
          "raw": 0,
          "pct": 0.008698494132555676
        },
        "lhten": {}
      }
    },
    {
      "player_slot": 2,
      "ability_targets": null,
      "ability_upgrades_arr": [
        5147,
        5146,
        5147,
        5146,
        0,
        -474,
        0,
        5146,
        5146,
        461,
        1870,
        5149,
        0,
        5148,
        0
      ],
      "ability_uses": null,
      "actions": null,
      "additional_units": null,
      "assists": 13,
      "backpack_0": 0,
      "backpack_1": 0,
      "backpack_2": 0,
      "backpack_3": null,
      "buyback_log": null,
      "camps_stacked": null,
      "connection_log": null,
      "creeps_stacked": null,
      "damage": null,
      "damage_inflictor": null,
      "damage_inflictor_received": null,
      "damage_taken": null,
      "damage_targets": null,
      "deaths": 0,
      "denies": 12,
      "dn_t": null,
      "firstblood_claimed": null,
      "gold": 2095,
      "gold_per_min": 0,
      "gold_reasons": null,
      "gold_spent": 8275,
      "gold_t": null,
      "hero_damage": 15267,
      "hero_healing": 0,
      "hero_hits": null,
      "hero_id": 0,
      "item_0": 1,
      "item_1": 0,
      "item_2": 180,
      "item_3": 0,
      "item_4": 0,
      "item_5": 0,
      "item_neutral": 990,
      "item_uses": null,
      "kill_streaks": null,
      "killed": null,
      "killed_by": null,
      "kills": 2,
      "kills_log": null,
      "lane_pos": null,
      "last_hits": 82,
      "leaver_status": 0,
      "level": 15,
      "lh_t": null,
      "life_state": null,
      "max_hero_hit": null,
      "multi_kills": null,
      "net_worth": 9795,
      "obs": null,
      "obs_left_log": null,
      "obs_log": null,
      "obs_placed": null,
      "party_id": 1,
      "party_size": 2,
      "performance_others": null,
      "permanent_buffs": [
        {
          "permanent_buff": 6,
          "stack_count": 1,
          "grant_time": 852
        }
      ],
      "pings": null,
      "pred_vict": null,
      "purchase": null,
      "purchase_log": null,
      "randomed": null,
      "repicked": null,
      "roshans_killed": null,
      "rune_pickups": null,
      "runes": null,
      "runes_log": null,
      "sen": null,
      "sen_left_log": null,
      "sen_log": null,
      "sen_placed": null,
      "stuns": null,
      "teamfight_participation": null,
      "times": null,
      "tower_damage": 4468,
      "towers_killed": null,
      "xp_per_min": 445,
      "xp_reasons": null,
      "xp_t": null,
      "personaname": "费尸",
      "name": null,
      "last_login": null,
      "start_time": 1669911535,
      "duration": -105,
      "cluster": 227,
      "lobby_type": 7,
      "game_mode": 3,
      "is_contributor": false,
      "patch": 51,
      "region": 20,
      "isRadiant": true,
      "total_gold": 9864,
      "total_xp": 12672,
      "kills_per_min": 0.06670372429127293,
      "kda": 5,
      "abandons": 0,
      "rank_tier": 41,
      "is_subscriber": false,
      "cosmetics": [],
      "benchmarks": {
        "gold_per_min": {
          "raw": 329,
          "pct": 0.05263157894736842
        },
        "xp_per_min": {
          "raw": 445,
          "pct": 0.3684210526315789
        },
        "kills_per_min": {
          "raw": 0.06670372429127293,
          "pct": 0.5263157894736842
        },
        "last_hits_per_min": {
          "raw": 2.73485269594219,
          "pct": 0.15789473684210525
        },
        "hero_damage_per_min": {},
        "hero_healing_per_min": {
          "raw": 0,
          "pct": 0.3684210526315789
        },
        "tower_damage": {
          "raw": 4468,
          "pct": 0.8421052631578947
        },
        "stuns_per_min": {
          "raw": 0,
          "pct": 0
        },
        "lhten": {}
      }
    },
    {
      "player_slot": 3,
      "ability_targets": null,
      "ability_upgrades_arr": [
        0,
        5250,
        5249,
        631,
        631,
        0,
        631,
        5249,
        5249,
        6676,
        93,
        5252,
        846,
        0,
        6009,
        5250,
        0
      ],
      "ability_uses": null,
      "actions": null,
      "additional_units": null,
      "assists": 5,
      "backpack_0": 0,
      "backpack_1": 0,
      "backpack_2": 0,
      "backpack_3": null,
      "buyback_log": null,
      "camps_stacked": null,
      "connection_log": null,
      "creeps_stacked": null,
      "damage": null,
      "damage_inflictor": null,
      "damage_inflictor_received": null,
      "damage_taken": null,
      "damage_targets": null,
      "deaths": 4,
      "denies": 12,
      "dn_t": null,
      "firstblood_claimed": null,
      "gold": 3198,
      "gold_per_min": 484,
      "gold_reasons": null,
      "gold_spent": 0,
      "gold_t": null,
      "hero_damage": 13030,
      "hero_healing": 0,
      "hero_hits": null,
      "hero_id": 54,
      "item_0": 143,
      "item_1": 21,
      "item_2": 0,
      "item_3": 50,
      "item_4": 166,
      "item_5": 11,
      "item_neutral": 573,
      "item_uses": null,
      "kill_streaks": null,
      "killed": null,
      "killed_by": null,
      "kills": 0,
      "kills_log": null,
      "lane_pos": null,
      "last_hits": 216,
      "leaver_status": 0,
      "level": 0,
      "lh_t": null,
      "life_state": null,
      "max_hero_hit": null,
      "multi_kills": null,
      "net_worth": 0,
      "obs": null,
      "obs_left_log": null,
      "obs_log": null,
      "obs_placed": null,
      "party_id": 0,
      "party_size": 2,
      "performance_others": null,
      "permanent_buffs": [],
      "pings": null,
      "pred_vict": null,
      "purchase": null,
      "purchase_log": null,
      "randomed": null,
      "repicked": null,
      "roshans_killed": null,
      "rune_pickups": null,
      "runes": null,
      "runes_log": null,
      "sen": null,
      "sen_left_log": null,
      "sen_log": null,
      "sen_placed": null,
      "stuns": null,
      "teamfight_participation": null,
      "times": null,
      "tower_damage": 0,
      "towers_killed": null,
      "xp_per_min": 617,
      "xp_reasons": null,
      "xp_t": null,
      "personaname": "你咋说话汪汪汪？",
      "name": null,
      "last_login": null,
      "start_time": 1669911535,
      "duration": 341,
      "cluster": 94,
      "lobby_type": 7,
      "game_mode": 3,
      "is_contributor": false,
      "patch": 51,
      "region": 20,
      "isRadiant": true,
      "total_gold": 6506,
      "total_xp": 18499,
      "kills_per_min": 0.23346303501945526,
      "kda": 1,
      "abandons": 0,
      "rank_tier": 33,
      "is_subscriber": false,
      "cosmetics": [],
      "benchmarks": {
        "gold_per_min": {},
        "xp_per_min": {
          "raw": 617,
          "pct": 0.12903225806451613
        },
        "kills_per_min": {
          "raw": 0.23346303501945526,
          "pct": 0.41935483870967744
        },
        "last_hits_per_min": {
          "raw": 7.2040022234574765,
          "pct": 0.45161290322580644
        },
        "hero_damage_per_min": {
          "raw": 434.57476375764315,
          "pct": 0.16129032258064516
        },
        "hero_healing_per_min": {
          "raw": 0,
          "pct": 0.41935483870967744
        },
        "tower_damage": {
          "raw": 0,
          "pct": 0.22580645161290322
        },
        "stuns_per_min": {
          "raw": 0,
          "pct": 0.3225806451612903
        },
        "lhten": {}
      }
    },
    {
      "player_slot": 4,
      "ability_targets": null,
      "ability_upgrades_arr": [
        5505,
        5506,
        -2607,
        5506,
        5505,
        5506,
        5505,
        5504,
        5504,
        5504,
        1125,
        5507,
        5506,
        5507,
        6392,
        920,
        5507,
        6182
      ],
      "ability_uses": null,
      "actions": null,
      "additional_units": null,
      "assists": 11,
      "backpack_0": 36,
      "backpack_1": 0,
      "backpack_2": 0,
      "backpack_3": null,
      "buyback_log": null,
      "camps_stacked": null,
      "connection_log": null,
      "creeps_stacked": null,
      "damage": null,
      "damage_inflictor": null,
      "damage_inflictor_received": null,
      "damage_taken": null,
      "damage_targets": null,
      "deaths": 0,
      "denies": 18,
      "dn_t": null,
      "firstblood_claimed": null,
      "gold": 75,
      "gold_per_min": 133,
      "gold_reasons": null,
      "gold_spent": 19605,
      "gold_t": null,
      "hero_damage": 13167,
      "hero_healing": 0,
      "hero_hits": null,
      "hero_id": 94,
      "item_0": 147,
      "item_1": 149,
      "item_2": 63,
      "item_3": 75,
      "item_4": 160,
      "item_5": 263,
      "item_neutral": -64,
      "item_uses": null,
      "kill_streaks": null,
      "killed": null,
      "killed_by": null,
      "kills": 3,
      "kills_log": null,
      "lane_pos": null,
      "last_hits": 303,
      "leaver_status": 0,
      "level": 1,
      "lh_t": null,
      "life_state": null,
      "max_hero_hit": null,
      "multi_kills": null,
      "net_worth": 19725,
      "obs": null,
      "obs_left_log": null,
      "obs_log": null,
      "obs_placed": null,
      "party_id": 2,
      "party_size": 0,
      "performance_others": null,
      "permanent_buffs": [],
      "pings": null,
      "pred_vict": null,
      "purchase": null,
      "purchase_log": null,
      "randomed": null,
      "repicked": null,
      "roshans_killed": null,
      "rune_pickups": null,
      "runes": null,
      "runes_log": null,
      "sen": null,
      "sen_left_log": null,
      "sen_log": null,
      "sen_placed": null,
      "stuns": null,
      "teamfight_participation": null,
      "times": null,
      "tower_damage": 8932,
      "towers_killed": null,
      "xp_per_min": 839,
      "xp_reasons": null,
      "xp_t": null,
      "personaname": "1or2",
      "name": null,
      "last_login": null,
      "start_time": 1669911535,
      "duration": 1799,
      "cluster": 227,
      "lobby_type": 7,
      "game_mode": -1,
      "is_contributor": false,
      "patch": 0,
      "region": 20,
      "isRadiant": true,
      "total_gold": 19789,
      "total_xp": 25156,
      "kills_per_min": 0.10005558643690939,
      "kda": 14,
      "abandons": 0,
      "rank_tier": 45,
      "is_subscriber": false,
      "cosmetics": [],
      "benchmarks": {
        "gold_per_min": {
          "raw": 660,
          "pct": 0.4
        },
        "xp_per_min": {
          "raw": 839,
          "pct": 0.6
        },
        "kills_per_min": {
          "raw": 0.10005558643690939,
          "pct": 0.2
        },
        "last_hits_per_min": {
          "raw": 10.10561423012785,
          "pct": 0.4
        },
        "hero_damage_per_min": {
          "raw": 211.73251085683177,
          "pct": -0.11002710044931581
        },
        "hero_healing_per_min": {
          "raw": 0,
          "pct": 1
        },
        "tower_damage": {
          "raw": 8932,
          "pct": 0.4
        },
        "stuns_per_min": {
          "raw": 0,
          "pct": 0.2
        },
        "lhten": {}
      }
    },
    {
      "player_slot": 128,
      "ability_targets": null,
      "ability_upgrades_arr": [
        5496,
        5495,
        5494,
        0,
        5494,
        0,
        5494,
        2141,
        5495,
        821,
        5495,
        5497,
        5495,
        5496,
        6892,
        5496
      ],
      "ability_uses": null,
      "actions": null,
      "additional_units": null,
      "assists": 3,
      "backpack_0": 34,
      "backpack_1": 0,
      "backpack_2": 0,
      "backpack_3": null,
      "buyback_log": null,
      "camps_stacked": null,
      "connection_log": null,
      "creeps_stacked": null,
      "damage": null,
      "damage_inflictor": null,
      "damage_inflictor_received": null,
      "damage_taken": null,
      "damage_targets": null,
      "deaths": 7,
      "denies": 7,
      "dn_t": null,
      "firstblood_claimed": null,
      "gold": 19,
      "gold_per_min": 420,
      "gold_reasons": null,
      "gold_spent": 12130,
      "gold_t": null,
      "hero_damage": 11001,
      "hero_healing": 0,
      "hero_hits": null,
      "hero_id": -29,
      "item_0": 596,
      "item_1": 108,
      "item_2": 174,
      "item_3": 0,
      "item_4": 569,
      "item_5": -13,
      "item_neutral": 680,
      "item_uses": null,
      "kill_streaks": null,
      "killed": null,
      "killed_by": null,
      "kills": 0,
      "kills_log": null,
      "lane_pos": null,
      "last_hits": 167,
      "leaver_status": 0,
      "level": 16,
      "lh_t": null,
      "life_state": null,
      "max_hero_hit": null,
      "multi_kills": null,
      "net_worth": 0,
      "obs": null,
      "obs_left_log": null,
      "obs_log": null,
      "obs_placed": null,
      "party_id": 3,
      "party_size": 1,
      "performance_others": null,
      "permanent_buffs": [
        {
          "permanent_buff": 8,
          "stack_count": 4,
          "grant_time": 721
        },
        {
          "permanent_buff": 12,
          "stack_count": 0,
          "grant_time": 1925
        }
      ],
      "pings": null,
      "pred_vict": null,
      "purchase": null,
      "purchase_log": null,
      "randomed": null,
      "repicked": null,
      "roshans_killed": null,
      "rune_pickups": null,
      "runes": null,
      "runes_log": null,
      "sen": null,
      "sen_left_log": null,
      "sen_log": null,
      "sen_placed": null,
      "stuns": null,
      "teamfight_participation": null,
      "times": null,
      "tower_damage": 164,
      "towers_killed": null,
      "xp_per_min": 0,
      "xp_reasons": null,
      "xp_t": null,
      "personaname": "统帅好难打",
      "name": null,
      "last_login": null,
      "start_time": 1669911535,
      "duration": 1799,
      "cluster": 227,
      "lobby_type": 7,
      "game_mode": 3,
      "is_contributor": false,
      "patch": 51,
      "region": 20,
      "isRadiant": false,
      "total_gold": 12593,
      "total_xp": 14392,
      "kills_per_min": 0.10005558643690939,
      "kda": 0,
      "abandons": 0,
      "rank_tier": 35,
      "is_subscriber": false,
      "cosmetics": [],
      "benchmarks": {
        "gold_per_min": {},
        "xp_per_min": {
          "raw": 23,
          "pct": -0.005749946829113189
        },
        "kills_per_min": {
          "raw": 0.10005558643690939,
          "pct": 0.23255813953488372
        },
        "last_hits_per_min": {
          "raw": 5.569760978321289,
          "pct": 0.20930232558139536
        },
        "hero_damage_per_min": {
          "raw": 366.9038354641467,
          "pct": 0.20930232558139536
        },
        "hero_healing_per_min": {},
        "tower_damage": {
          "raw": 164,
          "pct": 0.11627906976744186
        },
        "stuns_per_min": {
          "raw": 0,
          "pct": 0.6744186046511628
        },
        "lhten": {}
      }
    },
    {
      "player_slot": 129,
      "ability_targets": null,
      "ability_upgrades_arr": [
        5090,
        676,
        5090,
        156,
        1231,
        5093,
        5090,
        -2191,
        -2310,
        -428,
        5685,
        5093,
        5091,
        5091,
        6628
      ],
      "ability_uses": null,
      "actions": null,
      "additional_units": null,
      "assists": 0,
      "backpack_0": 0,
      "backpack_1": 0,
      "backpack_2": 0,
      "backpack_3": null,
      "buyback_log": null,
      "camps_stacked": null,
      "connection_log": null,
      "creeps_stacked": null,
      "damage": null,
      "damage_inflictor": null,
      "damage_inflictor_received": null,
      "damage_taken": null,
      "damage_targets": null,
      "deaths": 5,
      "denies": 0,
      "dn_t": null,
      "firstblood_claimed": null,
      "gold": 1620,
      "gold_per_min": 371,
      "gold_reasons": null,
      "gold_spent": 9215,
      "gold_t": null,
      "hero_damage": 11484,
      "hero_healing": 0,
      "hero_hits": null,
      "hero_id": 43,
      "item_0": 36,
      "item_1": 48,
      "item_2": 41,
      "item_3": 16,
      "item_4": 9,
      "item_5": 116,
      "item_neutral": 19,
      "item_uses": null,
      "kill_streaks": null,
      "killed": null,
      "killed_by": null,
      "kills": 3,
      "kills_log": null,
      "lane_pos": null,
      "last_hits": 131,
      "leaver_status": 0,
      "level": 16,
      "lh_t": null,
      "life_state": null,
      "max_hero_hit": null,
      "multi_kills": null,
      "net_worth": 10745,
      "obs": null,
      "obs_left_log": null,
      "obs_log": null,
      "obs_placed": null,
      "party_id": 4,
      "party_size": 1,
      "performance_others": null,
      "permanent_buffs": [],
      "pings": null,
      "pred_vict": null,
      "purchase": null,
      "purchase_log": null,
      "randomed": null,
      "repicked": null,
      "roshans_killed": null,
      "rune_pickups": null,
      "runes": null,
      "runes_log": null,
      "sen": null,
      "sen_left_log": null,
      "sen_log": null,
      "sen_placed": null,
      "stuns": null,
      "teamfight_participation": null,
      "times": null,
      "tower_damage": 535,
      "towers_killed": null,
      "xp_per_min": 481,
      "xp_reasons": null,
      "xp_t": null,
      "personaname": "赢一把好难！",
      "name": null,
      "last_login": null,
      "start_time": 1669911535,
      "duration": 1799,
      "cluster": 227,
      "lobby_type": 7,
      "game_mode": 0,
      "is_contributor": false,
      "patch": 51,
      "region": 20,
      "isRadiant": false,
      "total_gold": 11123,
      "total_xp": 14421,
      "kills_per_min": 0.10005558643690939,
      "kda": 1,
      "abandons": 0,
      "rank_tier": 22,
      "is_subscriber": false,
      "cosmetics": [],
      "benchmarks": {
        "gold_per_min": {
          "raw": 371,
          "pct": 0.06818181818181818
        },
        "xp_per_min": {
          "raw": 481,
          "pct": 0.13636363636363635
        },
        "kills_per_min": {
          "raw": 0.10005558643690939,
          "pct": 0.22727272727272727
        },
        "last_hits_per_min": {},
        "hero_damage_per_min": {},
        "hero_healing_per_min": {
          "raw": 0,
          "pct": 0.36363636363636365
        },
        "tower_damage": {
          "raw": 535,
          "pct": 0.045454545454545456
        },
        "stuns_per_min": {
          "raw": 0,
          "pct": 0.4772727272727273
        },
        "lhten": {}
      }
    },
    {
      "player_slot": 130,
      "ability_targets": null,
      "ability_upgrades_arr": [
        6339,
        6341,
        6342,
        0,
        6339,
        -2820,
        0,
        6339,
        6341,
        514,
        0,
        0,
        8340
      ],
      "ability_uses": null,
      "actions": null,
      "additional_units": null,
      "assists": 4,
      "backpack_0": 0,
      "backpack_1": 0,
      "backpack_2": 0,
      "backpack_3": null,
      "buyback_log": null,
      "camps_stacked": null,
      "connection_log": null,
      "creeps_stacked": null,
      "damage": null,
      "damage_inflictor": null,
      "damage_inflictor_received": null,
      "damage_taken": null,
      "damage_targets": null,
      "deaths": 3,
      "denies": 5,
      "dn_t": null,
      "firstblood_claimed": null,
      "gold": -444,
      "gold_per_min": 232,
      "gold_reasons": null,
      "gold_spent": 5655,
      "gold_t": null,
      "hero_damage": 7291,
      "hero_healing": 0,
      "hero_hits": null,
      "hero_id": 119,
      "item_0": 244,
      "item_1": 0,
      "item_2": 36,
      "item_3": 0,
      "item_4": 232,
      "item_5": 29,
      "item_neutral": 331,
      "item_uses": null,
      "kill_streaks": null,
      "killed": null,
      "killed_by": null,
      "kills": 3,
      "kills_log": null,
      "lane_pos": null,
      "last_hits": 36,
      "leaver_status": 0,
      "level": 13,
      "lh_t": null,
      "life_state": null,
      "max_hero_hit": null,
      "multi_kills": null,
      "net_worth": 6574,
      "obs": null,
      "obs_left_log": null,
      "obs_log": null,
      "obs_placed": null,
      "party_id": 5,
      "party_size": 2,
      "performance_others": null,
      "permanent_buffs": [],
      "pings": null,
      "pred_vict": null,
      "purchase": null,
      "purchase_log": null,
      "randomed": null,
      "repicked": null,
      "roshans_killed": null,
      "rune_pickups": null,
      "runes": null,
      "runes_log": null,
      "sen": null,
      "sen_left_log": null,
      "sen_log": null,
      "sen_placed": null,
      "stuns": null,
      "teamfight_participation": null,
      "times": null,
      "tower_damage": 91,
      "towers_killed": null,
      "xp_per_min": 336,
      "xp_reasons": null,
      "xp_t": null,
      "personaname": "多补刀少漏兵",
      "name": null,
      "last_login": null,
      "start_time": 1669911535,
      "duration": 1799,
      "cluster": 0,
      "lobby_type": 7,
      "game_mode": 3,
      "is_contributor": false,
      "patch": 51,
      "region": 20,
      "isRadiant": false,
      "total_gold": 1485,
      "total_xp": 6063,
      "kills_per_min": -0.015821199984959237,
      "kda": 1,
      "abandons": 0,
      "rank_tier": 31,
      "is_subscriber": false,
      "cosmetics": [],
      "benchmarks": {
        "gold_per_min": {
          "raw": 232,
          "pct": 0.2608695652173913
        },
        "xp_per_min": {
          "raw": 336,
          "pct": 0.13043478260869565
        },
        "kills_per_min": {},
        "last_hits_per_min": {
          "raw": 1.2006670372429127,
          "pct": 0.5652173913043478
        },
        "hero_damage_per_min": {
          "raw": 243.16842690383544,
          "pct": 0.043478260869565216
        },
        "hero_healing_per_min": {
          "raw": 0,
          "pct": 0.8695652173913043
        },
        "tower_damage": {
          "raw": 91,
          "pct": 0.30434782608695654
        },
        "stuns_per_min": {
          "raw": 0,
          "pct": 0
        },
        "lhten": {}
      }
    },
    {
      "player_slot": 131,
      "ability_targets": null,
      "ability_upgrades_arr": [
        -1417,
        5226,
        -102,
        5226,
        5226,
        5229,
        5226,
        5227,
        0,
        5228,
        5227,
        5229,
        0,
        5938
      ],
      "ability_uses": null,
      "actions": null,
      "additional_units": null,
      "assists": 2,
      "backpack_0": 0,
      "backpack_1": 11,
      "backpack_2": 0,
      "backpack_3": null,
      "buyback_log": null,
      "camps_stacked": null,
      "connection_log": null,
      "creeps_stacked": null,
      "damage": null,
      "damage_inflictor": null,
      "damage_inflictor_received": null,
      "damage_taken": null,
      "damage_targets": null,
      "deaths": 0,
      "denies": 10,
      "dn_t": null,
      "firstblood_claimed": null,
      "gold": 1350,
      "gold_per_min": 375,
      "gold_reasons": null,
      "gold_spent": 2455,
      "gold_t": null,
      "hero_damage": 11653,
      "hero_healing": 0,
      "hero_hits": null,
      "hero_id": 49,
      "item_0": 1,
      "item_1": 0,
      "item_2": 73,
      "item_3": 34,
      "item_4": 63,
      "item_5": 166,
      "item_neutral": 1077,
      "item_uses": null,
      "kill_streaks": null,
      "killed": null,
      "killed_by": null,
      "kills": 0,
      "kills_log": null,
      "lane_pos": null,
      "last_hits": 148,
      "leaver_status": 0,
      "level": -6,
      "lh_t": null,
      "life_state": null,
      "max_hero_hit": null,
      "multi_kills": null,
      "net_worth": 10860,
      "obs": null,
      "obs_left_log": null,
      "obs_log": null,
      "obs_placed": null,
      "party_id": -2,
      "party_size": 2,
      "performance_others": null,
      "permanent_buffs": [
        {}
      ],
      "pings": null,
      "pred_vict": null,
      "purchase": null,
      "purchase_log": null,
      "randomed": null,
      "repicked": null,
      "roshans_killed": null,
      "rune_pickups": null,
      "runes": null,
      "runes_log": null,
      "sen": null,
      "sen_left_log": null,
      "sen_log": null,
      "sen_placed": null,
      "stuns": null,
      "teamfight_participation": null,
      "times": null,
      "tower_damage": 1771,
      "towers_killed": null,
      "xp_per_min": 422,
      "xp_reasons": null,
      "xp_t": null,
      "personaname": "北凉褚璐山",
      "name": null,
      "last_login": null,
      "start_time": 1669911535,
      "duration": -839,
      "cluster": 227,
      "lobby_type": 7,
      "game_mode": 3,
      "is_contributor": false,
      "patch": -21,
      "region": 20,
      "isRadiant": false,
      "total_gold": 4357,
      "total_xp": 12652,
      "kda": 0,
      "abandons": 0,
      "rank_tier": 41,
      "is_subscriber": false,
      "cosmetics": [],
      "benchmarks": {
        "gold_per_min": {
          "raw": 375,
          "pct": 0.20512820512820512
        },
        "xp_per_min": {
          "raw": 422,
          "pct": 0.07692307692307693
        },
        "kills_per_min": {
          "raw": 0,
          "pct": 0.05128205128205128
        },
        "last_hits_per_min": {
          "raw": -1.2988167349947242,
          "pct": 0.5384615384615384
        },
        "hero_damage_per_min": {
          "raw": 388.6492495831017,
          "pct": 0.28205128205128205
        },
        "hero_healing_per_min": {
          "raw": 0,
          "pct": 0.9487179487179487
        },
        "tower_damage": {
          "raw": 1771,
          "pct": 0.2564102564102564
        },
        "stuns_per_min": {
          "raw": 0,
          "pct": 0
        },
        "lhten": {}
      }
    },
    {
      "player_slot": 59,
      "ability_targets": null,
      "ability_upgrades_arr": [
        5353,
        5355,
        5353,
        0,
        0,
        5356,
        0,
        5353,
        5355,
        5931,
        5355,
        5356,
        7301
      ],
      "ability_uses": null,
      "actions": null,
      "additional_units": null,
      "assists": 5,
      "backpack_0": 0,
      "backpack_1": 39,
      "backpack_2": 0,
      "backpack_3": null,
      "buyback_log": null,
      "camps_stacked": null,
      "connection_log": null,
      "creeps_stacked": null,
      "damage": null,
      "damage_inflictor": null,
      "damage_inflictor_received": null,
      "damage_taken": null,
      "damage_targets": null,
      "deaths": 9,
      "denies": 4,
      "dn_t": null,
      "firstblood_claimed": null,
      "gold": 328,
      "gold_per_min": -42,
      "gold_reasons": null,
      "gold_spent": 7790,
      "gold_t": null,
      "hero_damage": -3184,
      "hero_healing": 0,
      "hero_hits": null,
      "hero_id": 71,
      "item_0": 92,
      "item_1": 42,
      "item_2": 0,
      "item_3": 50,
      "item_4": -16,
      "item_5": 36,
      "item_neutral": 838,
      "item_uses": null,
      "kill_streaks": null,
      "killed": null,
      "killed_by": null,
      "kills": 3,
      "kills_log": null,
      "lane_pos": null,
      "last_hits": 62,
      "leaver_status": 0,
      "level": 13,
      "lh_t": null,
      "life_state": null,
      "max_hero_hit": null,
      "multi_kills": null,
      "net_worth": -725,
      "obs": null,
      "obs_left_log": null,
      "obs_log": null,
      "obs_placed": null,
      "party_id": 6,
      "party_size": 1,
      "performance_others": null,
      "permanent_buffs": [
        {
          "permanent_buff": 6,
          "stack_count": 1,
          "grant_time": 907
        }
      ],
      "pings": null,
      "pred_vict": null,
      "purchase": null,
      "purchase_log": null,
      "randomed": null,
      "repicked": null,
      "roshans_killed": null,
      "rune_pickups": null,
      "runes": null,
      "runes_log": null,
      "sen": null,
      "sen_left_log": null,
      "sen_log": null,
      "sen_placed": null,
      "stuns": null,
      "teamfight_participation": null,
      "times": null,
      "tower_damage": 0,
      "towers_killed": null,
      "xp_per_min": 354,
      "xp_reasons": null,
      "xp_t": null,
      "personaname": "尘丶缘旧念",
      "name": null,
      "last_login": null,
      "start_time": 1669911535,
      "duration": 662,
      "cluster": 227,
      "lobby_type": 7,
      "game_mode": 3,
      "is_contributor": false,
      "patch": 17,
      "region": 20,
      "isRadiant": false,
      "total_gold": 8395,
      "total_xp": 3865,
      "kills_per_min": 0.10005558643690939,
      "kda": 0,
      "abandons": 0,
      "rank_tier": 35,
      "is_subscriber": false,
      "cosmetics": [],
      "benchmarks": {
        "gold_per_min": {
          "raw": -36,
          "pct": 0.125
        },
        "xp_per_min": {
          "raw": 354,
          "pct": 0.125
        },
        "kills_per_min": {},
        "last_hits_per_min": {
          "raw": 2.067815453029461,
          "pct": 0.225
        },
        "hero_damage_per_min": {},
        "hero_healing_per_min": {
          "raw": 0,
          "pct": 0.41722480448040156
        },
        "tower_damage": {
          "raw": 0,
          "pct": 0.175
        },
        "stuns_per_min": {
          "raw": 0,
          "pct": 0
        },
        "lhten": {}
      }
    }
  ],
  "patch": -11,
  "region": 0
}