{
  "chat": null,
  "cluster": 183,
  "cosmetics": null,
  "dire_score": 17,
  "dire_team_id": null,
  "draft_timings": null,
  "duration": 1458,
  "engine": 1,
  "first_blood_time": 87,
  "game_mode": 23,
  "human_players": 0,
  "leagueid": 0,
  "lobby_type": 0,
  "match_seq_num": 5780354603,
  "negative_votes": 0,
  "objectives": null,
  "picks_bans": null,
  "positive_votes": 0,
  "radiant_gold_adv": null,
  "radiant_score": -20,
  "radiant_team_id": null,
  "radiant_xp_adv": null,
  "skill": null,
  "start_time": -570671100,
  "teamfights": null,
  "version": null,
  "replay_salt": 800373270,
  "series_id": 0,
  "series_type": 0,
  "players": [
    {
      "player_slot": 0,
      "ability_targets": null,
      "ability_upgrades_arr": [
        5024,
        5025,
        5025,
        5024,
        -2140,
        5026,
        5025,
        5025,
        5024,
        706,
        5024,
        5026,
        0,
        5023,
        0,
        5023,
        5026,
        6425
      ],
      "ability_uses": null,
      "actions": null,
      "additional_units": null,
      "assists": 14,
      "backpack_0": 0,
      "backpack_1": 0,
      "backpack_2": 0,
      "backpack_3": null,
      "buyback_log": null,
      "camps_stacked": null,
      "connection_log": null,
      "creeps_stacked": null,
      "damage": null,
      "damage_inflictor": null,
      "damage_inflictor_received": null,
      "damage_taken": null,
      "damage_targets": null,
      "deaths": 8,
      "denies": 2,
      "dn_t": null,
      "firstblood_claimed": null,
      "gold": 1923,
      "gold_per_min": 938,
      "gold_reasons": null,
      "gold_spent": 22245,
      "gold_t": null,
      "hero_damage": -5058,
      "hero_healing": 0,
      "hero_hits": null,
      "hero_id": 2,
      "item_0": 0,
      "item_1": 220,
      "item_2": 1,
      "item_3": 108,
      "item_4": 141,
      "item_5": 116,
      "item_neutral": 0,
      "item_uses": null,
      "kill_streaks": null,
      "killed": null,
      "killed_by": null,
      "kills": 0,
      "kills_log": null,
      "lane_pos": null,
      "last_hits": 34,
      "leaver_status": 0,
      "level": 25,
      "lh_t": null,
      "life_state": null,
      "max_hero_hit": null,
      "multi_kills": null,
      "net_worth": 10061,
      "obs": null,
      "obs_left_log": null,
      "obs_log": null,
      "obs_placed": null,
      "party_id": 0,
      "party_size": 1,
      "performance_others": null,
      "permanent_buffs": [],
      "pings": null,
      "pred_vict": null,
      "purchase": null,
      "purchase_log": null,
      "randomed": null,
      "repicked": null,
      "roshans_killed": null,
      "rune_pickups": null,
      "runes": null,
      "runes_log": null,
      "sen": null,
      "sen_left_log": null,
      "sen_log": null,
      "sen_placed": null,
      "stuns": null,
      "teamfight_participation": null,
      "times": null,
      "tower_damage": 2539,
      "towers_killed": null,
      "xp_per_min": 1461,
      "xp_reasons": null,
      "xp_t": null,
      "start_time": 1669912754,
      "duration": 1458,
      "cluster": 183,
      "lobby_type": 0,
      "game_mode": 23,
      "is_contributor": false,
      "patch": 51,
      "region": 8,
      "isRadiant": true,
      "total_gold": 14654,
      "total_xp": 35502,
      "kills_per_min": 0.45267489711934156,
      "kda": 2,
      "abandons": 0,
      "rank_tier": null,
      "is_subscriber": false,
      "cosmetics": [],
      "benchmarks": {
        "gold_per_min": {
          "raw": 938,
          "pct": 1
        },
        "xp_per_min": {
          "raw": -510,
          "pct": 1
        },
        "kills_per_min": {},
        "last_hits_per_min": {
          "raw": 1.3991769547325104,
          "pct": 0.23333333333333334
        },
        "hero_damage_per_min": {
          "raw": 760.9876543209876,
          "pct": 0.8666666666666667
        },
        "hero_healing_per_min": {},
        "tower_damage": {
          "raw": 2539,
          "pct": 0.8333333333333334
        },
        "stuns_per_min": {
          "raw": 0,
          "pct": 0
        },
        "lhten": {}
      }
    },
    {
      "player_slot": 0,
      "ability_targets": null,
      "ability_upgrades_arr": [
        5044,
        0,
        5044,
        0,
        5044,
        5047,
        5044,
        5045,
        5046,
        -982,
        0,
        5047,
        5045,
        2227,
        228,
        5045,
        5047,
        541,
        6678,
        465,
        777
      ],
      "ability_uses": null,
      "actions": null,
      "additional_units": null,
      "assists": 10,
      "backpack_0": 0,
      "backpack_1": 0,
      "backpack_2": 0,
      "backpack_3": null,
      "buyback_log": null,
      "camps_stacked": null,
      "connection_log": null,
      "creeps_stacked": null,
      "damage": null,
      "damage_inflictor": null,
      "damage_inflictor_received": null,
      "damage_taken": null,
      "damage_targets": null,
      "deaths": 2,
      "denies": 4,
      "dn_t": null,
      "firstblood_claimed": null,
      "gold": 1072,
      "gold_per_min": 902,
      "gold_reasons": null,
      "gold_spent": 21555,
      "gold_t": null,
      "hero_damage": 15851,
      "hero_healing": 0,
      "hero_hits": null,
      "hero_id": 26,
      "item_0": 235,
      "item_1": 176,
      "item_2": 108,
      "item_3": 214,
      "item_4": 0,
      "item_5": 249,
      "item_neutral": 840,
      "item_uses": null,
      "kill_streaks": null,
      "killed": null,
      "killed_by": null,
      "kills": 8,
      "kills_log": null,
      "lane_pos": null,
      "last_hits": 0,
      "leaver_status": 0,
      "level": 28,
      "lh_t": null,
      "life_state": null,
      "max_hero_hit": null,
      "multi_kills": null,
      "net_worth": 21672,
      "obs": null,
      "obs_left_log": null,
      "obs_log": null,
      "obs_placed": null,
      "party_id": 1,
      "party_size": 1,
      "performance_others": null,
      "permanent_buffs": [
        {
          "permanent_buff": 6,
          "stack_count": 1,
          "grant_time": 1603
        },
        {
          "permanent_buff": 7,
          "stack_count": 7,
          "grant_time": 340
        }
      ],
      "pings": null,
      "pred_vict": null,
      "purchase": null,
      "purchase_log": null,
      "randomed": null,
      "repicked": null,
      "roshans_killed": null,
      "rune_pickups": null,
      "runes": null,
      "runes_log": null,
      "sen": null,
      "sen_left_log": null,
      "sen_log": null,
      "sen_placed": null,
      "stuns": null,
      "teamfight_participation": null,
      "times": null,
      "tower_damage": 829,
      "towers_killed": null,
      "xp_per_min": 1811,
      "xp_reasons": null,
      "xp_t": null,
      "start_time": 1669912754,
      "duration": 1458,
      "cluster": 183,
      "lobby_type": 0,
      "game_mode": 23,
      "is_contributor": false,
      "patch": 51,
      "region": 8,
      "isRadiant": true,
      "total_gold": 12660,
      "total_xp": 44007,
      "kills_per_min": 0.3292181069958848,
      "kda": 6,
      "abandons": 0,
      "rank_tier": null,
      "is_subscriber": false,
      "cosmetics": [],
      "benchmarks": {
        "gold_per_min": {
          "raw": 902,
          "pct": 0
        },
        "xp_per_min": {
          "raw": 1811,
          "pct": 1
        },
        "kills_per_min": {
          "raw": 0.3292181069958848,
          "pct": -0.33093030762611936
        },
        "last_hits_per_min": {
          "raw": 1.6049382716049383,
          "pct": 0.8125
        },
        "hero_damage_per_min": {
          "raw": 652.3045267489712,
          "pct": 0.4057592153086002
        },
        "hero_healing_per_min": {},
        "tower_damage": {
          "raw": 829,
          "pct": 0.9375
        },
        "stuns_per_min": {
          "raw": 0,
          "pct": 0
        },
        "lhten": {}
      }
    },
    {
      "player_slot": 2,
      "ability_targets": null,
      "ability_upgrades_arr": [
        5260,
        0,
        5260,
        5261,
        5260,
        5262,
        5260,
        5259,
        5259,
        5259,
        0,
        6104,
        5261,
        5261,
        495,
        0,
        2563,
        617,
        6620
      ],
      "ability_uses": null,
      "actions": null,
      "additional_units": null,
      "assists": 12,
      "backpack_0": 0,
      "backpack_1": 0,
      "backpack_2": 0,
      "backpack_3": null,
      "buyback_log": null,
      "camps_stacked": null,
      "connection_log": null,
      "creeps_stacked": null,
      "damage": null,
      "damage_inflictor": null,
      "damage_inflictor_received": null,
      "damage_taken": null,
      "damage_targets": null,
      "deaths": 3,
      "denies": 6,
      "dn_t": null,
      "firstblood_claimed": null,
      "gold": 3750,
      "gold_per_min": 1066,
      "gold_reasons": null,
      "gold_spent": 23105,
      "gold_t": null,
      "hero_damage": 13906,
      "hero_healing": 0,
      "hero_hits": null,
      "hero_id": 56,
      "item_0": 1466,
      "item_1": 0,
      "item_2": 26,
      "item_3": 48,
      "item_4": 70,
      "item_5": 247,
      "item_neutral": 571,
      "item_uses": null,
      "kill_streaks": null,
      "killed": null,
      "killed_by": null,
      "kills": 2,
      "kills_log": null,
      "lane_pos": null,
      "last_hits": 122,
      "leaver_status": 0,
      "level": 25,
      "lh_t": null,
      "life_state": null,
      "max_hero_hit": null,
      "multi_kills": null,
      "net_worth": 24700,
      "obs": null,
      "obs_left_log": null,
      "obs_log": null,
      "obs_placed": null,
      "party_id": 2,
      "party_size": 0,
      "performance_others": null,
      "permanent_buffs": [
        {
          "permanent_buff": 0,
          "stack_count": 0,
          "grant_time": 932
        }
      ],
      "pings": null,
      "pred_vict": null,
      "purchase": null,
      "purchase_log": null,
      "randomed": null,
      "repicked": null,
      "roshans_killed": null,
      "rune_pickups": null,
      "runes": null,
      "runes_log": null,
      "sen": null,
      "sen_left_log": null,
      "sen_log": null,
      "sen_placed": null,
      "stuns": null,
      "teamfight_participation": null,
      "times": null,
      "tower_damage": 8235,
      "towers_killed": null,
      "xp_per_min": 1480,
      "xp_reasons": null,
      "xp_t": null,
      "start_time": 420433064,
      "duration": 1458,
      "cluster": -10,
      "lobby_type": 0,
      "game_mode": 23,
      "is_contributor": false,
      "patch": 51,
      "region": 8,
      "isRadiant": true,
      "total_gold": 17497,
      "total_xp": 35964,
      "kills_per_min": 0.0823045267489712,
      "kda": 0,
      "abandons": 0,
      "rank_tier": null,
      "is_subscriber": false,
      "cosmetics": [],
      "benchmarks": {
        "gold_per_min": {
          "raw": 1066,
          "pct": 1
        },
        "xp_per_min": {
          "raw": 1480,
          "pct": 1
        },
        "kills_per_min": {
          "raw": 0.0823045267489712,
          "pct": 0.1111111111111111
        },
        "last_hits_per_min": {},
        "hero_damage_per_min": {
          "raw": 572.2633744855967,
          "pct": 0.1111111111111111
        },
        "hero_healing_per_min": {
          "raw": 0,
          "pct": 1
        },
        "tower_damage": {
          "raw": 8235,
          "pct": 0.4444444444444444
        },
        "stuns_per_min": {
          "raw": 0,
          "pct": 0.1111111111111111
        },
        "lhten": {}
      }
    },
    {
      "player_slot": 0,
      "ability_targets": null,
      "ability_upgrades_arr": [
        5516,
        5514,
        5516,
        5514,
        5516,
        5517,
        5516,
        5514,
        5514,
        5918,
        5515,
        5517,
        5515,
        5515,
        6145,
        5515,
        5517,
        6616,
        6322,
        5910,
        -1225,
        453
      ],
      "ability_uses": null,
      "actions": null,
      "additional_units": null,
      "assists": 22,
      "backpack_0": 0,
      "backpack_1": 0,
      "backpack_2": 0,
      "backpack_3": null,
      "buyback_log": null,
      "camps_stacked": null,
      "connection_log": null,
      "creeps_stacked": null,
      "damage": null,
      "damage_inflictor": null,
      "damage_inflictor_received": null,
      "damage_taken": null,
      "damage_targets": null,
      "deaths": 0,
      "denies": 0,
      "dn_t": null,
      "firstblood_claimed": null,
      "gold": 1973,
      "gold_per_min": 1094,
      "gold_reasons": null,
      "gold_spent": 21560,
      "gold_t": null,
      "hero_damage": 31617,
      "hero_healing": 0,
      "hero_hits": null,
      "hero_id": 96,
      "item_0": 63,
      "item_1": 0,
      "item_2": 127,
      "item_3": 114,
      "item_4": 242,
      "item_5": 114,
      "item_neutral": 1076,
      "item_uses": null,
      "kill_streaks": null,
      "killed": null,
      "killed_by": null,
      "kills": 7,
      "kills_log": null,
      "lane_pos": null,
      "last_hits": 0,
      "leaver_status": 0,
      "level": 29,
      "lh_t": null,
      "life_state": null,
      "max_hero_hit": null,
      "multi_kills": null,
      "net_worth": 26667,
      "obs": null,
      "obs_left_log": null,
      "obs_log": null,
      "obs_placed": null,
      "party_id": 3,
      "party_size": 1,
      "performance_others": null,
      "permanent_buffs": [
        {
          "permanent_buff": 6,
          "stack_count": 1,
          "grant_time": 831
        },
        {
          "permanent_buff": 12,
          "stack_count": 0,
          "grant_time": 1526
        }
      ],
      "pings": null,
      "pred_vict": null,
      "purchase": null,
      "purchase_log": null,
      "randomed": null,
      "repicked": null,
      "roshans_killed": null,
      "rune_pickups": null,
      "runes": null,
      "runes_log": null,
      "sen": null,
      "sen_left_log": null,
      "sen_log": null,
      "sen_placed": null,
      "stuns": null,
      "teamfight_participation": null,
      "times": null,
      "tower_damage": 7646,
      "towers_killed": null,
      "xp_per_min": 14,
      "xp_reasons": null,
      "xp_t": null,
      "start_time": 1669912754,
      "duration": 1458,
      "cluster": 183,
      "lobby_type": 0,
      "game_mode": 23,
      "is_contributor": false,
      "patch": 51,
      "region": 8,
      "isRadiant": true,
      "total_gold": 13026,
      "total_xp": 2045,
      "kills_per_min": 0.28806584362139914,
      "kda": 4,
      "abandons": 0,
      "rank_tier": null,
      "is_subscriber": false,
      "cosmetics": [],
      "benchmarks": {
        "gold_per_min": {
          "raw": 1094,
          "pct": 1
        },
        "xp_per_min": {
          "raw": 1754,
          "pct": 1
        },
        "kills_per_min": {
          "raw": 0.2880658436213992,
          "pct": 0.9393939393939394
        },
        "last_hits_per_min": {
          "raw": 2.3045267489711936,
          "pct": 0.06060606060606061
        },
        "hero_damage_per_min": {
          "raw": 1301.1111111111113,
          "pct": 1
        },
        "hero_healing_per_min": {
          "raw": 0,
          "pct": 0.9696969696969697
        },
        "tower_damage": {
          "raw": 7646,
          "pct": 1
        },
        "stuns_per_min": {
          "raw": 0,
          "pct": 0
        },
        "lhten": {}
      }
    },
    {
      "player_slot": 4,
      "ability_targets": null,
      "ability_upgrades_arr": [
        5250,
        62,
        5249,
        5250,
        631,
        5252,
        631,
        5250,
        2224,
        6676,
        631,
        5252,
        5249,
        5249,
        6009,
        5249,
        0,
        0,
        6173,
        1033,
        6423,
        1034,
        0
      ],
      "ability_uses": null,
      "actions": null,
      "additional_units": null,
      "assists": 9,
      "backpack_0": 0,
      "backpack_1": 0,
      "backpack_2": 0,
      "backpack_3": null,
      "buyback_log": null,
      "camps_stacked": null,
      "connection_log": null,
      "creeps_stacked": null,
      "damage": null,
      "damage_inflictor": null,
      "damage_inflictor_received": null,
      "damage_taken": null,
      "damage_targets": null,
      "deaths": 0,
      "denies": 3,
      "dn_t": null,
      "firstblood_claimed": null,
      "gold": 3312,
      "gold_per_min": 1573,
      "gold_reasons": null,
      "gold_spent": 37830,
      "gold_t": null,
      "hero_damage": 24324,
      "hero_healing": 0,
      "hero_hits": null,
      "hero_id": 54,
      "item_0": 158,
      "item_1": 208,
      "item_2": 0,
      "item_3": 154,
      "item_4": 168,
      "item_5": 22,
      "item_neutral": 638,
      "item_uses": null,
      "kill_streaks": null,
      "killed": null,
      "killed_by": null,
      "kills": 19,
      "kills_log": null,
      "lane_pos": null,
      "last_hits": 152,
      "leaver_status": 0,
      "level": 30,
      "lh_t": null,
      "life_state": null,
      "max_hero_hit": null,
      "multi_kills": null,
      "net_worth": -17032,
      "obs": null,
      "obs_left_log": null,
      "obs_log": null,
      "obs_placed": null,
      "party_id": 4,
      "party_size": 1,
      "performance_others": null,
      "permanent_buffs": [
        {
          "permanent_buff": 2,
          "stack_count": 0,
          "grant_time": 1382
        }
      ],
      "pings": null,
      "pred_vict": null,
      "purchase": null,
      "purchase_log": null,
      "randomed": null,
      "repicked": null,
      "roshans_killed": null,
      "rune_pickups": null,
      "runes": null,
      "runes_log": null,
      "sen": null,
      "sen_left_log": null,
      "sen_log": null,
      "sen_placed": null,
      "stuns": null,
      "teamfight_participation": null,
      "times": null,
      "tower_damage": 9675,
      "towers_killed": null,
      "xp_per_min": 1962,
      "xp_reasons": null,
      "xp_t": null,
      "start_time": 1669912754,
      "duration": 1458,
      "cluster": 183,
      "lobby_type": 0,
      "game_mode": 23,
      "is_contributor": false,
      "patch": 51,
      "region": 8,
      "isRadiant": true,
      "total_gold": 23993,
      "total_xp": 26893,
      "kills_per_min": 0.7818930041152263,
      "kda": 28,
      "abandons": 0,
      "rank_tier": null,
      "is_subscriber": false,
      "cosmetics": [],
      "benchmarks": {
        "gold_per_min": {
          "raw": -40,
          "pct": 0
        },
        "xp_per_min": {
          "raw": 1962,
          "pct": 1
        },
        "kills_per_min": {
          "raw": 0.7818930041152263,
          "pct": 1
        },
        "last_hits_per_min": {
          "raw": 6.255144032921811,
          "pct": 0.22580645161290322
        },
        "hero_damage_per_min": {
          "raw": 1000.9876543209875,
          "pct": 0.8387096774193549
        },
        "hero_healing_per_min": {},
        "tower_damage": {
          "raw": 9675,
          "pct": 0.6451612903225806
        },
        "stuns_per_min": {
          "raw": 0,
          "pct": 0.3225806451612903
        },
        "lhten": {}
      }
    },
    {
      "player_slot": 128,
      "ability_targets": null,
      "ability_upgrades_arr": [
        78,
        5076,
        5076,
        0,
        5076,
        5077,
        5076,
        5074,
        5074,
        5074,
        7142,
        5077,
        5075,
        5075,
        6565,
        -2320,
        5077,
        408,
        -1934
      ],
      "ability_uses": null,
      "actions": null,
      "additional_units": null,
      "assists": -1,
      "backpack_0": 21,
      "backpack_1": 8,
      "backpack_2": 0,
      "backpack_3": null,
      "buyback_log": null,
      "camps_stacked": null,
      "connection_log": null,
      "creeps_stacked": null,
      "damage": null,
      "damage_inflictor": null,
      "damage_inflictor_received": null,
      "damage_taken": null,
      "damage_targets": null,
      "deaths": 10,
      "denies": 0,
      "dn_t": null,
      "firstblood_claimed": null,
      "gold": 875,
      "gold_per_min": 148,
      "gold_reasons": null,
      "gold_spent": 16345,
      "gold_t": null,
      "hero_damage": 14252,
      "hero_healing": 0,
      "hero_hits": null,
      "hero_id": 14,
      "item_0": 1,
      "item_1": 50,
      "item_2": 108,
      "item_3": 73,
      "item_4": 232,
      "item_5": 125,
      "item_neutral": 358,
      "item_uses": null,
      "kill_streaks": null,
      "killed": null,
      "killed_by": null,
      "kills": 4,
      "kills_log": null,
      "lane_pos": null,
      "last_hits": 81,
      "leaver_status": 0,
      "level": 0,
      "lh_t": null,
      "life_state": null,
      "max_hero_hit": null,
      "multi_kills": null,
      "net_worth": 16030,
      "obs": null,
      "obs_left_log": null,
      "obs_log": null,
      "obs_placed": null,
      "party_id": 0,
      "party_size": 1,
      "performance_others": null,
      "permanent_buffs": [
        {
          "permanent_buff": 4,
          "stack_count": 5,
          "grant_time": 355
        }
      ],
      "pings": null,
      "pred_vict": null,
      "purchase": null,
      "purchase_log": null,
      "randomed": null,
      "repicked": null,
      "roshans_killed": null,
      "rune_pickups": null,
      "runes": null,
      "runes_log": null,
      "sen": null,
      "sen_left_log": null,
      "sen_log": null,
      "sen_placed": null,
      "stuns": null,
      "teamfight_participation": null,
      "times": null,
      "tower_damage": 0,
      "towers_killed": null,
      "xp_per_min": 1606,
      "xp_reasons": null,
      "xp_t": null,
      "personaname": "Antares",
      "name": null,
      "last_login": "2023-02-17T13:46:47.280Z",
      "start_time": 1669912754,
      "duration": 1458,
      "cluster": 183,
      "lobby_type": 0,
      "game_mode": 23,
      "is_contributor": false,
      "patch": 3,
      "region": 8,
      "isRadiant": false,
      "total_gold": 6316,
      "total_xp": 33507,
      "kills_per_min": 0.1646090534979424,
      "kda": 0,
      "abandons": 0,
      "rank_tier": 13,
      "is_subscriber": false,
      "cosmetics": [],
      "benchmarks": {
        "gold_per_min": {
          "raw": 673,
          "pct": 0.9464285714285714
        },
        "xp_per_min": {
          "raw": 1606,
          "pct": 0
        },
        "kills_per_min": {
          "raw": 0.1646090534979424,
          "pct": 0.42857142857142855
        },
        "last_hits_per_min": {
          "raw": 3.333333333333333,
          "pct": 0.4642857142857143
        },
        "hero_damage_per_min": {
          "raw": 586.5020576131687,
          "pct": 0.5892857142857143
        },
        "hero_healing_per_min": {
          "raw": 0,
          "pct": 0.6428571428571429
        },
        "tower_damage": {
          "raw": 0,
          "pct": 0.30357142857142855
        },
        "stuns_per_min": {
          "raw": 0,
          "pct": 0
        },
        "lhten": {}
      }
    },
    {
      "player_slot": 129,
      "ability_targets": null,
      "ability_upgrades_arr": [],
      "ability_uses": null,
      "actions": null,
      "additional_units": null,
      "assists": 8,
      "backpack_0": 0,
      "backpack_1": 0,
      "backpack_2": 0,
      "backpack_3": null,
      "buyback_log": null,
      "camps_stacked": null,
      "connection_log": null,
      "creeps_stacked": null,
      "damage": null,
      "damage_inflictor": null,
      "damage_inflictor_received": null,
      "damage_taken": null,
      "damage_targets": null,
      "deaths": 10,
      "denies": 0,
      "dn_t": null,
      "firstblood_claimed": null,
      "gold": 2392,
      "gold_per_min": 612,
      "gold_reasons": null,
      "gold_spent": 13860,
      "gold_t": null,
      "hero_damage": 8107,
      "hero_healing": 1149,
      "hero_hits": null,
      "hero_id": 110,
      "item_0": 0,
      "item_1": 119,
      "item_2": 16,
      "item_3": 29,
      "item_4": 210,
      "item_5": 36,
      "item_neutral": 577,
      "item_uses": null,
      "kill_streaks": null,
      "killed": null,
      "killed_by": null,
      "kills": 0,
      "kills_log": null,
      "lane_pos": null,
      "last_hits": 18,
      "leaver_status": 0,
      "level": -11,
      "lh_t": null,
      "life_state": null,
      "max_hero_hit": null,
      "multi_kills": null,
      "net_worth": 14147,
      "obs": null,
      "obs_left_log": null,
      "obs_log": null,
      "obs_placed": null,
      "party_id": 6,
      "party_size": 0,
      "performance_others": null,
      "permanent_buffs": [],
      "pings": null,
      "pred_vict": null,
      "purchase": null,
      "purchase_log": null,
      "randomed": null,
      "repicked": null,
      "roshans_killed": null,
      "rune_pickups": null,
      "runes": null,
      "runes_log": null,
      "sen": null,
      "sen_left_log": null,
      "sen_log": null,
      "sen_placed": null,
      "stuns": null,
      "teamfight_participation": null,
      "times": null,
      "tower_damage": 0,
      "towers_killed": null,
      "xp_per_min": 393,
      "xp_reasons": null,
      "xp_t": null,
      "personaname": "кубик рубик уебан",
      "name": null,
      "last_login": null,
      "start_time": 1669912754,
      "duration": 1458,
      "cluster": -38,
      "lobby_type": 0,
      "game_mode": 5,
      "is_contributor": false,
      "patch": -13,
      "region": 8,
      "isRadiant": false,
      "total_gold": 14871,
      "total_xp": 38650,
      "kills_per_min": 0.12345679012345678,
      "kda": 1,
      "abandons": 0,
      "rank_tier": 12,
      "is_subscriber": false,
      "cosmetics": [],
      "benchmarks": {
        "gold_per_min": {
          "raw": 612,
          "pct": 1
        },
        "xp_per_min": {
          "raw": 1606,
          "pct": 1
        },
        "kills_per_min": {
          "raw": 0.1234567901234568,
          "pct": 0.5454545454545454
        },
        "last_hits_per_min": {
          "raw": -0.10138153175363147,
          "pct": 0.045454545454545456
        },
        "hero_damage_per_min": {
          "raw": 828.395061728395,
          "pct": 0.9090909090909091
        },
        "hero_healing_per_min": {
          "raw": 47.28395061728395,
          "pct": 0.2727272727272727
        },
        "tower_damage": {},
        "stuns_per_min": {
          "raw": 0,
          "pct": 0.04434741485078166
        },
        "lhten": {}
      }
    },
    {
      "player_slot": 130,
      "ability_targets": null,
      "ability_upgrades_arr": [
        5065,
        5068,
        5066,
        5068,
        5068,
        5067,
        5066,
        5068,
        5066,
        6400,
        5066,
        5067,
        5065,
        5065,
        0,
        5065,
        0,
        6146
      ],
      "ability_uses": null,
      "actions": null,
      "additional_units": null,
      "assists": 5,
      "backpack_0": 36,
      "backpack_1": 0,
      "backpack_2": 0,
      "backpack_3": null,
      "buyback_log": null,
      "camps_stacked": null,
      "connection_log": null,
      "creeps_stacked": null,
      "damage": null,
      "damage_inflictor": null,
      "damage_inflictor_received": null,
      "damage_taken": null,
      "damage_targets": null,
      "deaths": 13,
      "denies": 3,
      "dn_t": null,
      "firstblood_claimed": null,
      "gold": 92,
      "gold_per_min": 604,
      "gold_reasons": null,
      "gold_spent": 15360,
      "gold_t": null,
      "hero_damage": 12764,
      "hero_healing": 0,
      "hero_hits": null,
      "hero_id": 0,
      "item_0": 174,
      "item_1": 2,
      "item_2": 0,
      "item_3": 75,
      "item_4": 63,
      "item_5": 0,
      "item_neutral": 574,
      "item_uses": null,
      "kill_streaks": null,
      "killed": null,
      "killed_by": null,
      "kills": 0,
      "kills_log": null,
      "lane_pos": null,
      "last_hits": 72,
      "leaver_status": 0,
      "level": 24,
      "lh_t": null,
      "life_state": null,
      "max_hero_hit": null,
      "multi_kills": null,
      "net_worth": -5972,
      "obs": null,
      "obs_left_log": null,
      "obs_log": null,
      "obs_placed": null,
      "party_id": 7,
      "party_size": 1,
      "performance_others": null,
      "permanent_buffs": [
        {
          "permanent_buff": 6,
          "stack_count": 1,
          "grant_time": 102
        }
      ],
      "pings": null,
      "pred_vict": null,
      "purchase": null,
      "purchase_log": null,
      "randomed": null,
      "repicked": null,
      "roshans_killed": null,
      "rune_pickups": null,
      "runes": null,
      "runes_log": null,
      "sen": null,
      "sen_left_log": null,
      "sen_log": null,
      "sen_placed": null,
      "stuns": null,
      "teamfight_participation": null,
      "times": null,
      "tower_damage": 1763,
      "towers_killed": null,
      "xp_per_min": 1366,
      "xp_reasons": null,
      "xp_t": null,
      "start_time": 1669912754,
      "duration": 1458,
      "cluster": 183,
      "lobby_type": 0,
      "game_mode": 23,
      "is_contributor": false,
      "patch": 51,
      "region": 8,
      "isRadiant": false,
      "total_gold": 14677,
      "total_xp": 27946,
      "kills_per_min": 0.011206127070596457,
      "kda": 0,
      "abandons": 0,
      "rank_tier": null,
      "is_subscriber": false,
      "cosmetics": [],
      "benchmarks": {
        "gold_per_min": {
          "raw": 604,
          "pct": 0.25
        },
        "xp_per_min": {
          "raw": 1366,
          "pct": 1
        },
        "kills_per_min": {
          "raw": 0.0411522633744856,
          "pct": 0
        },
        "last_hits_per_min": {
          "raw": 2.962962962962963,
          "pct": 0
        },
        "hero_damage_per_min": {
          "raw": 525.2674897119342,
          "pct": 0.375
        },
        "hero_healing_per_min": {
          "raw": 0,
          "pct": 1
        },
        "tower_damage": {
          "raw": 1763,
          "pct": 0.5
        },
        "stuns_per_min": {
          "raw": 0,
          "pct": 0.625
        },
        "lhten": {}
      }
    },
    {
      "player_slot": 131,
      "ability_targets": null,
      "ability_upgrades_arr": [
        5154,
        5155,
        5154,
        0,
        5154,
        5157,
        231,
        5156,
        5156,
        5154,
        928,
        5157,
        7396,
        5155,
        1531,
        5155,
        5157,
        6305,
        6198
      ],
      "ability_uses": null,
      "actions": null,
      "additional_units": null,
      "assists": 5,
      "backpack_0": 38,
      "backpack_1": 0,
      "backpack_2": 0,
      "backpack_3": null,
      "buyback_log": null,
      "camps_stacked": null,
      "connection_log": null,
      "creeps_stacked": null,
      "damage": null,
      "damage_inflictor": null,
      "damage_inflictor_received": null,
      "damage_taken": null,
      "damage_targets": null,
      "deaths": 5,
      "denies": 8,
      "dn_t": null,
      "firstblood_claimed": null,
      "gold": 1242,
      "gold_per_min": 1160,
      "gold_reasons": null,
      "gold_spent": 0,
      "gold_t": null,
      "hero_damage": 40693,
      "hero_healing": 0,
      "hero_hits": null,
      "hero_id": 35,
      "item_0": 48,
      "item_1": 141,
      "item_2": -26,
      "item_3": 47,
      "item_4": 135,
      "item_5": 534,
      "item_neutral": 212,
      "item_uses": null,
      "kill_streaks": null,
      "killed": null,
      "killed_by": null,
      "kills": 7,
      "kills_log": null,
      "lane_pos": null,
      "last_hits": 99,
      "leaver_status": 0,
      "level": 0,
      "lh_t": null,
      "life_state": null,
      "max_hero_hit": null,
      "multi_kills": null,
      "net_worth": 28017,
      "obs": null,
      "obs_left_log": null,
      "obs_log": null,
      "obs_placed": null,
      "party_id": 8,
      "party_size": 1,
      "performance_others": null,
      "permanent_buffs": [
        {
          "permanent_buff": 1,
          "stack_count": 0,
          "grant_time": 209
        }
      ],
      "pings": null,
      "pred_vict": null,
      "purchase": null,
      "purchase_log": null,
      "randomed": null,
      "repicked": null,
      "roshans_killed": null,
      "rune_pickups": null,
      "runes": null,
      "runes_log": null,
      "sen": null,
      "sen_left_log": null,
      "sen_log": null,
      "sen_placed": null,
      "stuns": null,
      "teamfight_participation": null,
      "times": null,
      "tower_damage": 1117,
      "towers_killed": null,
      "xp_per_min": 1642,
      "xp_reasons": null,
      "xp_t": null,
      "start_time": 1669912754,
      "duration": 1458,
      "cluster": 183,
      "lobby_type": 0,
      "game_mode": 23,
      "is_contributor": false,
      "patch": 51,
      "region": 8,
      "isRadiant": false,
      "total_gold": 28188,
      "total_xp": 39900,
      "kills_per_min": 0.28806584362139914,
      "kda": 2,
      "abandons": 0,
      "rank_tier": null,
      "is_subscriber": false,
      "cosmetics": [],
      "benchmarks": {}
    },
    {
      "player_slot": 132,
      "ability_targets": null,
      "ability_upgrades_arr": [
        6339,
        6341,
        1092,
        6342,
        -159,
        8340,
        6341,
        6339,
        6339,
        6339,
        514,
        8340,
        6342,
        6342,
        6342,
        7655,
        8340,
        6464,
        6037,
        515
      ],
      "ability_uses": null,
      "actions": null,
      "additional_units": null,
      "assists": -2,
      "backpack_0": 57,
      "backpack_1": 216,
      "backpack_2": 0,
      "backpack_3": null,
      "buyback_log": null,
      "camps_stacked": null,
      "connection_log": null,
      "creeps_stacked": null,
      "damage": null,
      "damage_inflictor": null,
      "damage_inflictor_received": null,
      "damage_taken": null,
      "damage_targets": null,
      "deaths": 9,
      "denies": 2,
      "dn_t": null,
      "firstblood_claimed": null,
      "gold": 142,
      "gold_per_min": 671,
      "gold_reasons": null,
      "gold_spent": 13840,
      "gold_t": null,
      "hero_damage": 13241,
      "hero_healing": 0,
      "hero_hits": null,
      "hero_id": 119,
      "item_0": 40,
      "item_1": 100,
      "item_2": 180,
      "item_3": 218,
      "item_4": 59,
      "item_5": 36,
      "item_neutral": 1076,
      "item_uses": null,
      "kill_streaks": null,
      "killed": null,
      "killed_by": null,
      "kills": 2,
      "kills_log": null,
      "lane_pos": null,
      "last_hits": 47,
      "leaver_status": 0,
      "level": -8,
      "lh_t": null,
      "life_state": null,
      "max_hero_hit": null,
      "multi_kills": null,
      "net_worth": -6017,
      "obs": null,
      "obs_left_log": null,
      "obs_log": null,
      "obs_placed": null,
      "party_id": 9,
      "party_size": 1,
      "performance_others": null,
      "permanent_buffs": [
        {},
        {
          "permanent_buff": 0,
          "stack_count": 0,
          "grant_time": 964
        }
      ],
      "pings": null,
      "pred_vict": null,
      "purchase": null,
      "purchase_log": null,
      "randomed": null,
      "repicked": null,
      "roshans_killed": null,
      "rune_pickups": null,
      "runes": null,
      "runes_log": null,
      "sen": null,
      "sen_left_log": null,
      "sen_log": null,
      "sen_placed": null,
      "stuns": null,
      "teamfight_participation": null,
      "times": null,
      "tower_damage": 0,
      "towers_killed": null,
      "xp_per_min": 1642,
      "xp_reasons": null,
      "xp_t": null,
      "start_time": 1669912754,
      "duration": 1458,
      "cluster": 183,
      "lobby_type": 0,
      "game_mode": 23,
      "is_contributor": false,
      "patch": 51,
      "region": 8,
      "isRadiant": false,
      "total_gold": 10105,
      "total_xp": 13317,
      "kills_per_min": 0.02226649427473816,
      "kda": 1,
      "abandons": 0,
      "rank_tier": null,
      "is_subscriber": false,
      "cosmetics": [],
      "benchmarks": {
        "gold_per_min": {
          "raw": -156,
          "pct": 1
        },
        "xp_per_min": {
          "raw": 1642,
          "pct": 1
        },
        "kills_per_min": {
          "raw": 0.0823045267489712,
          "pct": 0.43478260869565216
        },
        "last_hits_per_min": {
          "raw": 1.934156378600823,
          "pct": 0.782608695652174
        },
        "hero_damage_per_min": {
          "raw": 544.8971193415638,
          "pct": 0.7391304347826086
        },
        "hero_healing_per_min": {
          "raw": 0,
          "pct": -0.1545705337995117
        },
        "tower_damage": {
          "raw": 295,
          "pct": 0.5652173913043478
        },
        "stuns_per_min": {
          "raw": 0,
          "pct": 0
        },
        "lhten": {}
      }
    }
  ],
  "patch": 51,
  "region": 8
}