{
  "chat": null,
  "cluster": 0,
  "cosmetics": null,
  "dire_score": 30,
  "dire_team_id": null,
  "draft_timings": null,
  "duration": 2330,
  "engine": 1,
  "first_blood_time": 0,
  "game_mode": 22,
  "human_players": 10,
  "leagueid": 0,
  "lobby_type": 7,
  "match_seq_num": -2411507835,
  "negative_votes": 0,
  "objectives": null,
  "picks_bans": [
    {
      "is_pick": true,
      "hero_id": 53,
      "team": 0,
      "order": 0
    },
    {
      "is_pick": true,
      "hero_id": 110,
      "team": 0,
      "order": 1
    },
    {
      "is_pick": true,
      "hero_id": 0,
      "team": 0,
      "order": 2
    },
    {
      "is_pick": true,
      "hero_id": 39,
      "team": 1,
      "order": 3
    },
    {
      "is_pick": true,
      "hero_id": 21,
      "team": 0,
      "order": 4
    },
    {
      "is_pick": true,
      "hero_id": 12,
      "team": 0,
      "order": 5
    },
    {
      "is_pick": true,
      "hero_id": 0,
      "team": 0,
      "order": 6
    },
    {
      "is_pick": true,
      "hero_id": 0,
      "team": 1,
      "order": -2
    },
    {
      "is_pick": true,
      "hero_id": 74,
      "team": 0,
      "order": 8
    },
    {
      "is_pick": true,
      "hero_id": 114,
      "team": 1,
      "order": 9
    },
    {
      "is_pick": false,
      "hero_id": 32,
      "team": 0,
      "order": 10
    },
    {
      "is_pick": false,
      "hero_id": 38,
      "team": 0,
      "order": 11
    }
  ],
  "positive_votes": 0,
  "radiant_gold_adv": null,
  "radiant_score": 45,
  "radiant_team_id": null,
  "radiant_xp_adv": null,
  "skill": null,
  "start_time": 1669912012,
  "teamfights": null,
  "version": null,
  "replay_salt": 1331057237,
  "series_id": 0,
  "series_type": 0,
  "players": [
    {
      "player_slot": 0,
      "ability_targets": null,
      "ability_upgrades_arr": [
        5246,
        5247,
        5247,
        5245,
        5247,
        5248,
        5247,
        5246,
        5246,
        470,
        5246,
        5248,
        2210,
        5245,
        6500,
        5245
      ],
      "ability_uses": null,
      "actions": null,
      "additional_units": null,
      "assists": 11,
      "backpack_0": 0,
      "backpack_1": 0,
      "backpack_2": 0,
      "backpack_3": null,
      "buyback_log": null,
      "camps_stacked": null,
      "connection_log": null,
      "creeps_stacked": null,
      "damage": null,
      "damage_inflictor": null,
      "damage_inflictor_received": null,
      "damage_taken": null,
      "damage_targets": null,
      "deaths": 8,
      "denies": 2,
      "dn_t": null,
      "firstblood_claimed": null,
      "gold": 2080,
      "gold_per_min": 0,
      "gold_reasons": null,
      "gold_spent": 15675,
      "gold_t": null,
      "hero_damage": 8080,
      "hero_healing": 0,
      "hero_hits": null,
      "hero_id": 53,
      "item_0": -28,
      "item_1": 116,
      "item_2": 240,
      "item_3": 0,
      "item_4": 112,
      "item_5": 29,
      "item_neutral": 573,
      "item_uses": null,
      "kill_streaks": null,
      "killed": null,
      "killed_by": null,
      "kills": 3,
      "kills_log": null,
      "lane_pos": null,
      "last_hits": 234,
      "leaver_status": 0,
      "level": 16,
      "lh_t": null,
      "life_state": null,
      "max_hero_hit": null,
      "multi_kills": null,
      "net_worth": 16455,
      "obs": null,
      "obs_left_log": null,
      "obs_log": null,
      "obs_placed": null,
      "party_id": 0,
      "party_size": 1,
      "performance_others": null,
      "permanent_buffs": [],
      "pings": null,
      "pred_vict": null,
      "purchase": null,
      "purchase_log": null,
      "randomed": null,
      "repicked": null,
      "roshans_killed": null,
      "rune_pickups": null,
      "runes": null,
      "runes_log": null,
      "sen": null,
      "sen_left_log": null,
      "sen_log": null,
      "sen_placed": null,
      "stuns": null,
      "teamfight_participation": null,
      "times": null,
      "tower_damage": -653,
      "towers_killed": null,
      "xp_per_min": 375,
      "xp_reasons": null,
      "xp_t": null,
      "start_time": -832661949,
      "duration": 2330,
      "cluster": 152,
      "lobby_type": 0,
      "game_mode": 22,
      "is_contributor": false,
      "patch": 51,
      "region": 0,
      "isRadiant": true,
      "total_gold": 18290,
      "total_xp": 13845,
      "kills_per_min": 0.07725321888412016,
      "kda": 1,
      "abandons": 0,
      "rank_tier": null,
      "is_subscriber": false,
      "cosmetics": [],
      "benchmarks": {
        "gold_per_min": {
          "raw": 471,
          "pct": 0.09523809523809523
        },
        "xp_per_min": {
          "raw": 375,
          "pct": 0.09523809523809523
        },
        "kills_per_min": {
          "raw": 0.07725321888412018,
          "pct": 0.21428571428571427
        },
        "last_hits_per_min": {
          "raw": 6.0257510729613735,
          "pct": 0.11904761904761904
        },
        "hero_damage_per_min": {},
        "hero_healing_per_min": {
          "raw": 0,
          "pct": 0.9761904761904762
        },
        "tower_damage": {},
        "stuns_per_min": {},
        "lhten": {}
      }
    },
    {
      "player_slot": 1,
      "ability_targets": null,
      "ability_upgrades_arr": [
        5131,
        5132,
        5130,
        2116,
        5131,
        5133,
        77,
        5132,
        5132,
        0,
        5130,
        5133,
        5130,
        5130,
        6992,
        6144,
        5133,
        7889,
        6413
      ],
      "ability_uses": null,
      "actions": null,
      "additional_units": null,
      "assists": 9,
      "backpack_0": 0,
      "backpack_1": 0,
      "backpack_2": 0,
      "backpack_3": null,
      "buyback_log": null,
      "camps_stacked": null,
      "connection_log": null,
      "creeps_stacked": null,
      "damage": null,
      "damage_inflictor": null,
      "damage_inflictor_received": null,
      "damage_taken": null,
      "damage_targets": null,
      "deaths": 1,
      "denies": 7,
      "dn_t": null,
      "firstblood_claimed": null,
      "gold": 0,
      "gold_per_min": -68,
      "gold_reasons": null,
      "gold_spent": 20820,
      "gold_t": null,
      "hero_damage": 33201,
      "hero_healing": 195,
      "hero_hits": null,
      "hero_id": 21,
      "item_0": 116,
      "item_1": 141,
      "item_2": 0,
      "item_3": 0,
      "item_4": 108,
      "item_5": 596,
      "item_neutral": 376,
      "item_uses": null,
      "kill_streaks": null,
      "killed": null,
      "killed_by": null,
      "kills": 16,
      "kills_log": null,
      "lane_pos": null,
      "last_hits": 222,
      "leaver_status": 0,
      "level": 6,
      "lh_t": null,
      "life_state": null,
      "max_hero_hit": null,
      "multi_kills": null,
      "net_worth": 23700,
      "obs": null,
      "obs_left_log": null,
      "obs_log": null,
      "obs_placed": null,
      "party_id": 1,
      "party_size": 1,
      "performance_others": null,
      "permanent_buffs": [],
      "pings": null,
      "pred_vict": null,
      "purchase": null,
      "purchase_log": null,
      "randomed": null,
      "repicked": null,
      "roshans_killed": null,
      "rune_pickups": null,
      "runes": null,
      "runes_log": null,
      "sen": null,
      "sen_left_log": null,
      "sen_log": null,
      "sen_placed": null,
      "stuns": null,
      "teamfight_participation": null,
      "times": null,
      "tower_damage": 3533,
      "towers_killed": null,
      "xp_per_min": 909,
      "xp_reasons": null,
      "xp_t": null,
      "personaname": "idc",
      "name": null,
      "last_login": "2021-06-05T08:13:07.789Z",
      "start_time": 1669912012,
      "duration": 2330,
      "cluster": 152,
      "lobby_type": 7,
      "game_mode": 22,
      "is_contributor": false,
      "patch": 51,
      "region": 5,
      "isRadiant": true,
      "total_gold": 9866,
      "total_xp": 35299,
      "kills_per_min": 0.41201716738197425,
      "kda": 12,
      "abandons": 0,
      "rank_tier": 52,
      "is_subscriber": false,
      "cosmetics": [],
      "benchmarks": {}
    },
    {
      "player_slot": 2,
      "ability_targets": null,
      "ability_upgrades_arr": [
        5438,
        5439,
        5439,
        5440,
        5439,
        5441,
        5439,
        5440,
        5438,
        403,
        5438,
        0,
        5438,
        5440,
        5903,
        5440,
        5441,
        6708
      ],
      "ability_uses": null,
      "actions": null,
      "additional_units": null,
      "assists": 24,
      "backpack_0": 37,
      "backpack_1": 0,
      "backpack_2": 0,
      "backpack_3": null,
      "buyback_log": null,
      "camps_stacked": null,
      "connection_log": null,
      "creeps_stacked": null,
      "damage": null,
      "damage_inflictor": null,
      "damage_inflictor_received": null,
      "damage_taken": null,
      "damage_targets": null,
      "deaths": 12,
      "denies": 4,
      "dn_t": null,
      "firstblood_claimed": null,
      "gold": 805,
      "gold_per_min": 519,
      "gold_reasons": null,
      "gold_spent": 19190,
      "gold_t": null,
      "hero_damage": -2016,
      "hero_healing": 120,
      "hero_hits": null,
      "hero_id": 84,
      "item_0": 0,
      "item_1": 9,
      "item_2": 0,
      "item_3": 214,
      "item_4": 65,
      "item_5": 232,
      "item_neutral": 675,
      "item_uses": null,
      "kill_streaks": null,
      "killed": null,
      "killed_by": null,
      "kills": 11,
      "kills_log": null,
      "lane_pos": null,
      "last_hits": 0,
      "leaver_status": 0,
      "level": 24,
      "lh_t": null,
      "life_state": null,
      "max_hero_hit": null,
      "multi_kills": null,
      "net_worth": 17530,
      "obs": null,
      "obs_left_log": null,
      "obs_log": null,
      "obs_placed": null,
      "party_id": 0,
      "party_size": 0,
      "performance_others": null,
      "permanent_buffs": [
        {
          "permanent_buff": 6,
          "stack_count": 3,
          "grant_time": 902
        }
      ],
      "pings": null,
      "pred_vict": null,
      "purchase": null,
      "purchase_log": null,
      "randomed": null,
      "repicked": null,
      "roshans_killed": null,
      "rune_pickups": null,
      "runes": null,
      "runes_log": null,
      "sen": null,
      "sen_left_log": null,
      "sen_log": null,
      "sen_placed": null,
      "stuns": null,
      "teamfight_participation": null,
      "times": null,
      "tower_damage": 812,
      "towers_killed": null,
      "xp_per_min": 869,
      "xp_reasons": null,
      "xp_t": null,
      "personaname": "God Seeker: Arararawr",
      "name": null,
      "last_login": "2022-01-06T20:45:59.817Z",
      "start_time": 1669912012,
      "duration": 2330,
      "cluster": -65,
      "lobby_type": 7,
      "game_mode": 0,
      "is_contributor": false,
      "patch": 51,
      "region": 5,
      "isRadiant": true,
      "total_gold": 16379,
      "total_xp": 33746,
      "kills_per_min": 0.2832618025751073,
      "kda": 0,
      "abandons": 0,
      "rank_tier": 0,
      "is_subscriber": false,
      "cosmetics": [],
      "benchmarks": {}
    },
    {
      "player_slot": 3,
      "ability_targets": null,
      "ability_upgrades_arr": [
        -104,
        5065,
        2449,
        5068,
        5068,
        5067,
        5068,
        5066,
        5066,
        1902,
        5066,
        0,
        5066,
        5065,
        563,
        5065,
        0,
        6146
      ],
      "ability_uses": null,
      "actions": null,
      "additional_units": null,
      "assists": 15,
      "backpack_0": 0,
      "backpack_1": 0,
      "backpack_2": 0,
      "backpack_3": null,
      "buyback_log": null,
      "camps_stacked": null,
      "connection_log": null,
      "creeps_stacked": null,
      "damage": null,
      "damage_inflictor": null,
      "damage_inflictor_received": null,
      "damage_taken": null,
      "damage_targets": null,
      "deaths": 0,
      "denies": 6,
      "dn_t": null,
      "firstblood_claimed": null,
      "gold": 4553,
      "gold_per_min": 0,
      "gold_reasons": null,
      "gold_spent": 18635,
      "gold_t": null,
      "hero_damage": 27009,
      "hero_healing": 0,
      "hero_hits": null,
      "hero_id": 12,
      "item_0": 174,
      "item_1": 147,
      "item_2": 36,
      "item_3": 63,
      "item_4": 232,
      "item_5": 160,
      "item_neutral": 46,
      "item_uses": null,
      "kill_streaks": null,
      "killed": null,
      "killed_by": null,
      "kills": 10,
      "kills_log": null,
      "lane_pos": null,
      "last_hits": 303,
      "leaver_status": 0,
      "level": 22,
      "lh_t": null,
      "life_state": null,
      "max_hero_hit": null,
      "multi_kills": null,
      "net_worth": 22678,
      "obs": null,
      "obs_left_log": null,
      "obs_log": null,
      "obs_placed": null,
      "party_id": 3,
      "party_size": 1,
      "performance_others": null,
      "permanent_buffs": [
        {
          "permanent_buff": -3,
          "stack_count": 0,
          "grant_time": 1591
        }
      ],
      "pings": null,
      "pred_vict": null,
      "purchase": null,
      "purchase_log": null,
      "randomed": null,
      "repicked": null,
      "roshans_killed": null,
      "rune_pickups": null,
      "runes": null,
      "runes_log": null,
      "sen": null,
      "sen_left_log": null,
      "sen_log": null,
      "sen_placed": null,
      "stuns": null,
      "teamfight_participation": null,
      "times": null,
      "tower_damage": 12193,
      "towers_killed": null,
      "xp_per_min": 714,
      "xp_reasons": null,
      "xp_t": null,
      "start_time": 1669912012,
      "duration": 2330,
      "cluster": 152,
      "lobby_type": 7,
      "game_mode": 22,
      "is_contributor": false,
      "patch": 51,
      "region": 5,
      "isRadiant": true,
      "total_gold": 23494,
      "total_xp": 27727,
      "kills_per_min": 0.2575107296137339,
      "kda": 4,
      "abandons": 0,
      "rank_tier": null,
      "is_subscriber": false,
      "cosmetics": [],
      "benchmarks": {
        "gold_per_min": {
          "raw": 605,
          "pct": 0.25
        },
        "xp_per_min": {
          "raw": -134,
          "pct": 0.25
        },
        "kills_per_min": {
          "raw": 0.2575107296137339,
          "pct": 0.75
        },
        "last_hits_per_min": {
          "raw": 7.802575107296137,
          "pct": 0.5
        },
        "hero_damage_per_min": {
          "raw": 695.5107296137339,
          "pct": 0.625
        },
        "hero_healing_per_min": {
          "raw": 0,
          "pct": 1
        },
        "tower_damage": {
          "raw": 12193,
          "pct": 0.875
        },
        "stuns_per_min": {
          "raw": 0,
          "pct": 0.09204887522776872
        },
        "lhten": {}
      }
    },
    {
      "player_slot": 4,
      "ability_targets": null,
      "ability_upgrades_arr": [],
      "ability_uses": null,
      "actions": null,
      "additional_units": null,
      "assists": 18,
      "backpack_0": 0,
      "backpack_1": 0,
      "backpack_2": 0,
      "backpack_3": null,
      "buyback_log": null,
      "camps_stacked": null,
      "connection_log": null,
      "creeps_stacked": null,
      "damage": null,
      "damage_inflictor": null,
      "damage_inflictor_received": null,
      "damage_taken": null,
      "damage_targets": null,
      "deaths": 4,
      "denies": 22,
      "dn_t": null,
      "firstblood_claimed": null,
      "gold": 3170,
      "gold_per_min": 565,
      "gold_reasons": null,
      "gold_spent": 2414,
      "gold_t": null,
      "hero_damage": 24175,
      "hero_healing": 0,
      "hero_hits": null,
      "hero_id": 74,
      "item_0": 0,
      "item_1": 267,
      "item_2": 65,
      "item_3": 235,
      "item_4": 1,
      "item_5": 48,
      "item_neutral": 0,
      "item_uses": null,
      "kill_streaks": null,
      "killed": null,
      "killed_by": null,
      "kills": 5,
      "kills_log": null,
      "lane_pos": null,
      "last_hits": 0,
      "leaver_status": 0,
      "level": -3,
      "lh_t": null,
      "life_state": null,
      "max_hero_hit": null,
      "multi_kills": null,
      "net_worth": 18880,
      "obs": null,
      "obs_left_log": null,
      "obs_log": null,
      "obs_placed": null,
      "party_id": 4,
      "party_size": 1,
      "performance_others": null,
      "permanent_buffs": [],
      "pings": null,
      "pred_vict": null,
      "purchase": null,
      "purchase_log": null,
      "randomed": null,
      "repicked": null,
      "roshans_killed": null,
      "rune_pickups": null,
      "runes": null,
      "runes_log": null,
      "sen": null,
      "sen_left_log": null,
      "sen_log": null,
      "sen_placed": null,
      "stuns": null,
      "teamfight_participation": null,
      "times": null,
      "tower_damage": 8838,
      "towers_killed": null,
      "xp_per_min": 0,
      "xp_reasons": null,
      "xp_t": null,
      "personaname": "Asca",
      "name": null,
      "last_login": "2019-03-18T23:05:14.622Z",
      "start_time": 18248090,
      "duration": 0,
      "cluster": 152,
      "lobby_type": 7,
      "game_mode": 22,
      "is_contributor": false,
      "patch": 51,
      "region": 5,
      "isRadiant": true,
      "total_gold": 20529,
      "total_xp": 35377,
      "kills_per_min": 0.12875536480686695,
      "kda": 1,
      "abandons": 0,
      "rank_tier": 52,
      "is_subscriber": false,
      "cosmetics": [],
      "benchmarks": {
        "gold_per_min": {
          "raw": 565,
          "pct": 0.5483870967741935
        },
        "xp_per_min": {
          "raw": 911,
          "pct": 0.967741935483871
        },
        "kills_per_min": {
          "raw": 0.12875536480686695,
          "pct": 0.25806451612903225
        },
        "last_hits_per_min": {
          "raw": 5.201716738197425,
          "pct": 0.5483870967741935
        },
        "hero_damage_per_min": {
          "raw": 622.5321888412018,
          "pct": 0.4838709677419355
        },
        "hero_healing_per_min": {
          "raw": 0,
          "pct": -0.1339404700311923
        },
        "tower_damage": {
          "raw": 8838,
          "pct": 0.967741935483871
        },
        "stuns_per_min": {},
        "lhten": {}
      }
    },
    {
      "player_slot": 128,
      "ability_targets": null,
      "ability_upgrades_arr": [],
      "ability_uses": null,
      "actions": null,
      "additional_units": null,
      "assists": 4,
      "backpack_0": 0,
      "backpack_1": 77,
      "backpack_2": 0,
      "backpack_3": null,
      "buyback_log": null,
      "camps_stacked": null,
      "connection_log": null,
      "creeps_stacked": null,
      "damage": null,
      "damage_inflictor": null,
      "damage_inflictor_received": null,
      "damage_taken": null,
      "damage_targets": null,
      "deaths": 0,
      "denies": -2,
      "dn_t": null,
      "firstblood_claimed": null,
      "gold": 2399,
      "gold_per_min": 483,
      "gold_reasons": null,
      "gold_spent": 13595,
      "gold_t": null,
      "hero_damage": 0,
      "hero_healing": 0,
      "hero_hits": null,
      "hero_id": 39,
      "item_0": -4,
      "item_1": 41,
      "item_2": 63,
      "item_3": 57,
      "item_4": 9,
      "item_5": 259,
      "item_neutral": 22,
      "item_uses": null,
      "kill_streaks": null,
      "killed": null,
      "killed_by": null,
      "kills": 9,
      "kills_log": null,
      "lane_pos": null,
      "last_hits": 228,
      "leaver_status": 0,
      "level": 21,
      "lh_t": null,
      "life_state": null,
      "max_hero_hit": null,
      "multi_kills": null,
      "net_worth": 14804,
      "obs": null,
      "obs_left_log": null,
      "obs_log": null,
      "obs_placed": null,
      "party_id": 5,
      "party_size": 1,
      "performance_others": null,
      "permanent_buffs": [],
      "pings": null,
      "pred_vict": null,
      "purchase": null,
      "purchase_log": null,
      "randomed": null,
      "repicked": null,
      "roshans_killed": null,
      "rune_pickups": null,
      "runes": null,
      "runes_log": null,
      "sen": null,
      "sen_left_log": null,
      "sen_log": null,
      "sen_placed": null,
      "stuns": null,
      "teamfight_participation": null,
      "times": null,
      "tower_damage": 0,
      "towers_killed": null,
      "xp_per_min": 633,
      "xp_reasons": null,
      "xp_t": null,
      "start_time": 1669912012,
      "duration": 2330,
      "cluster": 152,
      "lobby_type": 0,
      "game_mode": 22,
      "is_contributor": false,
      "patch": 51,
      "region": 5,
      "isRadiant": false,
      "total_gold": 17050,
      "total_xp": 24581,
      "kills_per_min": 0.2317596566523605,
      "kda": 0,
      "abandons": 0,
      "rank_tier": null,
      "is_subscriber": false,
      "cosmetics": [],
      "benchmarks": {
        "gold_per_min": {
          "raw": 483,
          "pct": 0.34782608695652173
        },
        "xp_per_min": {
          "raw": 125,
          "pct": 0.34782608695652173
        },
        "kills_per_min": {
          "raw": 0.2317596566523605,
          "pct": 0.5652173913043478
        },
        "last_hits_per_min": {
          "raw": 5.8712446351931336,
          "pct": 0.4782608695652174
        },
        "hero_damage_per_min": {
          "raw": -156.94992195044009,
          "pct": 0.17391304347826086
        },
        "hero_healing_per_min": {
          "raw": 0,
          "pct": 0.8695652173913043
        },
        "tower_damage": {},
        "stuns_per_min": {
          "raw": 0,
          "pct": 0.8260869565217391
        },
        "lhten": {}
      }
    },
    {
      "player_slot": 129,
      "ability_targets": null,
      "ability_upgrades_arr": [
        5716,
        -2097,
        0,
        5716,
        5721,
        5721,
        5725,
        5721,
        5716,
        0,
        5716,
        5725,
        0,
        -133,
        7038,
        5723,
        5725,
        802
      ],
      "ability_uses": null,
      "actions": null,
      "additional_units": null,
      "assists": 5,
      "backpack_0": 0,
      "backpack_1": 0,
      "backpack_2": 0,
      "backpack_3": null,
      "buyback_log": null,
      "camps_stacked": null,
      "connection_log": null,
      "creeps_stacked": null,
      "damage": null,
      "damage_inflictor": null,
      "damage_inflictor_received": null,
      "damage_taken": null,
      "damage_targets": null,
      "deaths": 3,
      "denies": 16,
      "dn_t": null,
      "firstblood_claimed": null,
      "gold": -569,
      "gold_per_min": -215,
      "gold_reasons": null,
      "gold_spent": 0,
      "gold_t": null,
      "hero_damage": 20332,
      "hero_healing": 0,
      "hero_hits": null,
      "hero_id": 114,
      "item_0": 63,
      "item_1": 569,
      "item_2": 75,
      "item_3": 145,
      "item_4": 0,
      "item_5": 116,
      "item_neutral": 381,
      "item_uses": null,
      "kill_streaks": null,
      "killed": null,
      "killed_by": null,
      "kills": 7,
      "kills_log": null,
      "lane_pos": null,
      "last_hits": 301,
      "leaver_status": 0,
      "level": 24,
      "lh_t": null,
      "life_state": null,
      "max_hero_hit": null,
      "multi_kills": null,
      "net_worth": 18752,
      "obs": null,
      "obs_left_log": null,
      "obs_log": null,
      "obs_placed": null,
      "party_id": 6,
      "party_size": 1,
      "performance_others": null,
      "permanent_buffs": [],
      "pings": null,
      "pred_vict": null,
      "purchase": null,
      "purchase_log": null,
      "randomed": null,
      "repicked": null,
      "roshans_killed": null,
      "rune_pickups": null,
      "runes": null,
      "runes_log": null,
      "sen": null,
      "sen_left_log": null,
      "sen_log": null,
      "sen_placed": null,
      "stuns": null,
      "teamfight_participation": null,
      "times": null,
      "tower_damage": 0,
      "towers_killed": null,
      "xp_per_min": 820,
      "xp_reasons": null,
      "xp_t": null,
      "start_time": 1669912012,
      "duration": 2330,
      "cluster": 152,
      "lobby_type": 7,
      "game_mode": 22,
      "is_contributor": false,
      "patch": 16,
      "region": 5,
      "isRadiant": false,
      "total_gold": 21940,
      "total_xp": 31843,
      "kills_per_min": 0.1802575107296137,
      "kda": 2,
      "abandons": 0,
      "rank_tier": null,
      "is_subscriber": false,
      "cosmetics": [],
      "benchmarks": {}
    },
    {
      "player_slot": 130,
      "ability_targets": null,
      "ability_upgrades_arr": [
        0,
        5625,
        5631,
        5626,
        5626,
        208,
        5625,
        0,
        5626,
        1892,
        5996,
        5630,
        5623,
        6401,
        5623
      ],
      "ability_uses": null,
      "actions": null,
      "additional_units": null,
      "assists": 12,
      "backpack_0": 40,
      "backpack_1": 0,
      "backpack_2": 38,
      "backpack_3": null,
      "buyback_log": null,
      "camps_stacked": null,
      "connection_log": null,
      "creeps_stacked": null,
      "damage": null,
      "damage_inflictor": null,
      "damage_inflictor_received": null,
      "damage_taken": null,
      "damage_targets": null,
      "deaths": 11,
      "denies": 0,
      "dn_t": null,
      "firstblood_claimed": null,
      "gold": 977,
      "gold_per_min": 283,
      "gold_reasons": null,
      "gold_spent": 0,
      "gold_t": null,
      "hero_damage": 2968,
      "hero_healing": 797,
      "hero_hits": null,
      "hero_id": 0,
      "item_0": 43,
      "item_1": 100,
      "item_2": 37,
      "item_3": 92,
      "item_4": 188,
      "item_5": 214,
      "item_neutral": 92,
      "item_uses": null,
      "kill_streaks": null,
      "killed": null,
      "killed_by": null,
      "kills": 4,
      "kills_log": null,
      "lane_pos": null,
      "last_hits": 11,
      "leaver_status": 0,
      "level": 15,
      "lh_t": null,
      "life_state": null,
      "max_hero_hit": null,
      "multi_kills": null,
      "net_worth": 7337,
      "obs": null,
      "obs_left_log": null,
      "obs_log": null,
      "obs_placed": null,
      "party_id": 7,
      "party_size": 0,
      "performance_others": null,
      "permanent_buffs": [],
      "pings": null,
      "pred_vict": null,
      "purchase": null,
      "purchase_log": null,
      "randomed": null,
      "repicked": null,
      "roshans_killed": null,
      "rune_pickups": null,
      "runes": null,
      "runes_log": null,
      "sen": null,
      "sen_left_log": null,
      "sen_log": null,
      "sen_placed": null,
      "stuns": null,
      "teamfight_participation": null,
      "times": null,
      "tower_damage": 350,
      "towers_killed": null,
      "xp_per_min": 347,
      "xp_reasons": null,
      "xp_t": null,
      "start_time": 1669912012,
      "duration": -259,
      "cluster": 61,
      "lobby_type": 7,
      "game_mode": 22,
      "is_contributor": false,
      "patch": 51,
      "region": 5,
      "isRadiant": false,
      "total_gold": 10989,
      "total_xp": 13475,
      "kills_per_min": -0.040512225040725214,
      "kda": 1,
      "abandons": 0,
      "rank_tier": null,
      "is_subscriber": false,
      "cosmetics": [],
      "benchmarks": {
        "gold_per_min": {
          "raw": 283,
          "pct": 0.3181818181818182
        },
        "xp_per_min": {
          "raw": 347,
          "pct": 0.18181818181818182
        },
        "kills_per_min": {
          "raw": 0.04778108593748864,
          "pct": 0.36363636363636365
        },
        "last_hits_per_min": {
          "raw": -0.4281467524724629,
          "pct": 0.09090909090909091
        },
        "hero_damage_per_min": {
          "raw": 298.7639484978541,
          "pct": 0.045454545454545456
        },
        "hero_healing_per_min": {
          "raw": 20.523605150214593,
          "pct": 0.09090909090909091
        },
        "tower_damage": {
          "raw": 350,
          "pct": 0.5454545454545454
        },
        "stuns_per_min": {
          "raw": 0,
          "pct": 0.09090909090909091
        },
        "lhten": {}
      }
    },
    {
      "player_slot": 131,
      "ability_targets": null,
      "ability_upgrades_arr": [
        5118,
        5120,
        -2489,
        5120,
        5119,
        5121,
        5120,
        5120,
        5119,
        0,
        0,
        -143,
        -2064,
        5118,
        6946,
        5118,
        5121,
        6947
      ],
      "ability_uses": null,
      "actions": null,
      "additional_units": null,
      "assists": 0,
      "backpack_0": 11,
      "backpack_1": 28,
      "backpack_2": 0,
      "backpack_3": null,
      "buyback_log": null,
      "camps_stacked": null,
      "connection_log": null,
      "creeps_stacked": null,
      "damage": null,
      "damage_inflictor": null,
      "damage_inflictor_received": null,
      "damage_taken": null,
      "damage_targets": null,
      "deaths": 8,
      "denies": 0,
      "dn_t": null,
      "firstblood_claimed": null,
      "gold": 1037,
      "gold_per_min": 392,
      "gold_reasons": null,
      "gold_spent": 14730,
      "gold_t": null,
      "hero_damage": 15115,
      "hero_healing": 1355,
      "hero_hits": null,
      "hero_id": 29,
      "item_0": 0,
      "item_1": 433,
      "item_2": 10,
      "item_3": 50,
      "item_4": 90,
      "item_5": 73,
      "item_neutral": -54,
      "item_uses": null,
      "kill_streaks": null,
      "killed": null,
      "killed_by": null,
      "kills": 3,
      "kills_log": null,
      "lane_pos": null,
      "last_hits": 182,
      "leaver_status": 0,
      "level": 21,
      "lh_t": null,
      "life_state": null,
      "max_hero_hit": null,
      "multi_kills": null,
      "net_worth": -5130,
      "obs": null,
      "obs_left_log": null,
      "obs_log": null,
      "obs_placed": null,
      "party_id": 8,
      "party_size": 1,
      "performance_others": null,
      "permanent_buffs": [
        {
          "permanent_buff": 6,
          "stack_count": 1,
          "grant_time": 1478
        }
      ],
      "pings": null,
      "pred_vict": null,
      "purchase": null,
      "purchase_log": null,
      "randomed": null,
      "repicked": null,
      "roshans_killed": null,
      "rune_pickups": null,
      "runes": null,
      "runes_log": null,
      "sen": null,
      "sen_left_log": null,
      "sen_log": null,
      "sen_placed": null,
      "stuns": null,
      "teamfight_participation": null,
      "times": null,
      "tower_damage": 260,
      "towers_killed": null,
      "xp_per_min": 614,
      "xp_reasons": null,
      "xp_t": null,
      "start_time": 447680883,
      "duration": 2330,
      "cluster": 152,
      "lobby_type": 7,
      "game_mode": 22,
      "is_contributor": false,
      "patch": 51,
      "region": 5,
      "isRadiant": false,
      "total_gold": 13094,
      "total_xp": 23843,
      "kills_per_min": 0.011200548086367404,
      "kda": 1,
      "abandons": 0,
      "rank_tier": null,
      "is_subscriber": false,
      "cosmetics": [],
      "benchmarks": {
        "gold_per_min": {
          "raw": 392,
          "pct": 0.25
        },
        "xp_per_min": {
          "raw": 614,
          "pct": 0.5
        },
        "kills_per_min": {
          "raw": 0.07725321888412018,
          "pct": 0.2
        },
        "last_hits_per_min": {
          "raw": 4.686695278969957,
          "pct": 0.45
        },
        "hero_damage_per_min": {
          "raw": 389.2274678111588,
          "pct": 0.4
        },
        "hero_healing_per_min": {
          "raw": 13.124460726164173,
          "pct": 0.18451085132846445
        },
        "tower_damage": {
          "raw": 0,
          "pct": 0.2
        },
        "stuns_per_min": {
          "raw": 0,
          "pct": 0
        },
        "lhten": {}
      }
    },
    {
      "player_slot": -52,
      "ability_targets": null,
      "ability_upgrades_arr": [
        -180,
        641,
        -600,
        641,
        5111,
        5113,
        5111,
        641,
        641,
        1061,
        5110,
        5113,
        5110,
        5110,
        5110,
        934
      ],
      "ability_uses": null,
      "actions": null,
      "additional_units": null,
      "assists": 14,
      "backpack_0": 0,
      "backpack_1": 0,
      "backpack_2": 0,
      "backpack_3": null,
      "buyback_log": null,
      "camps_stacked": null,
      "connection_log": null,
      "creeps_stacked": null,
      "damage": null,
      "damage_inflictor": null,
      "damage_inflictor_received": null,
      "damage_taken": null,
      "damage_targets": null,
      "deaths": 15,
      "denies": 0,
      "dn_t": null,
      "firstblood_claimed": null,
      "gold": 706,
      "gold_per_min": -7,
      "gold_reasons": null,
      "gold_spent": 9465,
      "gold_t": null,
      "hero_damage": 36441,
      "hero_healing": 0,
      "hero_hits": null,
      "hero_id": 22,
      "item_0": 180,
      "item_1": 108,
      "item_2": 34,
      "item_3": 38,
      "item_4": 593,
      "item_5": 0,
      "item_neutral": 0,
      "item_uses": null,
      "kill_streaks": null,
      "killed": null,
      "killed_by": null,
      "kills": 6,
      "kills_log": null,
      "lane_pos": null,
      "last_hits": 37,
      "leaver_status": 0,
      "level": 17,
      "lh_t": null,
      "life_state": null,
      "max_hero_hit": null,
      "multi_kills": null,
      "net_worth": 8206,
      "obs": null,
      "obs_left_log": null,
      "obs_log": null,
      "obs_placed": null,
      "party_id": 0,
      "party_size": 1,
      "performance_others": null,
      "permanent_buffs": [
        {
          "permanent_buff": -2,
          "stack_count": 2,
          "grant_time": 95
        },
        {
          "permanent_buff": 0,
          "stack_count": 0,
          "grant_time": 1376
        }
      ],
      "pings": null,
      "pred_vict": null,
      "purchase": null,
      "purchase_log": null,
      "randomed": null,
      "repicked": null,
      "roshans_killed": null,
      "rune_pickups": null,
      "runes": null,
      "runes_log": null,
      "sen": null,
      "sen_left_log": null,
      "sen_log": null,
      "sen_placed": null,
      "stuns": null,
      "teamfight_participation": null,
      "times": null,
      "tower_damage": 0,
      "towers_killed": null,
      "xp_per_min": 438,
      "xp_reasons": null,
      "xp_t": null,
      "personaname": "Âu Dương Phong",
      "name": null,
      "last_login": null,
      "start_time": 1669912012,
      "duration": 2330,
      "cluster": 0,
      "lobby_type": 7,
      "game_mode": -1,
      "is_contributor": false,
      "patch": 51,
      "region": 5,
      "isRadiant": false,
      "total_gold": 9075,
      "total_xp": 17009,
      "kills_per_min": 0.15450643776824033,
      "kda": 1,
      "abandons": 0,
      "rank_tier": 0,
      "is_subscriber": false,
      "cosmetics": [],
      "benchmarks": {}
    }
  ],
  "patch": 51,
  "region": 5
}