{
  "chat": null,
  "cluster": 51,
  "cosmetics": null,
  "dire_score": 22,
  "dire_team_id": null,
  "draft_timings": null,
  "duration": 1833,
  "engine": 1,
  "first_blood_time": 172,
  "game_mode": 22,
  "human_players": 10,
  "leagueid": 0,
  "lobby_type": 7,
  "match_seq_num": 5780362985,
  "negative_votes": 0,
  "objectives": null,
  "picks_bans": [
    {
      "is_pick": true,
      "hero_id": 0,
      "team": 1,
      "order": 0
    },
    {
      "is_pick": true,
      "hero_id": 14,
      "team": 0,
      "order": 1
    },
    {
      "is_pick": true,
      "hero_id": 20,
      "team": 0,
      "order": 0
    },
    {
      "is_pick": true,
      "hero_id": 110,
      "team": 1,
      "order": 0
    },
    {
      "is_pick": true,
      "hero_id": 50,
      "team": 1,
      "order": 4
    },
    {
      "is_pick": true,
      "hero_id": 104,
      "team": 0,
      "order": 5
    },
    {
      "is_pick": true,
      "hero_id": 0,
      "team": 1,
      "order": 6
    },
    {
      "is_pick": true,
      "hero_id": 19,
      "team": 0,
      "order": 7
    },
    {},
    {
      "is_pick": true,
      "hero_id": 0,
      "team": 0,
      "order": 9
    },
    {},
    {
      "is_pick": false,
      "hero_id": -12,
      "team": 0,
      "order": 11
    },
    {
      "is_pick": false,
      "hero_id": 26,
      "team": 0,
      "order": 12
    },
    {},
    {
      "is_pick": false,
      "hero_id": 74,
      "team": 0,
      "order": 14
    }
  ],
  "positive_votes": 0,
  "radiant_gold_adv": null,
  "radiant_score": 0,
  "radiant_team_id": null,
  "radiant_xp_adv": null,
  "skill": null,
  "start_time": 1669912639,
  "teamfights": null,
  "version": null,
  "replay_salt": 2055689465,
  "series_id": 0,
  "series_type": 0,
  "players": [
    {
      "player_slot": 0,
      "ability_targets": null,
      "ability_upgrades_arr": [
        0,
        5076,
        1216,
        5076,
        5075,
        845,
        -1509,
        5076,
        5076,
        7142,
        5074,
        5077,
        5074,
        5074
      ],
      "ability_uses": null,
      "actions": null,
      "additional_units": null,
      "assists": -1,
      "backpack_0": 0,
      "backpack_1": 0,
      "backpack_2": 0,
      "backpack_3": null,
      "buyback_log": null,
      "camps_stacked": null,
      "connection_log": null,
      "creeps_stacked": null,
      "damage": null,
      "damage_inflictor": null,
      "damage_inflictor_received": null,
      "damage_taken": null,
      "damage_targets": null,
      "deaths": 7,
      "denies": 3,
      "dn_t": null,
      "firstblood_claimed": null,
      "gold": 461,
      "gold_per_min": 0,
      "gold_reasons": null,
      "gold_spent": 0,
      "gold_t": null,
      "hero_damage": 10423,
      "hero_healing": 0,
      "hero_hits": null,
      "hero_id": 0,
      "item_0": 1,
      "item_1": 232,
      "item_2": 218,
      "item_3": 11,
      "item_4": 214,
      "item_5": 0,
      "item_neutral": 945,
      "item_uses": null,
      "kill_streaks": null,
      "killed": null,
      "killed_by": null,
      "kills": -1,
      "kills_log": null,
      "lane_pos": null,
      "last_hits": 47,
      "leaver_status": 0,
      "level": 14,
      "lh_t": null,
      "life_state": null,
      "max_hero_hit": null,
      "multi_kills": null,
      "net_worth": 6261,
      "obs": null,
      "obs_left_log": null,
      "obs_log": null,
      "obs_placed": null,
      "party_id": 0,
      "party_size": 1,
      "performance_others": null,
      "permanent_buffs": [
        {
          "permanent_buff": 0,
          "stack_count": 10,
          "grant_time": 1451
        }
      ],
      "pings": null,
      "pred_vict": null,
      "purchase": null,
      "purchase_log": null,
      "randomed": null,
      "repicked": null,
      "roshans_killed": null,
      "rune_pickups": null,
      "runes": null,
      "runes_log": null,
      "sen": null,
      "sen_left_log": null,
      "sen_log": null,
      "sen_placed": null,
      "stuns": null,
      "teamfight_participation": null,
      "times": null,
      "tower_damage": 0,
      "towers_killed": null,
      "xp_per_min": 0,
      "xp_reasons": null,
      "xp_t": null,
      "start_time": 1669912639,
      "duration": 1833,
      "cluster": 274,
      "lobby_type": 7,
      "game_mode": 22,
      "is_contributor": false,
      "patch": 51,
      "region": 3,
      "isRadiant": true,
      "total_gold": 4275,
      "total_xp": 11395,
      "kills_per_min": 0.1309328968903437,
      "kda": 0,
      "abandons": 0,
      "rank_tier": null,
      "is_subscriber": false,
      "cosmetics": [],
      "benchmarks": {
        "gold_per_min": {},
        "xp_per_min": {
          "raw": 373,
          "pct": -0.05139712520824362
        },
        "kills_per_min": {
          "raw": 0.13093289689034368,
          "pct": 0.32142857142857145
        },
        "last_hits_per_min": {},
        "hero_damage_per_min": {
          "raw": -159.22303037586533,
          "pct": -0.01999990797666823
        },
        "hero_healing_per_min": {
          "raw": 0,
          "pct": 0.6428571428571429
        },
        "tower_damage": {
          "raw": 0,
          "pct": 0.30357142857142855
        },
        "stuns_per_min": {
          "raw": 0,
          "pct": 0
        },
        "lhten": {}
      }
    },
    {
      "player_slot": 1,
      "ability_targets": null,
      "ability_upgrades_arr": [
        -1194,
        5596,
        5597,
        5596,
        -1268,
        1367,
        5595,
        5597,
        0,
        0,
        5596,
        5598,
        5595,
        5595,
        3050,
        5595
      ],
      "ability_uses": null,
      "actions": null,
      "additional_units": null,
      "assists": 0,
      "backpack_0": 0,
      "backpack_1": 0,
      "backpack_2": 0,
      "backpack_3": null,
      "buyback_log": null,
      "camps_stacked": null,
      "connection_log": null,
      "creeps_stacked": null,
      "damage": null,
      "damage_inflictor": null,
      "damage_inflictor_received": null,
      "damage_taken": null,
      "damage_targets": null,
      "deaths": 1,
      "denies": 1,
      "dn_t": null,
      "firstblood_claimed": null,
      "gold": 850,
      "gold_per_min": -92,
      "gold_reasons": null,
      "gold_spent": 10895,
      "gold_t": null,
      "hero_damage": 0,
      "hero_healing": 0,
      "hero_hits": null,
      "hero_id": 104,
      "item_0": 1,
      "item_1": 127,
      "item_2": 50,
      "item_3": 108,
      "item_4": 73,
      "item_5": 11,
      "item_neutral": 349,
      "item_uses": null,
      "kill_streaks": null,
      "killed": null,
      "killed_by": null,
      "kills": 7,
      "kills_log": null,
      "lane_pos": null,
      "last_hits": 150,
      "leaver_status": 0,
      "level": 0,
      "lh_t": null,
      "life_state": null,
      "max_hero_hit": null,
      "multi_kills": null,
      "net_worth": 11505,
      "obs": null,
      "obs_left_log": null,
      "obs_log": null,
      "obs_placed": null,
      "party_id": 1,
      "party_size": 0,
      "performance_others": null,
      "permanent_buffs": [],
      "pings": null,
      "pred_vict": null,
      "purchase": null,
      "purchase_log": null,
      "randomed": null,
      "repicked": null,
      "roshans_killed": null,
      "rune_pickups": null,
      "runes": null,
      "runes_log": null,
      "sen": null,
      "sen_left_log": null,
      "sen_log": null,
      "sen_placed": null,
      "stuns": null,
      "teamfight_participation": null,
      "times": null,
      "tower_damage": 0,
      "towers_killed": null,
      "xp_per_min": 0,
      "xp_reasons": null,
      "xp_t": null,
      "start_time": 1669912639,
      "duration": 1833,
      "cluster": 274,
      "lobby_type": 7,
      "game_mode": 22,
      "is_contributor": false,
      "patch": 51,
      "region": 0,
      "isRadiant": true,
      "total_gold": 3922,
      "total_xp": 4321,
      "kills_per_min": 0.22913256955810146,
      "kda": 3,
      "abandons": 0,
      "rank_tier": null,
      "is_subscriber": false,
      "cosmetics": [],
      "benchmarks": {
        "gold_per_min": {
          "raw": 24,
          "pct": 0.0967741935483871
        },
        "xp_per_min": {
          "raw": 480,
          "pct": 0.25806451612903225
        },
        "kills_per_min": {
          "raw": 0.2291325695581015,
          "pct": 0.7741935483870968
        },
        "last_hits_per_min": {
          "raw": 4.909983633387889,
          "pct": 0.5806451612903226
        },
        "hero_damage_per_min": {
          "raw": 336.72667757774144,
          "pct": 0.06451612903225806
        },
        "hero_healing_per_min": {
          "raw": 0,
          "pct": 0.0967741935483871
        },
        "tower_damage": {},
        "stuns_per_min": {
          "raw": 0,
          "pct": 0.03225806451612903
        },
        "lhten": {}
      }
    },
    {
      "player_slot": 2,
      "ability_targets": null,
      "ability_upgrades_arr": [
        5122,
        0,
        5122,
        5124,
        5122,
        5125,
        5122,
        -626,
        5124,
        0,
        5123,
        5125,
        5123,
        5123,
        6978
      ],
      "ability_uses": null,
      "actions": null,
      "additional_units": null,
      "assists": 6,
      "backpack_0": 0,
      "backpack_1": 0,
      "backpack_2": 0,
      "backpack_3": null,
      "buyback_log": null,
      "camps_stacked": null,
      "connection_log": null,
      "creeps_stacked": null,
      "damage": null,
      "damage_inflictor": null,
      "damage_inflictor_received": null,
      "damage_taken": null,
      "damage_targets": null,
      "deaths": 7,
      "denies": 4,
      "dn_t": null,
      "firstblood_claimed": null,
      "gold": 1132,
      "gold_per_min": 318,
      "gold_reasons": null,
      "gold_spent": 8465,
      "gold_t": null,
      "hero_damage": 1943,
      "hero_healing": 0,
      "hero_hits": null,
      "hero_id": 20,
      "item_0": 102,
      "item_1": 37,
      "item_2": 0,
      "item_3": 214,
      "item_4": 232,
      "item_5": 88,
      "item_neutral": 290,
      "item_uses": null,
      "kill_streaks": null,
      "killed": null,
      "killed_by": null,
      "kills": 0,
      "kills_log": null,
      "lane_pos": null,
      "last_hits": 46,
      "leaver_status": 0,
      "level": -1,
      "lh_t": null,
      "life_state": null,
      "max_hero_hit": null,
      "multi_kills": null,
      "net_worth": 8557,
      "obs": null,
      "obs_left_log": null,
      "obs_log": null,
      "obs_placed": null,
      "party_id": 1,
      "party_size": 2,
      "performance_others": null,
      "permanent_buffs": [],
      "pings": null,
      "pred_vict": null,
      "purchase": null,
      "purchase_log": null,
      "randomed": null,
      "repicked": null,
      "roshans_killed": null,
      "rune_pickups": null,
      "runes": null,
      "runes_log": null,
      "sen": null,
      "sen_left_log": null,
      "sen_log": null,
      "sen_placed": null,
      "stuns": null,
      "teamfight_participation": null,
      "times": null,
      "tower_damage": 0,
      "towers_killed": null,
      "xp_per_min": 449,
      "xp_reasons": null,
      "xp_t": null,
      "personaname": "弗朗西丝",
      "name": null,
      "last_login": null,
      "start_time": 1669912639,
      "duration": 1833,
      "cluster": 0,
      "lobby_type": 7,
      "game_mode": 0,
      "is_contributor": false,
      "patch": 51,
      "region": 3,
      "isRadiant": true,
      "total_gold": 9714,
      "total_xp": 13716,
      "kills_per_min": 0.1309328968903437,
      "kda": 1,
      "abandons": 0,
      "rank_tier": 24,
      "is_subscriber": false,
      "cosmetics": [],
      "benchmarks": {
        "gold_per_min": {
          "raw": 0,
          "pct": 0.875
        },
        "xp_per_min": {
          "raw": 449,
          "pct": 0.4375
        },
        "kills_per_min": {
          "raw": 0.13093289689034368,
          "pct": 0.875
        },
        "last_hits_per_min": {
          "raw": 1.5057283142389526,
          "pct": 0.9375
        },
        "hero_damage_per_min": {
          "raw": 334.1080196399345,
          "pct": 0.5625
        },
        "hero_healing_per_min": {
          "raw": 0,
          "pct": 0.625
        },
        "tower_damage": {
          "raw": 0,
          "pct": 0.25
        },
        "stuns_per_min": {
          "raw": 0,
          "pct": 0
        },
        "lhten": {}
      }
    },
    {
      "player_slot": 3,
      "ability_targets": null,
      "ability_upgrades_arr": [],
      "ability_uses": null,
      "actions": null,
      "additional_units": null,
      "assists": 4,
      "backpack_0": 0,
      "backpack_1": 0,
      "backpack_2": 0,
      "backpack_3": null,
      "buyback_log": null,
      "camps_stacked": null,
      "connection_log": null,
      "creeps_stacked": null,
      "damage": null,
      "damage_inflictor": null,
      "damage_inflictor_received": null,
      "damage_taken": null,
      "damage_targets": null,
      "deaths": 0,
      "denies": 19,
      "dn_t": null,
      "firstblood_claimed": null,
      "gold": 7653,
      "gold_per_min": 390,
      "gold_reasons": null,
      "gold_spent": 9445,
      "gold_t": null,
      "hero_damage": 24078,
      "hero_healing": 0,
      "hero_hits": null,
      "hero_id": 5,
      "item_0": 0,
      "item_1": 0,
      "item_2": 0,
      "item_3": 0,
      "item_4": 0,
      "item_5": 0,
      "item_neutral": 0,
      "item_uses": null,
      "kill_streaks": null,
      "killed": null,
      "killed_by": null,
      "kills": 4,
      "kills_log": null,
      "lane_pos": null,
      "last_hits": -55,
      "leaver_status": 0,
      "level": 17,
      "lh_t": null,
      "life_state": null,
      "max_hero_hit": null,
      "multi_kills": null,
      "net_worth": 7653,
      "obs": null,
      "obs_left_log": null,
      "obs_log": null,
      "obs_placed": null,
      "party_id": 2,
      "party_size": 2,
      "performance_others": null,
      "permanent_buffs": [
        {
          "permanent_buff": 6,
          "stack_count": 1,
          "grant_time": 0
        }
      ],
      "pings": null,
      "pred_vict": null,
      "purchase": null,
      "purchase_log": null,
      "randomed": null,
      "repicked": null,
      "roshans_killed": null,
      "rune_pickups": null,
      "runes": null,
      "runes_log": null,
      "sen": null,
      "sen_left_log": null,
      "sen_log": null,
      "sen_placed": null,
      "stuns": null,
      "teamfight_participation": null,
      "times": null,
      "tower_damage": 728,
      "towers_killed": null,
      "xp_per_min": 571,
      "xp_reasons": null,
      "xp_t": null,
      "start_time": 1669912639,
      "duration": 1833,
      "cluster": 3,
      "lobby_type": 7,
      "game_mode": 22,
      "is_contributor": false,
      "patch": 51,
      "region": 3,
      "isRadiant": true,
      "total_gold": 1972,
      "total_xp": 6999,
      "kills_per_min": 0.1309328968903437,
      "kda": 8,
      "abandons": 0,
      "rank_tier": null,
      "is_subscriber": false,
      "cosmetics": [],
      "benchmarks": {
        "gold_per_min": {},
        "xp_per_min": {
          "raw": 571,
          "pct": 0.23076923076923078
        },
        "kills_per_min": {
          "raw": 0.13093289689034368,
          "pct": 0.016570082122367213
        },
        "last_hits_per_min": {
          "raw": 4.3207855973813425,
          "pct": 0.38461538461538464
        },
        "hero_damage_per_min": {
          "raw": 788.1505728314239,
          "pct": 0.23076923076923078
        },
        "hero_healing_per_min": {
          "raw": 0,
          "pct": 0.6153846153846154
        },
        "tower_damage": {
          "raw": 728,
          "pct": -0.13355620107142624
        },
        "stuns_per_min": {
          "raw": 0,
          "pct": 0.46153846153846156
        },
        "lhten": {}
      }
    },
    {
      "player_slot": 4,
      "ability_targets": null,
      "ability_upgrades_arr": [
        5108,
        -2136,
        5107,
        5106,
        0,
        -290,
        5106,
        5107,
        5107,
        5107,
        6137,
        5109,
        5108,
        0
      ],
      "ability_uses": null,
      "actions": null,
      "additional_units": null,
      "assists": 6,
      "backpack_0": 0,
      "backpack_1": 0,
      "backpack_2": 0,
      "backpack_3": null,
      "buyback_log": null,
      "camps_stacked": null,
      "connection_log": null,
      "creeps_stacked": null,
      "damage": null,
      "damage_inflictor": null,
      "damage_inflictor_received": null,
      "damage_taken": null,
      "damage_targets": null,
      "deaths": 7,
      "denies": 22,
      "dn_t": null,
      "firstblood_claimed": null,
      "gold": 3611,
      "gold_per_min": -155,
      "gold_reasons": null,
      "gold_spent": 8490,
      "gold_t": null,
      "hero_damage": -2021,
      "hero_healing": 0,
      "hero_hits": null,
      "hero_id": 19,
      "item_0": 0,
      "item_1": 0,
      "item_2": 0,
      "item_3": 0,
      "item_4": 0,
      "item_5": 0,
      "item_neutral": 0,
      "item_uses": null,
      "kill_streaks": null,
      "killed": null,
      "killed_by": null,
      "kills": 2,
      "kills_log": null,
      "lane_pos": null,
      "last_hits": 0,
      "leaver_status": 0,
      "level": -3,
      "lh_t": null,
      "life_state": null,
      "max_hero_hit": null,
      "multi_kills": null,
      "net_worth": 5011,
      "obs": null,
      "obs_left_log": null,
      "obs_log": null,
      "obs_placed": null,
      "party_id": 2,
      "party_size": 2,
      "performance_others": null,
      "permanent_buffs": [
        {
          "permanent_buff": 6,
          "stack_count": 1,
          "grant_time": 1459
        },
        {
          "permanent_buff": 12,
          "stack_count": 0,
          "grant_time": 1417
        }
      ],
      "pings": null,
      "pred_vict": null,
      "purchase": null,
      "purchase_log": null,
      "randomed": null,
      "repicked": null,
      "roshans_killed": null,
      "rune_pickups": null,
      "runes": null,
      "runes_log": null,
      "sen": null,
      "sen_left_log": null,
      "sen_log": null,
      "sen_placed": null,
      "stuns": null,
      "teamfight_participation": null,
      "times": null,
      "tower_damage": 0,
      "towers_killed": null,
      "xp_per_min": 379,
      "xp_reasons": null,
      "xp_t": null,
      "personaname": "粘合剂",
      "name": null,
      "last_login": "2022-07-08T15:16:07.449Z",
      "start_time": 1669912639,
      "duration": 1833,
      "cluster": 274,
      "lobby_type": 7,
      "game_mode": 1,
      "is_contributor": false,
      "patch": 51,
      "region": 3,
      "isRadiant": true,
      "total_gold": 9714,
      "total_xp": 3159,
      "kills_per_min": 0.06546644844517185,
      "kda": 1,
      "abandons": 0,
      "rank_tier": -3,
      "is_subscriber": false,
      "cosmetics": [],
      "benchmarks": {
        "gold_per_min": {
          "raw": 318,
          "pct": 0.4235294117647059
        },
        "xp_per_min": {
          "raw": 379,
          "pct": 0.17647058823529413
        },
        "kills_per_min": {
          "raw": 0.06546644844517184,
          "pct": 0.27058823529411763
        },
        "last_hits_per_min": {
          "raw": 3.469721767594108,
          "pct": 0.6823529411764706
        },
        "hero_damage_per_min": {
          "raw": 160.13093289689033,
          "pct": 0.023529411764705882
        },
        "hero_healing_per_min": {
          "raw": 0,
          "pct": 0.8941176470588236
        },
        "tower_damage": {},
        "stuns_per_min": {
          "raw": 0,
          "pct": 0
        },
        "lhten": {}
      }
    },
    {
      "player_slot": 128,
      "ability_targets": null,
      "ability_upgrades_arr": [
        -49,
        5235,
        5235,
        5233,
        5234,
        1318,
        5235,
        5235,
        5234,
        5234,
        5234,
        7304,
        5233,
        6926
      ],
      "ability_uses": null,
      "actions": null,
      "additional_units": null,
      "assists": 11,
      "backpack_0": 0,
      "backpack_1": 0,
      "backpack_2": 0,
      "backpack_3": null,
      "buyback_log": null,
      "camps_stacked": null,
      "connection_log": null,
      "creeps_stacked": null,
      "damage": null,
      "damage_inflictor": null,
      "damage_inflictor_received": null,
      "damage_taken": null,
      "damage_targets": null,
      "deaths": 4,
      "denies": 2,
      "dn_t": null,
      "firstblood_claimed": null,
      "gold": 275,
      "gold_per_min": 0,
      "gold_reasons": null,
      "gold_spent": 8990,
      "gold_t": null,
      "hero_damage": 3804,
      "hero_healing": -3573,
      "hero_hits": null,
      "hero_id": 50,
      "item_0": 180,
      "item_1": 269,
      "item_2": 0,
      "item_3": 23,
      "item_4": 0,
      "item_5": 593,
      "item_neutral": 949,
      "item_uses": null,
      "kill_streaks": null,
      "killed": null,
      "killed_by": null,
      "kills": 0,
      "kills_log": null,
      "lane_pos": null,
      "last_hits": 35,
      "leaver_status": 0,
      "level": 15,
      "lh_t": null,
      "life_state": null,
      "max_hero_hit": null,
      "multi_kills": null,
      "net_worth": 8000,
      "obs": null,
      "obs_left_log": null,
      "obs_log": null,
      "obs_placed": null,
      "party_id": 3,
      "party_size": 2,
      "performance_others": null,
      "permanent_buffs": [
        {
          "permanent_buff": 6,
          "stack_count": 0,
          "grant_time": 921
        },
        {}
      ],
      "pings": null,
      "pred_vict": null,
      "purchase": null,
      "purchase_log": null,
      "randomed": null,
      "repicked": null,
      "roshans_killed": null,
      "rune_pickups": null,
      "runes": null,
      "runes_log": null,
      "sen": null,
      "sen_left_log": null,
      "sen_log": null,
      "sen_placed": null,
      "stuns": null,
      "teamfight_participation": null,
      "times": null,
      "tower_damage": 808,
      "towers_killed": null,
      "xp_per_min": 415,
      "xp_reasons": null,
      "xp_t": null,
      "start_time": 0,
      "duration": 1833,
      "cluster": 274,
      "lobby_type": 7,
      "game_mode": 22,
      "is_contributor": false,
      "patch": 51,
      "region": 3,
      "isRadiant": false,
      "total_gold": 4603,
      "total_xp": 5015,
      "kda": 2,
      "abandons": 0,
      "rank_tier": null,
      "is_subscriber": false,
      "cosmetics": [],
      "benchmarks": {}
    },
    {
      "player_slot": 129,
      "ability_targets": null,
      "ability_upgrades_arr": [
        -258,
        1619,
        631,
        5250,
        631,
        0,
        231,
        5250,
        5249,
        5250,
        6676,
        5252,
        5249,
        5249,
        5249,
        6009,
        5252
      ],
      "ability_uses": null,
      "actions": null,
      "additional_units": null,
      "assists": 0,
      "backpack_0": 0,
      "backpack_1": 0,
      "backpack_2": 0,
      "backpack_3": null,
      "buyback_log": null,
      "camps_stacked": null,
      "connection_log": null,
      "creeps_stacked": null,
      "damage": null,
      "damage_inflictor": null,
      "damage_inflictor_received": null,
      "damage_taken": null,
      "damage_targets": null,
      "deaths": 2,
      "denies": 25,
      "dn_t": null,
      "firstblood_claimed": null,
      "gold": 1639,
      "gold_per_min": 602,
      "gold_reasons": null,
      "gold_spent": 17715,
      "gold_t": null,
      "hero_damage": 13851,
      "hero_healing": 0,
      "hero_hits": null,
      "hero_id": 54,
      "item_0": 65,
      "item_1": 168,
      "item_2": 151,
      "item_3": 0,
      "item_4": 154,
      "item_5": 50,
      "item_neutral": 358,
      "item_uses": null,
      "kill_streaks": null,
      "killed": null,
      "killed_by": null,
      "kills": 3,
      "kills_log": null,
      "lane_pos": null,
      "last_hits": 203,
      "leaver_status": 0,
      "level": 6,
      "lh_t": null,
      "life_state": null,
      "max_hero_hit": null,
      "multi_kills": null,
      "net_worth": -5540,
      "obs": null,
      "obs_left_log": null,
      "obs_log": null,
      "obs_placed": null,
      "party_id": 3,
      "party_size": 2,
      "performance_others": null,
      "permanent_buffs": [],
      "pings": null,
      "pred_vict": null,
      "purchase": null,
      "purchase_log": null,
      "randomed": null,
      "repicked": null,
      "roshans_killed": null,
      "rune_pickups": null,
      "runes": null,
      "runes_log": null,
      "sen": null,
      "sen_left_log": null,
      "sen_log": null,
      "sen_placed": null,
      "stuns": null,
      "teamfight_participation": null,
      "times": null,
      "tower_damage": 15210,
      "towers_killed": null,
      "xp_per_min": 676,
      "xp_reasons": null,
      "xp_t": null,
      "start_time": 1669912639,
      "duration": 1833,
      "cluster": 274,
      "lobby_type": 7,
      "game_mode": 22,
      "is_contributor": false,
      "patch": 51,
      "region": 0,
      "isRadiant": false,
      "total_gold": 5634,
      "total_xp": 4083,
      "kills_per_min": 0.22913256955810146,
      "kda": 4,
      "abandons": 0,
      "rank_tier": null,
      "is_subscriber": false,
      "cosmetics": [],
      "benchmarks": {
        "gold_per_min": {
          "raw": 602,
          "pct": 0.4838709677419355
        },
        "xp_per_min": {
          "raw": 676,
          "pct": 0.16129032258064516
        },
        "kills_per_min": {},
        "last_hits_per_min": {
          "raw": 6.644844517184943,
          "pct": 0.25806451612903225
        },
        "hero_damage_per_min": {
          "raw": 453.38788870703763,
          "pct": 0.16129032258064516
        },
        "hero_healing_per_min": {
          "raw": 0,
          "pct": 0.41935483870967744
        },
        "tower_damage": {
          "raw": -6221,
          "pct": 0.9032258064516129
        },
        "stuns_per_min": {
          "raw": 0,
          "pct": 0.3225806451612903
        },
        "lhten": {}
      }
    },
    {
      "player_slot": 130,
      "ability_targets": null,
      "ability_upgrades_arr": [
        1419,
        5053,
        5055,
        5052,
        5052,
        5057,
        5055,
        5052,
        0,
        6062,
        5052,
        5053,
        5053,
        5057,
        0,
        5053,
        0
      ],
      "ability_uses": null,
      "actions": null,
      "additional_units": null,
      "assists": 3,
      "backpack_0": 0,
      "backpack_1": 0,
      "backpack_2": 0,
      "backpack_3": null,
      "buyback_log": null,
      "camps_stacked": null,
      "connection_log": null,
      "creeps_stacked": null,
      "damage": null,
      "damage_inflictor": null,
      "damage_inflictor_received": null,
      "damage_taken": null,
      "damage_targets": null,
      "deaths": 2,
      "denies": 5,
      "dn_t": null,
      "firstblood_claimed": null,
      "gold": 2699,
      "gold_per_min": 551,
      "gold_reasons": null,
      "gold_spent": 14585,
      "gold_t": null,
      "hero_damage": 15261,
      "hero_healing": 0,
      "hero_hits": null,
      "hero_id": 10,
      "item_0": 24,
      "item_1": 41,
      "item_2": 63,
      "item_3": 26,
      "item_4": 147,
      "item_5": 116,
      "item_neutral": 573,
      "item_uses": null,
      "kill_streaks": null,
      "killed": null,
      "killed_by": null,
      "kills": 7,
      "kills_log": null,
      "lane_pos": null,
      "last_hits": 91,
      "leaver_status": 0,
      "level": 19,
      "lh_t": null,
      "life_state": null,
      "max_hero_hit": null,
      "multi_kills": null,
      "net_worth": 16474,
      "obs": null,
      "obs_left_log": null,
      "obs_log": null,
      "obs_placed": null,
      "party_id": -1,
      "party_size": 1,
      "performance_others": null,
      "permanent_buffs": [],
      "pings": null,
      "pred_vict": null,
      "purchase": null,
      "purchase_log": null,
      "randomed": null,
      "repicked": null,
      "roshans_killed": null,
      "rune_pickups": null,
      "runes": null,
      "runes_log": null,
      "sen": null,
      "sen_left_log": null,
      "sen_log": null,
      "sen_placed": null,
      "stuns": null,
      "teamfight_participation": null,
      "times": null,
      "tower_damage": 12245,
      "towers_killed": null,
      "xp_per_min": 677,
      "xp_reasons": null,
      "xp_t": null,
      "personaname": "Blue рак",
      "name": null,
      "last_login": null,
      "start_time": 1669912639,
      "duration": 1833,
      "cluster": 274,
      "lobby_type": 0,
      "game_mode": 22,
      "is_contributor": false,
      "patch": 51,
      "region": 3,
      "isRadiant": false,
      "total_gold": 16833,
      "total_xp": 6465,
      "kills_per_min": 0.22913256955810146,
      "kda": 3,
      "abandons": 0,
      "rank_tier": 0,
      "is_subscriber": false,
      "cosmetics": [],
      "benchmarks": {
        "gold_per_min": {
          "raw": 0,
          "pct": 0.2413793103448276
        },
        "xp_per_min": {
          "raw": 677,
          "pct": 0.2413793103448276
        },
        "kills_per_min": {
          "raw": -0.04730222261839261,
          "pct": 0.5172413793103449
        },
        "last_hits_per_min": {
          "raw": 6.972176759410802,
          "pct": 0.1724137931034483
        },
        "hero_damage_per_min": {
          "raw": 499.54173486088376,
          "pct": 0.2413793103448276
        },
        "hero_healing_per_min": {
          "raw": 0,
          "pct": -0.012902325876664565
        },
        "tower_damage": {
          "raw": 0,
          "pct": 0.5172413793103449
        },
        "stuns_per_min": {
          "raw": 0,
          "pct": 0.10344827586206896
        },
        "lhten": {}
      }
    },
    {
      "player_slot": 131,
      "ability_targets": null,
      "ability_upgrades_arr": [],
      "ability_uses": null,
      "actions": null,
      "additional_units": null,
      "assists": 0,
      "backpack_0": 0,
      "backpack_1": 0,
      "backpack_2": 0,
      "backpack_3": null,
      "buyback_log": null,
      "camps_stacked": null,
      "connection_log": null,
      "creeps_stacked": null,
      "damage": null,
      "damage_inflictor": null,
      "damage_inflictor_received": null,
      "damage_taken": null,
      "damage_targets": null,
      "deaths": 7,
      "denies": 2,
      "dn_t": null,
      "firstblood_claimed": null,
      "gold": 264,
      "gold_per_min": 437,
      "gold_reasons": null,
      "gold_spent": 5162,
      "gold_t": null,
      "hero_damage": 1034,
      "hero_healing": 0,
      "hero_hits": null,
      "hero_id": 105,
      "item_0": 178,
      "item_1": 176,
      "item_2": 180,
      "item_3": 108,
      "item_4": 0,
      "item_5": 0,
      "item_neutral": 128,
      "item_uses": null,
      "kill_streaks": null,
      "killed": null,
      "killed_by": null,
      "kills": 0,
      "kills_log": null,
      "lane_pos": null,
      "last_hits": 121,
      "leaver_status": 0,
      "level": 16,
      "lh_t": null,
      "life_state": null,
      "max_hero_hit": null,
      "multi_kills": null,
      "net_worth": 12669,
      "obs": null,
      "obs_left_log": null,
      "obs_log": null,
      "obs_placed": null,
      "party_id": 5,
      "party_size": 1,
      "performance_others": null,
      "permanent_buffs": [
        {
          "permanent_buff": 12,
          "stack_count": 0,
          "grant_time": 1767
        }
      ],
      "pings": null,
      "pred_vict": null,
      "purchase": null,
      "purchase_log": null,
      "randomed": null,
      "repicked": null,
      "roshans_killed": null,
      "rune_pickups": null,
      "runes": null,
      "runes_log": null,
      "sen": null,
      "sen_left_log": null,
      "sen_log": null,
      "sen_placed": null,
      "stuns": null,
      "teamfight_participation": null,
      "times": null,
      "tower_damage": 126,
      "towers_killed": null,
      "xp_per_min": 479,
      "xp_reasons": null,
      "xp_t": null,
      "start_time": 1669912639,
      "duration": 1833,
      "cluster": 14,
      "lobby_type": 7,
      "game_mode": 22,
      "is_contributor": false,
      "patch": 51,
      "region": 3,
      "isRadiant": false,
      "total_gold": 8899,
      "total_xp": 14633,
      "kills_per_min": 0.1309328968903437,
      "kda": 1,
      "abandons": 0,
      "rank_tier": null,
      "is_subscriber": false,
      "cosmetics": [],
      "benchmarks": {
        "gold_per_min": {
          "raw": 437,
          "pct": 0.78125
        },
        "xp_per_min": {
          "raw": 0,
          "pct": 0.375
        },
        "kills_per_min": {},
        "last_hits_per_min": {
          "raw": 3.960720130932897,
          "pct": 0.84375
        },
        "hero_damage_per_min": {
          "raw": 439.0180032733224,
          "pct": 0.09375
        },
        "hero_healing_per_min": {
          "raw": 0,
          "pct": 0.78125
        },
        "tower_damage": {
          "raw": 1198,
          "pct": 0.78125
        },
        "stuns_per_min": {
          "raw": 0,
          "pct": 0.010522977931810923
        },
        "lhten": {}
      }
    },
    {
      "player_slot": 57,
      "ability_targets": null,
      "ability_upgrades_arr": [
        5625,
        5623,
        5625,
        5623,
        5625,
        5630,
        5625,
        5623,
        0,
        66,
        5626,
        0,
        5626,
        5626,
        6235
      ],
      "ability_uses": null,
      "actions": null,
      "additional_units": null,
      "assists": 9,
      "backpack_0": 0,
      "backpack_1": 0,
      "backpack_2": 0,
      "backpack_3": null,
      "buyback_log": null,
      "camps_stacked": null,
      "connection_log": null,
      "creeps_stacked": null,
      "damage": null,
      "damage_inflictor": null,
      "damage_inflictor_received": null,
      "damage_taken": null,
      "damage_targets": null,
      "deaths": 7,
      "denies": 6,
      "dn_t": null,
      "firstblood_claimed": null,
      "gold": 617,
      "gold_per_min": 381,
      "gold_reasons": null,
      "gold_spent": 10765,
      "gold_t": null,
      "hero_damage": 19435,
      "hero_healing": 678,
      "hero_hits": null,
      "hero_id": 110,
      "item_0": 267,
      "item_1": 90,
      "item_2": -69,
      "item_3": 58,
      "item_4": 0,
      "item_5": 214,
      "item_neutral": 357,
      "item_uses": null,
      "kill_streaks": null,
      "killed": null,
      "killed_by": null,
      "kills": 0,
      "kills_log": null,
      "lane_pos": null,
      "last_hits": 87,
      "leaver_status": 0,
      "level": 15,
      "lh_t": null,
      "life_state": null,
      "max_hero_hit": null,
      "multi_kills": null,
      "net_worth": 10967,
      "obs": null,
      "obs_left_log": null,
      "obs_log": null,
      "obs_placed": null,
      "party_id": 0,
      "party_size": 1,
      "performance_others": null,
      "permanent_buffs": [],
      "pings": null,
      "pred_vict": null,
      "purchase": null,
      "purchase_log": null,
      "randomed": null,
      "repicked": null,
      "roshans_killed": null,
      "rune_pickups": null,
      "runes": null,
      "runes_log": null,
      "sen": null,
      "sen_left_log": null,
      "sen_log": null,
      "sen_placed": null,
      "stuns": null,
      "teamfight_participation": null,
      "times": null,
      "tower_damage": 0,
      "towers_killed": null,
      "xp_per_min": 440,
      "xp_reasons": null,
      "xp_t": null,
      "start_time": 0,
      "duration": 1833,
      "cluster": 274,
      "lobby_type": 7,
      "game_mode": 22,
      "is_contributor": false,
      "patch": 51,
      "region": 3,
      "isRadiant": false,
      "total_gold": 11066,
      "total_xp": 13442,
      "kills_per_min": 0.1309328968903437,
      "kda": 1,
      "abandons": 0,
      "rank_tier": null,
      "is_subscriber": false,
      "cosmetics": [],
      "benchmarks": {
        "gold_per_min": {
          "raw": 381,
          "pct": 0.6363636363636364
        },
        "xp_per_min": {
          "raw": -175,
          "pct": 0.4090909090909091
        },
        "kills_per_min": {
          "raw": 0.13093289689034368,
          "pct": -0.11944691915040449
        },
        "last_hits_per_min": {
          "raw": 2.8477905073649756,
          "pct": 0.9090909090909091
        },
        "hero_damage_per_min": {
          "raw": 636.1702127659574,
          "pct": 0.8181818181818182
        },
        "hero_healing_per_min": {
          "raw": 22.193126022913255,
          "pct": 0.13636363636363635
        },
        "tower_damage": {
          "raw": 1479,
          "pct": 0.8636363636363636
        },
        "stuns_per_min": {
          "raw": 0,
          "pct": 0.09090909090909091
        },
        "lhten": {}
      }
    }
  ],
  "patch": 51,
  "region": 0
}