{
  "chat": null,
  "cluster": 153,
  "cosmetics": null,
  "dire_score": -1,
  "dire_team_id": null,
  "draft_timings": null,
  "duration": 944,
  "engine": 0,
  "first_blood_time": 213,
  "game_mode": 22,
  "human_players": 10,
  "leagueid": 0,
  "lobby_type": 7,
  "match_seq_num": 5780332023,
  "negative_votes": 0,
  "objectives": null,
  "picks_bans": [
    {
      "is_pick": true,
      "hero_id": 121,
      "team": 0,
      "order": 0
    },
    {
      "is_pick": true,
      "hero_id": 31,
      "team": 1,
      "order": 1
    },
    {
      "is_pick": true,
      "hero_id": 101,
      "team": 0,
      "order": 2
    },
    {
      "is_pick": true,
      "hero_id": 120,
      "team": 0,
      "order": 3
    },
    {
      "is_pick": true,
      "hero_id": 14,
      "team": 1,
      "order": 4
    },
    {
      "is_pick": true,
      "hero_id": 69,
      "team": 1,
      "order": 0
    },
    {
      "is_pick": true,
      "hero_id": 10,
      "team": 0,
      "order": 6
    },
    {
      "is_pick": true,
      "hero_id": 87,
      "team": 0,
      "order": 7
    },
    {
      "is_pick": true,
      "hero_id": 35,
      "team": 1,
      "order": 8
    },
    {},
    {
      "is_pick": false,
      "hero_id": 1,
      "team": 0,
      "order": 10
    },
    {
      "is_pick": false,
      "hero_id": 136,
      "team": 0,
      "order": 11
    },
    {
      "is_pick": false,
      "hero_id": 85,
      "team": 0,
      "order": 12
    },
    {
      "is_pick": false,
      "hero_id": 0,
      "team": 0,
      "order": 13
    },
    {
      "is_pick": false,
      "hero_id": 89,
      "team": 0,
      "order": 14
    }
  ],
  "positive_votes": 0,
  "radiant_gold_adv": null,
  "radiant_score": 21,
  "radiant_team_id": null,
  "radiant_xp_adv": null,
  "skill": null,
  "start_time": -413307523,
  "teamfights": null,
  "version": null,
  "replay_salt": 1348820393,
  "series_id": 0,
  "series_type": 0,
  "players": [
    {
      "player_slot": 0,
      "ability_targets": null,
      "ability_upgrades_arr": [
        5582,
        5581,
        5582,
        5583,
        5582,
        -681,
        5582,
        5583
      ],
      "ability_uses": null,
      "actions": null,
      "additional_units": null,
      "assists": 8,
      "backpack_0": 0,
      "backpack_1": 0,
      "backpack_2": 0,
      "backpack_3": null,
      "buyback_log": null,
      "camps_stacked": null,
      "connection_log": null,
      "creeps_stacked": null,
      "damage": null,
      "damage_inflictor": null,
      "damage_inflictor_received": null,
      "damage_taken": null,
      "damage_targets": null,
      "deaths": 0,
      "denies": 0,
      "dn_t": null,
      "firstblood_claimed": null,
      "gold": 461,
      "gold_per_min": 294,
      "gold_reasons": null,
      "gold_spent": 4975,
      "gold_t": null,
      "hero_damage": 7259,
      "hero_healing": 0,
      "hero_hits": null,
      "hero_id": 101,
      "item_0": 180,
      "item_1": 34,
      "item_2": 261,
      "item_3": 0,
      "item_4": -15,
      "item_5": 188,
      "item_neutral": 945,
      "item_uses": null,
      "kill_streaks": null,
      "killed": null,
      "killed_by": null,
      "kills": 3,
      "kills_log": null,
      "lane_pos": null,
      "last_hits": 17,
      "leaver_status": 0,
      "level": 0,
      "lh_t": null,
      "life_state": null,
      "max_hero_hit": null,
      "multi_kills": null,
      "net_worth": 4261,
      "obs": null,
      "obs_left_log": null,
      "obs_log": null,
      "obs_placed": null,
      "party_id": 0,
      "party_size": 1,
      "performance_others": null,
      "permanent_buffs": [],
      "pings": null,
      "pred_vict": null,
      "purchase": null,
      "purchase_log": null,
      "randomed": null,
      "repicked": null,
      "roshans_killed": null,
      "rune_pickups": null,
      "runes": null,
      "runes_log": null,
      "sen": null,
      "sen_left_log": null,
      "sen_log": null,
      "sen_placed": null,
      "stuns": null,
      "teamfight_participation": null,
      "times": null,
      "tower_damage": 0,
      "towers_killed": null,
      "xp_per_min": 0,
      "xp_reasons": null,
      "xp_t": null,
      "start_time": 1669912339,
      "duration": 944,
      "cluster": 153,
      "lobby_type": 7,
      "game_mode": 22,
      "is_contributor": false,
      "patch": 51,
      "region": -1,
      "isRadiant": true,
      "total_gold": 4625,
      "total_xp": 2295,
      "kills_per_min": 0.19067796610169493,
      "kda": 1,
      "abandons": 0,
      "rank_tier": null,
      "is_subscriber": false,
      "cosmetics": [],
      "benchmarks": {
        "gold_per_min": {
          "raw": 294,
          "pct": 0.6363636363636364
        },
        "xp_per_min": {
          "raw": 297,
          "pct": 0.12121212121212122
        },
        "kills_per_min": {
          "raw": 0.19067796610169493,
          "pct": 0.7575757575757576
        },
        "last_hits_per_min": {
          "raw": 1.0805084745762712,
          "pct": 0.5454545454545454
        },
        "hero_damage_per_min": {
          "raw": -44.468351570449215,
          "pct": 0.3333333333333333
        },
        "hero_healing_per_min": {},
        "tower_damage": {
          "raw": 1505,
          "pct": 1
        },
        "stuns_per_min": {
          "raw": 0,
          "pct": 0.5757575757575758
        },
        "lhten": {}
      }
    },
    {
      "player_slot": 0,
      "ability_targets": null,
      "ability_upgrades_arr": [
        5377,
        5379,
        5377,
        5379,
        5377,
        5379,
        5377,
        5379,
        0,
        6184,
        5380
      ],
      "ability_uses": null,
      "actions": null,
      "additional_units": null,
      "assists": 0,
      "backpack_0": 16,
      "backpack_1": 16,
      "backpack_2": 16,
      "backpack_3": null,
      "buyback_log": null,
      "camps_stacked": null,
      "connection_log": null,
      "creeps_stacked": null,
      "damage": null,
      "damage_inflictor": null,
      "damage_inflictor_received": null,
      "damage_taken": null,
      "damage_targets": null,
      "deaths": 0,
      "denies": 6,
      "dn_t": null,
      "firstblood_claimed": null,
      "gold": 1958,
      "gold_per_min": 517,
      "gold_reasons": null,
      "gold_spent": 6790,
      "gold_t": null,
      "hero_damage": -638,
      "hero_healing": 0,
      "hero_hits": null,
      "hero_id": 75,
      "item_0": 16,
      "item_1": 65,
      "item_2": 0,
      "item_3": 41,
      "item_4": 29,
      "item_5": 77,
      "item_neutral": 0,
      "item_uses": null,
      "kill_streaks": null,
      "killed": null,
      "killed_by": null,
      "kills": 5,
      "kills_log": null,
      "lane_pos": null,
      "last_hits": 76,
      "leaver_status": 0,
      "level": 0,
      "lh_t": null,
      "life_state": null,
      "max_hero_hit": null,
      "multi_kills": null,
      "net_worth": 8388,
      "obs": null,
      "obs_left_log": null,
      "obs_log": null,
      "obs_placed": null,
      "party_id": 1,
      "party_size": 1,
      "performance_others": null,
      "permanent_buffs": [
        {
          "permanent_buff": 0,
          "stack_count": 3,
          "grant_time": 816
        }
      ],
      "pings": null,
      "pred_vict": null,
      "purchase": null,
      "purchase_log": null,
      "randomed": null,
      "repicked": null,
      "roshans_killed": null,
      "rune_pickups": null,
      "runes": null,
      "runes_log": null,
      "sen": null,
      "sen_left_log": null,
      "sen_log": null,
      "sen_placed": null,
      "stuns": null,
      "teamfight_participation": null,
      "times": null,
      "tower_damage": 5787,
      "towers_killed": null,
      "xp_per_min": 494,
      "xp_reasons": null,
      "xp_t": null,
      "personaname": "时来天地皆同力",
      "name": null,
      "last_login": null,
      "start_time": 1669912339,
      "duration": 944,
      "cluster": 0,
      "lobby_type": 0,
      "game_mode": 22,
      "is_contributor": false,
      "patch": 51,
      "region": 5,
      "isRadiant": true,
      "total_gold": 3073,
      "total_xp": 819,
      "kills_per_min": 0.11894816380685819,
      "kda": 9,
      "abandons": 0,
      "rank_tier": 0,
      "is_subscriber": false,
      "cosmetics": [],
      "benchmarks": {
        "gold_per_min": {
          "raw": 517,
          "pct": 0.9454545454545454
        },
        "xp_per_min": {
          "raw": 494,
          "pct": 0.6
        },
        "kills_per_min": {
          "raw": 0.3177966101694915,
          "pct": 0.9090909090909091
        },
        "last_hits_per_min": {
          "raw": 1.8994580270799144,
          "pct": 1
        },
        "hero_damage_per_min": {
          "raw": 476.0593220338983,
          "pct": 0.5272727272727272
        },
        "hero_healing_per_min": {},
        "tower_damage": {
          "raw": 5787,
          "pct": -0.26768692486052365
        },
        "stuns_per_min": {
          "raw": 0,
          "pct": 0.8727272727272727
        },
        "lhten": {}
      }
    },
    {
      "player_slot": 2,
      "ability_targets": null,
      "ability_upgrades_arr": [
        5055,
        5053,
        5052,
        -676,
        5052,
        5052,
        5052,
        5057,
        0,
        6062
      ],
      "ability_uses": null,
      "actions": null,
      "additional_units": null,
      "assists": 3,
      "backpack_0": 0,
      "backpack_1": 0,
      "backpack_2": 0,
      "backpack_3": null,
      "buyback_log": null,
      "camps_stacked": null,
      "connection_log": null,
      "creeps_stacked": null,
      "damage": null,
      "damage_inflictor": null,
      "damage_inflictor_received": null,
      "damage_taken": null,
      "damage_targets": null,
      "deaths": 2,
      "denies": 10,
      "dn_t": null,
      "firstblood_claimed": null,
      "gold": 1716,
      "gold_per_min": 508,
      "gold_reasons": null,
      "gold_spent": 7305,
      "gold_t": null,
      "hero_damage": 0,
      "hero_healing": 0,
      "hero_hits": null,
      "hero_id": 10,
      "item_0": 23,
      "item_1": 223,
      "item_2": 36,
      "item_3": 24,
      "item_4": 0,
      "item_5": 16,
      "item_neutral": 838,
      "item_uses": null,
      "kill_streaks": null,
      "killed": null,
      "killed_by": null,
      "kills": 4,
      "kills_log": null,
      "lane_pos": null,
      "last_hits": 98,
      "leaver_status": 1,
      "level": 10,
      "lh_t": null,
      "life_state": null,
      "max_hero_hit": null,
      "multi_kills": null,
      "net_worth": 8016,
      "obs": null,
      "obs_left_log": null,
      "obs_log": null,
      "obs_placed": null,
      "party_id": 2,
      "party_size": 1,
      "performance_others": null,
      "permanent_buffs": [],
      "pings": null,
      "pred_vict": null,
      "purchase": null,
      "purchase_log": null,
      "randomed": null,
      "repicked": null,
      "roshans_killed": null,
      "rune_pickups": null,
      "runes": null,
      "runes_log": null,
      "sen": null,
      "sen_left_log": null,
      "sen_log": null,
      "sen_placed": null,
      "stuns": null,
      "teamfight_participation": null,
      "times": null,
      "tower_damage": 0,
      "towers_killed": null,
      "xp_per_min": 0,
      "xp_reasons": null,
      "xp_t": null,
      "personaname": "low rank high ego player",
      "name": null,
      "last_login": null,
      "start_time": 1669912339,
      "duration": 944,
      "cluster": 153,
      "lobby_type": 0,
      "game_mode": 0,
      "is_contributor": false,
      "patch": 51,
      "region": 5,
      "isRadiant": true,
      "total_gold": 7992,
      "total_xp": 6529,
      "kills_per_min": 0.2542372881355932,
      "kda": 2,
      "abandons": 0,
      "rank_tier": 80,
      "is_subscriber": false,
      "cosmetics": [],
      "benchmarks": {
        "gold_per_min": {
          "raw": 508,
          "pct": 0.20689655172413793
        },
        "xp_per_min": {
          "raw": 0,
          "pct": 0.034482758620689655
        },
        "kills_per_min": {
          "raw": 0.2542372881355932,
          "pct": 0.6206896551724138
        },
        "last_hits_per_min": {
          "raw": 6.228813559322034,
          "pct": 0.10344827586206896
        },
        "hero_damage_per_min": {
          "raw": 270.5720338983051,
          "pct": 0.10344827586206896
        },
        "hero_healing_per_min": {
          "raw": 0,
          "pct": 0.896551724137931
        },
        "tower_damage": {
          "raw": 6164,
          "pct": 0.1406591293730969
        },
        "stuns_per_min": {
          "raw": 0,
          "pct": 0.10344827586206896
        },
        "lhten": {}
      }
    },
    {
      "player_slot": 3,
      "ability_targets": null,
      "ability_upgrades_arr": [
        5458,
        5460,
        5458,
        5459,
        5459,
        5461,
        5459,
        2682
      ],
      "ability_uses": null,
      "actions": null,
      "additional_units": null,
      "assists": 0,
      "backpack_0": 0,
      "backpack_1": 0,
      "backpack_2": 0,
      "backpack_3": null,
      "buyback_log": null,
      "camps_stacked": null,
      "connection_log": null,
      "creeps_stacked": null,
      "damage": null,
      "damage_inflictor": null,
      "damage_inflictor_received": null,
      "damage_taken": null,
      "damage_targets": null,
      "deaths": 3,
      "denies": 1,
      "dn_t": null,
      "firstblood_claimed": null,
      "gold": 1672,
      "gold_per_min": 259,
      "gold_reasons": null,
      "gold_spent": 3150,
      "gold_t": null,
      "hero_damage": 3946,
      "hero_healing": 0,
      "hero_hits": null,
      "hero_id": 87,
      "item_0": 0,
      "item_1": 0,
      "item_2": 16,
      "item_3": 0,
      "item_4": 265,
      "item_5": 0,
      "item_neutral": 0,
      "item_uses": null,
      "kill_streaks": null,
      "killed": null,
      "killed_by": null,
      "kills": 1,
      "kills_log": null,
      "lane_pos": null,
      "last_hits": 9,
      "leaver_status": 0,
      "level": 8,
      "lh_t": null,
      "life_state": null,
      "max_hero_hit": null,
      "multi_kills": null,
      "net_worth": 0,
      "obs": null,
      "obs_left_log": null,
      "obs_log": null,
      "obs_placed": null,
      "party_id": 3,
      "party_size": 0,
      "performance_others": null,
      "permanent_buffs": [
        {
          "permanent_buff": 6,
          "stack_count": 1,
          "grant_time": 880
        }
      ],
      "pings": null,
      "pred_vict": null,
      "purchase": null,
      "purchase_log": null,
      "randomed": null,
      "repicked": null,
      "roshans_killed": null,
      "rune_pickups": null,
      "runes": null,
      "runes_log": null,
      "sen": null,
      "sen_left_log": null,
      "sen_log": null,
      "sen_placed": null,
      "stuns": null,
      "teamfight_participation": null,
      "times": null,
      "tower_damage": 1220,
      "towers_killed": null,
      "xp_per_min": 271,
      "xp_reasons": null,
      "xp_t": null,
      "personaname": "Vertigo",
      "name": "Vertigo",
      "last_login": null,
      "start_time": -255375793,
      "duration": 944,
      "cluster": 153,
      "lobby_type": 7,
      "game_mode": 22,
      "is_contributor": false,
      "patch": 51,
      "region": 5,
      "isRadiant": true,
      "total_gold": 3204,
      "total_xp": 2820,
      "kills_per_min": 0.0635593220338983,
      "kda": 2,
      "abandons": 0,
      "rank_tier": 80,
      "is_subscriber": false,
      "cosmetics": [],
      "benchmarks": {
        "gold_per_min": {
          "raw": 259,
          "pct": 0.3157894736842105
        },
        "xp_per_min": {
          "raw": 271,
          "pct": -0.012813636896747149
        },
        "kills_per_min": {
          "raw": 0.0635593220338983,
          "pct": 0.5263157894736842
        },
        "last_hits_per_min": {
          "raw": -0.22234053684185673,
          "pct": 0.2631578947368421
        },
        "hero_damage_per_min": {
          "raw": 250.8050847457627,
          "pct": 0.09737462997335214
        },
        "hero_healing_per_min": {
          "raw": 0,
          "pct": -0.2530756672962664
        },
        "tower_damage": {
          "raw": 1220,
          "pct": 0.9649122807017544
        },
        "stuns_per_min": {
          "raw": 0,
          "pct": 0
        },
        "lhten": {}
      }
    },
    {
      "player_slot": 4,
      "ability_targets": null,
      "ability_upgrades_arr": [
        1065,
        6344,
        6344,
        1155,
        6344,
        6343,
        6344,
        6461,
        7307,
        -3437,
        0,
        0
      ],
      "ability_uses": null,
      "actions": null,
      "additional_units": null,
      "assists": 0,
      "backpack_0": 38,
      "backpack_1": 0,
      "backpack_2": 0,
      "backpack_3": null,
      "buyback_log": null,
      "camps_stacked": null,
      "connection_log": null,
      "creeps_stacked": null,
      "damage": null,
      "damage_inflictor": null,
      "damage_inflictor_received": null,
      "damage_taken": null,
      "damage_targets": null,
      "deaths": 0,
      "denies": 15,
      "dn_t": null,
      "firstblood_claimed": null,
      "gold": 1054,
      "gold_per_min": 585,
      "gold_reasons": null,
      "gold_spent": 9080,
      "gold_t": null,
      "hero_damage": 4075,
      "hero_healing": 0,
      "hero_hits": null,
      "hero_id": 120,
      "item_0": 223,
      "item_1": 0,
      "item_2": 265,
      "item_3": 174,
      "item_4": 569,
      "item_5": 180,
      "item_neutral": 349,
      "item_uses": null,
      "kill_streaks": null,
      "killed": null,
      "killed_by": null,
      "kills": 8,
      "kills_log": null,
      "lane_pos": null,
      "last_hits": 105,
      "leaver_status": 0,
      "level": 12,
      "lh_t": null,
      "life_state": null,
      "max_hero_hit": null,
      "multi_kills": null,
      "net_worth": 8954,
      "obs": null,
      "obs_left_log": null,
      "obs_log": null,
      "obs_placed": null,
      "party_id": 4,
      "party_size": 1,
      "performance_others": null,
      "permanent_buffs": [],
      "pings": null,
      "pred_vict": null,
      "purchase": null,
      "purchase_log": null,
      "randomed": null,
      "repicked": null,
      "roshans_killed": null,
      "rune_pickups": null,
      "runes": null,
      "runes_log": null,
      "sen": null,
      "sen_left_log": null,
      "sen_log": null,
      "sen_placed": null,
      "stuns": null,
      "teamfight_participation": null,
      "times": null,
      "tower_damage": 4777,
      "towers_killed": null,
      "xp_per_min": 526,
      "xp_reasons": null,
      "xp_t": null,
      "personaname": "4 . 5",
      "name": null,
      "last_login": "2020-09-19T21:40:18.971Z",
      "start_time": 0,
      "duration": 944,
      "cluster": 153,
      "lobby_type": 7,
      "game_mode": 22,
      "is_contributor": false,
      "patch": 51,
      "region": 5,
      "isRadiant": true,
      "total_gold": 6192,
      "total_xp": 6850,
      "kills_per_min": 0.5084745762711864,
      "kda": 4,
      "abandons": 0,
      "rank_tier": -2,
      "is_subscriber": false,
      "cosmetics": [],
      "benchmarks": {
        "gold_per_min": {
          "raw": 585,
          "pct": 0.5454545454545454
        },
        "xp_per_min": {
          "raw": 526,
          "pct": 0.18181818181818182
        },
        "kills_per_min": {
          "raw": 0.5084745762711864,
          "pct": 0.9393939393939394
        },
        "last_hits_per_min": {
          "raw": -2.1953278867341095,
          "pct": 0.36363636363636365
        },
        "hero_damage_per_min": {
          "raw": 531.4830508474575,
          "pct": 0.30303030303030304
        },
        "hero_healing_per_min": {
          "raw": 0,
          "pct": 0.8484848484848485
        },
        "tower_damage": {
          "raw": 0,
          "pct": 1
        },
        "stuns_per_min": {
          "raw": 0,
          "pct": 0
        },
        "lhten": {}
      }
    },
    {
      "player_slot": 128,
      "ability_targets": null,
      "ability_upgrades_arr": [
        5340,
        5339,
        5339,
        5340,
        0,
        5342
      ],
      "ability_uses": null,
      "actions": null,
      "additional_units": null,
      "assists": 1,
      "backpack_0": 16,
      "backpack_1": 0,
      "backpack_2": 0,
      "backpack_3": null,
      "buyback_log": null,
      "camps_stacked": null,
      "connection_log": null,
      "creeps_stacked": null,
      "damage": null,
      "damage_inflictor": null,
      "damage_inflictor_received": null,
      "damage_taken": null,
      "damage_targets": null,
      "deaths": 3,
      "denies": 5,
      "dn_t": null,
      "firstblood_claimed": null,
      "gold": 1284,
      "gold_per_min": 309,
      "gold_reasons": null,
      "gold_spent": 4295,
      "gold_t": null,
      "hero_damage": 2976,
      "hero_healing": 0,
      "hero_hits": null,
      "hero_id": 69,
      "item_0": 36,
      "item_1": 0,
      "item_2": 0,
      "item_3": 216,
      "item_4": 29,
      "item_5": 125,
      "item_neutral": 0,
      "item_uses": null,
      "kill_streaks": null,
      "killed": null,
      "killed_by": null,
      "kills": 0,
      "kills_log": null,
      "lane_pos": null,
      "last_hits": 0,
      "leaver_status": 0,
      "level": 6,
      "lh_t": null,
      "life_state": null,
      "max_hero_hit": null,
      "multi_kills": null,
      "net_worth": 4679,
      "obs": null,
      "obs_left_log": null,
      "obs_log": null,
      "obs_placed": null,
      "party_id": 2,
      "party_size": 0,
      "performance_others": null,
      "permanent_buffs": [],
      "pings": null,
      "pred_vict": null,
      "purchase": null,
      "purchase_log": null,
      "randomed": null,
      "repicked": null,
      "roshans_killed": null,
      "rune_pickups": null,
      "runes": null,
      "runes_log": null,
      "sen": null,
      "sen_left_log": null,
      "sen_log": null,
      "sen_placed": null,
      "stuns": null,
      "teamfight_participation": null,
      "times": null,
      "tower_damage": 68,
      "towers_killed": null,
      "xp_per_min": 175,
      "xp_reasons": null,
      "xp_t": null,
      "start_time": 0,
      "duration": 944,
      "cluster": 153,
      "lobby_type": 7,
      "game_mode": 22,
      "is_contributor": false,
      "patch": 51,
      "region": 5,
      "isRadiant": false,
      "total_gold": 4861,
      "total_xp": 534,
      "kills_per_min": 0.19067796610169493,
      "kda": 0,
      "abandons": 0,
      "rank_tier": null,
      "is_subscriber": false,
      "cosmetics": [],
      "benchmarks": {
        "gold_per_min": {
          "raw": -92,
          "pct": 0.05714285714285714
        },
        "xp_per_min": {},
        "kills_per_min": {
          "raw": 0.19067796610169493,
          "pct": 0.7714285714285715
        },
        "last_hits_per_min": {
          "raw": -0.8369833337141729,
          "pct": 0.05714285714285714
        },
        "hero_damage_per_min": {
          "raw": 189.15254237288136,
          "pct": 0.05714285714285714
        },
        "hero_healing_per_min": {
          "raw": 0,
          "pct": 0.8285714285714286
        },
        "tower_damage": {
          "raw": 68,
          "pct": 0.2
        },
        "stuns_per_min": {
          "raw": 0,
          "pct": 0.05714285714285714
        },
        "lhten": {}
      }
    },
    {
      "player_slot": 11,
      "ability_targets": null,
      "ability_upgrades_arr": [
        5155,
        5154,
        5156,
        5155,
        5156,
        5157,
        5155,
        5156,
        5154
      ],
      "ability_uses": null,
      "actions": null,
      "additional_units": null,
      "assists": 2,
      "backpack_0": 0,
      "backpack_1": 0,
      "backpack_2": 0,
      "backpack_3": null,
      "buyback_log": null,
      "camps_stacked": null,
      "connection_log": null,
      "creeps_stacked": null,
      "damage": null,
      "damage_inflictor": null,
      "damage_inflictor_received": null,
      "damage_taken": null,
      "damage_targets": null,
      "deaths": 0,
      "denies": 1,
      "dn_t": null,
      "firstblood_claimed": null,
      "gold": 859,
      "gold_per_min": 271,
      "gold_reasons": null,
      "gold_spent": 276,
      "gold_t": null,
      "hero_damage": 5511,
      "hero_healing": 0,
      "hero_hits": null,
      "hero_id": 35,
      "item_0": 24,
      "item_1": 0,
      "item_2": 75,
      "item_3": 0,
      "item_4": 34,
      "item_5": 0,
      "item_neutral": 945,
      "item_uses": null,
      "kill_streaks": null,
      "killed": null,
      "killed_by": null,
      "kills": 0,
      "kills_log": null,
      "lane_pos": null,
      "last_hits": 2,
      "leaver_status": 0,
      "level": 9,
      "lh_t": null,
      "life_state": null,
      "max_hero_hit": null,
      "multi_kills": null,
      "net_worth": 4019,
      "obs": null,
      "obs_left_log": null,
      "obs_log": null,
      "obs_placed": null,
      "party_id": 6,
      "party_size": 1,
      "performance_others": null,
      "permanent_buffs": [
        {
          "permanent_buff": 6,
          "stack_count": 1,
          "grant_time": 861
        }
      ],
      "pings": null,
      "pred_vict": null,
      "purchase": null,
      "purchase_log": null,
      "randomed": null,
      "repicked": null,
      "roshans_killed": null,
      "rune_pickups": null,
      "runes": null,
      "runes_log": null,
      "sen": null,
      "sen_left_log": null,
      "sen_log": null,
      "sen_placed": null,
      "stuns": null,
      "teamfight_participation": null,
      "times": null,
      "tower_damage": 0,
      "towers_killed": null,
      "xp_per_min": 322,
      "xp_reasons": null,
      "xp_t": null,
      "personaname": "MaRveL-",
      "name": "MaRveL-",
      "last_login": "2019-07-21T10:14:04.368Z",
      "start_time": 1669912339,
      "duration": 944,
      "cluster": -37,
      "lobby_type": 7,
      "game_mode": 22,
      "is_contributor": false,
      "patch": 6,
      "region": 5,
      "isRadiant": false,
      "total_gold": 4263,
      "total_xp": 5066,
      "kda": 0,
      "abandons": 0,
      "rank_tier": 80,
      "is_subscriber": false,
      "cosmetics": [],
      "benchmarks": {
        "gold_per_min": {},
        "xp_per_min": {},
        "kills_per_min": {
          "raw": 0,
          "pct": 0.037037037037037035
        },
        "last_hits_per_min": {
          "raw": 3.4957627118644066,
          "pct": 0.037037037037037035
        },
        "hero_damage_per_min": {
          "raw": 350.27542372881356,
          "pct": 0
        },
        "hero_healing_per_min": {
          "raw": 0,
          "pct": 0.9629629629629629
        },
        "tower_damage": {
          "raw": 0,
          "pct": 0
        },
        "stuns_per_min": {
          "raw": 0,
          "pct": 0.1111111111111111
        },
        "lhten": {}
      }
    },
    {
      "player_slot": 56,
      "ability_targets": null,
      "ability_upgrades_arr": [
        8000,
        8007,
        8000,
        8006,
        8000,
        6491,
        -2249,
        8006
      ],
      "ability_uses": null,
      "actions": null,
      "additional_units": null,
      "assists": 4,
      "backpack_0": 0,
      "backpack_1": 0,
      "backpack_2": 0,
      "backpack_3": null,
      "buyback_log": null,
      "camps_stacked": null,
      "connection_log": null,
      "creeps_stacked": null,
      "damage": null,
      "damage_inflictor": null,
      "damage_inflictor_received": null,
      "damage_taken": null,
      "damage_targets": null,
      "deaths": -1,
      "denies": 0,
      "dn_t": null,
      "firstblood_claimed": null,
      "gold": 1723,
      "gold_per_min": 222,
      "gold_reasons": null,
      "gold_spent": 2290,
      "gold_t": null,
      "hero_damage": 6948,
      "hero_healing": 0,
      "hero_hits": null,
      "hero_id": 121,
      "item_0": 180,
      "item_1": 0,
      "item_2": 34,
      "item_3": 14,
      "item_4": 16,
      "item_5": 16,
      "item_neutral": 0,
      "item_uses": null,
      "kill_streaks": null,
      "killed": null,
      "killed_by": null,
      "kills": 1,
      "kills_log": null,
      "lane_pos": null,
      "last_hits": 24,
      "leaver_status": 0,
      "level": 8,
      "lh_t": null,
      "life_state": null,
      "max_hero_hit": null,
      "multi_kills": null,
      "net_worth": 3473,
      "obs": null,
      "obs_left_log": null,
      "obs_log": null,
      "obs_placed": null,
      "party_id": 7,
      "party_size": 1,
      "performance_others": null,
      "permanent_buffs": [],
      "pings": null,
      "pred_vict": null,
      "purchase": null,
      "purchase_log": null,
      "randomed": null,
      "repicked": null,
      "roshans_killed": null,
      "rune_pickups": null,
      "runes": null,
      "runes_log": null,
      "sen": null,
      "sen_left_log": null,
      "sen_log": null,
      "sen_placed": null,
      "stuns": null,
      "teamfight_participation": null,
      "times": null,
      "tower_damage": 87,
      "towers_killed": null,
      "xp_per_min": 288,
      "xp_reasons": null,
      "xp_t": null,
      "personaname": "zxc4",
      "name": null,
      "last_login": null,
      "start_time": 1669912339,
      "duration": 944,
      "cluster": 153,
      "lobby_type": 7,
      "game_mode": 22,
      "is_contributor": false,
      "patch": 0,
      "region": 1,
      "isRadiant": false,
      "total_gold": 144,
      "total_xp": 2656,
      "kills_per_min": -0.010577796041681594,
      "kda": 0,
      "abandons": 0,
      "rank_tier": 80,
      "is_subscriber": false,
      "cosmetics": [],
      "benchmarks": {
        "gold_per_min": {
          "raw": 0,
          "pct": 0.16666666666666666
        },
        "xp_per_min": {
          "raw": 113,
          "pct": 0.16666666666666666
        },
        "kills_per_min": {
          "raw": 0.0635593220338983,
          "pct": 0.16666666666666666
        },
        "last_hits_per_min": {
          "raw": 1.5254237288135595,
          "pct": 0.75
        },
        "hero_damage_per_min": {
          "raw": 441.6101694915254,
          "pct": 0.75
        },
        "hero_healing_per_min": {
          "raw": 0,
          "pct": 0.4166666666666667
        },
        "tower_damage": {
          "raw": 87,
          "pct": 0.5833333333333334
        },
        "stuns_per_min": {},
        "lhten": {}
      }
    },
    {
      "player_slot": -25,
      "ability_targets": null,
      "ability_upgrades_arr": [
        5075,
        5076,
        5076,
        -2268,
        5076,
        5077,
        0,
        5074,
        0,
        5074
      ],
      "ability_uses": null,
      "actions": null,
      "additional_units": null,
      "assists": 0,
      "backpack_0": 0,
      "backpack_1": 0,
      "backpack_2": 0,
      "backpack_3": null,
      "buyback_log": null,
      "camps_stacked": null,
      "connection_log": null,
      "creeps_stacked": null,
      "damage": null,
      "damage_inflictor": null,
      "damage_inflictor_received": null,
      "damage_taken": null,
      "damage_targets": null,
      "deaths": 5,
      "denies": 0,
      "dn_t": null,
      "firstblood_claimed": null,
      "gold": 2508,
      "gold_per_min": 0,
      "gold_reasons": null,
      "gold_spent": 3620,
      "gold_t": null,
      "hero_damage": 1020,
      "hero_healing": 0,
      "hero_hits": null,
      "hero_id": 14,
      "item_0": 0,
      "item_1": -13,
      "item_2": 11,
      "item_3": 16,
      "item_4": 20,
      "item_5": 56,
      "item_neutral": 946,
      "item_uses": null,
      "kill_streaks": null,
      "killed": null,
      "killed_by": null,
      "kills": 1,
      "kills_log": null,
      "lane_pos": null,
      "last_hits": 91,
      "leaver_status": 0,
      "level": 10,
      "lh_t": null,
      "life_state": null,
      "max_hero_hit": null,
      "multi_kills": null,
      "net_worth": 6138,
      "obs": null,
      "obs_left_log": null,
      "obs_log": null,
      "obs_placed": null,
      "party_id": 8,
      "party_size": 1,
      "performance_others": null,
      "permanent_buffs": [
        {
          "permanent_buff": 4,
          "stack_count": 1,
          "grant_time": 535
        }
      ],
      "pings": null,
      "pred_vict": null,
      "purchase": null,
      "purchase_log": null,
      "randomed": null,
      "repicked": null,
      "roshans_killed": null,
      "rune_pickups": null,
      "runes": null,
      "runes_log": null,
      "sen": null,
      "sen_left_log": null,
      "sen_log": null,
      "sen_placed": null,
      "stuns": null,
      "teamfight_participation": null,
      "times": null,
      "tower_damage": 0,
      "towers_killed": null,
      "xp_per_min": 436,
      "xp_reasons": null,
      "xp_t": null,
      "start_time": 1669912339,
      "duration": 0,
      "cluster": 153,
      "lobby_type": 7,
      "game_mode": 0,
      "is_contributor": false,
      "patch": 51,
      "region": 0,
      "isRadiant": false,
      "total_gold": 6183,
      "total_xp": 6859,
      "kills_per_min": 0.0635593220338983,
      "kda": 0,
      "abandons": 0,
      "rank_tier": null,
      "is_subscriber": false,
      "cosmetics": [],
      "benchmarks": {
        "gold_per_min": {
          "raw": 393,
          "pct": -0.15588161071901557
        },
        "xp_per_min": {
          "raw": 436,
          "pct": 0.25
        },
        "kills_per_min": {
          "raw": 0.0635593220338983,
          "pct": 0.125
        },
        "last_hits_per_min": {
          "raw": 5.783898305084747,
          "pct": 0.7678571428571429
        },
        "hero_damage_per_min": {
          "raw": 135.82627118644066,
          "pct": 0.017857142857142856
        },
        "hero_healing_per_min": {
          "raw": 0,
          "pct": 0.6428571428571429
        },
        "tower_damage": {
          "raw": 0,
          "pct": 0.30357142857142855
        },
        "stuns_per_min": {
          "raw": 0,
          "pct": 0
        },
        "lhten": {}
      }
    },
    {
      "player_slot": 0,
      "ability_targets": null,
      "ability_upgrades_arr": [
        0,
        5136,
        5134,
        7325,
        -205,
        5137
      ],
      "ability_uses": null,
      "actions": null,
      "additional_units": null,
      "assists": 1,
      "backpack_0": 0,
      "backpack_1": 0,
      "backpack_2": 0,
      "backpack_3": null,
      "buyback_log": null,
      "camps_stacked": null,
      "connection_log": null,
      "creeps_stacked": null,
      "damage": null,
      "damage_inflictor": null,
      "damage_inflictor_received": null,
      "damage_taken": null,
      "damage_targets": null,
      "deaths": 3,
      "denies": 0,
      "dn_t": null,
      "firstblood_claimed": null,
      "gold": 0,
      "gold_per_min": 140,
      "gold_reasons": null,
      "gold_spent": 1835,
      "gold_t": null,
      "hero_damage": 3662,
      "hero_healing": 0,
      "hero_hits": null,
      "hero_id": 31,
      "item_0": 36,
      "item_1": 237,
      "item_2": 29,
      "item_3": 218,
      "item_4": 0,
      "item_5": 216,
      "item_neutral": 0,
      "item_uses": null,
      "kill_streaks": null,
      "killed": null,
      "killed_by": null,
      "kills": 0,
      "kills_log": null,
      "lane_pos": null,
      "last_hits": -3,
      "leaver_status": 0,
      "level": 6,
      "lh_t": null,
      "life_state": null,
      "max_hero_hit": null,
      "multi_kills": null,
      "net_worth": 2146,
      "obs": null,
      "obs_left_log": null,
      "obs_log": null,
      "obs_placed": null,
      "party_id": 9,
      "party_size": 1,
      "performance_others": null,
      "permanent_buffs": [],
      "pings": null,
      "pred_vict": null,
      "purchase": null,
      "purchase_log": null,
      "randomed": null,
      "repicked": null,
      "roshans_killed": null,
      "rune_pickups": null,
      "runes": null,
      "runes_log": null,
      "sen": null,
      "sen_left_log": null,
      "sen_log": null,
      "sen_placed": null,
      "stuns": null,
      "teamfight_participation": null,
      "times": null,
      "tower_damage": 0,
      "towers_killed": null,
      "xp_per_min": 197,
      "xp_reasons": null,
      "xp_t": null,
      "personaname": "bb",
      "name": null,
      "last_login": "2022-07-12T17:18:08.641Z",
      "start_time": 1669912339,
      "duration": 944,
      "cluster": -27,
      "lobby_type": 7,
      "game_mode": 22,
      "is_contributor": false,
      "patch": 51,
      "region": 5,
      "isRadiant": false,
      "total_gold": 2202,
      "total_xp": 880,
      "kda": 0,
      "abandons": 0,
      "rank_tier": 80,
      "is_subscriber": false,
      "cosmetics": [],
      "benchmarks": {
        "gold_per_min": {
          "raw": 140,
          "pct": 0
        },
        "xp_per_min": {
          "raw": 197,
          "pct": 0.07407407407407407
        },
        "kills_per_min": {
          "raw": 0,
          "pct": 0.037037037037037035
        },
        "last_hits_per_min": {
          "raw": 0.5084745762711864,
          "pct": 0.037037037037037035
        },
        "hero_damage_per_min": {
          "raw": 232.7542372881356,
          "pct": 0.037037037037037035
        },
        "hero_healing_per_min": {
          "raw": 0,
          "pct": 0.8148148148148148
        },
        "tower_damage": {},
        "stuns_per_min": {
          "raw": 0,
          "pct": 0
        },
        "lhten": {}
      }
    }
  ],
  "patch": 51,
  "region": 5
}