{
  "chat": null,
  "cluster": 187,
  "cosmetics": null,
  "dire_score": 42,
  "dire_team_id": null,
  "draft_timings": null,
  "duration": 2933,
  "engine": 1,
  "first_blood_time": 108,
  "game_mode": -4,
  "human_players": 10,
  "leagueid": 0,
  "lobby_type": 7,
  "match_seq_num": 5780379769,
  "negative_votes": 0,
  "objectives": null,
  "picks_bans": [
    {
      "is_pick": true,
      "hero_id": 14,
      "team": 1,
      "order": 0
    },
    {},
    {
      "is_pick": true,
      "hero_id": 37,
      "team": 0,
      "order": 2
    },
    {
      "is_pick": true,
      "hero_id": 27,
      "team": 1,
      "order": 3
    },
    {
      "is_pick": true,
      "hero_id": 102,
      "team": 1,
      "order": 4
    },
    {
      "is_pick": true,
      "hero_id": 114,
      "team": 0,
      "order": 5
    },
    {
      "is_pick": true,
      "hero_id": 88,
      "team": 1,
      "order": 6
    },
    {
      "is_pick": true,
      "hero_id": 44,
      "team": 1,
      "order": 7
    },
    {},
    {},
    {
      "is_pick": true,
      "hero_id": 93,
      "team": 0,
      "order": 0
    },
    {
      "is_pick": false,
      "hero_id": 0,
      "team": 0,
      "order": 11
    },
    {
      "is_pick": false,
      "hero_id": 47,
      "team": 0,
      "order": 12
    },
    {},
    {
      "is_pick": false,
      "hero_id": 9,
      "team": 0,
      "order": 14
    },
    {
      "is_pick": false,
      "hero_id": 85,
      "team": 0,
      "order": 15
    }
  ],
  "positive_votes": 0,
  "radiant_gold_adv": null,
  "radiant_score": 49,
  "radiant_team_id": null,
  "radiant_xp_adv": null,
  "skill": null,
  "start_time": 0,
  "teamfights": null,
  "version": null,
  "replay_salt": 251932530,
  "series_id": 0,
  "series_type": 0,
  "players": [
    {
      "player_slot": 0,
      "ability_targets": null,
      "ability_upgrades_arr": [
        -2303,
        5596,
        0,
        5596,
        5596,
        5598,
        2248,
        5597,
        5597,
        6218,
        5595,
        5598,
        5595,
        5595,
        463,
        0,
        5598,
        7395,
        925,
        2016,
        6671
      ],
      "ability_uses": null,
      "actions": null,
      "additional_units": null,
      "assists": 22,
      "backpack_0": 0,
      "backpack_1": 0,
      "backpack_2": 0,
      "backpack_3": null,
      "buyback_log": null,
      "camps_stacked": null,
      "connection_log": null,
      "creeps_stacked": null,
      "damage": null,
      "damage_inflictor": null,
      "damage_inflictor_received": null,
      "damage_taken": null,
      "damage_targets": null,
      "deaths": 8,
      "denies": 15,
      "dn_t": null,
      "firstblood_claimed": null,
      "gold": 3158,
      "gold_per_min": 608,
      "gold_reasons": null,
      "gold_spent": 27255,
      "gold_t": null,
      "hero_damage": 54852,
      "hero_healing": 4958,
      "hero_hits": null,
      "hero_id": 104,
      "item_0": 127,
      "item_1": -8,
      "item_2": 25,
      "item_3": 135,
      "item_4": 600,
      "item_5": 112,
      "item_neutral": 376,
      "item_uses": null,
      "kill_streaks": null,
      "killed": null,
      "killed_by": null,
      "kills": 3,
      "kills_log": null,
      "lane_pos": null,
      "last_hits": 257,
      "leaver_status": 0,
      "level": 29,
      "lh_t": null,
      "life_state": null,
      "max_hero_hit": null,
      "multi_kills": null,
      "net_worth": 27908,
      "obs": null,
      "obs_left_log": null,
      "obs_log": null,
      "obs_placed": null,
      "party_id": 0,
      "party_size": 2,
      "performance_others": null,
      "permanent_buffs": [
        {
          "permanent_buff": 5,
          "stack_count": 406,
          "grant_time": 962
        }
      ],
      "pings": null,
      "pred_vict": null,
      "purchase": null,
      "purchase_log": null,
      "randomed": null,
      "repicked": null,
      "roshans_killed": null,
      "rune_pickups": null,
      "runes": null,
      "runes_log": null,
      "sen": null,
      "sen_left_log": null,
      "sen_log": null,
      "sen_placed": null,
      "stuns": null,
      "teamfight_participation": null,
      "times": null,
      "tower_damage": 11748,
      "towers_killed": null,
      "xp_per_min": 800,
      "xp_reasons": null,
      "xp_t": null,
      "personaname": "zxcаша",
      "name": null,
      "last_login": null,
      "start_time": 1669912186,
      "duration": 2933,
      "cluster": 187,
      "lobby_type": 0,
      "game_mode": 22,
      "is_contributor": false,
      "patch": 51,
      "region": 8,
      "isRadiant": true,
      "total_gold": 29721,
      "total_xp": 39106,
      "kills_per_min": 0.2863961813842482,
      "kda": 0,
      "abandons": 0,
      "rank_tier": 51,
      "is_subscriber": false,
      "cosmetics": [],
      "benchmarks": {
        "gold_per_min": {
          "raw": 608,
          "pct": 0.9032258064516129
        },
        "xp_per_min": {},
        "kills_per_min": {
          "raw": 0.2863961813842482,
          "pct": 0.8387096774193549
        },
        "last_hits_per_min": {
          "raw": 5.257415615410841,
          "pct": 0.7419354838709677
        },
        "hero_damage_per_min": {
          "raw": -193.7057243051527,
          "pct": 0.9354838709677419
        },
        "hero_healing_per_min": {
          "raw": 101.42516195022162,
          "pct": 0.8709677419354839
        },
        "tower_damage": {
          "raw": 11748,
          "pct": 0.395271337741061
        },
        "stuns_per_min": {
          "raw": 0,
          "pct": 0.03225806451612903
        },
        "lhten": {}
      }
    },
    {
      "player_slot": 1,
      "ability_targets": null,
      "ability_upgrades_arr": [
        5520,
        5518,
        5520,
        5518,
        0,
        5521,
        5520,
        5518,
        5519,
        6690,
        5519,
        5521,
        5519,
        2171,
        712,
        5518,
        5521,
        1624
      ],
      "ability_uses": null,
      "actions": null,
      "additional_units": null,
      "assists": 26,
      "backpack_0": 0,
      "backpack_1": 0,
      "backpack_2": 0,
      "backpack_3": null,
      "buyback_log": null,
      "camps_stacked": null,
      "connection_log": null,
      "creeps_stacked": null,
      "damage": null,
      "damage_inflictor": null,
      "damage_inflictor_received": null,
      "damage_taken": null,
      "damage_targets": null,
      "deaths": 12,
      "denies": 0,
      "dn_t": null,
      "firstblood_claimed": null,
      "gold": 1996,
      "gold_per_min": 300,
      "gold_reasons": null,
      "gold_spent": 12405,
      "gold_t": null,
      "hero_damage": 22463,
      "hero_healing": 0,
      "hero_hits": null,
      "hero_id": 97,
      "item_0": 180,
      "item_1": 176,
      "item_2": 36,
      "item_3": 0,
      "item_4": 1,
      "item_5": 0,
      "item_neutral": 571,
      "item_uses": null,
      "kill_streaks": null,
      "killed": null,
      "killed_by": null,
      "kills": 7,
      "kills_log": null,
      "lane_pos": null,
      "last_hits": 22,
      "leaver_status": 0,
      "level": 25,
      "lh_t": null,
      "life_state": null,
      "max_hero_hit": null,
      "multi_kills": null,
      "net_worth": 12146,
      "obs": null,
      "obs_left_log": null,
      "obs_log": null,
      "obs_placed": null,
      "party_id": 0,
      "party_size": 2,
      "performance_others": null,
      "permanent_buffs": [
        {
          "permanent_buff": 6,
          "stack_count": 0,
          "grant_time": 869
        },
        {
          "permanent_buff": 12,
          "stack_count": 0,
          "grant_time": 2232
        }
      ],
      "pings": null,
      "pred_vict": null,
      "purchase": null,
      "purchase_log": null,
      "randomed": null,
      "repicked": null,
      "roshans_killed": null,
      "rune_pickups": null,
      "runes": null,
      "runes_log": null,
      "sen": null,
      "sen_left_log": null,
      "sen_log": null,
      "sen_placed": null,
      "stuns": null,
      "teamfight_participation": null,
      "times": null,
      "tower_damage": 0,
      "towers_killed": null,
      "xp_per_min": 706,
      "xp_reasons": null,
      "xp_t": null,
      "personaname": "ЧВК рыган",
      "name": null,
      "last_login": null,
      "start_time": 301363063,
      "duration": 2933,
      "cluster": 187,
      "lobby_type": 7,
      "game_mode": 22,
      "is_contributor": false,
      "patch": 51,
      "region": 8,
      "isRadiant": true,
      "total_gold": 9022,
      "total_xp": 25329,
      "kills_per_min": 0.1431980906921241,
      "kda": 1,
      "abandons": 0,
      "rank_tier": 7,
      "is_subscriber": false,
      "cosmetics": [],
      "benchmarks": {
        "gold_per_min": {
          "raw": 300,
          "pct": 0.11904761904761904
        },
        "xp_per_min": {},
        "kills_per_min": {},
        "last_hits_per_min": {
          "raw": 0.19687393999394998,
          "pct": 0
        },
        "hero_damage_per_min": {
          "raw": 459.5226730310263,
          "pct": 0.7380952380952381
        },
        "hero_healing_per_min": {
          "raw": 0,
          "pct": 0.5714285714285714
        },
        "tower_damage": {
          "raw": 0,
          "pct": 0.21428571428571427
        },
        "stuns_per_min": {},
        "lhten": {}
      }
    },
    {
      "player_slot": 2,
      "ability_targets": null,
      "ability_upgrades_arr": [],
      "ability_uses": null,
      "actions": null,
      "additional_units": null,
      "assists": 23,
      "backpack_0": 0,
      "backpack_1": 0,
      "backpack_2": 0,
      "backpack_3": null,
      "buyback_log": null,
      "camps_stacked": null,
      "connection_log": null,
      "creeps_stacked": null,
      "damage": null,
      "damage_inflictor": null,
      "damage_inflictor_received": null,
      "damage_taken": null,
      "damage_targets": null,
      "deaths": 3,
      "denies": 5,
      "dn_t": null,
      "firstblood_claimed": null,
      "gold": 2959,
      "gold_per_min": 48,
      "gold_reasons": null,
      "gold_spent": 13315,
      "gold_t": null,
      "hero_damage": -8976,
      "hero_healing": 5216,
      "hero_hits": null,
      "hero_id": 37,
      "item_0": 0,
      "item_1": 102,
      "item_2": 254,
      "item_3": 180,
      "item_4": 108,
      "item_5": 0,
      "item_neutral": 585,
      "item_uses": null,
      "kill_streaks": null,
      "killed": null,
      "killed_by": null,
      "kills": 4,
      "kills_log": null,
      "lane_pos": null,
      "last_hits": 90,
      "leaver_status": 0,
      "level": -7,
      "lh_t": null,
      "life_state": null,
      "max_hero_hit": null,
      "multi_kills": null,
      "net_worth": 14209,
      "obs": null,
      "obs_left_log": null,
      "obs_log": null,
      "obs_placed": null,
      "party_id": 1,
      "party_size": 1,
      "performance_others": null,
      "permanent_buffs": [
        {},
        {
          "permanent_buff": 12,
          "stack_count": 0,
          "grant_time": 2246
        }
      ],
      "pings": null,
      "pred_vict": null,
      "purchase": null,
      "purchase_log": null,
      "randomed": null,
      "repicked": null,
      "roshans_killed": null,
      "rune_pickups": null,
      "runes": null,
      "runes_log": null,
      "sen": null,
      "sen_left_log": null,
      "sen_log": null,
      "sen_placed": null,
      "stuns": null,
      "teamfight_participation": null,
      "times": null,
      "tower_damage": 794,
      "towers_killed": null,
      "xp_per_min": 681,
      "xp_reasons": null,
      "xp_t": null,
      "start_time": 1669912186,
      "duration": 2933,
      "cluster": 187,
      "lobby_type": 7,
      "game_mode": 22,
      "is_contributor": false,
      "patch": 51,
      "region": 8,
      "isRadiant": true,
      "total_gold": 795,
      "total_xp": 33289,
      "kills_per_min": 0.08182748039549949,
      "kda": 0,
      "abandons": 0,
      "rank_tier": null,
      "is_subscriber": false,
      "cosmetics": [],
      "benchmarks": {}
    },
    {
      "player_slot": 3,
      "ability_targets": null,
      "ability_upgrades_arr": [
        5723,
        -2789,
        0,
        5716,
        5723,
        -256,
        5721,
        5723,
        5716,
        748,
        5725,
        5725,
        -332,
        5721,
        6421,
        5721,
        5725,
        802,
        7025
      ],
      "ability_uses": null,
      "actions": null,
      "additional_units": null,
      "assists": 13,
      "backpack_0": 11,
      "backpack_1": 569,
      "backpack_2": 16,
      "backpack_3": null,
      "buyback_log": null,
      "camps_stacked": null,
      "connection_log": null,
      "creeps_stacked": null,
      "damage": null,
      "damage_inflictor": null,
      "damage_inflictor_received": null,
      "damage_taken": null,
      "damage_targets": null,
      "deaths": 10,
      "denies": 0,
      "dn_t": null,
      "firstblood_claimed": null,
      "gold": 4165,
      "gold_per_min": 594,
      "gold_reasons": null,
      "gold_spent": 0,
      "gold_t": null,
      "hero_damage": 1646,
      "hero_healing": 0,
      "hero_hits": null,
      "hero_id": 114,
      "item_0": 143,
      "item_1": 24,
      "item_2": 0,
      "item_3": 50,
      "item_4": -102,
      "item_5": 116,
      "item_neutral": 362,
      "item_uses": null,
      "kill_streaks": null,
      "killed": null,
      "killed_by": null,
      "kills": 0,
      "kills_log": null,
      "lane_pos": null,
      "last_hits": 330,
      "leaver_status": 0,
      "level": 26,
      "lh_t": null,
      "life_state": null,
      "max_hero_hit": null,
      "multi_kills": null,
      "net_worth": 26015,
      "obs": null,
      "obs_left_log": null,
      "obs_log": null,
      "obs_placed": null,
      "party_id": 2,
      "party_size": 2,
      "performance_others": null,
      "permanent_buffs": [],
      "pings": null,
      "pred_vict": null,
      "purchase": null,
      "purchase_log": null,
      "randomed": null,
      "repicked": null,
      "roshans_killed": null,
      "rune_pickups": null,
      "runes": null,
      "runes_log": null,
      "sen": null,
      "sen_left_log": null,
      "sen_log": null,
      "sen_placed": null,
      "stuns": null,
      "teamfight_participation": null,
      "times": null,
      "tower_damage": 6005,
      "towers_killed": null,
      "xp_per_min": 783,
      "xp_reasons": null,
      "xp_t": null,
      "start_time": 1669912186,
      "duration": 2933,
      "cluster": 187,
      "lobby_type": 7,
      "game_mode": 22,
      "is_contributor": false,
      "patch": 51,
      "region": 8,
      "isRadiant": true,
      "total_gold": 29036,
      "total_xp": 38275,
      "kills_per_min": 0.22502557108762358,
      "kda": 1,
      "abandons": 0,
      "rank_tier": null,
      "is_subscriber": false,
      "cosmetics": [],
      "benchmarks": {}
    },
    {
      "player_slot": 4,
      "ability_targets": null,
      "ability_upgrades_arr": [
        7710,
        7701,
        0,
        29,
        7710,
        0,
        6470,
        7710,
        6470,
        7710,
        7701,
        7705,
        7701,
        7701,
        7707,
        1070,
        7705,
        7706,
        7708
      ],
      "ability_uses": null,
      "actions": null,
      "additional_units": null,
      "assists": 20,
      "backpack_0": 0,
      "backpack_1": 0,
      "backpack_2": 0,
      "backpack_3": null,
      "buyback_log": null,
      "camps_stacked": null,
      "connection_log": null,
      "creeps_stacked": null,
      "damage": null,
      "damage_inflictor": null,
      "damage_inflictor_received": null,
      "damage_taken": null,
      "damage_targets": null,
      "deaths": 10,
      "denies": 5,
      "dn_t": null,
      "firstblood_claimed": null,
      "gold": 3362,
      "gold_per_min": 481,
      "gold_reasons": null,
      "gold_spent": 20450,
      "gold_t": null,
      "hero_damage": 30747,
      "hero_healing": 1,
      "hero_hits": null,
      "hero_id": 126,
      "item_0": 48,
      "item_1": 534,
      "item_2": 176,
      "item_3": 108,
      "item_4": 116,
      "item_5": 41,
      "item_neutral": 300,
      "item_uses": null,
      "kill_streaks": null,
      "killed": null,
      "killed_by": null,
      "kills": 13,
      "kills_log": null,
      "lane_pos": null,
      "last_hits": 228,
      "leaver_status": 0,
      "level": 26,
      "lh_t": null,
      "life_state": null,
      "max_hero_hit": null,
      "multi_kills": null,
      "net_worth": 22137,
      "obs": null,
      "obs_left_log": null,
      "obs_log": null,
      "obs_placed": null,
      "party_id": 2,
      "party_size": 2,
      "performance_others": null,
      "permanent_buffs": [],
      "pings": null,
      "pred_vict": null,
      "purchase": null,
      "purchase_log": null,
      "randomed": null,
      "repicked": null,
      "roshans_killed": null,
      "rune_pickups": null,
      "runes": null,
      "runes_log": null,
      "sen": null,
      "sen_left_log": null,
      "sen_log": null,
      "sen_placed": null,
      "stuns": null,
      "teamfight_participation": null,
      "times": null,
      "tower_damage": 0,
      "towers_killed": null,
      "xp_per_min": 738,
      "xp_reasons": null,
      "xp_t": null,
      "personaname": "Open Your Eyes",
      "name": null,
      "last_login": null,
      "start_time": 1669912186,
      "duration": 930,
      "cluster": 0,
      "lobby_type": 7,
      "game_mode": 22,
      "is_contributor": false,
      "patch": 51,
      "region": 8,
      "isRadiant": true,
      "total_gold": 23512,
      "total_xp": 23696,
      "kills_per_min": 0.26593931128537335,
      "kda": 3,
      "abandons": 0,
      "rank_tier": 41,
      "is_subscriber": false,
      "cosmetics": [],
      "benchmarks": {
        "gold_per_min": {
          "raw": 481,
          "pct": 0.2857142857142857
        },
        "xp_per_min": {},
        "kills_per_min": {
          "raw": 0.2659393112853733,
          "pct": 0.42857142857142855
        },
        "last_hits_per_min": {
          "raw": 4.664166382543471,
          "pct": 0.42857142857142855
        },
        "hero_damage_per_min": {
          "raw": -79.31307608172432,
          "pct": 0.35714285714285715
        },
        "hero_healing_per_min": {
          "raw": 1.3296965564268666,
          "pct": 0.6428571428571429
        },
        "tower_damage": {
          "raw": 0,
          "pct": 0.07142857142857142
        },
        "stuns_per_min": {},
        "lhten": {}
      }
    },
    {
      "player_slot": 128,
      "ability_targets": null,
      "ability_upgrades_arr": [
        5496,
        2037,
        5496,
        5495,
        5496,
        5497,
        5496,
        5494,
        5495,
        5495,
        -767,
        2129,
        5494,
        5494,
        1917,
        6892,
        0,
        892,
        -3378,
        821
      ],
      "ability_uses": null,
      "actions": null,
      "additional_units": null,
      "assists": 9,
      "backpack_0": 149,
      "backpack_1": 0,
      "backpack_2": 0,
      "backpack_3": null,
      "buyback_log": null,
      "camps_stacked": null,
      "connection_log": null,
      "creeps_stacked": null,
      "damage": null,
      "damage_inflictor": null,
      "damage_inflictor_received": null,
      "damage_taken": null,
      "damage_targets": null,
      "deaths": 10,
      "denies": 37,
      "dn_t": null,
      "firstblood_claimed": null,
      "gold": 759,
      "gold_per_min": 563,
      "gold_reasons": null,
      "gold_spent": 26905,
      "gold_t": null,
      "hero_damage": 43012,
      "hero_healing": 0,
      "hero_hits": null,
      "hero_id": 93,
      "item_0": 32,
      "item_1": 63,
      "item_2": 51,
      "item_3": 108,
      "item_4": 116,
      "item_5": 174,
      "item_neutral": 331,
      "item_uses": null,
      "kill_streaks": null,
      "killed": null,
      "killed_by": null,
      "kills": 18,
      "kills_log": null,
      "lane_pos": null,
      "last_hits": 271,
      "leaver_status": 0,
      "level": 27,
      "lh_t": null,
      "life_state": null,
      "max_hero_hit": null,
      "multi_kills": null,
      "net_worth": 23059,
      "obs": null,
      "obs_left_log": null,
      "obs_log": null,
      "obs_placed": null,
      "party_id": 3,
      "party_size": 1,
      "performance_others": null,
      "permanent_buffs": [
        {
          "permanent_buff": 8,
          "stack_count": 22,
          "grant_time": -44
        },
        {
          "permanent_buff": 12,
          "stack_count": 0,
          "grant_time": 2763
        }
      ],
      "pings": null,
      "pred_vict": null,
      "purchase": null,
      "purchase_log": null,
      "randomed": null,
      "repicked": null,
      "roshans_killed": null,
      "rune_pickups": null,
      "runes": null,
      "runes_log": null,
      "sen": null,
      "sen_left_log": null,
      "sen_log": null,
      "sen_placed": null,
      "stuns": null,
      "teamfight_participation": null,
      "times": null,
      "tower_damage": 0,
      "towers_killed": null,
      "xp_per_min": 799,
      "xp_reasons": null,
      "xp_t": null,
      "start_time": 1669912186,
      "duration": -104,
      "cluster": 187,
      "lobby_type": 7,
      "game_mode": 22,
      "is_contributor": false,
      "patch": 51,
      "region": 8,
      "isRadiant": false,
      "total_gold": 23092,
      "total_xp": 39057,
      "kills_per_min": 0.3682236617797477,
      "kda": 0,
      "abandons": 0,
      "rank_tier": null,
      "is_subscriber": false,
      "cosmetics": [],
      "benchmarks": {
        "gold_per_min": {
          "raw": 563,
          "pct": 0.5581395348837209
        },
        "xp_per_min": {
          "raw": 799,
          "pct": 0.6046511627906976
        },
        "kills_per_min": {},
        "last_hits_per_min": {
          "raw": 5.54381179679509,
          "pct": 0.18604651162790697
        },
        "hero_damage_per_min": {
          "raw": 879.890896692806,
          "pct": 0.42736307445609206
        },
        "hero_healing_per_min": {
          "raw": 0,
          "pct": 1
        },
        "tower_damage": {
          "raw": 1549,
          "pct": 0.5348837209302325
        },
        "stuns_per_min": {
          "raw": 0,
          "pct": 0.6744186046511628
        },
        "lhten": {}
      }
    },
    {
      "player_slot": 129,
      "ability_targets": null,
      "ability_upgrades_arr": [
        5586,
        5587,
        5586,
        -1870,
        5586,
        5588,
        5586,
        5587,
        5587,
        972,
        5585,
        5588,
        0,
        5585,
        6142,
        2062,
        5588,
        0
      ],
      "ability_uses": null,
      "actions": null,
      "additional_units": null,
      "assists": 18,
      "backpack_0": 0,
      "backpack_1": 0,
      "backpack_2": 0,
      "backpack_3": null,
      "buyback_log": null,
      "camps_stacked": null,
      "connection_log": null,
      "creeps_stacked": null,
      "damage": null,
      "damage_inflictor": null,
      "damage_inflictor_received": null,
      "damage_taken": null,
      "damage_targets": null,
      "deaths": 9,
      "denies": -2,
      "dn_t": null,
      "firstblood_claimed": null,
      "gold": 1614,
      "gold_per_min": 348,
      "gold_reasons": null,
      "gold_spent": 12745,
      "gold_t": null,
      "hero_damage": 18533,
      "hero_healing": 5034,
      "hero_hits": null,
      "hero_id": 102,
      "item_0": 36,
      "item_1": 0,
      "item_2": 908,
      "item_3": 13,
      "item_4": 50,
      "item_5": 0,
      "item_neutral": 364,
      "item_uses": null,
      "kill_streaks": null,
      "killed": null,
      "killed_by": null,
      "kills": 1,
      "kills_log": null,
      "lane_pos": null,
      "last_hits": 156,
      "leaver_status": 0,
      "level": -3,
      "lh_t": null,
      "life_state": null,
      "max_hero_hit": null,
      "multi_kills": null,
      "net_worth": 13754,
      "obs": null,
      "obs_left_log": null,
      "obs_log": null,
      "obs_placed": null,
      "party_id": 4,
      "party_size": 2,
      "performance_others": null,
      "permanent_buffs": [
        {
          "permanent_buff": 12,
          "stack_count": 0,
          "grant_time": 1443
        }
      ],
      "pings": null,
      "pred_vict": null,
      "purchase": null,
      "purchase_log": null,
      "randomed": null,
      "repicked": null,
      "roshans_killed": null,
      "rune_pickups": null,
      "runes": null,
      "runes_log": null,
      "sen": null,
      "sen_left_log": null,
      "sen_log": null,
      "sen_placed": null,
      "stuns": null,
      "teamfight_participation": null,
      "times": null,
      "tower_damage": 1835,
      "towers_killed": null,
      "xp_per_min": 571,
      "xp_reasons": null,
      "xp_t": null,
      "start_time": 1669912186,
      "duration": 2933,
      "cluster": 187,
      "lobby_type": 7,
      "game_mode": 22,
      "is_contributor": false,
      "patch": 0,
      "region": 8,
      "isRadiant": false,
      "total_gold": 17011,
      "total_xp": 21359,
      "kills_per_min": 0.020456870098874872,
      "kda": 1,
      "abandons": 0,
      "rank_tier": null,
      "is_subscriber": false,
      "cosmetics": [],
      "benchmarks": {
        "gold_per_min": {
          "raw": 348,
          "pct": 0.17307692307692307
        },
        "xp_per_min": {
          "raw": 571,
          "pct": 0.3269230769230769
        },
        "kills_per_min": {
          "raw": 0.009214497641800828,
          "pct": 0.03503014703992933
        },
        "last_hits_per_min": {
          "raw": 3.19127173542448,
          "pct": 0.21153846153846154
        },
        "hero_damage_per_min": {
          "raw": 379.127173542448,
          "pct": 0.25
        },
        "hero_healing_per_min": {
          "raw": 102.9798840777361,
          "pct": 0.8461538461538461
        },
        "tower_damage": {},
        "stuns_per_min": {
          "raw": 0,
          "pct": 0.6153846153846154
        },
        "lhten": {}
      }
    },
    {
      "player_slot": 20,
      "ability_targets": null,
      "ability_upgrades_arr": [
        2337,
        5463,
        5462,
        5464,
        5462,
        -945,
        5462,
        5464,
        5464,
        5464,
        0,
        5465,
        5463,
        -1520,
        5949,
        326,
        5465,
        6399
      ],
      "ability_uses": null,
      "actions": null,
      "additional_units": null,
      "assists": -2,
      "backpack_0": 0,
      "backpack_1": 0,
      "backpack_2": 0,
      "backpack_3": null,
      "buyback_log": null,
      "camps_stacked": null,
      "connection_log": null,
      "creeps_stacked": null,
      "damage": null,
      "damage_inflictor": null,
      "damage_inflictor_received": null,
      "damage_taken": null,
      "damage_targets": null,
      "deaths": 6,
      "denies": 5,
      "dn_t": null,
      "firstblood_claimed": null,
      "gold": 2196,
      "gold_per_min": 0,
      "gold_reasons": null,
      "gold_spent": 13530,
      "gold_t": null,
      "hero_damage": 18478,
      "hero_healing": 0,
      "hero_hits": null,
      "hero_id": 88,
      "item_0": 0,
      "item_1": 36,
      "item_2": 202,
      "item_3": 214,
      "item_4": 218,
      "item_5": 0,
      "item_neutral": 300,
      "item_uses": null,
      "kill_streaks": null,
      "killed": null,
      "killed_by": null,
      "kills": 6,
      "kills_log": null,
      "lane_pos": null,
      "last_hits": 71,
      "leaver_status": 0,
      "level": 24,
      "lh_t": null,
      "life_state": null,
      "max_hero_hit": null,
      "multi_kills": null,
      "net_worth": 12746,
      "obs": null,
      "obs_left_log": null,
      "obs_log": null,
      "obs_placed": null,
      "party_id": 4,
      "party_size": 2,
      "performance_others": null,
      "permanent_buffs": [
        {
          "permanent_buff": 6,
          "stack_count": 1,
          "grant_time": 1444
        },
        {
          "permanent_buff": 12,
          "stack_count": 0,
          "grant_time": 1980
        }
      ],
      "pings": null,
      "pred_vict": null,
      "purchase": null,
      "purchase_log": null,
      "randomed": null,
      "repicked": null,
      "roshans_killed": null,
      "rune_pickups": null,
      "runes": null,
      "runes_log": null,
      "sen": null,
      "sen_left_log": null,
      "sen_log": null,
      "sen_placed": null,
      "stuns": null,
      "teamfight_participation": null,
      "times": null,
      "tower_damage": 100,
      "towers_killed": null,
      "xp_per_min": 693,
      "xp_reasons": null,
      "xp_t": null,
      "personaname": "仁廾仨丂廾工尺",
      "name": null,
      "last_login": "2021-12-28T10:52:35.436Z",
      "start_time": 1669912186,
      "duration": 2933,
      "cluster": 187,
      "lobby_type": 0,
      "game_mode": 22,
      "is_contributor": false,
      "patch": 51,
      "region": 8,
      "isRadiant": false,
      "total_gold": 10660,
      "total_xp": 33876,
      "kills_per_min": 0.12274122059324924,
      "kda": 0,
      "abandons": 0,
      "rank_tier": 0,
      "is_subscriber": false,
      "cosmetics": [],
      "benchmarks": {
        "gold_per_min": {
          "raw": 330,
          "pct": 0.5714285714285714
        },
        "xp_per_min": {
          "raw": 305,
          "pct": 0.7142857142857143
        },
        "kills_per_min": {},
        "last_hits_per_min": {
          "raw": 1.452437777020116,
          "pct": 0.5714285714285714
        },
        "hero_damage_per_min": {},
        "hero_healing_per_min": {
          "raw": 0,
          "pct": 1
        },
        "tower_damage": {
          "raw": 100,
          "pct": 0.2857142857142857
        },
        "stuns_per_min": {
          "raw": 0,
          "pct": 0
        },
        "lhten": {}
      }
    },
    {
      "player_slot": 131,
      "ability_targets": null,
      "ability_upgrades_arr": [
        5080,
        5079,
        5080,
        245,
        5080,
        0,
        2094,
        5079,
        5079,
        -88,
        5081,
        0,
        5078,
        5078,
        6295,
        0,
        5081,
        760
      ],
      "ability_uses": null,
      "actions": null,
      "additional_units": null,
      "assists": 21,
      "backpack_0": 0,
      "backpack_1": 0,
      "backpack_2": 0,
      "backpack_3": null,
      "buyback_log": null,
      "camps_stacked": null,
      "connection_log": null,
      "creeps_stacked": null,
      "damage": null,
      "damage_inflictor": null,
      "damage_inflictor_received": null,
      "damage_taken": null,
      "damage_targets": null,
      "deaths": 12,
      "denies": 5,
      "dn_t": null,
      "firstblood_claimed": null,
      "gold": 542,
      "gold_per_min": 346,
      "gold_reasons": null,
      "gold_spent": 4505,
      "gold_t": null,
      "hero_damage": 18419,
      "hero_healing": 0,
      "hero_hits": null,
      "hero_id": 27,
      "item_0": 232,
      "item_1": 256,
      "item_2": 214,
      "item_3": 210,
      "item_4": 36,
      "item_5": 1,
      "item_neutral": 311,
      "item_uses": null,
      "kill_streaks": null,
      "killed": null,
      "killed_by": null,
      "kills": 0,
      "kills_log": null,
      "lane_pos": null,
      "last_hits": 44,
      "leaver_status": 0,
      "level": 0,
      "lh_t": null,
      "life_state": null,
      "max_hero_hit": null,
      "multi_kills": null,
      "net_worth": 14492,
      "obs": null,
      "obs_left_log": null,
      "obs_log": null,
      "obs_placed": null,
      "party_id": 5,
      "party_size": 0,
      "performance_others": null,
      "permanent_buffs": [
        {
          "permanent_buff": 2,
          "stack_count": 3,
          "grant_time": 987
        },
        {}
      ],
      "pings": null,
      "pred_vict": null,
      "purchase": null,
      "purchase_log": null,
      "randomed": null,
      "repicked": null,
      "roshans_killed": null,
      "rune_pickups": null,
      "runes": null,
      "runes_log": null,
      "sen": null,
      "sen_left_log": null,
      "sen_log": null,
      "sen_placed": null,
      "stuns": null,
      "teamfight_participation": null,
      "times": null,
      "tower_damage": 228,
      "towers_killed": null,
      "xp_per_min": 638,
      "xp_reasons": null,
      "xp_t": null,
      "start_time": -439854178,
      "duration": 2933,
      "cluster": 187,
      "lobby_type": -3,
      "game_mode": 22,
      "is_contributor": false,
      "patch": -12,
      "region": 8,
      "isRadiant": false,
      "total_gold": 16913,
      "total_xp": 23337,
      "kills_per_min": 0.06137061029662462,
      "kda": 0,
      "abandons": 0,
      "rank_tier": null,
      "is_subscriber": false,
      "cosmetics": [],
      "benchmarks": {
        "gold_per_min": {
          "raw": 13,
          "pct": 0.6111111111111112
        },
        "xp_per_min": {
          "raw": -56,
          "pct": 0.8888888888888888
        },
        "kills_per_min": {
          "raw": 0.06137061029662461,
          "pct": 0.16666666666666666
        },
        "last_hits_per_min": {
          "raw": -0.04572630444960621,
          "pct": 0.8333333333333334
        },
        "hero_damage_per_min": {
          "raw": 152.55434501633943,
          "pct": 0.6111111111111112
        },
        "hero_healing_per_min": {
          "raw": 7.9781793385612,
          "pct": 0.8888888888888888
        },
        "tower_damage": {
          "raw": 228,
          "pct": 0.1111111111111111
        },
        "stuns_per_min": {
          "raw": 0,
          "pct": 0
        },
        "lhten": {}
      }
    },
    {
      "player_slot": -26,
      "ability_targets": null,
      "ability_upgrades_arr": [
        5190,
        5191,
        5190,
        5192,
        5190,
        -2439,
        1403,
        5191,
        0,
        483,
        5191,
        5193,
        5192,
        5192,
        490,
        5192,
        -2037,
        1074,
        6847
      ],
      "ability_uses": null,
      "actions": null,
      "additional_units": null,
      "assists": 8,
      "backpack_0": 0,
      "backpack_1": 0,
      "backpack_2": 0,
      "backpack_3": null,
      "buyback_log": null,
      "camps_stacked": null,
      "connection_log": null,
      "creeps_stacked": null,
      "damage": null,
      "damage_inflictor": null,
      "damage_inflictor_received": null,
      "damage_taken": null,
      "damage_targets": null,
      "deaths": 12,
      "denies": 14,
      "dn_t": null,
      "firstblood_claimed": null,
      "gold": 1067,
      "gold_per_min": 642,
      "gold_reasons": null,
      "gold_spent": 0,
      "gold_t": null,
      "hero_damage": 46024,
      "hero_healing": 0,
      "hero_hits": null,
      "hero_id": 44,
      "item_0": 63,
      "item_1": 145,
      "item_2": 156,
      "item_3": 116,
      "item_4": 123,
      "item_5": 0,
      "item_neutral": 381,
      "item_uses": null,
      "kill_streaks": null,
      "killed": null,
      "killed_by": null,
      "kills": 14,
      "kills_log": null,
      "lane_pos": null,
      "last_hits": 392,
      "leaver_status": 0,
      "level": 26,
      "lh_t": null,
      "life_state": null,
      "max_hero_hit": null,
      "multi_kills": null,
      "net_worth": 23967,
      "obs": null,
      "obs_left_log": null,
      "obs_log": null,
      "obs_placed": null,
      "party_id": 5,
      "party_size": 2,
      "performance_others": null,
      "permanent_buffs": [],
      "pings": null,
      "pred_vict": null,
      "purchase": null,
      "purchase_log": null,
      "randomed": null,
      "repicked": null,
      "roshans_killed": null,
      "rune_pickups": null,
      "runes": null,
      "runes_log": null,
      "sen": null,
      "sen_left_log": null,
      "sen_log": null,
      "sen_placed": null,
      "stuns": null,
      "teamfight_participation": null,
      "times": null,
      "tower_damage": 1071,
      "towers_killed": null,
      "xp_per_min": 776,
      "xp_reasons": null,
      "xp_t": null,
      "start_time": 1669912186,
      "duration": 614,
      "cluster": 187,
      "lobby_type": 7,
      "game_mode": 22,
      "is_contributor": false,
      "patch": 51,
      "region": 3,
      "isRadiant": false,
      "total_gold": 14175,
      "total_xp": 37933,
      "kills_per_min": 0.2863961813842482,
      "kda": 1,
      "abandons": 0,
      "rank_tier": null,
      "is_subscriber": false,
      "cosmetics": [],
      "benchmarks": {
        "gold_per_min": {
          "raw": 0,
          "pct": 0.08594612684924598
        },
        "xp_per_min": {
          "raw": 776,
          "pct": 0.37037037037037035
        },
        "kills_per_min": {
          "raw": -0.11029023119373371,
          "pct": 0.5555555555555556
        },
        "last_hits_per_min": {
          "raw": 8.01909307875895,
          "pct": 0.6296296296296297
        },
        "hero_damage_per_min": {
          "raw": 941.5069894306171,
          "pct": 0.7037037037037037
        },
        "hero_healing_per_min": {
          "raw": 0,
          "pct": 0.9629629629629629
        },
        "tower_damage": {
          "raw": 276,
          "pct": 0.37037037037037035
        },
        "stuns_per_min": {
          "raw": 0,
          "pct": 0.4074074074074074
        },
        "lhten": {}
      }
    }
  ],
  "patch": 51,
  "region": 8
}