{
  "chat": null,
  "cluster": 274,
  "cosmetics": null,
  "dire_score": 51,
  "dire_team_id": null,
  "draft_timings": null,
  "duration": 0,
  "engine": 1,
  "first_blood_time": 6,
  "game_mode": 22,
  "human_players": 10,
  "leagueid": 0,
  "lobby_type": 7,
  "match_seq_num": 5780355254,
  "negative_votes": 0,
  "objectives": null,
  "picks_bans": [
    {
      "is_pick": true,
      "hero_id": 97,
      "team": 1,
      "order": 0
    },
    {
      "is_pick": true,
      "hero_id": 74,
      "team": 0,
      "order": 1
    },
    {},
    {
      "is_pick": true,
      "hero_id": 86,
      "team": 1,
      "order": 3
    },
    {},
    {
      "is_pick": true,
      "hero_id": 20,
      "team": 1,
      "order": -2
    },
    {
      "is_pick": true,
      "hero_id": -38,
      "team": 0,
      "order": 6
    },
    {
      "is_pick": true,
      "hero_id": 27,
      "team": 0,
      "order": 7
    },
    {
      "is_pick": true,
      "hero_id": 39,
      "team": 0,
      "order": 8
    },
    {
      "is_pick": true,
      "hero_id": -18,
      "team": 0,
      "order": 9
    },
    {
      "is_pick": false,
      "hero_id": 80,
      "team": 0,
      "order": 10
    },
    {},
    {
      "is_pick": false,
      "hero_id": 3,
      "team": 0,
      "order": 12
    },
    {
      "is_pick": false,
      "hero_id": 44,
      "team": 0,
      "order": 13
    },
    {
      "is_pick": false,
      "hero_id": 34,
      "team": 0,
      "order": 14
    },
    {
      "is_pick": false,
      "hero_id": 56,
      "team": 0,
      "order": 15
    },
    {
      "is_pick": false,
      "hero_id": 113,
      "team": 1,
      "order": 0
    },
    {
      "is_pick": false,
      "hero_id": 1,
      "team": 1,
      "order": 0
    }
  ],
  "positive_votes": 0,
  "radiant_gold_adv": null,
  "radiant_score": 52,
  "radiant_team_id": null,
  "radiant_xp_adv": null,
  "skill": null,
  "start_time": 1669911345,
  "teamfights": null,
  "version": null,
  "replay_salt": 536123077,
  "series_id": 0,
  "series_type": 0,
  "players": [
    {
      "player_slot": 0,
      "ability_targets": null,
      "ability_upgrades_arr": [],
      "ability_uses": null,
      "actions": null,
      "additional_units": null,
      "assists": 25,
      "backpack_0": 0,
      "backpack_1": 680,
      "backpack_2": 0,
      "backpack_3": null,
      "buyback_log": null,
      "camps_stacked": null,
      "connection_log": null,
      "creeps_stacked": null,
      "damage": null,
      "damage_inflictor": null,
      "damage_inflictor_received": null,
      "damage_taken": null,
      "damage_targets": null,
      "deaths": 11,
      "denies": 1,
      "dn_t": null,
      "firstblood_claimed": null,
      "gold": 1554,
      "gold_per_min": 160,
      "gold_reasons": null,
      "gold_spent": 0,
      "gold_t": null,
      "hero_damage": 31189,
      "hero_healing": 0,
      "hero_hits": null,
      "hero_id": 27,
      "item_0": 1,
      "item_1": 110,
      "item_2": -19,
      "item_3": 51,
      "item_4": 180,
      "item_5": 232,
      "item_neutral": 290,
      "item_uses": null,
      "kill_streaks": null,
      "killed": null,
      "killed_by": null,
      "kills": 11,
      "kills_log": null,
      "lane_pos": null,
      "last_hits": 160,
      "leaver_status": 0,
      "level": 25,
      "lh_t": null,
      "life_state": null,
      "max_hero_hit": null,
      "multi_kills": null,
      "net_worth": 20479,
      "obs": null,
      "obs_left_log": null,
      "obs_log": null,
      "obs_placed": null,
      "party_id": 0,
      "party_size": 3,
      "performance_others": null,
      "permanent_buffs": [
        {
          "permanent_buff": 6,
          "stack_count": 4,
          "grant_time": 905
        },
        {
          "permanent_buff": -5,
          "stack_count": 0,
          "grant_time": 1208
        }
      ],
      "pings": null,
      "pred_vict": null,
      "purchase": null,
      "purchase_log": null,
      "randomed": null,
      "repicked": null,
      "roshans_killed": null,
      "rune_pickups": null,
      "runes": null,
      "runes_log": null,
      "sen": null,
      "sen_left_log": null,
      "sen_log": null,
      "sen_placed": null,
      "stuns": null,
      "teamfight_participation": null,
      "times": null,
      "tower_damage": 7002,
      "towers_killed": null,
      "xp_per_min": 783,
      "xp_reasons": null,
      "xp_t": null,
      "start_time": 1669911345,
      "duration": 0,
      "cluster": 274,
      "lobby_type": -1,
      "game_mode": 22,
      "is_contributor": false,
      "patch": 51,
      "region": 0,
      "isRadiant": true,
      "total_gold": 9464,
      "total_xp": 11074,
      "kills_per_min": 0.23800937612693832,
      "kda": 3,
      "abandons": 0,
      "rank_tier": null,
      "is_subscriber": false,
      "cosmetics": [],
      "benchmarks": {
        "gold_per_min": {
          "raw": 521,
          "pct": 1
        },
        "xp_per_min": {
          "raw": 783,
          "pct": 0.9444444444444444
        },
        "kills_per_min": {
          "raw": 0.23800937612693832,
          "pct": 0.9444444444444444
        },
        "last_hits_per_min": {
          "raw": 3.4619545618463756,
          "pct": 0.8888888888888888
        },
        "hero_damage_per_min": {
          "raw": 674.8431301839164,
          "pct": 0.9444444444444444
        },
        "hero_healing_per_min": {
          "raw": 0,
          "pct": 0.7777777777777778
        },
        "tower_damage": {
          "raw": 7002,
          "pct": 0.3230732079227276
        },
        "stuns_per_min": {},
        "lhten": {}
      }
    },
    {
      "player_slot": 1,
      "ability_targets": null,
      "ability_upgrades_arr": [
        5372,
        5370,
        5370,
        1323,
        658,
        5372,
        5372,
        5370,
        5372,
        0,
        0,
        5371,
        5372,
        0,
        5370,
        5371,
        5371,
        5371,
        5371,
        5370,
        6811,
        5370,
        315,
        -2323,
        -1596
      ],
      "ability_uses": null,
      "actions": null,
      "additional_units": null,
      "assists": -1,
      "backpack_0": 0,
      "backpack_1": 0,
      "backpack_2": 0,
      "backpack_3": null,
      "buyback_log": null,
      "camps_stacked": null,
      "connection_log": null,
      "creeps_stacked": null,
      "damage": null,
      "damage_inflictor": null,
      "damage_inflictor_received": null,
      "damage_taken": null,
      "damage_targets": null,
      "deaths": 10,
      "denies": 9,
      "dn_t": null,
      "firstblood_claimed": null,
      "gold": 656,
      "gold_per_min": 734,
      "gold_reasons": null,
      "gold_spent": 36045,
      "gold_t": null,
      "hero_damage": 52772,
      "hero_healing": 0,
      "hero_hits": null,
      "hero_id": -36,
      "item_0": 48,
      "item_1": 96,
      "item_2": 0,
      "item_3": 235,
      "item_4": 110,
      "item_5": 108,
      "item_neutral": 676,
      "item_uses": null,
      "kill_streaks": null,
      "killed": null,
      "killed_by": null,
      "kills": 18,
      "kills_log": null,
      "lane_pos": null,
      "last_hits": 0,
      "leaver_status": 0,
      "level": 28,
      "lh_t": null,
      "life_state": null,
      "max_hero_hit": null,
      "multi_kills": null,
      "net_worth": 12477,
      "obs": null,
      "obs_left_log": null,
      "obs_log": null,
      "obs_placed": null,
      "party_id": 0,
      "party_size": 3,
      "performance_others": null,
      "permanent_buffs": [
        {
          "permanent_buff": 12,
          "stack_count": 0,
          "grant_time": 1819
        }
      ],
      "pings": null,
      "pred_vict": null,
      "purchase": null,
      "purchase_log": null,
      "randomed": null,
      "repicked": null,
      "roshans_killed": null,
      "rune_pickups": null,
      "runes": null,
      "runes_log": null,
      "sen": null,
      "sen_left_log": null,
      "sen_log": null,
      "sen_placed": null,
      "stuns": null,
      "teamfight_participation": null,
      "times": null,
      "tower_damage": 6484,
      "towers_killed": null,
      "xp_per_min": 875,
      "xp_reasons": null,
      "xp_t": null,
      "start_time": 1669911345,
      "duration": 2773,
      "cluster": 0,
      "lobby_type": 7,
      "game_mode": 22,
      "is_contributor": false,
      "patch": 51,
      "region": 3,
      "isRadiant": true,
      "total_gold": 33923,
      "total_xp": 29335,
      "kills_per_min": 0.3894698882077173,
      "kda": 0,
      "abandons": 0,
      "rank_tier": null,
      "is_subscriber": false,
      "cosmetics": [],
      "benchmarks": {
        "gold_per_min": {
          "raw": -300,
          "pct": 0.967741935483871
        },
        "xp_per_min": {
          "raw": 875,
          "pct": 0.9032258064516129
        },
        "kills_per_min": {},
        "last_hits_per_min": {
          "raw": 6.447890371438875,
          "pct": 0.6774193548387096
        },
        "hero_damage_per_min": {
          "raw": 1141.8391633609808,
          "pct": 0.967741935483871
        },
        "hero_healing_per_min": {
          "raw": 0,
          "pct": 0.7096774193548387
        },
        "tower_damage": {
          "raw": 6484,
          "pct": 0.8064516129032258
        },
        "stuns_per_min": {
          "raw": 0,
          "pct": 0
        },
        "lhten": {}
      }
    },
    {
      "player_slot": 0,
      "ability_targets": null,
      "ability_upgrades_arr": [
        5182,
        5184,
        5184,
        5182,
        5184,
        5185,
        5184,
        5691,
        5182,
        5182,
        867,
        714,
        5691,
        5691,
        7388,
        5691,
        5185,
        6807,
        6651
      ],
      "ability_uses": null,
      "actions": null,
      "additional_units": null,
      "assists": 13,
      "backpack_0": 0,
      "backpack_1": 0,
      "backpack_2": 0,
      "backpack_3": null,
      "buyback_log": null,
      "camps_stacked": null,
      "connection_log": null,
      "creeps_stacked": null,
      "damage": null,
      "damage_inflictor": null,
      "damage_inflictor_received": null,
      "damage_taken": null,
      "damage_targets": null,
      "deaths": 9,
      "denies": 12,
      "dn_t": null,
      "firstblood_claimed": null,
      "gold": 268,
      "gold_per_min": 493,
      "gold_reasons": null,
      "gold_spent": 21285,
      "gold_t": null,
      "hero_damage": 26464,
      "hero_healing": 0,
      "hero_hits": null,
      "hero_id": 0,
      "item_0": 0,
      "item_1": 116,
      "item_2": 166,
      "item_3": -10,
      "item_4": 135,
      "item_5": 172,
      "item_neutral": 362,
      "item_uses": null,
      "kill_streaks": null,
      "killed": null,
      "killed_by": null,
      "kills": 10,
      "kills_log": null,
      "lane_pos": null,
      "last_hits": 225,
      "leaver_status": 0,
      "level": 25,
      "lh_t": null,
      "life_state": null,
      "max_hero_hit": null,
      "multi_kills": null,
      "net_worth": 20568,
      "obs": null,
      "obs_left_log": null,
      "obs_log": null,
      "obs_placed": null,
      "party_id": 0,
      "party_size": 3,
      "performance_others": null,
      "permanent_buffs": [],
      "pings": null,
      "pred_vict": null,
      "purchase": null,
      "purchase_log": null,
      "randomed": null,
      "repicked": null,
      "roshans_killed": null,
      "rune_pickups": null,
      "runes": null,
      "runes_log": null,
      "sen": null,
      "sen_left_log": null,
      "sen_log": null,
      "sen_placed": null,
      "stuns": null,
      "teamfight_participation": null,
      "times": null,
      "tower_damage": 0,
      "towers_killed": null,
      "xp_per_min": 772,
      "xp_reasons": null,
      "xp_t": null,
      "personaname": "Skull_Cracker✪",
      "name": null,
      "last_login": null,
      "start_time": 1669911345,
      "duration": 2773,
      "cluster": 274,
      "lobby_type": 0,
      "game_mode": 22,
      "is_contributor": false,
      "patch": 51,
      "region": 3,
      "isRadiant": true,
      "total_gold": 2215,
      "total_xp": 18888,
      "kills_per_min": 0.21637216011539848,
      "kda": 2,
      "abandons": 0,
      "rank_tier": 43,
      "is_subscriber": false,
      "cosmetics": [],
      "benchmarks": {
        "gold_per_min": {
          "raw": 108,
          "pct": 0.23333333333333334
        },
        "xp_per_min": {
          "raw": 0,
          "pct": 0.4666666666666667
        },
        "kills_per_min": {
          "raw": 0.21637216011539848,
          "pct": 0.5333333333333333
        },
        "last_hits_per_min": {
          "raw": 4.868373602596465,
          "pct": 0.06666666666666667
        },
        "hero_damage_per_min": {
          "raw": 572.6072845293905,
          "pct": 0.4666666666666667
        },
        "hero_healing_per_min": {
          "raw": 0,
          "pct": 1
        },
        "tower_damage": {
          "raw": -926,
          "pct": 0.20079267966927916
        },
        "stuns_per_min": {
          "raw": 0,
          "pct": 0.03333333333333333
        },
        "lhten": {}
      }
    },
    {
      "player_slot": 3,
      "ability_targets": null,
      "ability_upgrades_arr": [
        5218,
        -2039,
        5220,
        5220,
        5220,
        5221,
        5220,
        5218,
        5219,
        -2700,
        5218,
        5221,
        0,
        5219,
        6819,
        5219,
        5221,
        6165
      ],
      "ability_uses": null,
      "actions": null,
      "additional_units": null,
      "assists": -10,
      "backpack_0": 16,
      "backpack_1": 725,
      "backpack_2": 12,
      "backpack_3": null,
      "buyback_log": null,
      "camps_stacked": null,
      "connection_log": null,
      "creeps_stacked": null,
      "damage": null,
      "damage_inflictor": null,
      "damage_inflictor_received": null,
      "damage_taken": null,
      "damage_targets": null,
      "deaths": 10,
      "denies": 12,
      "dn_t": null,
      "firstblood_claimed": null,
      "gold": 1236,
      "gold_per_min": 384,
      "gold_reasons": null,
      "gold_spent": 13690,
      "gold_t": null,
      "hero_damage": 27375,
      "hero_healing": 0,
      "hero_hits": null,
      "hero_id": 47,
      "item_0": 63,
      "item_1": 263,
      "item_2": -27,
      "item_3": 125,
      "item_4": 75,
      "item_5": 117,
      "item_neutral": 376,
      "item_uses": null,
      "kill_streaks": null,
      "killed": null,
      "killed_by": null,
      "kills": 7,
      "kills_log": null,
      "lane_pos": null,
      "last_hits": 85,
      "leaver_status": 0,
      "level": 24,
      "lh_t": null,
      "life_state": null,
      "max_hero_hit": null,
      "multi_kills": null,
      "net_worth": 0,
      "obs": null,
      "obs_left_log": null,
      "obs_log": null,
      "obs_placed": null,
      "party_id": 0,
      "party_size": 2,
      "performance_others": null,
      "permanent_buffs": [
        {
          "permanent_buff": 12,
          "stack_count": 0,
          "grant_time": 1390
        }
      ],
      "pings": null,
      "pred_vict": null,
      "purchase": null,
      "purchase_log": null,
      "randomed": null,
      "repicked": null,
      "roshans_killed": null,
      "rune_pickups": null,
      "runes": null,
      "runes_log": null,
      "sen": null,
      "sen_left_log": null,
      "sen_log": null,
      "sen_placed": null,
      "stuns": null,
      "teamfight_participation": null,
      "times": null,
      "tower_damage": 8499,
      "towers_killed": null,
      "xp_per_min": 706,
      "xp_reasons": null,
      "xp_t": null,
      "start_time": 1669911345,
      "duration": 2773,
      "cluster": 0,
      "lobby_type": 7,
      "game_mode": 22,
      "is_contributor": false,
      "patch": -19,
      "region": 0,
      "isRadiant": true,
      "total_gold": 17747,
      "total_xp": 22997,
      "kills_per_min": 0.15146051208077893,
      "kda": 2,
      "abandons": 0,
      "rank_tier": null,
      "is_subscriber": false,
      "cosmetics": [],
      "benchmarks": {
        "gold_per_min": {
          "raw": 384,
          "pct": 0.15
        },
        "xp_per_min": {
          "raw": 706,
          "pct": 0.6
        },
        "kills_per_min": {
          "raw": 0.15146051208077896,
          "pct": 0.4
        },
        "last_hits_per_min": {
          "raw": 1.839163360980887,
          "pct": 0
        },
        "hero_damage_per_min": {
          "raw": 592.3187883159034,
          "pct": 0.35
        },
        "hero_healing_per_min": {
          "raw": 0,
          "pct": 0.85
        },
        "tower_damage": {
          "raw": 8499,
          "pct": 0.85
        },
        "stuns_per_min": {
          "raw": 0,
          "pct": 0.5
        },
        "lhten": {}
      }
    },
    {
      "player_slot": 4,
      "ability_targets": null,
      "ability_upgrades_arr": [
        5444,
        5442,
        5444,
        5443,
        5444,
        5447,
        1281,
        730,
        122,
        5443,
        -895,
        5447,
        5442,
        5442,
        616,
        5442,
        5447,
        6546,
        449
      ],
      "ability_uses": null,
      "actions": null,
      "additional_units": null,
      "assists": 27,
      "backpack_0": 0,
      "backpack_1": 0,
      "backpack_2": 0,
      "backpack_3": null,
      "buyback_log": null,
      "camps_stacked": null,
      "connection_log": null,
      "creeps_stacked": null,
      "damage": null,
      "damage_inflictor": null,
      "damage_inflictor_received": null,
      "damage_taken": null,
      "damage_targets": null,
      "deaths": 12,
      "denies": 0,
      "dn_t": null,
      "firstblood_claimed": null,
      "gold": 0,
      "gold_per_min": 348,
      "gold_reasons": null,
      "gold_spent": 12280,
      "gold_t": null,
      "hero_damage": 19183,
      "hero_healing": 12362,
      "hero_hits": null,
      "hero_id": 85,
      "item_0": 127,
      "item_1": 226,
      "item_2": 908,
      "item_3": 218,
      "item_4": 29,
      "item_5": 36,
      "item_neutral": 574,
      "item_uses": null,
      "kill_streaks": null,
      "killed": null,
      "killed_by": null,
      "kills": 4,
      "kills_log": null,
      "lane_pos": null,
      "last_hits": 54,
      "leaver_status": 0,
      "level": 25,
      "lh_t": null,
      "life_state": null,
      "max_hero_hit": null,
      "multi_kills": null,
      "net_worth": 14176,
      "obs": null,
      "obs_left_log": null,
      "obs_log": null,
      "obs_placed": null,
      "party_id": 1,
      "party_size": 2,
      "performance_others": null,
      "permanent_buffs": [],
      "pings": null,
      "pred_vict": null,
      "purchase": null,
      "purchase_log": null,
      "randomed": null,
      "repicked": null,
      "roshans_killed": null,
      "rune_pickups": null,
      "runes": null,
      "runes_log": null,
      "sen": null,
      "sen_left_log": null,
      "sen_log": null,
      "sen_placed": null,
      "stuns": null,
      "teamfight_participation": null,
      "times": null,
      "tower_damage": 1005,
      "towers_killed": null,
      "xp_per_min": 0,
      "xp_reasons": null,
      "xp_t": null,
      "personaname": "Шлакоблок",
      "name": null,
      "last_login": null,
      "start_time": 0,
      "duration": 2773,
      "cluster": 274,
      "lobby_type": 7,
      "game_mode": 0,
      "is_contributor": false,
      "patch": 51,
      "region": 0,
      "isRadiant": true,
      "total_gold": 16083,
      "total_xp": 30235,
      "kills_per_min": 0.08654886404615938,
      "kda": 2,
      "abandons": 0,
      "rank_tier": 43,
      "is_subscriber": false,
      "cosmetics": [],
      "benchmarks": {
        "gold_per_min": {
          "raw": 348,
          "pct": 0.7333333333333333
        },
        "xp_per_min": {
          "raw": 0,
          "pct": 0.9833333333333333
        },
        "kills_per_min": {},
        "last_hits_per_min": {
          "raw": 1.1684096646231519,
          "pct": 0.4666666666666667
        },
        "hero_damage_per_min": {
          "raw": 415.0667147493689,
          "pct": 0.9
        },
        "hero_healing_per_min": {
          "raw": 267.47926433465557,
          "pct": 0.8
        },
        "tower_damage": {
          "raw": -141,
          "pct": -0.20163995888203345
        },
        "stuns_per_min": {},
        "lhten": {}
      }
    },
    {
      "player_slot": 17,
      "ability_targets": null,
      "ability_upgrades_arr": [
        5122,
        5123,
        5124,
        0,
        5122,
        5125,
        5122,
        0,
        5123,
        1068,
        5123,
        5125,
        5124,
        5124,
        6977,
        0,
        5125,
        102,
        6057,
        1067
      ],
      "ability_uses": null,
      "actions": null,
      "additional_units": null,
      "assists": 28,
      "backpack_0": 0,
      "backpack_1": 0,
      "backpack_2": 0,
      "backpack_3": null,
      "buyback_log": null,
      "camps_stacked": null,
      "connection_log": null,
      "creeps_stacked": null,
      "damage": null,
      "damage_inflictor": null,
      "damage_inflictor_received": null,
      "damage_taken": null,
      "damage_targets": null,
      "deaths": 8,
      "denies": 16,
      "dn_t": null,
      "firstblood_claimed": null,
      "gold": 2553,
      "gold_per_min": 600,
      "gold_reasons": null,
      "gold_spent": -3929,
      "gold_t": null,
      "hero_damage": 39692,
      "hero_healing": 0,
      "hero_hits": null,
      "hero_id": 9,
      "item_0": 63,
      "item_1": 108,
      "item_2": 55,
      "item_3": 0,
      "item_4": 0,
      "item_5": 139,
      "item_neutral": 309,
      "item_uses": null,
      "kill_streaks": null,
      "killed": null,
      "killed_by": null,
      "kills": 11,
      "kills_log": null,
      "lane_pos": null,
      "last_hits": 307,
      "leaver_status": 0,
      "level": 0,
      "lh_t": null,
      "life_state": null,
      "max_hero_hit": null,
      "multi_kills": null,
      "net_worth": 9645,
      "obs": null,
      "obs_left_log": null,
      "obs_log": null,
      "obs_placed": null,
      "party_id": 2,
      "party_size": 2,
      "performance_others": null,
      "permanent_buffs": [],
      "pings": null,
      "pred_vict": null,
      "purchase": null,
      "purchase_log": null,
      "randomed": null,
      "repicked": null,
      "roshans_killed": null,
      "rune_pickups": null,
      "runes": null,
      "runes_log": null,
      "sen": null,
      "sen_left_log": null,
      "sen_log": null,
      "sen_placed": null,
      "stuns": null,
      "teamfight_participation": null,
      "times": null,
      "tower_damage": 934,
      "towers_killed": null,
      "xp_per_min": 901,
      "xp_reasons": null,
      "xp_t": null,
      "personaname": "SilNumme",
      "name": null,
      "last_login": null,
      "start_time": 1669911345,
      "duration": 2773,
      "cluster": 0,
      "lobby_type": 7,
      "game_mode": 22,
      "is_contributor": false,
      "patch": -12,
      "region": 0,
      "isRadiant": false,
      "total_gold": 27730,
      "total_xp": 12107,
      "kills_per_min": 0.23800937612693832,
      "kda": 4,
      "abandons": 0,
      "rank_tier": 54,
      "is_subscriber": false,
      "cosmetics": [],
      "benchmarks": {
        "gold_per_min": {
          "raw": 600,
          "pct": 1
        },
        "xp_per_min": {
          "raw": 901,
          "pct": 1
        },
        "kills_per_min": {
          "raw": -0.04805195320984468,
          "pct": 0
        },
        "last_hits_per_min": {
          "raw": 6.642625315542733,
          "pct": 1
        },
        "hero_damage_per_min": {
          "raw": 858.8243779300396,
          "pct": 1
        },
        "hero_healing_per_min": {
          "raw": 0,
          "pct": 0.23407785340016488
        },
        "tower_damage": {
          "raw": 934,
          "pct": 0.9375
        },
        "stuns_per_min": {
          "raw": 0,
          "pct": 0
        },
        "lhten": {}
      }
    },
    {
      "player_slot": 129,
      "ability_targets": null,
      "ability_upgrades_arr": [
        146,
        5448,
        5448,
        0,
        5448,
        0,
        5450,
        5448,
        5450,
        7320,
        7320,
        -235,
        897,
        7320,
        518,
        7320,
        5452,
        6041
      ],
      "ability_uses": null,
      "actions": null,
      "additional_units": null,
      "assists": 23,
      "backpack_0": 0,
      "backpack_1": 0,
      "backpack_2": 0,
      "backpack_3": null,
      "buyback_log": null,
      "camps_stacked": null,
      "connection_log": null,
      "creeps_stacked": null,
      "damage": null,
      "damage_inflictor": null,
      "damage_inflictor_received": null,
      "damage_taken": null,
      "damage_targets": null,
      "deaths": 12,
      "denies": 3,
      "dn_t": null,
      "firstblood_claimed": null,
      "gold": 2552,
      "gold_per_min": 0,
      "gold_reasons": null,
      "gold_spent": 10445,
      "gold_t": null,
      "hero_damage": -2777,
      "hero_healing": 970,
      "hero_hits": null,
      "hero_id": 86,
      "item_0": 56,
      "item_1": -31,
      "item_2": 36,
      "item_3": 232,
      "item_4": 29,
      "item_5": 1,
      "item_neutral": 357,
      "item_uses": null,
      "kill_streaks": null,
      "killed": null,
      "killed_by": null,
      "kills": 1,
      "kills_log": null,
      "lane_pos": null,
      "last_hits": 65,
      "leaver_status": 0,
      "level": 21,
      "lh_t": null,
      "life_state": null,
      "max_hero_hit": null,
      "multi_kills": null,
      "net_worth": 10802,
      "obs": null,
      "obs_left_log": null,
      "obs_log": null,
      "obs_placed": null,
      "party_id": 0,
      "party_size": 2,
      "performance_others": null,
      "permanent_buffs": [],
      "pings": null,
      "pred_vict": null,
      "purchase": null,
      "purchase_log": null,
      "randomed": null,
      "repicked": null,
      "roshans_killed": null,
      "rune_pickups": null,
      "runes": null,
      "runes_log": null,
      "sen": null,
      "sen_left_log": null,
      "sen_log": null,
      "sen_placed": null,
      "stuns": null,
      "teamfight_participation": null,
      "times": null,
      "tower_damage": 0,
      "towers_killed": null,
      "xp_per_min": 533,
      "xp_reasons": null,
      "xp_t": null,
      "personaname": "Cосок Таракана",
      "name": null,
      "last_login": null,
      "start_time": 1669911345,
      "duration": 2773,
      "cluster": 274,
      "lobby_type": -2,
      "game_mode": 22,
      "is_contributor": false,
      "patch": 51,
      "region": 3,
      "isRadiant": false,
      "total_gold": 7248,
      "total_xp": 18956,
      "kills_per_min": 0.021637216011539846,
      "kda": 0,
      "abandons": 0,
      "rank_tier": 24,
      "is_subscriber": false,
      "cosmetics": [],
      "benchmarks": {
        "gold_per_min": {
          "raw": 0,
          "pct": 0.27586206896551724
        },
        "xp_per_min": {
          "raw": 533,
          "pct": 0.6068965517241379
        },
        "kills_per_min": {
          "raw": 0.02163721601153985,
          "pct": 0.04827586206896552
        },
        "last_hits_per_min": {
          "raw": 1.40641904075009,
          "pct": 0.22758620689655173
        },
        "hero_damage_per_min": {
          "raw": -4.268149170529629,
          "pct": 0.09655172413793103
        },
        "hero_healing_per_min": {
          "raw": 20.988099531193654,
          "pct": 0.9172413793103448
        },
        "tower_damage": {
          "raw": 0,
          "pct": 0.22758620689655173
        },
        "stuns_per_min": {
          "raw": 0,
          "pct": 0
        },
        "lhten": {}
      }
    },
    {
      "player_slot": 130,
      "ability_targets": null,
      "ability_upgrades_arr": [
        -1768,
        5173,
        5173,
        5174,
        5173,
        5176,
        5175,
        5175,
        5175,
        5174,
        5174,
        5176,
        5174,
        437,
        5907,
        5173,
        643,
        6856,
        751
      ],
      "ability_uses": null,
      "actions": null,
      "additional_units": null,
      "assists": 12,
      "backpack_0": 0,
      "backpack_1": 0,
      "backpack_2": 0,
      "backpack_3": null,
      "buyback_log": null,
      "camps_stacked": null,
      "connection_log": null,
      "creeps_stacked": null,
      "damage": null,
      "damage_inflictor": null,
      "damage_inflictor_received": null,
      "damage_taken": null,
      "damage_targets": null,
      "deaths": 0,
      "denies": 10,
      "dn_t": null,
      "firstblood_claimed": null,
      "gold": 2610,
      "gold_per_min": 577,
      "gold_reasons": null,
      "gold_spent": 20525,
      "gold_t": null,
      "hero_damage": 52860,
      "hero_healing": 0,
      "hero_hits": null,
      "hero_id": 39,
      "item_0": 534,
      "item_1": 41,
      "item_2": 116,
      "item_3": 123,
      "item_4": 273,
      "item_5": 63,
      "item_neutral": 97,
      "item_uses": null,
      "kill_streaks": null,
      "killed": null,
      "killed_by": null,
      "kills": 17,
      "kills_log": null,
      "lane_pos": null,
      "last_hits": 107,
      "leaver_status": 0,
      "level": 0,
      "lh_t": null,
      "life_state": null,
      "max_hero_hit": null,
      "multi_kills": null,
      "net_worth": 21535,
      "obs": null,
      "obs_left_log": null,
      "obs_log": null,
      "obs_placed": null,
      "party_id": 3,
      "party_size": 3,
      "performance_others": null,
      "permanent_buffs": [],
      "pings": null,
      "pred_vict": null,
      "purchase": null,
      "purchase_log": null,
      "randomed": null,
      "repicked": null,
      "roshans_killed": null,
      "rune_pickups": null,
      "runes": null,
      "runes_log": null,
      "sen": null,
      "sen_left_log": null,
      "sen_log": null,
      "sen_placed": null,
      "stuns": null,
      "teamfight_participation": null,
      "times": null,
      "tower_damage": 244,
      "towers_killed": null,
      "xp_per_min": 825,
      "xp_reasons": null,
      "xp_t": null,
      "start_time": 1669911345,
      "duration": 2773,
      "cluster": 274,
      "lobby_type": 7,
      "game_mode": 22,
      "is_contributor": false,
      "patch": 51,
      "region": 3,
      "isRadiant": false,
      "total_gold": 26667,
      "total_xp": 5253,
      "kills_per_min": 0.36783267219617743,
      "kda": 0,
      "abandons": 0,
      "rank_tier": null,
      "is_subscriber": false,
      "cosmetics": [],
      "benchmarks": {
        "gold_per_min": {
          "raw": -78,
          "pct": 0.7391304347826086
        },
        "xp_per_min": {
          "raw": 825,
          "pct": 0.782608695652174
        },
        "kills_per_min": {
          "raw": 0.36783267219617743,
          "pct": 0.8695652173913043
        },
        "last_hits_per_min": {
          "raw": 6.1233321312657765,
          "pct": 0.4782608695652174
        },
        "hero_damage_per_min": {
          "raw": 1143.7432383699963,
          "pct": 0.8695652173913043
        },
        "hero_healing_per_min": {},
        "tower_damage": {
          "raw": 244,
          "pct": 0.21739130434782608
        },
        "stuns_per_min": {
          "raw": 0,
          "pct": 0.8260869565217391
        },
        "lhten": {}
      }
    },
    {
      "player_slot": 0,
      "ability_targets": null,
      "ability_upgrades_arr": [
        5518,
        5520,
        5518,
        5519,
        5518,
        0,
        5518,
        5519,
        5519,
        6690,
        5520,
        5521,
        5520,
        5519,
        82,
        2533,
        5521,
        6507
      ],
      "ability_uses": null,
      "actions": null,
      "additional_units": null,
      "assists": 17,
      "backpack_0": 11,
      "backpack_1": 0,
      "backpack_2": 0,
      "backpack_3": null,
      "buyback_log": null,
      "camps_stacked": null,
      "connection_log": null,
      "creeps_stacked": null,
      "damage": null,
      "damage_inflictor": null,
      "damage_inflictor_received": null,
      "damage_taken": null,
      "damage_targets": null,
      "deaths": 15,
      "denies": 4,
      "dn_t": null,
      "firstblood_claimed": null,
      "gold": 0,
      "gold_per_min": 321,
      "gold_reasons": null,
      "gold_spent": 10635,
      "gold_t": null,
      "hero_damage": -2431,
      "hero_healing": 0,
      "hero_hits": null,
      "hero_id": 97,
      "item_0": 0,
      "item_1": -74,
      "item_2": 73,
      "item_3": 29,
      "item_4": 42,
      "item_5": 0,
      "item_neutral": 675,
      "item_uses": null,
      "kill_streaks": null,
      "killed": null,
      "killed_by": null,
      "kills": 3,
      "kills_log": null,
      "lane_pos": null,
      "last_hits": 95,
      "leaver_status": 0,
      "level": 23,
      "lh_t": null,
      "life_state": null,
      "max_hero_hit": null,
      "multi_kills": null,
      "net_worth": 9990,
      "obs": null,
      "obs_left_log": null,
      "obs_log": null,
      "obs_placed": null,
      "party_id": 3,
      "party_size": 3,
      "performance_others": null,
      "permanent_buffs": [
        {
          "permanent_buff": 6,
          "stack_count": 3,
          "grant_time": 927
        },
        {
          "permanent_buff": 12,
          "stack_count": 0,
          "grant_time": 1663
        }
      ],
      "pings": null,
      "pred_vict": null,
      "purchase": null,
      "purchase_log": null,
      "randomed": null,
      "repicked": null,
      "roshans_killed": null,
      "rune_pickups": null,
      "runes": null,
      "runes_log": null,
      "sen": null,
      "sen_left_log": null,
      "sen_log": null,
      "sen_placed": null,
      "stuns": null,
      "teamfight_participation": null,
      "times": null,
      "tower_damage": 0,
      "towers_killed": null,
      "xp_per_min": 632,
      "xp_reasons": null,
      "xp_t": null,
      "personaname": "КОЗЫРЬ...",
      "name": null,
      "last_login": null,
      "start_time": 1669911345,
      "duration": 2773,
      "cluster": 274,
      "lobby_type": 7,
      "game_mode": 22,
      "is_contributor": false,
      "patch": 51,
      "region": 3,
      "isRadiant": false,
      "total_gold": 14835,
      "total_xp": 29208,
      "kills_per_min": 0.06491164803461955,
      "kda": 0,
      "abandons": 0,
      "rank_tier": 0,
      "is_subscriber": false,
      "cosmetics": [],
      "benchmarks": {
        "gold_per_min": {},
        "xp_per_min": {
          "raw": -245,
          "pct": 0.6904761904761905
        },
        "kills_per_min": {
          "raw": 0.06491164803461955,
          "pct": 0.21428571428571427
        },
        "last_hits_per_min": {
          "raw": 2.0555355210962856,
          "pct": 0.21428571428571427
        },
        "hero_damage_per_min": {
          "raw": 342.3223945185719,
          "pct": 0.42857142857142855
        },
        "hero_healing_per_min": {
          "raw": 0,
          "pct": 0.5714285714285714
        },
        "tower_damage": {
          "raw": 0,
          "pct": 0.21428571428571427
        },
        "stuns_per_min": {
          "raw": 0,
          "pct": 0
        },
        "lhten": {}
      }
    },
    {
      "player_slot": 132,
      "ability_targets": null,
      "ability_upgrades_arr": [
        6583,
        6495,
        -829,
        2362,
        0,
        2478,
        -2086,
        6495,
        6495,
        6582,
        1020,
        6598,
        -3047,
        6582,
        6582,
        6759,
        -1471,
        884
      ],
      "ability_uses": null,
      "actions": null,
      "additional_units": null,
      "assists": 18,
      "backpack_0": 0,
      "backpack_1": 0,
      "backpack_2": 0,
      "backpack_3": null,
      "buyback_log": null,
      "camps_stacked": null,
      "connection_log": null,
      "creeps_stacked": null,
      "damage": null,
      "damage_inflictor": null,
      "damage_inflictor_received": null,
      "damage_taken": null,
      "damage_targets": null,
      "deaths": 10,
      "denies": 4,
      "dn_t": null,
      "firstblood_claimed": null,
      "gold": 3123,
      "gold_per_min": 526,
      "gold_reasons": null,
      "gold_spent": 18915,
      "gold_t": null,
      "hero_damage": 37826,
      "hero_healing": 0,
      "hero_hits": null,
      "hero_id": 129,
      "item_0": 178,
      "item_1": 116,
      "item_2": 131,
      "item_3": 50,
      "item_4": -12,
      "item_5": 600,
      "item_neutral": 355,
      "item_uses": null,
      "kill_streaks": null,
      "killed": null,
      "killed_by": null,
      "kills": 15,
      "kills_log": null,
      "lane_pos": null,
      "last_hits": 230,
      "leaver_status": 0,
      "level": 25,
      "lh_t": null,
      "life_state": null,
      "max_hero_hit": null,
      "multi_kills": null,
      "net_worth": 19878,
      "obs": null,
      "obs_left_log": null,
      "obs_log": null,
      "obs_placed": null,
      "party_id": 0,
      "party_size": 0,
      "performance_others": null,
      "permanent_buffs": [
        {
          "permanent_buff": 6,
          "stack_count": 1,
          "grant_time": 2727
        },
        {
          "permanent_buff": 12,
          "stack_count": 0,
          "grant_time": -106
        }
      ],
      "pings": null,
      "pred_vict": null,
      "purchase": null,
      "purchase_log": null,
      "randomed": null,
      "repicked": null,
      "roshans_killed": null,
      "rune_pickups": null,
      "runes": null,
      "runes_log": null,
      "sen": null,
      "sen_left_log": null,
      "sen_log": null,
      "sen_placed": null,
      "stuns": null,
      "teamfight_participation": null,
      "times": null,
      "tower_damage": 492,
      "towers_killed": null,
      "xp_per_min": 769,
      "xp_reasons": null,
      "xp_t": null,
      "start_time": 1669911345,
      "duration": 2773,
      "cluster": 274,
      "lobby_type": 7,
      "game_mode": -7,
      "is_contributor": false,
      "patch": 51,
      "region": 3,
      "isRadiant": false,
      "total_gold": 12894,
      "total_xp": 35540,
      "kills_per_min": 0.3245582401730977,
      "kda": 3,
      "abandons": 0,
      "rank_tier": null,
      "is_subscriber": false,
      "cosmetics": [],
      "benchmarks": {
        "gold_per_min": {
          "raw": 526,
          "pct": 0.8181818181818182
        },
        "xp_per_min": {
          "raw": 769,
          "pct": 0.9090909090909091
        },
        "kills_per_min": {
          "raw": 0.32455824017309776,
          "pct": 0.9545454545454546
        },
        "last_hits_per_min": {
          "raw": 4.976559682654165,
          "pct": 0.5909090909090909
        },
        "hero_damage_per_min": {
          "raw": 818.4493328525062,
          "pct": 0.9545454545454546
        },
        "hero_healing_per_min": {
          "raw": 0,
          "pct": 0.9545454545454546
        },
        "tower_damage": {
          "raw": 492,
          "pct": 0.29545454545454547
        },
        "stuns_per_min": {
          "raw": 0,
          "pct": 0.022727272727272728
        },
        "lhten": {}
      }
    }
  ],
  "patch": 0,
  "region": 3
}