{
  "chat": null,
  "cluster": 121,
  "cosmetics": null,
  "dire_score": 32,
  "dire_team_id": null,
  "draft_timings": null,
  "duration": 2232,
  "engine": 1,
  "first_blood_time": 61,
  "game_mode": 22,
  "human_players": 10,
  "leagueid": 0,
  "lobby_type": 0,
  "match_seq_num": 5780383260,
  "negative_votes": 0,
  "objectives": null,
  "picks_bans": [
    {
      "is_pick": true,
      "hero_id": 35,
      "team": 1,
      "order": 0
    },
    {
      "is_pick": true,
      "hero_id": 101,
      "team": 0,
      "order": 0
    },
    {
      "is_pick": true,
      "hero_id": 40,
      "team": 1,
      "order": 2
    },
    {
      "is_pick": true,
      "hero_id": 37,
      "team": 1,
      "order": 3
    },
    {
      "is_pick": true,
      "hero_id": 14,
      "team": 0,
      "order": 4
    },
    {
      "is_pick": true,
      "hero_id": 5,
      "team": 0,
      "order": 0
    },
    {
      "is_pick": true,
      "hero_id": 0,
      "team": 1,
      "order": 6
    },
    {
      "is_pick": true,
      "hero_id": 6,
      "team": 1,
      "order": 7
    },
    {},
    {
      "is_pick": true,
      "hero_id": 0,
      "team": 0,
      "order": 9
    },
    {
      "is_pick": true,
      "hero_id": 22,
      "team": 1,
      "order": 10
    },
    {
      "is_pick": false,
      "hero_id": 93,
      "team": 0,
      "order": 11
    },
    {},
    {
      "is_pick": false,
      "hero_id": 105,
      "team": 0,
      "order": 13
    },
    {
      "is_pick": false,
      "hero_id": 1,
      "team": 0,
      "order": 4
    },
    {
      "is_pick": false,
      "hero_id": 76,
      "team": 0,
      "order": 15
    },
    {
      "is_pick": false,
      "hero_id": 113,
      "team": 1,
      "order": 16
    },
    {
      "is_pick": false,
      "hero_id": 0,
      "team": 1,
      "order": 17
    }
  ],
  "positive_votes": 0,
  "radiant_gold_adv": null,
  "radiant_score": 59,
  "radiant_team_id": null,
  "radiant_xp_adv": null,
  "skill": null,
  "start_time": -339800015,
  "teamfights": null,
  "version": null,
  "replay_salt": 633874164,
  "series_id": 0,
  "series_type": 0,
  "players": [
    {
      "player_slot": 0,
      "ability_targets": null,
      "ability_upgrades_arr": [
        5582,
        2021,
        5581,
        5583,
        -719,
        5584,
        -2338,
        0,
        5582,
        5925,
        0,
        5584,
        5582,
        5583,
        6884,
        -1993,
        5584,
        0
      ],
      "ability_uses": null,
      "actions": null,
      "additional_units": null,
      "assists": 18,
      "backpack_0": 0,
      "backpack_1": 39,
      "backpack_2": 376,
      "backpack_3": null,
      "buyback_log": null,
      "camps_stacked": null,
      "connection_log": null,
      "creeps_stacked": null,
      "damage": null,
      "damage_inflictor": null,
      "damage_inflictor_received": null,
      "damage_taken": null,
      "damage_targets": null,
      "deaths": 5,
      "denies": 2,
      "dn_t": null,
      "firstblood_claimed": null,
      "gold": 1000,
      "gold_per_min": 350,
      "gold_reasons": null,
      "gold_spent": 0,
      "gold_t": null,
      "hero_damage": 20710,
      "hero_healing": 195,
      "hero_hits": null,
      "hero_id": 101,
      "item_0": 206,
      "item_1": 77,
      "item_2": 123,
      "item_3": 218,
      "item_4": 180,
      "item_5": 0,
      "item_neutral": 0,
      "item_uses": null,
      "kill_streaks": null,
      "killed": null,
      "killed_by": null,
      "kills": 8,
      "kills_log": null,
      "lane_pos": null,
      "last_hits": 50,
      "leaver_status": 0,
      "level": 6,
      "lh_t": null,
      "life_state": null,
      "max_hero_hit": null,
      "multi_kills": null,
      "net_worth": 10485,
      "obs": null,
      "obs_left_log": null,
      "obs_log": null,
      "obs_placed": null,
      "party_id": 0,
      "party_size": 1,
      "performance_others": null,
      "permanent_buffs": [
        {
          "permanent_buff": 6,
          "stack_count": 3,
          "grant_time": 858
        }
      ],
      "pings": null,
      "pred_vict": null,
      "purchase": null,
      "purchase_log": null,
      "randomed": null,
      "repicked": null,
      "roshans_killed": null,
      "rune_pickups": null,
      "runes": null,
      "runes_log": null,
      "sen": null,
      "sen_left_log": null,
      "sen_log": null,
      "sen_placed": null,
      "stuns": null,
      "teamfight_participation": null,
      "times": null,
      "tower_damage": 936,
      "towers_killed": null,
      "xp_per_min": 613,
      "xp_reasons": null,
      "xp_t": null,
      "start_time": 1669912986,
      "duration": 2232,
      "cluster": 121,
      "lobby_type": 7,
      "game_mode": 22,
      "is_contributor": false,
      "patch": 51,
      "region": 2,
      "isRadiant": true,
      "total_gold": 624,
      "total_xp": 13781,
      "kills_per_min": 0.2150537634408602,
      "kda": 4,
      "abandons": 0,
      "rank_tier": null,
      "is_subscriber": false,
      "cosmetics": [],
      "benchmarks": {
        "gold_per_min": {
          "raw": 350,
          "pct": 0.8484848484848485
        },
        "xp_per_min": {
          "raw": 613,
          "pct": 0.9090909090909091
        },
        "kills_per_min": {
          "raw": 0.21505376344086022,
          "pct": 0.8181818181818182
        },
        "last_hits_per_min": {
          "raw": 1.3440860215053763,
          "pct": 0.696969696969697
        },
        "hero_damage_per_min": {
          "raw": 556.7204301075268,
          "pct": 0.6666666666666666
        },
        "hero_healing_per_min": {
          "raw": 5.241935483870968,
          "pct": 0.9090909090909091
        },
        "tower_damage": {
          "raw": 936,
          "pct": 0.9696969696969697
        },
        "stuns_per_min": {
          "raw": 0,
          "pct": 0.5757575757575758
        },
        "lhten": {}
      }
    },
    {
      "player_slot": 0,
      "ability_targets": null,
      "ability_upgrades_arr": [
        0,
        6339,
        0,
        6341,
        6342,
        -3914,
        6341,
        0,
        6342,
        514,
        6341,
        8340,
        6339,
        6339,
        780,
        6342,
        8340
      ],
      "ability_uses": null,
      "actions": null,
      "additional_units": null,
      "assists": 23,
      "backpack_0": 0,
      "backpack_1": 0,
      "backpack_2": 0,
      "backpack_3": null,
      "buyback_log": null,
      "camps_stacked": null,
      "connection_log": null,
      "creeps_stacked": null,
      "damage": null,
      "damage_inflictor": null,
      "damage_inflictor_received": null,
      "damage_taken": null,
      "damage_targets": null,
      "deaths": 10,
      "denies": 0,
      "dn_t": null,
      "firstblood_claimed": null,
      "gold": 2114,
      "gold_per_min": 359,
      "gold_reasons": null,
      "gold_spent": 11180,
      "gold_t": null,
      "hero_damage": 15549,
      "hero_healing": 0,
      "hero_hits": null,
      "hero_id": 119,
      "item_0": 223,
      "item_1": 0,
      "item_2": 23,
      "item_3": 236,
      "item_4": 0,
      "item_5": 0,
      "item_neutral": 349,
      "item_uses": null,
      "kill_streaks": null,
      "killed": null,
      "killed_by": null,
      "kills": 7,
      "kills_log": null,
      "lane_pos": null,
      "last_hits": 57,
      "leaver_status": 0,
      "level": 19,
      "lh_t": null,
      "life_state": null,
      "max_hero_hit": null,
      "multi_kills": null,
      "net_worth": 12064,
      "obs": null,
      "obs_left_log": null,
      "obs_log": null,
      "obs_placed": null,
      "party_id": 1,
      "party_size": 2,
      "performance_others": null,
      "permanent_buffs": [],
      "pings": null,
      "pred_vict": null,
      "purchase": null,
      "purchase_log": null,
      "randomed": null,
      "repicked": null,
      "roshans_killed": null,
      "rune_pickups": null,
      "runes": null,
      "runes_log": null,
      "sen": null,
      "sen_left_log": null,
      "sen_log": null,
      "sen_placed": null,
      "stuns": null,
      "teamfight_participation": null,
      "times": null,
      "tower_damage": 7678,
      "towers_killed": null,
      "xp_per_min": 543,
      "xp_reasons": null,
      "xp_t": null,
      "start_time": 1669912986,
      "duration": 2232,
      "cluster": 121,
      "lobby_type": 7,
      "game_mode": 22,
      "is_contributor": false,
      "patch": 51,
      "region": 2,
      "isRadiant": true,
      "total_gold": 13354,
      "total_xp": 4313,
      "kills_per_min": -0.011790309389681675,
      "kda": 1,
      "abandons": 0,
      "rank_tier": null,
      "is_subscriber": false,
      "cosmetics": [],
      "benchmarks": {
        "gold_per_min": {
          "raw": 359,
          "pct": 0.782608695652174
        },
        "xp_per_min": {
          "raw": 543,
          "pct": 0.6956521739130435
        },
        "kills_per_min": {
          "raw": 0.1881720430107527,
          "pct": 0.6956521739130435
        },
        "last_hits_per_min": {
          "raw": 1.5322580645161292,
          "pct": 0.6956521739130435
        },
        "hero_damage_per_min": {
          "raw": 417.98387096774195,
          "pct": 0.4782608695652174
        },
        "hero_healing_per_min": {
          "raw": 0,
          "pct": 0.8695652173913043
        },
        "tower_damage": {
          "raw": 7678,
          "pct": 1
        },
        "stuns_per_min": {
          "raw": 0,
          "pct": 0
        },
        "lhten": {}
      }
    },
    {
      "player_slot": 0,
      "ability_targets": null,
      "ability_upgrades_arr": [
        -237,
        -61,
        5076,
        5074,
        5076,
        5077,
        0,
        5076,
        5074,
        5931,
        5075,
        5077,
        5074,
        5075,
        6565,
        0,
        5077,
        408
      ],
      "ability_uses": null,
      "actions": null,
      "additional_units": null,
      "assists": 24,
      "backpack_0": 0,
      "backpack_1": 0,
      "backpack_2": 0,
      "backpack_3": null,
      "buyback_log": null,
      "camps_stacked": null,
      "connection_log": null,
      "creeps_stacked": null,
      "damage": null,
      "damage_inflictor": null,
      "damage_inflictor_received": null,
      "damage_taken": null,
      "damage_targets": null,
      "deaths": 6,
      "denies": 17,
      "dn_t": null,
      "firstblood_claimed": null,
      "gold": 0,
      "gold_per_min": 464,
      "gold_reasons": null,
      "gold_spent": 17290,
      "gold_t": null,
      "hero_damage": 19705,
      "hero_healing": 1870,
      "hero_hits": null,
      "hero_id": 14,
      "item_0": 908,
      "item_1": 37,
      "item_2": 73,
      "item_3": 1,
      "item_4": 0,
      "item_5": 48,
      "item_neutral": 840,
      "item_uses": null,
      "kill_streaks": null,
      "killed": null,
      "killed_by": null,
      "kills": 7,
      "kills_log": null,
      "lane_pos": null,
      "last_hits": 0,
      "leaver_status": 0,
      "level": 22,
      "lh_t": null,
      "life_state": null,
      "max_hero_hit": null,
      "multi_kills": null,
      "net_worth": 14993,
      "obs": null,
      "obs_left_log": null,
      "obs_log": null,
      "obs_placed": null,
      "party_id": 1,
      "party_size": 2,
      "performance_others": null,
      "permanent_buffs": [],
      "pings": null,
      "pred_vict": null,
      "purchase": null,
      "purchase_log": null,
      "randomed": null,
      "repicked": null,
      "roshans_killed": null,
      "rune_pickups": null,
      "runes": null,
      "runes_log": null,
      "sen": null,
      "sen_left_log": null,
      "sen_log": null,
      "sen_placed": null,
      "stuns": null,
      "teamfight_participation": null,
      "times": null,
      "tower_damage": 2266,
      "towers_killed": null,
      "xp_per_min": 724,
      "xp_reasons": null,
      "xp_t": null,
      "start_time": 1669912986,
      "duration": 2232,
      "cluster": 121,
      "lobby_type": 7,
      "game_mode": -3,
      "is_contributor": false,
      "patch": 51,
      "region": 2,
      "isRadiant": true,
      "total_gold": 10977,
      "total_xp": 26932,
      "kills_per_min": 0.1881720430107527,
      "kda": 4,
      "abandons": 0,
      "rank_tier": null,
      "is_subscriber": false,
      "cosmetics": [],
      "benchmarks": {}
    },
    {
      "player_slot": 0,
      "ability_targets": null,
      "ability_upgrades_arr": [
        0,
        5357,
        5359,
        5358,
        5359,
        5360,
        5359,
        5358,
        5358,
        5358,
        6926,
        5360,
        -1546,
        5357,
        5357,
        0,
        -894,
        0
      ],
      "ability_uses": null,
      "actions": null,
      "additional_units": null,
      "assists": 8,
      "backpack_0": 0,
      "backpack_1": 0,
      "backpack_2": 0,
      "backpack_3": null,
      "buyback_log": null,
      "camps_stacked": null,
      "connection_log": null,
      "creeps_stacked": null,
      "damage": null,
      "damage_inflictor": null,
      "damage_inflictor_received": null,
      "damage_taken": null,
      "damage_targets": null,
      "deaths": 7,
      "denies": 6,
      "dn_t": null,
      "firstblood_claimed": null,
      "gold": 1031,
      "gold_per_min": -236,
      "gold_reasons": null,
      "gold_spent": 1558,
      "gold_t": null,
      "hero_damage": 33726,
      "hero_healing": 0,
      "hero_hits": null,
      "hero_id": 70,
      "item_0": 37,
      "item_1": 1,
      "item_2": 208,
      "item_3": 0,
      "item_4": 172,
      "item_5": 40,
      "item_neutral": 577,
      "item_uses": null,
      "kill_streaks": null,
      "killed": null,
      "killed_by": null,
      "kills": 17,
      "kills_log": null,
      "lane_pos": null,
      "last_hits": 163,
      "leaver_status": 0,
      "level": 23,
      "lh_t": null,
      "life_state": null,
      "max_hero_hit": null,
      "multi_kills": null,
      "net_worth": 19908,
      "obs": null,
      "obs_left_log": null,
      "obs_log": null,
      "obs_placed": null,
      "party_id": 2,
      "party_size": 1,
      "performance_others": null,
      "permanent_buffs": [
        {
          "permanent_buff": 12,
          "stack_count": 0,
          "grant_time": 2011
        }
      ],
      "pings": null,
      "pred_vict": null,
      "purchase": null,
      "purchase_log": null,
      "randomed": null,
      "repicked": null,
      "roshans_killed": null,
      "rune_pickups": null,
      "runes": null,
      "runes_log": null,
      "sen": null,
      "sen_left_log": null,
      "sen_log": null,
      "sen_placed": null,
      "stuns": null,
      "teamfight_participation": null,
      "times": null,
      "tower_damage": 3255,
      "towers_killed": null,
      "xp_per_min": -263,
      "xp_reasons": null,
      "xp_t": null,
      "start_time": 1669912986,
      "duration": 2232,
      "cluster": 121,
      "lobby_type": 7,
      "game_mode": -6,
      "is_contributor": false,
      "patch": 51,
      "region": 2,
      "isRadiant": true,
      "total_gold": 13438,
      "total_xp": 29499,
      "kills_per_min": 0.45698924731182794,
      "kda": 3,
      "abandons": 0,
      "rank_tier": null,
      "is_subscriber": false,
      "cosmetics": [],
      "benchmarks": {
        "gold_per_min": {
          "raw": 544,
          "pct": 0.09721853666108284
        },
        "xp_per_min": {
          "raw": 793,
          "pct": 0.19384723013192193
        },
        "kills_per_min": {
          "raw": 0.45698924731182794,
          "pct": 0.8292682926829268
        },
        "last_hits_per_min": {
          "raw": 4.381720430107527,
          "pct": 0.04878048780487805
        },
        "hero_damage_per_min": {
          "raw": 906.6129032258063,
          "pct": 0.7560975609756098
        },
        "hero_healing_per_min": {
          "raw": 0,
          "pct": 1
        },
        "tower_damage": {},
        "stuns_per_min": {
          "raw": 0,
          "pct": 0.34146341463414637
        },
        "lhten": {}
      }
    },
    {
      "player_slot": 1,
      "ability_targets": null,
      "ability_upgrades_arr": [
        5173,
        5174,
        5173,
        5174,
        5173,
        5176,
        5173,
        5174,
        85,
        5960,
        5175,
        5176,
        5175,
        5175,
        0,
        0,
        0,
        0
      ],
      "ability_uses": null,
      "actions": null,
      "additional_units": null,
      "assists": 11,
      "backpack_0": 0,
      "backpack_1": 4,
      "backpack_2": 0,
      "backpack_3": null,
      "buyback_log": null,
      "camps_stacked": null,
      "connection_log": null,
      "creeps_stacked": null,
      "damage": null,
      "damage_inflictor": null,
      "damage_inflictor_received": null,
      "damage_taken": null,
      "damage_targets": null,
      "deaths": 4,
      "denies": -4,
      "dn_t": null,
      "firstblood_claimed": null,
      "gold": 5587,
      "gold_per_min": 642,
      "gold_reasons": null,
      "gold_spent": 0,
      "gold_t": null,
      "hero_damage": 36821,
      "hero_healing": 0,
      "hero_hits": null,
      "hero_id": 39,
      "item_0": 0,
      "item_1": 77,
      "item_2": 0,
      "item_3": 273,
      "item_4": -35,
      "item_5": 36,
      "item_neutral": 288,
      "item_uses": null,
      "kill_streaks": null,
      "killed": null,
      "killed_by": null,
      "kills": 19,
      "kills_log": null,
      "lane_pos": null,
      "last_hits": 198,
      "leaver_status": 0,
      "level": 25,
      "lh_t": null,
      "life_state": null,
      "max_hero_hit": null,
      "multi_kills": null,
      "net_worth": 21742,
      "obs": null,
      "obs_left_log": null,
      "obs_log": null,
      "obs_placed": null,
      "party_id": 3,
      "party_size": 0,
      "performance_others": null,
      "permanent_buffs": [
        {
          "permanent_buff": 3,
          "stack_count": 0,
          "grant_time": 1442
        }
      ],
      "pings": null,
      "pred_vict": null,
      "purchase": null,
      "purchase_log": null,
      "randomed": null,
      "repicked": null,
      "roshans_killed": null,
      "rune_pickups": null,
      "runes": null,
      "runes_log": null,
      "sen": null,
      "sen_left_log": null,
      "sen_log": null,
      "sen_placed": null,
      "stuns": null,
      "teamfight_participation": null,
      "times": null,
      "tower_damage": -203,
      "towers_killed": null,
      "xp_per_min": 936,
      "xp_reasons": null,
      "xp_t": null,
      "start_time": 1669912986,
      "duration": 2232,
      "cluster": 0,
      "lobby_type": 7,
      "game_mode": 22,
      "is_contributor": false,
      "patch": 51,
      "region": 2,
      "isRadiant": true,
      "total_gold": 20307,
      "total_xp": 21623,
      "kills_per_min": 0.510752688172043,
      "kda": 6,
      "abandons": 0,
      "rank_tier": null,
      "is_subscriber": false,
      "cosmetics": [],
      "benchmarks": {
        "gold_per_min": {
          "raw": 642,
          "pct": 0.8695652173913043
        },
        "xp_per_min": {
          "raw": 936,
          "pct": 0.8695652173913043
        },
        "kills_per_min": {
          "raw": 0.510752688172043,
          "pct": 1
        },
        "last_hits_per_min": {
          "raw": 5.322580645161291,
          "pct": 0.4782608695652174
        },
        "hero_damage_per_min": {
          "raw": 989.8118279569893,
          "pct": 0.8695652173913043
        },
        "hero_healing_per_min": {
          "raw": 0,
          "pct": 0.8695652173913043
        },
        "tower_damage": {
          "raw": 10345,
          "pct": 1
        },
        "stuns_per_min": {
          "raw": 0,
          "pct": 0.8260869565217391
        },
        "lhten": {}
      }
    },
    {
      "player_slot": 128,
      "ability_targets": null,
      "ability_upgrades_arr": [
        5275,
        5276,
        0,
        0,
        5277,
        5278,
        5277,
        5275,
        5275,
        0,
        5275,
        -1830,
        5276,
        5276,
        480,
        5276
      ],
      "ability_uses": null,
      "actions": null,
      "additional_units": null,
      "assists": 15,
      "backpack_0": 0,
      "backpack_1": 0,
      "backpack_2": 0,
      "backpack_3": null,
      "buyback_log": null,
      "camps_stacked": null,
      "connection_log": null,
      "creeps_stacked": null,
      "damage": null,
      "damage_inflictor": null,
      "damage_inflictor_received": null,
      "damage_taken": null,
      "damage_targets": null,
      "deaths": 12,
      "denies": 11,
      "dn_t": null,
      "firstblood_claimed": null,
      "gold": 0,
      "gold_per_min": 306,
      "gold_reasons": null,
      "gold_spent": 4047,
      "gold_t": null,
      "hero_damage": 10394,
      "hero_healing": 0,
      "hero_hits": null,
      "hero_id": -28,
      "item_0": 50,
      "item_1": 210,
      "item_2": 1,
      "item_3": 116,
      "item_4": 0,
      "item_5": 2,
      "item_neutral": 376,
      "item_uses": null,
      "kill_streaks": null,
      "killed": null,
      "killed_by": null,
      "kills": 1,
      "kills_log": null,
      "lane_pos": null,
      "last_hits": 97,
      "leaver_status": 0,
      "level": 17,
      "lh_t": null,
      "life_state": null,
      "max_hero_hit": null,
      "multi_kills": null,
      "net_worth": 0,
      "obs": null,
      "obs_left_log": null,
      "obs_log": null,
      "obs_placed": null,
      "party_id": 4,
      "party_size": 1,
      "performance_others": null,
      "permanent_buffs": [],
      "pings": null,
      "pred_vict": null,
      "purchase": null,
      "purchase_log": null,
      "randomed": null,
      "repicked": null,
      "roshans_killed": null,
      "rune_pickups": null,
      "runes": null,
      "runes_log": null,
      "sen": null,
      "sen_left_log": null,
      "sen_log": null,
      "sen_placed": null,
      "stuns": null,
      "teamfight_participation": null,
      "times": null,
      "tower_damage": 142,
      "towers_killed": null,
      "xp_per_min": 436,
      "xp_reasons": null,
      "xp_t": null,
      "personaname": "Richo",
      "name": null,
      "last_login": null,
      "start_time": 1669912986,
      "duration": 2232,
      "cluster": 121,
      "lobby_type": 7,
      "game_mode": 22,
      "is_contributor": false,
      "patch": 51,
      "region": 2,
      "isRadiant": false,
      "total_gold": 1541,
      "total_xp": 15155,
      "kills_per_min": 0.026881720430107524,
      "kda": 0,
      "abandons": 0,
      "rank_tier": 24,
      "is_subscriber": false,
      "cosmetics": [],
      "benchmarks": {
        "gold_per_min": {
          "raw": 306,
          "pct": 0
        },
        "xp_per_min": {
          "raw": 436,
          "pct": 0
        },
        "kills_per_min": {
          "raw": 0.026881720430107527,
          "pct": 0
        },
        "last_hits_per_min": {
          "raw": -0.6220298765272458,
          "pct": 0
        },
        "hero_damage_per_min": {
          "raw": 279.4086021505376,
          "pct": 0.2222222222222222
        },
        "hero_healing_per_min": {
          "raw": 0,
          "pct": 1
        },
        "tower_damage": {
          "raw": -64,
          "pct": 0.1111111111111111
        },
        "stuns_per_min": {
          "raw": 0,
          "pct": 0
        },
        "lhten": {}
      }
    },
    {
      "player_slot": 129,
      "ability_targets": null,
      "ability_upgrades_arr": [
        0,
        5162,
        5163,
        5162,
        24,
        5165,
        5162,
        5163,
        5163,
        5164,
        0,
        5165,
        1038,
        0,
        5164,
        354
      ],
      "ability_uses": null,
      "actions": null,
      "additional_units": null,
      "assists": 4,
      "backpack_0": 0,
      "backpack_1": 0,
      "backpack_2": 0,
      "backpack_3": null,
      "buyback_log": null,
      "camps_stacked": null,
      "connection_log": null,
      "creeps_stacked": null,
      "damage": null,
      "damage_inflictor": null,
      "damage_inflictor_received": null,
      "damage_taken": null,
      "damage_targets": null,
      "deaths": 12,
      "denies": 0,
      "dn_t": null,
      "firstblood_claimed": null,
      "gold": 2158,
      "gold_per_min": 366,
      "gold_reasons": null,
      "gold_spent": -2718,
      "gold_t": null,
      "hero_damage": 25734,
      "hero_healing": 3397,
      "hero_hits": null,
      "hero_id": 37,
      "item_0": 0,
      "item_1": 254,
      "item_2": 36,
      "item_3": 0,
      "item_4": 0,
      "item_5": 180,
      "item_neutral": 0,
      "item_uses": null,
      "kill_streaks": null,
      "killed": null,
      "killed_by": null,
      "kills": 12,
      "kills_log": null,
      "lane_pos": null,
      "last_hits": 65,
      "leaver_status": 0,
      "level": 17,
      "lh_t": null,
      "life_state": null,
      "max_hero_hit": null,
      "multi_kills": null,
      "net_worth": 3512,
      "obs": null,
      "obs_left_log": null,
      "obs_log": null,
      "obs_placed": null,
      "party_id": 5,
      "party_size": 0,
      "performance_others": null,
      "permanent_buffs": [
        {
          "permanent_buff": 6,
          "stack_count": 2,
          "grant_time": 449
        },
        {
          "permanent_buff": 12,
          "stack_count": 0,
          "grant_time": 1220
        }
      ],
      "pings": null,
      "pred_vict": null,
      "purchase": null,
      "purchase_log": null,
      "randomed": null,
      "repicked": null,
      "roshans_killed": null,
      "rune_pickups": null,
      "runes": null,
      "runes_log": null,
      "sen": null,
      "sen_left_log": null,
      "sen_log": null,
      "sen_placed": null,
      "stuns": null,
      "teamfight_participation": null,
      "times": null,
      "tower_damage": 99,
      "towers_killed": null,
      "xp_per_min": 468,
      "xp_reasons": null,
      "xp_t": null,
      "start_time": 1669912986,
      "duration": 2232,
      "cluster": 121,
      "lobby_type": 7,
      "game_mode": 22,
      "is_contributor": false,
      "patch": 51,
      "region": 2,
      "isRadiant": false,
      "total_gold": 2483,
      "total_xp": 17409,
      "kills_per_min": 0.3225806451612903,
      "kda": 0,
      "abandons": 0,
      "rank_tier": null,
      "is_subscriber": false,
      "cosmetics": [],
      "benchmarks": {
        "gold_per_min": {
          "raw": -87,
          "pct": 0.13373401298766094
        },
        "xp_per_min": {
          "raw": 0,
          "pct": 0.4117647058823529
        },
        "kills_per_min": {},
        "last_hits_per_min": {},
        "hero_damage_per_min": {
          "raw": 691.7741935483871,
          "pct": 0.7058823529411765
        },
        "hero_healing_per_min": {},
        "tower_damage": {
          "raw": 99,
          "pct": 0.004187014482785043
        },
        "stuns_per_min": {
          "raw": 0,
          "pct": 0
        },
        "lhten": {}
      }
    },
    {
      "player_slot": 130,
      "ability_targets": null,
      "ability_upgrades_arr": [
        343,
        5019,
        0,
        5632,
        343,
        5022,
        343,
        5632,
        -370,
        0,
        5632,
        5022,
        5019,
        5019,
        1087,
        5019,
        5022,
        6202
      ],
      "ability_uses": null,
      "actions": null,
      "additional_units": null,
      "assists": 5,
      "backpack_0": 42,
      "backpack_1": 0,
      "backpack_2": 0,
      "backpack_3": null,
      "buyback_log": null,
      "camps_stacked": null,
      "connection_log": null,
      "creeps_stacked": null,
      "damage": null,
      "damage_inflictor": null,
      "damage_inflictor_received": null,
      "damage_taken": null,
      "damage_targets": null,
      "deaths": 7,
      "denies": 1,
      "dn_t": null,
      "firstblood_claimed": null,
      "gold": 1778,
      "gold_per_min": 502,
      "gold_reasons": null,
      "gold_spent": 14415,
      "gold_t": null,
      "hero_damage": 36018,
      "hero_healing": 0,
      "hero_hits": null,
      "hero_id": 6,
      "item_0": 240,
      "item_1": 0,
      "item_2": 249,
      "item_3": 75,
      "item_4": 63,
      "item_5": 236,
      "item_neutral": 0,
      "item_uses": null,
      "kill_streaks": null,
      "killed": null,
      "killed_by": null,
      "kills": 11,
      "kills_log": null,
      "lane_pos": null,
      "last_hits": 207,
      "leaver_status": 0,
      "level": 22,
      "lh_t": null,
      "life_state": null,
      "max_hero_hit": null,
      "multi_kills": null,
      "net_worth": 15533,
      "obs": null,
      "obs_left_log": null,
      "obs_log": null,
      "obs_placed": null,
      "party_id": 6,
      "party_size": 1,
      "performance_others": null,
      "permanent_buffs": [],
      "pings": null,
      "pred_vict": null,
      "purchase": null,
      "purchase_log": null,
      "randomed": null,
      "repicked": null,
      "roshans_killed": null,
      "rune_pickups": null,
      "runes": null,
      "runes_log": null,
      "sen": null,
      "sen_left_log": null,
      "sen_log": null,
      "sen_placed": null,
      "stuns": null,
      "teamfight_participation": null,
      "times": null,
      "tower_damage": 2310,
      "towers_killed": null,
      "xp_per_min": 734,
      "xp_reasons": null,
      "xp_t": null,
      "start_time": 1669912986,
      "duration": 0,
      "cluster": 0,
      "lobby_type": 7,
      "game_mode": 22,
      "is_contributor": false,
      "patch": 51,
      "region": 2,
      "isRadiant": false,
      "total_gold": 18674,
      "total_xp": 25855,
      "kills_per_min": 0.29569892473118276,
      "kda": 2,
      "abandons": 0,
      "rank_tier": null,
      "is_subscriber": false,
      "cosmetics": [],
      "benchmarks": {
        "gold_per_min": {},
        "xp_per_min": {
          "raw": 0,
          "pct": 0.5897435897435898
        },
        "kills_per_min": {
          "raw": 0.29569892473118276,
          "pct": 0.6923076923076923
        },
        "last_hits_per_min": {
          "raw": 5.564516129032258,
          "pct": 0.07692307692307693
        },
        "hero_damage_per_min": {
          "raw": 968.2258064516129,
          "pct": 0.7948717948717948
        },
        "hero_healing_per_min": {
          "raw": 0,
          "pct": 0.31210172071593023
        },
        "tower_damage": {
          "raw": 2310,
          "pct": 0.4358974358974359
        },
        "stuns_per_min": {
          "raw": 0,
          "pct": 0.9487179487179487
        },
        "lhten": {}
      }
    },
    {
      "player_slot": 131,
      "ability_targets": null,
      "ability_upgrades_arr": [
        5179,
        5178,
        5180,
        5178,
        5178,
        -1937,
        5180,
        5178,
        5180,
        5180,
        6979,
        -1114,
        0,
        5179,
        811,
        5179
      ],
      "ability_uses": null,
      "actions": null,
      "additional_units": null,
      "assists": 15,
      "backpack_0": 0,
      "backpack_1": 0,
      "backpack_2": 0,
      "backpack_3": null,
      "buyback_log": null,
      "camps_stacked": null,
      "connection_log": null,
      "creeps_stacked": null,
      "damage": null,
      "damage_inflictor": null,
      "damage_inflictor_received": null,
      "damage_taken": null,
      "damage_targets": null,
      "deaths": 0,
      "denies": 5,
      "dn_t": null,
      "firstblood_claimed": null,
      "gold": 1772,
      "gold_per_min": 73,
      "gold_reasons": null,
      "gold_spent": 6610,
      "gold_t": null,
      "hero_damage": -8855,
      "hero_healing": 0,
      "hero_hits": null,
      "hero_id": 40,
      "item_0": 35,
      "item_1": 100,
      "item_2": 92,
      "item_3": 29,
      "item_4": 0,
      "item_5": 0,
      "item_neutral": 349,
      "item_uses": null,
      "kill_streaks": null,
      "killed": null,
      "killed_by": null,
      "kills": -1,
      "kills_log": null,
      "lane_pos": null,
      "last_hits": 45,
      "leaver_status": 0,
      "level": 16,
      "lh_t": null,
      "life_state": null,
      "max_hero_hit": null,
      "multi_kills": null,
      "net_worth": 8277,
      "obs": null,
      "obs_left_log": null,
      "obs_log": null,
      "obs_placed": null,
      "party_id": 7,
      "party_size": 0,
      "performance_others": null,
      "permanent_buffs": [],
      "pings": null,
      "pred_vict": null,
      "purchase": null,
      "purchase_log": null,
      "randomed": null,
      "repicked": null,
      "roshans_killed": null,
      "rune_pickups": null,
      "runes": null,
      "runes_log": null,
      "sen": null,
      "sen_left_log": null,
      "sen_log": null,
      "sen_placed": null,
      "stuns": null,
      "teamfight_participation": null,
      "times": null,
      "tower_damage": -350,
      "towers_killed": null,
      "xp_per_min": 412,
      "xp_reasons": null,
      "xp_t": null,
      "personaname": "Avenger_MaChInE",
      "name": null,
      "last_login": null,
      "start_time": 792513558,
      "duration": 2232,
      "cluster": 121,
      "lobby_type": 7,
      "game_mode": 22,
      "is_contributor": false,
      "patch": 51,
      "region": 0,
      "isRadiant": false,
      "total_gold": 125,
      "total_xp": 12254,
      "kills_per_min": 0.08064516129032258,
      "kda": 1,
      "abandons": 0,
      "rank_tier": 14,
      "is_subscriber": false,
      "cosmetics": [],
      "benchmarks": {
        "gold_per_min": {
          "raw": 270,
          "pct": 0.050344119638351684
        },
        "xp_per_min": {
          "raw": 0,
          "pct": 0.25
        },
        "kills_per_min": {
          "raw": 0.08064516129032259,
          "pct": 0.008535289953981062
        },
        "last_hits_per_min": {
          "raw": 1.2096774193548387,
          "pct": 0
        },
        "hero_damage_per_min": {
          "raw": 588.763440860215,
          "pct": 0.375
        },
        "hero_healing_per_min": {
          "raw": 0,
          "pct": 0.04606064488367845
        },
        "tower_damage": {
          "raw": 803,
          "pct": 0.375
        },
        "stuns_per_min": {
          "raw": 0,
          "pct": 0.625
        },
        "lhten": {}
      }
    },
    {
      "player_slot": 132,
      "ability_targets": null,
      "ability_upgrades_arr": [],
      "ability_uses": null,
      "actions": null,
      "additional_units": null,
      "assists": 14,
      "backpack_0": 42,
      "backpack_1": 0,
      "backpack_2": 0,
      "backpack_3": null,
      "buyback_log": null,
      "camps_stacked": null,
      "connection_log": null,
      "creeps_stacked": null,
      "damage": null,
      "damage_inflictor": null,
      "damage_inflictor_received": null,
      "damage_taken": null,
      "damage_targets": null,
      "deaths": 12,
      "denies": 1,
      "dn_t": null,
      "firstblood_claimed": null,
      "gold": 837,
      "gold_per_min": 325,
      "gold_reasons": null,
      "gold_spent": 10695,
      "gold_t": null,
      "hero_damage": 21554,
      "hero_healing": 0,
      "hero_hits": null,
      "hero_id": 22,
      "item_0": 100,
      "item_1": 0,
      "item_2": 77,
      "item_3": 180,
      "item_4": 36,
      "item_5": -81,
      "item_neutral": 160,
      "item_uses": null,
      "kill_streaks": null,
      "killed": null,
      "killed_by": null,
      "kills": 4,
      "kills_log": null,
      "lane_pos": null,
      "last_hits": 70,
      "leaver_status": 0,
      "level": 19,
      "lh_t": null,
      "life_state": null,
      "max_hero_hit": null,
      "multi_kills": null,
      "net_worth": 10442,
      "obs": null,
      "obs_left_log": null,
      "obs_log": null,
      "obs_placed": null,
      "party_id": 7,
      "party_size": 2,
      "performance_others": null,
      "permanent_buffs": [],
      "pings": null,
      "pred_vict": null,
      "purchase": null,
      "purchase_log": null,
      "randomed": null,
      "repicked": null,
      "roshans_killed": null,
      "rune_pickups": null,
      "runes": null,
      "runes_log": null,
      "sen": null,
      "sen_left_log": null,
      "sen_log": null,
      "sen_placed": null,
      "stuns": null,
      "teamfight_participation": null,
      "times": null,
      "tower_damage": 192,
      "towers_killed": null,
      "xp_per_min": 563,
      "xp_reasons": null,
      "xp_t": null,
      "start_time": 1669912986,
      "duration": 2232,
      "cluster": 121,
      "lobby_type": 1,
      "game_mode": 22,
      "is_contributor": false,
      "patch": 51,
      "region": 2,
      "isRadiant": false,
      "total_gold": 10480,
      "total_xp": 20943,
      "kills_per_min": 0.1075268817204301,
      "kda": 0,
      "abandons": 0,
      "rank_tier": null,
      "is_subscriber": false,
      "cosmetics": [],
      "benchmarks": {
        "gold_per_min": {},
        "xp_per_min": {
          "raw": 0,
          "pct": 0.0513219149958407
        },
        "kills_per_min": {
          "raw": 0.10752688172043011,
          "pct": 0.14285714285714285
        },
        "last_hits_per_min": {
          "raw": 1.8817204301075268,
          "pct": 0.14285714285714285
        },
        "hero_damage_per_min": {
          "raw": 579.4086021505377,
          "pct": 0.11428571428571428
        },
        "hero_healing_per_min": {
          "raw": 0,
          "pct": 0.7714285714285715
        },
        "tower_damage": {
          "raw": 192,
          "pct": 0.4
        },
        "stuns_per_min": {
          "raw": 0,
          "pct": 0
        },
        "lhten": {}
      }
    }
  ],
  "patch": 51,
  "region": 2
}