{
  "chat": null,
  "cluster": 186,
  "cosmetics": null,
  "dire_score": 17,
  "dire_team_id": null,
  "draft_timings": null,
  "duration": 1912,
  "engine": 1,
  "first_blood_time": 128,
  "game_mode": 8,
  "human_players": 10,
  "leagueid": 0,
  "lobby_type": 0,
  "match_seq_num": 5780331834,
  "negative_votes": 0,
  "objectives": null,
  "picks_bans": null,
  "positive_votes": 0,
  "radiant_gold_adv": null,
  "radiant_score": 38,
  "radiant_team_id": null,
  "radiant_xp_adv": null,
  "skill": null,
  "start_time": 549780715,
  "teamfights": null,
  "version": null,
  "replay_salt": 2006792085,
  "series_id": 0,
  "series_type": 0,
  "players": [
    {
      "player_slot": 0,
      "ability_targets": null,
      "ability_upgrades_arr": [
        5075,
        5076,
        5074,
        5076,
        5076,
        0,
        0,
        5074,
        5074,
        5074,
        5077,
        5075,
        809,
        5931,
        6565,
        5075,
        5077,
        408,
        2974
      ],
      "ability_uses": null,
      "actions": null,
      "additional_units": null,
      "assists": 13,
      "backpack_0": 43,
      "backpack_1": 0,
      "backpack_2": 0,
      "backpack_3": null,
      "buyback_log": null,
      "camps_stacked": null,
      "connection_log": null,
      "creeps_stacked": null,
      "damage": null,
      "damage_inflictor": null,
      "damage_inflictor_received": null,
      "damage_taken": null,
      "damage_targets": null,
      "deaths": 10,
      "denies": 0,
      "dn_t": null,
      "firstblood_claimed": null,
      "gold": 2383,
      "gold_per_min": 723,
      "gold_reasons": null,
      "gold_spent": 4337,
      "gold_t": null,
      "hero_damage": 18062,
      "hero_healing": 0,
      "hero_hits": null,
      "hero_id": 14,
      "item_0": 29,
      "item_1": 692,
      "item_2": 1,
      "item_3": 125,
      "item_4": 108,
      "item_5": 114,
      "item_neutral": 677,
      "item_uses": null,
      "kill_streaks": null,
      "killed": null,
      "killed_by": null,
      "kills": 5,
      "kills_log": null,
      "lane_pos": null,
      "last_hits": 110,
      "leaver_status": 0,
      "level": 4,
      "lh_t": null,
      "life_state": null,
      "max_hero_hit": null,
      "multi_kills": null,
      "net_worth": 21108,
      "obs": null,
      "obs_left_log": null,
      "obs_log": null,
      "obs_placed": null,
      "party_id": 0,
      "party_size": 5,
      "performance_others": null,
      "permanent_buffs": [
        {
          "permanent_buff": 4,
          "stack_count": -5,
          "grant_time": 286
        },
        {
          "permanent_buff": 6,
          "stack_count": 1,
          "grant_time": 877
        },
        {
          "permanent_buff": 12,
          "stack_count": 0,
          "grant_time": 963
        }
      ],
      "pings": null,
      "pred_vict": null,
      "purchase": null,
      "purchase_log": null,
      "randomed": null,
      "repicked": null,
      "roshans_killed": null,
      "rune_pickups": null,
      "runes": null,
      "runes_log": null,
      "sen": null,
      "sen_left_log": null,
      "sen_log": null,
      "sen_placed": null,
      "stuns": null,
      "teamfight_participation": null,
      "times": null,
      "tower_damage": 478,
      "towers_killed": null,
      "xp_per_min": 0,
      "xp_reasons": null,
      "xp_t": null,
      "personaname": "Elegance912",
      "name": null,
      "last_login": null,
      "start_time": 1669911409,
      "duration": 1912,
      "cluster": 186,
      "lobby_type": 0,
      "game_mode": 23,
      "is_contributor": false,
      "patch": 51,
      "region": 8,
      "isRadiant": true,
      "total_gold": 23039,
      "total_xp": 38654,
      "kills_per_min": 0.15690376569037656,
      "kda": 0,
      "abandons": 0,
      "rank_tier": null,
      "is_subscriber": false,
      "cosmetics": [],
      "benchmarks": {
        "gold_per_min": {
          "raw": 723,
          "pct": 1
        },
        "xp_per_min": {
          "raw": 1213,
          "pct": 1
        },
        "kills_per_min": {
          "raw": 0.15690376569037656,
          "pct": 0.4107142857142857
        },
        "last_hits_per_min": {
          "raw": 3.451882845188284,
          "pct": 0.48214285714285715
        },
        "hero_damage_per_min": {
          "raw": 566.7991631799163,
          "pct": 0.5357142857142857
        },
        "hero_healing_per_min": {
          "raw": 66.73484878038143,
          "pct": 1
        },
        "tower_damage": {},
        "stuns_per_min": {
          "raw": 0,
          "pct": 0
        },
        "lhten": {}
      }
    },
    {
      "player_slot": 0,
      "ability_targets": null,
      "ability_upgrades_arr": [
        994,
        995,
        994,
        992,
        994,
        996,
        994,
        995,
        992,
        7741,
        995,
        996,
        995,
        992,
        1082,
        992,
        996,
        7742,
        7743,
        1081,
        0
      ],
      "ability_uses": null,
      "actions": null,
      "additional_units": null,
      "assists": 18,
      "backpack_0": 125,
      "backpack_1": 0,
      "backpack_2": 0,
      "backpack_3": null,
      "buyback_log": null,
      "camps_stacked": null,
      "connection_log": null,
      "creeps_stacked": null,
      "damage": null,
      "damage_inflictor": null,
      "damage_inflictor_received": null,
      "damage_taken": null,
      "damage_targets": null,
      "deaths": 9,
      "denies": 2,
      "dn_t": null,
      "firstblood_claimed": null,
      "gold": 1224,
      "gold_per_min": 872,
      "gold_reasons": null,
      "gold_spent": 23985,
      "gold_t": null,
      "hero_damage": 31708,
      "hero_healing": 0,
      "hero_hits": null,
      "hero_id": 137,
      "item_0": 1,
      "item_1": 50,
      "item_2": 116,
      "item_3": 53,
      "item_4": 114,
      "item_5": 273,
      "item_neutral": 0,
      "item_uses": null,
      "kill_streaks": null,
      "killed": null,
      "killed_by": null,
      "kills": 9,
      "kills_log": null,
      "lane_pos": null,
      "last_hits": 74,
      "leaver_status": 0,
      "level": 28,
      "lh_t": null,
      "life_state": null,
      "max_hero_hit": null,
      "multi_kills": null,
      "net_worth": 0,
      "obs": null,
      "obs_left_log": null,
      "obs_log": null,
      "obs_placed": null,
      "party_id": 0,
      "party_size": 5,
      "performance_others": null,
      "permanent_buffs": [],
      "pings": null,
      "pred_vict": null,
      "purchase": null,
      "purchase_log": null,
      "randomed": null,
      "repicked": null,
      "roshans_killed": null,
      "rune_pickups": null,
      "runes": null,
      "runes_log": null,
      "sen": null,
      "sen_left_log": null,
      "sen_log": null,
      "sen_placed": null,
      "stuns": null,
      "teamfight_participation": null,
      "times": null,
      "tower_damage": 1653,
      "towers_killed": null,
      "xp_per_min": 1256,
      "xp_reasons": null,
      "xp_t": null,
      "personaname": "ПУК",
      "name": null,
      "last_login": null,
      "start_time": 1669911409,
      "duration": 1912,
      "cluster": 36,
      "lobby_type": 0,
      "game_mode": 23,
      "is_contributor": false,
      "patch": 51,
      "region": 8,
      "isRadiant": true,
      "total_gold": 19523,
      "total_xp": 17532,
      "kills_per_min": 0.2824267782426778,
      "kda": 1,
      "abandons": 0,
      "rank_tier": 0,
      "is_subscriber": false,
      "cosmetics": [],
      "benchmarks": {
        "gold_per_min": {
          "raw": 872,
          "pct": 1
        },
        "xp_per_min": {
          "raw": 0,
          "pct": 1
        },
        "kills_per_min": {
          "raw": 0.2824267782426778,
          "pct": 0.825
        },
        "last_hits_per_min": {
          "raw": 2.322175732217573,
          "pct": 0.1
        },
        "hero_damage_per_min": {
          "raw": 995.0209205020919,
          "pct": 0.85
        },
        "hero_healing_per_min": {
          "raw": 0,
          "pct": 0.875
        },
        "tower_damage": {
          "raw": 1653,
          "pct": 0.75
        },
        "stuns_per_min": {
          "raw": 0,
          "pct": 0.025
        },
        "lhten": {}
      }
    },
    {
      "player_slot": 0,
      "ability_targets": null,
      "ability_upgrades_arr": [
        5173,
        5174,
        5173,
        5175,
        1830,
        5176,
        5173,
        5175,
        5175,
        5175,
        -196,
        5176,
        5174,
        5174,
        629,
        437,
        5176,
        6856,
        751,
        1000,
        5907,
        590
      ],
      "ability_uses": null,
      "actions": null,
      "additional_units": null,
      "assists": 0,
      "backpack_0": 0,
      "backpack_1": 0,
      "backpack_2": 0,
      "backpack_3": null,
      "buyback_log": null,
      "camps_stacked": null,
      "connection_log": null,
      "creeps_stacked": null,
      "damage": null,
      "damage_inflictor": null,
      "damage_inflictor_received": null,
      "damage_taken": null,
      "damage_targets": null,
      "deaths": 0,
      "denies": 3,
      "dn_t": null,
      "firstblood_claimed": null,
      "gold": 5165,
      "gold_per_min": 1151,
      "gold_reasons": null,
      "gold_spent": 0,
      "gold_t": null,
      "hero_damage": 29134,
      "hero_healing": 0,
      "hero_hits": null,
      "hero_id": 39,
      "item_0": 108,
      "item_1": 180,
      "item_2": 102,
      "item_3": 610,
      "item_4": 273,
      "item_5": 235,
      "item_neutral": 300,
      "item_uses": null,
      "kill_streaks": null,
      "killed": null,
      "killed_by": null,
      "kills": 7,
      "kills_log": null,
      "lane_pos": null,
      "last_hits": 159,
      "leaver_status": 0,
      "level": 29,
      "lh_t": null,
      "life_state": null,
      "max_hero_hit": null,
      "multi_kills": null,
      "net_worth": 30665,
      "obs": null,
      "obs_left_log": null,
      "obs_log": null,
      "obs_placed": null,
      "party_id": 0,
      "party_size": 5,
      "performance_others": null,
      "permanent_buffs": [
        {
          "permanent_buff": 12,
          "stack_count": 0,
          "grant_time": 1574
        }
      ],
      "pings": null,
      "pred_vict": null,
      "purchase": null,
      "purchase_log": null,
      "randomed": null,
      "repicked": null,
      "roshans_killed": null,
      "rune_pickups": null,
      "runes": null,
      "runes_log": null,
      "sen": null,
      "sen_left_log": null,
      "sen_log": null,
      "sen_placed": null,
      "stuns": null,
      "teamfight_participation": null,
      "times": null,
      "tower_damage": 0,
      "towers_killed": null,
      "xp_per_min": 1739,
      "xp_reasons": null,
      "xp_t": null,
      "personaname": "ЧПОК",
      "name": null,
      "last_login": null,
      "start_time": 1669911409,
      "duration": 1912,
      "cluster": 186,
      "lobby_type": 0,
      "game_mode": 4,
      "is_contributor": false,
      "patch": 51,
      "region": 8,
      "isRadiant": true,
      "total_gold": 15014,
      "total_xp": 55416,
      "kills_per_min": 0.2196652719665272,
      "kda": 0,
      "abandons": 0,
      "rank_tier": 61,
      "is_subscriber": false,
      "cosmetics": [],
      "benchmarks": {
        "gold_per_min": {
          "raw": 1151,
          "pct": 1
        },
        "xp_per_min": {
          "raw": 1739,
          "pct": 1
        },
        "kills_per_min": {
          "raw": 0.055837948811549826,
          "pct": 0.5652173913043478
        },
        "last_hits_per_min": {
          "raw": 4.989539748953975,
          "pct": 0.30434782608695654
        },
        "hero_damage_per_min": {
          "raw": 2114.560669456067,
          "pct": 1
        },
        "hero_healing_per_min": {
          "raw": 0,
          "pct": 0.8695652173913043
        },
        "tower_damage": {
          "raw": 2309,
          "pct": 0.6086956521739131
        },
        "stuns_per_min": {
          "raw": 0,
          "pct": 0.8260869565217391
        },
        "lhten": {}
      }
    },
    {
      "player_slot": 3,
      "ability_targets": null,
      "ability_upgrades_arr": [
        5155,
        5156,
        5156,
        5155,
        5155,
        5157,
        5155,
        5156,
        5156,
        280,
        5154,
        5157,
        -950,
        5154,
        5907,
        5154,
        5157,
        0,
        0,
        6897,
        7396
      ],
      "ability_uses": null,
      "actions": null,
      "additional_units": null,
      "assists": 0,
      "backpack_0": 0,
      "backpack_1": 0,
      "backpack_2": 0,
      "backpack_3": null,
      "buyback_log": null,
      "camps_stacked": null,
      "connection_log": null,
      "creeps_stacked": null,
      "damage": null,
      "damage_inflictor": null,
      "damage_inflictor_received": null,
      "damage_taken": null,
      "damage_targets": null,
      "deaths": 9,
      "denies": 7,
      "dn_t": null,
      "firstblood_claimed": null,
      "gold": 5471,
      "gold_per_min": 1118,
      "gold_reasons": null,
      "gold_spent": 24890,
      "gold_t": null,
      "hero_damage": 48289,
      "hero_healing": 0,
      "hero_hits": null,
      "hero_id": 35,
      "item_0": 63,
      "item_1": 249,
      "item_2": 158,
      "item_3": 160,
      "item_4": 247,
      "item_5": 143,
      "item_neutral": 362,
      "item_uses": null,
      "kill_streaks": null,
      "killed": null,
      "killed_by": null,
      "kills": 9,
      "kills_log": null,
      "lane_pos": null,
      "last_hits": -6,
      "leaver_status": 0,
      "level": 28,
      "lh_t": null,
      "life_state": null,
      "max_hero_hit": null,
      "multi_kills": null,
      "net_worth": 30196,
      "obs": null,
      "obs_left_log": null,
      "obs_log": null,
      "obs_placed": null,
      "party_id": 0,
      "party_size": 5,
      "performance_others": null,
      "permanent_buffs": [],
      "pings": null,
      "pred_vict": null,
      "purchase": null,
      "purchase_log": null,
      "randomed": null,
      "repicked": null,
      "roshans_killed": null,
      "rune_pickups": null,
      "runes": null,
      "runes_log": null,
      "sen": null,
      "sen_left_log": null,
      "sen_log": null,
      "sen_placed": null,
      "stuns": null,
      "teamfight_participation": null,
      "times": null,
      "tower_damage": 5954,
      "towers_killed": null,
      "xp_per_min": 216,
      "xp_reasons": null,
      "xp_t": null,
      "personaname": "Критовуха",
      "name": null,
      "last_login": null,
      "start_time": 1669911409,
      "duration": 1912,
      "cluster": 186,
      "lobby_type": 0,
      "game_mode": 0,
      "is_contributor": false,
      "patch": 0,
      "region": 8,
      "isRadiant": true,
      "total_gold": 21675,
      "total_xp": 26038,
      "kills_per_min": 0.2824267782426778,
      "kda": 1,
      "abandons": 0,
      "rank_tier": 34,
      "is_subscriber": false,
      "cosmetics": [],
      "benchmarks": {}
    },
    {
      "player_slot": 4,
      "ability_targets": null,
      "ability_upgrades_arr": [
        2034,
        5162,
        -2105,
        5162,
        5163,
        5165,
        5163,
        5162,
        5162,
        6982,
        5164,
        5165,
        5164,
        5164,
        6412,
        0,
        5165,
        764,
        6054
      ],
      "ability_uses": null,
      "actions": null,
      "additional_units": null,
      "assists": 18,
      "backpack_0": 0,
      "backpack_1": 0,
      "backpack_2": 0,
      "backpack_3": null,
      "buyback_log": null,
      "camps_stacked": null,
      "connection_log": null,
      "creeps_stacked": null,
      "damage": null,
      "damage_inflictor": null,
      "damage_inflictor_received": null,
      "damage_taken": null,
      "damage_targets": null,
      "deaths": 5,
      "denies": 0,
      "dn_t": null,
      "firstblood_claimed": null,
      "gold": 1508,
      "gold_per_min": 194,
      "gold_reasons": null,
      "gold_spent": 22175,
      "gold_t": null,
      "hero_damage": 33546,
      "hero_healing": 23061,
      "hero_hits": null,
      "hero_id": 37,
      "item_0": 0,
      "item_1": -40,
      "item_2": 218,
      "item_3": 29,
      "item_4": 0,
      "item_5": 235,
      "item_neutral": 311,
      "item_uses": null,
      "kill_streaks": null,
      "killed": null,
      "killed_by": null,
      "kills": 7,
      "kills_log": null,
      "lane_pos": null,
      "last_hits": 49,
      "leaver_status": 0,
      "level": 26,
      "lh_t": null,
      "life_state": null,
      "max_hero_hit": null,
      "multi_kills": null,
      "net_worth": 22833,
      "obs": null,
      "obs_left_log": null,
      "obs_log": null,
      "obs_placed": null,
      "party_id": 0,
      "party_size": 5,
      "performance_others": null,
      "permanent_buffs": [
        {
          "permanent_buff": 2,
          "stack_count": 0,
          "grant_time": 1967
        },
        {
          "permanent_buff": 0,
          "stack_count": 0,
          "grant_time": 1052
        }
      ],
      "pings": null,
      "pred_vict": null,
      "purchase": null,
      "purchase_log": null,
      "randomed": null,
      "repicked": null,
      "roshans_killed": null,
      "rune_pickups": null,
      "runes": null,
      "runes_log": null,
      "sen": null,
      "sen_left_log": null,
      "sen_log": null,
      "sen_placed": null,
      "stuns": null,
      "teamfight_participation": null,
      "times": null,
      "tower_damage": 1701,
      "towers_killed": null,
      "xp_per_min": 1256,
      "xp_reasons": null,
      "xp_t": null,
      "personaname": "AwØk",
      "name": null,
      "last_login": null,
      "start_time": 1669911409,
      "duration": 636,
      "cluster": 186,
      "lobby_type": 0,
      "game_mode": 23,
      "is_contributor": false,
      "patch": 51,
      "region": 8,
      "isRadiant": true,
      "total_gold": 22848,
      "total_xp": 40024,
      "kills_per_min": 0.2196652719665272,
      "kda": 0,
      "abandons": 0,
      "rank_tier": 32,
      "is_subscriber": false,
      "cosmetics": [],
      "benchmarks": {}
    },
    {
      "player_slot": 128,
      "ability_targets": null,
      "ability_upgrades_arr": [
        5106,
        5107,
        5106,
        5107,
        5106,
        5107,
        5106,
        0,
        5109,
        5108,
        5918,
        5109,
        5108,
        5108,
        6153,
        6937,
        0,
        718,
        -2992,
        6137,
        753,
        7005,
        6933
      ],
      "ability_uses": null,
      "actions": null,
      "additional_units": null,
      "assists": 13,
      "backpack_0": 0,
      "backpack_1": 0,
      "backpack_2": 0,
      "backpack_3": null,
      "buyback_log": null,
      "camps_stacked": null,
      "connection_log": null,
      "creeps_stacked": null,
      "damage": null,
      "damage_inflictor": null,
      "damage_inflictor_received": null,
      "damage_taken": null,
      "damage_targets": null,
      "deaths": 6,
      "denies": 1,
      "dn_t": null,
      "firstblood_claimed": null,
      "gold": 3976,
      "gold_per_min": 1551,
      "gold_reasons": null,
      "gold_spent": 39640,
      "gold_t": null,
      "hero_damage": 64283,
      "hero_healing": 0,
      "hero_hits": null,
      "hero_id": 19,
      "item_0": -86,
      "item_1": 0,
      "item_2": 600,
      "item_3": -39,
      "item_4": 141,
      "item_5": 0,
      "item_neutral": 336,
      "item_uses": null,
      "kill_streaks": null,
      "killed": null,
      "killed_by": null,
      "kills": 13,
      "kills_log": null,
      "lane_pos": null,
      "last_hits": 168,
      "leaver_status": 0,
      "level": 30,
      "lh_t": null,
      "life_state": null,
      "max_hero_hit": null,
      "multi_kills": null,
      "net_worth": 41426,
      "obs": null,
      "obs_left_log": null,
      "obs_log": null,
      "obs_placed": null,
      "party_id": 1,
      "party_size": 5,
      "performance_others": null,
      "permanent_buffs": [
        {
          "permanent_buff": 2,
          "stack_count": 0,
          "grant_time": 1892
        },
        {
          "permanent_buff": 12,
          "stack_count": 0,
          "grant_time": -426
        }
      ],
      "pings": null,
      "pred_vict": null,
      "purchase": null,
      "purchase_log": null,
      "randomed": null,
      "repicked": null,
      "roshans_killed": null,
      "rune_pickups": null,
      "runes": null,
      "runes_log": null,
      "sen": null,
      "sen_left_log": null,
      "sen_log": null,
      "sen_placed": null,
      "stuns": null,
      "teamfight_participation": null,
      "times": null,
      "tower_damage": 12601,
      "towers_killed": null,
      "xp_per_min": 1448,
      "xp_reasons": null,
      "xp_t": null,
      "personaname": "Broken",
      "name": null,
      "last_login": null,
      "start_time": 1669911409,
      "duration": -498,
      "cluster": 33,
      "lobby_type": 0,
      "game_mode": 0,
      "is_contributor": false,
      "patch": -8,
      "region": 8,
      "isRadiant": false,
      "total_gold": 31910,
      "total_xp": 33000,
      "kills_per_min": 0.40794979079497906,
      "kda": 3,
      "abandons": 0,
      "rank_tier": 54,
      "is_subscriber": false,
      "cosmetics": [],
      "benchmarks": {
        "gold_per_min": {
          "raw": 1551,
          "pct": 0
        },
        "xp_per_min": {
          "raw": 1448,
          "pct": 1
        },
        "kills_per_min": {},
        "last_hits_per_min": {
          "raw": 5.2719665271966525,
          "pct": 0.10491806131099246
        },
        "hero_damage_per_min": {
          "raw": 2017.2489539748951,
          "pct": 1
        },
        "hero_healing_per_min": {
          "raw": 0,
          "pct": 0.8941176470588236
        },
        "tower_damage": {
          "raw": 12601,
          "pct": 1
        },
        "stuns_per_min": {},
        "lhten": {}
      }
    },
    {
      "player_slot": 129,
      "ability_targets": null,
      "ability_upgrades_arr": [
        5249,
        0,
        631,
        0,
        631,
        5252,
        0,
        0,
        5250,
        5249,
        631,
        5252,
        6676,
        5249,
        5249,
        5252,
        2511,
        -80,
        6173,
        1033,
        6009,
        1034,
        7012
      ],
      "ability_uses": null,
      "actions": null,
      "additional_units": null,
      "assists": 13,
      "backpack_0": 569,
      "backpack_1": 0,
      "backpack_2": 0,
      "backpack_3": null,
      "buyback_log": null,
      "camps_stacked": null,
      "connection_log": null,
      "creeps_stacked": null,
      "damage": null,
      "damage_inflictor": null,
      "damage_inflictor_received": null,
      "damage_taken": null,
      "damage_targets": null,
      "deaths": 5,
      "denies": 1,
      "dn_t": null,
      "firstblood_claimed": null,
      "gold": 6552,
      "gold_per_min": 0,
      "gold_reasons": null,
      "gold_spent": 37795,
      "gold_t": null,
      "hero_damage": 54126,
      "hero_healing": 3413,
      "hero_hits": null,
      "hero_id": 8,
      "item_0": 168,
      "item_1": 117,
      "item_2": 0,
      "item_3": 112,
      "item_4": -22,
      "item_5": 0,
      "item_neutral": 837,
      "item_uses": null,
      "kill_streaks": null,
      "killed": null,
      "killed_by": null,
      "kills": 13,
      "kills_log": null,
      "lane_pos": null,
      "last_hits": 118,
      "leaver_status": 0,
      "level": 30,
      "lh_t": null,
      "life_state": null,
      "max_hero_hit": null,
      "multi_kills": null,
      "net_worth": -8619,
      "obs": null,
      "obs_left_log": null,
      "obs_log": null,
      "obs_placed": null,
      "party_id": 0,
      "party_size": 1,
      "performance_others": null,
      "permanent_buffs": [
        {
          "permanent_buff": 2,
          "stack_count": 0,
          "grant_time": 1637
        },
        {
          "permanent_buff": 0,
          "stack_count": 0,
          "grant_time": 888
        }
      ],
      "pings": null,
      "pred_vict": null,
      "purchase": null,
      "purchase_log": null,
      "randomed": null,
      "repicked": null,
      "roshans_killed": null,
      "rune_pickups": null,
      "runes": null,
      "runes_log": null,
      "sen": null,
      "sen_left_log": null,
      "sen_log": null,
      "sen_placed": null,
      "stuns": null,
      "teamfight_participation": null,
      "times": null,
      "tower_damage": 8660,
      "towers_killed": null,
      "xp_per_min": 1437,
      "xp_reasons": null,
      "xp_t": null,
      "start_time": 1669911409,
      "duration": 510,
      "cluster": 186,
      "lobby_type": 0,
      "game_mode": 23,
      "is_contributor": false,
      "patch": 51,
      "region": 8,
      "isRadiant": false,
      "total_gold": 13220,
      "total_xp": 35295,
      "kills_per_min": 0.40794979079497906,
      "kda": 4,
      "abandons": 0,
      "rank_tier": null,
      "is_subscriber": false,
      "cosmetics": [],
      "benchmarks": {
        "gold_per_min": {
          "raw": 1354,
          "pct": 1
        },
        "xp_per_min": {
          "raw": 0,
          "pct": 0
        },
        "kills_per_min": {
          "raw": 0.4079497907949791,
          "pct": 0.07189025471834437
        },
        "last_hits_per_min": {
          "raw": 3.702928870292887,
          "pct": 0
        },
        "hero_damage_per_min": {
          "raw": 1698.5146443514643,
          "pct": 1
        },
        "hero_healing_per_min": {
          "raw": 107.10251046025105,
          "pct": 0.967741935483871
        },
        "tower_damage": {
          "raw": 8660,
          "pct": 0.5806451612903226
        },
        "stuns_per_min": {
          "raw": 0,
          "pct": 0.3225806451612903
        },
        "lhten": {}
      }
    },
    {
      "player_slot": 35,
      "ability_targets": null,
      "ability_upgrades_arr": [
        5442,
        94,
        5442,
        5444,
        5444,
        5442,
        0,
        5444,
        2503,
        813,
        0,
        2423,
        5443,
        5443,
        6155,
        5443,
        5447,
        6546,
        -61,
        807,
        -84,
        6420
      ],
      "ability_uses": null,
      "actions": null,
      "additional_units": null,
      "assists": 24,
      "backpack_0": 0,
      "backpack_1": 0,
      "backpack_2": 0,
      "backpack_3": null,
      "buyback_log": null,
      "camps_stacked": null,
      "connection_log": null,
      "creeps_stacked": null,
      "damage": null,
      "damage_inflictor": null,
      "damage_inflictor_received": null,
      "damage_taken": null,
      "damage_targets": null,
      "deaths": -2,
      "denies": 1,
      "dn_t": null,
      "firstblood_claimed": null,
      "gold": 3470,
      "gold_per_min": 912,
      "gold_reasons": null,
      "gold_spent": 0,
      "gold_t": null,
      "hero_damage": 29968,
      "hero_healing": 4863,
      "hero_hits": null,
      "hero_id": 4,
      "item_0": 30,
      "item_1": 231,
      "item_2": 232,
      "item_3": 244,
      "item_4": -49,
      "item_5": 108,
      "item_neutral": 0,
      "item_uses": null,
      "kill_streaks": null,
      "killed": null,
      "killed_by": null,
      "kills": 1,
      "kills_log": null,
      "lane_pos": null,
      "last_hits": 43,
      "leaver_status": 0,
      "level": 29,
      "lh_t": null,
      "life_state": null,
      "max_hero_hit": null,
      "multi_kills": null,
      "net_worth": 23745,
      "obs": null,
      "obs_left_log": null,
      "obs_log": null,
      "obs_placed": null,
      "party_id": 1,
      "party_size": 5,
      "performance_others": null,
      "permanent_buffs": [
        {
          "permanent_buff": 6,
          "stack_count": 2,
          "grant_time": 835
        },
        {
          "permanent_buff": 12,
          "stack_count": 0,
          "grant_time": 1648
        }
      ],
      "pings": null,
      "pred_vict": null,
      "purchase": null,
      "purchase_log": null,
      "randomed": null,
      "repicked": null,
      "roshans_killed": null,
      "rune_pickups": null,
      "runes": null,
      "runes_log": null,
      "sen": null,
      "sen_left_log": null,
      "sen_log": null,
      "sen_placed": null,
      "stuns": null,
      "teamfight_participation": null,
      "times": null,
      "tower_damage": 357,
      "towers_killed": null,
      "xp_per_min": 1350,
      "xp_reasons": null,
      "xp_t": null,
      "personaname": "Cancer",
      "name": null,
      "last_login": "2021-12-07T02:15:22.372Z",
      "start_time": 1669911409,
      "duration": -311,
      "cluster": 186,
      "lobby_type": 0,
      "game_mode": 23,
      "is_contributor": false,
      "patch": -3,
      "region": 8,
      "isRadiant": false,
      "total_gold": 5186,
      "total_xp": 43020,
      "kills_per_min": 0.03138075313807531,
      "kda": 2,
      "abandons": 0,
      "rank_tier": 43,
      "is_subscriber": false,
      "cosmetics": [],
      "benchmarks": {
        "gold_per_min": {},
        "xp_per_min": {
          "raw": 1350,
          "pct": 1
        },
        "kills_per_min": {
          "raw": 0.03138075313807531,
          "pct": 0.007772081134186759
        },
        "last_hits_per_min": {
          "raw": -0.05453033355558257,
          "pct": 0.6
        },
        "hero_damage_per_min": {
          "raw": 940.418410041841,
          "pct": 0
        },
        "hero_healing_per_min": {
          "raw": 152.60460251046024,
          "pct": 0.5833333333333334
        },
        "tower_damage": {
          "raw": 357,
          "pct": 0.65
        },
        "stuns_per_min": {
          "raw": 0,
          "pct": 0.85
        },
        "lhten": {}
      }
    },
    {
      "player_slot": -49,
      "ability_targets": null,
      "ability_upgrades_arr": [
        0,
        5082,
        -663,
        5082,
        5083,
        5085,
        5083,
        5084,
        5082,
        5082,
        6861,
        5085,
        5084,
        -1496,
        6281,
        5084,
        5085,
        567,
        1065,
        7386,
        6028,
        -2966
      ],
      "ability_uses": null,
      "actions": null,
      "additional_units": null,
      "assists": 19,
      "backpack_0": 0,
      "backpack_1": 0,
      "backpack_2": 0,
      "backpack_3": null,
      "buyback_log": null,
      "camps_stacked": null,
      "connection_log": null,
      "creeps_stacked": null,
      "damage": null,
      "damage_inflictor": null,
      "damage_inflictor_received": null,
      "damage_taken": null,
      "damage_targets": null,
      "deaths": 0,
      "denies": 6,
      "dn_t": null,
      "firstblood_claimed": null,
      "gold": 3356,
      "gold_per_min": 1357,
      "gold_reasons": null,
      "gold_spent": 35615,
      "gold_t": null,
      "hero_damage": 47303,
      "hero_healing": 0,
      "hero_hits": null,
      "hero_id": 15,
      "item_0": 610,
      "item_1": 90,
      "item_2": 154,
      "item_3": 48,
      "item_4": 226,
      "item_5": 116,
      "item_neutral": 300,
      "item_uses": null,
      "kill_streaks": null,
      "killed": null,
      "killed_by": null,
      "kills": 8,
      "kills_log": null,
      "lane_pos": null,
      "last_hits": 128,
      "leaver_status": 0,
      "level": 30,
      "lh_t": null,
      "life_state": null,
      "max_hero_hit": null,
      "multi_kills": null,
      "net_worth": 35356,
      "obs": null,
      "obs_left_log": null,
      "obs_log": null,
      "obs_placed": null,
      "party_id": 1,
      "party_size": 5,
      "performance_others": null,
      "permanent_buffs": [
        {
          "permanent_buff": 2,
          "stack_count": 0,
          "grant_time": 1897
        },
        {
          "permanent_buff": 12,
          "stack_count": 0,
          "grant_time": 938
        }
      ],
      "pings": null,
      "pred_vict": null,
      "purchase": null,
      "purchase_log": null,
      "randomed": null,
      "repicked": null,
      "roshans_killed": null,
      "rune_pickups": null,
      "runes": null,
      "runes_log": null,
      "sen": null,
      "sen_left_log": null,
      "sen_log": null,
      "sen_placed": null,
      "stuns": null,
      "teamfight_participation": null,
      "times": null,
      "tower_damage": 7134,
      "towers_killed": null,
      "xp_per_min": 1430,
      "xp_reasons": null,
      "xp_t": null,
      "personaname": "♢♢♢♢♢♢",
      "name": null,
      "last_login": null,
      "start_time": 1669911409,
      "duration": 1912,
      "cluster": 186,
      "lobby_type": 0,
      "game_mode": 23,
      "is_contributor": false,
      "patch": 51,
      "region": -2,
      "isRadiant": false,
      "total_gold": 43243,
      "total_xp": 20501,
      "kills_per_min": 0.2510460251046025,
      "kda": 3,
      "abandons": 0,
      "rank_tier": null,
      "is_subscriber": false,
      "cosmetics": [],
      "benchmarks": {
        "gold_per_min": {
          "raw": 1357,
          "pct": 1
        },
        "xp_per_min": {},
        "kills_per_min": {
          "raw": 0.2510460251046025,
          "pct": 0.01273053453137395
        },
        "last_hits_per_min": {
          "raw": 4.01673640167364,
          "pct": 0.09090909090909091
        },
        "hero_damage_per_min": {
          "raw": 1484.4037656903765,
          "pct": 1
        },
        "hero_healing_per_min": {
          "raw": 0,
          "pct": 1
        },
        "tower_damage": {
          "raw": 0,
          "pct": 0.8181818181818182
        },
        "stuns_per_min": {
          "raw": 0,
          "pct": 0.5454545454545454
        },
        "lhten": {}
      }
    },
    {
      "player_slot": 132,
      "ability_targets": null,
      "ability_upgrades_arr": [
        -337,
        0,
        5487,
        0,
        5489,
        5488,
        5489,
        5487,
        5487,
        7071,
        5486,
        5488,
        5486,
        0,
        5493,
        6659,
        5488,
        374,
        0
      ],
      "ability_uses": null,
      "actions": null,
      "additional_units": null,
      "assists": 24,
      "backpack_0": 0,
      "backpack_1": 0,
      "backpack_2": 0,
      "backpack_3": null,
      "buyback_log": null,
      "camps_stacked": null,
      "connection_log": null,
      "creeps_stacked": null,
      "damage": null,
      "damage_inflictor": null,
      "damage_inflictor_received": null,
      "damage_taken": null,
      "damage_targets": null,
      "deaths": 11,
      "denies": 1,
      "dn_t": null,
      "firstblood_claimed": null,
      "gold": 3492,
      "gold_per_min": 603,
      "gold_reasons": null,
      "gold_spent": 16330,
      "gold_t": null,
      "hero_damage": 2387,
      "hero_healing": 16845,
      "hero_hits": null,
      "hero_id": -12,
      "item_0": 269,
      "item_1": 231,
      "item_2": 162,
      "item_3": 114,
      "item_4": 42,
      "item_5": 0,
      "item_neutral": 676,
      "item_uses": null,
      "kill_streaks": null,
      "killed": null,
      "killed_by": null,
      "kills": 0,
      "kills_log": null,
      "lane_pos": null,
      "last_hits": 2,
      "leaver_status": 0,
      "level": 13,
      "lh_t": null,
      "life_state": null,
      "max_hero_hit": null,
      "multi_kills": null,
      "net_worth": 19292,
      "obs": null,
      "obs_left_log": null,
      "obs_log": null,
      "obs_placed": null,
      "party_id": 0,
      "party_size": 5,
      "performance_others": null,
      "permanent_buffs": [
        {
          "permanent_buff": 12,
          "stack_count": 0,
          "grant_time": 0
        }
      ],
      "pings": null,
      "pred_vict": null,
      "purchase": null,
      "purchase_log": null,
      "randomed": null,
      "repicked": null,
      "roshans_killed": null,
      "rune_pickups": null,
      "runes": null,
      "runes_log": null,
      "sen": null,
      "sen_left_log": null,
      "sen_log": null,
      "sen_placed": null,
      "stuns": null,
      "teamfight_participation": null,
      "times": null,
      "tower_damage": 1051,
      "towers_killed": null,
      "xp_per_min": 1132,
      "xp_reasons": null,
      "xp_t": null,
      "personaname": "ｐａｓｔｅ ｕｓｅｒ",
      "name": null,
      "last_login": null,
      "start_time": 1669911409,
      "duration": 1912,
      "cluster": 186,
      "lobby_type": 0,
      "game_mode": 0,
      "is_contributor": false,
      "patch": 0,
      "region": 8,
      "isRadiant": false,
      "total_gold": 19193,
      "total_xp": 36073,
      "kda": 1,
      "abandons": 0,
      "rank_tier": 15,
      "is_subscriber": false,
      "cosmetics": [],
      "benchmarks": {
        "gold_per_min": {},
        "xp_per_min": {
          "raw": 136,
          "pct": 1
        },
        "kills_per_min": {
          "raw": 0,
          "pct": 0.4444444444444444
        },
        "last_hits_per_min": {
          "raw": 0.06276150627615062,
          "pct": 0
        },
        "hero_damage_per_min": {
          "raw": 74.90585774058577,
          "pct": 0.2222222222222222
        },
        "hero_healing_per_min": {},
        "tower_damage": {
          "raw": 1051,
          "pct": 0.8148148148148148
        },
        "stuns_per_min": {
          "raw": 0,
          "pct": 1
        },
        "lhten": {}
      }
    }
  ],
  "patch": 51,
  "region": 8
}