{
  "chat": null,
  "cluster": 241,
  "cosmetics": null,
  "dire_score": 24,
  "dire_team_id": null,
  "draft_timings": null,
  "duration": 0,
  "engine": 1,
  "first_blood_time": 213,
  "game_mode": 22,
  "human_players": 1,
  "leagueid": 0,
  "lobby_type": 0,
  "match_seq_num": 5780358050,
  "negative_votes": 0,
  "objectives": null,
  "picks_bans": [
    {
      "is_pick": true,
      "hero_id": 27,
      "team": 0,
      "order": 0
    },
    {
      "is_pick": true,
      "hero_id": 30,
      "team": 1,
      "order": 0
    },
    {
      "is_pick": true,
      "hero_id": 31,
      "team": 0,
      "order": 2
    },
    {
      "is_pick": true,
      "hero_id": 104,
      "team": 1,
      "order": 0
    },
    {
      "is_pick": true,
      "hero_id": 16,
      "team": 0,
      "order": 4
    },
    {
      "is_pick": true,
      "hero_id": 0,
      "team": 1,
      "order": 0
    },
    {
      "is_pick": true,
      "hero_id": 39,
      "team": 1,
      "order": 6
    },
    {
      "is_pick": true,
      "hero_id": 101,
      "team": 0,
      "order": 7
    },
    {
      "is_pick": true,
      "hero_id": 54,
      "team": 0,
      "order": 8
    },
    {
      "is_pick": true,
      "hero_id": 0,
      "team": 0,
      "order": 9
    },
    {
      "is_pick": true,
      "hero_id": 10,
      "team": 0,
      "order": 10
    },
    {
      "is_pick": false,
      "hero_id": 1,
      "team": 0,
      "order": 11
    },
    {
      "is_pick": false,
      "hero_id": 35,
      "team": 0,
      "order": 12
    },
    {
      "is_pick": false,
      "hero_id": 44,
      "team": 0,
      "order": 13
    },
    {
      "is_pick": false,
      "hero_id": 64,
      "team": 0,
      "order": 14
    }
  ],
  "positive_votes": 0,
  "radiant_gold_adv": null,
  "radiant_score": 22,
  "radiant_team_id": null,
  "radiant_xp_adv": null,
  "skill": null,
  "start_time": 1669912133,
  "teamfights": null,
  "version": null,
  "replay_salt": 0,
  "series_id": 0,
  "series_type": 0,
  "players": [
    {
      "player_slot": 0,
      "ability_targets": null,
      "ability_upgrades_arr": [
        5582,
        5581,
        5583,
        5583,
        5581,
        2740,
        5583,
        5582,
        5581,
        5583,
        6034,
        5584,
        5582,
        5581,
        5582,
        6884
      ],
      "ability_uses": null,
      "actions": null,
      "additional_units": null,
      "assists": 11,
      "backpack_0": 0,
      "backpack_1": 216,
      "backpack_2": 0,
      "backpack_3": null,
      "buyback_log": null,
      "camps_stacked": null,
      "connection_log": null,
      "creeps_stacked": null,
      "damage": null,
      "damage_inflictor": null,
      "damage_inflictor_received": null,
      "damage_taken": null,
      "damage_targets": null,
      "deaths": 4,
      "denies": 1,
      "dn_t": null,
      "firstblood_claimed": null,
      "gold": 543,
      "gold_per_min": 264,
      "gold_reasons": null,
      "gold_spent": 9420,
      "gold_t": null,
      "hero_damage": 20404,
      "hero_healing": 0,
      "hero_hits": null,
      "hero_id": 101,
      "item_0": 0,
      "item_1": 77,
      "item_2": 77,
      "item_3": 180,
      "item_4": 0,
      "item_5": 25,
      "item_neutral": 349,
      "item_uses": null,
      "kill_streaks": null,
      "killed": null,
      "killed_by": null,
      "kills": 6,
      "kills_log": null,
      "lane_pos": null,
      "last_hits": 24,
      "leaver_status": 0,
      "level": 0,
      "lh_t": null,
      "life_state": null,
      "max_hero_hit": null,
      "multi_kills": null,
      "net_worth": 6868,
      "obs": null,
      "obs_left_log": null,
      "obs_log": null,
      "obs_placed": null,
      "party_id": 0,
      "party_size": 1,
      "performance_others": null,
      "permanent_buffs": [],
      "pings": null,
      "pred_vict": null,
      "purchase": null,
      "purchase_log": null,
      "randomed": null,
      "repicked": null,
      "roshans_killed": null,
      "rune_pickups": null,
      "runes": null,
      "runes_log": null,
      "sen": null,
      "sen_left_log": null,
      "sen_log": null,
      "sen_placed": null,
      "stuns": null,
      "teamfight_participation": null,
      "times": null,
      "tower_damage": 349,
      "towers_killed": null,
      "xp_per_min": 139,
      "xp_reasons": null,
      "xp_t": null,
      "start_time": 1669912133,
      "duration": 2159,
      "cluster": 39,
      "lobby_type": 7,
      "game_mode": 0,
      "is_contributor": false,
      "patch": 51,
      "region": 14,
      "isRadiant": true,
      "total_gold": 9499,
      "total_xp": 16372,
      "kills_per_min": 0.1667438628994905,
      "kda": 1,
      "abandons": 0,
      "rank_tier": null,
      "is_subscriber": false,
      "cosmetics": [],
      "benchmarks": {
        "gold_per_min": {
          "raw": 264,
          "pct": 0.42424242424242425
        },
        "xp_per_min": {
          "raw": 455,
          "pct": 0.5757575757575758
        },
        "kills_per_min": {
          "raw": 0.1667438628994905,
          "pct": 0.6666666666666666
        },
        "last_hits_per_min": {
          "raw": 0.666975451597962,
          "pct": 0.30303030303030304
        },
        "hero_damage_per_min": {
          "raw": 567.0402964335341,
          "pct": 0.696969696969697
        },
        "hero_healing_per_min": {
          "raw": 0,
          "pct": 0.8787878787878788
        },
        "tower_damage": {
          "raw": 349,
          "pct": 0.7575757575757576
        },
        "stuns_per_min": {
          "raw": 0,
          "pct": 0.5757575757575758
        },
        "lhten": {}
      }
    },
    {
      "player_slot": 0,
      "ability_targets": null,
      "ability_upgrades_arr": [
        5134,
        7325,
        -2430,
        5136,
        0,
        1211,
        5134,
        5136,
        5136,
        5136,
        73,
        5137,
        7325,
        7325,
        6387,
        7325
      ],
      "ability_uses": null,
      "actions": null,
      "additional_units": null,
      "assists": 0,
      "backpack_0": 0,
      "backpack_1": 0,
      "backpack_2": 0,
      "backpack_3": null,
      "buyback_log": null,
      "camps_stacked": null,
      "connection_log": null,
      "creeps_stacked": null,
      "damage": null,
      "damage_inflictor": null,
      "damage_inflictor_received": null,
      "damage_taken": null,
      "damage_targets": null,
      "deaths": 4,
      "denies": 1,
      "dn_t": null,
      "firstblood_claimed": null,
      "gold": 2273,
      "gold_per_min": 287,
      "gold_reasons": null,
      "gold_spent": 7270,
      "gold_t": null,
      "hero_damage": 9658,
      "hero_healing": 0,
      "hero_hits": null,
      "hero_id": 31,
      "item_0": 102,
      "item_1": 77,
      "item_2": 57,
      "item_3": 188,
      "item_4": 16,
      "item_5": 214,
      "item_neutral": 212,
      "item_uses": null,
      "kill_streaks": null,
      "killed": null,
      "killed_by": null,
      "kills": 0,
      "kills_log": null,
      "lane_pos": null,
      "last_hits": 111,
      "leaver_status": 0,
      "level": 16,
      "lh_t": null,
      "life_state": null,
      "max_hero_hit": null,
      "multi_kills": null,
      "net_worth": 8428,
      "obs": null,
      "obs_left_log": null,
      "obs_log": null,
      "obs_placed": null,
      "party_id": 1,
      "party_size": 0,
      "performance_others": null,
      "permanent_buffs": [
        {
          "permanent_buff": 6,
          "stack_count": 0,
          "grant_time": 0
        },
        {}
      ],
      "pings": null,
      "pred_vict": null,
      "purchase": null,
      "purchase_log": null,
      "randomed": null,
      "repicked": null,
      "roshans_killed": null,
      "rune_pickups": null,
      "runes": null,
      "runes_log": null,
      "sen": null,
      "sen_left_log": null,
      "sen_log": null,
      "sen_placed": null,
      "stuns": null,
      "teamfight_participation": null,
      "times": null,
      "tower_damage": 255,
      "towers_killed": null,
      "xp_per_min": 410,
      "xp_reasons": null,
      "xp_t": null,
      "start_time": 1669912133,
      "duration": 2159,
      "cluster": 241,
      "lobby_type": 7,
      "game_mode": 22,
      "is_contributor": false,
      "patch": 7,
      "region": 14,
      "isRadiant": true,
      "total_gold": 10327,
      "total_xp": 14753,
      "kills_per_min": 0.111162575266327,
      "kda": 2,
      "abandons": 0,
      "rank_tier": null,
      "is_subscriber": false,
      "cosmetics": [],
      "benchmarks": {
        "gold_per_min": {
          "raw": 287,
          "pct": 0.5185185185185185
        },
        "xp_per_min": {
          "raw": 410,
          "pct": 0.37037037037037035
        },
        "kills_per_min": {
          "raw": 0.111162575266327,
          "pct": 0.5925925925925926
        },
        "last_hits_per_min": {
          "raw": 3.0847614636405742,
          "pct": 0.4321148323195668
        },
        "hero_damage_per_min": {
          "raw": 268.40203798054654,
          "pct": 0.07407407407407407
        },
        "hero_healing_per_min": {
          "raw": 0,
          "pct": 0.8148148148148148
        },
        "tower_damage": {
          "raw": 255,
          "pct": 0.6666666666666666
        },
        "stuns_per_min": {
          "raw": 0,
          "pct": 0
        },
        "lhten": {}
      }
    },
    {
      "player_slot": 2,
      "ability_targets": null,
      "ability_upgrades_arr": [
        5028,
        5029,
        5028,
        5027,
        5028,
        5030,
        288,
        0,
        0,
        6105,
        5029,
        5030,
        580,
        5027,
        5027,
        7394,
        5030
      ],
      "ability_uses": null,
      "actions": null,
      "additional_units": null,
      "assists": 0,
      "backpack_0": 0,
      "backpack_1": 0,
      "backpack_2": 0,
      "backpack_3": null,
      "buyback_log": null,
      "camps_stacked": null,
      "connection_log": null,
      "creeps_stacked": null,
      "damage": null,
      "damage_inflictor": null,
      "damage_inflictor_received": null,
      "damage_taken": null,
      "damage_targets": null,
      "deaths": 5,
      "denies": 6,
      "dn_t": null,
      "firstblood_claimed": null,
      "gold": 919,
      "gold_per_min": 446,
      "gold_reasons": null,
      "gold_spent": 0,
      "gold_t": null,
      "hero_damage": 18970,
      "hero_healing": 1661,
      "hero_hits": null,
      "hero_id": 8,
      "item_0": 50,
      "item_1": 11,
      "item_2": 137,
      "item_3": 166,
      "item_4": 170,
      "item_5": 41,
      "item_neutral": 289,
      "item_uses": null,
      "kill_streaks": null,
      "killed": null,
      "killed_by": null,
      "kills": 0,
      "kills_log": null,
      "lane_pos": null,
      "last_hits": 221,
      "leaver_status": 0,
      "level": 19,
      "lh_t": null,
      "life_state": null,
      "max_hero_hit": null,
      "multi_kills": null,
      "net_worth": 0,
      "obs": null,
      "obs_left_log": null,
      "obs_log": null,
      "obs_placed": null,
      "party_id": 2,
      "party_size": 1,
      "performance_others": null,
      "permanent_buffs": [
        {
          "permanent_buff": 12,
          "stack_count": 0,
          "grant_time": 1300
        }
      ],
      "pings": null,
      "pred_vict": null,
      "purchase": null,
      "purchase_log": null,
      "randomed": null,
      "repicked": null,
      "roshans_killed": null,
      "rune_pickups": null,
      "runes": null,
      "runes_log": null,
      "sen": null,
      "sen_left_log": null,
      "sen_log": null,
      "sen_placed": null,
      "stuns": null,
      "teamfight_participation": null,
      "times": null,
      "tower_damage": 1215,
      "towers_killed": null,
      "xp_per_min": 582,
      "xp_reasons": null,
      "xp_t": null,
      "start_time": 1669912133,
      "duration": 2159,
      "cluster": 241,
      "lobby_type": 7,
      "game_mode": 0,
      "is_contributor": false,
      "patch": 51,
      "region": 14,
      "isRadiant": true,
      "total_gold": 16048,
      "total_xp": 20942,
      "kills_per_min": -0.0009865180062946647,
      "kda": 0,
      "abandons": 0,
      "rank_tier": null,
      "is_subscriber": false,
      "cosmetics": [],
      "benchmarks": {
        "gold_per_min": {
          "raw": -155,
          "pct": 0.12121212121212122
        },
        "xp_per_min": {
          "raw": 582,
          "pct": 0.21212121212121213
        },
        "kills_per_min": {
          "raw": 0.13895321908290875,
          "pct": 0.07326153408390389
        },
        "last_hits_per_min": {
          "raw": 6.141732283464567,
          "pct": 0.15151515151515152
        },
        "hero_damage_per_min": {
          "raw": 527.1885132005558,
          "pct": 0.21212121212121213
        },
        "hero_healing_per_min": {},
        "tower_damage": {
          "raw": 1215,
          "pct": 0.30303030303030304
        },
        "stuns_per_min": {},
        "lhten": {}
      }
    },
    {
      "player_slot": 3,
      "ability_targets": null,
      "ability_upgrades_arr": [],
      "ability_uses": null,
      "actions": null,
      "additional_units": null,
      "assists": 6,
      "backpack_0": 0,
      "backpack_1": 11,
      "backpack_2": 0,
      "backpack_3": null,
      "buyback_log": null,
      "camps_stacked": null,
      "connection_log": null,
      "creeps_stacked": null,
      "damage": null,
      "damage_inflictor": null,
      "damage_inflictor_received": null,
      "damage_taken": null,
      "damage_targets": null,
      "deaths": 0,
      "denies": 16,
      "dn_t": null,
      "firstblood_claimed": null,
      "gold": 1301,
      "gold_per_min": 372,
      "gold_reasons": null,
      "gold_spent": 12260,
      "gold_t": null,
      "hero_damage": 12351,
      "hero_healing": 0,
      "hero_hits": null,
      "hero_id": 54,
      "item_0": 50,
      "item_1": -17,
      "item_2": 151,
      "item_3": 0,
      "item_4": 143,
      "item_5": 73,
      "item_neutral": 381,
      "item_uses": null,
      "kill_streaks": null,
      "killed": null,
      "killed_by": null,
      "kills": 0,
      "kills_log": null,
      "lane_pos": null,
      "last_hits": 190,
      "leaver_status": 0,
      "level": 18,
      "lh_t": null,
      "life_state": null,
      "max_hero_hit": null,
      "multi_kills": null,
      "net_worth": 12831,
      "obs": null,
      "obs_left_log": null,
      "obs_log": null,
      "obs_placed": null,
      "party_id": 3,
      "party_size": 1,
      "performance_others": null,
      "permanent_buffs": [],
      "pings": null,
      "pred_vict": null,
      "purchase": null,
      "purchase_log": null,
      "randomed": null,
      "repicked": null,
      "roshans_killed": null,
      "rune_pickups": null,
      "runes": null,
      "runes_log": null,
      "sen": null,
      "sen_left_log": null,
      "sen_log": null,
      "sen_placed": null,
      "stuns": null,
      "teamfight_participation": null,
      "times": null,
      "tower_damage": 344,
      "towers_killed": null,
      "xp_per_min": 163,
      "xp_reasons": null,
      "xp_t": null,
      "personaname": "Samithox",
      "name": null,
      "last_login": null,
      "start_time": 1669912133,
      "duration": 2159,
      "cluster": 241,
      "lobby_type": 7,
      "game_mode": 22,
      "is_contributor": false,
      "patch": -22,
      "region": 14,
      "isRadiant": true,
      "total_gold": 13385,
      "total_xp": 3131,
      "kda": 1,
      "abandons": 0,
      "rank_tier": 0,
      "is_subscriber": false,
      "cosmetics": [],
      "benchmarks": {
        "gold_per_min": {
          "raw": 372,
          "pct": 0.03225806451612903
        },
        "xp_per_min": {
          "raw": 0,
          "pct": 0.06451612903225806
        },
        "kills_per_min": {
          "raw": 0,
          "pct": 0.03225806451612903
        },
        "last_hits_per_min": {
          "raw": -1.4493996045965267,
          "pct": 0.16129032258064516
        },
        "hero_damage_per_min": {
          "raw": 343.24224177860117,
          "pct": 0.0967741935483871
        },
        "hero_healing_per_min": {
          "raw": 0,
          "pct": 0.41935483870967744
        },
        "tower_damage": {
          "raw": 344,
          "pct": 0.16129032258064516
        },
        "stuns_per_min": {
          "raw": 0,
          "pct": 0.3225806451612903
        },
        "lhten": {}
      }
    },
    {
      "player_slot": 4,
      "ability_targets": null,
      "ability_upgrades_arr": [
        5102,
        5104,
        5102,
        5103,
        5102,
        5105,
        0,
        5104,
        -1119,
        5102,
        1066,
        5105,
        5103,
        5103,
        890,
        -2303
      ],
      "ability_uses": null,
      "actions": null,
      "additional_units": null,
      "assists": 6,
      "backpack_0": 122,
      "backpack_1": 0,
      "backpack_2": 0,
      "backpack_3": null,
      "buyback_log": null,
      "camps_stacked": null,
      "connection_log": null,
      "creeps_stacked": null,
      "damage": null,
      "damage_inflictor": null,
      "damage_inflictor_received": null,
      "damage_taken": null,
      "damage_targets": null,
      "deaths": 8,
      "denies": 0,
      "dn_t": null,
      "firstblood_claimed": null,
      "gold": 274,
      "gold_per_min": 409,
      "gold_reasons": null,
      "gold_spent": 12615,
      "gold_t": null,
      "hero_damage": 17909,
      "hero_healing": 0,
      "hero_hits": null,
      "hero_id": 5,
      "item_0": -27,
      "item_1": 100,
      "item_2": 0,
      "item_3": 73,
      "item_4": 1,
      "item_5": 50,
      "item_neutral": 949,
      "item_uses": null,
      "kill_streaks": null,
      "killed": null,
      "killed_by": null,
      "kills": 7,
      "kills_log": null,
      "lane_pos": null,
      "last_hits": 142,
      "leaver_status": 0,
      "level": 17,
      "lh_t": null,
      "life_state": null,
      "max_hero_hit": null,
      "multi_kills": null,
      "net_worth": 11854,
      "obs": null,
      "obs_left_log": null,
      "obs_log": null,
      "obs_placed": null,
      "party_id": -1,
      "party_size": 1,
      "performance_others": null,
      "permanent_buffs": [],
      "pings": null,
      "pred_vict": null,
      "purchase": null,
      "purchase_log": null,
      "randomed": null,
      "repicked": null,
      "roshans_killed": null,
      "rune_pickups": null,
      "runes": null,
      "runes_log": null,
      "sen": null,
      "sen_left_log": null,
      "sen_log": null,
      "sen_placed": null,
      "stuns": null,
      "teamfight_participation": null,
      "times": null,
      "tower_damage": 0,
      "towers_killed": null,
      "xp_per_min": 485,
      "xp_reasons": null,
      "xp_t": null,
      "start_time": 1669912133,
      "duration": 0,
      "cluster": 241,
      "lobby_type": 7,
      "game_mode": 0,
      "is_contributor": false,
      "patch": 51,
      "region": 6,
      "isRadiant": true,
      "total_gold": 1136,
      "total_xp": 17451,
      "kills_per_min": 0.19453450671607225,
      "kda": 1,
      "abandons": 0,
      "rank_tier": null,
      "is_subscriber": false,
      "cosmetics": [],
      "benchmarks": {
        "gold_per_min": {
          "raw": 0,
          "pct": 0.4166666666666667
        },
        "xp_per_min": {
          "raw": 0,
          "pct": 0.2916666666666667
        },
        "kills_per_min": {
          "raw": 0.19453450671607225,
          "pct": 0.7083333333333334
        },
        "last_hits_per_min": {
          "raw": 3.9462714219546084,
          "pct": 0.3333333333333333
        },
        "hero_damage_per_min": {},
        "hero_healing_per_min": {
          "raw": 0,
          "pct": 0.385169765332849
        },
        "tower_damage": {
          "raw": 0,
          "pct": 0.16666666666666666
        },
        "stuns_per_min": {
          "raw": 0,
          "pct": 0
        },
        "lhten": {}
      }
    },
    {
      "player_slot": 128,
      "ability_targets": null,
      "ability_upgrades_arr": [
        5595,
        5597,
        5596,
        0,
        5597,
        5598,
        2236,
        5597,
        0,
        6218,
        5595,
        5598,
        5596,
        5595,
        463,
        5595,
        5598,
        6526
      ],
      "ability_uses": null,
      "actions": null,
      "additional_units": null,
      "assists": 10,
      "backpack_0": 0,
      "backpack_1": 0,
      "backpack_2": 0,
      "backpack_3": null,
      "buyback_log": null,
      "camps_stacked": null,
      "connection_log": null,
      "creeps_stacked": null,
      "damage": null,
      "damage_inflictor": null,
      "damage_inflictor_received": null,
      "damage_taken": null,
      "damage_targets": null,
      "deaths": 4,
      "denies": 18,
      "dn_t": null,
      "firstblood_claimed": null,
      "gold": 0,
      "gold_per_min": 505,
      "gold_reasons": null,
      "gold_spent": 16430,
      "gold_t": null,
      "hero_damage": 18275,
      "hero_healing": 0,
      "hero_hits": null,
      "hero_id": 104,
      "item_0": 70,
      "item_1": 36,
      "item_2": 116,
      "item_3": 127,
      "item_4": 1,
      "item_5": 50,
      "item_neutral": 289,
      "item_uses": null,
      "kill_streaks": null,
      "killed": null,
      "killed_by": null,
      "kills": 3,
      "kills_log": null,
      "lane_pos": null,
      "last_hits": 204,
      "leaver_status": 0,
      "level": 21,
      "lh_t": null,
      "life_state": null,
      "max_hero_hit": null,
      "multi_kills": null,
      "net_worth": 0,
      "obs": null,
      "obs_left_log": null,
      "obs_log": null,
      "obs_placed": null,
      "party_id": 5,
      "party_size": 1,
      "performance_others": null,
      "permanent_buffs": [
        {
          "permanent_buff": 5,
          "stack_count": 216,
          "grant_time": 1415
        },
        {
          "permanent_buff": 6,
          "stack_count": 0,
          "grant_time": 1463
        },
        {
          "permanent_buff": 12,
          "stack_count": 0,
          "grant_time": 2372
        }
      ],
      "pings": null,
      "pred_vict": null,
      "purchase": null,
      "purchase_log": null,
      "randomed": null,
      "repicked": null,
      "roshans_killed": null,
      "rune_pickups": null,
      "runes": null,
      "runes_log": null,
      "sen": null,
      "sen_left_log": null,
      "sen_log": null,
      "sen_placed": null,
      "stuns": null,
      "teamfight_participation": null,
      "times": null,
      "tower_damage": 6945,
      "towers_killed": null,
      "xp_per_min": 716,
      "xp_reasons": null,
      "xp_t": null,
      "start_time": 351477370,
      "duration": 2159,
      "cluster": 241,
      "lobby_type": 7,
      "game_mode": 0,
      "is_contributor": false,
      "patch": 12,
      "region": 14,
      "isRadiant": false,
      "total_gold": 18171,
      "total_xp": 25764,
      "kills_per_min": 0.08337193144974525,
      "kda": 1,
      "abandons": 0,
      "rank_tier": null,
      "is_subscriber": false,
      "cosmetics": [],
      "benchmarks": {
        "gold_per_min": {
          "raw": 505,
          "pct": 0.6451612903225806
        },
        "xp_per_min": {
          "raw": 716,
          "pct": 0.7096774193548387
        },
        "kills_per_min": {
          "raw": 0.08337193144974525,
          "pct": 0.1935483870967742
        },
        "last_hits_per_min": {
          "raw": 5.669291338582677,
          "pct": 0.8064516129032258
        },
        "hero_damage_per_min": {
          "raw": 507.87401574803147,
          "pct": 0.2903225806451613
        },
        "hero_healing_per_min": {
          "raw": 23.34414080592867,
          "pct": 0.5161290322580645
        },
        "tower_damage": {
          "raw": 2843,
          "pct": 0.7741935483870968
        },
        "stuns_per_min": {
          "raw": 0,
          "pct": 0.03225806451612903
        },
        "lhten": {}
      }
    },
    {
      "player_slot": 129,
      "ability_targets": null,
      "ability_upgrades_arr": [
        5462,
        5464,
        5462,
        5463,
        0,
        5465,
        5464,
        5462,
        0,
        5464,
        5949,
        5465,
        5463,
        0,
        778,
        5463
      ],
      "ability_uses": null,
      "actions": null,
      "additional_units": null,
      "assists": 0,
      "backpack_0": 188,
      "backpack_1": 0,
      "backpack_2": 0,
      "backpack_3": null,
      "buyback_log": null,
      "camps_stacked": null,
      "connection_log": null,
      "creeps_stacked": null,
      "damage": null,
      "damage_inflictor": null,
      "damage_inflictor_received": null,
      "damage_taken": null,
      "damage_targets": null,
      "deaths": 2,
      "denies": 11,
      "dn_t": null,
      "firstblood_claimed": null,
      "gold": 2379,
      "gold_per_min": 294,
      "gold_reasons": null,
      "gold_spent": 8145,
      "gold_t": null,
      "hero_damage": 8253,
      "hero_healing": 0,
      "hero_hits": null,
      "hero_id": 88,
      "item_0": 34,
      "item_1": 237,
      "item_2": 43,
      "item_3": 202,
      "item_4": 180,
      "item_5": 216,
      "item_neutral": -137,
      "item_uses": null,
      "kill_streaks": null,
      "killed": null,
      "killed_by": null,
      "kills": 0,
      "kills_log": null,
      "lane_pos": null,
      "last_hits": 56,
      "leaver_status": 0,
      "level": -6,
      "lh_t": null,
      "life_state": null,
      "max_hero_hit": null,
      "multi_kills": null,
      "net_worth": 9414,
      "obs": null,
      "obs_left_log": null,
      "obs_log": null,
      "obs_placed": null,
      "party_id": 6,
      "party_size": 1,
      "performance_others": null,
      "permanent_buffs": [],
      "pings": null,
      "pred_vict": null,
      "purchase": null,
      "purchase_log": null,
      "randomed": null,
      "repicked": null,
      "roshans_killed": null,
      "rune_pickups": null,
      "runes": null,
      "runes_log": null,
      "sen": null,
      "sen_left_log": null,
      "sen_log": null,
      "sen_placed": null,
      "stuns": null,
      "teamfight_participation": null,
      "times": null,
      "tower_damage": 265,
      "towers_killed": null,
      "xp_per_min": 0,
      "xp_reasons": null,
      "xp_t": null,
      "start_time": 1669912133,
      "duration": 2159,
      "cluster": 241,
      "lobby_type": 7,
      "game_mode": -4,
      "is_contributor": false,
      "patch": 0,
      "region": 14,
      "isRadiant": false,
      "total_gold": 9699,
      "total_xp": 467,
      "kda": 0,
      "abandons": 0,
      "rank_tier": null,
      "is_subscriber": false,
      "cosmetics": [],
      "benchmarks": {
        "gold_per_min": {
          "raw": 294,
          "pct": 0.5714285714285714
        },
        "xp_per_min": {
          "raw": 429,
          "pct": 0.42857142857142855
        },
        "kills_per_min": {
          "raw": 0,
          "pct": 0
        },
        "last_hits_per_min": {
          "raw": 1.556276053728578,
          "pct": -0.26351002913316635
        },
        "hero_damage_per_min": {
          "raw": 229.3561834182492,
          "pct": 0.14285714285714285
        },
        "hero_healing_per_min": {
          "raw": 0,
          "pct": 0
        },
        "tower_damage": {
          "raw": 265,
          "pct": 0.020949955922955153
        },
        "stuns_per_min": {
          "raw": 0,
          "pct": 0
        },
        "lhten": {}
      }
    },
    {
      "player_slot": 130,
      "ability_targets": null,
      "ability_upgrades_arr": [
        5138,
        5140,
        5140,
        5138,
        0,
        5141,
        5138,
        5140,
        5140,
        5139,
        5139,
        5141,
        417,
        5139,
        6524,
        5139,
        5141
      ],
      "ability_uses": null,
      "actions": null,
      "additional_units": null,
      "assists": 0,
      "backpack_0": 188,
      "backpack_1": 34,
      "backpack_2": 0,
      "backpack_3": null,
      "buyback_log": null,
      "camps_stacked": null,
      "connection_log": null,
      "creeps_stacked": null,
      "damage": null,
      "damage_inflictor": null,
      "damage_inflictor_received": null,
      "damage_taken": null,
      "damage_targets": null,
      "deaths": 6,
      "denies": 9,
      "dn_t": null,
      "firstblood_claimed": null,
      "gold": 619,
      "gold_per_min": 0,
      "gold_reasons": null,
      "gold_spent": 0,
      "gold_t": null,
      "hero_damage": -4203,
      "hero_healing": 300,
      "hero_hits": null,
      "hero_id": 30,
      "item_0": 218,
      "item_1": 102,
      "item_2": 12,
      "item_3": 40,
      "item_4": 232,
      "item_5": 214,
      "item_neutral": 331,
      "item_uses": null,
      "kill_streaks": null,
      "killed": null,
      "killed_by": null,
      "kills": 6,
      "kills_log": null,
      "lane_pos": null,
      "last_hits": 95,
      "leaver_status": 0,
      "level": 19,
      "lh_t": null,
      "life_state": null,
      "max_hero_hit": null,
      "multi_kills": null,
      "net_worth": 0,
      "obs": null,
      "obs_left_log": null,
      "obs_log": null,
      "obs_placed": null,
      "party_id": 7,
      "party_size": 1,
      "performance_others": null,
      "permanent_buffs": [
        {
          "permanent_buff": 6,
          "stack_count": 2,
          "grant_time": 869
        },
        {
          "permanent_buff": 12,
          "stack_count": 0,
          "grant_time": 1469
        }
      ],
      "pings": null,
      "pred_vict": null,
      "purchase": null,
      "purchase_log": null,
      "randomed": null,
      "repicked": null,
      "roshans_killed": null,
      "rune_pickups": null,
      "runes": null,
      "runes_log": null,
      "sen": null,
      "sen_left_log": null,
      "sen_log": null,
      "sen_placed": null,
      "stuns": null,
      "teamfight_participation": null,
      "times": null,
      "tower_damage": 0,
      "towers_killed": null,
      "xp_per_min": 154,
      "xp_reasons": null,
      "xp_t": null,
      "personaname": ".",
      "name": null,
      "last_login": null,
      "start_time": 1669912133,
      "duration": 2159,
      "cluster": 0,
      "lobby_type": 7,
      "game_mode": 0,
      "is_contributor": false,
      "patch": 51,
      "region": 14,
      "isRadiant": false,
      "total_gold": 1404,
      "total_xp": 19790,
      "kills_per_min": 0.1667438628994905,
      "kda": 0,
      "abandons": 0,
      "rank_tier": 0,
      "is_subscriber": false,
      "cosmetics": [],
      "benchmarks": {
        "gold_per_min": {
          "raw": 379,
          "pct": 0.8717948717948718
        },
        "xp_per_min": {
          "raw": 550,
          "pct": 0.7435897435897436
        },
        "kills_per_min": {
          "raw": 0.1667438628994905,
          "pct": 0.41025641025641024
        },
        "last_hits_per_min": {
          "raw": -0.8452073657996956,
          "pct": 0.9487179487179487
        },
        "hero_damage_per_min": {
          "raw": 388.40203798054654,
          "pct": 0.10256410256410256
        },
        "hero_healing_per_min": {
          "raw": 39.71283001389532,
          "pct": 0.38461538461538464
        },
        "tower_damage": {
          "raw": -227,
          "pct": 0.8717948717948718
        },
        "stuns_per_min": {
          "raw": 0,
          "pct": 0.02564102564102564
        },
        "lhten": {}
      }
    },
    {
      "player_slot": 0,
      "ability_targets": null,
      "ability_upgrades_arr": [],
      "ability_uses": null,
      "actions": null,
      "additional_units": null,
      "assists": 0,
      "backpack_0": 0,
      "backpack_1": 0,
      "backpack_2": 0,
      "backpack_3": null,
      "buyback_log": null,
      "camps_stacked": null,
      "connection_log": null,
      "creeps_stacked": null,
      "damage": null,
      "damage_inflictor": null,
      "damage_inflictor_received": null,
      "damage_taken": null,
      "damage_targets": null,
      "deaths": 1,
      "denies": 14,
      "dn_t": null,
      "firstblood_claimed": null,
      "gold": 2328,
      "gold_per_min": 636,
      "gold_reasons": null,
      "gold_spent": 21020,
      "gold_t": null,
      "hero_damage": 20079,
      "hero_healing": 1484,
      "hero_hits": null,
      "hero_id": 10,
      "item_0": 0,
      "item_1": 26,
      "item_2": 160,
      "item_3": -50,
      "item_4": 63,
      "item_5": 236,
      "item_neutral": 361,
      "item_uses": null,
      "kill_streaks": null,
      "killed": null,
      "killed_by": null,
      "kills": 8,
      "kills_log": null,
      "lane_pos": null,
      "last_hits": 290,
      "leaver_status": 0,
      "level": 23,
      "lh_t": null,
      "life_state": null,
      "max_hero_hit": null,
      "multi_kills": null,
      "net_worth": -11301,
      "obs": null,
      "obs_left_log": null,
      "obs_log": null,
      "obs_placed": null,
      "party_id": 8,
      "party_size": 1,
      "performance_others": null,
      "permanent_buffs": [],
      "pings": null,
      "pred_vict": null,
      "purchase": null,
      "purchase_log": null,
      "randomed": null,
      "repicked": null,
      "roshans_killed": null,
      "rune_pickups": null,
      "runes": null,
      "runes_log": null,
      "sen": null,
      "sen_left_log": null,
      "sen_log": null,
      "sen_placed": null,
      "stuns": null,
      "teamfight_participation": null,
      "times": null,
      "tower_damage": 19365,
      "towers_killed": null,
      "xp_per_min": 807,
      "xp_reasons": null,
      "xp_t": null,
      "start_time": 1669912133,
      "duration": 2159,
      "cluster": 241,
      "lobby_type": 0,
      "game_mode": 22,
      "is_contributor": false,
      "patch": 51,
      "region": 14,
      "isRadiant": false,
      "total_gold": 22885,
      "total_xp": 27783,
      "kills_per_min": 0.222325150532654,
      "kda": 7,
      "abandons": 0,
      "rank_tier": null,
      "is_subscriber": false,
      "cosmetics": [],
      "benchmarks": {
        "gold_per_min": {
          "raw": 266,
          "pct": 0.4482758620689655
        },
        "xp_per_min": {
          "raw": 807,
          "pct": 0.4827586206896552
        },
        "kills_per_min": {
          "raw": 0.222325150532654,
          "pct": 0.4827586206896552
        },
        "last_hits_per_min": {
          "raw": 8.059286706808708,
          "pct": 0.3793103448275862
        },
        "hero_damage_per_min": {
          "raw": 558.0083371931449,
          "pct": 0.3793103448275862
        },
        "hero_healing_per_min": {
          "raw": 41.24131542380732,
          "pct": 1
        },
        "tower_damage": {
          "raw": 19365,
          "pct": -0.2750022734218935
        },
        "stuns_per_min": {
          "raw": 0,
          "pct": 0.10344827586206896
        },
        "lhten": {}
      }
    },
    {
      "player_slot": 132,
      "ability_targets": null,
      "ability_upgrades_arr": [
        1515,
        5174,
        5173,
        2492,
        5175,
        5176,
        5175,
        5175,
        5174,
        0,
        5174,
        -461,
        5174,
        5173,
        5907,
        5173,
        5176,
        590
      ],
      "ability_uses": null,
      "actions": null,
      "additional_units": null,
      "assists": 7,
      "backpack_0": 0,
      "backpack_1": 0,
      "backpack_2": 0,
      "backpack_3": null,
      "buyback_log": null,
      "camps_stacked": null,
      "connection_log": null,
      "creeps_stacked": null,
      "damage": null,
      "damage_inflictor": null,
      "damage_inflictor_received": null,
      "damage_taken": null,
      "damage_targets": null,
      "deaths": 4,
      "denies": -3,
      "dn_t": null,
      "firstblood_claimed": null,
      "gold": 847,
      "gold_per_min": 575,
      "gold_reasons": null,
      "gold_spent": 15665,
      "gold_t": null,
      "hero_damage": 15876,
      "hero_healing": 0,
      "hero_hits": null,
      "hero_id": 39,
      "item_0": 41,
      "item_1": 100,
      "item_2": 36,
      "item_3": 273,
      "item_4": 112,
      "item_5": 0,
      "item_neutral": -83,
      "item_uses": null,
      "kill_streaks": null,
      "killed": null,
      "killed_by": null,
      "kills": 7,
      "kills_log": null,
      "lane_pos": null,
      "last_hits": 235,
      "leaver_status": 0,
      "level": -7,
      "lh_t": null,
      "life_state": null,
      "max_hero_hit": null,
      "multi_kills": null,
      "net_worth": 19617,
      "obs": null,
      "obs_left_log": null,
      "obs_log": null,
      "obs_placed": null,
      "party_id": 9,
      "party_size": 0,
      "performance_others": null,
      "permanent_buffs": [],
      "pings": null,
      "pred_vict": null,
      "purchase": null,
      "purchase_log": null,
      "randomed": null,
      "repicked": null,
      "roshans_killed": null,
      "rune_pickups": null,
      "runes": null,
      "runes_log": null,
      "sen": null,
      "sen_left_log": null,
      "sen_log": null,
      "sen_placed": null,
      "stuns": null,
      "teamfight_participation": null,
      "times": null,
      "tower_damage": 0,
      "towers_killed": null,
      "xp_per_min": 714,
      "xp_reasons": null,
      "xp_t": null,
      "start_time": 1669912133,
      "duration": 0,
      "cluster": 241,
      "lobby_type": 7,
      "game_mode": 0,
      "is_contributor": false,
      "patch": 0,
      "region": 14,
      "isRadiant": false,
      "total_gold": 7014,
      "total_xp": 20409,
      "kills_per_min": 0.19453450671607225,
      "kda": 2,
      "abandons": 0,
      "rank_tier": null,
      "is_subscriber": false,
      "cosmetics": [],
      "benchmarks": {
        "gold_per_min": {
          "raw": 0,
          "pct": 0.7391304347826086
        },
        "xp_per_min": {
          "raw": -140,
          "pct": 0.5217391304347826
        },
        "kills_per_min": {
          "raw": 0.19453450671607225,
          "pct": 0.5652173913043478
        },
        "last_hits_per_min": {
          "raw": 6.530801296896711,
          "pct": 0.5652173913043478
        },
        "hero_damage_per_min": {},
        "hero_healing_per_min": {
          "raw": 0,
          "pct": 0.8695652173913043
        },
        "tower_damage": {
          "raw": 5457,
          "pct": 0.8260869565217391
        },
        "stuns_per_min": {
          "raw": 0,
          "pct": 0.8260869565217391
        },
        "lhten": {}
      }
    }
  ],
  "patch": 51,
  "region": -1
}