{
  "chat": null,
  "cluster": 251,
  "cosmetics": null,
  "dire_score": 0,
  "dire_team_id": null,
  "draft_timings": null,
  "duration": 1096,
  "engine": 1,
  "first_blood_time": 128,
  "game_mode": 23,
  "human_players": 10,
  "leagueid": 0,
  "lobby_type": 0,
  "match_seq_num": -555798027,
  "negative_votes": 0,
  "objectives": null,
  "picks_bans": null,
  "positive_votes": 0,
  "radiant_gold_adv": null,
  "radiant_score": 33,
  "radiant_team_id": null,
  "radiant_xp_adv": null,
  "skill": null,
  "start_time": 1669912076,
  "teamfights": null,
  "version": null,
  "replay_salt": 1289850816,
  "series_id": 0,
  "series_type": 0,
  "players": [
    {
      "player_slot": 0,
      "ability_targets": null,
      "ability_upgrades_arr": [
        5237,
        5238,
        5238,
        5239,
        5238,
        0,
        5238,
        5239,
        5237,
        850,
        5239,
        5240,
        5239,
        6512,
        730,
        5237,
        5237,
        5240,
        6364
      ],
      "ability_uses": null,
      "actions": null,
      "additional_units": null,
      "assists": 18,
      "backpack_0": 0,
      "backpack_1": 0,
      "backpack_2": 0,
      "backpack_3": null,
      "buyback_log": null,
      "camps_stacked": null,
      "connection_log": null,
      "creeps_stacked": null,
      "damage": null,
      "damage_inflictor": null,
      "damage_inflictor_received": null,
      "damage_taken": null,
      "damage_targets": null,
      "deaths": 3,
      "denies": 0,
      "dn_t": null,
      "firstblood_claimed": null,
      "gold": 5566,
      "gold_per_min": 815,
      "gold_reasons": null,
      "gold_spent": 9920,
      "gold_t": null,
      "hero_damage": 13897,
      "hero_healing": 0,
      "hero_hits": null,
      "hero_id": 51,
      "item_0": 119,
      "item_1": -7,
      "item_2": 125,
      "item_3": 127,
      "item_4": 0,
      "item_5": 0,
      "item_neutral": 349,
      "item_uses": null,
      "kill_streaks": null,
      "killed": null,
      "killed_by": null,
      "kills": 3,
      "kills_log": null,
      "lane_pos": null,
      "last_hits": 24,
      "leaver_status": 0,
      "level": 21,
      "lh_t": null,
      "life_state": null,
      "max_hero_hit": null,
      "multi_kills": null,
      "net_worth": -327,
      "obs": null,
      "obs_left_log": null,
      "obs_log": null,
      "obs_placed": null,
      "party_id": 0,
      "party_size": 0,
      "performance_others": null,
      "permanent_buffs": [],
      "pings": null,
      "pred_vict": null,
      "purchase": null,
      "purchase_log": null,
      "randomed": null,
      "repicked": null,
      "roshans_killed": null,
      "rune_pickups": null,
      "runes": null,
      "runes_log": null,
      "sen": null,
      "sen_left_log": null,
      "sen_log": null,
      "sen_placed": null,
      "stuns": null,
      "teamfight_participation": null,
      "times": null,
      "tower_damage": 1364,
      "towers_killed": null,
      "xp_per_min": 0,
      "xp_reasons": null,
      "xp_t": null,
      "start_time": 1669912076,
      "duration": 1096,
      "cluster": 251,
      "lobby_type": 0,
      "game_mode": 23,
      "is_contributor": false,
      "patch": 51,
      "region": 15,
      "isRadiant": true,
      "total_gold": 13713,
      "total_xp": 24185,
      "kills_per_min": 0.1642335766423358,
      "kda": 2,
      "abandons": 0,
      "rank_tier": null,
      "is_subscriber": false,
      "cosmetics": [],
      "benchmarks": {
        "gold_per_min": {
          "raw": 815,
          "pct": 0
        },
        "xp_per_min": {
          "raw": 1324,
          "pct": 1
        },
        "kills_per_min": {
          "raw": 0.1642335766423358,
          "pct": 0.6818181818181818
        },
        "last_hits_per_min": {
          "raw": 1.3138686131386863,
          "pct": 0.4090909090909091
        },
        "hero_damage_per_min": {
          "raw": 760.7846715328467,
          "pct": 0.9545454545454546
        },
        "hero_healing_per_min": {
          "raw": 0,
          "pct": -0.315021701650363
        },
        "tower_damage": {
          "raw": 1364,
          "pct": 0.8181818181818182
        },
        "stuns_per_min": {},
        "lhten": {}
      }
    },
    {
      "player_slot": 0,
      "ability_targets": null,
      "ability_upgrades_arr": [
        0,
        0,
        5140,
        5138,
        0,
        5141,
        5139,
        5138,
        5139,
        5140,
        417,
        5141,
        0,
        5139,
        6524,
        0,
        5139,
        123
      ],
      "ability_uses": null,
      "actions": null,
      "additional_units": null,
      "assists": 12,
      "backpack_0": 0,
      "backpack_1": 0,
      "backpack_2": 0,
      "backpack_3": null,
      "buyback_log": null,
      "camps_stacked": null,
      "connection_log": null,
      "creeps_stacked": null,
      "damage": null,
      "damage_inflictor": null,
      "damage_inflictor_received": null,
      "damage_taken": null,
      "damage_targets": null,
      "deaths": 2,
      "denies": 0,
      "dn_t": null,
      "firstblood_claimed": null,
      "gold": 8474,
      "gold_per_min": 859,
      "gold_reasons": null,
      "gold_spent": 7780,
      "gold_t": null,
      "hero_damage": 21404,
      "hero_healing": 0,
      "hero_hits": null,
      "hero_id": -1,
      "item_0": 180,
      "item_1": 0,
      "item_2": 0,
      "item_3": 0,
      "item_4": 0,
      "item_5": 0,
      "item_neutral": 0,
      "item_uses": null,
      "kill_streaks": null,
      "killed": null,
      "killed_by": null,
      "kills": 7,
      "kills_log": null,
      "lane_pos": null,
      "last_hits": 7,
      "leaver_status": 0,
      "level": 23,
      "lh_t": null,
      "life_state": null,
      "max_hero_hit": null,
      "multi_kills": null,
      "net_worth": 15524,
      "obs": null,
      "obs_left_log": null,
      "obs_log": null,
      "obs_placed": null,
      "party_id": 0,
      "party_size": 1,
      "performance_others": null,
      "permanent_buffs": [
        {
          "permanent_buff": 12,
          "stack_count": 0,
          "grant_time": 393
        }
      ],
      "pings": null,
      "pred_vict": null,
      "purchase": null,
      "purchase_log": null,
      "randomed": null,
      "repicked": null,
      "roshans_killed": null,
      "rune_pickups": null,
      "runes": null,
      "runes_log": null,
      "sen": null,
      "sen_left_log": null,
      "sen_log": null,
      "sen_placed": null,
      "stuns": null,
      "teamfight_participation": null,
      "times": null,
      "tower_damage": 1269,
      "towers_killed": null,
      "xp_per_min": 1699,
      "xp_reasons": null,
      "xp_t": null,
      "start_time": 1669912076,
      "duration": -539,
      "cluster": 251,
      "lobby_type": 0,
      "game_mode": 23,
      "is_contributor": false,
      "patch": 51,
      "region": 15,
      "isRadiant": true,
      "total_gold": 9720,
      "total_xp": 25945,
      "kills_per_min": 0.3832116788321168,
      "kda": 6,
      "abandons": 0,
      "rank_tier": null,
      "is_subscriber": false,
      "cosmetics": [],
      "benchmarks": {
        "gold_per_min": {
          "raw": 859,
          "pct": 0
        },
        "xp_per_min": {
          "raw": 1699,
          "pct": 1
        },
        "kills_per_min": {
          "raw": 0.38321167883211676,
          "pct": 1
        },
        "last_hits_per_min": {
          "raw": 0.38321167883211676,
          "pct": 0.07692307692307693
        },
        "hero_damage_per_min": {},
        "hero_healing_per_min": {},
        "tower_damage": {
          "raw": 1269,
          "pct": 0.9230769230769231
        },
        "stuns_per_min": {
          "raw": 0,
          "pct": 0.02564102564102564
        },
        "lhten": {}
      }
    },
    {
      "player_slot": 2,
      "ability_targets": null,
      "ability_upgrades_arr": [
        5595,
        -1773,
        5597,
        5595,
        5596,
        5598,
        5597,
        5597,
        5596,
        5596,
        5596,
        5598,
        0,
        5595,
        -1749,
        463,
        5598,
        7395
      ],
      "ability_uses": null,
      "actions": null,
      "additional_units": null,
      "assists": 1,
      "backpack_0": 0,
      "backpack_1": 0,
      "backpack_2": -17,
      "backpack_3": null,
      "buyback_log": null,
      "camps_stacked": null,
      "connection_log": null,
      "creeps_stacked": null,
      "damage": null,
      "damage_inflictor": null,
      "damage_inflictor_received": null,
      "damage_taken": null,
      "damage_targets": null,
      "deaths": 2,
      "denies": 2,
      "dn_t": null,
      "firstblood_claimed": null,
      "gold": 26,
      "gold_per_min": 1375,
      "gold_reasons": null,
      "gold_spent": 25885,
      "gold_t": null,
      "hero_damage": 33610,
      "hero_healing": 884,
      "hero_hits": null,
      "hero_id": 104,
      "item_0": 48,
      "item_1": 210,
      "item_2": 141,
      "item_3": 600,
      "item_4": 127,
      "item_5": 168,
      "item_neutral": 828,
      "item_uses": null,
      "kill_streaks": null,
      "killed": null,
      "killed_by": null,
      "kills": 15,
      "kills_log": null,
      "lane_pos": null,
      "last_hits": 0,
      "leaver_status": 0,
      "level": -8,
      "lh_t": null,
      "life_state": null,
      "max_hero_hit": null,
      "multi_kills": null,
      "net_worth": 24221,
      "obs": null,
      "obs_left_log": null,
      "obs_log": null,
      "obs_placed": null,
      "party_id": 2,
      "party_size": 1,
      "performance_others": null,
      "permanent_buffs": [
        {}
      ],
      "pings": null,
      "pred_vict": null,
      "purchase": null,
      "purchase_log": null,
      "randomed": null,
      "repicked": null,
      "roshans_killed": null,
      "rune_pickups": null,
      "runes": null,
      "runes_log": null,
      "sen": null,
      "sen_left_log": null,
      "sen_log": null,
      "sen_placed": null,
      "stuns": null,
      "teamfight_participation": null,
      "times": null,
      "tower_damage": 5289,
      "towers_killed": null,
      "xp_per_min": 1865,
      "xp_reasons": null,
      "xp_t": null,
      "start_time": 1669912076,
      "duration": 1096,
      "cluster": 251,
      "lobby_type": 0,
      "game_mode": 0,
      "is_contributor": false,
      "patch": 51,
      "region": 15,
      "isRadiant": true,
      "total_gold": 25116,
      "total_xp": 16360,
      "kills_per_min": 0.8211678832116789,
      "kda": 7,
      "abandons": 0,
      "rank_tier": null,
      "is_subscriber": false,
      "cosmetics": [],
      "benchmarks": {
        "gold_per_min": {
          "raw": 1375,
          "pct": 1
        },
        "xp_per_min": {
          "raw": 1865,
          "pct": 0
        },
        "kills_per_min": {
          "raw": 0.8211678832116789,
          "pct": 0
        },
        "last_hits_per_min": {},
        "hero_damage_per_min": {
          "raw": 1839.963503649635,
          "pct": 1
        },
        "hero_healing_per_min": {
          "raw": 48.394160583941606,
          "pct": 0.7096774193548387
        },
        "tower_damage": {
          "raw": 5289,
          "pct": 0.6774193548387096
        },
        "stuns_per_min": {
          "raw": 0,
          "pct": 0.03225806451612903
        },
        "lhten": {}
      }
    },
    {
      "player_slot": 3,
      "ability_targets": null,
      "ability_upgrades_arr": [
        5723,
        609,
        5723,
        5716,
        5716,
        5721,
        5725,
        5723,
        5723,
        5716,
        -2448,
        5725,
        0,
        5721,
        5721,
        6421,
        -1051,
        802
      ],
      "ability_uses": null,
      "actions": null,
      "additional_units": null,
      "assists": 6,
      "backpack_0": 40,
      "backpack_1": 0,
      "backpack_2": 0,
      "backpack_3": null,
      "buyback_log": null,
      "camps_stacked": null,
      "connection_log": null,
      "creeps_stacked": null,
      "damage": null,
      "damage_inflictor": null,
      "damage_inflictor_received": null,
      "damage_taken": null,
      "damage_targets": null,
      "deaths": 1,
      "denies": 7,
      "dn_t": null,
      "firstblood_claimed": null,
      "gold": 1919,
      "gold_per_min": 1399,
      "gold_reasons": null,
      "gold_spent": 25600,
      "gold_t": null,
      "hero_damage": 20277,
      "hero_healing": 0,
      "hero_hits": null,
      "hero_id": 114,
      "item_0": 116,
      "item_1": 252,
      "item_2": 143,
      "item_3": 0,
      "item_4": 168,
      "item_5": 220,
      "item_neutral": 288,
      "item_uses": null,
      "kill_streaks": null,
      "killed": null,
      "killed_by": null,
      "kills": 7,
      "kills_log": null,
      "lane_pos": null,
      "last_hits": 117,
      "leaver_status": 0,
      "level": 22,
      "lh_t": null,
      "life_state": null,
      "max_hero_hit": null,
      "multi_kills": null,
      "net_worth": 24399,
      "obs": null,
      "obs_left_log": null,
      "obs_log": null,
      "obs_placed": null,
      "party_id": 3,
      "party_size": 1,
      "performance_others": null,
      "permanent_buffs": [],
      "pings": null,
      "pred_vict": null,
      "purchase": null,
      "purchase_log": null,
      "randomed": null,
      "repicked": null,
      "roshans_killed": null,
      "rune_pickups": null,
      "runes": null,
      "runes_log": null,
      "sen": null,
      "sen_left_log": null,
      "sen_log": null,
      "sen_placed": null,
      "stuns": null,
      "teamfight_participation": null,
      "times": null,
      "tower_damage": 16583,
      "towers_killed": null,
      "xp_per_min": 1483,
      "xp_reasons": null,
      "xp_t": null,
      "start_time": 489509485,
      "duration": 1096,
      "cluster": 251,
      "lobby_type": 0,
      "game_mode": 23,
      "is_contributor": false,
      "patch": 51,
      "region": 15,
      "isRadiant": true,
      "total_gold": 14953,
      "total_xp": 2854,
      "kills_per_min": 0.3832116788321168,
      "kda": 2,
      "abandons": 0,
      "rank_tier": null,
      "is_subscriber": false,
      "cosmetics": [],
      "benchmarks": {
        "gold_per_min": {
          "raw": -643,
          "pct": 0
        },
        "xp_per_min": {
          "raw": -339,
          "pct": 1
        },
        "kills_per_min": {
          "raw": 0.38321167883211676,
          "pct": 0.926829268292683
        },
        "last_hits_per_min": {
          "raw": 6.405109489051094,
          "pct": 0.4146341463414634
        },
        "hero_damage_per_min": {
          "raw": 436.99839030920873,
          "pct": 0.926829268292683
        },
        "hero_healing_per_min": {
          "raw": 0,
          "pct": 1
        },
        "tower_damage": {},
        "stuns_per_min": {
          "raw": 0,
          "pct": 0.024390243902439025
        },
        "lhten": {}
      }
    },
    {
      "player_slot": 4,
      "ability_targets": null,
      "ability_upgrades_arr": [
        -1620,
        5076,
        2107,
        5074,
        5074,
        5077,
        5074,
        5076,
        1527,
        5076,
        5074,
        5077,
        5075,
        5075,
        7142,
        6565,
        0,
        98,
        6023
      ],
      "ability_uses": null,
      "actions": null,
      "additional_units": null,
      "assists": 17,
      "backpack_0": 115,
      "backpack_1": 21,
      "backpack_2": 0,
      "backpack_3": null,
      "buyback_log": null,
      "camps_stacked": null,
      "connection_log": null,
      "creeps_stacked": null,
      "damage": null,
      "damage_inflictor": null,
      "damage_inflictor_received": null,
      "damage_taken": null,
      "damage_targets": null,
      "deaths": 1,
      "denies": 5,
      "dn_t": null,
      "firstblood_claimed": null,
      "gold": 912,
      "gold_per_min": 864,
      "gold_reasons": null,
      "gold_spent": 15905,
      "gold_t": null,
      "hero_damage": 14655,
      "hero_healing": 0,
      "hero_hits": null,
      "hero_id": 14,
      "item_0": 50,
      "item_1": 1,
      "item_2": 37,
      "item_3": 90,
      "item_4": 40,
      "item_5": 259,
      "item_neutral": 577,
      "item_uses": null,
      "kill_streaks": null,
      "killed": null,
      "killed_by": null,
      "kills": 1,
      "kills_log": null,
      "lane_pos": null,
      "last_hits": 44,
      "leaver_status": 0,
      "level": 0,
      "lh_t": null,
      "life_state": null,
      "max_hero_hit": null,
      "multi_kills": null,
      "net_worth": 14417,
      "obs": null,
      "obs_left_log": null,
      "obs_log": null,
      "obs_placed": null,
      "party_id": 0,
      "party_size": 1,
      "performance_others": null,
      "permanent_buffs": [
        {
          "permanent_buff": 4,
          "stack_count": 15,
          "grant_time": 328
        },
        {
          "permanent_buff": 6,
          "stack_count": 0,
          "grant_time": 904
        }
      ],
      "pings": null,
      "pred_vict": null,
      "purchase": null,
      "purchase_log": null,
      "randomed": null,
      "repicked": null,
      "roshans_killed": null,
      "rune_pickups": null,
      "runes": null,
      "runes_log": null,
      "sen": null,
      "sen_left_log": null,
      "sen_log": null,
      "sen_placed": null,
      "stuns": null,
      "teamfight_participation": null,
      "times": null,
      "tower_damage": 1744,
      "towers_killed": null,
      "xp_per_min": -673,
      "xp_reasons": null,
      "xp_t": null,
      "start_time": 1669912076,
      "duration": 24,
      "cluster": 251,
      "lobby_type": 0,
      "game_mode": 23,
      "is_contributor": false,
      "patch": 51,
      "region": 15,
      "isRadiant": true,
      "total_gold": 15782,
      "total_xp": 34798,
      "kills_per_min": 0.05474452554744526,
      "kda": 7,
      "abandons": 0,
      "rank_tier": null,
      "is_subscriber": false,
      "cosmetics": [],
      "benchmarks": {
        "gold_per_min": {
          "raw": 0,
          "pct": 1
        },
        "xp_per_min": {
          "raw": 1905,
          "pct": 1
        },
        "kills_per_min": {
          "raw": 0.05474452554744525,
          "pct": 0.10714285714285714
        },
        "last_hits_per_min": {},
        "hero_damage_per_min": {},
        "hero_healing_per_min": {
          "raw": 0,
          "pct": 0.6428571428571429
        },
        "tower_damage": {
          "raw": 1744,
          "pct": 0.875
        },
        "stuns_per_min": {
          "raw": 0,
          "pct": 0
        },
        "lhten": {}
      }
    },
    {
      "player_slot": 0,
      "ability_targets": null,
      "ability_upgrades_arr": [
        0,
        656,
        5263,
        895,
        5263,
        5266,
        5263,
        656,
        -189,
        656,
        5266,
        656,
        895,
        115,
        501,
        404,
        5266
      ],
      "ability_uses": null,
      "actions": null,
      "additional_units": null,
      "assists": 4,
      "backpack_0": 0,
      "backpack_1": 0,
      "backpack_2": 0,
      "backpack_3": null,
      "buyback_log": null,
      "camps_stacked": null,
      "connection_log": null,
      "creeps_stacked": null,
      "damage": null,
      "damage_inflictor": null,
      "damage_inflictor_received": null,
      "damage_taken": null,
      "damage_targets": null,
      "deaths": 5,
      "denies": 2,
      "dn_t": null,
      "firstblood_claimed": null,
      "gold": 0,
      "gold_per_min": 0,
      "gold_reasons": null,
      "gold_spent": 11455,
      "gold_t": null,
      "hero_damage": 9066,
      "hero_healing": 2984,
      "hero_hits": null,
      "hero_id": 0,
      "item_0": 108,
      "item_1": 110,
      "item_2": 0,
      "item_3": 11,
      "item_4": 178,
      "item_5": 180,
      "item_neutral": 349,
      "item_uses": null,
      "kill_streaks": null,
      "killed": null,
      "killed_by": null,
      "kills": 2,
      "kills_log": null,
      "lane_pos": null,
      "last_hits": 29,
      "leaver_status": 0,
      "level": 19,
      "lh_t": null,
      "life_state": null,
      "max_hero_hit": null,
      "multi_kills": null,
      "net_worth": 11748,
      "obs": null,
      "obs_left_log": null,
      "obs_log": null,
      "obs_placed": null,
      "party_id": 5,
      "party_size": 1,
      "performance_others": null,
      "permanent_buffs": [],
      "pings": null,
      "pred_vict": null,
      "purchase": null,
      "purchase_log": null,
      "randomed": null,
      "repicked": null,
      "roshans_killed": null,
      "rune_pickups": null,
      "runes": null,
      "runes_log": null,
      "sen": null,
      "sen_left_log": null,
      "sen_log": null,
      "sen_placed": null,
      "stuns": null,
      "teamfight_participation": null,
      "times": null,
      "tower_damage": 0,
      "towers_killed": null,
      "xp_per_min": 1104,
      "xp_reasons": null,
      "xp_t": null,
      "start_time": 1669912076,
      "duration": 1096,
      "cluster": 0,
      "lobby_type": 0,
      "game_mode": 23,
      "is_contributor": false,
      "patch": 24,
      "region": 15,
      "isRadiant": false,
      "total_gold": 11051,
      "total_xp": 20166,
      "kills_per_min": -0.03467567854194889,
      "kda": 1,
      "abandons": 0,
      "rank_tier": null,
      "is_subscriber": false,
      "cosmetics": [],
      "benchmarks": {
        "gold_per_min": {
          "raw": 605,
          "pct": 1
        },
        "xp_per_min": {
          "raw": 0,
          "pct": 1
        },
        "kills_per_min": {
          "raw": 0.1094890510948905,
          "pct": 0.6875
        },
        "last_hits_per_min": {
          "raw": 1.5875912408759123,
          "pct": 0.375
        },
        "hero_damage_per_min": {
          "raw": 496.31386861313865,
          "pct": 0.9375
        },
        "hero_healing_per_min": {
          "raw": 163.35766423357666,
          "pct": 0.375
        },
        "tower_damage": {
          "raw": 0,
          "pct": 0
        },
        "stuns_per_min": {
          "raw": 0,
          "pct": 0.9375
        },
        "lhten": {}
      }
    },
    {
      "player_slot": -1,
      "ability_targets": null,
      "ability_upgrades_arr": [
        5511,
        5509,
        5508,
        0,
        5511,
        5512,
        5511,
        5510,
        5510,
        5510,
        5508,
        5512,
        6958,
        5508,
        5508,
        6959,
        0
      ],
      "ability_uses": null,
      "actions": null,
      "additional_units": null,
      "assists": 0,
      "backpack_0": 0,
      "backpack_1": 237,
      "backpack_2": 216,
      "backpack_3": null,
      "buyback_log": null,
      "camps_stacked": null,
      "connection_log": null,
      "creeps_stacked": null,
      "damage": null,
      "damage_inflictor": null,
      "damage_inflictor_received": null,
      "damage_taken": null,
      "damage_targets": null,
      "deaths": 5,
      "denies": 1,
      "dn_t": null,
      "firstblood_claimed": null,
      "gold": 599,
      "gold_per_min": 732,
      "gold_reasons": null,
      "gold_spent": 13335,
      "gold_t": null,
      "hero_damage": 12006,
      "hero_healing": 0,
      "hero_hits": null,
      "hero_id": 95,
      "item_0": 50,
      "item_1": 152,
      "item_2": 116,
      "item_3": 26,
      "item_4": 7,
      "item_5": 65,
      "item_neutral": 356,
      "item_uses": null,
      "kill_streaks": null,
      "killed": null,
      "killed_by": null,
      "kills": 1,
      "kills_log": null,
      "lane_pos": null,
      "last_hits": 67,
      "leaver_status": 0,
      "level": 18,
      "lh_t": null,
      "life_state": null,
      "max_hero_hit": null,
      "multi_kills": null,
      "net_worth": 13584,
      "obs": null,
      "obs_left_log": null,
      "obs_log": null,
      "obs_placed": null,
      "party_id": 6,
      "party_size": 1,
      "performance_others": null,
      "permanent_buffs": [],
      "pings": null,
      "pred_vict": null,
      "purchase": null,
      "purchase_log": null,
      "randomed": null,
      "repicked": null,
      "roshans_killed": null,
      "rune_pickups": null,
      "runes": null,
      "runes_log": null,
      "sen": null,
      "sen_left_log": null,
      "sen_log": null,
      "sen_placed": null,
      "stuns": null,
      "teamfight_participation": null,
      "times": null,
      "tower_damage": 0,
      "towers_killed": null,
      "xp_per_min": 989,
      "xp_reasons": null,
      "xp_t": null,
      "start_time": 1669912076,
      "duration": -27,
      "cluster": 251,
      "lobby_type": 0,
      "game_mode": 23,
      "is_contributor": false,
      "patch": 51,
      "region": 15,
      "isRadiant": false,
      "total_gold": 10448,
      "total_xp": 7107,
      "kills_per_min": 0.05474452554744526,
      "kda": 0,
      "abandons": 0,
      "rank_tier": null,
      "is_subscriber": false,
      "cosmetics": [],
      "benchmarks": {
        "gold_per_min": {
          "raw": -20,
          "pct": 0.5
        },
        "xp_per_min": {},
        "kills_per_min": {
          "raw": 0.05474452554744525,
          "pct": 0
        },
        "last_hits_per_min": {
          "raw": 3.667883211678832,
          "pct": 0
        },
        "hero_damage_per_min": {
          "raw": 657.2627737226278,
          "pct": 0.375
        },
        "hero_healing_per_min": {
          "raw": 0,
          "pct": 1
        },
        "tower_damage": {
          "raw": 0,
          "pct": 0
        },
        "stuns_per_min": {},
        "lhten": {}
      }
    },
    {
      "player_slot": 130,
      "ability_targets": null,
      "ability_upgrades_arr": [
        5143,
        5145,
        5143,
        -2467,
        5145,
        5144,
        5143,
        5143,
        5142,
        474,
        5142,
        5144,
        5145,
        782,
        5142,
        5145
      ],
      "ability_uses": null,
      "actions": null,
      "additional_units": null,
      "assists": 7,
      "backpack_0": 0,
      "backpack_1": 0,
      "backpack_2": 0,
      "backpack_3": null,
      "buyback_log": null,
      "camps_stacked": null,
      "connection_log": null,
      "creeps_stacked": null,
      "damage": null,
      "damage_inflictor": null,
      "damage_inflictor_received": null,
      "damage_taken": null,
      "damage_targets": null,
      "deaths": 0,
      "denies": 3,
      "dn_t": null,
      "firstblood_claimed": null,
      "gold": 0,
      "gold_per_min": 232,
      "gold_reasons": null,
      "gold_spent": 8895,
      "gold_t": null,
      "hero_damage": 8229,
      "hero_healing": 0,
      "hero_hits": null,
      "hero_id": 32,
      "item_0": 569,
      "item_1": 42,
      "item_2": 143,
      "item_3": 0,
      "item_4": 174,
      "item_5": 125,
      "item_neutral": 828,
      "item_uses": null,
      "kill_streaks": null,
      "killed": null,
      "killed_by": null,
      "kills": 2,
      "kills_log": null,
      "lane_pos": null,
      "last_hits": 14,
      "leaver_status": 0,
      "level": 16,
      "lh_t": null,
      "life_state": null,
      "max_hero_hit": null,
      "multi_kills": null,
      "net_worth": 9438,
      "obs": null,
      "obs_left_log": null,
      "obs_log": null,
      "obs_placed": null,
      "party_id": 7,
      "party_size": 1,
      "performance_others": null,
      "permanent_buffs": [],
      "pings": null,
      "pred_vict": null,
      "purchase": null,
      "purchase_log": null,
      "randomed": null,
      "repicked": null,
      "roshans_killed": null,
      "rune_pickups": null,
      "runes": null,
      "runes_log": null,
      "sen": null,
      "sen_left_log": null,
      "sen_log": null,
      "sen_placed": null,
      "stuns": null,
      "teamfight_participation": null,
      "times": null,
      "tower_damage": 0,
      "towers_killed": null,
      "xp_per_min": 858,
      "xp_reasons": null,
      "xp_t": null,
      "start_time": 1669912076,
      "duration": 1096,
      "cluster": 251,
      "lobby_type": 0,
      "game_mode": 23,
      "is_contributor": false,
      "patch": 51,
      "region": -5,
      "isRadiant": false,
      "total_gold": 9005,
      "total_xp": 13308,
      "kills_per_min": 0.10948905109489052,
      "kda": 0,
      "abandons": 0,
      "rank_tier": null,
      "is_subscriber": false,
      "cosmetics": [],
      "benchmarks": {
        "gold_per_min": {
          "raw": 0,
          "pct": 0.6875
        },
        "xp_per_min": {
          "raw": 858,
          "pct": 0.9375
        },
        "kills_per_min": {
          "raw": 0.1094890510948905,
          "pct": 0.5625
        },
        "last_hits_per_min": {
          "raw": 0.7664233576642335,
          "pct": 0.3125
        },
        "hero_damage_per_min": {},
        "hero_healing_per_min": {
          "raw": 0,
          "pct": 0.6875
        },
        "tower_damage": {
          "raw": 0,
          "pct": 0.25
        },
        "stuns_per_min": {
          "raw": 0,
          "pct": 0.125
        },
        "lhten": {}
      }
    },
    {
      "player_slot": 131,
      "ability_targets": null,
      "ability_upgrades_arr": [
        5055,
        5053,
        5056,
        5052,
        5055,
        5052,
        5052,
        5052,
        5057,
        6062,
        5053,
        7000,
        7000,
        5057,
        0,
        5056,
        1983
      ],
      "ability_uses": null,
      "actions": null,
      "additional_units": null,
      "assists": 3,
      "backpack_0": 175,
      "backpack_1": 0,
      "backpack_2": 0,
      "backpack_3": null,
      "buyback_log": null,
      "camps_stacked": null,
      "connection_log": null,
      "creeps_stacked": null,
      "damage": null,
      "damage_inflictor": null,
      "damage_inflictor_received": null,
      "damage_taken": null,
      "damage_targets": null,
      "deaths": 6,
      "denies": 0,
      "dn_t": null,
      "firstblood_claimed": null,
      "gold": 1391,
      "gold_per_min": 682,
      "gold_reasons": null,
      "gold_spent": 11685,
      "gold_t": null,
      "hero_damage": 11220,
      "hero_healing": 0,
      "hero_hits": null,
      "hero_id": 10,
      "item_0": 26,
      "item_1": 90,
      "item_2": 259,
      "item_3": 75,
      "item_4": 123,
      "item_5": 0,
      "item_neutral": 331,
      "item_uses": null,
      "kill_streaks": null,
      "killed": null,
      "killed_by": null,
      "kills": 3,
      "kills_log": null,
      "lane_pos": null,
      "last_hits": 61,
      "leaver_status": 0,
      "level": 19,
      "lh_t": null,
      "life_state": null,
      "max_hero_hit": null,
      "multi_kills": null,
      "net_worth": 12196,
      "obs": null,
      "obs_left_log": null,
      "obs_log": null,
      "obs_placed": null,
      "party_id": 8,
      "party_size": 1,
      "performance_others": null,
      "permanent_buffs": [],
      "pings": null,
      "pred_vict": null,
      "purchase": null,
      "purchase_log": null,
      "randomed": null,
      "repicked": null,
      "roshans_killed": null,
      "rune_pickups": null,
      "runes": null,
      "runes_log": null,
      "sen": null,
      "sen_left_log": null,
      "sen_log": null,
      "sen_placed": null,
      "stuns": null,
      "teamfight_participation": null,
      "times": null,
      "tower_damage": 0,
      "towers_killed": null,
      "xp_per_min": 1085,
      "xp_reasons": null,
      "xp_t": null,
      "personaname": "DJ CHUGUACA",
      "name": null,
      "last_login": null,
      "start_time": 1669912076,
      "duration": 1096,
      "cluster": 0,
      "lobby_type": 0,
      "game_mode": 23,
      "is_contributor": false,
      "patch": 51,
      "region": 15,
      "isRadiant": false,
      "total_gold": 12457,
      "total_xp": 6525,
      "kills_per_min": 0.1642335766423358,
      "kda": 0,
      "abandons": 0,
      "rank_tier": 14,
      "is_subscriber": false,
      "cosmetics": [],
      "benchmarks": {
        "gold_per_min": {
          "raw": 682,
          "pct": 0.4482758620689655
        },
        "xp_per_min": {
          "raw": 1085,
          "pct": 0
        },
        "kills_per_min": {
          "raw": 0.03721462179691393,
          "pct": 0.3448275862068966
        },
        "last_hits_per_min": {},
        "hero_damage_per_min": {
          "raw": 183.31599251858958,
          "pct": 0.4827586206896552
        },
        "hero_healing_per_min": {
          "raw": 0,
          "pct": 0.896551724137931
        },
        "tower_damage": {
          "raw": 213,
          "pct": -0.008017279840091608
        },
        "stuns_per_min": {},
        "lhten": {}
      }
    },
    {
      "player_slot": 132,
      "ability_targets": null,
      "ability_upgrades_arr": [],
      "ability_uses": null,
      "actions": null,
      "additional_units": null,
      "assists": 3,
      "backpack_0": 0,
      "backpack_1": 0,
      "backpack_2": 0,
      "backpack_3": null,
      "buyback_log": null,
      "camps_stacked": null,
      "connection_log": null,
      "creeps_stacked": null,
      "damage": null,
      "damage_inflictor": null,
      "damage_inflictor_received": null,
      "damage_taken": null,
      "damage_targets": null,
      "deaths": 11,
      "denies": 0,
      "dn_t": null,
      "firstblood_claimed": null,
      "gold": 707,
      "gold_per_min": 391,
      "gold_reasons": null,
      "gold_spent": 7045,
      "gold_t": null,
      "hero_damage": 5209,
      "hero_healing": 0,
      "hero_hits": null,
      "hero_id": 41,
      "item_0": 5,
      "item_1": 75,
      "item_2": 0,
      "item_3": 11,
      "item_4": 63,
      "item_5": 172,
      "item_neutral": 1076,
      "item_uses": null,
      "kill_streaks": null,
      "killed": null,
      "killed_by": null,
      "kills": 1,
      "kills_log": null,
      "lane_pos": null,
      "last_hits": 22,
      "leaver_status": 0,
      "level": 18,
      "lh_t": null,
      "life_state": null,
      "max_hero_hit": null,
      "multi_kills": null,
      "net_worth": 1081,
      "obs": null,
      "obs_left_log": null,
      "obs_log": null,
      "obs_placed": null,
      "party_id": 9,
      "party_size": 1,
      "performance_others": null,
      "permanent_buffs": [],
      "pings": null,
      "pred_vict": null,
      "purchase": null,
      "purchase_log": null,
      "randomed": null,
      "repicked": null,
      "roshans_killed": null,
      "rune_pickups": null,
      "runes": null,
      "runes_log": null,
      "sen": null,
      "sen_left_log": null,
      "sen_log": null,
      "sen_placed": null,
      "stuns": null,
      "teamfight_participation": null,
      "times": null,
      "tower_damage": 0,
      "towers_killed": null,
      "xp_per_min": 979,
      "xp_reasons": null,
      "xp_t": null,
      "start_time": 1669912076,
      "duration": 1096,
      "cluster": 251,
      "lobby_type": 0,
      "game_mode": 23,
      "is_contributor": false,
      "patch": 51,
      "region": 0,
      "isRadiant": false,
      "total_gold": 7142,
      "total_xp": 17883,
      "kills_per_min": 0.05474452554744526,
      "kda": 0,
      "abandons": 0,
      "rank_tier": null,
      "is_subscriber": false,
      "cosmetics": [],
      "benchmarks": {
        "gold_per_min": {
          "raw": 391,
          "pct": 0.06666666666666667
        },
        "xp_per_min": {
          "raw": 979,
          "pct": 0.9333333333333333
        },
        "kills_per_min": {
          "raw": 0.05474452554744525,
          "pct": 0.1
        },
        "last_hits_per_min": {
          "raw": 1.2043795620437956,
          "pct": 0.03333333333333333
        },
        "hero_damage_per_min": {
          "raw": 285.16423357664235,
          "pct": 0.1
        },
        "hero_healing_per_min": {
          "raw": 0,
          "pct": 0
        },
        "tower_damage": {
          "raw": 0,
          "pct": 0.000817076747272627
        },
        "stuns_per_min": {
          "raw": 0,
          "pct": 0.03333333333333333
        },
        "lhten": {}
      }
    }
  ],
  "patch": 0,
  "region": 15
}