{
  "chat": null,
  "cluster": -87,
  "cosmetics": null,
  "dire_score": -11,
  "dire_team_id": null,
  "draft_timings": null,
  "duration": 1508,
  "engine": 1,
  "first_blood_time": 48,
  "game_mode": 23,
  "human_players": 10,
  "leagueid": 0,
  "lobby_type": 0,
  "match_seq_num": 5780363135,
  "negative_votes": 0,
  "objectives": null,
  "picks_bans": null,
  "positive_votes": 0,
  "radiant_gold_adv": null,
  "radiant_score": 45,
  "radiant_team_id": null,
  "radiant_xp_adv": null,
  "skill": null,
  "start_time": 325405977,
  "teamfights": null,
  "version": null,
  "replay_salt": 83626868,
  "series_id": 0,
  "series_type": 0,
  "players": [
    {
      "player_slot": 0,
      "ability_targets": null,
      "ability_upgrades_arr": [
        5190,
        5191,
        5190,
        5192,
        5190,
        -56,
        5190,
        5191,
        5191,
        5192,
        0,
        2131,
        5193,
        5192,
        0,
        5192,
        -384,
        -168,
        1550,
        483,
        490
      ],
      "ability_uses": null,
      "actions": null,
      "additional_units": null,
      "assists": 13,
      "backpack_0": 0,
      "backpack_1": 0,
      "backpack_2": 0,
      "backpack_3": null,
      "buyback_log": null,
      "camps_stacked": null,
      "connection_log": null,
      "creeps_stacked": null,
      "damage": null,
      "damage_inflictor": null,
      "damage_inflictor_received": null,
      "damage_taken": null,
      "damage_targets": null,
      "deaths": 7,
      "denies": 0,
      "dn_t": null,
      "firstblood_claimed": null,
      "gold": -98,
      "gold_per_min": 1026,
      "gold_reasons": null,
      "gold_spent": 0,
      "gold_t": null,
      "hero_damage": 26071,
      "hero_healing": 0,
      "hero_hits": null,
      "hero_id": 44,
      "item_0": 208,
      "item_1": 160,
      "item_2": -65,
      "item_3": 63,
      "item_4": 569,
      "item_5": 116,
      "item_neutral": 571,
      "item_uses": null,
      "kill_streaks": null,
      "killed": null,
      "killed_by": null,
      "kills": 12,
      "kills_log": null,
      "lane_pos": null,
      "last_hits": 51,
      "leaver_status": 0,
      "level": 28,
      "lh_t": null,
      "life_state": null,
      "max_hero_hit": null,
      "multi_kills": null,
      "net_worth": 25895,
      "obs": null,
      "obs_left_log": null,
      "obs_log": null,
      "obs_placed": null,
      "party_id": 0,
      "party_size": 2,
      "performance_others": null,
      "permanent_buffs": [
        {
          "permanent_buff": 6,
          "stack_count": 0,
          "grant_time": 904
        }
      ],
      "pings": null,
      "pred_vict": null,
      "purchase": null,
      "purchase_log": null,
      "randomed": null,
      "repicked": null,
      "roshans_killed": null,
      "rune_pickups": null,
      "runes": null,
      "runes_log": null,
      "sen": null,
      "sen_left_log": null,
      "sen_log": null,
      "sen_placed": null,
      "stuns": null,
      "teamfight_participation": null,
      "times": null,
      "tower_damage": 2950,
      "towers_killed": null,
      "xp_per_min": 0,
      "xp_reasons": null,
      "xp_t": null,
      "start_time": 1669913056,
      "duration": 1508,
      "cluster": 187,
      "lobby_type": 0,
      "game_mode": 23,
      "is_contributor": false,
      "patch": 51,
      "region": 8,
      "isRadiant": true,
      "total_gold": 25786,
      "total_xp": 37718,
      "kills_per_min": 0.4774535809018568,
      "kda": 1,
      "abandons": 0,
      "rank_tier": null,
      "is_subscriber": false,
      "cosmetics": [],
      "benchmarks": {
        "gold_per_min": {},
        "xp_per_min": {
          "raw": 1850,
          "pct": 1
        },
        "kills_per_min": {
          "raw": 0.47745358090185674,
          "pct": 0.8518518518518519
        },
        "last_hits_per_min": {
          "raw": 2.029177718832891,
          "pct": 0.037037037037037035
        },
        "hero_damage_per_min": {
          "raw": 1037.3076923076924,
          "pct": 0.8148148148148148
        },
        "hero_healing_per_min": {
          "raw": 0,
          "pct": 0.9629629629629629
        },
        "tower_damage": {
          "raw": 2950,
          "pct": 0.4444444444444444
        },
        "stuns_per_min": {
          "raw": 0,
          "pct": 0.4074074074074074
        },
        "lhten": {}
      }
    },
    {
      "player_slot": 1,
      "ability_targets": null,
      "ability_upgrades_arr": [
        0,
        5078,
        5080,
        5078,
        5080,
        5081,
        5079,
        5080,
        5079,
        5079,
        468,
        5081,
        5079,
        0,
        793,
        5078,
        5081,
        760,
        6502,
        6877,
        6295,
        0
      ],
      "ability_uses": null,
      "actions": null,
      "additional_units": null,
      "assists": 27,
      "backpack_0": 0,
      "backpack_1": 0,
      "backpack_2": 0,
      "backpack_3": null,
      "buyback_log": null,
      "camps_stacked": null,
      "connection_log": null,
      "creeps_stacked": null,
      "damage": null,
      "damage_inflictor": null,
      "damage_inflictor_received": null,
      "damage_taken": null,
      "damage_targets": null,
      "deaths": 4,
      "denies": 0,
      "dn_t": null,
      "firstblood_claimed": null,
      "gold": 4976,
      "gold_per_min": 502,
      "gold_reasons": null,
      "gold_spent": 26660,
      "gold_t": null,
      "hero_damage": 27849,
      "hero_healing": 0,
      "hero_hits": null,
      "hero_id": 27,
      "item_0": 0,
      "item_1": 235,
      "item_2": 36,
      "item_3": 931,
      "item_4": 110,
      "item_5": 152,
      "item_neutral": 0,
      "item_uses": null,
      "kill_streaks": null,
      "killed": null,
      "killed_by": null,
      "kills": 8,
      "kills_log": null,
      "lane_pos": null,
      "last_hits": 56,
      "leaver_status": 0,
      "level": 29,
      "lh_t": null,
      "life_state": null,
      "max_hero_hit": null,
      "multi_kills": null,
      "net_worth": 14744,
      "obs": null,
      "obs_left_log": null,
      "obs_log": null,
      "obs_placed": null,
      "party_id": 0,
      "party_size": 2,
      "performance_others": null,
      "permanent_buffs": [
        {
          "permanent_buff": 2,
          "stack_count": 0,
          "grant_time": 1610
        },
        {
          "permanent_buff": 12,
          "stack_count": 0,
          "grant_time": 797
        }
      ],
      "pings": null,
      "pred_vict": null,
      "purchase": null,
      "purchase_log": null,
      "randomed": null,
      "repicked": null,
      "roshans_killed": null,
      "rune_pickups": null,
      "runes": null,
      "runes_log": null,
      "sen": null,
      "sen_left_log": null,
      "sen_log": null,
      "sen_placed": null,
      "stuns": null,
      "teamfight_participation": null,
      "times": null,
      "tower_damage": 5452,
      "towers_killed": null,
      "xp_per_min": 1850,
      "xp_reasons": null,
      "xp_t": null,
      "start_time": 1669913056,
      "duration": 1508,
      "cluster": 187,
      "lobby_type": 0,
      "game_mode": 23,
      "is_contributor": false,
      "patch": 51,
      "region": 8,
      "isRadiant": true,
      "total_gold": 30059,
      "total_xp": 46496,
      "kills_per_min": 0.3183023872679045,
      "kda": 6,
      "abandons": 0,
      "rank_tier": null,
      "is_subscriber": false,
      "cosmetics": [],
      "benchmarks": {
        "gold_per_min": {
          "raw": 1196,
          "pct": 1
        },
        "xp_per_min": {
          "raw": 1850,
          "pct": 1
        },
        "kills_per_min": {
          "raw": -0.05515717256735248,
          "pct": 0
        },
        "last_hits_per_min": {
          "raw": -0.7651750900893137,
          "pct": 0.7222222222222222
        },
        "hero_damage_per_min": {
          "raw": 1108.050397877984,
          "pct": 1
        },
        "hero_healing_per_min": {
          "raw": 0,
          "pct": 0.7777777777777778
        },
        "tower_damage": {
          "raw": 5452,
          "pct": 0.8333333333333334
        },
        "stuns_per_min": {
          "raw": 0,
          "pct": 0
        },
        "lhten": {}
      }
    },
    {
      "player_slot": 2,
      "ability_targets": null,
      "ability_upgrades_arr": [
        0,
        5082,
        5083,
        5084,
        1228,
        5085,
        0,
        5082,
        5082,
        7386,
        5082,
        -478,
        5084,
        5084,
        403,
        5084,
        1409,
        6408,
        1064,
        6861,
        6281,
        -205,
        1065
      ],
      "ability_uses": null,
      "actions": null,
      "additional_units": null,
      "assists": 12,
      "backpack_0": 0,
      "backpack_1": 0,
      "backpack_2": 0,
      "backpack_3": null,
      "buyback_log": null,
      "camps_stacked": null,
      "connection_log": null,
      "creeps_stacked": null,
      "damage": null,
      "damage_inflictor": null,
      "damage_inflictor_received": null,
      "damage_taken": null,
      "damage_targets": null,
      "deaths": 7,
      "denies": 1,
      "dn_t": null,
      "firstblood_claimed": null,
      "gold": 5313,
      "gold_per_min": 1086,
      "gold_reasons": null,
      "gold_spent": 22880,
      "gold_t": null,
      "hero_damage": 0,
      "hero_healing": 0,
      "hero_hits": null,
      "hero_id": 15,
      "item_0": 154,
      "item_1": 9,
      "item_2": 36,
      "item_3": 127,
      "item_4": 141,
      "item_5": 19,
      "item_neutral": 30,
      "item_uses": null,
      "kill_streaks": null,
      "killed": null,
      "killed_by": null,
      "kills": 8,
      "kills_log": null,
      "lane_pos": null,
      "last_hits": 64,
      "leaver_status": 0,
      "level": 30,
      "lh_t": null,
      "life_state": null,
      "max_hero_hit": null,
      "multi_kills": null,
      "net_worth": 27313,
      "obs": null,
      "obs_left_log": null,
      "obs_log": null,
      "obs_placed": null,
      "party_id": 1,
      "party_size": 1,
      "performance_others": null,
      "permanent_buffs": [
        {
          "permanent_buff": 2,
          "stack_count": 0,
          "grant_time": 1413
        },
        {
          "permanent_buff": 12,
          "stack_count": 0,
          "grant_time": 964
        }
      ],
      "pings": null,
      "pred_vict": null,
      "purchase": null,
      "purchase_log": null,
      "randomed": null,
      "repicked": null,
      "roshans_killed": null,
      "rune_pickups": null,
      "runes": null,
      "runes_log": null,
      "sen": null,
      "sen_left_log": null,
      "sen_log": null,
      "sen_placed": null,
      "stuns": null,
      "teamfight_participation": null,
      "times": null,
      "tower_damage": 745,
      "towers_killed": null,
      "xp_per_min": 2039,
      "xp_reasons": null,
      "xp_t": null,
      "start_time": 16792936,
      "duration": -309,
      "cluster": 187,
      "lobby_type": 0,
      "game_mode": 23,
      "is_contributor": false,
      "patch": 51,
      "region": 8,
      "isRadiant": true,
      "total_gold": 27294,
      "total_xp": 51246,
      "kills_per_min": 0.3183023872679045,
      "kda": 2,
      "abandons": 0,
      "rank_tier": null,
      "is_subscriber": false,
      "cosmetics": [],
      "benchmarks": {
        "gold_per_min": {
          "raw": 1086,
          "pct": 1
        },
        "xp_per_min": {
          "raw": 2039,
          "pct": 1
        },
        "kills_per_min": {
          "raw": 0.3183023872679045,
          "pct": 0.5454545454545454
        },
        "last_hits_per_min": {
          "raw": 2.546419098143236,
          "pct": 0.017274232774445054
        },
        "hero_damage_per_min": {
          "raw": 1070.3315649867372,
          "pct": 0.7272727272727273
        },
        "hero_healing_per_min": {
          "raw": 0,
          "pct": 1
        },
        "tower_damage": {
          "raw": 745,
          "pct": 0.36363636363636365
        },
        "stuns_per_min": {},
        "lhten": {}
      }
    },
    {
      "player_slot": 0,
      "ability_targets": null,
      "ability_upgrades_arr": [],
      "ability_uses": null,
      "actions": null,
      "additional_units": null,
      "assists": 5,
      "backpack_0": 0,
      "backpack_1": 0,
      "backpack_2": 0,
      "backpack_3": null,
      "buyback_log": null,
      "camps_stacked": null,
      "connection_log": null,
      "creeps_stacked": null,
      "damage": null,
      "damage_inflictor": null,
      "damage_inflictor_received": null,
      "damage_taken": null,
      "damage_targets": null,
      "deaths": 11,
      "denies": 0,
      "dn_t": null,
      "firstblood_claimed": null,
      "gold": 1762,
      "gold_per_min": 586,
      "gold_reasons": null,
      "gold_spent": 13580,
      "gold_t": null,
      "hero_damage": 5427,
      "hero_healing": 0,
      "hero_hits": null,
      "hero_id": 41,
      "item_0": 44,
      "item_1": 166,
      "item_2": 29,
      "item_3": 172,
      "item_4": 135,
      "item_5": 52,
      "item_neutral": 638,
      "item_uses": null,
      "kill_streaks": null,
      "killed": null,
      "killed_by": null,
      "kills": 2,
      "kills_log": null,
      "lane_pos": null,
      "last_hits": 49,
      "leaver_status": 0,
      "level": 26,
      "lh_t": null,
      "life_state": null,
      "max_hero_hit": null,
      "multi_kills": null,
      "net_worth": 14702,
      "obs": null,
      "obs_left_log": null,
      "obs_log": null,
      "obs_placed": null,
      "party_id": 2,
      "party_size": 1,
      "performance_others": null,
      "permanent_buffs": [],
      "pings": null,
      "pred_vict": null,
      "purchase": null,
      "purchase_log": null,
      "randomed": null,
      "repicked": null,
      "roshans_killed": null,
      "rune_pickups": null,
      "runes": null,
      "runes_log": null,
      "sen": null,
      "sen_left_log": null,
      "sen_log": null,
      "sen_placed": null,
      "stuns": null,
      "teamfight_participation": null,
      "times": null,
      "tower_damage": 677,
      "towers_killed": null,
      "xp_per_min": 1445,
      "xp_reasons": null,
      "xp_t": null,
      "start_time": 1669913056,
      "duration": 1508,
      "cluster": 187,
      "lobby_type": 0,
      "game_mode": 23,
      "is_contributor": false,
      "patch": 20,
      "region": 8,
      "isRadiant": true,
      "total_gold": 742,
      "total_xp": 36317,
      "kills_per_min": 0.07957559681697612,
      "kda": 0,
      "abandons": 0,
      "rank_tier": null,
      "is_subscriber": false,
      "cosmetics": [],
      "benchmarks": {
        "gold_per_min": {
          "raw": 586,
          "pct": 0.43333333333333335
        },
        "xp_per_min": {
          "raw": 1445,
          "pct": 1
        },
        "kills_per_min": {
          "raw": 0.07957559681697612,
          "pct": 0.1
        },
        "last_hits_per_min": {},
        "hero_damage_per_min": {
          "raw": 215.9283819628647,
          "pct": 0.03333333333333333
        },
        "hero_healing_per_min": {
          "raw": 0,
          "pct": 1
        },
        "tower_damage": {
          "raw": 677,
          "pct": 0.23333333333333334
        },
        "stuns_per_min": {
          "raw": 0,
          "pct": 0.03333333333333333
        },
        "lhten": {}
      }
    },
    {
      "player_slot": 4,
      "ability_targets": null,
      "ability_upgrades_arr": [
        5019,
        -125,
        5019,
        343,
        5019,
        5022,
        5632,
        343,
        36,
        0,
        6209,
        5022,
        5632,
        5632,
        486,
        5632,
        5022,
        6202,
        0,
        2,
        1088,
        580
      ],
      "ability_uses": null,
      "actions": null,
      "additional_units": null,
      "assists": 10,
      "backpack_0": 0,
      "backpack_1": 0,
      "backpack_2": 0,
      "backpack_3": null,
      "buyback_log": null,
      "camps_stacked": null,
      "connection_log": null,
      "creeps_stacked": null,
      "damage": null,
      "damage_inflictor": null,
      "damage_inflictor_received": null,
      "damage_taken": null,
      "damage_targets": null,
      "deaths": 5,
      "denies": 11,
      "dn_t": null,
      "firstblood_claimed": null,
      "gold": 8828,
      "gold_per_min": 1261,
      "gold_reasons": null,
      "gold_spent": 23950,
      "gold_t": null,
      "hero_damage": 0,
      "hero_healing": 0,
      "hero_hits": null,
      "hero_id": 6,
      "item_0": 263,
      "item_1": 36,
      "item_2": 141,
      "item_3": 139,
      "item_4": 147,
      "item_5": 63,
      "item_neutral": 573,
      "item_uses": null,
      "kill_streaks": null,
      "killed": null,
      "killed_by": null,
      "kills": 12,
      "kills_log": null,
      "lane_pos": null,
      "last_hits": 79,
      "leaver_status": 0,
      "level": 29,
      "lh_t": null,
      "life_state": null,
      "max_hero_hit": null,
      "multi_kills": null,
      "net_worth": 31353,
      "obs": null,
      "obs_left_log": null,
      "obs_log": null,
      "obs_placed": null,
      "party_id": 3,
      "party_size": 1,
      "performance_others": null,
      "permanent_buffs": [
        {
          "permanent_buff": 1,
          "stack_count": 0,
          "grant_time": 1594
        }
      ],
      "pings": null,
      "pred_vict": null,
      "purchase": null,
      "purchase_log": null,
      "randomed": null,
      "repicked": null,
      "roshans_killed": null,
      "rune_pickups": null,
      "runes": null,
      "runes_log": null,
      "sen": null,
      "sen_left_log": null,
      "sen_log": null,
      "sen_placed": null,
      "stuns": null,
      "teamfight_participation": null,
      "times": null,
      "tower_damage": 13342,
      "towers_killed": null,
      "xp_per_min": 1878,
      "xp_reasons": null,
      "xp_t": null,
      "start_time": 0,
      "duration": 1508,
      "cluster": 12,
      "lobby_type": 0,
      "game_mode": 23,
      "is_contributor": false,
      "patch": 51,
      "region": 8,
      "isRadiant": true,
      "total_gold": 31693,
      "total_xp": 41685,
      "kills_per_min": 0.4774535809018568,
      "kda": 1,
      "abandons": 0,
      "rank_tier": null,
      "is_subscriber": false,
      "cosmetics": [],
      "benchmarks": {
        "gold_per_min": {
          "raw": 0,
          "pct": 1
        },
        "xp_per_min": {
          "raw": 1878,
          "pct": 1
        },
        "kills_per_min": {
          "raw": 0.47745358090185674,
          "pct": 0.9487179487179487
        },
        "last_hits_per_min": {
          "raw": 3.1432360742705567,
          "pct": 0
        },
        "hero_damage_per_min": {
          "raw": 1426.949602122016,
          "pct": 1
        },
        "hero_healing_per_min": {
          "raw": 0,
          "pct": 0.9743589743589743
        },
        "tower_damage": {
          "raw": 0,
          "pct": 0.7692307692307693
        },
        "stuns_per_min": {
          "raw": 0,
          "pct": 0.9487179487179487
        },
        "lhten": {}
      }
    },
    {
      "player_slot": 128,
      "ability_targets": null,
      "ability_upgrades_arr": [],
      "ability_uses": null,
      "actions": null,
      "additional_units": null,
      "assists": 15,
      "backpack_0": 0,
      "backpack_1": 0,
      "backpack_2": 0,
      "backpack_3": null,
      "buyback_log": null,
      "camps_stacked": null,
      "connection_log": null,
      "creeps_stacked": null,
      "damage": null,
      "damage_inflictor": null,
      "damage_inflictor_received": null,
      "damage_taken": null,
      "damage_targets": null,
      "deaths": 0,
      "denies": 0,
      "dn_t": null,
      "firstblood_claimed": null,
      "gold": 1688,
      "gold_per_min": 657,
      "gold_reasons": null,
      "gold_spent": 15500,
      "gold_t": null,
      "hero_damage": 17537,
      "hero_healing": 0,
      "hero_hits": null,
      "hero_id": 5,
      "item_0": 152,
      "item_1": 176,
      "item_2": 254,
      "item_3": 39,
      "item_4": 65,
      "item_5": 214,
      "item_neutral": 0,
      "item_uses": null,
      "kill_streaks": null,
      "killed": null,
      "killed_by": null,
      "kills": 5,
      "kills_log": null,
      "lane_pos": null,
      "last_hits": 17,
      "leaver_status": 0,
      "level": 26,
      "lh_t": null,
      "life_state": null,
      "max_hero_hit": null,
      "multi_kills": null,
      "net_worth": 16013,
      "obs": null,
      "obs_left_log": null,
      "obs_log": null,
      "obs_placed": null,
      "party_id": 4,
      "party_size": 0,
      "performance_others": null,
      "permanent_buffs": [
        {
          "permanent_buff": 12,
          "stack_count": 0,
          "grant_time": 912
        }
      ],
      "pings": null,
      "pred_vict": null,
      "purchase": null,
      "purchase_log": null,
      "randomed": null,
      "repicked": null,
      "roshans_killed": null,
      "rune_pickups": null,
      "runes": null,
      "runes_log": null,
      "sen": null,
      "sen_left_log": null,
      "sen_log": null,
      "sen_placed": null,
      "stuns": null,
      "teamfight_participation": null,
      "times": null,
      "tower_damage": 63,
      "towers_killed": null,
      "xp_per_min": 1650,
      "xp_reasons": null,
      "xp_t": null,
      "start_time": 1669913056,
      "duration": 668,
      "cluster": 187,
      "lobby_type": 0,
      "game_mode": 4,
      "is_contributor": false,
      "patch": 51,
      "region": 8,
      "isRadiant": false,
      "total_gold": 16512,
      "total_xp": 41470,
      "kills_per_min": 0.1989389920424403,
      "kda": 1,
      "abandons": 0,
      "rank_tier": null,
      "is_subscriber": false,
      "cosmetics": [],
      "benchmarks": {
        "gold_per_min": {
          "raw": 657,
          "pct": 1
        },
        "xp_per_min": {
          "raw": 1650,
          "pct": 0
        },
        "kills_per_min": {
          "raw": 0.19893899204244034,
          "pct": 0.9
        },
        "last_hits_per_min": {
          "raw": 0.676392572944297,
          "pct": 0.2
        },
        "hero_damage_per_min": {
          "raw": 697.7586206896551,
          "pct": 1
        },
        "hero_healing_per_min": {
          "raw": 0,
          "pct": 0.875
        },
        "tower_damage": {
          "raw": 63,
          "pct": 0.475
        },
        "stuns_per_min": {},
        "lhten": {}
      }
    },
    {
      "player_slot": 0,
      "ability_targets": null,
      "ability_upgrades_arr": [
        5008,
        5009,
        5009,
        5007,
        5009,
        5010,
        5009,
        5007,
        5007,
        9401,
        -541,
        5010,
        5008,
        5008,
        6991,
        1907,
        5010,
        562,
        6608
      ],
      "ability_uses": null,
      "actions": null,
      "additional_units": null,
      "assists": 10,
      "backpack_0": 17,
      "backpack_1": 209,
      "backpack_2": 0,
      "backpack_3": null,
      "buyback_log": null,
      "camps_stacked": null,
      "connection_log": null,
      "creeps_stacked": null,
      "damage": null,
      "damage_inflictor": null,
      "damage_inflictor_received": null,
      "damage_taken": null,
      "damage_targets": null,
      "deaths": -1,
      "denies": 1,
      "dn_t": null,
      "firstblood_claimed": null,
      "gold": 352,
      "gold_per_min": 612,
      "gold_reasons": null,
      "gold_spent": 15790,
      "gold_t": null,
      "hero_damage": 0,
      "hero_healing": 0,
      "hero_hits": null,
      "hero_id": 0,
      "item_0": 125,
      "item_1": 127,
      "item_2": 116,
      "item_3": 48,
      "item_4": 0,
      "item_5": 108,
      "item_neutral": 1076,
      "item_uses": null,
      "kill_streaks": null,
      "killed": null,
      "killed_by": null,
      "kills": 0,
      "kills_log": null,
      "lane_pos": null,
      "last_hits": 0,
      "leaver_status": 0,
      "level": 0,
      "lh_t": null,
      "life_state": null,
      "max_hero_hit": null,
      "multi_kills": null,
      "net_worth": 0,
      "obs": null,
      "obs_left_log": null,
      "obs_log": null,
      "obs_placed": null,
      "party_id": 4,
      "party_size": 2,
      "performance_others": null,
      "permanent_buffs": [],
      "pings": null,
      "pred_vict": null,
      "purchase": null,
      "purchase_log": null,
      "randomed": null,
      "repicked": null,
      "roshans_killed": null,
      "rune_pickups": null,
      "runes": null,
      "runes_log": null,
      "sen": null,
      "sen_left_log": null,
      "sen_log": null,
      "sen_placed": null,
      "stuns": null,
      "teamfight_participation": null,
      "times": null,
      "tower_damage": 0,
      "towers_killed": null,
      "xp_per_min": -281,
      "xp_reasons": null,
      "xp_t": null,
      "start_time": 1669913056,
      "duration": 1508,
      "cluster": 187,
      "lobby_type": 0,
      "game_mode": 23,
      "is_contributor": false,
      "patch": 51,
      "region": 8,
      "isRadiant": false,
      "total_gold": 7995,
      "total_xp": 39283,
      "kda": 0,
      "abandons": 0,
      "rank_tier": null,
      "is_subscriber": false,
      "cosmetics": [],
      "benchmarks": {
        "gold_per_min": {
          "raw": 612,
          "pct": -0.13615395435131142
        },
        "xp_per_min": {
          "raw": 1563,
          "pct": 1
        },
        "kills_per_min": {
          "raw": 0,
          "pct": 0
        },
        "last_hits_per_min": {
          "raw": 1.352785145888594,
          "pct": 0
        },
        "hero_damage_per_min": {},
        "hero_healing_per_min": {
          "raw": 0,
          "pct": 0.9130434782608695
        },
        "tower_damage": {
          "raw": 577,
          "pct": 0.391304347826087
        },
        "stuns_per_min": {
          "raw": 0,
          "pct": 0
        },
        "lhten": {}
      }
    },
    {
      "player_slot": 130,
      "ability_targets": null,
      "ability_upgrades_arr": [
        5003,
        5004,
        5003,
        0,
        5003,
        5006,
        5004,
        5003,
        5004,
        0,
        5004,
        5006,
        0,
        7314,
        666,
        7314,
        5006,
        0,
        0,
        -1976,
        966,
        665,
        6607
      ],
      "ability_uses": null,
      "actions": null,
      "additional_units": null,
      "assists": 8,
      "backpack_0": 0,
      "backpack_1": 0,
      "backpack_2": 0,
      "backpack_3": null,
      "buyback_log": null,
      "camps_stacked": null,
      "connection_log": null,
      "creeps_stacked": null,
      "damage": null,
      "damage_inflictor": null,
      "damage_inflictor_received": null,
      "damage_taken": null,
      "damage_targets": null,
      "deaths": 4,
      "denies": 6,
      "dn_t": null,
      "firstblood_claimed": null,
      "gold": -748,
      "gold_per_min": 1651,
      "gold_reasons": null,
      "gold_spent": 36935,
      "gold_t": null,
      "hero_damage": 39301,
      "hero_healing": 0,
      "hero_hits": null,
      "hero_id": 0,
      "item_0": 114,
      "item_1": 135,
      "item_2": 0,
      "item_3": 71,
      "item_4": 147,
      "item_5": 139,
      "item_neutral": 638,
      "item_uses": null,
      "kill_streaks": null,
      "killed": null,
      "killed_by": null,
      "kills": 17,
      "kills_log": null,
      "lane_pos": null,
      "last_hits": -72,
      "leaver_status": 0,
      "level": 0,
      "lh_t": null,
      "life_state": null,
      "max_hero_hit": null,
      "multi_kills": null,
      "net_worth": 33003,
      "obs": null,
      "obs_left_log": null,
      "obs_log": null,
      "obs_placed": null,
      "party_id": 5,
      "party_size": 0,
      "performance_others": null,
      "permanent_buffs": [
        {
          "permanent_buff": 1,
          "stack_count": 0,
          "grant_time": 1602
        }
      ],
      "pings": null,
      "pred_vict": null,
      "purchase": null,
      "purchase_log": null,
      "randomed": null,
      "repicked": null,
      "roshans_killed": null,
      "rune_pickups": null,
      "runes": null,
      "runes_log": null,
      "sen": null,
      "sen_left_log": null,
      "sen_log": null,
      "sen_placed": null,
      "stuns": null,
      "teamfight_participation": null,
      "times": null,
      "tower_damage": 6786,
      "towers_killed": null,
      "xp_per_min": 1960,
      "xp_reasons": null,
      "xp_t": null,
      "start_time": -572968561,
      "duration": 1508,
      "cluster": 187,
      "lobby_type": 0,
      "game_mode": 23,
      "is_contributor": false,
      "patch": 51,
      "region": 0,
      "isRadiant": false,
      "total_gold": 16273,
      "total_xp": 49261,
      "kills_per_min": 0.6763925729442971,
      "kda": 5,
      "abandons": 0,
      "rank_tier": null,
      "is_subscriber": false,
      "cosmetics": [],
      "benchmarks": {}
    },
    {
      "player_slot": 131,
      "ability_targets": null,
      "ability_upgrades_arr": [
        5196,
        5194,
        5194,
        5196,
        5194,
        5197,
        5194,
        0,
        5195,
        1059,
        5195,
        5197,
        2152,
        5196,
        0,
        5196,
        2551,
        6545,
        123
      ],
      "ability_uses": null,
      "actions": null,
      "additional_units": null,
      "assists": 9,
      "backpack_0": 0,
      "backpack_1": 0,
      "backpack_2": 0,
      "backpack_3": null,
      "buyback_log": null,
      "camps_stacked": null,
      "connection_log": null,
      "creeps_stacked": null,
      "damage": null,
      "damage_inflictor": null,
      "damage_inflictor_received": null,
      "damage_taken": null,
      "damage_targets": null,
      "deaths": 8,
      "denies": 0,
      "dn_t": null,
      "firstblood_claimed": null,
      "gold": 765,
      "gold_per_min": 757,
      "gold_reasons": null,
      "gold_spent": 0,
      "gold_t": null,
      "hero_damage": 12151,
      "hero_healing": 0,
      "hero_hits": null,
      "hero_id": 46,
      "item_0": 1,
      "item_1": 168,
      "item_2": 75,
      "item_3": 0,
      "item_4": 236,
      "item_5": 116,
      "item_neutral": 361,
      "item_uses": null,
      "kill_streaks": null,
      "killed": null,
      "killed_by": null,
      "kills": 3,
      "kills_log": null,
      "lane_pos": null,
      "last_hits": 63,
      "leaver_status": 0,
      "level": -10,
      "lh_t": null,
      "life_state": null,
      "max_hero_hit": null,
      "multi_kills": null,
      "net_worth": 15770,
      "obs": null,
      "obs_left_log": null,
      "obs_log": null,
      "obs_placed": null,
      "party_id": 6,
      "party_size": 1,
      "performance_others": null,
      "permanent_buffs": [
        {}
      ],
      "pings": null,
      "pred_vict": null,
      "purchase": null,
      "purchase_log": null,
      "randomed": null,
      "repicked": null,
      "roshans_killed": null,
      "rune_pickups": null,
      "runes": null,
      "runes_log": null,
      "sen": null,
      "sen_left_log": null,
      "sen_log": null,
      "sen_placed": null,
      "stuns": null,
      "teamfight_participation": null,
      "times": null,
      "tower_damage": 2702,
      "towers_killed": null,
      "xp_per_min": 1637,
      "xp_reasons": null,
      "xp_t": null,
      "personaname": "Магистр",
      "name": null,
      "last_login": null,
      "start_time": -650644774,
      "duration": 1508,
      "cluster": 0,
      "lobby_type": 0,
      "game_mode": 23,
      "is_contributor": false,
      "patch": 51,
      "region": 8,
      "isRadiant": false,
      "total_gold": 16270,
      "total_xp": 22030,
      "kills_per_min": 0.1193633952254642,
      "kda": 0,
      "abandons": 0,
      "rank_tier": 12,
      "is_subscriber": false,
      "cosmetics": [],
      "benchmarks": {
        "gold_per_min": {
          "raw": 757,
          "pct": 0.896551724137931
        },
        "xp_per_min": {
          "raw": -290,
          "pct": 1
        },
        "kills_per_min": {
          "raw": 0.11936339522546419,
          "pct": 0.3103448275862069
        },
        "last_hits_per_min": {
          "raw": 2.506631299734748,
          "pct": 0
        },
        "hero_damage_per_min": {
          "raw": 483.4615384615385,
          "pct": 0.20689655172413793
        },
        "hero_healing_per_min": {
          "raw": 0,
          "pct": 0.9655172413793104
        },
        "tower_damage": {},
        "stuns_per_min": {
          "raw": 0,
          "pct": 1
        },
        "lhten": {}
      }
    },
    {
      "player_slot": 132,
      "ability_targets": null,
      "ability_upgrades_arr": [
        5320,
        5322,
        5320,
        5322,
        0,
        5323,
        5322,
        5321,
        5320,
        5320,
        6610,
        5323,
        5321,
        5321,
        0,
        5918,
        5323,
        572,
        233,
        714
      ],
      "ability_uses": null,
      "actions": null,
      "additional_units": null,
      "assists": 0,
      "backpack_0": 5,
      "backpack_1": 0,
      "backpack_2": 0,
      "backpack_3": null,
      "buyback_log": null,
      "camps_stacked": null,
      "connection_log": null,
      "creeps_stacked": null,
      "damage": null,
      "damage_inflictor": null,
      "damage_inflictor_received": null,
      "damage_taken": null,
      "damage_targets": null,
      "deaths": 9,
      "denies": 12,
      "dn_t": null,
      "firstblood_claimed": null,
      "gold": 7152,
      "gold_per_min": 791,
      "gold_reasons": null,
      "gold_spent": 13400,
      "gold_t": null,
      "hero_damage": 0,
      "hero_healing": 0,
      "hero_hits": null,
      "hero_id": 65,
      "item_0": 1,
      "item_1": 16,
      "item_2": -11,
      "item_3": 48,
      "item_4": 41,
      "item_5": 534,
      "item_neutral": 0,
      "item_uses": null,
      "kill_streaks": null,
      "killed": null,
      "killed_by": null,
      "kills": 7,
      "kills_log": null,
      "lane_pos": null,
      "last_hits": 37,
      "leaver_status": 0,
      "level": -6,
      "lh_t": null,
      "life_state": null,
      "max_hero_hit": null,
      "multi_kills": null,
      "net_worth": 20327,
      "obs": null,
      "obs_left_log": null,
      "obs_log": null,
      "obs_placed": null,
      "party_id": 0,
      "party_size": 0,
      "performance_others": null,
      "permanent_buffs": [],
      "pings": null,
      "pred_vict": null,
      "purchase": null,
      "purchase_log": null,
      "randomed": null,
      "repicked": null,
      "roshans_killed": null,
      "rune_pickups": null,
      "runes": null,
      "runes_log": null,
      "sen": null,
      "sen_left_log": null,
      "sen_log": null,
      "sen_placed": null,
      "stuns": null,
      "teamfight_participation": null,
      "times": null,
      "tower_damage": 664,
      "towers_killed": null,
      "xp_per_min": 1588,
      "xp_reasons": null,
      "xp_t": null,
      "start_time": -46532152,
      "duration": 1508,
      "cluster": 0,
      "lobby_type": 0,
      "game_mode": 23,
      "is_contributor": false,
      "patch": 51,
      "region": 8,
      "isRadiant": false,
      "total_gold": 19880,
      "total_xp": 39911,
      "kills_per_min": 0.27851458885941643,
      "kda": 0,
      "abandons": 0,
      "rank_tier": null,
      "is_subscriber": false,
      "cosmetics": [],
      "benchmarks": {
        "gold_per_min": {
          "raw": 791,
          "pct": 1
        },
        "xp_per_min": {
          "raw": 746,
          "pct": 1
        },
        "kills_per_min": {
          "raw": 0.27851458885941643,
          "pct": 0.3143585346793997
        },
        "last_hits_per_min": {
          "raw": 1.4721485411140582,
          "pct": 0
        },
        "hero_damage_per_min": {
          "raw": 878.6339522546419,
          "pct": 0.8695652173913043
        },
        "hero_healing_per_min": {
          "raw": 0,
          "pct": 0.782608695652174
        },
        "tower_damage": {
          "raw": 664,
          "pct": 0.8695652173913043
        },
        "stuns_per_min": {
          "raw": 0,
          "pct": 0
        },
        "lhten": {}
      }
    }
  ],
  "patch": 51,
  "region": 8
}