{
  "chat": null,
  "cluster": 153,
  "cosmetics": null,
  "dire_score": 43,
  "dire_team_id": null,
  "draft_timings": null,
  "duration": 2313,
  "engine": 1,
  "first_blood_time": 0,
  "game_mode": 0,
  "human_players": 10,
  "leagueid": 0,
  "lobby_type": 7,
  "match_seq_num": 5780349020,
  "negative_votes": 0,
  "objectives": null,
  "picks_bans": [
    {
      "is_pick": true,
      "hero_id": 14,
      "team": 0,
      "order": 0
    },
    {},
    {
      "is_pick": true,
      "hero_id": 1,
      "team": 1,
      "order": 0
    },
    {
      "is_pick": true,
      "hero_id": 37,
      "team": 1,
      "order": 3
    },
    {
      "is_pick": true,
      "hero_id": 27,
      "team": 0,
      "order": 4
    },
    {
      "is_pick": true,
      "hero_id": 74,
      "team": 0,
      "order": -1
    },
    {
      "is_pick": true,
      "hero_id": 0,
      "team": 1,
      "order": 6
    },
    {},
    {
      "is_pick": true,
      "hero_id": 73,
      "team": 0,
      "order": -1
    },
    {
      "is_pick": true,
      "hero_id": 1,
      "team": 1,
      "order": 9
    },
    {
      "is_pick": true,
      "hero_id": 41,
      "team": 0,
      "order": 10
    },
    {
      "is_pick": false,
      "hero_id": 35,
      "team": 0,
      "order": 11
    },
    {
      "is_pick": false,
      "hero_id": 44,
      "team": 0,
      "order": 12
    },
    {},
    {
      "is_pick": false,
      "hero_id": 75,
      "team": 0,
      "order": 0
    },
    {
      "is_pick": false,
      "hero_id": 0,
      "team": 0,
      "order": 4
    },
    {
      "is_pick": false,
      "hero_id": 26,
      "team": 1,
      "order": 16
    }
  ],
  "positive_votes": 0,
  "radiant_gold_adv": null,
  "radiant_score": 27,
  "radiant_team_id": null,
  "radiant_xp_adv": null,
  "skill": null,
  "start_time": 1669911564,
  "teamfights": null,
  "version": null,
  "replay_salt": 331852066,
  "series_id": 0,
  "series_type": 0,
  "players": [
    {
      "player_slot": 0,
      "ability_targets": null,
      "ability_upgrades_arr": [
        1679,
        5079,
        0,
        5080,
        5080,
        5081,
        5080,
        5079,
        -488,
        5079,
        5078,
        5081,
        5078,
        5078,
        468
      ],
      "ability_uses": null,
      "actions": null,
      "additional_units": null,
      "assists": 11,
      "backpack_0": 0,
      "backpack_1": 0,
      "backpack_2": 0,
      "backpack_3": null,
      "buyback_log": null,
      "camps_stacked": null,
      "connection_log": null,
      "creeps_stacked": null,
      "damage": null,
      "damage_inflictor": null,
      "damage_inflictor_received": null,
      "damage_taken": null,
      "damage_targets": null,
      "deaths": 11,
      "denies": 1,
      "dn_t": null,
      "firstblood_claimed": null,
      "gold": 349,
      "gold_per_min": 217,
      "gold_reasons": null,
      "gold_spent": 7895,
      "gold_t": null,
      "hero_damage": 9361,
      "hero_healing": 0,
      "hero_hits": null,
      "hero_id": 27,
      "item_0": 0,
      "item_1": 36,
      "item_2": 41,
      "item_3": 39,
      "item_4": 0,
      "item_5": 180,
      "item_neutral": 0,
      "item_uses": null,
      "kill_streaks": null,
      "killed": null,
      "killed_by": null,
      "kills": 4,
      "kills_log": null,
      "lane_pos": null,
      "last_hits": 22,
      "leaver_status": 0,
      "level": 15,
      "lh_t": null,
      "life_state": null,
      "max_hero_hit": null,
      "multi_kills": null,
      "net_worth": 6524,
      "obs": null,
      "obs_left_log": null,
      "obs_log": null,
      "obs_placed": null,
      "party_id": 0,
      "party_size": 3,
      "performance_others": null,
      "permanent_buffs": [
        {
          "permanent_buff": 6,
          "stack_count": 2,
          "grant_time": 995
        },
        {
          "permanent_buff": 0,
          "stack_count": 0,
          "grant_time": 1700
        }
      ],
      "pings": null,
      "pred_vict": null,
      "purchase": null,
      "purchase_log": null,
      "randomed": null,
      "repicked": null,
      "roshans_killed": null,
      "rune_pickups": null,
      "runes": null,
      "runes_log": null,
      "sen": null,
      "sen_left_log": null,
      "sen_log": null,
      "sen_placed": null,
      "stuns": null,
      "teamfight_participation": null,
      "times": null,
      "tower_damage": 67,
      "towers_killed": null,
      "xp_per_min": 360,
      "xp_reasons": null,
      "xp_t": null,
      "personaname": "Haerin Enjoyer",
      "name": null,
      "last_login": null,
      "start_time": 1669911564,
      "duration": 2313,
      "cluster": 153,
      "lobby_type": 7,
      "game_mode": 22,
      "is_contributor": false,
      "patch": 51,
      "region": 5,
      "isRadiant": true,
      "total_gold": 8365,
      "total_xp": 4969,
      "kills_per_min": 0.00546954714926649,
      "kda": 0,
      "abandons": 0,
      "rank_tier": 22,
      "is_subscriber": false,
      "cosmetics": [],
      "benchmarks": {}
    },
    {
      "player_slot": 1,
      "ability_targets": null,
      "ability_upgrades_arr": [
        5184,
        -2255,
        5182,
        5184,
        5184,
        5185,
        5184,
        5182,
        5182,
        5691,
        856,
        5185,
        5691,
        5691,
        7388,
        2043,
        5185,
        6128
      ],
      "ability_uses": null,
      "actions": null,
      "additional_units": null,
      "assists": 7,
      "backpack_0": 16,
      "backpack_1": 16,
      "backpack_2": 11,
      "backpack_3": null,
      "buyback_log": null,
      "camps_stacked": null,
      "connection_log": null,
      "creeps_stacked": null,
      "damage": null,
      "damage_inflictor": null,
      "damage_inflictor_received": null,
      "damage_taken": null,
      "damage_targets": null,
      "deaths": 10,
      "denies": 4,
      "dn_t": null,
      "firstblood_claimed": null,
      "gold": 922,
      "gold_per_min": 381,
      "gold_reasons": null,
      "gold_spent": 10700,
      "gold_t": null,
      "hero_damage": 17762,
      "hero_healing": 0,
      "hero_hits": null,
      "hero_id": 41,
      "item_0": 172,
      "item_1": 63,
      "item_2": 140,
      "item_3": 149,
      "item_4": 166,
      "item_5": 569,
      "item_neutral": 573,
      "item_uses": null,
      "kill_streaks": null,
      "killed": null,
      "killed_by": null,
      "kills": 6,
      "kills_log": null,
      "lane_pos": null,
      "last_hits": 177,
      "leaver_status": 0,
      "level": 20,
      "lh_t": null,
      "life_state": null,
      "max_hero_hit": null,
      "multi_kills": null,
      "net_worth": 11072,
      "obs": null,
      "obs_left_log": null,
      "obs_log": null,
      "obs_placed": null,
      "party_id": 0,
      "party_size": 0,
      "performance_others": null,
      "permanent_buffs": [],
      "pings": null,
      "pred_vict": null,
      "purchase": null,
      "purchase_log": null,
      "randomed": null,
      "repicked": null,
      "roshans_killed": null,
      "rune_pickups": null,
      "runes": null,
      "runes_log": null,
      "sen": null,
      "sen_left_log": null,
      "sen_log": null,
      "sen_placed": null,
      "stuns": null,
      "teamfight_participation": null,
      "times": null,
      "tower_damage": 597,
      "towers_killed": null,
      "xp_per_min": 585,
      "xp_reasons": null,
      "xp_t": null,
      "start_time": 424595862,
      "duration": 2313,
      "cluster": 153,
      "lobby_type": -1,
      "game_mode": 22,
      "is_contributor": false,
      "patch": 51,
      "region": -2,
      "isRadiant": true,
      "total_gold": 4241,
      "total_xp": 5380,
      "kills_per_min": 0.1556420233463035,
      "kda": 1,
      "abandons": 0,
      "rank_tier": null,
      "is_subscriber": false,
      "cosmetics": [],
      "benchmarks": {}
    },
    {
      "player_slot": 2,
      "ability_targets": null,
      "ability_upgrades_arr": [
        2181,
        5370,
        -1732,
        5371,
        5372,
        5370,
        5372,
        -638,
        5372,
        6099,
        5372,
        5371,
        5372,
        5371,
        7148,
        5370,
        5371,
        5370,
        5371,
        6811,
        5371
      ],
      "ability_uses": null,
      "actions": null,
      "additional_units": null,
      "assists": 10,
      "backpack_0": 38,
      "backpack_1": 0,
      "backpack_2": 0,
      "backpack_3": null,
      "buyback_log": null,
      "camps_stacked": null,
      "connection_log": null,
      "creeps_stacked": null,
      "damage": null,
      "damage_inflictor": null,
      "damage_inflictor_received": null,
      "damage_taken": null,
      "damage_targets": null,
      "deaths": 9,
      "denies": 17,
      "dn_t": null,
      "firstblood_claimed": null,
      "gold": 2793,
      "gold_per_min": 0,
      "gold_reasons": null,
      "gold_spent": -1320,
      "gold_t": null,
      "hero_damage": 21063,
      "hero_healing": 0,
      "hero_hits": null,
      "hero_id": -3,
      "item_0": 0,
      "item_1": 92,
      "item_2": -10,
      "item_3": 65,
      "item_4": 77,
      "item_5": 48,
      "item_neutral": 309,
      "item_uses": null,
      "kill_streaks": null,
      "killed": null,
      "killed_by": null,
      "kills": 10,
      "kills_log": null,
      "lane_pos": null,
      "last_hits": 98,
      "leaver_status": 0,
      "level": 21,
      "lh_t": null,
      "life_state": null,
      "max_hero_hit": null,
      "multi_kills": null,
      "net_worth": 11283,
      "obs": null,
      "obs_left_log": null,
      "obs_log": null,
      "obs_placed": null,
      "party_id": 0,
      "party_size": 3,
      "performance_others": null,
      "permanent_buffs": [
        {
          "permanent_buff": 12,
          "stack_count": 0,
          "grant_time": 1453
        }
      ],
      "pings": null,
      "pred_vict": null,
      "purchase": null,
      "purchase_log": null,
      "randomed": null,
      "repicked": null,
      "roshans_killed": null,
      "rune_pickups": null,
      "runes": null,
      "runes_log": null,
      "sen": null,
      "sen_left_log": null,
      "sen_log": null,
      "sen_placed": null,
      "stuns": null,
      "teamfight_participation": null,
      "times": null,
      "tower_damage": 221,
      "towers_killed": null,
      "xp_per_min": 667,
      "xp_reasons": null,
      "xp_t": null,
      "start_time": 1669911564,
      "duration": 2313,
      "cluster": 15,
      "lobby_type": 0,
      "game_mode": 22,
      "is_contributor": false,
      "patch": 51,
      "region": 5,
      "isRadiant": true,
      "total_gold": 15689,
      "total_xp": 25712,
      "kills_per_min": 0.2594033722438392,
      "kda": 2,
      "abandons": 0,
      "rank_tier": null,
      "is_subscriber": false,
      "cosmetics": [],
      "benchmarks": {
        "gold_per_min": {
          "raw": 407,
          "pct": -0.006630656946810228
        },
        "xp_per_min": {
          "raw": 667,
          "pct": -0.04877936405230483
        },
        "kills_per_min": {
          "raw": 0.2594033722438392,
          "pct": 0.9032258064516129
        },
        "last_hits_per_min": {
          "raw": 2.542153047989624,
          "pct": 0.0967741935483871
        },
        "hero_damage_per_min": {
          "raw": 546.3813229571984,
          "pct": 0.2903225806451613
        },
        "hero_healing_per_min": {},
        "tower_damage": {
          "raw": 221,
          "pct": 0.03225806451612903
        },
        "stuns_per_min": {
          "raw": 0,
          "pct": 0
        },
        "lhten": {}
      }
    },
    {
      "player_slot": 3,
      "ability_targets": null,
      "ability_upgrades_arr": [
        5028,
        2274,
        5029,
        5027,
        5027,
        1062,
        5029,
        5027,
        5028,
        -1683,
        5921,
        5030,
        5028,
        5029,
        628,
        5029
      ],
      "ability_uses": null,
      "actions": null,
      "additional_units": null,
      "assists": 2,
      "backpack_0": 0,
      "backpack_1": 0,
      "backpack_2": 0,
      "backpack_3": null,
      "buyback_log": null,
      "camps_stacked": null,
      "connection_log": null,
      "creeps_stacked": null,
      "damage": null,
      "damage_inflictor": null,
      "damage_inflictor_received": null,
      "damage_taken": null,
      "damage_targets": null,
      "deaths": 0,
      "denies": 3,
      "dn_t": null,
      "firstblood_claimed": null,
      "gold": 0,
      "gold_per_min": 298,
      "gold_reasons": null,
      "gold_spent": 10460,
      "gold_t": null,
      "hero_damage": 5255,
      "hero_healing": 2300,
      "hero_hits": null,
      "hero_id": 8,
      "item_0": 50,
      "item_1": 36,
      "item_2": 143,
      "item_3": -2,
      "item_4": 11,
      "item_5": 0,
      "item_neutral": 828,
      "item_uses": null,
      "kill_streaks": null,
      "killed": null,
      "killed_by": null,
      "kills": 3,
      "kills_log": null,
      "lane_pos": null,
      "last_hits": 95,
      "leaver_status": 0,
      "level": 16,
      "lh_t": null,
      "life_state": null,
      "max_hero_hit": null,
      "multi_kills": null,
      "net_worth": 9804,
      "obs": null,
      "obs_left_log": null,
      "obs_log": null,
      "obs_placed": null,
      "party_id": 1,
      "party_size": 1,
      "performance_others": null,
      "permanent_buffs": [],
      "pings": null,
      "pred_vict": null,
      "purchase": null,
      "purchase_log": null,
      "randomed": null,
      "repicked": null,
      "roshans_killed": null,
      "rune_pickups": null,
      "runes": null,
      "runes_log": null,
      "sen": null,
      "sen_left_log": null,
      "sen_log": null,
      "sen_placed": null,
      "stuns": null,
      "teamfight_participation": null,
      "times": null,
      "tower_damage": 0,
      "towers_killed": null,
      "xp_per_min": -158,
      "xp_reasons": null,
      "xp_t": null,
      "start_time": 0,
      "duration": 2313,
      "cluster": 153,
      "lobby_type": 7,
      "game_mode": -9,
      "is_contributor": false,
      "patch": 51,
      "region": 5,
      "isRadiant": true,
      "total_gold": 1200,
      "total_xp": 9421,
      "kills_per_min": 0.07782101167315175,
      "kda": 0,
      "abandons": 0,
      "rank_tier": null,
      "is_subscriber": false,
      "cosmetics": [],
      "benchmarks": {
        "gold_per_min": {
          "raw": -107,
          "pct": 0
        },
        "xp_per_min": {},
        "kills_per_min": {
          "raw": 0.07782101167315175,
          "pct": 0.06060606060606061
        },
        "last_hits_per_min": {
          "raw": 2.4643320363164722,
          "pct": 0
        },
        "hero_damage_per_min": {
          "raw": 136.31647211413747,
          "pct": 0
        },
        "hero_healing_per_min": {
          "raw": 59.66277561608301,
          "pct": 0.30303030303030304
        },
        "tower_damage": {},
        "stuns_per_min": {
          "raw": 0,
          "pct": 0.3333333333333333
        },
        "lhten": {}
      }
    },
    {
      "player_slot": 4,
      "ability_targets": null,
      "ability_upgrades_arr": [
        5368,
        0,
        5368,
        5365,
        5368,
        5369,
        5368,
        5365,
        5365,
        7144,
        5366,
        5369,
        5366,
        1002,
        5366,
        5369,
        6350
      ],
      "ability_uses": null,
      "actions": null,
      "additional_units": null,
      "assists": 3,
      "backpack_0": 0,
      "backpack_1": 0,
      "backpack_2": 0,
      "backpack_3": null,
      "buyback_log": null,
      "camps_stacked": null,
      "connection_log": null,
      "creeps_stacked": null,
      "damage": null,
      "damage_inflictor": null,
      "damage_inflictor_received": null,
      "damage_taken": null,
      "damage_targets": null,
      "deaths": 0,
      "denies": 0,
      "dn_t": null,
      "firstblood_claimed": null,
      "gold": 332,
      "gold_per_min": 532,
      "gold_reasons": null,
      "gold_spent": 20455,
      "gold_t": null,
      "hero_damage": 19001,
      "hero_healing": 0,
      "hero_hits": null,
      "hero_id": 73,
      "item_0": 114,
      "item_1": 137,
      "item_2": 154,
      "item_3": 48,
      "item_4": 36,
      "item_5": 178,
      "item_neutral": 949,
      "item_uses": null,
      "kill_streaks": null,
      "killed": null,
      "killed_by": null,
      "kills": 3,
      "kills_log": null,
      "lane_pos": null,
      "last_hits": 208,
      "leaver_status": 0,
      "level": 21,
      "lh_t": null,
      "life_state": null,
      "max_hero_hit": null,
      "multi_kills": null,
      "net_worth": 19687,
      "obs": null,
      "obs_left_log": null,
      "obs_log": null,
      "obs_placed": null,
      "party_id": 2,
      "party_size": 1,
      "performance_others": null,
      "permanent_buffs": [
        {
          "permanent_buff": 6,
          "stack_count": 0,
          "grant_time": 2210
        },
        {
          "permanent_buff": 12,
          "stack_count": 0,
          "grant_time": 2273
        }
      ],
      "pings": null,
      "pred_vict": null,
      "purchase": null,
      "purchase_log": null,
      "randomed": null,
      "repicked": null,
      "roshans_killed": null,
      "rune_pickups": null,
      "runes": null,
      "runes_log": null,
      "sen": null,
      "sen_left_log": null,
      "sen_log": null,
      "sen_placed": null,
      "stuns": null,
      "teamfight_participation": null,
      "times": null,
      "tower_damage": 454,
      "towers_killed": null,
      "xp_per_min": 612,
      "xp_reasons": null,
      "xp_t": null,
      "personaname": "I Don't Care",
      "name": null,
      "last_login": null,
      "start_time": 1669911564,
      "duration": 726,
      "cluster": 153,
      "lobby_type": 7,
      "game_mode": 22,
      "is_contributor": false,
      "patch": 51,
      "region": 5,
      "isRadiant": true,
      "total_gold": 20508,
      "total_xp": 16153,
      "kills_per_min": 0.07782101167315175,
      "kda": 1,
      "abandons": 0,
      "rank_tier": 0,
      "is_subscriber": false,
      "cosmetics": [],
      "benchmarks": {
        "gold_per_min": {
          "raw": 532,
          "pct": 0.25
        },
        "xp_per_min": {
          "raw": 0,
          "pct": 0.25
        },
        "kills_per_min": {
          "raw": 0.07782101167315175,
          "pct": 0.25
        },
        "last_hits_per_min": {
          "raw": -0.6490791459181201,
          "pct": 0.25
        },
        "hero_damage_per_min": {
          "raw": 492.89234760051875,
          "pct": 0.5
        },
        "hero_healing_per_min": {},
        "tower_damage": {
          "raw": 454,
          "pct": 0.15
        },
        "stuns_per_min": {
          "raw": 0,
          "pct": 0
        },
        "lhten": {}
      }
    },
    {
      "player_slot": 128,
      "ability_targets": null,
      "ability_upgrades_arr": [
        -1115,
        5162,
        5163,
        45,
        5163,
        5165,
        5163,
        5162,
        5162,
        6982,
        5164,
        5165,
        5164,
        5164,
        6412,
        5164,
        5165
      ],
      "ability_uses": null,
      "actions": null,
      "additional_units": null,
      "assists": 19,
      "backpack_0": 99,
      "backpack_1": 0,
      "backpack_2": 0,
      "backpack_3": null,
      "buyback_log": null,
      "camps_stacked": null,
      "connection_log": null,
      "creeps_stacked": null,
      "damage": null,
      "damage_inflictor": null,
      "damage_inflictor_received": null,
      "damage_taken": null,
      "damage_targets": null,
      "deaths": 12,
      "denies": 12,
      "dn_t": null,
      "firstblood_claimed": null,
      "gold": 2271,
      "gold_per_min": 444,
      "gold_reasons": null,
      "gold_spent": 13005,
      "gold_t": null,
      "hero_damage": 26667,
      "hero_healing": 15237,
      "hero_hits": null,
      "hero_id": 37,
      "item_0": 244,
      "item_1": 23,
      "item_2": 28,
      "item_3": 108,
      "item_4": 180,
      "item_5": 0,
      "item_neutral": 574,
      "item_uses": null,
      "kill_streaks": null,
      "killed": null,
      "killed_by": null,
      "kills": 6,
      "kills_log": null,
      "lane_pos": null,
      "last_hits": 112,
      "leaver_status": 0,
      "level": 22,
      "lh_t": null,
      "life_state": null,
      "max_hero_hit": null,
      "multi_kills": null,
      "net_worth": 0,
      "obs": null,
      "obs_left_log": null,
      "obs_log": null,
      "obs_placed": null,
      "party_id": 3,
      "party_size": 1,
      "performance_others": null,
      "permanent_buffs": [
        {
          "permanent_buff": 6,
          "stack_count": 1,
          "grant_time": 880
        },
        {
          "permanent_buff": 3,
          "stack_count": 0,
          "grant_time": 243
        }
      ],
      "pings": null,
      "pred_vict": null,
      "purchase": null,
      "purchase_log": null,
      "randomed": null,
      "repicked": null,
      "roshans_killed": null,
      "rune_pickups": null,
      "runes": null,
      "runes_log": null,
      "sen": null,
      "sen_left_log": null,
      "sen_log": null,
      "sen_placed": null,
      "stuns": null,
      "teamfight_participation": null,
      "times": null,
      "tower_damage": 2369,
      "towers_killed": null,
      "xp_per_min": 690,
      "xp_reasons": null,
      "xp_t": null,
      "start_time": -171520873,
      "duration": 2313,
      "cluster": 153,
      "lobby_type": 7,
      "game_mode": 22,
      "is_contributor": false,
      "patch": 51,
      "region": 5,
      "isRadiant": false,
      "total_gold": 16826,
      "total_xp": 26599,
      "kills_per_min": 0.1556420233463035,
      "kda": 0,
      "abandons": 0,
      "rank_tier": null,
      "is_subscriber": false,
      "cosmetics": [],
      "benchmarks": {
        "gold_per_min": {
          "raw": 444,
          "pct": 0.8823529411764706
        },
        "xp_per_min": {
          "raw": 690,
          "pct": 0.9411764705882353
        },
        "kills_per_min": {
          "raw": 0.1556420233463035,
          "pct": 0.9411764705882353
        },
        "last_hits_per_min": {
          "raw": 2.9053177691309986,
          "pct": 0.8235294117647058
        },
        "hero_damage_per_min": {
          "raw": 691.7509727626459,
          "pct": 0.7058823529411765
        },
        "hero_healing_per_min": {
          "raw": 106.80759313692808,
          "pct": 0.8823529411764706
        },
        "tower_damage": {
          "raw": 2369,
          "pct": 0.8235294117647058
        },
        "stuns_per_min": {
          "raw": 0,
          "pct": 0
        },
        "lhten": {}
      }
    },
    {
      "player_slot": 129,
      "ability_targets": null,
      "ability_upgrades_arr": [
        5131,
        5132,
        5130,
        5131,
        5131,
        5133,
        5131,
        5130,
        5130,
        5130,
        0,
        5133,
        5132,
        5132,
        0,
        5132,
        5133,
        7062
      ],
      "ability_uses": null,
      "actions": null,
      "additional_units": null,
      "assists": 19,
      "backpack_0": 0,
      "backpack_1": 0,
      "backpack_2": 0,
      "backpack_3": null,
      "buyback_log": null,
      "camps_stacked": null,
      "connection_log": null,
      "creeps_stacked": null,
      "damage": null,
      "damage_inflictor": null,
      "damage_inflictor_received": null,
      "damage_taken": null,
      "damage_targets": null,
      "deaths": 4,
      "denies": 12,
      "dn_t": null,
      "firstblood_claimed": null,
      "gold": 43,
      "gold_per_min": 360,
      "gold_reasons": null,
      "gold_spent": 14410,
      "gold_t": null,
      "hero_damage": 13853,
      "hero_healing": 0,
      "hero_hits": null,
      "hero_id": 21,
      "item_0": 0,
      "item_1": 250,
      "item_2": 36,
      "item_3": 1,
      "item_4": 218,
      "item_5": 0,
      "item_neutral": 288,
      "item_uses": null,
      "kill_streaks": null,
      "killed": null,
      "killed_by": null,
      "kills": 5,
      "kills_log": null,
      "lane_pos": null,
      "last_hits": 69,
      "leaver_status": 0,
      "level": 21,
      "lh_t": null,
      "life_state": null,
      "max_hero_hit": null,
      "multi_kills": null,
      "net_worth": 12185,
      "obs": null,
      "obs_left_log": null,
      "obs_log": null,
      "obs_placed": null,
      "party_id": 4,
      "party_size": 2,
      "performance_others": null,
      "permanent_buffs": [
        {
          "permanent_buff": 6,
          "stack_count": 1,
          "grant_time": 2124
        },
        {
          "permanent_buff": 12,
          "stack_count": 0,
          "grant_time": 1578
        }
      ],
      "pings": null,
      "pred_vict": null,
      "purchase": null,
      "purchase_log": null,
      "randomed": null,
      "repicked": null,
      "roshans_killed": null,
      "rune_pickups": null,
      "runes": null,
      "runes_log": null,
      "sen": null,
      "sen_left_log": null,
      "sen_log": null,
      "sen_placed": null,
      "stuns": null,
      "teamfight_participation": null,
      "times": null,
      "tower_damage": 1476,
      "towers_killed": null,
      "xp_per_min": 641,
      "xp_reasons": null,
      "xp_t": null,
      "personaname": "Chexter.",
      "name": null,
      "last_login": null,
      "start_time": 1669911564,
      "duration": -18,
      "cluster": 153,
      "lobby_type": 7,
      "game_mode": 22,
      "is_contributor": false,
      "patch": 0,
      "region": 5,
      "isRadiant": false,
      "total_gold": 13878,
      "total_xp": 24710,
      "kills_per_min": 0.1297016861219196,
      "kda": 2,
      "abandons": 0,
      "rank_tier": 0,
      "is_subscriber": false,
      "cosmetics": [],
      "benchmarks": {
        "gold_per_min": {
          "raw": 360,
          "pct": 0.175
        },
        "xp_per_min": {
          "raw": 641,
          "pct": 0.425
        },
        "kills_per_min": {
          "raw": 0.1297016861219196,
          "pct": 0.2
        },
        "last_hits_per_min": {
          "raw": 1.7898832684824904,
          "pct": 0.175
        },
        "hero_damage_per_min": {
          "raw": 359.3514915693904,
          "pct": 0.175
        },
        "hero_healing_per_min": {
          "raw": 0,
          "pct": 0.825
        },
        "tower_damage": {
          "raw": 0,
          "pct": 0.35
        },
        "stuns_per_min": {},
        "lhten": {}
      }
    },
    {
      "player_slot": 130,
      "ability_targets": null,
      "ability_upgrades_arr": [],
      "ability_uses": null,
      "actions": null,
      "additional_units": null,
      "assists": 12,
      "backpack_0": 0,
      "backpack_1": 41,
      "backpack_2": 0,
      "backpack_3": null,
      "buyback_log": null,
      "camps_stacked": null,
      "connection_log": null,
      "creeps_stacked": null,
      "damage": null,
      "damage_inflictor": null,
      "damage_inflictor_received": null,
      "damage_taken": null,
      "damage_targets": null,
      "deaths": 2,
      "denies": 24,
      "dn_t": null,
      "firstblood_claimed": null,
      "gold": 1433,
      "gold_per_min": 499,
      "gold_reasons": null,
      "gold_spent": 18400,
      "gold_t": null,
      "hero_damage": 25101,
      "hero_healing": 0,
      "hero_hits": null,
      "hero_id": 11,
      "item_0": 75,
      "item_1": 100,
      "item_2": 1,
      "item_3": 256,
      "item_4": 116,
      "item_5": 48,
      "item_neutral": 949,
      "item_uses": null,
      "kill_streaks": null,
      "killed": null,
      "killed_by": null,
      "kills": 9,
      "kills_log": null,
      "lane_pos": null,
      "last_hits": 170,
      "leaver_status": 0,
      "level": 24,
      "lh_t": null,
      "life_state": null,
      "max_hero_hit": null,
      "multi_kills": null,
      "net_worth": 17138,
      "obs": null,
      "obs_left_log": null,
      "obs_log": null,
      "obs_placed": null,
      "party_id": 4,
      "party_size": 2,
      "performance_others": null,
      "permanent_buffs": [
        {
          "permanent_buff": 6,
          "stack_count": 1,
          "grant_time": 1488
        }
      ],
      "pings": null,
      "pred_vict": null,
      "purchase": null,
      "purchase_log": null,
      "randomed": null,
      "repicked": null,
      "roshans_killed": null,
      "rune_pickups": null,
      "runes": null,
      "runes_log": null,
      "sen": null,
      "sen_left_log": null,
      "sen_log": null,
      "sen_placed": null,
      "stuns": null,
      "teamfight_participation": null,
      "times": null,
      "tower_damage": 3828,
      "towers_killed": null,
      "xp_per_min": 0,
      "xp_reasons": null,
      "xp_t": null,
      "personaname": "Oxy?",
      "name": null,
      "last_login": null,
      "start_time": 1669911564,
      "duration": 0,
      "cluster": 0,
      "lobby_type": 7,
      "game_mode": 1,
      "is_contributor": false,
      "patch": 51,
      "region": 5,
      "isRadiant": false,
      "total_gold": 19236,
      "total_xp": 13261,
      "kills_per_min": 0.23346303501945528,
      "kda": 1,
      "abandons": 0,
      "rank_tier": 33,
      "is_subscriber": false,
      "cosmetics": [],
      "benchmarks": {
        "gold_per_min": {
          "raw": 499,
          "pct": 0.28
        },
        "xp_per_min": {
          "raw": 844,
          "pct": 0.76
        },
        "kills_per_min": {
          "raw": 0.23346303501945526,
          "pct": 0.58
        },
        "last_hits_per_min": {
          "raw": 4.409857328145266,
          "pct": 0.04
        },
        "hero_damage_per_min": {
          "raw": 115.5165402008165,
          "pct": 0.48
        },
        "hero_healing_per_min": {
          "raw": 0,
          "pct": 0.88
        },
        "tower_damage": {
          "raw": 3828,
          "pct": 0.48
        },
        "stuns_per_min": {
          "raw": 0,
          "pct": 0.02
        },
        "lhten": {}
      }
    },
    {
      "player_slot": 131,
      "ability_targets": null,
      "ability_upgrades_arr": [],
      "ability_uses": null,
      "actions": null,
      "additional_units": null,
      "assists": 9,
      "backpack_0": 0,
      "backpack_1": 0,
      "backpack_2": 0,
      "backpack_3": null,
      "buyback_log": null,
      "camps_stacked": null,
      "connection_log": null,
      "creeps_stacked": null,
      "damage": null,
      "damage_inflictor": null,
      "damage_inflictor_received": null,
      "damage_taken": null,
      "damage_targets": null,
      "deaths": 2,
      "denies": 0,
      "dn_t": null,
      "firstblood_claimed": null,
      "gold": 6461,
      "gold_per_min": 697,
      "gold_reasons": null,
      "gold_spent": 21215,
      "gold_t": null,
      "hero_damage": 51632,
      "hero_healing": 0,
      "hero_hits": null,
      "hero_id": 12,
      "item_0": 0,
      "item_1": 147,
      "item_2": 174,
      "item_3": 63,
      "item_4": 114,
      "item_5": 160,
      "item_neutral": 309,
      "item_uses": null,
      "kill_streaks": null,
      "killed": null,
      "killed_by": null,
      "kills": 20,
      "kills_log": null,
      "lane_pos": null,
      "last_hits": 282,
      "leaver_status": 0,
      "level": 26,
      "lh_t": null,
      "life_state": null,
      "max_hero_hit": null,
      "multi_kills": null,
      "net_worth": 25561,
      "obs": null,
      "obs_left_log": null,
      "obs_log": null,
      "obs_placed": null,
      "party_id": 5,
      "party_size": 1,
      "performance_others": null,
      "permanent_buffs": [],
      "pings": null,
      "pred_vict": null,
      "purchase": null,
      "purchase_log": null,
      "randomed": null,
      "repicked": null,
      "roshans_killed": null,
      "rune_pickups": null,
      "runes": null,
      "runes_log": null,
      "sen": null,
      "sen_left_log": null,
      "sen_log": null,
      "sen_placed": null,
      "stuns": null,
      "teamfight_participation": null,
      "times": null,
      "tower_damage": 7001,
      "towers_killed": null,
      "xp_per_min": 949,
      "xp_reasons": null,
      "xp_t": null,
      "start_time": 1669911564,
      "duration": 2313,
      "cluster": 153,
      "lobby_type": 7,
      "game_mode": 22,
      "is_contributor": false,
      "patch": 51,
      "region": 5,
      "isRadiant": false,
      "total_gold": 11061,
      "total_xp": 28746,
      "kills_per_min": 0.5188067444876784,
      "kda": 7,
      "abandons": 0,
      "rank_tier": null,
      "is_subscriber": false,
      "cosmetics": [],
      "benchmarks": {
        "gold_per_min": {
          "raw": 697,
          "pct": 0
        },
        "xp_per_min": {
          "raw": 0,
          "pct": 1
        },
        "kills_per_min": {
          "raw": 0.23036381303136275,
          "pct": 1
        },
        "last_hits_per_min": {
          "raw": 7.315175097276264,
          "pct": 0.5
        },
        "hero_damage_per_min": {
          "raw": 516.0022333711274,
          "pct": 1
        },
        "hero_healing_per_min": {
          "raw": 0,
          "pct": 0
        },
        "tower_damage": {
          "raw": 7001,
          "pct": 0.75
        },
        "stuns_per_min": {
          "raw": 0,
          "pct": 0.625
        },
        "lhten": {}
      }
    },
    {
      "player_slot": 132,
      "ability_targets": null,
      "ability_upgrades_arr": [
        5004,
        5003,
        5003,
        5004,
        7314,
        0,
        5003,
        7314,
        5003,
        6250,
        5004,
        5006,
        0,
        1457,
        666,
        7314,
        5006,
        -1389,
        -2936
      ],
      "ability_uses": null,
      "actions": null,
      "additional_units": null,
      "assists": 0,
      "backpack_0": 0,
      "backpack_1": 75,
      "backpack_2": 0,
      "backpack_3": null,
      "buyback_log": null,
      "camps_stacked": null,
      "connection_log": null,
      "creeps_stacked": null,
      "damage": null,
      "damage_inflictor": null,
      "damage_inflictor_received": null,
      "damage_taken": null,
      "damage_targets": null,
      "deaths": 0,
      "denies": 16,
      "dn_t": null,
      "firstblood_claimed": null,
      "gold": 3455,
      "gold_per_min": 793,
      "gold_reasons": null,
      "gold_spent": 27580,
      "gold_t": null,
      "hero_damage": 14241,
      "hero_healing": 0,
      "hero_hits": null,
      "hero_id": 1,
      "item_0": 147,
      "item_1": 0,
      "item_2": 139,
      "item_3": 145,
      "item_4": 116,
      "item_5": 48,
      "item_neutral": 376,
      "item_uses": null,
      "kill_streaks": null,
      "killed": null,
      "killed_by": null,
      "kills": 3,
      "kills_log": null,
      "lane_pos": null,
      "last_hits": 521,
      "leaver_status": 0,
      "level": 26,
      "lh_t": null,
      "life_state": null,
      "max_hero_hit": null,
      "multi_kills": null,
      "net_worth": 30435,
      "obs": null,
      "obs_left_log": null,
      "obs_log": null,
      "obs_placed": null,
      "party_id": 6,
      "party_size": 1,
      "performance_others": null,
      "permanent_buffs": [],
      "pings": null,
      "pred_vict": null,
      "purchase": null,
      "purchase_log": null,
      "randomed": null,
      "repicked": null,
      "roshans_killed": null,
      "rune_pickups": null,
      "runes": null,
      "runes_log": null,
      "sen": null,
      "sen_left_log": null,
      "sen_log": null,
      "sen_placed": null,
      "stuns": null,
      "teamfight_participation": null,
      "times": null,
      "tower_damage": 11146,
      "towers_killed": null,
      "xp_per_min": 994,
      "xp_reasons": null,
      "xp_t": null,
      "start_time": 1669911564,
      "duration": 2313,
      "cluster": 153,
      "lobby_type": 7,
      "game_mode": 22,
      "is_contributor": false,
      "patch": 51,
      "region": -1,
      "isRadiant": false,
      "total_gold": 24171,
      "total_xp": 15112,
      "kills_per_min": 0.07782101167315175,
      "kda": 3,
      "abandons": 0,
      "rank_tier": null,
      "is_subscriber": false,
      "cosmetics": [],
      "benchmarks": {
        "gold_per_min": {
          "raw": 0,
          "pct": 0.9090909090909091
        },
        "xp_per_min": {},
        "kills_per_min": {
          "raw": 0.07782101167315175,
          "pct": 0.09090909090909091
        },
        "last_hits_per_min": {},
        "hero_damage_per_min": {
          "raw": 369.4163424124514,
          "pct": 0.24242424242424243
        },
        "hero_healing_per_min": {
          "raw": 0,
          "pct": 0.9696969696969697
        },
        "tower_damage": {
          "raw": 11146,
          "pct": 0.7272727272727273
        },
        "stuns_per_min": {
          "raw": 0,
          "pct": 0
        },
        "lhten": {}
      }
    }
  ],
  "patch": 0,
  "region": 5
}