{
  "chat": null,
  "cluster": 153,
  "cosmetics": null,
  "dire_score": 53,
  "dire_team_id": null,
  "draft_timings": null,
  "duration": 3299,
  "engine": 1,
  "first_blood_time": 0,
  "game_mode": 22,
  "human_players": 10,
  "leagueid": 0,
  "lobby_type": 0,
  "match_seq_num": -3792026,
  "negative_votes": 0,
  "objectives": null,
  "picks_bans": [
    {
      "is_pick": true,
      "hero_id": 14,
      "team": 0,
      "order": 0
    },
    {
      "is_pick": true,
      "hero_id": 6,
      "team": 0,
      "order": 1
    },
    {
      "is_pick": true,
      "hero_id": 84,
      "team": 1,
      "order": 0
    },
    {
      "is_pick": true,
      "hero_id": 9,
      "team": 1,
      "order": 3
    },
    {
      "is_pick": true,
      "hero_id": 19,
      "team": 0,
      "order": 0
    },
    {
      "is_pick": true,
      "hero_id": 126,
      "team": 0,
      "order": 5
    },
    {
      "is_pick": true,
      "hero_id": 8,
      "team": 1,
      "order": 6
    },
    {
      "is_pick": true,
      "hero_id": 56,
      "team": 0,
      "order": 7
    },
    {
      "is_pick": true,
      "hero_id": 75,
      "team": 1,
      "order": 8
    },
    {
      "is_pick": false,
      "hero_id": 35,
      "team": 0,
      "order": 9
    },
    {
      "is_pick": false,
      "hero_id": 0,
      "team": 0,
      "order": 10
    },
    {
      "is_pick": false,
      "hero_id": 8,
      "team": 0,
      "order": 11
    },
    {
      "is_pick": false,
      "hero_id": 41,
      "team": 0,
      "order": 12
    }
  ],
  "positive_votes": 0,
  "radiant_gold_adv": null,
  "radiant_score": 39,
  "radiant_team_id": null,
  "radiant_xp_adv": null,
  "skill": null,
  "start_time": 1669912740,
  "teamfights": null,
  "version": null,
  "replay_salt": 58981982,
  "series_id": 0,
  "series_type": 0,
  "players": [
    {
      "player_slot": 0,
      "ability_targets": null,
      "ability_upgrades_arr": [],
      "ability_uses": null,
      "actions": null,
      "additional_units": null,
      "assists": 24,
      "backpack_0": 0,
      "backpack_1": 0,
      "backpack_2": 0,
      "backpack_3": null,
      "buyback_log": null,
      "camps_stacked": null,
      "connection_log": null,
      "creeps_stacked": null,
      "damage": null,
      "damage_inflictor": null,
      "damage_inflictor_received": null,
      "damage_taken": null,
      "damage_targets": null,
      "deaths": 14,
      "denies": 2,
      "dn_t": null,
      "firstblood_claimed": null,
      "gold": -215,
      "gold_per_min": 352,
      "gold_reasons": null,
      "gold_spent": 17245,
      "gold_t": null,
      "hero_damage": 16468,
      "hero_healing": 1145,
      "hero_hits": null,
      "hero_id": 0,
      "item_0": 231,
      "item_1": 1,
      "item_2": 90,
      "item_3": 232,
      "item_4": 11,
      "item_5": 73,
      "item_neutral": 574,
      "item_uses": null,
      "kill_streaks": null,
      "killed": null,
      "killed_by": null,
      "kills": 7,
      "kills_log": null,
      "lane_pos": null,
      "last_hits": 124,
      "leaver_status": 0,
      "level": 24,
      "lh_t": null,
      "life_state": null,
      "max_hero_hit": null,
      "multi_kills": null,
      "net_worth": 15540,
      "obs": null,
      "obs_left_log": null,
      "obs_log": null,
      "obs_placed": null,
      "party_id": 0,
      "party_size": -1,
      "performance_others": null,
      "permanent_buffs": [
        {
          "permanent_buff": 6,
          "stack_count": 2,
          "grant_time": 2161
        }
      ],
      "pings": null,
      "pred_vict": null,
      "purchase": null,
      "purchase_log": null,
      "randomed": null,
      "repicked": null,
      "roshans_killed": null,
      "rune_pickups": null,
      "runes": null,
      "runes_log": null,
      "sen": null,
      "sen_left_log": null,
      "sen_log": null,
      "sen_placed": null,
      "stuns": null,
      "teamfight_participation": null,
      "times": null,
      "tower_damage": 252,
      "towers_killed": null,
      "xp_per_min": 603,
      "xp_reasons": null,
      "xp_t": null,
      "personaname": "MERANA",
      "name": null,
      "last_login": null,
      "start_time": 1669912740,
      "duration": 3299,
      "cluster": 153,
      "lobby_type": 0,
      "game_mode": 22,
      "is_contributor": false,
      "patch": 51,
      "region": 5,
      "isRadiant": true,
      "total_gold": 19354,
      "total_xp": 7823,
      "kills_per_min": 0.12731130645650196,
      "kda": 2,
      "abandons": 0,
      "rank_tier": null,
      "is_subscriber": false,
      "cosmetics": [],
      "benchmarks": {
        "gold_per_min": {
          "raw": 352,
          "pct": 0.2857142857142857
        },
        "xp_per_min": {
          "raw": 603,
          "pct": 0.6428571428571429
        },
        "kills_per_min": {
          "raw": 0.12731130645650196,
          "pct": 0.6190476190476191
        },
        "last_hits_per_min": {
          "raw": 2.255228857229463,
          "pct": 0.23809523809523808
        },
        "hero_damage_per_min": {
          "raw": 299.5089421036678,
          "pct": 0.23809523809523808
        },
        "hero_healing_per_min": {
          "raw": 20.824492270384965,
          "pct": -0.05888574727581215
        },
        "tower_damage": {
          "raw": 252,
          "pct": 0.38095238095238093
        },
        "stuns_per_min": {
          "raw": 0,
          "pct": 0
        },
        "lhten": {}
      }
    },
    {
      "player_slot": 1,
      "ability_targets": null,
      "ability_upgrades_arr": [
        5075,
        5076,
        5075,
        5074,
        5074,
        5077,
        5074,
        567,
        5076,
        5931,
        5075,
        5077,
        5075,
        5076,
        6565,
        5076,
        0,
        332,
        6023
      ],
      "ability_uses": null,
      "actions": null,
      "additional_units": null,
      "assists": 0,
      "backpack_0": 0,
      "backpack_1": 0,
      "backpack_2": 0,
      "backpack_3": null,
      "buyback_log": null,
      "camps_stacked": null,
      "connection_log": null,
      "creeps_stacked": null,
      "damage": null,
      "damage_inflictor": null,
      "damage_inflictor_received": null,
      "damage_taken": null,
      "damage_targets": null,
      "deaths": 11,
      "denies": 0,
      "dn_t": null,
      "firstblood_claimed": null,
      "gold": 1408,
      "gold_per_min": 309,
      "gold_reasons": null,
      "gold_spent": 15175,
      "gold_t": null,
      "hero_damage": 14842,
      "hero_healing": 0,
      "hero_hits": null,
      "hero_id": 14,
      "item_0": 102,
      "item_1": 214,
      "item_2": 692,
      "item_3": 108,
      "item_4": 232,
      "item_5": 40,
      "item_neutral": 336,
      "item_uses": null,
      "kill_streaks": null,
      "killed": null,
      "killed_by": null,
      "kills": 2,
      "kills_log": null,
      "lane_pos": null,
      "last_hits": 81,
      "leaver_status": 0,
      "level": 25,
      "lh_t": null,
      "life_state": null,
      "max_hero_hit": null,
      "multi_kills": null,
      "net_worth": 14408,
      "obs": null,
      "obs_left_log": null,
      "obs_log": null,
      "obs_placed": null,
      "party_id": 0,
      "party_size": 5,
      "performance_others": null,
      "permanent_buffs": [],
      "pings": null,
      "pred_vict": null,
      "purchase": null,
      "purchase_log": null,
      "randomed": null,
      "repicked": null,
      "roshans_killed": null,
      "rune_pickups": null,
      "runes": null,
      "runes_log": null,
      "sen": null,
      "sen_left_log": null,
      "sen_log": null,
      "sen_placed": null,
      "stuns": null,
      "teamfight_participation": null,
      "times": null,
      "tower_damage": 94,
      "towers_killed": null,
      "xp_per_min": 686,
      "xp_reasons": null,
      "xp_t": null,
      "personaname": "TET",
      "name": null,
      "last_login": "2022-08-12T05:03:59.962Z",
      "start_time": 1669912740,
      "duration": 0,
      "cluster": 153,
      "lobby_type": 0,
      "game_mode": 0,
      "is_contributor": false,
      "patch": 51,
      "region": 0,
      "isRadiant": true,
      "total_gold": 16989,
      "total_xp": 37718,
      "kills_per_min": 0.036374658987571994,
      "kda": 2,
      "abandons": 0,
      "rank_tier": -6,
      "is_subscriber": false,
      "cosmetics": [],
      "benchmarks": {
        "gold_per_min": {
          "raw": 309,
          "pct": 0.23214285714285715
        },
        "xp_per_min": {
          "raw": 686,
          "pct": 0.625
        },
        "kills_per_min": {
          "raw": 0.036374658987571994,
          "pct": 0.07142857142857142
        },
        "last_hits_per_min": {
          "raw": 1.4731736889966656,
          "pct": 0.03872550288972023
        },
        "hero_damage_per_min": {
          "raw": 269.93634434677176,
          "pct": 0.08928571428571429
        },
        "hero_healing_per_min": {
          "raw": 0,
          "pct": 0.6428571428571429
        },
        "tower_damage": {
          "raw": 94,
          "pct": 0.3392857142857143
        },
        "stuns_per_min": {
          "raw": 0,
          "pct": 0
        },
        "lhten": {}
      }
    },
    {
      "player_slot": 2,
      "ability_targets": null,
      "ability_upgrades_arr": [
        7701,
        6470,
        7701,
        7710,
        6470,
        7705,
        6470,
        318,
        7701,
        7707,
        6470,
        7705,
        7710,
        7710,
        -3182,
        1070,
        7705,
        7709
      ],
      "ability_uses": null,
      "actions": null,
      "additional_units": null,
      "assists": 20,
      "backpack_0": 0,
      "backpack_1": 0,
      "backpack_2": 0,
      "backpack_3": null,
      "buyback_log": null,
      "camps_stacked": null,
      "connection_log": null,
      "creeps_stacked": null,
      "damage": null,
      "damage_inflictor": null,
      "damage_inflictor_received": null,
      "damage_taken": null,
      "damage_targets": null,
      "deaths": 13,
      "denies": 0,
      "dn_t": null,
      "firstblood_claimed": null,
      "gold": 884,
      "gold_per_min": 316,
      "gold_reasons": null,
      "gold_spent": 15355,
      "gold_t": null,
      "hero_damage": 0,
      "hero_healing": 0,
      "hero_hits": null,
      "hero_id": 126,
      "item_0": 29,
      "item_1": 88,
      "item_2": 100,
      "item_3": 218,
      "item_4": 273,
      "item_5": 108,
      "item_neutral": 0,
      "item_uses": null,
      "kill_streaks": null,
      "killed": null,
      "killed_by": null,
      "kills": -1,
      "kills_log": null,
      "lane_pos": null,
      "last_hits": 89,
      "leaver_status": 0,
      "level": 23,
      "lh_t": null,
      "life_state": null,
      "max_hero_hit": null,
      "multi_kills": null,
      "net_worth": 14364,
      "obs": null,
      "obs_left_log": null,
      "obs_log": null,
      "obs_placed": null,
      "party_id": 0,
      "party_size": 5,
      "performance_others": null,
      "permanent_buffs": [
        {
          "permanent_buff": -1,
          "stack_count": 0,
          "grant_time": 978
        },
        {
          "permanent_buff": 0,
          "stack_count": 0,
          "grant_time": 0
        }
      ],
      "pings": null,
      "pred_vict": null,
      "purchase": null,
      "purchase_log": null,
      "randomed": null,
      "repicked": null,
      "roshans_killed": null,
      "rune_pickups": null,
      "runes": null,
      "runes_log": null,
      "sen": null,
      "sen_left_log": null,
      "sen_log": null,
      "sen_placed": null,
      "stuns": null,
      "teamfight_participation": null,
      "times": null,
      "tower_damage": 242,
      "towers_killed": null,
      "xp_per_min": 532,
      "xp_reasons": null,
      "xp_t": null,
      "personaname": "臭膣屄",
      "name": null,
      "last_login": null,
      "start_time": -14583278,
      "duration": 1254,
      "cluster": 153,
      "lobby_type": 0,
      "game_mode": 22,
      "is_contributor": false,
      "patch": 51,
      "region": 2,
      "isRadiant": true,
      "total_gold": 17374,
      "total_xp": 29251,
      "kills_per_min": 0.05456198848135799,
      "kda": 0,
      "abandons": 0,
      "rank_tier": 15,
      "is_subscriber": false,
      "cosmetics": [],
      "benchmarks": {
        "gold_per_min": {
          "raw": 316,
          "pct": 0
        },
        "xp_per_min": {
          "raw": 532,
          "pct": 0.21428571428571427
        },
        "kills_per_min": {
          "raw": 0.05456198848135799,
          "pct": 0
        },
        "last_hits_per_min": {
          "raw": 1.6186723249469537,
          "pct": 0
        },
        "hero_damage_per_min": {
          "raw": 181.5459230069718,
          "pct": 0
        },
        "hero_healing_per_min": {
          "raw": 0,
          "pct": 0.6428571428571429
        },
        "tower_damage": {
          "raw": 106,
          "pct": 0.14285714285714285
        },
        "stuns_per_min": {
          "raw": 0,
          "pct": 0.6428571428571429
        },
        "lhten": {}
      }
    },
    {
      "player_slot": 3,
      "ability_targets": null,
      "ability_upgrades_arr": [
        5108,
        5106,
        507,
        5108,
        6937,
        5109,
        0,
        5106,
        -1907,
        0,
        5106,
        5109,
        5107,
        6153,
        5107,
        5107,
        5109,
        718,
        6932,
        6137,
        139
      ],
      "ability_uses": null,
      "actions": null,
      "additional_units": null,
      "assists": 9,
      "backpack_0": 0,
      "backpack_1": 0,
      "backpack_2": 0,
      "backpack_3": null,
      "buyback_log": null,
      "camps_stacked": null,
      "connection_log": null,
      "creeps_stacked": null,
      "damage": null,
      "damage_inflictor": null,
      "damage_inflictor_received": null,
      "damage_taken": null,
      "damage_targets": null,
      "deaths": 7,
      "denies": 6,
      "dn_t": null,
      "firstblood_claimed": null,
      "gold": 2475,
      "gold_per_min": 631,
      "gold_reasons": null,
      "gold_spent": 30335,
      "gold_t": null,
      "hero_damage": 42439,
      "hero_healing": 0,
      "hero_hits": null,
      "hero_id": 19,
      "item_0": 249,
      "item_1": 156,
      "item_2": 116,
      "item_3": 252,
      "item_4": 141,
      "item_5": 16,
      "item_neutral": 949,
      "item_uses": null,
      "kill_streaks": null,
      "killed": null,
      "killed_by": null,
      "kills": 16,
      "kills_log": null,
      "lane_pos": null,
      "last_hits": 392,
      "leaver_status": 0,
      "level": 28,
      "lh_t": null,
      "life_state": null,
      "max_hero_hit": null,
      "multi_kills": null,
      "net_worth": -11685,
      "obs": null,
      "obs_left_log": null,
      "obs_log": null,
      "obs_placed": null,
      "party_id": 0,
      "party_size": 5,
      "performance_others": null,
      "permanent_buffs": [
        {
          "permanent_buff": 1,
          "stack_count": 0,
          "grant_time": 3199
        },
        {
          "permanent_buff": 0,
          "stack_count": 0,
          "grant_time": 1281
        }
      ],
      "pings": null,
      "pred_vict": null,
      "purchase": null,
      "purchase_log": null,
      "randomed": null,
      "repicked": null,
      "roshans_killed": null,
      "rune_pickups": null,
      "runes": null,
      "runes_log": null,
      "sen": null,
      "sen_left_log": null,
      "sen_log": null,
      "sen_placed": null,
      "stuns": null,
      "teamfight_participation": null,
      "times": null,
      "tower_damage": 5330,
      "towers_killed": null,
      "xp_per_min": 847,
      "xp_reasons": null,
      "xp_t": null,
      "personaname": "Yvvia",
      "name": null,
      "last_login": null,
      "start_time": 1669912740,
      "duration": 3299,
      "cluster": 66,
      "lobby_type": 0,
      "game_mode": 9,
      "is_contributor": false,
      "patch": 51,
      "region": 5,
      "isRadiant": true,
      "total_gold": 34694,
      "total_xp": 46570,
      "kills_per_min": 0.29099727190057595,
      "kda": 0,
      "abandons": 0,
      "rank_tier": null,
      "is_subscriber": false,
      "cosmetics": [],
      "benchmarks": {
        "gold_per_min": {
          "raw": 631,
          "pct": 0.9764705882352941
        },
        "xp_per_min": {
          "raw": 847,
          "pct": 0.9529411764705882
        },
        "kills_per_min": {
          "raw": 0.10561091442084088,
          "pct": 0.9058823529411765
        },
        "last_hits_per_min": {
          "raw": 7.129433161564111,
          "pct": 0.9411764705882353
        },
        "hero_damage_per_min": {
          "raw": 771.8520763867839,
          "pct": 0.8588235294117647
        },
        "hero_healing_per_min": {
          "raw": 0,
          "pct": 0.8941176470588236
        },
        "tower_damage": {
          "raw": 5330,
          "pct": 0.9058823529411765
        },
        "stuns_per_min": {
          "raw": 0,
          "pct": 0
        },
        "lhten": {}
      }
    },
    {
      "player_slot": 4,
      "ability_targets": null,
      "ability_upgrades_arr": [
        5260,
        5259,
        5259,
        0,
        605,
        5262,
        0,
        5260,
        5260,
        5261,
        5261,
        0,
        1907,
        5261,
        0,
        6104,
        5262,
        617,
        7878
      ],
      "ability_uses": null,
      "actions": null,
      "additional_units": null,
      "assists": 14,
      "backpack_0": 0,
      "backpack_1": 0,
      "backpack_2": 0,
      "backpack_3": null,
      "buyback_log": null,
      "camps_stacked": null,
      "connection_log": null,
      "creeps_stacked": null,
      "damage": null,
      "damage_inflictor": null,
      "damage_inflictor_received": null,
      "damage_taken": null,
      "damage_targets": null,
      "deaths": 8,
      "denies": 11,
      "dn_t": null,
      "firstblood_claimed": null,
      "gold": 1276,
      "gold_per_min": 569,
      "gold_reasons": null,
      "gold_spent": 27585,
      "gold_t": null,
      "hero_damage": 36526,
      "hero_healing": 0,
      "hero_hits": null,
      "hero_id": 0,
      "item_0": 50,
      "item_1": 21,
      "item_2": 1466,
      "item_3": -10,
      "item_4": 108,
      "item_5": 135,
      "item_neutral": 309,
      "item_uses": null,
      "kill_streaks": null,
      "killed": null,
      "killed_by": null,
      "kills": 9,
      "kills_log": null,
      "lane_pos": null,
      "last_hits": 380,
      "leaver_status": 0,
      "level": -2,
      "lh_t": null,
      "life_state": null,
      "max_hero_hit": null,
      "multi_kills": null,
      "net_worth": 0,
      "obs": null,
      "obs_left_log": null,
      "obs_log": null,
      "obs_placed": null,
      "party_id": 0,
      "party_size": 5,
      "performance_others": null,
      "permanent_buffs": [
        {
          "permanent_buff": 12,
          "stack_count": 0,
          "grant_time": 2295
        }
      ],
      "pings": null,
      "pred_vict": null,
      "purchase": null,
      "purchase_log": null,
      "randomed": null,
      "repicked": null,
      "roshans_killed": null,
      "rune_pickups": null,
      "runes": null,
      "runes_log": null,
      "sen": null,
      "sen_left_log": null,
      "sen_log": null,
      "sen_placed": null,
      "stuns": null,
      "teamfight_participation": null,
      "times": null,
      "tower_damage": 8713,
      "towers_killed": null,
      "xp_per_min": 0,
      "xp_reasons": null,
      "xp_t": null,
      "personaname": "Ankara",
      "name": null,
      "last_login": "2018-01-27T22:09:32.534Z",
      "start_time": 0,
      "duration": 3299,
      "cluster": -73,
      "lobby_type": 0,
      "game_mode": -9,
      "is_contributor": false,
      "patch": 51,
      "region": 0,
      "isRadiant": true,
      "total_gold": 31285,
      "total_xp": 21267,
      "kills_per_min": 0.16368596544407396,
      "kda": 2,
      "abandons": 0,
      "rank_tier": 45,
      "is_subscriber": false,
      "cosmetics": [],
      "benchmarks": {
        "gold_per_min": {
          "raw": 569,
          "pct": 0.1111111111111111
        },
        "xp_per_min": {
          "raw": 803,
          "pct": 0.4444444444444444
        },
        "kills_per_min": {
          "raw": 0.16368596544407396,
          "pct": 0.1111111111111111
        },
        "last_hits_per_min": {
          "raw": 6.911185207638678,
          "pct": 0.3333333333333333
        },
        "hero_damage_per_min": {
          "raw": 664.3103970900272,
          "pct": 0.1111111111111111
        },
        "hero_healing_per_min": {
          "raw": 0,
          "pct": 1
        },
        "tower_damage": {
          "raw": 0,
          "pct": 0.4444444444444444
        },
        "stuns_per_min": {
          "raw": 0,
          "pct": 0.1111111111111111
        },
        "lhten": {}
      }
    },
    {
      "player_slot": 128,
      "ability_targets": null,
      "ability_upgrades_arr": [
        5377,
        5379,
        5377,
        5379,
        5377,
        5380,
        5377,
        5378,
        5379,
        6184,
        5379,
        5378,
        5380,
        5378,
        721,
        5378,
        5380,
        -2409,
        1073,
        5906,
        6880
      ],
      "ability_uses": null,
      "actions": null,
      "additional_units": null,
      "assists": 20,
      "backpack_0": 0,
      "backpack_1": 77,
      "backpack_2": 0,
      "backpack_3": null,
      "buyback_log": null,
      "camps_stacked": null,
      "connection_log": null,
      "creeps_stacked": null,
      "damage": null,
      "damage_inflictor": null,
      "damage_inflictor_received": null,
      "damage_taken": null,
      "damage_targets": null,
      "deaths": 7,
      "denies": 24,
      "dn_t": null,
      "firstblood_claimed": null,
      "gold": 0,
      "gold_per_min": 591,
      "gold_reasons": null,
      "gold_spent": 23805,
      "gold_t": null,
      "hero_damage": 51250,
      "hero_healing": 0,
      "hero_hits": null,
      "hero_id": 75,
      "item_0": 247,
      "item_1": -4,
      "item_2": 48,
      "item_3": 249,
      "item_4": 263,
      "item_5": 534,
      "item_neutral": 309,
      "item_uses": null,
      "kill_streaks": null,
      "killed": null,
      "killed_by": null,
      "kills": 0,
      "kills_log": null,
      "lane_pos": null,
      "last_hits": 299,
      "leaver_status": 0,
      "level": 0,
      "lh_t": null,
      "life_state": null,
      "max_hero_hit": null,
      "multi_kills": null,
      "net_worth": 27992,
      "obs": null,
      "obs_left_log": null,
      "obs_log": null,
      "obs_placed": null,
      "party_id": 1,
      "party_size": 3,
      "performance_others": null,
      "permanent_buffs": [
        {
          "permanent_buff": 3,
          "stack_count": 66,
          "grant_time": 723
        },
        {
          "permanent_buff": 6,
          "stack_count": 0,
          "grant_time": 1508
        },
        {
          "permanent_buff": 12,
          "stack_count": 0,
          "grant_time": 0
        }
      ],
      "pings": null,
      "pred_vict": null,
      "purchase": null,
      "purchase_log": null,
      "randomed": null,
      "repicked": null,
      "roshans_killed": null,
      "rune_pickups": null,
      "runes": null,
      "runes_log": null,
      "sen": null,
      "sen_left_log": null,
      "sen_log": null,
      "sen_placed": null,
      "stuns": null,
      "teamfight_participation": null,
      "times": null,
      "tower_damage": 7757,
      "towers_killed": null,
      "xp_per_min": 687,
      "xp_reasons": null,
      "xp_t": null,
      "start_time": 1669912740,
      "duration": 3299,
      "cluster": 75,
      "lobby_type": 0,
      "game_mode": 22,
      "is_contributor": false,
      "patch": 51,
      "region": 5,
      "isRadiant": false,
      "total_gold": 32495,
      "total_xp": 14927,
      "kills_per_min": 0.30918460139436194,
      "kda": 3,
      "abandons": 0,
      "rank_tier": null,
      "is_subscriber": false,
      "cosmetics": [],
      "benchmarks": {
        "gold_per_min": {
          "raw": 591,
          "pct": 1
        },
        "xp_per_min": {},
        "kills_per_min": {
          "raw": 0.30918460139436194,
          "pct": -0.1019859382191447
        },
        "last_hits_per_min": {},
        "hero_damage_per_min": {},
        "hero_healing_per_min": {
          "raw": 0,
          "pct": -0.2547963462444181
        },
        "tower_damage": {},
        "stuns_per_min": {
          "raw": 0,
          "pct": 0.8727272727272727
        },
        "lhten": {}
      }
    },
    {
      "player_slot": 129,
      "ability_targets": null,
      "ability_upgrades_arr": [
        5028,
        5029,
        -1883,
        5028,
        1976,
        0,
        0,
        1262,
        5028,
        6105,
        5027,
        -991,
        5029,
        5029,
        5029,
        5030,
        628,
        7021,
        0
      ],
      "ability_uses": null,
      "actions": null,
      "additional_units": null,
      "assists": -9,
      "backpack_0": 0,
      "backpack_1": 0,
      "backpack_2": 0,
      "backpack_3": null,
      "buyback_log": null,
      "camps_stacked": null,
      "connection_log": null,
      "creeps_stacked": null,
      "damage": null,
      "damage_inflictor": null,
      "damage_inflictor_received": null,
      "damage_taken": null,
      "damage_targets": null,
      "deaths": 6,
      "denies": 5,
      "dn_t": null,
      "firstblood_claimed": null,
      "gold": 2268,
      "gold_per_min": 549,
      "gold_reasons": null,
      "gold_spent": 24910,
      "gold_t": null,
      "hero_damage": 2651,
      "hero_healing": 2853,
      "hero_hits": null,
      "hero_id": 8,
      "item_0": 116,
      "item_1": 50,
      "item_2": 147,
      "item_3": 0,
      "item_4": -11,
      "item_5": 139,
      "item_neutral": 638,
      "item_uses": null,
      "kill_streaks": null,
      "killed": null,
      "killed_by": null,
      "kills": 9,
      "kills_log": null,
      "lane_pos": null,
      "last_hits": 396,
      "leaver_status": 0,
      "level": 27,
      "lh_t": null,
      "life_state": null,
      "max_hero_hit": null,
      "multi_kills": null,
      "net_worth": 25243,
      "obs": null,
      "obs_left_log": null,
      "obs_log": null,
      "obs_placed": null,
      "party_id": 1,
      "party_size": 3,
      "performance_others": null,
      "permanent_buffs": [],
      "pings": null,
      "pred_vict": null,
      "purchase": null,
      "purchase_log": null,
      "randomed": null,
      "repicked": null,
      "roshans_killed": null,
      "rune_pickups": null,
      "runes": null,
      "runes_log": null,
      "sen": null,
      "sen_left_log": null,
      "sen_log": null,
      "sen_placed": null,
      "stuns": null,
      "teamfight_participation": null,
      "times": null,
      "tower_damage": 4278,
      "towers_killed": null,
      "xp_per_min": 90,
      "xp_reasons": null,
      "xp_t": null,
      "personaname": "greenlabs",
      "name": null,
      "last_login": null,
      "start_time": 1669912740,
      "duration": 3299,
      "cluster": 0,
      "lobby_type": 0,
      "game_mode": 22,
      "is_contributor": false,
      "patch": 51,
      "region": 5,
      "isRadiant": false,
      "total_gold": 8169,
      "total_xp": 44096,
      "kills_per_min": 0.16368596544407396,
      "kda": 4,
      "abandons": 0,
      "rank_tier": 31,
      "is_subscriber": false,
      "cosmetics": [],
      "benchmarks": {
        "gold_per_min": {
          "raw": 549,
          "pct": 0.24242424242424243
        },
        "xp_per_min": {
          "raw": 0,
          "pct": 0.5151515151515151
        },
        "kills_per_min": {
          "raw": 0.16368596544407396,
          "pct": 0.24242424242424243
        },
        "last_hits_per_min": {
          "raw": 0.6751857159400328,
          "pct": 0.36363636363636365
        },
        "hero_damage_per_min": {
          "raw": 659.0360715368294,
          "pct": 0.45454545454545453
        },
        "hero_healing_per_min": {
          "raw": 51.88845104577145,
          "pct": 0.21212121212121213
        },
        "tower_damage": {
          "raw": 4278,
          "pct": 0.36363636363636365
        },
        "stuns_per_min": {
          "raw": 0,
          "pct": 0.3333333333333333
        },
        "lhten": {}
      }
    },
    {
      "player_slot": 130,
      "ability_targets": null,
      "ability_upgrades_arr": [
        5019,
        343,
        5019,
        5632,
        5019,
        5022,
        5019,
        343,
        343,
        6209,
        343,
        5022,
        -587,
        5632,
        486,
        5632,
        0,
        6202,
        6280,
        1088
      ],
      "ability_uses": null,
      "actions": null,
      "additional_units": null,
      "assists": 16,
      "backpack_0": 0,
      "backpack_1": 0,
      "backpack_2": 0,
      "backpack_3": null,
      "buyback_log": null,
      "camps_stacked": null,
      "connection_log": null,
      "creeps_stacked": null,
      "damage": null,
      "damage_inflictor": null,
      "damage_inflictor_received": null,
      "damage_taken": null,
      "damage_targets": null,
      "deaths": 5,
      "denies": 12,
      "dn_t": null,
      "firstblood_claimed": null,
      "gold": 1984,
      "gold_per_min": 575,
      "gold_reasons": null,
      "gold_spent": 28810,
      "gold_t": null,
      "hero_damage": 32742,
      "hero_healing": 0,
      "hero_hits": null,
      "hero_id": 6,
      "item_0": 0,
      "item_1": 116,
      "item_2": 156,
      "item_3": 263,
      "item_4": 63,
      "item_5": 135,
      "item_neutral": 0,
      "item_uses": null,
      "kill_streaks": null,
      "killed": null,
      "killed_by": null,
      "kills": 16,
      "kills_log": null,
      "lane_pos": null,
      "last_hits": 320,
      "leaver_status": 0,
      "level": 27,
      "lh_t": null,
      "life_state": null,
      "max_hero_hit": null,
      "multi_kills": null,
      "net_worth": 28859,
      "obs": null,
      "obs_left_log": null,
      "obs_log": null,
      "obs_placed": null,
      "party_id": 0,
      "party_size": 0,
      "performance_others": null,
      "permanent_buffs": [
        {
          "permanent_buff": 12,
          "stack_count": 0,
          "grant_time": 2221
        }
      ],
      "pings": null,
      "pred_vict": null,
      "purchase": null,
      "purchase_log": null,
      "randomed": null,
      "repicked": null,
      "roshans_killed": null,
      "rune_pickups": null,
      "runes": null,
      "runes_log": null,
      "sen": null,
      "sen_left_log": null,
      "sen_log": null,
      "sen_placed": null,
      "stuns": null,
      "teamfight_participation": null,
      "times": null,
      "tower_damage": 6627,
      "towers_killed": null,
      "xp_per_min": 778,
      "xp_reasons": null,
      "xp_t": null,
      "start_time": 1669912740,
      "duration": 3299,
      "cluster": 153,
      "lobby_type": 0,
      "game_mode": 22,
      "is_contributor": false,
      "patch": 0,
      "region": 5,
      "isRadiant": false,
      "total_gold": 16706,
      "total_xp": 24654,
      "kills_per_min": 0.29099727190057595,
      "kda": 3,
      "abandons": 0,
      "rank_tier": null,
      "is_subscriber": false,
      "cosmetics": [],
      "benchmarks": {
        "gold_per_min": {
          "raw": 575,
          "pct": 0.4358974358974359
        },
        "xp_per_min": {
          "raw": 778,
          "pct": 0.6666666666666666
        },
        "kills_per_min": {
          "raw": 0.29099727190057595,
          "pct": 0.6666666666666666
        },
        "last_hits_per_min": {
          "raw": 5.819945438011518,
          "pct": 0.1282051282051282
        },
        "hero_damage_per_min": {
          "raw": 595.489542285541,
          "pct": -0.1392971725630163
        },
        "hero_healing_per_min": {
          "raw": 0,
          "pct": 0.9743589743589743
        },
        "tower_damage": {
          "raw": 6627,
          "pct": 0.6153846153846154
        },
        "stuns_per_min": {
          "raw": 0,
          "pct": 0.9487179487179487
        },
        "lhten": {}
      }
    },
    {
      "player_slot": 131,
      "ability_targets": null,
      "ability_upgrades_arr": [
        5048,
        5050,
        5051,
        5051,
        5051,
        5049,
        5051,
        5048,
        5048,
        5048,
        0,
        5049,
        0,
        0,
        6013,
        -1917,
        5049,
        -613,
        6242,
        359
      ],
      "ability_uses": null,
      "actions": null,
      "additional_units": null,
      "assists": 37,
      "backpack_0": 0,
      "backpack_1": 40,
      "backpack_2": 0,
      "backpack_3": null,
      "buyback_log": null,
      "camps_stacked": null,
      "connection_log": null,
      "creeps_stacked": null,
      "damage": null,
      "damage_inflictor": null,
      "damage_inflictor_received": null,
      "damage_taken": null,
      "damage_targets": null,
      "deaths": 5,
      "denies": 6,
      "dn_t": null,
      "firstblood_claimed": null,
      "gold": 1670,
      "gold_per_min": 366,
      "gold_reasons": null,
      "gold_spent": 17765,
      "gold_t": null,
      "hero_damage": 24852,
      "hero_healing": 4386,
      "hero_hits": null,
      "hero_id": 9,
      "item_0": -16,
      "item_1": 42,
      "item_2": 267,
      "item_3": 231,
      "item_4": 141,
      "item_5": 30,
      "item_neutral": 837,
      "item_uses": null,
      "kill_streaks": null,
      "killed": null,
      "killed_by": null,
      "kills": 3,
      "kills_log": null,
      "lane_pos": null,
      "last_hits": 137,
      "leaver_status": 0,
      "level": 27,
      "lh_t": null,
      "life_state": null,
      "max_hero_hit": null,
      "multi_kills": null,
      "net_worth": 2402,
      "obs": null,
      "obs_left_log": null,
      "obs_log": null,
      "obs_placed": null,
      "party_id": 2,
      "party_size": 2,
      "performance_others": null,
      "permanent_buffs": [
        {
          "permanent_buff": 6,
          "stack_count": 3,
          "grant_time": 993
        },
        {
          "permanent_buff": 12,
          "stack_count": 0,
          "grant_time": 2353
        }
      ],
      "pings": null,
      "pred_vict": null,
      "purchase": null,
      "purchase_log": null,
      "randomed": null,
      "repicked": null,
      "roshans_killed": null,
      "rune_pickups": null,
      "runes": null,
      "runes_log": null,
      "sen": null,
      "sen_left_log": null,
      "sen_log": null,
      "sen_placed": null,
      "stuns": null,
      "teamfight_participation": null,
      "times": null,
      "tower_damage": 3945,
      "towers_killed": null,
      "xp_per_min": 685,
      "xp_reasons": null,
      "xp_t": null,
      "personaname": "JürgenZwieg®",
      "name": null,
      "last_login": null,
      "start_time": 0,
      "duration": 3299,
      "cluster": 153,
      "lobby_type": 0,
      "game_mode": 22,
      "is_contributor": false,
      "patch": 51,
      "region": 5,
      "isRadiant": false,
      "total_gold": 20123,
      "total_xp": 37663,
      "kills_per_min": 0.05456198848135799,
      "kda": 6,
      "abandons": 0,
      "rank_tier": 33,
      "is_subscriber": false,
      "cosmetics": [],
      "benchmarks": {
        "gold_per_min": {
          "raw": 366,
          "pct": 0.6545454545454545
        },
        "xp_per_min": {
          "raw": 685,
          "pct": -0.1639516863452836
        },
        "kills_per_min": {
          "raw": 0.05456198848135799,
          "pct": 0.2
        },
        "last_hits_per_min": {
          "raw": 2.4916641406486812,
          "pct": -0.2681698579050098
        },
        "hero_damage_per_min": {
          "raw": 451.9915125795696,
          "pct": 0.7090909090909091
        },
        "hero_healing_per_min": {
          "raw": 79.76962715974538,
          "pct": 0.7636363636363637
        },
        "tower_damage": {
          "raw": 3945,
          "pct": 0.9636363636363636
        },
        "stuns_per_min": {
          "raw": 0,
          "pct": 0
        },
        "lhten": {}
      }
    },
    {
      "player_slot": 132,
      "ability_targets": null,
      "ability_upgrades_arr": [],
      "ability_uses": null,
      "actions": null,
      "additional_units": null,
      "assists": 21,
      "backpack_0": 0,
      "backpack_1": 0,
      "backpack_2": 0,
      "backpack_3": null,
      "buyback_log": null,
      "camps_stacked": null,
      "connection_log": null,
      "creeps_stacked": null,
      "damage": null,
      "damage_inflictor": null,
      "damage_inflictor_received": null,
      "damage_taken": null,
      "damage_targets": null,
      "deaths": 16,
      "denies": 18,
      "dn_t": null,
      "firstblood_claimed": null,
      "gold": 1298,
      "gold_per_min": 329,
      "gold_reasons": null,
      "gold_spent": 12655,
      "gold_t": null,
      "hero_damage": 24885,
      "hero_healing": 0,
      "hero_hits": null,
      "hero_id": 84,
      "item_0": 180,
      "item_1": 73,
      "item_2": 36,
      "item_3": 1,
      "item_4": 127,
      "item_5": 232,
      "item_neutral": 834,
      "item_uses": null,
      "kill_streaks": null,
      "killed": null,
      "killed_by": null,
      "kills": 7,
      "kills_log": null,
      "lane_pos": null,
      "last_hits": 104,
      "leaver_status": 0,
      "level": 23,
      "lh_t": null,
      "life_state": null,
      "max_hero_hit": null,
      "multi_kills": null,
      "net_worth": 14446,
      "obs": null,
      "obs_left_log": null,
      "obs_log": null,
      "obs_placed": null,
      "party_id": 2,
      "party_size": 2,
      "performance_others": null,
      "permanent_buffs": [
        {
          "permanent_buff": 12,
          "stack_count": 0,
          "grant_time": 3396
        }
      ],
      "pings": null,
      "pred_vict": null,
      "purchase": null,
      "purchase_log": null,
      "randomed": null,
      "repicked": null,
      "roshans_killed": null,
      "rune_pickups": null,
      "runes": null,
      "runes_log": null,
      "sen": null,
      "sen_left_log": null,
      "sen_log": null,
      "sen_placed": null,
      "stuns": null,
      "teamfight_participation": null,
      "times": null,
      "tower_damage": 291,
      "towers_killed": null,
      "xp_per_min": 550,
      "xp_reasons": null,
      "xp_t": null,
      "personaname": "WILLEN",
      "name": null,
      "last_login": null,
      "start_time": 1669912740,
      "duration": -567,
      "cluster": 153,
      "lobby_type": 0,
      "game_mode": 22,
      "is_contributor": false,
      "patch": 51,
      "region": 5,
      "isRadiant": false,
      "total_gold": 4995,
      "total_xp": 11489,
      "kills_per_min": 0.12731130645650196,
      "kda": 1,
      "abandons": 0,
      "rank_tier": 32,
      "is_subscriber": false,
      "cosmetics": [],
      "benchmarks": {
        "gold_per_min": {
          "raw": 329,
          "pct": 0.4444444444444444
        },
        "xp_per_min": {
          "raw": 550,
          "pct": 0.23092924819550253
        },
        "kills_per_min": {
          "raw": 0.12731130645650196,
          "pct": 0.75
        },
        "last_hits_per_min": {
          "raw": 1.8914822673537435,
          "pct": 0.7222222222222222
        },
        "hero_damage_per_min": {
          "raw": 452.5916944528645,
          "pct": 0.09670954854339858
        },
        "hero_healing_per_min": {
          "raw": 0,
          "pct": 0.8333333333333334
        },
        "tower_damage": {
          "raw": 291,
          "pct": 0.5833333333333334
        },
        "stuns_per_min": {
          "raw": 0,
          "pct": 0
        },
        "lhten": {}
      }
    }
  ],
  "patch": 6,
  "region": 5
}