{
  "chat": null,
  "cluster": 273,
  "cosmetics": null,
  "dire_score": 0,
  "dire_team_id": null,
  "draft_timings": null,
  "duration": 770,
  "engine": 1,
  "first_blood_time": 42,
  "game_mode": 22,
  "human_players": 10,
  "leagueid": 0,
  "lobby_type": 2,
  "match_seq_num": 5780385640,
  "negative_votes": 0,
  "objectives": null,
  "picks_bans": [
    {
      "is_pick": true,
      "hero_id": 74,
      "team": 1,
      "order": 0
    },
    {
      "is_pick": true,
      "hero_id": 105,
      "team": 0,
      "order": 0
    },
    {
      "is_pick": true,
      "hero_id": 98,
      "team": 0,
      "order": 2
    },
    {
      "is_pick": true,
      "hero_id": 53,
      "team": 1,
      "order": 3
    },
    {
      "is_pick": true,
      "hero_id": 47,
      "team": 1,
      "order": 4
    },
    {
      "is_pick": true,
      "hero_id": 8,
      "team": 0,
      "order": 5
    },
    {
      "is_pick": true,
      "hero_id": 99,
      "team": 1,
      "order": 6
    },
    {
      "is_pick": true,
      "hero_id": 44,
      "team": 0,
      "order": 7
    },
    {
      "is_pick": true,
      "hero_id": 75,
      "team": 1,
      "order": 0
    },
    {
      "is_pick": true,
      "hero_id": 37,
      "team": 0,
      "order": 9
    },
    {
      "is_pick": false,
      "hero_id": 113,
      "team": 0,
      "order": 0
    },
    {
      "is_pick": false,
      "hero_id": 34,
      "team": 0,
      "order": 11
    },
    {},
    {
      "is_pick": false,
      "hero_id": 10,
      "team": 0,
      "order": 13
    },
    {
      "is_pick": false,
      "hero_id": -37,
      "team": 0,
      "order": 14
    }
  ],
  "positive_votes": 0,
  "radiant_gold_adv": null,
  "radiant_score": 46,
  "radiant_team_id": null,
  "radiant_xp_adv": null,
  "skill": null,
  "start_time": 1669912581,
  "teamfights": null,
  "version": null,
  "replay_salt": 0,
  "series_id": 0,
  "series_type": 0,
  "players": [
    {
      "player_slot": 0,
      "ability_targets": null,
      "ability_upgrades_arr": [
        344,
        5525,
        5524,
        5525,
        5526,
        5527,
        0,
        5526,
        5525,
        5525,
        7132,
        0,
        -1897,
        5524,
        6948,
        0,
        5527,
        447
      ],
      "ability_uses": null,
      "actions": null,
      "additional_units": null,
      "assists": 7,
      "backpack_0": 0,
      "backpack_1": 0,
      "backpack_2": 0,
      "backpack_3": null,
      "buyback_log": null,
      "camps_stacked": null,
      "connection_log": null,
      "creeps_stacked": null,
      "damage": null,
      "damage_inflictor": null,
      "damage_inflictor_received": null,
      "damage_taken": null,
      "damage_targets": null,
      "deaths": 13,
      "denies": 8,
      "dn_t": null,
      "firstblood_claimed": null,
      "gold": 3107,
      "gold_per_min": 485,
      "gold_reasons": null,
      "gold_spent": 19125,
      "gold_t": null,
      "hero_damage": 21158,
      "hero_healing": 0,
      "hero_hits": null,
      "hero_id": 98,
      "item_0": 0,
      "item_1": 127,
      "item_2": 180,
      "item_3": 90,
      "item_4": 73,
      "item_5": -80,
      "item_neutral": 311,
      "item_uses": null,
      "kill_streaks": null,
      "killed": null,
      "killed_by": null,
      "kills": 9,
      "kills_log": null,
      "lane_pos": null,
      "last_hits": 214,
      "leaver_status": 0,
      "level": 24,
      "lh_t": null,
      "life_state": null,
      "max_hero_hit": null,
      "multi_kills": null,
      "net_worth": 19837,
      "obs": null,
      "obs_left_log": null,
      "obs_log": null,
      "obs_placed": null,
      "party_id": 0,
      "party_size": 0,
      "performance_others": null,
      "permanent_buffs": [
        {
          "permanent_buff": 12,
          "stack_count": 0,
          "grant_time": 0
        }
      ],
      "pings": null,
      "pred_vict": null,
      "purchase": null,
      "purchase_log": null,
      "randomed": null,
      "repicked": null,
      "roshans_killed": null,
      "rune_pickups": null,
      "runes": null,
      "runes_log": null,
      "sen": null,
      "sen_left_log": null,
      "sen_log": null,
      "sen_placed": null,
      "stuns": null,
      "teamfight_participation": null,
      "times": null,
      "tower_damage": -1387,
      "towers_killed": null,
      "xp_per_min": 700,
      "xp_reasons": null,
      "xp_t": null,
      "personaname": "Percussigant",
      "name": null,
      "last_login": null,
      "start_time": 1669912581,
      "duration": 2738,
      "cluster": 273,
      "lobby_type": 7,
      "game_mode": 22,
      "is_contributor": false,
      "patch": 51,
      "region": 3,
      "isRadiant": true,
      "total_gold": 22132,
      "total_xp": 4171,
      "kills_per_min": 0.19722425127830534,
      "kda": 1,
      "abandons": 0,
      "rank_tier": 0,
      "is_subscriber": false,
      "cosmetics": [],
      "benchmarks": {}
    },
    {
      "player_slot": 1,
      "ability_targets": null,
      "ability_upgrades_arr": [
        365,
        -1393,
        5028,
        5029,
        5028,
        0,
        5028,
        5027,
        5027,
        0,
        5027,
        5030,
        5029,
        5029,
        7394,
        0,
        5030,
        7021,
        1013,
        5921
      ],
      "ability_uses": null,
      "actions": null,
      "additional_units": null,
      "assists": 12,
      "backpack_0": 0,
      "backpack_1": 0,
      "backpack_2": 0,
      "backpack_3": null,
      "buyback_log": null,
      "camps_stacked": null,
      "connection_log": null,
      "creeps_stacked": null,
      "damage": null,
      "damage_inflictor": null,
      "damage_inflictor_received": null,
      "damage_taken": null,
      "damage_targets": null,
      "deaths": 7,
      "denies": 6,
      "dn_t": null,
      "firstblood_claimed": null,
      "gold": 6128,
      "gold_per_min": 649,
      "gold_reasons": null,
      "gold_spent": 22205,
      "gold_t": null,
      "hero_damage": -7338,
      "hero_healing": 938,
      "hero_hits": null,
      "hero_id": 8,
      "item_0": 108,
      "item_1": 147,
      "item_2": 50,
      "item_3": 11,
      "item_4": 143,
      "item_5": 158,
      "item_neutral": 309,
      "item_uses": null,
      "kill_streaks": null,
      "killed": null,
      "killed_by": null,
      "kills": 3,
      "kills_log": null,
      "lane_pos": null,
      "last_hits": 346,
      "leaver_status": 0,
      "level": 27,
      "lh_t": null,
      "life_state": null,
      "max_hero_hit": null,
      "multi_kills": null,
      "net_worth": 26603,
      "obs": null,
      "obs_left_log": null,
      "obs_log": null,
      "obs_placed": null,
      "party_id": 1,
      "party_size": 1,
      "performance_others": null,
      "permanent_buffs": [
        {
          "permanent_buff": 12,
          "stack_count": 0,
          "grant_time": 2569
        }
      ],
      "pings": null,
      "pred_vict": null,
      "purchase": null,
      "purchase_log": null,
      "randomed": null,
      "repicked": null,
      "roshans_killed": null,
      "rune_pickups": null,
      "runes": null,
      "runes_log": null,
      "sen": null,
      "sen_left_log": null,
      "sen_log": null,
      "sen_placed": null,
      "stuns": null,
      "teamfight_participation": null,
      "times": null,
      "tower_damage": 14159,
      "towers_killed": null,
      "xp_per_min": 917,
      "xp_reasons": null,
      "xp_t": null,
      "start_time": 1669912581,
      "duration": 2738,
      "cluster": 273,
      "lobby_type": 7,
      "game_mode": 22,
      "is_contributor": false,
      "patch": 51,
      "region": 3,
      "isRadiant": true,
      "total_gold": 29616,
      "total_xp": 41845,
      "kills_per_min": 0.19722425127830534,
      "kda": 2,
      "abandons": 0,
      "rank_tier": null,
      "is_subscriber": false,
      "cosmetics": [],
      "benchmarks": {
        "gold_per_min": {},
        "xp_per_min": {
          "raw": 917,
          "pct": 0.8181818181818182
        },
        "kills_per_min": {
          "raw": 0.19722425127830534,
          "pct": 0.3939393939393939
        },
        "last_hits_per_min": {
          "raw": 7.582176771365961,
          "pct": 0.3939393939393939
        },
        "hero_damage_per_min": {
          "raw": 620.9276844411979,
          "pct": 0.3939393939393939
        },
        "hero_healing_per_min": {
          "raw": 52.220598977355735,
          "pct": 0.21212121212121213
        },
        "tower_damage": {
          "raw": 14159,
          "pct": 0.8484848484848485
        },
        "stuns_per_min": {
          "raw": 0,
          "pct": 0.3333333333333333
        },
        "lhten": {}
      }
    },
    {
      "player_slot": 2,
      "ability_targets": null,
      "ability_upgrades_arr": [
        5190,
        5192,
        5190,
        5191,
        0,
        5193,
        5190,
        5190,
        5191,
        483,
        5191,
        5193,
        -1702,
        5192,
        0,
        5192,
        -70,
        1074,
        0,
        559,
        6848,
        491
      ],
      "ability_uses": null,
      "actions": null,
      "additional_units": null,
      "assists": 5,
      "backpack_0": 0,
      "backpack_1": 11,
      "backpack_2": 0,
      "backpack_3": null,
      "buyback_log": null,
      "camps_stacked": null,
      "connection_log": null,
      "creeps_stacked": null,
      "damage": null,
      "damage_inflictor": null,
      "damage_inflictor_received": null,
      "damage_taken": null,
      "damage_targets": null,
      "deaths": 6,
      "denies": -3,
      "dn_t": null,
      "firstblood_claimed": null,
      "gold": 5693,
      "gold_per_min": 744,
      "gold_reasons": null,
      "gold_spent": 25475,
      "gold_t": null,
      "hero_damage": 36313,
      "hero_healing": 0,
      "hero_hits": null,
      "hero_id": 44,
      "item_0": 208,
      "item_1": 168,
      "item_2": 30,
      "item_3": 116,
      "item_4": 133,
      "item_5": 63,
      "item_neutral": 828,
      "item_uses": null,
      "kill_streaks": null,
      "killed": null,
      "killed_by": null,
      "kills": 14,
      "kills_log": null,
      "lane_pos": null,
      "last_hits": 312,
      "leaver_status": 0,
      "level": 29,
      "lh_t": null,
      "life_state": null,
      "max_hero_hit": null,
      "multi_kills": null,
      "net_worth": 29443,
      "obs": null,
      "obs_left_log": null,
      "obs_log": null,
      "obs_placed": null,
      "party_id": 0,
      "party_size": 1,
      "performance_others": null,
      "permanent_buffs": [
        {
          "permanent_buff": 6,
          "stack_count": 2,
          "grant_time": 0
        },
        {
          "permanent_buff": 5,
          "stack_count": 0,
          "grant_time": 1955
        }
      ],
      "pings": null,
      "pred_vict": null,
      "purchase": null,
      "purchase_log": null,
      "randomed": null,
      "repicked": null,
      "roshans_killed": null,
      "rune_pickups": null,
      "runes": null,
      "runes_log": null,
      "sen": null,
      "sen_left_log": null,
      "sen_log": null,
      "sen_placed": null,
      "stuns": null,
      "teamfight_participation": null,
      "times": null,
      "tower_damage": 14567,
      "towers_killed": null,
      "xp_per_min": 1034,
      "xp_reasons": null,
      "xp_t": null,
      "start_time": 1669912581,
      "duration": 2738,
      "cluster": 273,
      "lobby_type": 7,
      "game_mode": -10,
      "is_contributor": false,
      "patch": 51,
      "region": 3,
      "isRadiant": true,
      "total_gold": 33951,
      "total_xp": 20787,
      "kills_per_min": 0.30679327976625276,
      "kda": 3,
      "abandons": 0,
      "rank_tier": null,
      "is_subscriber": false,
      "cosmetics": [],
      "benchmarks": {
        "gold_per_min": {
          "raw": 744,
          "pct": 0.7777777777777778
        },
        "xp_per_min": {
          "raw": 1034,
          "pct": 1
        },
        "kills_per_min": {
          "raw": 0.30679327976625276,
          "pct": 0.2839307040795156
        },
        "last_hits_per_min": {
          "raw": 6.837107377647918,
          "pct": 0.37037037037037035
        },
        "hero_damage_per_min": {},
        "hero_healing_per_min": {
          "raw": 0,
          "pct": 0.4416959300934323
        },
        "tower_damage": {
          "raw": 14567,
          "pct": 0.9259259259259259
        },
        "stuns_per_min": {
          "raw": 0,
          "pct": 0.4074074074074074
        },
        "lhten": {}
      }
    },
    {
      "player_slot": 3,
      "ability_targets": null,
      "ability_upgrades_arr": [
        1257,
        5162,
        754,
        0,
        5163,
        5165,
        5163,
        5162,
        0,
        6982,
        5164,
        5165,
        5164,
        5164,
        0,
        845,
        -2556,
        764
      ],
      "ability_uses": null,
      "actions": null,
      "additional_units": null,
      "assists": 0,
      "backpack_0": 0,
      "backpack_1": 0,
      "backpack_2": 0,
      "backpack_3": null,
      "buyback_log": null,
      "camps_stacked": null,
      "connection_log": null,
      "creeps_stacked": null,
      "damage": null,
      "damage_inflictor": null,
      "damage_inflictor_received": null,
      "damage_taken": null,
      "damage_targets": null,
      "deaths": 13,
      "denies": 0,
      "dn_t": null,
      "firstblood_claimed": null,
      "gold": 1561,
      "gold_per_min": 367,
      "gold_reasons": null,
      "gold_spent": 0,
      "gold_t": null,
      "hero_damage": 13903,
      "hero_healing": 16353,
      "hero_hits": null,
      "hero_id": 37,
      "item_0": 231,
      "item_1": 119,
      "item_2": 178,
      "item_3": 36,
      "item_4": 98,
      "item_5": 0,
      "item_neutral": 834,
      "item_uses": null,
      "kill_streaks": null,
      "killed": null,
      "killed_by": null,
      "kills": 0,
      "kills_log": null,
      "lane_pos": null,
      "last_hits": 90,
      "leaver_status": 0,
      "level": 2,
      "lh_t": null,
      "life_state": null,
      "max_hero_hit": null,
      "multi_kills": null,
      "net_worth": 14466,
      "obs": null,
      "obs_left_log": null,
      "obs_log": null,
      "obs_placed": null,
      "party_id": 3,
      "party_size": 1,
      "performance_others": null,
      "permanent_buffs": [
        {
          "permanent_buff": -1,
          "stack_count": 0,
          "grant_time": 2473
        }
      ],
      "pings": null,
      "pred_vict": null,
      "purchase": null,
      "purchase_log": null,
      "randomed": null,
      "repicked": null,
      "roshans_killed": null,
      "rune_pickups": null,
      "runes": null,
      "runes_log": null,
      "sen": null,
      "sen_left_log": null,
      "sen_log": null,
      "sen_placed": null,
      "stuns": null,
      "teamfight_participation": null,
      "times": null,
      "tower_damage": 0,
      "towers_killed": null,
      "xp_per_min": 578,
      "xp_reasons": null,
      "xp_t": null,
      "personaname": "Colen",
      "name": null,
      "last_login": null,
      "start_time": 1669912581,
      "duration": 2738,
      "cluster": 273,
      "lobby_type": 7,
      "game_mode": 22,
      "is_contributor": false,
      "patch": 51,
      "region": 3,
      "isRadiant": true,
      "total_gold": 16747,
      "total_xp": 26376,
      "kills_per_min": 0.04382761139517896,
      "kda": 0,
      "abandons": 0,
      "rank_tier": 21,
      "is_subscriber": false,
      "cosmetics": [],
      "benchmarks": {
        "gold_per_min": {
          "raw": 367,
          "pct": 0.7058823529411765
        },
        "xp_per_min": {
          "raw": 578,
          "pct": 0.7647058823529411
        },
        "kills_per_min": {},
        "last_hits_per_min": {
          "raw": 1.9722425127830532,
          "pct": 0.6470588235294118
        },
        "hero_damage_per_min": {
          "raw": 304.66764061358657,
          "pct": 0.058823529411764705
        },
        "hero_healing_per_min": {
          "raw": 358.3564645726808,
          "pct": 0.7647058823529411
        },
        "tower_damage": {
          "raw": 0,
          "pct": 0.6470588235294118
        },
        "stuns_per_min": {
          "raw": 0,
          "pct": 0
        },
        "lhten": {}
      }
    },
    {
      "player_slot": 0,
      "ability_targets": null,
      "ability_upgrades_arr": [
        347,
        5601,
        0,
        5601,
        879,
        5599,
        879,
        -1775,
        5601,
        6000,
        886,
        5599,
        886,
        886,
        6282,
        886,
        5599,
        412,
        6998
      ],
      "ability_uses": null,
      "actions": null,
      "additional_units": null,
      "assists": 18,
      "backpack_0": 0,
      "backpack_1": 0,
      "backpack_2": 0,
      "backpack_3": null,
      "buyback_log": null,
      "camps_stacked": null,
      "connection_log": null,
      "creeps_stacked": null,
      "damage": null,
      "damage_inflictor": null,
      "damage_inflictor_received": null,
      "damage_taken": null,
      "damage_targets": null,
      "deaths": 10,
      "denies": 2,
      "dn_t": null,
      "firstblood_claimed": null,
      "gold": 2456,
      "gold_per_min": 475,
      "gold_reasons": null,
      "gold_spent": 19520,
      "gold_t": null,
      "hero_damage": 0,
      "hero_healing": 0,
      "hero_hits": null,
      "hero_id": 105,
      "item_0": 226,
      "item_1": 176,
      "item_2": 0,
      "item_3": 29,
      "item_4": 232,
      "item_5": 40,
      "item_neutral": 130,
      "item_uses": null,
      "kill_streaks": null,
      "killed": null,
      "killed_by": null,
      "kills": 0,
      "kills_log": null,
      "lane_pos": null,
      "last_hits": 120,
      "leaver_status": 0,
      "level": 25,
      "lh_t": null,
      "life_state": null,
      "max_hero_hit": null,
      "multi_kills": null,
      "net_worth": 19411,
      "obs": null,
      "obs_left_log": null,
      "obs_log": null,
      "obs_placed": null,
      "party_id": 0,
      "party_size": 0,
      "performance_others": null,
      "permanent_buffs": [
        {
          "permanent_buff": 6,
          "stack_count": 2,
          "grant_time": 915
        },
        {
          "permanent_buff": 12,
          "stack_count": 0,
          "grant_time": 2901
        }
      ],
      "pings": null,
      "pred_vict": null,
      "purchase": null,
      "purchase_log": null,
      "randomed": null,
      "repicked": null,
      "roshans_killed": null,
      "rune_pickups": null,
      "runes": null,
      "runes_log": null,
      "sen": null,
      "sen_left_log": null,
      "sen_log": null,
      "sen_placed": null,
      "stuns": null,
      "teamfight_participation": null,
      "times": null,
      "tower_damage": 1043,
      "towers_killed": null,
      "xp_per_min": 767,
      "xp_reasons": null,
      "xp_t": null,
      "start_time": 1669912581,
      "duration": 2738,
      "cluster": 273,
      "lobby_type": 0,
      "game_mode": 22,
      "is_contributor": false,
      "patch": 0,
      "region": 3,
      "isRadiant": true,
      "total_gold": 21675,
      "total_xp": 35000,
      "kills_per_min": 0.2191380569758948,
      "kda": 1,
      "abandons": 0,
      "rank_tier": null,
      "is_subscriber": false,
      "cosmetics": [],
      "benchmarks": {
        "gold_per_min": {
          "raw": 475,
          "pct": 0.84375
        },
        "xp_per_min": {
          "raw": 0,
          "pct": -0.138550836241846
        },
        "kills_per_min": {
          "raw": 0.21913805697589483,
          "pct": 0.6875
        },
        "last_hits_per_min": {},
        "hero_damage_per_min": {
          "raw": 751.1176040905771,
          "pct": 0.5625
        },
        "hero_healing_per_min": {
          "raw": 0,
          "pct": 0.78125
        },
        "tower_damage": {},
        "stuns_per_min": {
          "raw": 0,
          "pct": 0.0625
        },
        "lhten": {}
      }
    },
    {
      "player_slot": 128,
      "ability_targets": null,
      "ability_upgrades_arr": [
        5378,
        5377,
        5377,
        5379,
        5377,
        5379,
        5377,
        5379,
        5379,
        5380,
        -1104,
        5378,
        5378,
        5378,
        6880,
        5380,
        5380,
        6879,
        0
      ],
      "ability_uses": null,
      "actions": null,
      "additional_units": null,
      "assists": -6,
      "backpack_0": 0,
      "backpack_1": 0,
      "backpack_2": 0,
      "backpack_3": null,
      "buyback_log": null,
      "camps_stacked": null,
      "connection_log": null,
      "creeps_stacked": null,
      "damage": null,
      "damage_inflictor": null,
      "damage_inflictor_received": null,
      "damage_taken": null,
      "damage_targets": null,
      "deaths": 6,
      "denies": 8,
      "dn_t": null,
      "firstblood_claimed": null,
      "gold": 541,
      "gold_per_min": 478,
      "gold_reasons": null,
      "gold_spent": 0,
      "gold_t": null,
      "hero_damage": 22150,
      "hero_healing": 0,
      "hero_hits": null,
      "hero_id": 75,
      "item_0": 0,
      "item_1": 63,
      "item_2": 77,
      "item_3": 534,
      "item_4": 31,
      "item_5": 127,
      "item_neutral": 376,
      "item_uses": null,
      "kill_streaks": null,
      "killed": null,
      "killed_by": null,
      "kills": 0,
      "kills_log": null,
      "lane_pos": null,
      "last_hits": 268,
      "leaver_status": 0,
      "level": 25,
      "lh_t": null,
      "life_state": null,
      "max_hero_hit": null,
      "multi_kills": null,
      "net_worth": -7754,
      "obs": null,
      "obs_left_log": null,
      "obs_log": null,
      "obs_placed": null,
      "party_id": 5,
      "party_size": 0,
      "performance_others": null,
      "permanent_buffs": [
        {
          "permanent_buff": 3,
          "stack_count": 32,
          "grant_time": 242
        },
        {
          "permanent_buff": 6,
          "stack_count": 0,
          "grant_time": 1549
        }
      ],
      "pings": null,
      "pred_vict": null,
      "purchase": null,
      "purchase_log": null,
      "randomed": null,
      "repicked": null,
      "roshans_killed": null,
      "rune_pickups": null,
      "runes": null,
      "runes_log": null,
      "sen": null,
      "sen_left_log": null,
      "sen_log": null,
      "sen_placed": null,
      "stuns": null,
      "teamfight_participation": null,
      "times": null,
      "tower_damage": 0,
      "towers_killed": null,
      "xp_per_min": 817,
      "xp_reasons": null,
      "xp_t": null,
      "start_time": 1669912581,
      "duration": 2738,
      "cluster": -134,
      "lobby_type": 7,
      "game_mode": 22,
      "is_contributor": false,
      "patch": 51,
      "region": 3,
      "isRadiant": false,
      "total_gold": 18703,
      "total_xp": 37282,
      "kills_per_min": 0.15339663988312638,
      "kda": 1,
      "abandons": 0,
      "rank_tier": null,
      "is_subscriber": false,
      "cosmetics": [],
      "benchmarks": {
        "gold_per_min": {
          "raw": 478,
          "pct": 0.9272727272727272
        },
        "xp_per_min": {
          "raw": 817,
          "pct": 0.9818181818181818
        },
        "kills_per_min": {
          "raw": 0.15339663988312638,
          "pct": -0.16403094141227934
        },
        "last_hits_per_min": {
          "raw": 5.872899926953981,
          "pct": 1
        },
        "hero_damage_per_min": {
          "raw": 485.39079620160703,
          "pct": 0.5636363636363636
        },
        "hero_healing_per_min": {
          "raw": 0,
          "pct": 0.8
        },
        "tower_damage": {},
        "stuns_per_min": {
          "raw": 0,
          "pct": 0.8727272727272727
        },
        "lhten": {}
      }
    },
    {
      "player_slot": 129,
      "ability_targets": null,
      "ability_upgrades_arr": [
        5247,
        5246,
        5245,
        5247,
        5246,
        5248,
        5246,
        5246,
        5247,
        470,
        5245,
        5248,
        5245,
        5247,
        6016,
        5245,
        5248,
        927,
        1770
      ],
      "ability_uses": null,
      "actions": null,
      "additional_units": null,
      "assists": 12,
      "backpack_0": 2,
      "backpack_1": 0,
      "backpack_2": 0,
      "backpack_3": null,
      "buyback_log": null,
      "camps_stacked": null,
      "connection_log": null,
      "creeps_stacked": null,
      "damage": null,
      "damage_inflictor": null,
      "damage_inflictor_received": null,
      "damage_taken": null,
      "damage_targets": null,
      "deaths": 12,
      "denies": 0,
      "dn_t": null,
      "firstblood_claimed": null,
      "gold": 2717,
      "gold_per_min": 634,
      "gold_reasons": null,
      "gold_spent": 20640,
      "gold_t": null,
      "hero_damage": 37106,
      "hero_healing": 0,
      "hero_hits": null,
      "hero_id": 53,
      "item_0": 0,
      "item_1": 250,
      "item_2": -108,
      "item_3": 0,
      "item_4": 0,
      "item_5": 168,
      "item_neutral": 638,
      "item_uses": null,
      "kill_streaks": null,
      "killed": null,
      "killed_by": null,
      "kills": 12,
      "kills_log": null,
      "lane_pos": null,
      "last_hits": 326,
      "leaver_status": 0,
      "level": 25,
      "lh_t": null,
      "life_state": null,
      "max_hero_hit": null,
      "multi_kills": null,
      "net_worth": 23117,
      "obs": null,
      "obs_left_log": null,
      "obs_log": null,
      "obs_placed": null,
      "party_id": 6,
      "party_size": 1,
      "performance_others": null,
      "permanent_buffs": [],
      "pings": null,
      "pred_vict": null,
      "purchase": null,
      "purchase_log": null,
      "randomed": null,
      "repicked": null,
      "roshans_killed": null,
      "rune_pickups": null,
      "runes": null,
      "runes_log": null,
      "sen": null,
      "sen_left_log": null,
      "sen_log": null,
      "sen_placed": null,
      "stuns": null,
      "teamfight_participation": null,
      "times": null,
      "tower_damage": 0,
      "towers_killed": null,
      "xp_per_min": 802,
      "xp_reasons": null,
      "xp_t": null,
      "personaname": "C.F.",
      "name": null,
      "last_login": null,
      "start_time": 1669912581,
      "duration": 2738,
      "cluster": 273,
      "lobby_type": 7,
      "game_mode": 5,
      "is_contributor": false,
      "patch": 51,
      "region": 3,
      "isRadiant": false,
      "total_gold": 28931,
      "total_xp": 36597,
      "kills_per_min": 0.26296566837107377,
      "kda": 0,
      "abandons": 0,
      "rank_tier": 8,
      "is_subscriber": false,
      "cosmetics": [],
      "benchmarks": {
        "gold_per_min": {
          "raw": -44,
          "pct": 0.40476190476190477
        },
        "xp_per_min": {
          "raw": 802,
          "pct": 0.6666666666666666
        },
        "kills_per_min": {
          "raw": 0.26296566837107377,
          "pct": 0.8809523809523809
        },
        "last_hits_per_min": {},
        "hero_damage_per_min": {
          "raw": 813.1336742147553,
          "pct": -0.07702961182751045
        },
        "hero_healing_per_min": {
          "raw": 0,
          "pct": 0.9761904761904762
        },
        "tower_damage": {
          "raw": 9747,
          "pct": 0.5952380952380952
        },
        "stuns_per_min": {
          "raw": 0,
          "pct": 0.30952380952380953
        },
        "lhten": {}
      }
    },
    {
      "player_slot": -50,
      "ability_targets": null,
      "ability_upgrades_arr": [
        -1019,
        5219,
        5220,
        5218,
        1000,
        5221,
        5219,
        5220,
        5218,
        5219,
        -947,
        5221,
        6156,
        5220,
        1991,
        6819,
        0,
        6165
      ],
      "ability_uses": null,
      "actions": null,
      "additional_units": null,
      "assists": 15,
      "backpack_0": 0,
      "backpack_1": 0,
      "backpack_2": 0,
      "backpack_3": null,
      "buyback_log": null,
      "camps_stacked": null,
      "connection_log": null,
      "creeps_stacked": null,
      "damage": null,
      "damage_inflictor": null,
      "damage_inflictor_received": null,
      "damage_taken": null,
      "damage_targets": null,
      "deaths": -1,
      "denies": 0,
      "dn_t": null,
      "firstblood_claimed": null,
      "gold": 0,
      "gold_per_min": 0,
      "gold_reasons": null,
      "gold_spent": 15880,
      "gold_t": null,
      "hero_damage": 22784,
      "hero_healing": 0,
      "hero_hits": null,
      "hero_id": 47,
      "item_0": 63,
      "item_1": 37,
      "item_2": 1466,
      "item_3": 218,
      "item_4": 75,
      "item_5": 98,
      "item_neutral": 288,
      "item_uses": null,
      "kill_streaks": null,
      "killed": null,
      "killed_by": null,
      "kills": 5,
      "kills_log": null,
      "lane_pos": null,
      "last_hits": 142,
      "leaver_status": 0,
      "level": 21,
      "lh_t": null,
      "life_state": null,
      "max_hero_hit": null,
      "multi_kills": null,
      "net_worth": 13415,
      "obs": null,
      "obs_left_log": null,
      "obs_log": null,
      "obs_placed": null,
      "party_id": 7,
      "party_size": 1,
      "performance_others": null,
      "permanent_buffs": [
        {}
      ],
      "pings": null,
      "pred_vict": null,
      "purchase": null,
      "purchase_log": null,
      "randomed": null,
      "repicked": null,
      "roshans_killed": null,
      "rune_pickups": null,
      "runes": null,
      "runes_log": null,
      "sen": null,
      "sen_left_log": null,
      "sen_log": null,
      "sen_placed": null,
      "stuns": null,
      "teamfight_participation": null,
      "times": null,
      "tower_damage": 0,
      "towers_killed": null,
      "xp_per_min": 540,
      "xp_reasons": null,
      "xp_t": null,
      "start_time": -755318353,
      "duration": 2738,
      "cluster": -40,
      "lobby_type": 7,
      "game_mode": 22,
      "is_contributor": false,
      "patch": 51,
      "region": 3,
      "isRadiant": false,
      "total_gold": 8116,
      "total_xp": 24642,
      "kills_per_min": 0.1095690284879474,
      "kda": 0,
      "abandons": 0,
      "rank_tier": null,
      "is_subscriber": false,
      "cosmetics": [],
      "benchmarks": {
        "gold_per_min": {
          "raw": 364,
          "pct": 0.05
        },
        "xp_per_min": {},
        "kills_per_min": {
          "raw": 0.10956902848794742,
          "pct": 0.35
        },
        "last_hits_per_min": {
          "raw": 3.1117604090577067,
          "pct": 0.05
        },
        "hero_damage_per_min": {
          "raw": 499.28414901387873,
          "pct": 0.15
        },
        "hero_healing_per_min": {
          "raw": 0,
          "pct": 0.85
        },
        "tower_damage": {
          "raw": 0,
          "pct": -0.01782422438114908
        },
        "stuns_per_min": {
          "raw": 0,
          "pct": 0.5
        },
        "lhten": {}
      }
    },
    {
      "player_slot": -11,
      "ability_targets": null,
      "ability_upgrades_arr": [
        5372,
        5370,
        5372,
        5371,
        5372,
        5370,
        5372,
        5370,
        5372,
        5370,
        5370,
        5372,
        1451,
        5371,
        5371,
        5371,
        2324,
        5370,
        7148,
        6811,
        6099,
        5371,
        5371,
        5370,
        6098
      ],
      "ability_uses": null,
      "actions": null,
      "additional_units": null,
      "assists": 14,
      "backpack_0": 0,
      "backpack_1": 0,
      "backpack_2": 0,
      "backpack_3": null,
      "buyback_log": null,
      "camps_stacked": null,
      "connection_log": null,
      "creeps_stacked": null,
      "damage": null,
      "damage_inflictor": null,
      "damage_inflictor_received": null,
      "damage_taken": null,
      "damage_targets": null,
      "deaths": 0,
      "denies": 13,
      "dn_t": null,
      "firstblood_claimed": null,
      "gold": 666,
      "gold_per_min": 577,
      "gold_reasons": null,
      "gold_spent": 23065,
      "gold_t": null,
      "hero_damage": 44049,
      "hero_healing": 0,
      "hero_hits": null,
      "hero_id": 74,
      "item_0": 96,
      "item_1": -23,
      "item_2": 98,
      "item_3": 48,
      "item_4": 0,
      "item_5": 77,
      "item_neutral": 381,
      "item_uses": null,
      "kill_streaks": null,
      "killed": null,
      "killed_by": null,
      "kills": 17,
      "kills_log": null,
      "lane_pos": null,
      "last_hits": 215,
      "leaver_status": 0,
      "level": 3,
      "lh_t": null,
      "life_state": null,
      "max_hero_hit": null,
      "multi_kills": null,
      "net_worth": 19921,
      "obs": null,
      "obs_left_log": null,
      "obs_log": null,
      "obs_placed": null,
      "party_id": 8,
      "party_size": 1,
      "performance_others": null,
      "permanent_buffs": [
        {
          "permanent_buff": 12,
          "stack_count": 0,
          "grant_time": 1580
        }
      ],
      "pings": null,
      "pred_vict": null,
      "purchase": null,
      "purchase_log": null,
      "randomed": null,
      "repicked": null,
      "roshans_killed": null,
      "rune_pickups": null,
      "runes": null,
      "runes_log": null,
      "sen": null,
      "sen_left_log": null,
      "sen_log": null,
      "sen_placed": null,
      "stuns": null,
      "teamfight_participation": null,
      "times": null,
      "tower_damage": 1705,
      "towers_killed": null,
      "xp_per_min": 885,
      "xp_reasons": null,
      "xp_t": null,
      "start_time": -417429817,
      "duration": 2738,
      "cluster": 273,
      "lobby_type": 7,
      "game_mode": 22,
      "is_contributor": false,
      "patch": 0,
      "region": 3,
      "isRadiant": false,
      "total_gold": 26330,
      "total_xp": 6290,
      "kills_per_min": 0.3725346968590212,
      "kda": 2,
      "abandons": 0,
      "rank_tier": null,
      "is_subscriber": false,
      "cosmetics": [],
      "benchmarks": {
        "gold_per_min": {},
        "xp_per_min": {
          "raw": 885,
          "pct": 0.9354838709677419
        },
        "kills_per_min": {},
        "last_hits_per_min": {
          "raw": 4.711468224981738,
          "pct": 0.4838709677419355
        },
        "hero_damage_per_min": {
          "raw": 965.2812271731191,
          "pct": 0.8709677419354839
        },
        "hero_healing_per_min": {
          "raw": 0,
          "pct": 0.7096774193548387
        },
        "tower_damage": {
          "raw": 1705,
          "pct": 0.3548387096774194
        },
        "stuns_per_min": {
          "raw": 0,
          "pct": 0
        },
        "lhten": {}
      }
    },
    {
      "player_slot": 0,
      "ability_targets": null,
      "ability_upgrades_arr": [
        5549,
        5550,
        2680,
        5549,
        5550,
        5551,
        -2607,
        5549,
        5550,
        5938,
        2367,
        5548,
        5548,
        5548,
        5551,
        1078,
        2609,
        6360,
        434
      ],
      "ability_uses": null,
      "actions": null,
      "additional_units": null,
      "assists": 10,
      "backpack_0": 0,
      "backpack_1": 0,
      "backpack_2": 0,
      "backpack_3": null,
      "buyback_log": null,
      "camps_stacked": null,
      "connection_log": null,
      "creeps_stacked": null,
      "damage": null,
      "damage_inflictor": null,
      "damage_inflictor_received": null,
      "damage_taken": null,
      "damage_targets": null,
      "deaths": 8,
      "denies": 9,
      "dn_t": null,
      "firstblood_claimed": null,
      "gold": 2989,
      "gold_per_min": 511,
      "gold_reasons": null,
      "gold_spent": 17670,
      "gold_t": null,
      "hero_damage": 0,
      "hero_healing": 0,
      "hero_hits": null,
      "hero_id": 99,
      "item_0": 692,
      "item_1": 232,
      "item_2": 29,
      "item_3": 114,
      "item_4": 242,
      "item_5": 127,
      "item_neutral": 0,
      "item_uses": null,
      "kill_streaks": null,
      "killed": null,
      "killed_by": null,
      "kills": 0,
      "kills_log": null,
      "lane_pos": null,
      "last_hits": 268,
      "leaver_status": 0,
      "level": 26,
      "lh_t": null,
      "life_state": null,
      "max_hero_hit": null,
      "multi_kills": null,
      "net_worth": -5791,
      "obs": null,
      "obs_left_log": null,
      "obs_log": null,
      "obs_placed": null,
      "party_id": 9,
      "party_size": 1,
      "performance_others": null,
      "permanent_buffs": [
        {
          "permanent_buff": 6,
          "stack_count": 1,
          "grant_time": 398
        }
      ],
      "pings": null,
      "pred_vict": null,
      "purchase": null,
      "purchase_log": null,
      "randomed": null,
      "repicked": null,
      "roshans_killed": null,
      "rune_pickups": null,
      "runes": null,
      "runes_log": null,
      "sen": null,
      "sen_left_log": null,
      "sen_log": null,
      "sen_placed": null,
      "stuns": null,
      "teamfight_participation": null,
      "times": null,
      "tower_damage": 1105,
      "towers_killed": null,
      "xp_per_min": 875,
      "xp_reasons": null,
      "xp_t": null,
      "start_time": 1669912581,
      "duration": 2738,
      "cluster": -121,
      "lobby_type": 7,
      "game_mode": 22,
      "is_contributor": false,
      "patch": 51,
      "region": 0,
      "isRadiant": false,
      "total_gold": 23318,
      "total_xp": 33231,
      "kills_per_min": 0.13148283418553688,
      "kda": 0,
      "abandons": 0,
      "rank_tier": null,
      "is_subscriber": false,
      "cosmetics": [],
      "benchmarks": {
        "gold_per_min": {
          "raw": 511,
          "pct": 0.7142857142857143
        },
        "xp_per_min": {
          "raw": 875,
          "pct": 0.8571428571428571
        },
        "kills_per_min": {
          "raw": 0.13148283418553688,
          "pct": 0.5
        },
        "last_hits_per_min": {
          "raw": 5.872899926953981,
          "pct": 0.5714285714285714
        },
        "hero_damage_per_min": {
          "raw": 644.1124908692476,
          "pct": 0.7142857142857143
        },
        "hero_healing_per_min": {
          "raw": 0,
          "pct": 1
        },
        "tower_damage": {
          "raw": 0,
          "pct": 0.42857142857142855
        },
        "stuns_per_min": {
          "raw": 0,
          "pct": 0.7142857142857143
        },
        "lhten": {}
      }
    }
  ],
  "patch": 51,
  "region": 3
}