{
  "chat": null,
  "cluster": 153,
  "cosmetics": null,
  "dire_score": 30,
  "dire_team_id": null,
  "draft_timings": null,
  "duration": 2497,
  "engine": 1,
  "first_blood_time": 154,
  "game_mode": 22,
  "human_players": -2,
  "leagueid": 0,
  "lobby_type": 7,
  "match_seq_num": 5780361499,
  "negative_votes": 0,
  "objectives": null,
  "picks_bans": [
    {
      "is_pick": true,
      "hero_id": 86,
      "team": 0,
      "order": 0
    },
    {
      "is_pick": true,
      "hero_id": 26,
      "team": 1,
      "order": 1
    },
    {},
    {
      "is_pick": true,
      "hero_id": 40,
      "team": 0,
      "order": 0
    },
    {},
    {
      "is_pick": true,
      "hero_id": 1,
      "team": 0,
      "order": 5
    },
    {
      "is_pick": true,
      "hero_id": 28,
      "team": 0,
      "order": 6
    },
    {
      "is_pick": true,
      "hero_id": -3,
      "team": 0,
      "order": 2
    },
    {
      "is_pick": true,
      "hero_id": -25,
      "team": 0,
      "order": 2
    },
    {
      "is_pick": true,
      "hero_id": 94,
      "team": 1,
      "order": 0
    },
    {
      "is_pick": false,
      "hero_id": -23,
      "team": 0,
      "order": 10
    },
    {},
    {
      "is_pick": false,
      "hero_id": 44,
      "team": 0,
      "order": 12
    },
    {
      "is_pick": false,
      "hero_id": 35,
      "team": 0,
      "order": 13
    },
    {
      "is_pick": false,
      "hero_id": 75,
      "team": 0,
      "order": 14
    }
  ],
  "positive_votes": 0,
  "radiant_gold_adv": null,
  "radiant_score": 60,
  "radiant_team_id": null,
  "radiant_xp_adv": null,
  "skill": null,
  "start_time": 1669911938,
  "teamfights": null,
  "version": null,
  "replay_salt": 1650571984,
  "series_id": 0,
  "series_type": 0,
  "players": [
    {
      "player_slot": 0,
      "ability_targets": null,
      "ability_upgrades_arr": [
        0,
        5179,
        5180,
        5180,
        5180,
        5181,
        5178,
        5178,
        5178,
        6979,
        5180,
        5181,
        5179,
        5179,
        6532,
        5179,
        5181,
        6980
      ],
      "ability_uses": null,
      "actions": null,
      "additional_units": null,
      "assists": 25,
      "backpack_0": 0,
      "backpack_1": 0,
      "backpack_2": 0,
      "backpack_3": null,
      "buyback_log": null,
      "camps_stacked": null,
      "connection_log": null,
      "creeps_stacked": null,
      "damage": null,
      "damage_inflictor": null,
      "damage_inflictor_received": null,
      "damage_taken": null,
      "damage_targets": null,
      "deaths": 6,
      "denies": 5,
      "dn_t": null,
      "firstblood_claimed": null,
      "gold": 3568,
      "gold_per_min": 0,
      "gold_reasons": null,
      "gold_spent": 14155,
      "gold_t": null,
      "hero_damage": 17708,
      "hero_healing": 0,
      "hero_hits": null,
      "hero_id": -7,
      "item_0": 190,
      "item_1": 108,
      "item_2": 256,
      "item_3": 180,
      "item_4": 473,
      "item_5": 36,
      "item_neutral": 309,
      "item_uses": null,
      "kill_streaks": null,
      "killed": null,
      "killed_by": null,
      "kills": 7,
      "kills_log": null,
      "lane_pos": null,
      "last_hits": 150,
      "leaver_status": 0,
      "level": 21,
      "lh_t": null,
      "life_state": null,
      "max_hero_hit": null,
      "multi_kills": null,
      "net_worth": 16143,
      "obs": null,
      "obs_left_log": null,
      "obs_log": null,
      "obs_placed": null,
      "party_id": 0,
      "party_size": 0,
      "performance_others": null,
      "permanent_buffs": [
        {
          "permanent_buff": 6,
          "stack_count": 3,
          "grant_time": 889
        },
        {}
      ],
      "pings": null,
      "pred_vict": null,
      "purchase": null,
      "purchase_log": null,
      "randomed": null,
      "repicked": null,
      "roshans_killed": null,
      "rune_pickups": null,
      "runes": null,
      "runes_log": null,
      "sen": null,
      "sen_left_log": null,
      "sen_log": null,
      "sen_placed": null,
      "stuns": null,
      "teamfight_participation": null,
      "times": null,
      "tower_damage": 3096,
      "towers_killed": null,
      "xp_per_min": 574,
      "xp_reasons": null,
      "xp_t": null,
      "start_time": 0,
      "duration": 2497,
      "cluster": -60,
      "lobby_type": 0,
      "game_mode": 0,
      "is_contributor": false,
      "patch": 51,
      "region": 5,
      "isRadiant": true,
      "total_gold": 7994,
      "total_xp": 23887,
      "kills_per_min": 0.1682018422106528,
      "kda": 4,
      "abandons": 0,
      "rank_tier": null,
      "is_subscriber": false,
      "cosmetics": [],
      "benchmarks": {
        "gold_per_min": {},
        "xp_per_min": {
          "raw": 574,
          "pct": 0.5
        },
        "kills_per_min": {
          "raw": 0.00953618329054261,
          "pct": 0.625
        },
        "last_hits_per_min": {
          "raw": 0.4773503859684999,
          "pct": 0.625
        },
        "hero_damage_per_min": {
          "raw": 425.5026031237485,
          "pct": 0
        },
        "hero_healing_per_min": {
          "raw": 0,
          "pct": 0.375
        },
        "tower_damage": {
          "raw": 3096,
          "pct": 1
        },
        "stuns_per_min": {
          "raw": 0,
          "pct": 0.625
        },
        "lhten": {}
      }
    },
    {
      "player_slot": 1,
      "ability_targets": null,
      "ability_upgrades_arr": [
        5069,
        5071,
        5069,
        0,
        5069,
        5073,
        -1866,
        5071,
        5071,
        0,
        -387,
        5073,
        5072,
        5072,
        407,
        5072,
        0,
        -2543,
        6855,
        0
      ],
      "ability_uses": null,
      "actions": null,
      "additional_units": null,
      "assists": 8,
      "backpack_0": 0,
      "backpack_1": 0,
      "backpack_2": 0,
      "backpack_3": null,
      "buyback_log": null,
      "camps_stacked": null,
      "connection_log": null,
      "creeps_stacked": null,
      "damage": null,
      "damage_inflictor": null,
      "damage_inflictor_received": null,
      "damage_taken": null,
      "damage_targets": null,
      "deaths": 8,
      "denies": 1,
      "dn_t": null,
      "firstblood_claimed": null,
      "gold": 2791,
      "gold_per_min": 694,
      "gold_reasons": null,
      "gold_spent": 30820,
      "gold_t": null,
      "hero_damage": 55192,
      "hero_healing": 0,
      "hero_hits": null,
      "hero_id": 13,
      "item_0": 176,
      "item_1": 0,
      "item_2": 4,
      "item_3": 534,
      "item_4": 0,
      "item_5": 600,
      "item_neutral": 311,
      "item_uses": null,
      "kill_streaks": null,
      "killed": null,
      "killed_by": null,
      "kills": 39,
      "kills_log": null,
      "lane_pos": null,
      "last_hits": 180,
      "leaver_status": 0,
      "level": 27,
      "lh_t": null,
      "life_state": null,
      "max_hero_hit": null,
      "multi_kills": null,
      "net_worth": 25766,
      "obs": null,
      "obs_left_log": null,
      "obs_log": null,
      "obs_placed": null,
      "party_id": 0,
      "party_size": 2,
      "performance_others": null,
      "permanent_buffs": [],
      "pings": null,
      "pred_vict": null,
      "purchase": null,
      "purchase_log": null,
      "randomed": null,
      "repicked": null,
      "roshans_killed": null,
      "rune_pickups": null,
      "runes": null,
      "runes_log": null,
      "sen": null,
      "sen_left_log": null,
      "sen_log": null,
      "sen_placed": null,
      "stuns": null,
      "teamfight_participation": null,
      "times": null,
      "tower_damage": 1222,
      "towers_killed": null,
      "xp_per_min": 956,
      "xp_reasons": null,
      "xp_t": null,
      "start_time": 1669911938,
      "duration": 2497,
      "cluster": 153,
      "lobby_type": 7,
      "game_mode": 22,
      "is_contributor": false,
      "patch": 51,
      "region": 5,
      "isRadiant": true,
      "total_gold": 12404,
      "total_xp": 1038,
      "kills_per_min": 0.9371245494593512,
      "kda": 3,
      "abandons": 0,
      "rank_tier": null,
      "is_subscriber": false,
      "cosmetics": [],
      "benchmarks": {
        "gold_per_min": {},
        "xp_per_min": {
          "raw": 0,
          "pct": 0.875
        },
        "kills_per_min": {
          "raw": 0.9371245494593512,
          "pct": 1
        },
        "last_hits_per_min": {
          "raw": -1.8748279816166087,
          "pct": 0.08333333333333333
        },
        "hero_damage_per_min": {
          "raw": 1326.1994393271927,
          "pct": 0.9583333333333334
        },
        "hero_healing_per_min": {
          "raw": 0,
          "pct": 0.8333333333333334
        },
        "tower_damage": {},
        "stuns_per_min": {
          "raw": 0,
          "pct": 0
        },
        "lhten": {}
      }
    },
    {
      "player_slot": 2,
      "ability_targets": null,
      "ability_upgrades_arr": [
        0,
        631,
        5250,
        5249,
        631,
        5252,
        631,
        631,
        5250,
        5249,
        6676,
        -290,
        5250,
        5249,
        6009,
        5249,
        5252,
        709
      ],
      "ability_uses": null,
      "actions": null,
      "additional_units": null,
      "assists": 20,
      "backpack_0": 0,
      "backpack_1": 0,
      "backpack_2": 0,
      "backpack_3": null,
      "buyback_log": null,
      "camps_stacked": null,
      "connection_log": null,
      "creeps_stacked": null,
      "damage": null,
      "damage_inflictor": null,
      "damage_inflictor_received": null,
      "damage_taken": null,
      "damage_targets": null,
      "deaths": 5,
      "denies": 13,
      "dn_t": null,
      "firstblood_claimed": null,
      "gold": 0,
      "gold_per_min": 435,
      "gold_reasons": null,
      "gold_spent": 16445,
      "gold_t": null,
      "hero_damage": 11602,
      "hero_healing": 0,
      "hero_hits": null,
      "hero_id": 54,
      "item_0": 168,
      "item_1": 151,
      "item_2": 143,
      "item_3": 50,
      "item_4": 73,
      "item_5": 0,
      "item_neutral": 364,
      "item_uses": null,
      "kill_streaks": null,
      "killed": null,
      "killed_by": null,
      "kills": 4,
      "kills_log": null,
      "lane_pos": null,
      "last_hits": 168,
      "leaver_status": 0,
      "level": 23,
      "lh_t": null,
      "life_state": null,
      "max_hero_hit": null,
      "multi_kills": null,
      "net_worth": 0,
      "obs": null,
      "obs_left_log": null,
      "obs_log": null,
      "obs_placed": null,
      "party_id": 0,
      "party_size": 2,
      "performance_others": null,
      "permanent_buffs": [],
      "pings": null,
      "pred_vict": null,
      "purchase": null,
      "purchase_log": null,
      "randomed": null,
      "repicked": null,
      "roshans_killed": null,
      "rune_pickups": null,
      "runes": null,
      "runes_log": null,
      "sen": null,
      "sen_left_log": null,
      "sen_log": null,
      "sen_placed": null,
      "stuns": null,
      "teamfight_participation": null,
      "times": null,
      "tower_damage": 0,
      "towers_killed": null,
      "xp_per_min": 727,
      "xp_reasons": null,
      "xp_t": null,
      "personaname": "ACES4",
      "name": null,
      "last_login": null,
      "start_time": 0,
      "duration": 2497,
      "cluster": 153,
      "lobby_type": 7,
      "game_mode": 22,
      "is_contributor": false,
      "patch": 51,
      "region": -1,
      "isRadiant": true,
      "total_gold": 15397,
      "total_xp": 9406,
      "kills_per_min": 0.0961153384060873,
      "kda": 2,
      "abandons": 0,
      "rank_tier": 25,
      "is_subscriber": false,
      "cosmetics": [],
      "benchmarks": {
        "gold_per_min": {
          "raw": 435,
          "pct": 0.03225806451612903
        },
        "xp_per_min": {
          "raw": 0,
          "pct": 0.16129032258064516
        },
        "kills_per_min": {
          "raw": 0.0961153384060873,
          "pct": 0.0967741935483871
        },
        "last_hits_per_min": {
          "raw": 4.036844213055667,
          "pct": 0.03225806451612903
        },
        "hero_damage_per_min": {
          "raw": 278.78253904685624,
          "pct": 0.007661771250306168
        },
        "hero_healing_per_min": {
          "raw": 0,
          "pct": 0.41935483870967744
        },
        "tower_damage": {
          "raw": 7086,
          "pct": 0.5161290322580645
        },
        "stuns_per_min": {
          "raw": 0,
          "pct": 0.3225806451612903
        },
        "lhten": {}
      }
    },
    {
      "player_slot": 3,
      "ability_targets": null,
      "ability_upgrades_arr": [
        5115,
        5116,
        -484,
        5114,
        5116,
        -2448,
        5115,
        5116,
        5116,
        5115,
        5114,
        0,
        5114,
        5114,
        1085,
        6889,
        5117,
        6211
      ],
      "ability_uses": null,
      "actions": null,
      "additional_units": null,
      "assists": 26,
      "backpack_0": 0,
      "backpack_1": 0,
      "backpack_2": 0,
      "backpack_3": null,
      "buyback_log": null,
      "camps_stacked": null,
      "connection_log": null,
      "creeps_stacked": null,
      "damage": null,
      "damage_inflictor": null,
      "damage_inflictor_received": null,
      "damage_taken": null,
      "damage_targets": null,
      "deaths": 2,
      "denies": 18,
      "dn_t": null,
      "firstblood_claimed": null,
      "gold": 1888,
      "gold_per_min": 478,
      "gold_reasons": null,
      "gold_spent": 18440,
      "gold_t": null,
      "hero_damage": 13732,
      "hero_healing": 0,
      "hero_hits": null,
      "hero_id": 28,
      "item_0": 600,
      "item_1": 90,
      "item_2": 36,
      "item_3": 116,
      "item_4": 0,
      "item_5": 63,
      "item_neutral": 585,
      "item_uses": null,
      "kill_streaks": null,
      "killed": null,
      "killed_by": null,
      "kills": 3,
      "kills_log": null,
      "lane_pos": null,
      "last_hits": 191,
      "leaver_status": 0,
      "level": 23,
      "lh_t": null,
      "life_state": null,
      "max_hero_hit": null,
      "multi_kills": null,
      "net_worth": 19563,
      "obs": null,
      "obs_left_log": null,
      "obs_log": null,
      "obs_placed": null,
      "party_id": 2,
      "party_size": 1,
      "performance_others": null,
      "permanent_buffs": [
        {
          "permanent_buff": 12,
          "stack_count": 0,
          "grant_time": 1550
        }
      ],
      "pings": null,
      "pred_vict": null,
      "purchase": null,
      "purchase_log": null,
      "randomed": null,
      "repicked": null,
      "roshans_killed": null,
      "rune_pickups": null,
      "runes": null,
      "runes_log": null,
      "sen": null,
      "sen_left_log": null,
      "sen_log": null,
      "sen_placed": null,
      "stuns": null,
      "teamfight_participation": null,
      "times": null,
      "tower_damage": -1566,
      "towers_killed": null,
      "xp_per_min": 753,
      "xp_reasons": null,
      "xp_t": null,
      "personaname": "Nice",
      "name": null,
      "last_login": null,
      "start_time": 1669911938,
      "duration": -1225,
      "cluster": 153,
      "lobby_type": 7,
      "game_mode": 22,
      "is_contributor": false,
      "patch": 51,
      "region": -1,
      "isRadiant": true,
      "total_gold": 10086,
      "total_xp": 31337,
      "kills_per_min": 0.07208650380456548,
      "kda": 9,
      "abandons": 0,
      "rank_tier": 12,
      "is_subscriber": false,
      "cosmetics": [],
      "benchmarks": {
        "gold_per_min": {
          "raw": 478,
          "pct": 0.6
        },
        "xp_per_min": {
          "raw": 753,
          "pct": 0.9333333333333333
        },
        "kills_per_min": {
          "raw": 0.07208650380456548,
          "pct": 0.2
        },
        "last_hits_per_min": {
          "raw": 4.589507408890668,
          "pct": -0.22877264225428823
        },
        "hero_damage_per_min": {
          "raw": 329.9639567480977,
          "pct": 0.4666666666666667
        },
        "hero_healing_per_min": {
          "raw": 0,
          "pct": 0.9333333333333333
        },
        "tower_damage": {},
        "stuns_per_min": {
          "raw": 0,
          "pct": 0
        },
        "lhten": {}
      }
    },
    {
      "player_slot": 4,
      "ability_targets": null,
      "ability_upgrades_arr": [
        5450,
        5448,
        5450,
        7320,
        5450,
        5452,
        5450,
        7320,
        7320,
        7320,
        0,
        2691,
        6862,
        5448,
        518,
        5448,
        5452
      ],
      "ability_uses": null,
      "actions": null,
      "additional_units": null,
      "assists": 17,
      "backpack_0": 36,
      "backpack_1": 0,
      "backpack_2": 0,
      "backpack_3": null,
      "buyback_log": null,
      "camps_stacked": null,
      "connection_log": null,
      "creeps_stacked": null,
      "damage": null,
      "damage_inflictor": null,
      "damage_inflictor_received": null,
      "damage_taken": null,
      "damage_targets": null,
      "deaths": 9,
      "denies": 6,
      "dn_t": null,
      "firstblood_claimed": null,
      "gold": 780,
      "gold_per_min": 353,
      "gold_reasons": null,
      "gold_spent": 13220,
      "gold_t": null,
      "hero_damage": 15918,
      "hero_healing": 0,
      "hero_hits": null,
      "hero_id": -24,
      "item_0": 218,
      "item_1": 1,
      "item_2": 180,
      "item_3": 108,
      "item_4": 77,
      "item_5": 232,
      "item_neutral": 331,
      "item_uses": null,
      "kill_streaks": null,
      "killed": null,
      "killed_by": null,
      "kills": 6,
      "kills_log": null,
      "lane_pos": null,
      "last_hits": 91,
      "leaver_status": 0,
      "level": 19,
      "lh_t": null,
      "life_state": null,
      "max_hero_hit": null,
      "multi_kills": null,
      "net_worth": 13310,
      "obs": null,
      "obs_left_log": null,
      "obs_log": null,
      "obs_placed": null,
      "party_id": 3,
      "party_size": 1,
      "performance_others": null,
      "permanent_buffs": [
        {
          "permanent_buff": 12,
          "stack_count": 0,
          "grant_time": 1940
        }
      ],
      "pings": null,
      "pred_vict": null,
      "purchase": null,
      "purchase_log": null,
      "randomed": null,
      "repicked": null,
      "roshans_killed": null,
      "rune_pickups": null,
      "runes": null,
      "runes_log": null,
      "sen": null,
      "sen_left_log": null,
      "sen_log": null,
      "sen_placed": null,
      "stuns": null,
      "teamfight_participation": null,
      "times": null,
      "tower_damage": 1426,
      "towers_killed": null,
      "xp_per_min": 505,
      "xp_reasons": null,
      "xp_t": null,
      "start_time": 1669911938,
      "duration": 2497,
      "cluster": 153,
      "lobby_type": 7,
      "game_mode": 22,
      "is_contributor": false,
      "patch": -13,
      "region": 5,
      "isRadiant": true,
      "total_gold": 14690,
      "total_xp": 21016,
      "kills_per_min": 0.14417300760913096,
      "kda": 1,
      "abandons": 0,
      "rank_tier": null,
      "is_subscriber": false,
      "cosmetics": [],
      "benchmarks": {
        "gold_per_min": {
          "raw": 353,
          "pct": 0.6482758620689655
        },
        "xp_per_min": {},
        "kills_per_min": {
          "raw": -0.03511426214760433,
          "pct": 0.7172413793103448
        },
        "last_hits_per_min": {},
        "hero_damage_per_min": {
          "raw": 382.4909891870244,
          "pct": 0.2827586206896552
        },
        "hero_healing_per_min": {
          "raw": 0,
          "pct": 0.6482758620689655
        },
        "tower_damage": {
          "raw": 1426,
          "pct": 0.9379310344827586
        },
        "stuns_per_min": {},
        "lhten": {}
      }
    },
    {
      "player_slot": 128,
      "ability_targets": null,
      "ability_upgrades_arr": [
        927,
        -1671,
        5044,
        1502,
        5044,
        0,
        5044,
        0,
        5045,
        5046,
        0,
        5047,
        6600,
        5046,
        781,
        5046
      ],
      "ability_uses": null,
      "actions": null,
      "additional_units": null,
      "assists": 11,
      "backpack_0": 0,
      "backpack_1": 0,
      "backpack_2": 0,
      "backpack_3": null,
      "buyback_log": null,
      "camps_stacked": null,
      "connection_log": null,
      "creeps_stacked": null,
      "damage": null,
      "damage_inflictor": null,
      "damage_inflictor_received": null,
      "damage_taken": null,
      "damage_targets": null,
      "deaths": 11,
      "denies": 1,
      "dn_t": null,
      "firstblood_claimed": null,
      "gold": 1054,
      "gold_per_min": 221,
      "gold_reasons": null,
      "gold_spent": 8165,
      "gold_t": null,
      "hero_damage": 9555,
      "hero_healing": 0,
      "hero_hits": null,
      "hero_id": 26,
      "item_0": 214,
      "item_1": 232,
      "item_2": 254,
      "item_3": 100,
      "item_4": 0,
      "item_5": 0,
      "item_neutral": -77,
      "item_uses": null,
      "kill_streaks": null,
      "killed": null,
      "killed_by": null,
      "kills": 0,
      "kills_log": null,
      "lane_pos": null,
      "last_hits": 5,
      "leaver_status": 0,
      "level": 0,
      "lh_t": null,
      "life_state": null,
      "max_hero_hit": null,
      "multi_kills": null,
      "net_worth": -1959,
      "obs": null,
      "obs_left_log": null,
      "obs_log": null,
      "obs_placed": null,
      "party_id": 4,
      "party_size": 1,
      "performance_others": null,
      "permanent_buffs": [
        {
          "permanent_buff": 7,
          "stack_count": 3,
          "grant_time": 970
        }
      ],
      "pings": null,
      "pred_vict": null,
      "purchase": null,
      "purchase_log": null,
      "randomed": null,
      "repicked": null,
      "roshans_killed": null,
      "rune_pickups": null,
      "runes": null,
      "runes_log": null,
      "sen": null,
      "sen_left_log": null,
      "sen_log": null,
      "sen_placed": null,
      "stuns": null,
      "teamfight_participation": null,
      "times": null,
      "tower_damage": 0,
      "towers_killed": null,
      "xp_per_min": 383,
      "xp_reasons": null,
      "xp_t": null,
      "start_time": 1669911938,
      "duration": 0,
      "cluster": 153,
      "lobby_type": 7,
      "game_mode": 22,
      "is_contributor": false,
      "patch": 51,
      "region": -1,
      "isRadiant": false,
      "total_gold": 4512,
      "total_xp": 15939,
      "kills_per_min": 0.0961153384060873,
      "kda": 1,
      "abandons": 0,
      "rank_tier": null,
      "is_subscriber": false,
      "cosmetics": [],
      "benchmarks": {
        "gold_per_min": {
          "raw": 0,
          "pct": 0.125
        },
        "xp_per_min": {
          "raw": 383,
          "pct": 0.3125
        },
        "kills_per_min": {
          "raw": 0.0961153384060873,
          "pct": 0.53125
        },
        "last_hits_per_min": {
          "raw": 0.3604325190228274,
          "pct": 0.03125
        },
        "hero_damage_per_min": {
          "raw": 229.59551461754106,
          "pct": 0.28125
        },
        "hero_healing_per_min": {
          "raw": 0,
          "pct": 0.84375
        },
        "tower_damage": {
          "raw": 0,
          "pct": 0.28125
        },
        "stuns_per_min": {
          "raw": 0,
          "pct": 0
        },
        "lhten": {}
      }
    },
    {
      "player_slot": 129,
      "ability_targets": null,
      "ability_upgrades_arr": [
        0,
        5506,
        276,
        5504,
        5505,
        5504,
        5505,
        5504,
        5504,
        5507,
        920,
        5506,
        -384,
        5506,
        6392,
        0,
        5507,
        6687
      ],
      "ability_uses": null,
      "actions": null,
      "additional_units": null,
      "assists": 11,
      "backpack_0": 11,
      "backpack_1": 0,
      "backpack_2": 0,
      "backpack_3": null,
      "buyback_log": null,
      "camps_stacked": null,
      "connection_log": null,
      "creeps_stacked": null,
      "damage": null,
      "damage_inflictor": null,
      "damage_inflictor_received": null,
      "damage_taken": null,
      "damage_targets": null,
      "deaths": 4,
      "denies": 3,
      "dn_t": null,
      "firstblood_claimed": null,
      "gold": 1087,
      "gold_per_min": 456,
      "gold_reasons": null,
      "gold_spent": 16135,
      "gold_t": null,
      "hero_damage": 22275,
      "hero_healing": 0,
      "hero_hits": null,
      "hero_id": 94,
      "item_0": 42,
      "item_1": 75,
      "item_2": 166,
      "item_3": 54,
      "item_4": 149,
      "item_5": 63,
      "item_neutral": 949,
      "item_uses": null,
      "kill_streaks": null,
      "killed": null,
      "killed_by": null,
      "kills": 2,
      "kills_log": null,
      "lane_pos": null,
      "last_hits": -42,
      "leaver_status": 0,
      "level": 22,
      "lh_t": null,
      "life_state": null,
      "max_hero_hit": null,
      "multi_kills": null,
      "net_worth": 6212,
      "obs": null,
      "obs_left_log": null,
      "obs_log": null,
      "obs_placed": null,
      "party_id": 5,
      "party_size": 1,
      "performance_others": null,
      "permanent_buffs": [],
      "pings": null,
      "pred_vict": null,
      "purchase": null,
      "purchase_log": null,
      "randomed": null,
      "repicked": null,
      "roshans_killed": null,
      "rune_pickups": null,
      "runes": null,
      "runes_log": null,
      "sen": null,
      "sen_left_log": null,
      "sen_log": null,
      "sen_placed": null,
      "stuns": null,
      "teamfight_participation": null,
      "times": null,
      "tower_damage": 0,
      "towers_killed": null,
      "xp_per_min": 90,
      "xp_reasons": null,
      "xp_t": null,
      "start_time": 1669911938,
      "duration": 2497,
      "cluster": 0,
      "lobby_type": 7,
      "game_mode": 22,
      "is_contributor": false,
      "patch": 0,
      "region": 5,
      "isRadiant": false,
      "total_gold": 18977,
      "total_xp": 27175,
      "kills_per_min": 0.04805766920304365,
      "kda": 2,
      "abandons": 0,
      "rank_tier": null,
      "is_subscriber": false,
      "cosmetics": [],
      "benchmarks": {
        "gold_per_min": {
          "raw": 456,
          "pct": 0.2
        },
        "xp_per_min": {},
        "kills_per_min": {
          "raw": 0.04805766920304365,
          "pct": 0.2
        },
        "last_hits_per_min": {
          "raw": 6.487785342410893,
          "pct": 0
        },
        "hero_damage_per_min": {
          "raw": 535.2422907488987,
          "pct": 0.4
        },
        "hero_healing_per_min": {
          "raw": 0,
          "pct": 1
        },
        "tower_damage": {
          "raw": 0,
          "pct": 0
        },
        "stuns_per_min": {
          "raw": 0,
          "pct": 0.2
        },
        "lhten": {}
      }
    },
    {
      "player_slot": 25,
      "ability_targets": null,
      "ability_upgrades_arr": [
        5132,
        5131,
        5131,
        5130,
        5132,
        5133,
        5131,
        5131,
        5132,
        5132,
        5130,
        5133,
        7890,
        5130
      ],
      "ability_uses": null,
      "actions": null,
      "additional_units": null,
      "assists": 6,
      "backpack_0": 0,
      "backpack_1": 0,
      "backpack_2": 0,
      "backpack_3": null,
      "buyback_log": null,
      "camps_stacked": null,
      "connection_log": null,
      "creeps_stacked": null,
      "damage": null,
      "damage_inflictor": null,
      "damage_inflictor_received": null,
      "damage_taken": null,
      "damage_targets": null,
      "deaths": 0,
      "denies": 4,
      "dn_t": null,
      "firstblood_claimed": null,
      "gold": 1233,
      "gold_per_min": 53,
      "gold_reasons": null,
      "gold_spent": 8495,
      "gold_t": null,
      "hero_damage": 18029,
      "hero_healing": 0,
      "hero_hits": null,
      "hero_id": 21,
      "item_0": 1,
      "item_1": 50,
      "item_2": 36,
      "item_3": 77,
      "item_4": 1,
      "item_5": 0,
      "item_neutral": 358,
      "item_uses": null,
      "kill_streaks": null,
      "killed": null,
      "killed_by": null,
      "kills": -1,
      "kills_log": null,
      "lane_pos": null,
      "last_hits": 85,
      "leaver_status": 0,
      "level": 15,
      "lh_t": null,
      "life_state": null,
      "max_hero_hit": null,
      "multi_kills": null,
      "net_worth": 8738,
      "obs": null,
      "obs_left_log": null,
      "obs_log": null,
      "obs_placed": null,
      "party_id": 6,
      "party_size": 1,
      "performance_others": null,
      "permanent_buffs": [],
      "pings": null,
      "pred_vict": null,
      "purchase": null,
      "purchase_log": null,
      "randomed": null,
      "repicked": null,
      "roshans_killed": null,
      "rune_pickups": null,
      "runes": null,
      "runes_log": null,
      "sen": null,
      "sen_left_log": null,
      "sen_log": null,
      "sen_placed": null,
      "stuns": null,
      "teamfight_participation": null,
      "times": null,
      "tower_damage": 0,
      "towers_killed": null,
      "xp_per_min": 308,
      "xp_reasons": null,
      "xp_t": null,
      "start_time": 1669911938,
      "duration": 721,
      "cluster": 153,
      "lobby_type": 7,
      "game_mode": 22,
      "is_contributor": false,
      "patch": 51,
      "region": 5,
      "isRadiant": false,
      "total_gold": 4796,
      "total_xp": 12817,
      "kills_per_min": 0.0961153384060873,
      "kda": 0,
      "abandons": 0,
      "rank_tier": null,
      "is_subscriber": false,
      "cosmetics": [],
      "benchmarks": {
        "gold_per_min": {
          "raw": 267,
          "pct": 0.025
        },
        "xp_per_min": {
          "raw": 150,
          "pct": 0
        },
        "kills_per_min": {
          "raw": 0.0961153384060873,
          "pct": 0.05
        },
        "last_hits_per_min": {},
        "hero_damage_per_min": {
          "raw": 433.215859030837,
          "pct": 0.225
        },
        "hero_healing_per_min": {
          "raw": 0,
          "pct": 0.825
        },
        "tower_damage": {
          "raw": 0,
          "pct": 0.05
        },
        "stuns_per_min": {},
        "lhten": {}
      }
    },
    {
      "player_slot": 131,
      "ability_targets": null,
      "ability_upgrades_arr": [
        1522,
        5100,
        5099,
        5098,
        5098,
        5101,
        5098,
        5100,
        5100,
        7132,
        5100,
        5101,
        5099,
        0,
        6916,
        730,
        5099,
        5101,
        6167,
        6908
      ],
      "ability_uses": null,
      "actions": null,
      "additional_units": null,
      "assists": 10,
      "backpack_0": 60,
      "backpack_1": 0,
      "backpack_2": 0,
      "backpack_3": null,
      "buyback_log": null,
      "camps_stacked": null,
      "connection_log": null,
      "creeps_stacked": null,
      "damage": null,
      "damage_inflictor": null,
      "damage_inflictor_received": null,
      "damage_taken": null,
      "damage_targets": null,
      "deaths": 14,
      "denies": 4,
      "dn_t": null,
      "firstblood_claimed": null,
      "gold": 1456,
      "gold_per_min": 503,
      "gold_reasons": null,
      "gold_spent": 0,
      "gold_t": null,
      "hero_damage": 43400,
      "hero_healing": 0,
      "hero_hits": null,
      "hero_id": 17,
      "item_0": 41,
      "item_1": 0,
      "item_2": 259,
      "item_3": 40,
      "item_4": 96,
      "item_5": 98,
      "item_neutral": 834,
      "item_uses": null,
      "kill_streaks": null,
      "killed": null,
      "killed_by": null,
      "kills": 14,
      "kills_log": null,
      "lane_pos": null,
      "last_hits": 167,
      "leaver_status": 0,
      "level": 26,
      "lh_t": null,
      "life_state": null,
      "max_hero_hit": null,
      "multi_kills": null,
      "net_worth": -66,
      "obs": null,
      "obs_left_log": null,
      "obs_log": null,
      "obs_placed": null,
      "party_id": 7,
      "party_size": 1,
      "performance_others": null,
      "permanent_buffs": [
        {
          "permanent_buff": 6,
          "stack_count": 3,
          "grant_time": 867
        }
      ],
      "pings": null,
      "pred_vict": null,
      "purchase": null,
      "purchase_log": null,
      "randomed": null,
      "repicked": null,
      "roshans_killed": null,
      "rune_pickups": null,
      "runes": null,
      "runes_log": null,
      "sen": null,
      "sen_left_log": null,
      "sen_log": null,
      "sen_placed": null,
      "stuns": null,
      "teamfight_participation": null,
      "times": null,
      "tower_damage": 445,
      "towers_killed": null,
      "xp_per_min": 398,
      "xp_reasons": null,
      "xp_t": null,
      "start_time": 0,
      "duration": 2497,
      "cluster": 153,
      "lobby_type": -3,
      "game_mode": 22,
      "is_contributor": false,
      "patch": 51,
      "region": 5,
      "isRadiant": false,
      "total_gold": 20933,
      "total_xp": 37496,
      "kills_per_min": 0.3364036844213056,
      "kda": 1,
      "abandons": 0,
      "rank_tier": null,
      "is_subscriber": false,
      "cosmetics": [],
      "benchmarks": {
        "gold_per_min": {
          "raw": 503,
          "pct": 0.09317325815133697
        },
        "xp_per_min": {
          "raw": 901,
          "pct": 0.9117647058823529
        },
        "kills_per_min": {
          "raw": 0.3364036844213056,
          "pct": 0.6764705882352942
        },
        "last_hits_per_min": {
          "raw": 4.012815378454145,
          "pct": -0.03200286921469371
        },
        "hero_damage_per_min": {
          "raw": 1042.8514217060474,
          "pct": 0.8823529411764706
        },
        "hero_healing_per_min": {
          "raw": 0,
          "pct": 0.8529411764705882
        },
        "tower_damage": {
          "raw": 445,
          "pct": 0.20588235294117646
        },
        "stuns_per_min": {
          "raw": 0,
          "pct": 0.029411764705882353
        },
        "lhten": {}
      }
    },
    {
      "player_slot": 132,
      "ability_targets": null,
      "ability_upgrades_arr": [
        5111,
        5110,
        641,
        5110,
        0,
        5113,
        0,
        5111,
        641,
        0,
        641,
        5110,
        5113,
        5110,
        0
      ],
      "ability_uses": null,
      "actions": null,
      "additional_units": null,
      "assists": 12,
      "backpack_0": 0,
      "backpack_1": 0,
      "backpack_2": 0,
      "backpack_3": null,
      "buyback_log": null,
      "camps_stacked": null,
      "connection_log": null,
      "creeps_stacked": null,
      "damage": null,
      "damage_inflictor": null,
      "damage_inflictor_received": null,
      "damage_taken": null,
      "damage_targets": null,
      "deaths": 15,
      "denies": 7,
      "dn_t": null,
      "firstblood_claimed": null,
      "gold": 840,
      "gold_per_min": 275,
      "gold_reasons": null,
      "gold_spent": 9070,
      "gold_t": null,
      "hero_damage": 23162,
      "hero_healing": 0,
      "hero_hits": null,
      "hero_id": 22,
      "item_0": 180,
      "item_1": 190,
      "item_2": 37,
      "item_3": 43,
      "item_4": 232,
      "item_5": 77,
      "item_neutral": 840,
      "item_uses": null,
      "kill_streaks": null,
      "killed": null,
      "killed_by": null,
      "kills": 3,
      "kills_log": null,
      "lane_pos": null,
      "last_hits": 66,
      "leaver_status": 0,
      "level": 15,
      "lh_t": null,
      "life_state": null,
      "max_hero_hit": null,
      "multi_kills": null,
      "net_worth": 8095,
      "obs": null,
      "obs_left_log": null,
      "obs_log": null,
      "obs_placed": null,
      "party_id": -2,
      "party_size": 1,
      "performance_others": null,
      "permanent_buffs": [],
      "pings": null,
      "pred_vict": null,
      "purchase": null,
      "purchase_log": null,
      "randomed": null,
      "repicked": null,
      "roshans_killed": null,
      "rune_pickups": null,
      "runes": null,
      "runes_log": null,
      "sen": null,
      "sen_left_log": null,
      "sen_log": null,
      "sen_placed": null,
      "stuns": null,
      "teamfight_participation": null,
      "times": null,
      "tower_damage": 0,
      "towers_killed": null,
      "xp_per_min": 317,
      "xp_reasons": null,
      "xp_t": null,
      "start_time": 0,
      "duration": 2497,
      "cluster": 11,
      "lobby_type": 7,
      "game_mode": 22,
      "is_contributor": false,
      "patch": 51,
      "region": 5,
      "isRadiant": false,
      "total_gold": 11444,
      "total_xp": 13192,
      "kills_per_min": 0.07208650380456548,
      "kda": 0,
      "abandons": 0,
      "rank_tier": null,
      "is_subscriber": false,
      "cosmetics": [],
      "benchmarks": {
        "gold_per_min": {
          "raw": 275,
          "pct": 0.11428571428571428
        },
        "xp_per_min": {
          "raw": 317,
          "pct": 0.02857142857142857
        },
        "kills_per_min": {
          "raw": 0.07208650380456548,
          "pct": 0.08571428571428572
        },
        "last_hits_per_min": {
          "raw": 1.5859030837004406,
          "pct": 0.14285714285714285
        },
        "hero_damage_per_min": {
          "raw": 556.5558670404486,
          "pct": 0.035027037400986685
        },
        "hero_healing_per_min": {},
        "tower_damage": {
          "raw": 0,
          "pct": 0.22857142857142856
        },
        "stuns_per_min": {
          "raw": 0,
          "pct": 0
        },
        "lhten": {}
      }
    }
  ],
  "patch": 51,
  "region": 5
}