{
  "chat": null,
  "cluster": 128,
  "cosmetics": null,
  "dire_score": 53,
  "dire_team_id": null,
  "draft_timings": null,
  "duration": 3820,
  "engine": 0,
  "first_blood_time": 0,
  "game_mode": 22,
  "human_players": 10,
  "leagueid": 0,
  "lobby_type": 0,
  "match_seq_num": 5780378409,
  "negative_votes": 0,
  "objectives": null,
  "picks_bans": [
    {
      "is_pick": true,
      "hero_id": 101,
      "team": 0,
      "order": 0
    },
    {
      "is_pick": true,
      "hero_id": 113,
      "team": 0,
      "order": 1
    },
    {},
    {
      "is_pick": true,
      "hero_id": 20,
      "team": 1,
      "order": 3
    },
    {
      "is_pick": true,
      "hero_id": 21,
      "team": 1,
      "order": 4
    },
    {
      "is_pick": true,
      "hero_id": 6,
      "team": 1,
      "order": 5
    },
    {
      "is_pick": true,
      "hero_id": 68,
      "team": 0,
      "order": 6
    },
    {
      "is_pick": true,
      "hero_id": 70,
      "team": 0,
      "order": 7
    },
    {
      "is_pick": true,
      "hero_id": 49,
      "team": 0,
      "order": 8
    },
    {
      "is_pick": true,
      "hero_id": 44,
      "team": 1,
      "order": 9
    },
    {},
    {
      "is_pick": false,
      "hero_id": 35,
      "team": 0,
      "order": 11
    },
    {
      "is_pick": false,
      "hero_id": 14,
      "team": 0,
      "order": 12
    },
    {
      "is_pick": false,
      "hero_id": 99,
      "team": 0,
      "order": 13
    },
    {
      "is_pick": false,
      "hero_id": 93,
      "team": 0,
      "order": 14
    },
    {
      "is_pick": false,
      "hero_id": 113,
      "team": 1,
      "order": 15
    },
    {
      "is_pick": false,
      "hero_id": 22,
      "team": 1,
      "order": 5
    }
  ],
  "positive_votes": 0,
  "radiant_gold_adv": null,
  "radiant_score": 53,
  "radiant_team_id": null,
  "radiant_xp_adv": null,
  "skill": null,
  "start_time": 1669911208,
  "teamfights": null,
  "version": null,
  "replay_salt": 237890355,
  "series_id": 0,
  "series_type": 0,
  "players": [
    {
      "player_slot": 0,
      "ability_targets": null,
      "ability_upgrades_arr": [
        5359,
        5357,
        5359,
        5358,
        5359,
        5360,
        5359,
        5358,
        5358,
        5358,
        6975,
        5360,
        5357,
        5357,
        1062,
        5357,
        5360,
        6132,
        424,
        6926,
        0
      ],
      "ability_uses": null,
      "actions": null,
      "additional_units": null,
      "assists": 14,
      "backpack_0": 0,
      "backpack_1": 145,
      "backpack_2": 0,
      "backpack_3": null,
      "buyback_log": null,
      "camps_stacked": null,
      "connection_log": null,
      "creeps_stacked": null,
      "damage": null,
      "damage_inflictor": null,
      "damage_inflictor_received": null,
      "damage_taken": null,
      "damage_targets": null,
      "deaths": 14,
      "denies": 10,
      "dn_t": null,
      "firstblood_claimed": null,
      "gold": -371,
      "gold_per_min": 568,
      "gold_reasons": null,
      "gold_spent": 0,
      "gold_t": null,
      "hero_damage": 47903,
      "hero_healing": 455,
      "hero_hits": null,
      "hero_id": -34,
      "item_0": 1,
      "item_1": 116,
      "item_2": 48,
      "item_3": 108,
      "item_4": -12,
      "item_5": 135,
      "item_neutral": 376,
      "item_uses": null,
      "kill_streaks": null,
      "killed": null,
      "killed_by": null,
      "kills": 13,
      "kills_log": null,
      "lane_pos": null,
      "last_hits": 396,
      "leaver_status": 0,
      "level": 28,
      "lh_t": null,
      "life_state": null,
      "max_hero_hit": null,
      "multi_kills": null,
      "net_worth": 27299,
      "obs": null,
      "obs_left_log": null,
      "obs_log": null,
      "obs_placed": null,
      "party_id": 0,
      "party_size": 1,
      "performance_others": null,
      "permanent_buffs": [],
      "pings": null,
      "pred_vict": null,
      "purchase": null,
      "purchase_log": null,
      "randomed": null,
      "repicked": null,
      "roshans_killed": null,
      "rune_pickups": null,
      "runes": null,
      "runes_log": null,
      "sen": null,
      "sen_left_log": null,
      "sen_log": null,
      "sen_placed": null,
      "stuns": null,
      "teamfight_participation": null,
      "times": null,
      "tower_damage": 3009,
      "towers_killed": null,
      "xp_per_min": 711,
      "xp_reasons": null,
      "xp_t": null,
      "start_time": -148641109,
      "duration": 3820,
      "cluster": 273,
      "lobby_type": 0,
      "game_mode": 22,
      "is_contributor": false,
      "patch": 51,
      "region": 3,
      "isRadiant": true,
      "total_gold": 34898,
      "total_xp": 14622,
      "kills_per_min": 0.042721429236011084,
      "kda": 0,
      "abandons": 0,
      "rank_tier": null,
      "is_subscriber": false,
      "cosmetics": [],
      "benchmarks": {}
    },
    {
      "player_slot": 1,
      "ability_targets": null,
      "ability_upgrades_arr": [
        5582,
        5581,
        5581,
        5583,
        5581,
        5584,
        5581,
        5583,
        457,
        5925,
        5583,
        5584,
        5582,
        5582,
        6181,
        5582,
        5584,
        0,
        0
      ],
      "ability_uses": null,
      "actions": null,
      "additional_units": null,
      "assists": 18,
      "backpack_0": 0,
      "backpack_1": 0,
      "backpack_2": 0,
      "backpack_3": null,
      "buyback_log": null,
      "camps_stacked": null,
      "connection_log": null,
      "creeps_stacked": null,
      "damage": null,
      "damage_inflictor": null,
      "damage_inflictor_received": null,
      "damage_taken": null,
      "damage_targets": null,
      "deaths": 14,
      "denies": 0,
      "dn_t": null,
      "firstblood_claimed": null,
      "gold": 500,
      "gold_per_min": 77,
      "gold_reasons": null,
      "gold_spent": 15285,
      "gold_t": null,
      "hero_damage": 26234,
      "hero_healing": 0,
      "hero_hits": null,
      "hero_id": 101,
      "item_0": 180,
      "item_1": 152,
      "item_2": 176,
      "item_3": 0,
      "item_4": 232,
      "item_5": 77,
      "item_neutral": 0,
      "item_uses": null,
      "kill_streaks": null,
      "killed": null,
      "killed_by": null,
      "kills": 7,
      "kills_log": null,
      "lane_pos": null,
      "last_hits": 55,
      "leaver_status": 0,
      "level": 26,
      "lh_t": null,
      "life_state": null,
      "max_hero_hit": null,
      "multi_kills": null,
      "net_worth": 13830,
      "obs": null,
      "obs_left_log": null,
      "obs_log": null,
      "obs_placed": null,
      "party_id": 1,
      "party_size": 1,
      "performance_others": null,
      "permanent_buffs": [],
      "pings": null,
      "pred_vict": null,
      "purchase": null,
      "purchase_log": null,
      "randomed": null,
      "repicked": null,
      "roshans_killed": null,
      "rune_pickups": null,
      "runes": null,
      "runes_log": null,
      "sen": null,
      "sen_left_log": null,
      "sen_log": null,
      "sen_placed": null,
      "stuns": null,
      "teamfight_participation": null,
      "times": null,
      "tower_damage": 149,
      "towers_killed": null,
      "xp_per_min": 625,
      "xp_reasons": null,
      "xp_t": null,
      "start_time": 1669911208,
      "duration": 3820,
      "cluster": 0,
      "lobby_type": 0,
      "game_mode": 0,
      "is_contributor": false,
      "patch": 51,
      "region": 3,
      "isRadiant": true,
      "total_gold": 6842,
      "total_xp": 37971,
      "kills_per_min": 0.1099476439790576,
      "kda": 0,
      "abandons": 0,
      "rank_tier": null,
      "is_subscriber": false,
      "cosmetics": [],
      "benchmarks": {
        "gold_per_min": {
          "raw": 0,
          "pct": 0.6363636363636364
        },
        "xp_per_min": {
          "raw": 625,
          "pct": 0.9090909090909091
        },
        "kills_per_min": {
          "raw": 0.054811246497595965,
          "pct": 0.30303030303030304
        },
        "last_hits_per_min": {
          "raw": 0.8638743455497382,
          "pct": 0.48484848484848486
        },
        "hero_damage_per_min": {
          "raw": -16.576775148225828,
          "pct": 0.2727272727272727
        },
        "hero_healing_per_min": {
          "raw": 0,
          "pct": 0.8787878787878788
        },
        "tower_damage": {
          "raw": 149,
          "pct": 0.5454545454545454
        },
        "stuns_per_min": {
          "raw": 0,
          "pct": 0.5757575757575758
        },
        "lhten": {}
      }
    },
    {
      "player_slot": 2,
      "ability_targets": null,
      "ability_upgrades_arr": [
        -428,
        5677,
        5677,
        0,
        5677,
        0,
        5677,
        5679,
        5679,
        7120,
        0,
        5683,
        5678,
        5678,
        7105,
        -903,
        0,
        433,
        975,
        5959,
        7104
      ],
      "ability_uses": null,
      "actions": null,
      "additional_units": [
        {
          "unitname": "",
          "item_0": 1466,
          "item_1": 158,
          "item_2": 65,
          "item_3": 235,
          "item_4": 108,
          "item_5": 220,
          "backpack_0": 0,
          "backpack_1": 0,
          "backpack_2": 0,
          "item_neutral": 0
        }
      ],
      "assists": 23,
      "backpack_0": 0,
      "backpack_1": 0,
      "backpack_2": 0,
      "backpack_3": null,
      "buyback_log": null,
      "camps_stacked": null,
      "connection_log": null,
      "creeps_stacked": null,
      "damage": null,
      "damage_inflictor": null,
      "damage_inflictor_received": null,
      "damage_taken": null,
      "damage_targets": null,
      "deaths": 8,
      "denies": 0,
      "dn_t": null,
      "firstblood_claimed": null,
      "gold": 0,
      "gold_per_min": 53,
      "gold_reasons": null,
      "gold_spent": 29850,
      "gold_t": null,
      "hero_damage": 52319,
      "hero_healing": 0,
      "hero_hits": null,
      "hero_id": 113,
      "item_0": 1466,
      "item_1": 158,
      "item_2": 65,
      "item_3": 235,
      "item_4": 108,
      "item_5": -42,
      "item_neutral": 676,
      "item_uses": null,
      "kill_streaks": null,
      "killed": null,
      "killed_by": null,
      "kills": -3,
      "kills_log": null,
      "lane_pos": null,
      "last_hits": 203,
      "leaver_status": 0,
      "level": 28,
      "lh_t": null,
      "life_state": null,
      "max_hero_hit": null,
      "multi_kills": null,
      "net_worth": 30252,
      "obs": null,
      "obs_left_log": null,
      "obs_log": null,
      "obs_placed": null,
      "party_id": 2,
      "party_size": 1,
      "performance_others": null,
      "permanent_buffs": [
        {
          "permanent_buff": 12,
          "stack_count": 0,
          "grant_time": -1324
        }
      ],
      "pings": null,
      "pred_vict": null,
      "purchase": null,
      "purchase_log": null,
      "randomed": null,
      "repicked": null,
      "roshans_killed": null,
      "rune_pickups": null,
      "runes": null,
      "runes_log": null,
      "sen": null,
      "sen_left_log": null,
      "sen_log": null,
      "sen_placed": null,
      "stuns": null,
      "teamfight_participation": null,
      "times": null,
      "tower_damage": 4291,
      "towers_killed": null,
      "xp_per_min": 638,
      "xp_reasons": null,
      "xp_t": null,
      "start_time": 1669911208,
      "duration": 3820,
      "cluster": 273,
      "lobby_type": 0,
      "game_mode": -5,
      "is_contributor": false,
      "patch": 0,
      "region": 0,
      "isRadiant": true,
      "total_gold": 12622,
      "total_xp": 2018,
      "kills_per_min": 0.2198952879581152,
      "kda": 4,
      "abandons": 0,
      "rank_tier": null,
      "is_subscriber": false,
      "cosmetics": [],
      "benchmarks": {
        "gold_per_min": {
          "raw": 508,
          "pct": 0
        },
        "xp_per_min": {
          "raw": 638,
          "pct": 0
        },
        "kills_per_min": {
          "raw": 0.2198952879581152,
          "pct": 0.5
        },
        "last_hits_per_min": {
          "raw": 3.18848167539267,
          "pct": 0
        },
        "hero_damage_per_min": {
          "raw": 821.7643979057591,
          "pct": 0
        },
        "hero_healing_per_min": {
          "raw": 0,
          "pct": 1
        },
        "tower_damage": {
          "raw": 4291,
          "pct": 0.25
        },
        "stuns_per_min": {
          "raw": 0,
          "pct": 0
        },
        "lhten": {}
      }
    },
    {
      "player_slot": 3,
      "ability_targets": null,
      "ability_upgrades_arr": [
        5228,
        5226,
        5228,
        5226,
        5228,
        -1522,
        5228,
        5227,
        5226,
        7113,
        1788,
        5229,
        5227,
        5227,
        5976,
        2500,
        5229,
        740,
        6090,
        5938,
        6635,
        1043,
        742
      ],
      "ability_uses": null,
      "actions": null,
      "additional_units": null,
      "assists": 23,
      "backpack_0": 0,
      "backpack_1": 0,
      "backpack_2": 0,
      "backpack_3": null,
      "buyback_log": null,
      "camps_stacked": null,
      "connection_log": null,
      "creeps_stacked": null,
      "damage": null,
      "damage_inflictor": null,
      "damage_inflictor_received": null,
      "damage_taken": null,
      "damage_targets": null,
      "deaths": 9,
      "denies": 25,
      "dn_t": null,
      "firstblood_claimed": null,
      "gold": 101,
      "gold_per_min": 571,
      "gold_reasons": null,
      "gold_spent": 30985,
      "gold_t": null,
      "hero_damage": 38669,
      "hero_healing": 0,
      "hero_hits": null,
      "hero_id": 49,
      "item_0": 298,
      "item_1": 73,
      "item_2": 116,
      "item_3": 112,
      "item_4": 114,
      "item_5": -28,
      "item_neutral": 381,
      "item_uses": null,
      "kill_streaks": null,
      "killed": null,
      "killed_by": null,
      "kills": 12,
      "kills_log": null,
      "lane_pos": null,
      "last_hits": 0,
      "leaver_status": 0,
      "level": 30,
      "lh_t": null,
      "life_state": null,
      "max_hero_hit": null,
      "multi_kills": null,
      "net_worth": 2985,
      "obs": null,
      "obs_left_log": null,
      "obs_log": null,
      "obs_placed": null,
      "party_id": 0,
      "party_size": 1,
      "performance_others": null,
      "permanent_buffs": [
        {
          "permanent_buff": 2,
          "stack_count": 0,
          "grant_time": 2687
        },
        {
          "permanent_buff": 6,
          "stack_count": 6,
          "grant_time": 49
        }
      ],
      "pings": null,
      "pred_vict": null,
      "purchase": null,
      "purchase_log": null,
      "randomed": null,
      "repicked": null,
      "roshans_killed": null,
      "rune_pickups": null,
      "runes": null,
      "runes_log": null,
      "sen": null,
      "sen_left_log": null,
      "sen_log": null,
      "sen_placed": null,
      "stuns": null,
      "teamfight_participation": null,
      "times": null,
      "tower_damage": 6990,
      "towers_killed": null,
      "xp_per_min": 747,
      "xp_reasons": null,
      "xp_t": null,
      "start_time": 1669911208,
      "duration": 0,
      "cluster": 273,
      "lobby_type": 0,
      "game_mode": 0,
      "is_contributor": false,
      "patch": 51,
      "region": 3,
      "isRadiant": true,
      "total_gold": 15934,
      "total_xp": 5462,
      "kills_per_min": -0.06070804221580293,
      "kda": 1,
      "abandons": 0,
      "rank_tier": null,
      "is_subscriber": false,
      "cosmetics": [],
      "benchmarks": {}
    },
    {
      "player_slot": 4,
      "ability_targets": null,
      "ability_upgrades_arr": [
        5345,
        5347,
        5345,
        5346,
        5345,
        5348,
        5345,
        5346,
        0,
        7652,
        5347,
        5346,
        1987,
        5346,
        6214,
        1350,
        5348,
        6534,
        -2242,
        973,
        6352
      ],
      "ability_uses": null,
      "actions": null,
      "additional_units": null,
      "assists": 21,
      "backpack_0": 0,
      "backpack_1": 0,
      "backpack_2": 0,
      "backpack_3": null,
      "buyback_log": null,
      "camps_stacked": null,
      "connection_log": null,
      "creeps_stacked": null,
      "damage": null,
      "damage_inflictor": null,
      "damage_inflictor_received": null,
      "damage_taken": null,
      "damage_targets": null,
      "deaths": 8,
      "denies": 6,
      "dn_t": null,
      "firstblood_claimed": null,
      "gold": 4749,
      "gold_per_min": 454,
      "gold_reasons": null,
      "gold_spent": 23070,
      "gold_t": null,
      "hero_damage": 18650,
      "hero_healing": 0,
      "hero_hits": null,
      "hero_id": 68,
      "item_0": 180,
      "item_1": 1466,
      "item_2": 11,
      "item_3": 534,
      "item_4": 123,
      "item_5": 244,
      "item_neutral": 38,
      "item_uses": null,
      "kill_streaks": null,
      "killed": null,
      "killed_by": null,
      "kills": 1,
      "kills_log": null,
      "lane_pos": null,
      "last_hits": 211,
      "leaver_status": 0,
      "level": 28,
      "lh_t": null,
      "life_state": null,
      "max_hero_hit": null,
      "multi_kills": null,
      "net_worth": 27049,
      "obs": null,
      "obs_left_log": null,
      "obs_log": null,
      "obs_placed": null,
      "party_id": 4,
      "party_size": 1,
      "performance_others": null,
      "permanent_buffs": [],
      "pings": null,
      "pred_vict": null,
      "purchase": null,
      "purchase_log": null,
      "randomed": null,
      "repicked": null,
      "roshans_killed": null,
      "rune_pickups": null,
      "runes": null,
      "runes_log": null,
      "sen": null,
      "sen_left_log": null,
      "sen_log": null,
      "sen_placed": null,
      "stuns": null,
      "teamfight_participation": null,
      "times": null,
      "tower_damage": 2080,
      "towers_killed": null,
      "xp_per_min": 642,
      "xp_reasons": null,
      "xp_t": null,
      "start_time": 1669911208,
      "duration": 0,
      "cluster": 273,
      "lobby_type": 0,
      "game_mode": 22,
      "is_contributor": false,
      "patch": 51,
      "region": 3,
      "isRadiant": true,
      "total_gold": 28904,
      "total_xp": 22916,
      "kills_per_min": 0.1099476439790576,
      "kda": 3,
      "abandons": 0,
      "rank_tier": null,
      "is_subscriber": false,
      "cosmetics": [],
      "benchmarks": {
        "gold_per_min": {
          "raw": 454,
          "pct": 0.8571428571428571
        },
        "xp_per_min": {
          "raw": 642,
          "pct": 0.18693061069926023
        },
        "kills_per_min": {
          "raw": 0.1099476439790576,
          "pct": 0.2857142857142857
        },
        "last_hits_per_min": {
          "raw": 3.3141361256544504,
          "pct": 0.8571428571428571
        },
        "hero_damage_per_min": {
          "raw": 292.9319371727749,
          "pct": 0.21428571428571427
        },
        "hero_healing_per_min": {
          "raw": 0,
          "pct": 0.7857142857142857
        },
        "tower_damage": {},
        "stuns_per_min": {},
        "lhten": {}
      }
    },
    {
      "player_slot": 128,
      "ability_targets": null,
      "ability_upgrades_arr": [
        1049,
        5124,
        5122,
        1312,
        5122,
        0,
        0,
        5124,
        0,
        0,
        5123,
        5125,
        5123,
        5123,
        6978,
        5123,
        5125,
        790
      ],
      "ability_uses": null,
      "actions": null,
      "additional_units": null,
      "assists": 16,
      "backpack_0": 216,
      "backpack_1": 0,
      "backpack_2": 0,
      "backpack_3": null,
      "buyback_log": null,
      "camps_stacked": null,
      "connection_log": null,
      "creeps_stacked": null,
      "damage": null,
      "damage_inflictor": null,
      "damage_inflictor_received": null,
      "damage_taken": null,
      "damage_targets": null,
      "deaths": 12,
      "denies": 0,
      "dn_t": null,
      "firstblood_claimed": null,
      "gold": 2482,
      "gold_per_min": 254,
      "gold_reasons": null,
      "gold_spent": 2562,
      "gold_t": null,
      "hero_damage": 19327,
      "hero_healing": 0,
      "hero_hits": null,
      "hero_id": 20,
      "item_0": 214,
      "item_1": 36,
      "item_2": 102,
      "item_3": 226,
      "item_4": 218,
      "item_5": 0,
      "item_neutral": 288,
      "item_uses": null,
      "kill_streaks": null,
      "killed": null,
      "killed_by": null,
      "kills": 1,
      "kills_log": null,
      "lane_pos": null,
      "last_hits": 0,
      "leaver_status": 0,
      "level": 23,
      "lh_t": null,
      "life_state": null,
      "max_hero_hit": null,
      "multi_kills": null,
      "net_worth": 13897,
      "obs": null,
      "obs_left_log": null,
      "obs_log": null,
      "obs_placed": null,
      "party_id": 5,
      "party_size": 1,
      "performance_others": null,
      "permanent_buffs": [
        {
          "permanent_buff": 3,
          "stack_count": 0,
          "grant_time": -346
        }
      ],
      "pings": null,
      "pred_vict": null,
      "purchase": null,
      "purchase_log": null,
      "randomed": null,
      "repicked": null,
      "roshans_killed": null,
      "rune_pickups": null,
      "runes": null,
      "runes_log": null,
      "sen": null,
      "sen_left_log": null,
      "sen_log": null,
      "sen_placed": null,
      "stuns": null,
      "teamfight_participation": null,
      "times": null,
      "tower_damage": 0,
      "towers_killed": null,
      "xp_per_min": 457,
      "xp_reasons": null,
      "xp_t": null,
      "start_time": 0,
      "duration": 3820,
      "cluster": 273,
      "lobby_type": 0,
      "game_mode": 22,
      "is_contributor": false,
      "patch": 51,
      "region": 0,
      "isRadiant": false,
      "total_gold": 16171,
      "total_xp": 15168,
      "kills_per_min": 0.015706806282722512,
      "kda": 1,
      "abandons": 0,
      "rank_tier": null,
      "is_subscriber": false,
      "cosmetics": [],
      "benchmarks": {}
    },
    {
      "player_slot": 129,
      "ability_targets": null,
      "ability_upgrades_arr": [],
      "ability_uses": null,
      "actions": null,
      "additional_units": null,
      "assists": 17,
      "backpack_0": 0,
      "backpack_1": 0,
      "backpack_2": 0,
      "backpack_3": null,
      "buyback_log": null,
      "camps_stacked": null,
      "connection_log": null,
      "creeps_stacked": null,
      "damage": null,
      "damage_inflictor": null,
      "damage_inflictor_received": null,
      "damage_taken": null,
      "damage_targets": null,
      "deaths": 9,
      "denies": 2,
      "dn_t": null,
      "firstblood_claimed": null,
      "gold": 6681,
      "gold_per_min": 581,
      "gold_reasons": null,
      "gold_spent": 23940,
      "gold_t": null,
      "hero_damage": 68113,
      "hero_healing": 0,
      "hero_hits": null,
      "hero_id": 6,
      "item_0": 116,
      "item_1": 63,
      "item_2": 249,
      "item_3": 147,
      "item_4": 129,
      "item_5": -31,
      "item_neutral": 573,
      "item_uses": null,
      "kill_streaks": null,
      "killed": null,
      "killed_by": null,
      "kills": 15,
      "kills_log": null,
      "lane_pos": null,
      "last_hits": 292,
      "leaver_status": 0,
      "level": 10,
      "lh_t": null,
      "life_state": null,
      "max_hero_hit": null,
      "multi_kills": null,
      "net_worth": 28636,
      "obs": null,
      "obs_left_log": null,
      "obs_log": null,
      "obs_placed": null,
      "party_id": 6,
      "party_size": 1,
      "performance_others": null,
      "permanent_buffs": [
        {},
        {
          "permanent_buff": 12,
          "stack_count": 0,
          "grant_time": 2840
        }
      ],
      "pings": null,
      "pred_vict": null,
      "purchase": null,
      "purchase_log": null,
      "randomed": null,
      "repicked": null,
      "roshans_killed": null,
      "rune_pickups": null,
      "runes": null,
      "runes_log": null,
      "sen": null,
      "sen_left_log": null,
      "sen_log": null,
      "sen_placed": null,
      "stuns": null,
      "teamfight_participation": null,
      "times": null,
      "tower_damage": 8063,
      "towers_killed": null,
      "xp_per_min": 822,
      "xp_reasons": null,
      "xp_t": null,
      "start_time": 1669911208,
      "duration": 1598,
      "cluster": 273,
      "lobby_type": 0,
      "game_mode": 0,
      "is_contributor": false,
      "patch": 51,
      "region": 3,
      "isRadiant": false,
      "total_gold": 36990,
      "total_xp": 35735,
      "kills_per_min": 0.2356020942408377,
      "kda": 3,
      "abandons": 0,
      "rank_tier": null,
      "is_subscriber": false,
      "cosmetics": [],
      "benchmarks": {
        "gold_per_min": {
          "raw": 581,
          "pct": 0.4358974358974359
        },
        "xp_per_min": {
          "raw": 822,
          "pct": 0.7692307692307693
        },
        "kills_per_min": {
          "raw": 0.019810377938633193,
          "pct": 0.5897435897435898
        },
        "last_hits_per_min": {
          "raw": 4.5863874345549736,
          "pct": 0.05128205128205128
        },
        "hero_damage_per_min": {
          "raw": 1069.8376963350786,
          "pct": 0.9230769230769231
        },
        "hero_healing_per_min": {
          "raw": 0,
          "pct": 0.9743589743589743
        },
        "tower_damage": {
          "raw": -548,
          "pct": 0.6410256410256411
        },
        "stuns_per_min": {
          "raw": 0,
          "pct": 0.9487179487179487
        },
        "lhten": {}
      }
    },
    {
      "player_slot": -26,
      "ability_targets": null,
      "ability_upgrades_arr": [
        5370,
        5372,
        5371,
        5372,
        5372,
        5370,
        5370,
        5371,
        5372,
        2014,
        5371,
        5371,
        5371,
        5371,
        5372,
        7148,
        5370,
        5370,
        2399,
        0,
        5370,
        5372,
        -1840,
        5370,
        724
      ],
      "ability_uses": null,
      "actions": null,
      "additional_units": null,
      "assists": 7,
      "backpack_0": 0,
      "backpack_1": 0,
      "backpack_2": 0,
      "backpack_3": null,
      "buyback_log": null,
      "camps_stacked": null,
      "connection_log": null,
      "creeps_stacked": null,
      "damage": null,
      "damage_inflictor": null,
      "damage_inflictor_received": null,
      "damage_taken": null,
      "damage_targets": null,
      "deaths": 14,
      "denies": 0,
      "dn_t": null,
      "firstblood_claimed": null,
      "gold": 7598,
      "gold_per_min": 138,
      "gold_reasons": null,
      "gold_spent": 1381,
      "gold_t": null,
      "hero_damage": 34447,
      "hero_healing": 0,
      "hero_hits": null,
      "hero_id": 74,
      "item_0": 48,
      "item_1": 77,
      "item_2": 235,
      "item_3": 534,
      "item_4": 98,
      "item_5": 116,
      "item_neutral": 289,
      "item_uses": null,
      "kill_streaks": null,
      "killed": null,
      "killed_by": null,
      "kills": 9,
      "kills_log": null,
      "lane_pos": null,
      "last_hits": 178,
      "leaver_status": 0,
      "level": 0,
      "lh_t": null,
      "life_state": null,
      "max_hero_hit": null,
      "multi_kills": null,
      "net_worth": 26003,
      "obs": null,
      "obs_left_log": null,
      "obs_log": null,
      "obs_placed": null,
      "party_id": 7,
      "party_size": 0,
      "performance_others": null,
      "permanent_buffs": [],
      "pings": null,
      "pred_vict": null,
      "purchase": null,
      "purchase_log": null,
      "randomed": null,
      "repicked": null,
      "roshans_killed": null,
      "rune_pickups": null,
      "runes": null,
      "runes_log": null,
      "sen": null,
      "sen_left_log": null,
      "sen_log": null,
      "sen_placed": null,
      "stuns": null,
      "teamfight_participation": null,
      "times": null,
      "tower_damage": 1725,
      "towers_killed": null,
      "xp_per_min": 678,
      "xp_reasons": null,
      "xp_t": null,
      "start_time": 1669911208,
      "duration": 3820,
      "cluster": 273,
      "lobby_type": 0,
      "game_mode": 22,
      "is_contributor": false,
      "patch": 51,
      "region": 3,
      "isRadiant": false,
      "total_gold": 29541,
      "total_xp": 30108,
      "kills_per_min": 0.14136125654450263,
      "kda": 0,
      "abandons": 0,
      "rank_tier": null,
      "is_subscriber": false,
      "cosmetics": [],
      "benchmarks": {
        "gold_per_min": {
          "raw": 464,
          "pct": 0.3548387096774194
        },
        "xp_per_min": {
          "raw": -336,
          "pct": -0.09675819018421604
        },
        "kills_per_min": {
          "raw": 0.14136125654450263,
          "pct": 0.2903225806451613
        },
        "last_hits_per_min": {},
        "hero_damage_per_min": {
          "raw": 541.0523560209424,
          "pct": 0.2903225806451613
        },
        "hero_healing_per_min": {
          "raw": 0,
          "pct": 0.7096774193548387
        },
        "tower_damage": {},
        "stuns_per_min": {
          "raw": 0,
          "pct": 0
        },
        "lhten": {}
      }
    },
    {
      "player_slot": -60,
      "ability_targets": null,
      "ability_upgrades_arr": [
        5131,
        5132,
        5130,
        126,
        5131,
        5133,
        5131,
        5132,
        5132,
        5132,
        5130,
        5133,
        5130,
        5130,
        0,
        7890,
        1669,
        7889,
        6413,
        6144,
        0,
        0,
        1071
      ],
      "ability_uses": null,
      "actions": null,
      "additional_units": null,
      "assists": 3,
      "backpack_0": 574,
      "backpack_1": 206,
      "backpack_2": 0,
      "backpack_3": null,
      "buyback_log": null,
      "camps_stacked": null,
      "connection_log": null,
      "creeps_stacked": null,
      "damage": null,
      "damage_inflictor": null,
      "damage_inflictor_received": null,
      "damage_taken": null,
      "damage_targets": null,
      "deaths": 7,
      "denies": -1,
      "dn_t": null,
      "firstblood_claimed": null,
      "gold": 1980,
      "gold_per_min": 589,
      "gold_reasons": null,
      "gold_spent": 34190,
      "gold_t": null,
      "hero_damage": 0,
      "hero_healing": 0,
      "hero_hits": null,
      "hero_id": 21,
      "item_0": 166,
      "item_1": 116,
      "item_2": -56,
      "item_3": 48,
      "item_4": 141,
      "item_5": 112,
      "item_neutral": 290,
      "item_uses": null,
      "kill_streaks": null,
      "killed": null,
      "killed_by": null,
      "kills": 15,
      "kills_log": null,
      "lane_pos": null,
      "last_hits": 307,
      "leaver_status": 0,
      "level": 30,
      "lh_t": null,
      "life_state": null,
      "max_hero_hit": null,
      "multi_kills": null,
      "net_worth": 35905,
      "obs": null,
      "obs_left_log": null,
      "obs_log": null,
      "obs_placed": null,
      "party_id": 8,
      "party_size": 1,
      "performance_others": null,
      "permanent_buffs": [
        {
          "permanent_buff": 0,
          "stack_count": 0,
          "grant_time": 3706
        }
      ],
      "pings": null,
      "pred_vict": null,
      "purchase": null,
      "purchase_log": null,
      "randomed": null,
      "repicked": null,
      "roshans_killed": null,
      "rune_pickups": null,
      "runes": null,
      "runes_log": null,
      "sen": null,
      "sen_left_log": null,
      "sen_log": null,
      "sen_placed": null,
      "stuns": null,
      "teamfight_participation": null,
      "times": null,
      "tower_damage": 11875,
      "towers_killed": null,
      "xp_per_min": 0,
      "xp_reasons": null,
      "xp_t": null,
      "start_time": 1669911208,
      "duration": 3820,
      "cluster": 273,
      "lobby_type": 0,
      "game_mode": 22,
      "is_contributor": false,
      "patch": 51,
      "region": 3,
      "isRadiant": false,
      "total_gold": 5183,
      "total_xp": 46667,
      "kills_per_min": 0.2356020942408377,
      "kda": 1,
      "abandons": 0,
      "rank_tier": null,
      "is_subscriber": false,
      "cosmetics": [],
      "benchmarks": {
        "gold_per_min": {
          "raw": 589,
          "pct": 0.07173264848641292
        },
        "xp_per_min": {
          "raw": 733,
          "pct": 0.6
        },
        "kills_per_min": {
          "raw": 0.2356020942408377,
          "pct": 0.475
        },
        "last_hits_per_min": {
          "raw": 4.821989528795811,
          "pct": 0.5
        },
        "hero_damage_per_min": {
          "raw": 215.6657658217593,
          "pct": 0.575
        },
        "hero_healing_per_min": {
          "raw": 0,
          "pct": 0.825
        },
        "tower_damage": {},
        "stuns_per_min": {
          "raw": 0,
          "pct": 0
        },
        "lhten": {}
      }
    },
    {
      "player_slot": 132,
      "ability_targets": null,
      "ability_upgrades_arr": [
        5190,
        5191,
        5190,
        5192,
        5190,
        5193,
        1007,
        5191,
        5192,
        5192,
        5192,
        0,
        5191,
        5191,
        6848,
        559,
        5193,
        1074,
        6192,
        483,
        490,
        491,
        0
      ],
      "ability_uses": null,
      "actions": null,
      "additional_units": null,
      "assists": 7,
      "backpack_0": 0,
      "backpack_1": 0,
      "backpack_2": 0,
      "backpack_3": null,
      "buyback_log": null,
      "camps_stacked": null,
      "connection_log": null,
      "creeps_stacked": null,
      "damage": null,
      "damage_inflictor": null,
      "damage_inflictor_received": null,
      "damage_taken": null,
      "damage_targets": null,
      "deaths": 11,
      "denies": 10,
      "dn_t": null,
      "firstblood_claimed": null,
      "gold": 13868,
      "gold_per_min": 669,
      "gold_reasons": null,
      "gold_spent": 24715,
      "gold_t": null,
      "hero_damage": 53037,
      "hero_healing": 0,
      "hero_hits": null,
      "hero_id": 44,
      "item_0": 116,
      "item_1": 168,
      "item_2": 156,
      "item_3": 50,
      "item_4": 145,
      "item_5": 208,
      "item_neutral": -127,
      "item_uses": null,
      "kill_streaks": null,
      "killed": null,
      "killed_by": null,
      "kills": 12,
      "kills_log": null,
      "lane_pos": null,
      "last_hits": 441,
      "leaver_status": 0,
      "level": 30,
      "lh_t": null,
      "life_state": null,
      "max_hero_hit": null,
      "multi_kills": null,
      "net_worth": 38318,
      "obs": null,
      "obs_left_log": null,
      "obs_log": null,
      "obs_placed": null,
      "party_id": 9,
      "party_size": 0,
      "performance_others": null,
      "permanent_buffs": [
        {
          "permanent_buff": 6,
          "stack_count": 1,
          "grant_time": 2817
        }
      ],
      "pings": null,
      "pred_vict": null,
      "purchase": null,
      "purchase_log": null,
      "randomed": null,
      "repicked": null,
      "roshans_killed": null,
      "rune_pickups": null,
      "runes": null,
      "runes_log": null,
      "sen": null,
      "sen_left_log": null,
      "sen_log": null,
      "sen_placed": null,
      "stuns": null,
      "teamfight_participation": null,
      "times": null,
      "tower_damage": 7516,
      "towers_killed": null,
      "xp_per_min": 264,
      "xp_reasons": null,
      "xp_t": null,
      "start_time": 495188209,
      "duration": 3820,
      "cluster": 102,
      "lobby_type": 0,
      "game_mode": 0,
      "is_contributor": false,
      "patch": 0,
      "region": 3,
      "isRadiant": false,
      "total_gold": 26466,
      "total_xp": 45712,
      "kills_per_min": 0.18848167539267016,
      "kda": 0,
      "abandons": 0,
      "rank_tier": null,
      "is_subscriber": false,
      "cosmetics": [],
      "benchmarks": {
        "gold_per_min": {
          "raw": 669,
          "pct": 0.6666666666666666
        },
        "xp_per_min": {
          "raw": 718,
          "pct": 0.2962962962962963
        },
        "kills_per_min": {
          "raw": 0.18848167539267016,
          "pct": 0.25925925925925924
        },
        "last_hits_per_min": {
          "raw": 6.9267015706806285,
          "pct": 0.37037037037037035
        },
        "hero_damage_per_min": {
          "raw": 833.0418848167538,
          "pct": 0.5925925925925926
        },
        "hero_healing_per_min": {
          "raw": 0,
          "pct": 0.9629629629629629
        },
        "tower_damage": {
          "raw": 7516,
          "pct": 0.7407407407407407
        },
        "stuns_per_min": {
          "raw": 0,
          "pct": 0.4074074074074074
        },
        "lhten": {}
      }
    }
  ],
  "patch": 51,
  "region": 3
}