{
  "chat": null,
  "cluster": 251,
  "cosmetics": null,
  "dire_score": -3,
  "dire_team_id": null,
  "draft_timings": null,
  "duration": 1662,
  "engine": 1,
  "first_blood_time": 0,
  "game_mode": 23,
  "human_players": 10,
  "leagueid": 0,
  "lobby_type": 0,
  "match_seq_num": 5780358728,
  "negative_votes": 0,
  "objectives": null,
  "picks_bans": null,
  "positive_votes": 0,
  "radiant_gold_adv": null,
  "radiant_score": -3,
  "radiant_team_id": null,
  "radiant_xp_adv": null,
  "skill": null,
  "start_time": 1669912729,
  "teamfights": null,
  "version": null,
  "replay_salt": 1805640723,
  "series_id": 0,
  "series_type": 0,
  "players": [
    {
      "player_slot": 0,
      "ability_targets": null,
      "ability_upgrades_arr": [
        0,
        8429,
        8429,
        -531,
        8429,
        -2837,
        8429,
        8106,
        8158,
        9510,
        8158,
        8106,
        9501,
        0,
        9501,
        9501,
        8106,
        7011
      ],
      "ability_uses": null,
      "actions": null,
      "additional_units": null,
      "assists": 4,
      "backpack_0": 7,
      "backpack_1": 0,
      "backpack_2": 0,
      "backpack_3": null,
      "buyback_log": null,
      "camps_stacked": null,
      "connection_log": null,
      "creeps_stacked": null,
      "damage": null,
      "damage_inflictor": null,
      "damage_inflictor_received": null,
      "damage_taken": null,
      "damage_targets": null,
      "deaths": 3,
      "denies": 3,
      "dn_t": null,
      "firstblood_claimed": null,
      "gold": 0,
      "gold_per_min": 935,
      "gold_reasons": null,
      "gold_spent": 27490,
      "gold_t": null,
      "hero_damage": 18453,
      "hero_healing": 0,
      "hero_hits": null,
      "hero_id": 123,
      "item_0": 0,
      "item_1": 48,
      "item_2": 108,
      "item_3": 250,
      "item_4": 0,
      "item_5": 0,
      "item_neutral": -80,
      "item_uses": null,
      "kill_streaks": null,
      "killed": null,
      "killed_by": null,
      "kills": 1,
      "kills_log": null,
      "lane_pos": null,
      "last_hits": 0,
      "leaver_status": 0,
      "level": 24,
      "lh_t": null,
      "life_state": null,
      "max_hero_hit": null,
      "multi_kills": null,
      "net_worth": 25278,
      "obs": null,
      "obs_left_log": null,
      "obs_log": null,
      "obs_placed": null,
      "party_id": 0,
      "party_size": 1,
      "performance_others": null,
      "permanent_buffs": [
        {
          "permanent_buff": 6,
          "stack_count": 2,
          "grant_time": 851
        }
      ],
      "pings": null,
      "pred_vict": null,
      "purchase": null,
      "purchase_log": null,
      "randomed": null,
      "repicked": null,
      "roshans_killed": null,
      "rune_pickups": null,
      "runes": null,
      "runes_log": null,
      "sen": null,
      "sen_left_log": null,
      "sen_log": null,
      "sen_placed": null,
      "stuns": null,
      "teamfight_participation": null,
      "times": null,
      "tower_damage": 714,
      "towers_killed": null,
      "xp_per_min": 1235,
      "xp_reasons": null,
      "xp_t": null,
      "personaname": "DaR SiStEn",
      "name": null,
      "last_login": null,
      "start_time": 0,
      "duration": 0,
      "cluster": 251,
      "lobby_type": 0,
      "game_mode": 23,
      "is_contributor": false,
      "patch": 51,
      "region": 15,
      "isRadiant": true,
      "total_gold": 16559,
      "total_xp": 34209,
      "kills_per_min": 0.036101083032490974,
      "kda": 0,
      "abandons": 0,
      "rank_tier": 21,
      "is_subscriber": false,
      "cosmetics": [],
      "benchmarks": {
        "gold_per_min": {
          "raw": 935,
          "pct": 1
        },
        "xp_per_min": {},
        "kills_per_min": {
          "raw": 0.013880533963970253,
          "pct": 0.10344827586206896
        },
        "last_hits_per_min": {
          "raw": 1.0296835106948654,
          "pct": 0.9655172413793104
        },
        "hero_damage_per_min": {
          "raw": 666.173285198556,
          "pct": 0.9482758620689655
        },
        "hero_healing_per_min": {
          "raw": 0,
          "pct": 0.8275862068965517
        },
        "tower_damage": {
          "raw": 714,
          "pct": -0.2880674418217973
        },
        "stuns_per_min": {
          "raw": 0,
          "pct": 0.017241379310344827
        },
        "lhten": {}
      }
    },
    {
      "player_slot": 1,
      "ability_targets": null,
      "ability_upgrades_arr": [
        5421,
        5423,
        5423,
        5421,
        5423,
        5425,
        5421,
        5423,
        5421,
        5928,
        1001,
        5425,
        1001,
        1001,
        6208,
        1001,
        2238,
        0,
        7118,
        6873
      ],
      "ability_uses": null,
      "actions": null,
      "additional_units": null,
      "assists": 8,
      "backpack_0": 0,
      "backpack_1": 0,
      "backpack_2": 0,
      "backpack_3": null,
      "buyback_log": null,
      "camps_stacked": null,
      "connection_log": null,
      "creeps_stacked": null,
      "damage": null,
      "damage_inflictor": null,
      "damage_inflictor_received": null,
      "damage_taken": null,
      "damage_targets": null,
      "deaths": 3,
      "denies": 0,
      "dn_t": null,
      "firstblood_claimed": null,
      "gold": 0,
      "gold_per_min": -339,
      "gold_reasons": null,
      "gold_spent": 19550,
      "gold_t": null,
      "hero_damage": -5465,
      "hero_healing": 358,
      "hero_hits": null,
      "hero_id": 21,
      "item_0": 231,
      "item_1": 0,
      "item_2": 206,
      "item_3": 108,
      "item_4": 123,
      "item_5": 232,
      "item_neutral": 260,
      "item_uses": null,
      "kill_streaks": null,
      "killed": null,
      "killed_by": null,
      "kills": 8,
      "kills_log": null,
      "lane_pos": null,
      "last_hits": 80,
      "leaver_status": 0,
      "level": 27,
      "lh_t": null,
      "life_state": null,
      "max_hero_hit": null,
      "multi_kills": null,
      "net_worth": 10031,
      "obs": null,
      "obs_left_log": null,
      "obs_log": null,
      "obs_placed": null,
      "party_id": 1,
      "party_size": 1,
      "performance_others": null,
      "permanent_buffs": [],
      "pings": null,
      "pred_vict": null,
      "purchase": null,
      "purchase_log": null,
      "randomed": null,
      "repicked": null,
      "roshans_killed": null,
      "rune_pickups": null,
      "runes": null,
      "runes_log": null,
      "sen": null,
      "sen_left_log": null,
      "sen_log": null,
      "sen_placed": null,
      "stuns": null,
      "teamfight_participation": null,
      "times": null,
      "tower_damage": 0,
      "towers_killed": null,
      "xp_per_min": 1592,
      "xp_reasons": null,
      "xp_t": null,
      "start_time": 1669912729,
      "duration": 1662,
      "cluster": 251,
      "lobby_type": 0,
      "game_mode": 23,
      "is_contributor": false,
      "patch": 51,
      "region": 3,
      "isRadiant": true,
      "total_gold": 22492,
      "total_xp": 44098,
      "kills_per_min": 0.2888086642599278,
      "kda": 0,
      "abandons": 0,
      "rank_tier": null,
      "is_subscriber": false,
      "cosmetics": [],
      "benchmarks": {
        "gold_per_min": {
          "raw": -24,
          "pct": 1
        },
        "xp_per_min": {},
        "kills_per_min": {
          "raw": 0.2888086642599278,
          "pct": 0.9090909090909091
        },
        "last_hits_per_min": {
          "raw": 2.888086642599278,
          "pct": 0.8181818181818182
        },
        "hero_damage_per_min": {
          "raw": 674.9819494584838,
          "pct": 0.9090909090909091
        },
        "hero_healing_per_min": {
          "raw": 12.924187725631768,
          "pct": 0.36363636363636365
        },
        "tower_damage": {
          "raw": 0,
          "pct": 0.09090909090909091
        },
        "stuns_per_min": {
          "raw": 0,
          "pct": 0
        },
        "lhten": {}
      }
    },
    {
      "player_slot": 2,
      "ability_targets": null,
      "ability_upgrades_arr": [
        0,
        5154,
        0,
        5154,
        5155,
        5157,
        -1856,
        5155,
        5154,
        928,
        5154,
        0,
        -1691,
        0,
        5907,
        5156,
        0,
        6896,
        5943
      ],
      "ability_uses": null,
      "actions": null,
      "additional_units": null,
      "assists": 7,
      "backpack_0": 38,
      "backpack_1": 0,
      "backpack_2": 0,
      "backpack_3": null,
      "buyback_log": null,
      "camps_stacked": null,
      "connection_log": null,
      "creeps_stacked": null,
      "damage": null,
      "damage_inflictor": null,
      "damage_inflictor_received": null,
      "damage_taken": null,
      "damage_targets": null,
      "deaths": 0,
      "denies": 2,
      "dn_t": null,
      "firstblood_claimed": null,
      "gold": 1817,
      "gold_per_min": 1197,
      "gold_reasons": null,
      "gold_spent": 33315,
      "gold_t": null,
      "hero_damage": 43683,
      "hero_healing": 0,
      "hero_hits": null,
      "hero_id": 35,
      "item_0": 263,
      "item_1": 152,
      "item_2": 156,
      "item_3": -3,
      "item_4": 135,
      "item_5": 247,
      "item_neutral": 376,
      "item_uses": null,
      "kill_streaks": null,
      "killed": null,
      "killed_by": null,
      "kills": 10,
      "kills_log": null,
      "lane_pos": null,
      "last_hits": 175,
      "leaver_status": 0,
      "level": 27,
      "lh_t": null,
      "life_state": null,
      "max_hero_hit": null,
      "multi_kills": null,
      "net_worth": 12676,
      "obs": null,
      "obs_left_log": null,
      "obs_log": null,
      "obs_placed": null,
      "party_id": 0,
      "party_size": 2,
      "performance_others": null,
      "permanent_buffs": [],
      "pings": null,
      "pred_vict": null,
      "purchase": null,
      "purchase_log": null,
      "randomed": null,
      "repicked": null,
      "roshans_killed": null,
      "rune_pickups": null,
      "runes": null,
      "runes_log": null,
      "sen": null,
      "sen_left_log": null,
      "sen_log": null,
      "sen_placed": null,
      "stuns": null,
      "teamfight_participation": null,
      "times": null,
      "tower_damage": 0,
      "towers_killed": null,
      "xp_per_min": 1579,
      "xp_reasons": null,
      "xp_t": null,
      "start_time": 1669912729,
      "duration": 1662,
      "cluster": 251,
      "lobby_type": 0,
      "game_mode": 0,
      "is_contributor": false,
      "patch": -3,
      "region": 15,
      "isRadiant": true,
      "total_gold": 20427,
      "total_xp": 43738,
      "kills_per_min": 0.36101083032490977,
      "kda": 1,
      "abandons": 0,
      "rank_tier": null,
      "is_subscriber": false,
      "cosmetics": [],
      "benchmarks": {}
    },
    {
      "player_slot": 3,
      "ability_targets": null,
      "ability_upgrades_arr": [
        0,
        8006,
        8007,
        0,
        8000,
        6491,
        8007,
        8000,
        8006,
        705,
        8007,
        6491,
        8007,
        8006,
        508,
        8006,
        6491,
        8003
      ],
      "ability_uses": null,
      "actions": null,
      "additional_units": null,
      "assists": 0,
      "backpack_0": 0,
      "backpack_1": 0,
      "backpack_2": 0,
      "backpack_3": null,
      "buyback_log": null,
      "camps_stacked": null,
      "connection_log": null,
      "creeps_stacked": null,
      "damage": null,
      "damage_inflictor": null,
      "damage_inflictor_received": null,
      "damage_taken": null,
      "damage_targets": null,
      "deaths": 6,
      "denies": 0,
      "dn_t": null,
      "firstblood_claimed": null,
      "gold": 2494,
      "gold_per_min": 528,
      "gold_reasons": null,
      "gold_spent": 12810,
      "gold_t": null,
      "hero_damage": 8326,
      "hero_healing": 0,
      "hero_hits": null,
      "hero_id": 121,
      "item_0": 98,
      "item_1": 0,
      "item_2": 254,
      "item_3": 108,
      "item_4": 0,
      "item_5": 180,
      "item_neutral": 0,
      "item_uses": null,
      "kill_streaks": null,
      "killed": null,
      "killed_by": null,
      "kills": 2,
      "kills_log": null,
      "lane_pos": null,
      "last_hits": 11,
      "leaver_status": 0,
      "level": 10,
      "lh_t": null,
      "life_state": null,
      "max_hero_hit": null,
      "multi_kills": null,
      "net_worth": 14849,
      "obs": null,
      "obs_left_log": null,
      "obs_log": null,
      "obs_placed": null,
      "party_id": 2,
      "party_size": 2,
      "performance_others": null,
      "permanent_buffs": [],
      "pings": null,
      "pred_vict": null,
      "purchase": null,
      "purchase_log": null,
      "randomed": null,
      "repicked": null,
      "roshans_killed": null,
      "rune_pickups": null,
      "runes": null,
      "runes_log": null,
      "sen": null,
      "sen_left_log": null,
      "sen_log": null,
      "sen_placed": null,
      "stuns": null,
      "teamfight_participation": null,
      "times": null,
      "tower_damage": 44,
      "towers_killed": null,
      "xp_per_min": 1162,
      "xp_reasons": null,
      "xp_t": null,
      "start_time": 1669912729,
      "duration": 1662,
      "cluster": 251,
      "lobby_type": 0,
      "game_mode": 23,
      "is_contributor": false,
      "patch": 51,
      "region": 15,
      "isRadiant": true,
      "total_gold": 3383,
      "total_xp": 30691,
      "kills_per_min": 0.07220216606498195,
      "kda": 1,
      "abandons": 0,
      "rank_tier": null,
      "is_subscriber": false,
      "cosmetics": [],
      "benchmarks": {
        "gold_per_min": {
          "raw": 528,
          "pct": 1
        },
        "xp_per_min": {
          "raw": 1162,
          "pct": 1
        },
        "kills_per_min": {
          "raw": 0.07220216606498195,
          "pct": 0.25
        },
        "last_hits_per_min": {
          "raw": 1.444043321299639,
          "pct": 0.75
        },
        "hero_damage_per_min": {
          "raw": 300.57761732851986,
          "pct": 0.3333333333333333
        },
        "hero_healing_per_min": {
          "raw": 0,
          "pct": 0.4166666666666667
        },
        "tower_damage": {
          "raw": 0,
          "pct": 0.5833333333333334
        },
        "stuns_per_min": {
          "raw": 0,
          "pct": 0
        },
        "lhten": {}
      }
    },
    {
      "player_slot": 4,
      "ability_targets": null,
      "ability_upgrades_arr": [
        6495,
        6583,
        6495,
        6583,
        6582,
        6598,
        0,
        6495,
        6583,
        6583,
        1020,
        0,
        6582,
        6582,
        545,
        -162,
        6598,
        3186
      ],
      "ability_uses": null,
      "actions": null,
      "additional_units": null,
      "assists": 8,
      "backpack_0": 73,
      "backpack_1": 17,
      "backpack_2": 0,
      "backpack_3": null,
      "buyback_log": null,
      "camps_stacked": null,
      "connection_log": null,
      "creeps_stacked": null,
      "damage": null,
      "damage_inflictor": null,
      "damage_inflictor_received": null,
      "damage_taken": null,
      "damage_targets": null,
      "deaths": 7,
      "denies": 0,
      "dn_t": null,
      "firstblood_claimed": null,
      "gold": 362,
      "gold_per_min": 649,
      "gold_reasons": null,
      "gold_spent": 17450,
      "gold_t": null,
      "hero_damage": 11400,
      "hero_healing": 0,
      "hero_hits": null,
      "hero_id": 129,
      "item_0": 0,
      "item_1": 0,
      "item_2": 218,
      "item_3": 29,
      "item_4": 168,
      "item_5": -9,
      "item_neutral": 638,
      "item_uses": null,
      "kill_streaks": null,
      "killed": null,
      "killed_by": null,
      "kills": 1,
      "kills_log": null,
      "lane_pos": null,
      "last_hits": 120,
      "leaver_status": 0,
      "level": 24,
      "lh_t": null,
      "life_state": null,
      "max_hero_hit": null,
      "multi_kills": null,
      "net_worth": 18398,
      "obs": null,
      "obs_left_log": null,
      "obs_log": null,
      "obs_placed": null,
      "party_id": 3,
      "party_size": 1,
      "performance_others": null,
      "permanent_buffs": [
        {
          "permanent_buff": 5,
          "stack_count": -5,
          "grant_time": 1457
        },
        {
          "permanent_buff": 12,
          "stack_count": 0,
          "grant_time": 1521
        }
      ],
      "pings": null,
      "pred_vict": null,
      "purchase": null,
      "purchase_log": null,
      "randomed": null,
      "repicked": null,
      "roshans_killed": null,
      "rune_pickups": null,
      "runes": null,
      "runes_log": null,
      "sen": null,
      "sen_left_log": null,
      "sen_log": null,
      "sen_placed": null,
      "stuns": null,
      "teamfight_participation": null,
      "times": null,
      "tower_damage": 86,
      "towers_killed": null,
      "xp_per_min": 1206,
      "xp_reasons": null,
      "xp_t": null,
      "start_time": 1669912729,
      "duration": 1662,
      "cluster": 251,
      "lobby_type": 0,
      "game_mode": 2,
      "is_contributor": false,
      "patch": 51,
      "region": -1,
      "isRadiant": true,
      "total_gold": 7337,
      "total_xp": 25682,
      "kills_per_min": 0.036101083032490974,
      "kda": 0,
      "abandons": 0,
      "rank_tier": null,
      "is_subscriber": false,
      "cosmetics": [],
      "benchmarks": {
        "gold_per_min": {
          "raw": 649,
          "pct": 1
        },
        "xp_per_min": {
          "raw": 1206,
          "pct": 1
        },
        "kills_per_min": {
          "raw": -0.01559126190953209,
          "pct": 0.045454545454545456
        },
        "last_hits_per_min": {
          "raw": 1.576625055980861,
          "pct": 0.3409090909090909
        },
        "hero_damage_per_min": {
          "raw": 411.5523465703971,
          "pct": 0.25
        },
        "hero_healing_per_min": {},
        "tower_damage": {
          "raw": 86,
          "pct": 0.04010842033090561
        },
        "stuns_per_min": {},
        "lhten": {}
      }
    },
    {
      "player_slot": 128,
      "ability_targets": null,
      "ability_upgrades_arr": [
        -33,
        5269,
        0,
        5269,
        0,
        5267,
        0,
        5269,
        5269,
        -1509,
        5267,
        5268,
        5268,
        5268,
        6253,
        5268,
        -1288,
        0,
        6515,
        8432
      ],
      "ability_uses": null,
      "actions": null,
      "additional_units": null,
      "assists": 0,
      "backpack_0": 0,
      "backpack_1": 0,
      "backpack_2": 0,
      "backpack_3": null,
      "buyback_log": null,
      "camps_stacked": null,
      "connection_log": null,
      "creeps_stacked": null,
      "damage": null,
      "damage_inflictor": null,
      "damage_inflictor_received": null,
      "damage_taken": null,
      "damage_targets": null,
      "deaths": 3,
      "denies": 4,
      "dn_t": null,
      "firstblood_claimed": null,
      "gold": 0,
      "gold_per_min": 1077,
      "gold_reasons": null,
      "gold_spent": 23600,
      "gold_t": null,
      "hero_damage": 0,
      "hero_healing": 1129,
      "hero_hits": null,
      "hero_id": 58,
      "item_0": 23,
      "item_1": 96,
      "item_2": 98,
      "item_3": 48,
      "item_4": 36,
      "item_5": 911,
      "item_neutral": 571,
      "item_uses": null,
      "kill_streaks": null,
      "killed": null,
      "killed_by": null,
      "kills": 3,
      "kills_log": null,
      "lane_pos": null,
      "last_hits": 5,
      "leaver_status": 0,
      "level": 28,
      "lh_t": null,
      "life_state": null,
      "max_hero_hit": null,
      "multi_kills": null,
      "net_worth": 29669,
      "obs": null,
      "obs_left_log": null,
      "obs_log": null,
      "obs_placed": null,
      "party_id": 4,
      "party_size": 1,
      "performance_others": null,
      "permanent_buffs": [],
      "pings": null,
      "pred_vict": null,
      "purchase": null,
      "purchase_log": null,
      "randomed": null,
      "repicked": null,
      "roshans_killed": null,
      "rune_pickups": null,
      "runes": null,
      "runes_log": null,
      "sen": null,
      "sen_left_log": null,
      "sen_log": null,
      "sen_placed": null,
      "stuns": null,
      "teamfight_participation": null,
      "times": null,
      "tower_damage": 3819,
      "towers_killed": null,
      "xp_per_min": -164,
      "xp_reasons": null,
      "xp_t": null,
      "personaname": "Mecc Fx",
      "name": null,
      "last_login": null,
      "start_time": 1669912729,
      "duration": 1662,
      "cluster": 251,
      "lobby_type": 0,
      "game_mode": 23,
      "is_contributor": false,
      "patch": 51,
      "region": 2,
      "isRadiant": false,
      "total_gold": 2044,
      "total_xp": 40109,
      "kills_per_min": 0.5415162454873647,
      "kda": 0,
      "abandons": 0,
      "rank_tier": 21,
      "is_subscriber": false,
      "cosmetics": [],
      "benchmarks": {
        "gold_per_min": {
          "raw": 1077,
          "pct": 1
        },
        "xp_per_min": {
          "raw": 1448,
          "pct": 1
        },
        "kills_per_min": {},
        "last_hits_per_min": {
          "raw": 2.1660649819494586,
          "pct": 0.2857142857142857
        },
        "hero_damage_per_min": {
          "raw": 797.7617328519856,
          "pct": 0.8
        },
        "hero_healing_per_min": {
          "raw": 40.758122743682314,
          "pct": 0.42857142857142855
        },
        "tower_damage": {
          "raw": 508,
          "pct": 0.7428571428571429
        },
        "stuns_per_min": {
          "raw": 0,
          "pct": 0.4
        },
        "lhten": {}
      }
    },
    {
      "player_slot": 129,
      "ability_targets": null,
      "ability_upgrades_arr": [
        5147,
        5148,
        5147,
        0,
        5147,
        5149,
        5148,
        0,
        5147,
        461,
        5146,
        5149,
        5146,
        5146,
        5146,
        5903,
        5149,
        620,
        6065,
        346
      ],
      "ability_uses": null,
      "actions": null,
      "additional_units": null,
      "assists": 14,
      "backpack_0": 0,
      "backpack_1": 0,
      "backpack_2": 0,
      "backpack_3": null,
      "buyback_log": null,
      "camps_stacked": null,
      "connection_log": null,
      "creeps_stacked": null,
      "damage": null,
      "damage_inflictor": null,
      "damage_inflictor_received": null,
      "damage_taken": null,
      "damage_targets": null,
      "deaths": 1,
      "denies": -6,
      "dn_t": null,
      "firstblood_claimed": null,
      "gold": 821,
      "gold_per_min": 971,
      "gold_reasons": null,
      "gold_spent": 26705,
      "gold_t": null,
      "hero_damage": 25422,
      "hero_healing": 0,
      "hero_hits": null,
      "hero_id": 0,
      "item_0": 29,
      "item_1": 116,
      "item_2": 604,
      "item_3": 29,
      "item_4": 110,
      "item_5": 235,
      "item_neutral": 0,
      "item_uses": null,
      "kill_streaks": null,
      "killed": null,
      "killed_by": null,
      "kills": 3,
      "kills_log": null,
      "lane_pos": null,
      "last_hits": 102,
      "leaver_status": 0,
      "level": 27,
      "lh_t": null,
      "life_state": null,
      "max_hero_hit": null,
      "multi_kills": null,
      "net_worth": 26746,
      "obs": null,
      "obs_left_log": null,
      "obs_log": null,
      "obs_placed": null,
      "party_id": -1,
      "party_size": 2,
      "performance_others": null,
      "permanent_buffs": [
        {
          "permanent_buff": 6,
          "stack_count": 0,
          "grant_time": 829
        }
      ],
      "pings": null,
      "pred_vict": null,
      "purchase": null,
      "purchase_log": null,
      "randomed": null,
      "repicked": null,
      "roshans_killed": null,
      "rune_pickups": null,
      "runes": null,
      "runes_log": null,
      "sen": null,
      "sen_left_log": null,
      "sen_log": null,
      "sen_placed": null,
      "stuns": null,
      "teamfight_participation": null,
      "times": null,
      "tower_damage": 3092,
      "towers_killed": null,
      "xp_per_min": 1458,
      "xp_reasons": null,
      "xp_t": null,
      "start_time": 1669912729,
      "duration": 1662,
      "cluster": 251,
      "lobby_type": 0,
      "game_mode": -3,
      "is_contributor": false,
      "patch": 51,
      "region": 15,
      "isRadiant": false,
      "total_gold": 26896,
      "total_xp": 5569,
      "kills_per_min": 0.10830324909747292,
      "kda": 7,
      "abandons": 0,
      "rank_tier": null,
      "is_subscriber": false,
      "cosmetics": [],
      "benchmarks": {
        "gold_per_min": {},
        "xp_per_min": {
          "raw": 1458,
          "pct": 1
        },
        "kills_per_min": {
          "raw": 0.10830324909747292,
          "pct": 0.6842105263157895
        },
        "last_hits_per_min": {
          "raw": 3.6823104693140793,
          "pct": 0.21052631578947367
        },
        "hero_damage_per_min": {
          "raw": 917.7617328519856,
          "pct": 1
        },
        "hero_healing_per_min": {
          "raw": 0,
          "pct": 0.3684210526315789
        },
        "tower_damage": {
          "raw": 3092,
          "pct": 0.5789473684210527
        },
        "stuns_per_min": {
          "raw": 0,
          "pct": 0
        },
        "lhten": {}
      }
    },
    {
      "player_slot": -55,
      "ability_targets": null,
      "ability_upgrades_arr": [],
      "ability_uses": null,
      "actions": null,
      "additional_units": null,
      "assists": 10,
      "backpack_0": 0,
      "backpack_1": 0,
      "backpack_2": 0,
      "backpack_3": null,
      "buyback_log": null,
      "camps_stacked": null,
      "connection_log": null,
      "creeps_stacked": null,
      "damage": null,
      "damage_inflictor": null,
      "damage_inflictor_received": null,
      "damage_taken": null,
      "damage_targets": null,
      "deaths": 9,
      "denies": 7,
      "dn_t": null,
      "firstblood_claimed": null,
      "gold": 2767,
      "gold_per_min": 0,
      "gold_reasons": null,
      "gold_spent": 21575,
      "gold_t": null,
      "hero_damage": 11889,
      "hero_healing": 0,
      "hero_hits": null,
      "hero_id": 6,
      "item_0": 147,
      "item_1": 33,
      "item_2": 0,
      "item_3": 36,
      "item_4": 0,
      "item_5": 263,
      "item_neutral": 0,
      "item_uses": null,
      "kill_streaks": null,
      "killed": null,
      "killed_by": null,
      "kills": 1,
      "kills_log": null,
      "lane_pos": null,
      "last_hits": -17,
      "leaver_status": 0,
      "level": 26,
      "lh_t": null,
      "life_state": null,
      "max_hero_hit": null,
      "multi_kills": null,
      "net_worth": 0,
      "obs": null,
      "obs_left_log": null,
      "obs_log": null,
      "obs_placed": null,
      "party_id": 5,
      "party_size": 2,
      "performance_others": null,
      "permanent_buffs": [
        {
          "permanent_buff": 12,
          "stack_count": 0,
          "grant_time": 1633
        }
      ],
      "pings": null,
      "pred_vict": null,
      "purchase": null,
      "purchase_log": null,
      "randomed": null,
      "repicked": null,
      "roshans_killed": null,
      "rune_pickups": null,
      "runes": null,
      "runes_log": null,
      "sen": null,
      "sen_left_log": null,
      "sen_log": null,
      "sen_placed": null,
      "stuns": null,
      "teamfight_participation": null,
      "times": null,
      "tower_damage": 5579,
      "towers_killed": null,
      "xp_per_min": 1416,
      "xp_reasons": null,
      "xp_t": null,
      "personaname": "Ahorca rucas",
      "name": null,
      "last_login": null,
      "start_time": 703256232,
      "duration": 1662,
      "cluster": 0,
      "lobby_type": 0,
      "game_mode": 23,
      "is_contributor": false,
      "patch": 51,
      "region": 15,
      "isRadiant": false,
      "total_gold": 10309,
      "total_xp": 25039,
      "kills_per_min": 0.036101083032490974,
      "kda": 1,
      "abandons": 0,
      "rank_tier": 0,
      "is_subscriber": false,
      "cosmetics": [],
      "benchmarks": {}
    },
    {
      "player_slot": 131,
      "ability_targets": null,
      "ability_upgrades_arr": [],
      "ability_uses": null,
      "actions": null,
      "additional_units": null,
      "assists": 7,
      "backpack_0": 0,
      "backpack_1": 0,
      "backpack_2": 0,
      "backpack_3": null,
      "buyback_log": null,
      "camps_stacked": null,
      "connection_log": null,
      "creeps_stacked": null,
      "damage": null,
      "damage_inflictor": null,
      "damage_inflictor_received": null,
      "damage_taken": null,
      "damage_targets": null,
      "deaths": 5,
      "denies": 8,
      "dn_t": null,
      "firstblood_claimed": null,
      "gold": 438,
      "gold_per_min": 973,
      "gold_reasons": null,
      "gold_spent": 27005,
      "gold_t": null,
      "hero_damage": 0,
      "hero_healing": 3582,
      "hero_hits": null,
      "hero_id": 104,
      "item_0": 0,
      "item_1": 116,
      "item_2": 0,
      "item_3": 50,
      "item_4": 6,
      "item_5": 151,
      "item_neutral": 358,
      "item_uses": null,
      "kill_streaks": null,
      "killed": null,
      "killed_by": null,
      "kills": 0,
      "kills_log": null,
      "lane_pos": null,
      "last_hits": 133,
      "leaver_status": 0,
      "level": 26,
      "lh_t": null,
      "life_state": null,
      "max_hero_hit": null,
      "multi_kills": null,
      "net_worth": 24757,
      "obs": null,
      "obs_left_log": null,
      "obs_log": null,
      "obs_placed": null,
      "party_id": 6,
      "party_size": 1,
      "performance_others": null,
      "permanent_buffs": [
        {
          "permanent_buff": 0,
          "stack_count": 66,
          "grant_time": 1013
        },
        {
          "permanent_buff": 12,
          "stack_count": 0,
          "grant_time": 1771
        }
      ],
      "pings": null,
      "pred_vict": null,
      "purchase": null,
      "purchase_log": null,
      "randomed": null,
      "repicked": null,
      "roshans_killed": null,
      "rune_pickups": null,
      "runes": null,
      "runes_log": null,
      "sen": null,
      "sen_left_log": null,
      "sen_log": null,
      "sen_placed": null,
      "stuns": null,
      "teamfight_participation": null,
      "times": null,
      "tower_damage": 3324,
      "towers_killed": null,
      "xp_per_min": 1312,
      "xp_reasons": null,
      "xp_t": null,
      "personaname": "Chuchupamela",
      "name": null,
      "last_login": null,
      "start_time": 1669912729,
      "duration": -660,
      "cluster": 251,
      "lobby_type": 0,
      "game_mode": 23,
      "is_contributor": false,
      "patch": 51,
      "region": -7,
      "isRadiant": false,
      "total_gold": 26952,
      "total_xp": 36342,
      "kills_per_min": 0.036101083032490974,
      "kda": 1,
      "abandons": 0,
      "rank_tier": 14,
      "is_subscriber": false,
      "cosmetics": [],
      "benchmarks": {
        "gold_per_min": {
          "raw": 973,
          "pct": 1
        },
        "xp_per_min": {
          "raw": 1312,
          "pct": 1
        },
        "kills_per_min": {},
        "last_hits_per_min": {
          "raw": 4.8014440433212995,
          "pct": 0.5161290322580645
        },
        "hero_damage_per_min": {
          "raw": 471.5523465703971,
          "pct": 0.22580645161290322
        },
        "hero_healing_per_min": {
          "raw": 129.31407942238266,
          "pct": 0.9032258064516129
        },
        "tower_damage": {
          "raw": 3324,
          "pct": 0.5806451612903226
        },
        "stuns_per_min": {
          "raw": 0,
          "pct": -0.011096037986062648
        },
        "lhten": {}
      }
    },
    {
      "player_slot": 132,
      "ability_targets": null,
      "ability_upgrades_arr": [
        5623,
        5625,
        5623,
        0,
        5623,
        5630,
        5625,
        -439,
        5625,
        0,
        5626,
        5630,
        5626,
        5626,
        6235,
        0,
        5630,
        0,
        6852
      ],
      "ability_uses": null,
      "actions": null,
      "additional_units": null,
      "assists": 13,
      "backpack_0": 0,
      "backpack_1": 0,
      "backpack_2": 0,
      "backpack_3": null,
      "buyback_log": null,
      "camps_stacked": null,
      "connection_log": null,
      "creeps_stacked": null,
      "damage": null,
      "damage_inflictor": null,
      "damage_inflictor_received": null,
      "damage_taken": null,
      "damage_targets": null,
      "deaths": 4,
      "denies": 2,
      "dn_t": null,
      "firstblood_claimed": null,
      "gold": 1635,
      "gold_per_min": 585,
      "gold_reasons": null,
      "gold_spent": 16845,
      "gold_t": null,
      "hero_damage": 10167,
      "hero_healing": 6681,
      "hero_hits": null,
      "hero_id": 110,
      "item_0": 231,
      "item_1": 214,
      "item_2": 43,
      "item_3": 110,
      "item_4": 36,
      "item_5": 61,
      "item_neutral": 364,
      "item_uses": null,
      "kill_streaks": null,
      "killed": null,
      "killed_by": null,
      "kills": 0,
      "kills_log": null,
      "lane_pos": null,
      "last_hits": 0,
      "leaver_status": 0,
      "level": 26,
      "lh_t": null,
      "life_state": null,
      "max_hero_hit": null,
      "multi_kills": null,
      "net_worth": 15610,
      "obs": null,
      "obs_left_log": null,
      "obs_log": null,
      "obs_placed": null,
      "party_id": 7,
      "party_size": 1,
      "performance_others": null,
      "permanent_buffs": [],
      "pings": null,
      "pred_vict": null,
      "purchase": null,
      "purchase_log": null,
      "randomed": null,
      "repicked": null,
      "roshans_killed": null,
      "rune_pickups": null,
      "runes": null,
      "runes_log": null,
      "sen": null,
      "sen_left_log": null,
      "sen_log": null,
      "sen_placed": null,
      "stuns": null,
      "teamfight_participation": null,
      "times": null,
      "tower_damage": 427,
      "towers_killed": null,
      "xp_per_min": -447,
      "xp_reasons": null,
      "xp_t": null,
      "personaname": "GO CUBA",
      "name": null,
      "last_login": null,
      "start_time": 1669912729,
      "duration": 0,
      "cluster": 251,
      "lobby_type": 0,
      "game_mode": 23,
      "is_contributor": false,
      "patch": 51,
      "region": 15,
      "isRadiant": false,
      "total_gold": 16204,
      "total_xp": 9893,
      "kills_per_min": 0.036101083032490974,
      "kda": 1,
      "abandons": 0,
      "rank_tier": 22,
      "is_subscriber": false,
      "cosmetics": [],
      "benchmarks": {
        "gold_per_min": {
          "raw": 585,
          "pct": 1
        },
        "xp_per_min": {
          "raw": 1417,
          "pct": 1
        },
        "kills_per_min": {
          "raw": 0.036101083032490974,
          "pct": 0.13636363636363635
        },
        "last_hits_per_min": {
          "raw": 1.0830324909747293,
          "pct": 0.09090909090909091
        },
        "hero_damage_per_min": {
          "raw": 367.03971119133575,
          "pct": 0.18181818181818182
        },
        "hero_healing_per_min": {
          "raw": 241.19133574007222,
          "pct": 0.9545454545454546
        },
        "tower_damage": {
          "raw": 94,
          "pct": 0.6363636363636364
        },
        "stuns_per_min": {
          "raw": 0,
          "pct": 0.09090909090909091
        },
        "lhten": {}
      }
    }
  ],
  "patch": -17,
  "region": 15
}