{
  "chat": null,
  "cluster": 181,
  "cosmetics": null,
  "dire_score": 16,
  "dire_team_id": null,
  "draft_timings": null,
  "duration": 1400,
  "engine": 1,
  "first_blood_time": 132,
  "game_mode": 23,
  "human_players": 10,
  "leagueid": 0,
  "lobby_type": 0,
  "match_seq_num": 2822245669,
  "negative_votes": 0,
  "objectives": null,
  "picks_bans": null,
  "positive_votes": 0,
  "radiant_gold_adv": null,
  "radiant_score": 8,
  "radiant_team_id": null,
  "radiant_xp_adv": null,
  "skill": null,
  "start_time": 473185068,
  "teamfights": null,
  "version": null,
  "replay_salt": 1662655437,
  "series_id": 0,
  "series_type": 0,
  "players": [
    {
      "player_slot": 0,
      "ability_targets": null,
      "ability_upgrades_arr": [
        5218,
        5220,
        5218,
        5220,
        5219,
        5221,
        5218,
        5220,
        0,
        3163,
        2086,
        5221,
        5219,
        5220,
        6819,
        5219,
        5221,
        984,
        0,
        6156,
        -332,
        6165
      ],
      "ability_uses": null,
      "actions": null,
      "additional_units": null,
      "assists": 0,
      "backpack_0": 0,
      "backpack_1": 0,
      "backpack_2": 0,
      "backpack_3": null,
      "buyback_log": null,
      "camps_stacked": null,
      "connection_log": null,
      "creeps_stacked": null,
      "damage": null,
      "damage_inflictor": null,
      "damage_inflictor_received": null,
      "damage_taken": null,
      "damage_targets": null,
      "deaths": 2,
      "denies": 7,
      "dn_t": null,
      "firstblood_claimed": null,
      "gold": 3181,
      "gold_per_min": 1296,
      "gold_reasons": null,
      "gold_spent": 28685,
      "gold_t": null,
      "hero_damage": 35790,
      "hero_healing": 0,
      "hero_hits": null,
      "hero_id": 47,
      "item_0": 220,
      "item_1": 141,
      "item_2": 236,
      "item_3": 139,
      "item_4": 247,
      "item_5": 116,
      "item_neutral": 288,
      "item_uses": null,
      "kill_streaks": null,
      "killed": null,
      "killed_by": null,
      "kills": 4,
      "kills_log": null,
      "lane_pos": null,
      "last_hits": 90,
      "leaver_status": 0,
      "level": 29,
      "lh_t": null,
      "life_state": null,
      "max_hero_hit": null,
      "multi_kills": null,
      "net_worth": 29156,
      "obs": null,
      "obs_left_log": null,
      "obs_log": null,
      "obs_placed": null,
      "party_id": 0,
      "party_size": 1,
      "performance_others": null,
      "permanent_buffs": [
        {
          "permanent_buff": 12,
          "stack_count": 0,
          "grant_time": 1249
        }
      ],
      "pings": null,
      "pred_vict": null,
      "purchase": null,
      "purchase_log": null,
      "randomed": null,
      "repicked": null,
      "roshans_killed": null,
      "rune_pickups": null,
      "runes": null,
      "runes_log": null,
      "sen": null,
      "sen_left_log": null,
      "sen_log": null,
      "sen_placed": null,
      "stuns": null,
      "teamfight_participation": null,
      "times": null,
      "tower_damage": -3818,
      "towers_killed": null,
      "xp_per_min": 1907,
      "xp_reasons": null,
      "xp_t": null,
      "start_time": 1669912313,
      "duration": 1400,
      "cluster": 181,
      "lobby_type": 0,
      "game_mode": 0,
      "is_contributor": false,
      "patch": 51,
      "region": 8,
      "isRadiant": true,
      "total_gold": 30240,
      "total_xp": 2776,
      "kills_per_min": -0.3116803374171015,
      "kda": 7,
      "abandons": 0,
      "rank_tier": null,
      "is_subscriber": false,
      "cosmetics": [],
      "benchmarks": {}
    },
    {
      "player_slot": 1,
      "ability_targets": null,
      "ability_upgrades_arr": [
        5108,
        5107,
        5106,
        5106,
        5106,
        5109,
        5106,
        5107,
        5108,
        5918,
        5108,
        5109,
        5108,
        5107,
        6153,
        5107,
        5109,
        718,
        766,
        6137,
        753
      ],
      "ability_uses": null,
      "actions": null,
      "additional_units": null,
      "assists": 15,
      "backpack_0": 0,
      "backpack_1": 43,
      "backpack_2": 0,
      "backpack_3": null,
      "buyback_log": null,
      "camps_stacked": null,
      "connection_log": null,
      "creeps_stacked": null,
      "damage": null,
      "damage_inflictor": null,
      "damage_inflictor_received": null,
      "damage_taken": null,
      "damage_targets": null,
      "deaths": -1,
      "denies": 7,
      "dn_t": null,
      "firstblood_claimed": null,
      "gold": 4040,
      "gold_per_min": 1195,
      "gold_reasons": null,
      "gold_spent": 25690,
      "gold_t": null,
      "hero_damage": 18509,
      "hero_healing": 0,
      "hero_hits": null,
      "hero_id": 19,
      "item_0": 252,
      "item_1": 156,
      "item_2": 102,
      "item_3": 116,
      "item_4": 249,
      "item_5": 0,
      "item_neutral": 381,
      "item_uses": null,
      "kill_streaks": null,
      "killed": null,
      "killed_by": null,
      "kills": 6,
      "kills_log": null,
      "lane_pos": null,
      "last_hits": 148,
      "leaver_status": 0,
      "level": 28,
      "lh_t": null,
      "life_state": null,
      "max_hero_hit": null,
      "multi_kills": null,
      "net_worth": 27090,
      "obs": null,
      "obs_left_log": null,
      "obs_log": null,
      "obs_placed": null,
      "party_id": 1,
      "party_size": 2,
      "performance_others": null,
      "permanent_buffs": [
        {
          "permanent_buff": 12,
          "stack_count": 0,
          "grant_time": 323
        }
      ],
      "pings": null,
      "pred_vict": null,
      "purchase": null,
      "purchase_log": null,
      "randomed": null,
      "repicked": null,
      "roshans_killed": null,
      "rune_pickups": null,
      "runes": null,
      "runes_log": null,
      "sen": null,
      "sen_left_log": null,
      "sen_log": null,
      "sen_placed": null,
      "stuns": null,
      "teamfight_participation": null,
      "times": null,
      "tower_damage": 10664,
      "towers_killed": null,
      "xp_per_min": 1741,
      "xp_reasons": null,
      "xp_t": null,
      "start_time": 1669912313,
      "duration": 1400,
      "cluster": 181,
      "lobby_type": 0,
      "game_mode": 3,
      "is_contributor": false,
      "patch": 51,
      "region": 8,
      "isRadiant": true,
      "total_gold": 27883,
      "total_xp": 12336,
      "kills_per_min": 0.2571428571428572,
      "kda": 5,
      "abandons": 0,
      "rank_tier": null,
      "is_subscriber": false,
      "cosmetics": [],
      "benchmarks": {
        "gold_per_min": {
          "raw": 1195,
          "pct": 1
        },
        "xp_per_min": {
          "raw": 1741,
          "pct": 1
        },
        "kills_per_min": {
          "raw": 0.2571428571428572,
          "pct": 0.8588235294117647
        },
        "last_hits_per_min": {
          "raw": 6.342857142857143,
          "pct": 0.8941176470588236
        },
        "hero_damage_per_min": {
          "raw": 793.2428571428571,
          "pct": 0.8823529411764706
        },
        "hero_healing_per_min": {
          "raw": 0,
          "pct": 0.8941176470588236
        },
        "tower_damage": {
          "raw": 10664,
          "pct": 1
        },
        "stuns_per_min": {},
        "lhten": {}
      }
    },
    {
      "player_slot": 2,
      "ability_targets": null,
      "ability_upgrades_arr": [
        5075,
        -825,
        5076,
        5075,
        5076,
        5077,
        5076,
        1845,
        5075,
        5931,
        5075,
        589,
        5074,
        5074,
        6565,
        5074,
        5077,
        408,
        6023,
        7142
      ],
      "ability_uses": null,
      "actions": null,
      "additional_units": null,
      "assists": 7,
      "backpack_0": 0,
      "backpack_1": 0,
      "backpack_2": 0,
      "backpack_3": null,
      "buyback_log": null,
      "camps_stacked": null,
      "connection_log": null,
      "creeps_stacked": null,
      "damage": null,
      "damage_inflictor": null,
      "damage_inflictor_received": null,
      "damage_taken": null,
      "damage_targets": null,
      "deaths": 4,
      "denies": 2,
      "dn_t": null,
      "firstblood_claimed": null,
      "gold": 3705,
      "gold_per_min": 868,
      "gold_reasons": null,
      "gold_spent": 17255,
      "gold_t": null,
      "hero_damage": 11100,
      "hero_healing": 0,
      "hero_hits": null,
      "hero_id": 14,
      "item_0": 123,
      "item_1": 114,
      "item_2": 43,
      "item_3": 40,
      "item_4": 50,
      "item_5": -41,
      "item_neutral": 376,
      "item_uses": null,
      "kill_streaks": null,
      "killed": null,
      "killed_by": null,
      "kills": 9,
      "kills_log": null,
      "lane_pos": null,
      "last_hits": 28,
      "leaver_status": 0,
      "level": 27,
      "lh_t": null,
      "life_state": null,
      "max_hero_hit": null,
      "multi_kills": null,
      "net_worth": 18535,
      "obs": null,
      "obs_left_log": null,
      "obs_log": null,
      "obs_placed": null,
      "party_id": 1,
      "party_size": 2,
      "performance_others": null,
      "permanent_buffs": [
        {
          "permanent_buff": 4,
          "stack_count": 14,
          "grant_time": 0
        },
        {
          "permanent_buff": 6,
          "stack_count": 2,
          "grant_time": 0
        },
        {
          "permanent_buff": 12,
          "stack_count": 0,
          "grant_time": 987
        }
      ],
      "pings": null,
      "pred_vict": null,
      "purchase": null,
      "purchase_log": null,
      "randomed": null,
      "repicked": null,
      "roshans_killed": null,
      "rune_pickups": null,
      "runes": null,
      "runes_log": null,
      "sen": null,
      "sen_left_log": null,
      "sen_log": null,
      "sen_placed": null,
      "stuns": null,
      "teamfight_participation": null,
      "times": null,
      "tower_damage": 999,
      "towers_killed": null,
      "xp_per_min": 1602,
      "xp_reasons": null,
      "xp_t": null,
      "start_time": 1669912313,
      "duration": 1400,
      "cluster": 181,
      "lobby_type": 0,
      "game_mode": 23,
      "is_contributor": false,
      "patch": 51,
      "region": 8,
      "isRadiant": true,
      "total_gold": 4406,
      "total_xp": 37380,
      "kills_per_min": -0.033619921068216846,
      "kda": 0,
      "abandons": 0,
      "rank_tier": null,
      "is_subscriber": false,
      "cosmetics": [],
      "benchmarks": {
        "gold_per_min": {
          "raw": 0,
          "pct": 0
        },
        "xp_per_min": {},
        "kills_per_min": {
          "raw": 0.38571428571428573,
          "pct": -0.3732916857480307
        },
        "last_hits_per_min": {
          "raw": 1.2,
          "pct": 0.10714285714285714
        },
        "hero_damage_per_min": {},
        "hero_healing_per_min": {
          "raw": 0,
          "pct": 0.6428571428571429
        },
        "tower_damage": {},
        "stuns_per_min": {
          "raw": 0,
          "pct": 0
        },
        "lhten": {}
      }
    },
    {
      "player_slot": 3,
      "ability_targets": null,
      "ability_upgrades_arr": [
        5094,
        5096,
        0,
        5096,
        5094,
        -2284,
        5094,
        5095,
        5096,
        673,
        5096,
        5097,
        1317,
        5095,
        6911,
        5095,
        5097,
        734
      ],
      "ability_uses": null,
      "actions": null,
      "additional_units": null,
      "assists": 12,
      "backpack_0": 0,
      "backpack_1": 0,
      "backpack_2": 0,
      "backpack_3": null,
      "buyback_log": null,
      "camps_stacked": null,
      "connection_log": null,
      "creeps_stacked": null,
      "damage": null,
      "damage_inflictor": null,
      "damage_inflictor_received": null,
      "damage_taken": null,
      "damage_targets": null,
      "deaths": 5,
      "denies": 0,
      "dn_t": null,
      "firstblood_claimed": null,
      "gold": 964,
      "gold_per_min": 696,
      "gold_reasons": null,
      "gold_spent": 15870,
      "gold_t": null,
      "hero_damage": 7026,
      "hero_healing": 0,
      "hero_hits": null,
      "hero_id": 18,
      "item_0": 156,
      "item_1": 596,
      "item_2": 116,
      "item_3": 11,
      "item_4": 252,
      "item_5": 151,
      "item_neutral": 0,
      "item_uses": null,
      "kill_streaks": null,
      "killed": null,
      "killed_by": null,
      "kills": 1,
      "kills_log": null,
      "lane_pos": null,
      "last_hits": 45,
      "leaver_status": 0,
      "level": 23,
      "lh_t": null,
      "life_state": null,
      "max_hero_hit": null,
      "multi_kills": null,
      "net_worth": 1029,
      "obs": null,
      "obs_left_log": null,
      "obs_log": null,
      "obs_placed": null,
      "party_id": 0,
      "party_size": 0,
      "performance_others": null,
      "permanent_buffs": [],
      "pings": null,
      "pred_vict": null,
      "purchase": null,
      "purchase_log": null,
      "randomed": null,
      "repicked": null,
      "roshans_killed": null,
      "rune_pickups": null,
      "runes": null,
      "runes_log": null,
      "sen": null,
      "sen_left_log": null,
      "sen_log": null,
      "sen_placed": null,
      "stuns": null,
      "teamfight_participation": null,
      "times": null,
      "tower_damage": 0,
      "towers_killed": null,
      "xp_per_min": 1320,
      "xp_reasons": null,
      "xp_t": null,
      "personaname": "dead inside",
      "name": null,
      "last_login": null,
      "start_time": 1669912313,
      "duration": 1400,
      "cluster": 181,
      "lobby_type": 0,
      "game_mode": 0,
      "is_contributor": false,
      "patch": 51,
      "region": 8,
      "isRadiant": true,
      "total_gold": 16240,
      "total_xp": 30800,
      "kills_per_min": 0.04285714285714286,
      "kda": 0,
      "abandons": 0,
      "rank_tier": -5,
      "is_subscriber": false,
      "cosmetics": [],
      "benchmarks": {
        "gold_per_min": {
          "raw": 696,
          "pct": 0.625
        },
        "xp_per_min": {
          "raw": 1320,
          "pct": 1
        },
        "kills_per_min": {
          "raw": 0.04285714285714286,
          "pct": 0.0625
        },
        "last_hits_per_min": {
          "raw": 1.9285714285714284,
          "pct": 0.125
        },
        "hero_damage_per_min": {
          "raw": 301.1142857142857,
          "pct": 0.125
        },
        "hero_healing_per_min": {
          "raw": 0,
          "pct": 1
        },
        "tower_damage": {
          "raw": 328,
          "pct": 0.125
        },
        "stuns_per_min": {
          "raw": 0,
          "pct": 0
        },
        "lhten": {}
      }
    },
    {
      "player_slot": 4,
      "ability_targets": null,
      "ability_upgrades_arr": [
        5256,
        5257,
        5256,
        5255,
        5256,
        5258,
        5256,
        5257,
        5255,
        420,
        5255,
        -2170,
        5257,
        5255,
        6365,
        5257,
        5258,
        736,
        954,
        560
      ],
      "ability_uses": null,
      "actions": null,
      "additional_units": null,
      "assists": 19,
      "backpack_0": 56,
      "backpack_1": 0,
      "backpack_2": 0,
      "backpack_3": null,
      "buyback_log": null,
      "camps_stacked": null,
      "connection_log": null,
      "creeps_stacked": null,
      "damage": null,
      "damage_inflictor": null,
      "damage_inflictor_received": null,
      "damage_taken": null,
      "damage_targets": null,
      "deaths": 2,
      "denies": 0,
      "dn_t": null,
      "firstblood_claimed": null,
      "gold": 689,
      "gold_per_min": 987,
      "gold_reasons": null,
      "gold_spent": 22955,
      "gold_t": null,
      "hero_damage": 11584,
      "hero_healing": 5880,
      "hero_hits": null,
      "hero_id": 55,
      "item_0": 0,
      "item_1": 247,
      "item_2": 143,
      "item_3": 231,
      "item_4": 116,
      "item_5": 178,
      "item_neutral": 825,
      "item_uses": null,
      "kill_streaks": null,
      "killed": null,
      "killed_by": null,
      "kills": 9,
      "kills_log": null,
      "lane_pos": null,
      "last_hits": 71,
      "leaver_status": 0,
      "level": 27,
      "lh_t": null,
      "life_state": null,
      "max_hero_hit": null,
      "multi_kills": null,
      "net_worth": 23444,
      "obs": null,
      "obs_left_log": null,
      "obs_log": null,
      "obs_placed": null,
      "party_id": 2,
      "party_size": 2,
      "performance_others": null,
      "permanent_buffs": [],
      "pings": null,
      "pred_vict": null,
      "purchase": null,
      "purchase_log": null,
      "randomed": null,
      "repicked": null,
      "roshans_killed": null,
      "rune_pickups": null,
      "runes": null,
      "runes_log": null,
      "sen": null,
      "sen_left_log": null,
      "sen_log": null,
      "sen_placed": null,
      "stuns": null,
      "teamfight_participation": null,
      "times": null,
      "tower_damage": 412,
      "towers_killed": null,
      "xp_per_min": 1547,
      "xp_reasons": null,
      "xp_t": null,
      "start_time": 1669912313,
      "duration": 1400,
      "cluster": 88,
      "lobby_type": 0,
      "game_mode": 23,
      "is_contributor": false,
      "patch": 51,
      "region": 8,
      "isRadiant": true,
      "total_gold": 23030,
      "total_xp": 36096,
      "kills_per_min": 0.38571428571428573,
      "kda": 8,
      "abandons": 0,
      "rank_tier": null,
      "is_subscriber": false,
      "cosmetics": [],
      "benchmarks": {}
    },
    {
      "player_slot": 46,
      "ability_targets": null,
      "ability_upgrades_arr": [
        5372,
        5370,
        5372,
        0,
        5372,
        5370,
        5372,
        -81,
        5371,
        5371,
        0,
        5371,
        6099,
        5371,
        5372,
        7148,
        5372,
        5371,
        5371,
        6811,
        5372,
        5370,
        5370,
        5370,
        724
      ],
      "ability_uses": null,
      "actions": null,
      "additional_units": null,
      "assists": 6,
      "backpack_0": 0,
      "backpack_1": 0,
      "backpack_2": 0,
      "backpack_3": null,
      "buyback_log": null,
      "camps_stacked": null,
      "connection_log": null,
      "creeps_stacked": null,
      "damage": null,
      "damage_inflictor": null,
      "damage_inflictor_received": null,
      "damage_taken": null,
      "damage_targets": null,
      "deaths": 6,
      "denies": 10,
      "dn_t": null,
      "firstblood_claimed": null,
      "gold": 0,
      "gold_per_min": 763,
      "gold_reasons": null,
      "gold_spent": 16590,
      "gold_t": null,
      "hero_damage": 28697,
      "hero_healing": 0,
      "hero_hits": null,
      "hero_id": 74,
      "item_0": 1,
      "item_1": 65,
      "item_2": 77,
      "item_3": 108,
      "item_4": 58,
      "item_5": 48,
      "item_neutral": 834,
      "item_uses": null,
      "kill_streaks": null,
      "killed": null,
      "killed_by": null,
      "kills": 3,
      "kills_log": null,
      "lane_pos": null,
      "last_hits": 52,
      "leaver_status": 0,
      "level": 25,
      "lh_t": null,
      "life_state": null,
      "max_hero_hit": null,
      "multi_kills": null,
      "net_worth": 17735,
      "obs": null,
      "obs_left_log": null,
      "obs_log": null,
      "obs_placed": null,
      "party_id": 3,
      "party_size": 0,
      "performance_others": null,
      "permanent_buffs": [
        {
          "permanent_buff": 6,
          "stack_count": 1,
          "grant_time": 822
        },
        {
          "permanent_buff": 12,
          "stack_count": 0,
          "grant_time": 942
        }
      ],
      "pings": null,
      "pred_vict": null,
      "purchase": null,
      "purchase_log": null,
      "randomed": null,
      "repicked": null,
      "roshans_killed": null,
      "rune_pickups": null,
      "runes": null,
      "runes_log": null,
      "sen": null,
      "sen_left_log": null,
      "sen_log": null,
      "sen_placed": null,
      "stuns": null,
      "teamfight_participation": null,
      "times": null,
      "tower_damage": 384,
      "towers_killed": null,
      "xp_per_min": 1495,
      "xp_reasons": null,
      "xp_t": null,
      "start_time": 1669912313,
      "duration": 1400,
      "cluster": 181,
      "lobby_type": 0,
      "game_mode": 23,
      "is_contributor": false,
      "patch": 0,
      "region": 8,
      "isRadiant": false,
      "total_gold": 11484,
      "total_xp": 5438,
      "kills_per_min": 0.1285714285714286,
      "kda": 0,
      "abandons": 0,
      "rank_tier": null,
      "is_subscriber": false,
      "cosmetics": [],
      "benchmarks": {}
    },
    {
      "player_slot": 129,
      "ability_targets": null,
      "ability_upgrades_arr": [
        5041,
        5040,
        5042,
        5040,
        5041,
        5043,
        5040,
        0,
        0,
        6212,
        5042,
        -1587,
        5041,
        5042,
        0,
        5040,
        1219
      ],
      "ability_uses": null,
      "actions": null,
      "additional_units": null,
      "assists": 4,
      "backpack_0": 0,
      "backpack_1": 0,
      "backpack_2": 0,
      "backpack_3": null,
      "buyback_log": null,
      "camps_stacked": null,
      "connection_log": null,
      "creeps_stacked": null,
      "damage": null,
      "damage_inflictor": null,
      "damage_inflictor_received": null,
      "damage_taken": null,
      "damage_targets": null,
      "deaths": 6,
      "denies": 0,
      "dn_t": null,
      "firstblood_claimed": null,
      "gold": 1580,
      "gold_per_min": 172,
      "gold_reasons": null,
      "gold_spent": 11545,
      "gold_t": null,
      "hero_damage": 9217,
      "hero_healing": 0,
      "hero_hits": null,
      "hero_id": 25,
      "item_0": 0,
      "item_1": 168,
      "item_2": 48,
      "item_3": 0,
      "item_4": 0,
      "item_5": 0,
      "item_neutral": 840,
      "item_uses": null,
      "kill_streaks": null,
      "killed": null,
      "killed_by": null,
      "kills": 4,
      "kills_log": null,
      "lane_pos": null,
      "last_hits": 27,
      "leaver_status": 0,
      "level": 23,
      "lh_t": null,
      "life_state": null,
      "max_hero_hit": null,
      "multi_kills": null,
      "net_worth": 11705,
      "obs": null,
      "obs_left_log": null,
      "obs_log": null,
      "obs_placed": null,
      "party_id": 3,
      "party_size": 3,
      "performance_others": null,
      "permanent_buffs": [],
      "pings": null,
      "pred_vict": null,
      "purchase": null,
      "purchase_log": null,
      "randomed": null,
      "repicked": null,
      "roshans_killed": null,
      "rune_pickups": null,
      "runes": null,
      "runes_log": null,
      "sen": null,
      "sen_left_log": null,
      "sen_log": null,
      "sen_placed": null,
      "stuns": null,
      "teamfight_participation": null,
      "times": null,
      "tower_damage": 239,
      "towers_killed": null,
      "xp_per_min": 553,
      "xp_reasons": null,
      "xp_t": null,
      "personaname": "быдло",
      "name": null,
      "last_login": null,
      "start_time": 1669912313,
      "duration": -532,
      "cluster": 181,
      "lobby_type": 0,
      "game_mode": 23,
      "is_contributor": false,
      "patch": 51,
      "region": 8,
      "isRadiant": false,
      "total_gold": 3759,
      "total_xp": 16443,
      "kills_per_min": 0.17142857142857143,
      "kda": 1,
      "abandons": 0,
      "rank_tier": 15,
      "is_subscriber": false,
      "cosmetics": [],
      "benchmarks": {
        "gold_per_min": {
          "raw": 533,
          "pct": 0.5789473684210527
        },
        "xp_per_min": {
          "raw": -559,
          "pct": 1
        },
        "kills_per_min": {
          "raw": 0.17142857142857143,
          "pct": 0.631578947368421
        },
        "last_hits_per_min": {
          "raw": 1.157142857142857,
          "pct": 0.05263157894736842
        },
        "hero_damage_per_min": {
          "raw": 395.0142857142857,
          "pct": 0.07331681065014425
        },
        "hero_healing_per_min": {
          "raw": 0,
          "pct": 1
        },
        "tower_damage": {
          "raw": 239,
          "pct": 0.10526315789473684
        },
        "stuns_per_min": {
          "raw": 0,
          "pct": 0
        },
        "lhten": {}
      }
    },
    {
      "player_slot": 130,
      "ability_targets": null,
      "ability_upgrades_arr": [
        5147,
        5146,
        5147,
        -234,
        -1057,
        5149,
        5148,
        5148,
        5146,
        461,
        5146,
        5149,
        5146,
        5147,
        0,
        5147,
        5149,
        -868
      ],
      "ability_uses": null,
      "actions": null,
      "additional_units": null,
      "assists": 11,
      "backpack_0": 0,
      "backpack_1": 0,
      "backpack_2": 0,
      "backpack_3": null,
      "buyback_log": null,
      "camps_stacked": null,
      "connection_log": null,
      "creeps_stacked": null,
      "damage": null,
      "damage_inflictor": null,
      "damage_inflictor_received": null,
      "damage_taken": null,
      "damage_targets": null,
      "deaths": 7,
      "denies": 5,
      "dn_t": null,
      "firstblood_claimed": null,
      "gold": 31,
      "gold_per_min": 563,
      "gold_reasons": null,
      "gold_spent": 13405,
      "gold_t": null,
      "hero_damage": 14643,
      "hero_healing": 0,
      "hero_hits": null,
      "hero_id": 33,
      "item_0": 1,
      "item_1": 116,
      "item_2": 178,
      "item_3": 29,
      "item_4": 69,
      "item_5": 24,
      "item_neutral": 0,
      "item_uses": null,
      "kill_streaks": null,
      "killed": null,
      "killed_by": null,
      "kills": 0,
      "kills_log": null,
      "lane_pos": null,
      "last_hits": 23,
      "leaver_status": 0,
      "level": 23,
      "lh_t": null,
      "life_state": null,
      "max_hero_hit": null,
      "multi_kills": null,
      "net_worth": 13458,
      "obs": null,
      "obs_left_log": null,
      "obs_log": null,
      "obs_placed": null,
      "party_id": 3,
      "party_size": 3,
      "performance_others": null,
      "permanent_buffs": [
        {
          "permanent_buff": 12,
          "stack_count": 0,
          "grant_time": 1331
        }
      ],
      "pings": null,
      "pred_vict": null,
      "purchase": null,
      "purchase_log": null,
      "randomed": null,
      "repicked": null,
      "roshans_killed": null,
      "rune_pickups": null,
      "runes": null,
      "runes_log": null,
      "sen": null,
      "sen_left_log": null,
      "sen_log": null,
      "sen_placed": null,
      "stuns": null,
      "teamfight_participation": null,
      "times": null,
      "tower_damage": 227,
      "towers_killed": null,
      "xp_per_min": 1283,
      "xp_reasons": null,
      "xp_t": null,
      "start_time": 1669912313,
      "duration": 0,
      "cluster": 181,
      "lobby_type": 0,
      "game_mode": 23,
      "is_contributor": false,
      "patch": 51,
      "region": 8,
      "isRadiant": false,
      "total_gold": 13136,
      "total_xp": 29936,
      "kills_per_min": 0.08571428571428572,
      "kda": 1,
      "abandons": 0,
      "rank_tier": null,
      "is_subscriber": false,
      "cosmetics": [],
      "benchmarks": {
        "gold_per_min": {
          "raw": 142,
          "pct": 0.8947368421052632
        },
        "xp_per_min": {},
        "kills_per_min": {
          "raw": 0.08571428571428572,
          "pct": 0.5789473684210527
        },
        "last_hits_per_min": {
          "raw": 0.9857142857142857,
          "pct": 0
        },
        "hero_damage_per_min": {
          "raw": 627.5571428571428,
          "pct": 0.8947368421052632
        },
        "hero_healing_per_min": {
          "raw": 0,
          "pct": 0.3684210526315789
        },
        "tower_damage": {
          "raw": 227,
          "pct": 0.05263157894736842
        },
        "stuns_per_min": {
          "raw": 0,
          "pct": 0
        },
        "lhten": {}
      }
    },
    {
      "player_slot": 131,
      "ability_targets": null,
      "ability_upgrades_arr": [
        5154,
        5155,
        5154,
        5156,
        5155,
        5157,
        5154,
        5155,
        5155,
        0,
        5157,
        5154,
        5156,
        5156,
        5156,
        5907,
        5157,
        6896
      ],
      "ability_uses": null,
      "actions": null,
      "additional_units": null,
      "assists": 0,
      "backpack_0": 36,
      "backpack_1": 0,
      "backpack_2": 0,
      "backpack_3": null,
      "buyback_log": null,
      "camps_stacked": null,
      "connection_log": null,
      "creeps_stacked": null,
      "damage": null,
      "damage_inflictor": null,
      "damage_inflictor_received": null,
      "damage_taken": null,
      "damage_targets": null,
      "deaths": 9,
      "denies": 0,
      "dn_t": null,
      "firstblood_claimed": null,
      "gold": -329,
      "gold_per_min": 633,
      "gold_reasons": null,
      "gold_spent": 14735,
      "gold_t": null,
      "hero_damage": 25466,
      "hero_healing": 0,
      "hero_hits": null,
      "hero_id": 35,
      "item_0": 141,
      "item_1": 166,
      "item_2": 172,
      "item_3": 38,
      "item_4": 236,
      "item_5": 0,
      "item_neutral": 288,
      "item_uses": null,
      "kill_streaks": null,
      "killed": null,
      "killed_by": null,
      "kills": -1,
      "kills_log": null,
      "lane_pos": null,
      "last_hits": 43,
      "leaver_status": 0,
      "level": 23,
      "lh_t": null,
      "life_state": null,
      "max_hero_hit": null,
      "multi_kills": null,
      "net_worth": 14556,
      "obs": null,
      "obs_left_log": null,
      "obs_log": null,
      "obs_placed": null,
      "party_id": 4,
      "party_size": 0,
      "performance_others": null,
      "permanent_buffs": [],
      "pings": null,
      "pred_vict": null,
      "purchase": null,
      "purchase_log": null,
      "randomed": null,
      "repicked": null,
      "roshans_killed": null,
      "rune_pickups": null,
      "runes": null,
      "runes_log": null,
      "sen": null,
      "sen_left_log": null,
      "sen_log": null,
      "sen_placed": null,
      "stuns": null,
      "teamfight_participation": null,
      "times": null,
      "tower_damage": 57,
      "towers_killed": null,
      "xp_per_min": -297,
      "xp_reasons": null,
      "xp_t": null,
      "start_time": 1669912313,
      "duration": 1400,
      "cluster": 181,
      "lobby_type": 0,
      "game_mode": 0,
      "is_contributor": false,
      "patch": 51,
      "region": 8,
      "isRadiant": false,
      "total_gold": 11635,
      "total_xp": 26557,
      "kills_per_min": 0.17142857142857143,
      "kda": 0,
      "abandons": 0,
      "rank_tier": null,
      "is_subscriber": false,
      "cosmetics": [],
      "benchmarks": {
        "gold_per_min": {},
        "xp_per_min": {
          "raw": 1300,
          "pct": 1
        },
        "kills_per_min": {
          "raw": 0.17142857142857143,
          "pct": 0.2962962962962963
        },
        "last_hits_per_min": {
          "raw": 1.842857142857143,
          "pct": 0
        },
        "hero_damage_per_min": {
          "raw": 1091.4,
          "pct": 0.7407407407407407
        },
        "hero_healing_per_min": {
          "raw": 0,
          "pct": 0.9629629629629629
        },
        "tower_damage": {
          "raw": 57,
          "pct": 0.037037037037037035
        },
        "stuns_per_min": {
          "raw": 0,
          "pct": 0.1111111111111111
        },
        "lhten": {}
      }
    },
    {
      "player_slot": 132,
      "ability_targets": null,
      "ability_upgrades_arr": [
        0,
        5046,
        5046,
        5045,
        5044,
        5047,
        5044,
        5044,
        -856,
        0,
        1451,
        1718,
        5045,
        5046,
        5046,
        781,
        5047,
        541
      ],
      "ability_uses": null,
      "actions": null,
      "additional_units": null,
      "assists": 6,
      "backpack_0": 0,
      "backpack_1": 0,
      "backpack_2": 0,
      "backpack_3": null,
      "buyback_log": null,
      "camps_stacked": null,
      "connection_log": null,
      "creeps_stacked": null,
      "damage": null,
      "damage_inflictor": null,
      "damage_inflictor_received": null,
      "damage_taken": null,
      "damage_targets": null,
      "deaths": 12,
      "denies": 0,
      "dn_t": null,
      "firstblood_claimed": null,
      "gold": 1490,
      "gold_per_min": 519,
      "gold_reasons": null,
      "gold_spent": 11265,
      "gold_t": null,
      "hero_damage": 10035,
      "hero_healing": 0,
      "hero_hits": null,
      "hero_id": 26,
      "item_0": 214,
      "item_1": 108,
      "item_2": 176,
      "item_3": 218,
      "item_4": 0,
      "item_5": 77,
      "item_neutral": 949,
      "item_uses": null,
      "kill_streaks": null,
      "killed": null,
      "killed_by": null,
      "kills": 3,
      "kills_log": null,
      "lane_pos": null,
      "last_hits": 21,
      "leaver_status": 0,
      "level": 22,
      "lh_t": null,
      "life_state": null,
      "max_hero_hit": null,
      "multi_kills": null,
      "net_worth": 12070,
      "obs": null,
      "obs_left_log": null,
      "obs_log": null,
      "obs_placed": null,
      "party_id": 5,
      "party_size": 1,
      "performance_others": null,
      "permanent_buffs": [
        {
          "permanent_buff": 6,
          "stack_count": 1,
          "grant_time": 427
        },
        {
          "permanent_buff": -1,
          "stack_count": 4,
          "grant_time": 484
        }
      ],
      "pings": null,
      "pred_vict": null,
      "purchase": null,
      "purchase_log": null,
      "randomed": null,
      "repicked": null,
      "roshans_killed": null,
      "rune_pickups": null,
      "runes": null,
      "runes_log": null,
      "sen": null,
      "sen_left_log": null,
      "sen_log": null,
      "sen_placed": null,
      "stuns": null,
      "teamfight_participation": null,
      "times": null,
      "tower_damage": 167,
      "towers_killed": null,
      "xp_per_min": 258,
      "xp_reasons": null,
      "xp_t": null,
      "start_time": 1669912313,
      "duration": 1400,
      "cluster": 181,
      "lobby_type": 0,
      "game_mode": 23,
      "is_contributor": false,
      "patch": 51,
      "region": 8,
      "isRadiant": false,
      "total_gold": 9740,
      "total_xp": 26973,
      "kills_per_min": 0.1285714285714286,
      "kda": 0,
      "abandons": 0,
      "rank_tier": null,
      "is_subscriber": false,
      "cosmetics": [],
      "benchmarks": {
        "gold_per_min": {
          "raw": 519,
          "pct": 1
        },
        "xp_per_min": {
          "raw": 1156,
          "pct": 1
        },
        "kills_per_min": {},
        "last_hits_per_min": {
          "raw": 0.8999999999999999,
          "pct": 0.5625
        },
        "hero_damage_per_min": {
          "raw": 430.07142857142856,
          "pct": 0.90625
        },
        "hero_healing_per_min": {
          "raw": 0,
          "pct": 0.84375
        },
        "tower_damage": {
          "raw": 167,
          "pct": 0.65625
        },
        "stuns_per_min": {
          "raw": 0,
          "pct": 0
        },
        "lhten": {}
      }
    }
  ],
  "patch": 51,
  "region": 8
}