{
  "chat": null,
  "cluster": 40,
  "cosmetics": null,
  "dire_score": 6,
  "dire_team_id": null,
  "draft_timings": null,
  "duration": 2292,
  "engine": 1,
  "first_blood_time": 80,
  "game_mode": 22,
  "human_players": 10,
  "leagueid": 0,
  "lobby_type": 7,
  "match_seq_num": 5780356366,
  "negative_votes": 0,
  "objectives": null,
  "picks_bans": [],
  "positive_votes": 0,
  "radiant_gold_adv": null,
  "radiant_score": 61,
  "radiant_team_id": null,
  "radiant_xp_adv": null,
  "skill": null,
  "start_time": 1669911940,
  "teamfights": null,
  "version": null,
  "replay_salt": 1626658667,
  "series_id": 0,
  "series_type": 0,
  "players": [
    {
      "player_slot": 0,
      "ability_targets": null,
      "ability_upgrades_arr": [
        5286,
        5287,
        5286,
        5285,
        5287,
        5288,
        5286,
        0,
        5285,
        484,
        5285,
        5288,
        5287,
        5287,
        876,
        0,
        5288,
        878,
        877
      ],
      "ability_uses": null,
      "actions": null,
      "additional_units": null,
      "assists": 20,
      "backpack_0": 0,
      "backpack_1": 0,
      "backpack_2": 0,
      "backpack_3": null,
      "buyback_log": null,
      "camps_stacked": null,
      "connection_log": null,
      "creeps_stacked": null,
      "damage": null,
      "damage_inflictor": null,
      "damage_inflictor_received": null,
      "damage_taken": null,
      "damage_targets": null,
      "deaths": 0,
      "denies": 0,
      "dn_t": null,
      "firstblood_claimed": null,
      "gold": 4081,
      "gold_per_min": 589,
      "gold_reasons": null,
      "gold_spent": 17690,
      "gold_t": null,
      "hero_damage": 15361,
      "hero_healing": 393,
      "hero_hits": null,
      "hero_id": 62,
      "item_0": 145,
      "item_1": 90,
      "item_2": 50,
      "item_3": 218,
      "item_4": 170,
      "item_5": 143,
      "item_neutral": 331,
      "item_uses": null,
      "kill_streaks": null,
      "killed": null,
      "killed_by": null,
      "kills": 10,
      "kills_log": null,
      "lane_pos": null,
      "last_hits": 92,
      "leaver_status": 0,
      "level": 25,
      "lh_t": null,
      "life_state": null,
      "max_hero_hit": null,
      "multi_kills": null,
      "net_worth": -6316,
      "obs": null,
      "obs_left_log": null,
      "obs_log": null,
      "obs_placed": null,
      "party_id": 0,
      "party_size": 1,
      "performance_others": null,
      "permanent_buffs": [
        {
          "permanent_buff": 10,
          "stack_count": 1031,
          "grant_time": 133
        }
      ],
      "pings": null,
      "pred_vict": null,
      "purchase": null,
      "purchase_log": null,
      "randomed": null,
      "repicked": null,
      "roshans_killed": null,
      "rune_pickups": null,
      "runes": null,
      "runes_log": null,
      "sen": null,
      "sen_left_log": null,
      "sen_log": null,
      "sen_placed": null,
      "stuns": null,
      "teamfight_participation": null,
      "times": null,
      "tower_damage": 0,
      "towers_killed": null,
      "xp_per_min": 906,
      "xp_reasons": null,
      "xp_t": null,
      "start_time": 1669911940,
      "duration": 0,
      "cluster": 192,
      "lobby_type": 7,
      "game_mode": 22,
      "is_contributor": false,
      "patch": 51,
      "region": 9,
      "isRadiant": true,
      "total_gold": 9966,
      "total_xp": 34609,
      "kills_per_min": 0.2617801047120419,
      "kda": 2,
      "abandons": 0,
      "rank_tier": null,
      "is_subscriber": false,
      "cosmetics": [],
      "benchmarks": {
        "gold_per_min": {
          "raw": 589,
          "pct": 0.8333333333333334
        },
        "xp_per_min": {
          "raw": 906,
          "pct": 1
        },
        "kills_per_min": {
          "raw": 0.2617801047120419,
          "pct": -0.11387222655332523
        },
        "last_hits_per_min": {
          "raw": 2.4083769633507854,
          "pct": 0.6111111111111112
        },
        "hero_damage_per_min": {
          "raw": 402.12041884816756,
          "pct": 0.2777777777777778
        },
        "hero_healing_per_min": {
          "raw": 10.287958115183246,
          "pct": 0.9444444444444444
        },
        "tower_damage": {
          "raw": 3116,
          "pct": 0.9444444444444444
        },
        "stuns_per_min": {
          "raw": 0,
          "pct": -0.05392617090481993
        },
        "lhten": {}
      }
    },
    {
      "player_slot": 1,
      "ability_targets": null,
      "ability_upgrades_arr": [
        2026,
        -289,
        5028,
        5027,
        5028,
        5030,
        5028,
        0,
        5027,
        5921,
        5029,
        5030,
        5029,
        5029,
        7394,
        5029,
        5030,
        915,
        0,
        6105,
        628
      ],
      "ability_uses": null,
      "actions": null,
      "additional_units": null,
      "assists": 12,
      "backpack_0": 0,
      "backpack_1": -18,
      "backpack_2": 0,
      "backpack_3": null,
      "buyback_log": null,
      "camps_stacked": null,
      "connection_log": null,
      "creeps_stacked": null,
      "damage": null,
      "damage_inflictor": null,
      "damage_inflictor_received": null,
      "damage_taken": null,
      "damage_targets": null,
      "deaths": 6,
      "denies": 17,
      "dn_t": null,
      "firstblood_claimed": null,
      "gold": 2485,
      "gold_per_min": 770,
      "gold_reasons": null,
      "gold_spent": 26890,
      "gold_t": null,
      "hero_damage": 8266,
      "hero_healing": 2855,
      "hero_hits": null,
      "hero_id": 8,
      "item_0": 172,
      "item_1": 158,
      "item_2": 108,
      "item_3": 48,
      "item_4": 247,
      "item_5": 135,
      "item_neutral": 828,
      "item_uses": null,
      "kill_streaks": null,
      "killed": null,
      "killed_by": null,
      "kills": 22,
      "kills_log": null,
      "lane_pos": null,
      "last_hits": 290,
      "leaver_status": 0,
      "level": 28,
      "lh_t": null,
      "life_state": null,
      "max_hero_hit": null,
      "multi_kills": null,
      "net_worth": 0,
      "obs": null,
      "obs_left_log": null,
      "obs_log": null,
      "obs_placed": null,
      "party_id": 1,
      "party_size": 1,
      "performance_others": null,
      "permanent_buffs": [
        {}
      ],
      "pings": null,
      "pred_vict": null,
      "purchase": null,
      "purchase_log": null,
      "randomed": null,
      "repicked": null,
      "roshans_killed": null,
      "rune_pickups": null,
      "runes": null,
      "runes_log": null,
      "sen": null,
      "sen_left_log": null,
      "sen_log": null,
      "sen_placed": null,
      "stuns": null,
      "teamfight_participation": null,
      "times": null,
      "tower_damage": 0,
      "towers_killed": null,
      "xp_per_min": 1139,
      "xp_reasons": null,
      "xp_t": null,
      "personaname": "MADARA",
      "name": null,
      "last_login": null,
      "start_time": 1669911940,
      "duration": 2292,
      "cluster": 192,
      "lobby_type": 7,
      "game_mode": 22,
      "is_contributor": false,
      "patch": 51,
      "region": 9,
      "isRadiant": true,
      "total_gold": 29414,
      "total_xp": 43509,
      "kills_per_min": 0.5759162303664921,
      "kda": 3,
      "abandons": 0,
      "rank_tier": 13,
      "is_subscriber": false,
      "cosmetics": [],
      "benchmarks": {
        "gold_per_min": {
          "raw": 770,
          "pct": 0.8484848484848485
        },
        "xp_per_min": {
          "raw": 1139,
          "pct": 1
        },
        "kills_per_min": {
          "raw": 0.5759162303664922,
          "pct": -0.12175619106463119
        },
        "last_hits_per_min": {
          "raw": 7.5916230366492155,
          "pct": 0.3939393939393939
        },
        "hero_damage_per_min": {
          "raw": 1114.240837696335,
          "pct": 0.7878787878787878
        },
        "hero_healing_per_min": {
          "raw": 74.73821989528795,
          "pct": 0.36363636363636365
        },
        "tower_damage": {},
        "stuns_per_min": {
          "raw": 0,
          "pct": 0.3333333333333333
        },
        "lhten": {}
      }
    },
    {
      "player_slot": 2,
      "ability_targets": null,
      "ability_upgrades_arr": [
        5233,
        5235,
        5233,
        5234,
        5233,
        7304,
        0,
        5235,
        0,
        5941,
        -384,
        7304,
        5234,
        5234,
        1018,
        5234,
        7304,
        -60
      ],
      "ability_uses": null,
      "actions": null,
      "additional_units": null,
      "assists": 18,
      "backpack_0": 0,
      "backpack_1": 0,
      "backpack_2": 0,
      "backpack_3": null,
      "buyback_log": null,
      "camps_stacked": null,
      "connection_log": null,
      "creeps_stacked": null,
      "damage": null,
      "damage_inflictor": null,
      "damage_inflictor_received": null,
      "damage_taken": null,
      "damage_targets": null,
      "deaths": 11,
      "denies": 2,
      "dn_t": null,
      "firstblood_claimed": null,
      "gold": 53,
      "gold_per_min": 52,
      "gold_reasons": null,
      "gold_spent": 0,
      "gold_t": null,
      "hero_damage": 13291,
      "hero_healing": -2256,
      "hero_hits": null,
      "hero_id": 50,
      "item_0": 229,
      "item_1": 21,
      "item_2": 218,
      "item_3": 180,
      "item_4": 0,
      "item_5": 108,
      "item_neutral": 675,
      "item_uses": null,
      "kill_streaks": null,
      "killed": null,
      "killed_by": null,
      "kills": 3,
      "kills_log": null,
      "lane_pos": null,
      "last_hits": 59,
      "leaver_status": 0,
      "level": 20,
      "lh_t": null,
      "life_state": null,
      "max_hero_hit": null,
      "multi_kills": null,
      "net_worth": 10628,
      "obs": null,
      "obs_left_log": null,
      "obs_log": null,
      "obs_placed": null,
      "party_id": 2,
      "party_size": 1,
      "performance_others": null,
      "permanent_buffs": [
        {},
        {
          "permanent_buff": 12,
          "stack_count": 0,
          "grant_time": 0
        }
      ],
      "pings": null,
      "pred_vict": null,
      "purchase": null,
      "purchase_log": null,
      "randomed": null,
      "repicked": null,
      "roshans_killed": null,
      "rune_pickups": null,
      "runes": null,
      "runes_log": null,
      "sen": null,
      "sen_left_log": null,
      "sen_log": null,
      "sen_placed": null,
      "stuns": null,
      "teamfight_participation": null,
      "times": null,
      "tower_damage": 28,
      "towers_killed": null,
      "xp_per_min": 568,
      "xp_reasons": null,
      "xp_t": null,
      "start_time": 1669911940,
      "duration": -210,
      "cluster": 192,
      "lobby_type": 7,
      "game_mode": 22,
      "is_contributor": false,
      "patch": 51,
      "region": 9,
      "isRadiant": true,
      "total_gold": 7648,
      "total_xp": 21697,
      "kills_per_min": 0.07853403141361257,
      "kda": 1,
      "abandons": 0,
      "rank_tier": null,
      "is_subscriber": false,
      "cosmetics": [],
      "benchmarks": {
        "gold_per_min": {
          "raw": 13,
          "pct": 0.8
        },
        "xp_per_min": {
          "raw": 0,
          "pct": -0.34804161465495653
        },
        "kills_per_min": {
          "raw": 0.07853403141361257,
          "pct": -0.11807673537042174
        },
        "last_hits_per_min": {
          "raw": 1.5445026178010473,
          "pct": 0.8
        },
        "hero_damage_per_min": {
          "raw": 347.9319371727749,
          "pct": 0.85
        },
        "hero_healing_per_min": {},
        "tower_damage": {
          "raw": -149,
          "pct": 0.75
        },
        "stuns_per_min": {
          "raw": 0,
          "pct": 0.1
        },
        "lhten": {}
      }
    },
    {
      "player_slot": 3,
      "ability_targets": null,
      "ability_upgrades_arr": [
        5143,
        5145,
        5143,
        5145,
        -48,
        5144,
        5143,
        5143,
        5145,
        5145,
        5142,
        5144,
        5142,
        5142,
        474,
        6865,
        5144,
        6330
      ],
      "ability_uses": null,
      "actions": null,
      "additional_units": null,
      "assists": -7,
      "backpack_0": 0,
      "backpack_1": 0,
      "backpack_2": 0,
      "backpack_3": null,
      "buyback_log": null,
      "camps_stacked": null,
      "connection_log": null,
      "creeps_stacked": null,
      "damage": null,
      "damage_inflictor": null,
      "damage_inflictor_received": null,
      "damage_taken": null,
      "damage_targets": null,
      "deaths": 10,
      "denies": 5,
      "dn_t": null,
      "firstblood_claimed": null,
      "gold": 271,
      "gold_per_min": 117,
      "gold_reasons": null,
      "gold_spent": 15970,
      "gold_t": null,
      "hero_damage": 21626,
      "hero_healing": 0,
      "hero_hits": null,
      "hero_id": 32,
      "item_0": 208,
      "item_1": 0,
      "item_2": 55,
      "item_3": 29,
      "item_4": 0,
      "item_5": 75,
      "item_neutral": 0,
      "item_uses": null,
      "kill_streaks": null,
      "killed": null,
      "killed_by": null,
      "kills": 9,
      "kills_log": null,
      "lane_pos": null,
      "last_hits": 99,
      "leaver_status": 0,
      "level": 23,
      "lh_t": null,
      "life_state": null,
      "max_hero_hit": null,
      "multi_kills": null,
      "net_worth": 16126,
      "obs": null,
      "obs_left_log": null,
      "obs_log": null,
      "obs_placed": null,
      "party_id": 3,
      "party_size": 1,
      "performance_others": null,
      "permanent_buffs": [
        {
          "permanent_buff": 6,
          "stack_count": 0,
          "grant_time": -48
        },
        {
          "permanent_buff": 12,
          "stack_count": 0,
          "grant_time": 2248
        }
      ],
      "pings": null,
      "pred_vict": null,
      "purchase": null,
      "purchase_log": null,
      "randomed": null,
      "repicked": null,
      "roshans_killed": null,
      "rune_pickups": null,
      "runes": null,
      "runes_log": null,
      "sen": null,
      "sen_left_log": null,
      "sen_log": null,
      "sen_placed": null,
      "stuns": null,
      "teamfight_participation": null,
      "times": null,
      "tower_damage": 849,
      "towers_killed": null,
      "xp_per_min": 798,
      "xp_reasons": null,
      "xp_t": null,
      "start_time": 1669911940,
      "duration": 2292,
      "cluster": -66,
      "lobby_type": 7,
      "game_mode": 22,
      "is_contributor": false,
      "patch": 51,
      "region": 9,
      "isRadiant": true,
      "total_gold": 12702,
      "total_xp": 10021,
      "kills_per_min": 0.23560209424083767,
      "kda": 3,
      "abandons": 0,
      "rank_tier": null,
      "is_subscriber": false,
      "cosmetics": [],
      "benchmarks": {
        "gold_per_min": {
          "raw": 447,
          "pct": 0.6875
        },
        "xp_per_min": {
          "raw": -253,
          "pct": 0.875
        },
        "kills_per_min": {
          "raw": 0.2356020942408377,
          "pct": 0.6875
        },
        "last_hits_per_min": {
          "raw": 2.5916230366492146,
          "pct": 0.625
        },
        "hero_damage_per_min": {
          "raw": 566.1256544502618,
          "pct": 0.2537419838861148
        },
        "hero_healing_per_min": {
          "raw": 0,
          "pct": 0.6875
        },
        "tower_damage": {
          "raw": 849,
          "pct": 0.5625
        },
        "stuns_per_min": {
          "raw": 0,
          "pct": 0.125
        },
        "lhten": {}
      }
    },
    {
      "player_slot": 4,
      "ability_targets": null,
      "ability_upgrades_arr": [
        5597,
        5596,
        -1936,
        5596,
        5597,
        0,
        0,
        0,
        -311,
        785,
        6218,
        5598,
        5595,
        5595,
        463,
        5595,
        5598,
        6526,
        0
      ],
      "ability_uses": null,
      "actions": null,
      "additional_units": null,
      "assists": -1,
      "backpack_0": 0,
      "backpack_1": 0,
      "backpack_2": 0,
      "backpack_3": null,
      "buyback_log": null,
      "camps_stacked": null,
      "connection_log": null,
      "creeps_stacked": null,
      "damage": null,
      "damage_inflictor": null,
      "damage_inflictor_received": null,
      "damage_taken": null,
      "damage_targets": null,
      "deaths": 0,
      "denies": 10,
      "dn_t": null,
      "firstblood_claimed": null,
      "gold": 3461,
      "gold_per_min": 0,
      "gold_reasons": null,
      "gold_spent": 0,
      "gold_t": null,
      "hero_damage": 40125,
      "hero_healing": 960,
      "hero_hits": null,
      "hero_id": 104,
      "item_0": 600,
      "item_1": 249,
      "item_2": 127,
      "item_3": 50,
      "item_4": -17,
      "item_5": 116,
      "item_neutral": 309,
      "item_uses": null,
      "kill_streaks": null,
      "killed": null,
      "killed_by": null,
      "kills": 17,
      "kills_log": null,
      "lane_pos": null,
      "last_hits": 46,
      "leaver_status": 0,
      "level": 0,
      "lh_t": null,
      "life_state": null,
      "max_hero_hit": null,
      "multi_kills": null,
      "net_worth": 23966,
      "obs": null,
      "obs_left_log": null,
      "obs_log": null,
      "obs_placed": null,
      "party_id": 0,
      "party_size": 1,
      "performance_others": null,
      "permanent_buffs": [
        {}
      ],
      "pings": null,
      "pred_vict": null,
      "purchase": null,
      "purchase_log": null,
      "randomed": null,
      "repicked": null,
      "roshans_killed": null,
      "rune_pickups": null,
      "runes": null,
      "runes_log": null,
      "sen": null,
      "sen_left_log": null,
      "sen_log": null,
      "sen_placed": null,
      "stuns": null,
      "teamfight_participation": null,
      "times": null,
      "tower_damage": 10566,
      "towers_killed": null,
      "xp_per_min": 0,
      "xp_reasons": null,
      "xp_t": null,
      "start_time": 1669911940,
      "duration": 2292,
      "cluster": 192,
      "lobby_type": 7,
      "game_mode": 22,
      "is_contributor": false,
      "patch": 51,
      "region": 0,
      "isRadiant": true,
      "total_gold": 861,
      "total_xp": 36481,
      "kills_per_min": -0.2175709544134835,
      "kda": 0,
      "abandons": 0,
      "rank_tier": null,
      "is_subscriber": false,
      "cosmetics": [],
      "benchmarks": {
        "gold_per_min": {
          "raw": 672,
          "pct": 0.9032258064516129
        },
        "xp_per_min": {
          "raw": 955,
          "pct": 0.9354838709677419
        },
        "kills_per_min": {
          "raw": 0.44502617801047123,
          "pct": 0.967741935483871
        },
        "last_hits_per_min": {},
        "hero_damage_per_min": {},
        "hero_healing_per_min": {
          "raw": 25.130890052356023,
          "pct": 0.5161290322580645
        },
        "tower_damage": {
          "raw": 0,
          "pct": 0.967741935483871
        },
        "stuns_per_min": {
          "raw": 0,
          "pct": 0.03225806451612903
        },
        "lhten": {}
      }
    },
    {
      "player_slot": 128,
      "ability_targets": null,
      "ability_upgrades_arr": [
        5044,
        5046,
        5044,
        5045,
        5044,
        5047,
        5044,
        5046,
        5045,
        6600,
        5046,
        5047,
        5045,
        5045,
        5046,
        2126,
        781,
        541
      ],
      "ability_uses": null,
      "actions": null,
      "additional_units": null,
      "assists": 15,
      "backpack_0": 0,
      "backpack_1": 0,
      "backpack_2": 0,
      "backpack_3": null,
      "buyback_log": null,
      "camps_stacked": null,
      "connection_log": null,
      "creeps_stacked": null,
      "damage": null,
      "damage_inflictor": null,
      "damage_inflictor_received": null,
      "damage_taken": null,
      "damage_targets": null,
      "deaths": 18,
      "denies": 0,
      "dn_t": null,
      "firstblood_claimed": null,
      "gold": 956,
      "gold_per_min": -129,
      "gold_reasons": null,
      "gold_spent": -4093,
      "gold_t": null,
      "hero_damage": -1296,
      "hero_healing": 0,
      "hero_hits": null,
      "hero_id": -12,
      "item_0": 108,
      "item_1": 77,
      "item_2": 77,
      "item_3": 29,
      "item_4": 214,
      "item_5": 218,
      "item_neutral": 676,
      "item_uses": null,
      "kill_streaks": null,
      "killed": null,
      "killed_by": null,
      "kills": 6,
      "kills_log": null,
      "lane_pos": null,
      "last_hits": 0,
      "leaver_status": 0,
      "level": 20,
      "lh_t": null,
      "life_state": null,
      "max_hero_hit": null,
      "multi_kills": null,
      "net_worth": 9191,
      "obs": null,
      "obs_left_log": null,
      "obs_log": null,
      "obs_placed": null,
      "party_id": 5,
      "party_size": 1,
      "performance_others": null,
      "permanent_buffs": [],
      "pings": null,
      "pred_vict": null,
      "purchase": null,
      "purchase_log": null,
      "randomed": null,
      "repicked": null,
      "roshans_killed": null,
      "rune_pickups": null,
      "runes": null,
      "runes_log": null,
      "sen": null,
      "sen_left_log": null,
      "sen_log": null,
      "sen_placed": null,
      "stuns": null,
      "teamfight_participation": null,
      "times": null,
      "tower_damage": 292,
      "towers_killed": null,
      "xp_per_min": 589,
      "xp_reasons": null,
      "xp_t": null,
      "personaname": "Hefty_Crime",
      "name": null,
      "last_login": null,
      "start_time": 689501028,
      "duration": 2292,
      "cluster": -2,
      "lobby_type": 0,
      "game_mode": 22,
      "is_contributor": false,
      "patch": 51,
      "region": 4,
      "isRadiant": false,
      "total_gold": 9200,
      "total_xp": 22499,
      "kills_per_min": 0.15706806282722513,
      "kda": 0,
      "abandons": 0,
      "rank_tier": 12,
      "is_subscriber": false,
      "cosmetics": [],
      "benchmarks": {
        "gold_per_min": {
          "raw": 293,
          "pct": 0.5625
        },
        "xp_per_min": {
          "raw": 589,
          "pct": 0.8125
        },
        "kills_per_min": {},
        "last_hits_per_min": {
          "raw": 1.1518324607329844,
          "pct": 0.6875
        },
        "hero_damage_per_min": {
          "raw": 410.31413612565444,
          "pct": 0.875
        },
        "hero_healing_per_min": {
          "raw": 0,
          "pct": 0.84375
        },
        "tower_damage": {
          "raw": 77,
          "pct": -0.22599708796332438
        },
        "stuns_per_min": {
          "raw": 0,
          "pct": 0
        },
        "lhten": {}
      }
    },
    {
      "player_slot": 129,
      "ability_targets": null,
      "ability_upgrades_arr": [],
      "ability_uses": null,
      "actions": null,
      "additional_units": null,
      "assists": 19,
      "backpack_0": 0,
      "backpack_1": 7,
      "backpack_2": 0,
      "backpack_3": null,
      "buyback_log": null,
      "camps_stacked": null,
      "connection_log": null,
      "creeps_stacked": null,
      "damage": null,
      "damage_inflictor": null,
      "damage_inflictor_received": null,
      "damage_taken": null,
      "damage_targets": null,
      "deaths": 6,
      "denies": 0,
      "dn_t": null,
      "firstblood_claimed": null,
      "gold": 492,
      "gold_per_min": -92,
      "gold_reasons": null,
      "gold_spent": 9260,
      "gold_t": null,
      "hero_damage": 0,
      "hero_healing": 460,
      "hero_hits": null,
      "hero_id": 30,
      "item_0": 0,
      "item_1": 254,
      "item_2": -73,
      "item_3": 100,
      "item_4": 218,
      "item_5": 0,
      "item_neutral": 99,
      "item_uses": null,
      "kill_streaks": null,
      "killed": null,
      "killed_by": null,
      "kills": 7,
      "kills_log": null,
      "lane_pos": null,
      "last_hits": 22,
      "leaver_status": 0,
      "level": 18,
      "lh_t": null,
      "life_state": null,
      "max_hero_hit": null,
      "multi_kills": null,
      "net_worth": 8497,
      "obs": null,
      "obs_left_log": null,
      "obs_log": null,
      "obs_placed": null,
      "party_id": 6,
      "party_size": 1,
      "performance_others": null,
      "permanent_buffs": [
        {
          "permanent_buff": -1,
          "stack_count": 1,
          "grant_time": 2087
        },
        {
          "permanent_buff": 12,
          "stack_count": 0,
          "grant_time": 1945
        }
      ],
      "pings": null,
      "pred_vict": null,
      "purchase": null,
      "purchase_log": null,
      "randomed": null,
      "repicked": null,
      "roshans_killed": null,
      "rune_pickups": null,
      "runes": null,
      "runes_log": null,
      "sen": null,
      "sen_left_log": null,
      "sen_log": null,
      "sen_placed": null,
      "stuns": null,
      "teamfight_participation": null,
      "times": null,
      "tower_damage": 0,
      "towers_killed": null,
      "xp_per_min": 505,
      "xp_reasons": null,
      "xp_t": null,
      "personaname": "Lao",
      "name": null,
      "last_login": "2019-04-26T06:11:53.509Z",
      "start_time": 653860577,
      "duration": 2292,
      "cluster": 192,
      "lobby_type": 7,
      "game_mode": 22,
      "is_contributor": false,
      "patch": 0,
      "region": 9,
      "isRadiant": false,
      "total_gold": 4435,
      "total_xp": 11939,
      "kills_per_min": 0.18324607329842932,
      "kda": 1,
      "abandons": 0,
      "rank_tier": 13,
      "is_subscriber": false,
      "cosmetics": [],
      "benchmarks": {
        "gold_per_min": {
          "raw": 314,
          "pct": 0.46153846153846156
        },
        "xp_per_min": {},
        "kills_per_min": {
          "raw": 0.18324607329842932,
          "pct": 0.1622829708632699
        },
        "last_hits_per_min": {
          "raw": 1.4921465968586387,
          "pct": 0.6923076923076923
        },
        "hero_damage_per_min": {
          "raw": 564.7120418848168,
          "pct": 0.5897435897435898
        },
        "hero_healing_per_min": {
          "raw": 12.041884816753926,
          "pct": 0.15384615384615385
        },
        "tower_damage": {
          "raw": 0,
          "pct": 0.3076923076923077
        },
        "stuns_per_min": {
          "raw": 0,
          "pct": 0.02564102564102564
        },
        "lhten": {}
      }
    },
    {
      "player_slot": 130,
      "ability_targets": null,
      "ability_upgrades_arr": [
        5260,
        5259,
        5260,
        -1493,
        5260,
        -699,
        5262,
        5260,
        5259,
        5261,
        6104,
        0,
        5261,
        5261,
        495,
        5261,
        5262,
        617,
        7878
      ],
      "ability_uses": null,
      "actions": null,
      "additional_units": null,
      "assists": 7,
      "backpack_0": 14,
      "backpack_1": 0,
      "backpack_2": 0,
      "backpack_3": null,
      "buyback_log": null,
      "camps_stacked": null,
      "connection_log": null,
      "creeps_stacked": null,
      "damage": null,
      "damage_inflictor": null,
      "damage_inflictor_received": null,
      "damage_taken": null,
      "damage_targets": null,
      "deaths": 6,
      "denies": 26,
      "dn_t": null,
      "firstblood_claimed": null,
      "gold": 32,
      "gold_per_min": 0,
      "gold_reasons": null,
      "gold_spent": 21310,
      "gold_t": null,
      "hero_damage": 39387,
      "hero_healing": 0,
      "hero_hits": null,
      "hero_id": 56,
      "item_0": 141,
      "item_1": 1466,
      "item_2": 75,
      "item_3": 149,
      "item_4": 596,
      "item_5": 123,
      "item_neutral": 309,
      "item_uses": null,
      "kill_streaks": null,
      "killed": null,
      "killed_by": null,
      "kills": 12,
      "kills_log": null,
      "lane_pos": null,
      "last_hits": 336,
      "leaver_status": 0,
      "level": 26,
      "lh_t": null,
      "life_state": null,
      "max_hero_hit": null,
      "multi_kills": null,
      "net_worth": 21208,
      "obs": null,
      "obs_left_log": null,
      "obs_log": null,
      "obs_placed": null,
      "party_id": 7,
      "party_size": 1,
      "performance_others": null,
      "permanent_buffs": [
        {
          "permanent_buff": 12,
          "stack_count": 0,
          "grant_time": -817
        }
      ],
      "pings": null,
      "pred_vict": null,
      "purchase": null,
      "purchase_log": null,
      "randomed": null,
      "repicked": null,
      "roshans_killed": null,
      "rune_pickups": null,
      "runes": null,
      "runes_log": null,
      "sen": null,
      "sen_left_log": null,
      "sen_log": null,
      "sen_placed": null,
      "stuns": null,
      "teamfight_participation": null,
      "times": null,
      "tower_damage": 836,
      "towers_killed": null,
      "xp_per_min": 1107,
      "xp_reasons": null,
      "xp_t": null,
      "personaname": "woyohiro",
      "name": null,
      "last_login": null,
      "start_time": 1669911940,
      "duration": 2292,
      "cluster": 18,
      "lobby_type": 7,
      "game_mode": 22,
      "is_contributor": false,
      "patch": -22,
      "region": 9,
      "isRadiant": false,
      "total_gold": 24982,
      "total_xp": 3101,
      "kills_per_min": 0.31413612565445026,
      "kda": 1,
      "abandons": 0,
      "rank_tier": -4,
      "is_subscriber": false,
      "cosmetics": [],
      "benchmarks": {
        "gold_per_min": {
          "raw": 0,
          "pct": 0.6666666666666666
        },
        "xp_per_min": {
          "raw": 1107,
          "pct": 1
        },
        "kills_per_min": {
          "raw": 0.31413612565445026,
          "pct": 0.3333333333333333
        },
        "last_hits_per_min": {
          "raw": 8.795811518324607,
          "pct": 0.7777777777777778
        },
        "hero_damage_per_min": {
          "raw": 1031.0732984293193,
          "pct": 0.6666666666666666
        },
        "hero_healing_per_min": {
          "raw": 0,
          "pct": 1
        },
        "tower_damage": {
          "raw": 64,
          "pct": 0.1111111111111111
        },
        "stuns_per_min": {
          "raw": 0,
          "pct": 0.1111111111111111
        },
        "lhten": {}
      }
    },
    {
      "player_slot": 131,
      "ability_targets": null,
      "ability_upgrades_arr": [
        5272,
        5273,
        0,
        -1421,
        5272,
        -795,
        5273,
        5272,
        5272,
        6655,
        5273,
        5274,
        0,
        0,
        6289,
        0,
        5274
      ],
      "ability_uses": null,
      "actions": null,
      "additional_units": null,
      "assists": 8,
      "backpack_0": 13,
      "backpack_1": 0,
      "backpack_2": 13,
      "backpack_3": null,
      "buyback_log": null,
      "camps_stacked": null,
      "connection_log": null,
      "creeps_stacked": null,
      "damage": null,
      "damage_inflictor": null,
      "damage_inflictor_received": null,
      "damage_taken": null,
      "damage_targets": null,
      "deaths": 12,
      "denies": -1,
      "dn_t": null,
      "firstblood_claimed": null,
      "gold": 470,
      "gold_per_min": 352,
      "gold_reasons": null,
      "gold_spent": 12235,
      "gold_t": null,
      "hero_damage": 27992,
      "hero_healing": 0,
      "hero_hits": null,
      "hero_id": 59,
      "item_0": 116,
      "item_1": 13,
      "item_2": 21,
      "item_3": 151,
      "item_4": 29,
      "item_5": 210,
      "item_neutral": 573,
      "item_uses": null,
      "kill_streaks": null,
      "killed": null,
      "killed_by": null,
      "kills": 0,
      "kills_log": null,
      "lane_pos": null,
      "last_hits": 0,
      "leaver_status": 0,
      "level": 0,
      "lh_t": null,
      "life_state": null,
      "max_hero_hit": null,
      "multi_kills": null,
      "net_worth": 12590,
      "obs": null,
      "obs_left_log": null,
      "obs_log": null,
      "obs_placed": null,
      "party_id": 8,
      "party_size": 1,
      "performance_others": null,
      "permanent_buffs": [
        {
          "permanent_buff": 6,
          "stack_count": 1,
          "grant_time": 1565
        }
      ],
      "pings": null,
      "pred_vict": null,
      "purchase": null,
      "purchase_log": null,
      "randomed": null,
      "repicked": null,
      "roshans_killed": null,
      "rune_pickups": null,
      "runes": null,
      "runes_log": null,
      "sen": null,
      "sen_left_log": null,
      "sen_log": null,
      "sen_placed": null,
      "stuns": null,
      "teamfight_participation": null,
      "times": null,
      "tower_damage": -40,
      "towers_killed": null,
      "xp_per_min": 539,
      "xp_reasons": null,
      "xp_t": null,
      "personaname": "mugen",
      "name": null,
      "last_login": null,
      "start_time": 1669911940,
      "duration": 2292,
      "cluster": 192,
      "lobby_type": 7,
      "game_mode": 22,
      "is_contributor": false,
      "patch": 0,
      "region": 9,
      "isRadiant": false,
      "total_gold": 13446,
      "total_xp": 20589,
      "kills_per_min": 0.20942408376963348,
      "kda": 0,
      "abandons": 0,
      "rank_tier": 13,
      "is_subscriber": false,
      "cosmetics": [],
      "benchmarks": {
        "gold_per_min": {
          "raw": 352,
          "pct": 0.05885797800904485
        },
        "xp_per_min": {
          "raw": 539,
          "pct": 0.25
        },
        "kills_per_min": {},
        "last_hits_per_min": {
          "raw": 1.2076320989874325,
          "pct": 0
        },
        "hero_damage_per_min": {
          "raw": 732.7748691099476,
          "pct": 0.216417780374982
        },
        "hero_healing_per_min": {
          "raw": 0,
          "pct": 1
        },
        "tower_damage": {
          "raw": 838,
          "pct": 0.375
        },
        "stuns_per_min": {
          "raw": 0,
          "pct": -0.05425481149276712
        },
        "lhten": {}
      }
    },
    {
      "player_slot": 132,
      "ability_targets": null,
      "ability_upgrades_arr": [
        5392,
        5684,
        -1645,
        5391,
        5392,
        5394,
        5392,
        5391,
        5391,
        5391,
        5684,
        5394,
        5684,
        0,
        5906,
        6141,
        -1322,
        0
      ],
      "ability_uses": null,
      "actions": null,
      "additional_units": null,
      "assists": 5,
      "backpack_0": 0,
      "backpack_1": 0,
      "backpack_2": 40,
      "backpack_3": null,
      "buyback_log": null,
      "camps_stacked": null,
      "connection_log": null,
      "creeps_stacked": null,
      "damage": null,
      "damage_inflictor": null,
      "damage_inflictor_received": null,
      "damage_taken": null,
      "damage_targets": null,
      "deaths": 12,
      "denies": 3,
      "dn_t": null,
      "firstblood_claimed": null,
      "gold": 2269,
      "gold_per_min": 412,
      "gold_reasons": null,
      "gold_spent": 10870,
      "gold_t": null,
      "hero_damage": 6607,
      "hero_healing": 0,
      "hero_hits": null,
      "hero_id": 76,
      "item_0": -86,
      "item_1": 0,
      "item_2": -80,
      "item_3": 0,
      "item_4": 63,
      "item_5": 30,
      "item_neutral": 288,
      "item_uses": null,
      "kill_streaks": null,
      "killed": null,
      "killed_by": null,
      "kills": 13,
      "kills_log": null,
      "lane_pos": null,
      "last_hits": 97,
      "leaver_status": 0,
      "level": 21,
      "lh_t": null,
      "life_state": null,
      "max_hero_hit": null,
      "multi_kills": null,
      "net_worth": 12049,
      "obs": null,
      "obs_left_log": null,
      "obs_log": null,
      "obs_placed": null,
      "party_id": 0,
      "party_size": 0,
      "performance_others": null,
      "permanent_buffs": [],
      "pings": null,
      "pred_vict": null,
      "purchase": null,
      "purchase_log": null,
      "randomed": null,
      "repicked": null,
      "roshans_killed": null,
      "rune_pickups": null,
      "runes": null,
      "runes_log": null,
      "sen": null,
      "sen_left_log": null,
      "sen_log": null,
      "sen_placed": null,
      "stuns": null,
      "teamfight_participation": null,
      "times": null,
      "tower_damage": 482,
      "towers_killed": null,
      "xp_per_min": 620,
      "xp_reasons": null,
      "xp_t": null,
      "personaname": "AnGeL_of_DeaTh",
      "name": null,
      "last_login": null,
      "start_time": 1669911940,
      "duration": 885,
      "cluster": 192,
      "lobby_type": 7,
      "game_mode": 22,
      "is_contributor": false,
      "patch": 51,
      "region": 0,
      "isRadiant": false,
      "total_gold": 15738,
      "total_xp": 23684,
      "kills_per_min": 0.3403141361256544,
      "kda": 2,
      "abandons": 0,
      "rank_tier": 12,
      "is_subscriber": false,
      "cosmetics": [],
      "benchmarks": {
        "gold_per_min": {
          "raw": 412,
          "pct": 0.22580645161290322
        },
        "xp_per_min": {
          "raw": 620,
          "pct": 0.41935483870967744
        },
        "kills_per_min": {
          "raw": 0.3403141361256544,
          "pct": 0.8387096774193549
        },
        "last_hits_per_min": {
          "raw": 2.5392670157068062,
          "pct": 0.01387448004038199
        },
        "hero_damage_per_min": {
          "raw": 778.717277486911,
          "pct": 0.7419354838709677
        },
        "hero_healing_per_min": {
          "raw": 0,
          "pct": 1
        },
        "tower_damage": {
          "raw": 482,
          "pct": 0.16129032258064516
        },
        "stuns_per_min": {
          "raw": 0,
          "pct": 0.03225806451612903
        },
        "lhten": {}
      }
    }
  ],
  "patch": 51,
  "region": 9
}