{
  "chat": null,
  "cluster": 188,
  "cosmetics": null,
  "dire_score": 50,
  "dire_team_id": null,
  "draft_timings": null,
  "duration": 2342,
  "engine": 1,
  "first_blood_time": 0,
  "game_mode": 22,
  "human_players": 10,
  "leagueid": 0,
  "lobby_type": 7,
  "match_seq_num": 5780379827,
  "negative_votes": 0,
  "objectives": null,
  "picks_bans": [
    {
      "is_pick": true,
      "hero_id": 43,
      "team": 0,
      "order": 0
    },
    {
      "is_pick": true,
      "hero_id": -2,
      "team": 0,
      "order": 1
    },
    {
      "is_pick": true,
      "hero_id": 12,
      "team": 1,
      "order": 2
    },
    {
      "is_pick": true,
      "hero_id": 0,
      "team": 0,
      "order": 3
    },
    {
      "is_pick": true,
      "hero_id": 46,
      "team": 1,
      "order": 4
    },
    {
      "is_pick": true,
      "hero_id": 0,
      "team": 1,
      "order": 1
    },
    {
      "is_pick": true,
      "hero_id": 103,
      "team": 0,
      "order": 2
    },
    {
      "is_pick": true,
      "hero_id": 99,
      "team": 0,
      "order": 7
    },
    {},
    {
      "is_pick": true,
      "hero_id": 28,
      "team": 1,
      "order": 9
    },
    {
      "is_pick": false,
      "hero_id": 55,
      "team": 0,
      "order": 0
    },
    {
      "is_pick": false,
      "hero_id": -10,
      "team": 0,
      "order": 11
    },
    {},
    {
      "is_pick": false,
      "hero_id": 75,
      "team": 0,
      "order": 13
    },
    {},
    {
      "is_pick": false,
      "hero_id": 2,
      "team": 1,
      "order": 15
    },
    {
      "is_pick": false,
      "hero_id": 35,
      "team": 0,
      "order": 16
    }
  ],
  "positive_votes": 0,
  "radiant_gold_adv": null,
  "radiant_score": 29,
  "radiant_team_id": null,
  "radiant_xp_adv": null,
  "skill": null,
  "start_time": 1669912769,
  "teamfights": null,
  "version": null,
  "replay_salt": 1295484913,
  "series_id": 0,
  "series_type": 0,
  "players": [
    {
      "player_slot": 0,
      "ability_targets": null,
      "ability_upgrades_arr": [
        5591,
        5593,
        5591,
        5589,
        5589,
        5594,
        5591,
        5589,
        5589,
        0,
        5593,
        998,
        5593,
        0,
        6171,
        5593,
        5594
      ],
      "ability_uses": null,
      "actions": null,
      "additional_units": null,
      "assists": 7,
      "backpack_0": 0,
      "backpack_1": 0,
      "backpack_2": 0,
      "backpack_3": null,
      "buyback_log": null,
      "camps_stacked": null,
      "connection_log": null,
      "creeps_stacked": null,
      "damage": null,
      "damage_inflictor": null,
      "damage_inflictor_received": null,
      "damage_taken": null,
      "damage_targets": null,
      "deaths": 10,
      "denies": 4,
      "dn_t": null,
      "firstblood_claimed": null,
      "gold": 905,
      "gold_per_min": 345,
      "gold_reasons": null,
      "gold_spent": -5815,
      "gold_t": null,
      "hero_damage": 15988,
      "hero_healing": 0,
      "hero_hits": null,
      "hero_id": 103,
      "item_0": 252,
      "item_1": 244,
      "item_2": 73,
      "item_3": 0,
      "item_4": 108,
      "item_5": 149,
      "item_neutral": 306,
      "item_uses": null,
      "kill_streaks": null,
      "killed": null,
      "killed_by": null,
      "kills": 7,
      "kills_log": null,
      "lane_pos": null,
      "last_hits": 117,
      "leaver_status": 1,
      "level": -6,
      "lh_t": null,
      "life_state": null,
      "max_hero_hit": null,
      "multi_kills": null,
      "net_worth": 11810,
      "obs": null,
      "obs_left_log": null,
      "obs_log": null,
      "obs_placed": null,
      "party_id": 0,
      "party_size": 1,
      "performance_others": null,
      "permanent_buffs": [
        {
          "permanent_buff": -1,
          "stack_count": 0,
          "grant_time": 0
        }
      ],
      "pings": null,
      "pred_vict": null,
      "purchase": null,
      "purchase_log": null,
      "randomed": null,
      "repicked": null,
      "roshans_killed": null,
      "rune_pickups": null,
      "runes": null,
      "runes_log": null,
      "sen": null,
      "sen_left_log": null,
      "sen_log": null,
      "sen_placed": null,
      "stuns": null,
      "teamfight_participation": null,
      "times": null,
      "tower_damage": 50,
      "towers_killed": null,
      "xp_per_min": 536,
      "xp_reasons": null,
      "xp_t": null,
      "personaname": "chanGGe",
      "name": null,
      "last_login": null,
      "start_time": 1669912769,
      "duration": -895,
      "cluster": 58,
      "lobby_type": 7,
      "game_mode": -6,
      "is_contributor": false,
      "patch": 51,
      "region": -2,
      "isRadiant": true,
      "total_gold": 3792,
      "total_xp": 20921,
      "kills_per_min": 0.0018959039419503484,
      "kda": 1,
      "abandons": 0,
      "rank_tier": 25,
      "is_subscriber": false,
      "cosmetics": [],
      "benchmarks": {
        "gold_per_min": {
          "raw": 345,
          "pct": 0.6
        },
        "xp_per_min": {
          "raw": 536,
          "pct": 0.6
        },
        "kills_per_min": {
          "raw": 0.17933390264730997,
          "pct": 1
        },
        "last_hits_per_min": {
          "raw": 2.9974380871050386,
          "pct": 0.6
        },
        "hero_damage_per_min": {
          "raw": 409.598633646456,
          "pct": 0.2
        },
        "hero_healing_per_min": {},
        "tower_damage": {
          "raw": 50,
          "pct": 0.4
        },
        "stuns_per_min": {
          "raw": 0,
          "pct": 0
        },
        "lhten": {}
      }
    },
    {
      "player_slot": 1,
      "ability_targets": null,
      "ability_upgrades_arr": [],
      "ability_uses": null,
      "actions": null,
      "additional_units": null,
      "assists": 16,
      "backpack_0": 0,
      "backpack_1": 0,
      "backpack_2": 0,
      "backpack_3": null,
      "buyback_log": null,
      "camps_stacked": null,
      "connection_log": null,
      "creeps_stacked": null,
      "damage": null,
      "damage_inflictor": null,
      "damage_inflictor_received": null,
      "damage_taken": null,
      "damage_targets": null,
      "deaths": 17,
      "denies": 0,
      "dn_t": null,
      "firstblood_claimed": null,
      "gold": 223,
      "gold_per_min": 229,
      "gold_reasons": null,
      "gold_spent": -3348,
      "gold_t": null,
      "hero_damage": 15822,
      "hero_healing": 0,
      "hero_hits": null,
      "hero_id": 43,
      "item_0": 77,
      "item_1": 36,
      "item_2": 100,
      "item_3": 43,
      "item_4": 50,
      "item_5": 21,
      "item_neutral": 840,
      "item_uses": null,
      "kill_streaks": null,
      "killed": null,
      "killed_by": null,
      "kills": 0,
      "kills_log": null,
      "lane_pos": null,
      "last_hits": 40,
      "leaver_status": 0,
      "level": 14,
      "lh_t": null,
      "life_state": null,
      "max_hero_hit": null,
      "multi_kills": null,
      "net_worth": 6623,
      "obs": null,
      "obs_left_log": null,
      "obs_log": null,
      "obs_placed": null,
      "party_id": 1,
      "party_size": 1,
      "performance_others": null,
      "permanent_buffs": [],
      "pings": null,
      "pred_vict": null,
      "purchase": null,
      "purchase_log": null,
      "randomed": null,
      "repicked": null,
      "roshans_killed": null,
      "rune_pickups": null,
      "runes": null,
      "runes_log": null,
      "sen": null,
      "sen_left_log": null,
      "sen_log": null,
      "sen_placed": null,
      "stuns": null,
      "teamfight_participation": null,
      "times": null,
      "tower_damage": -169,
      "towers_killed": null,
      "xp_per_min": 308,
      "xp_reasons": null,
      "xp_t": null,
      "personaname": "Картошечка",
      "name": null,
      "last_login": null,
      "start_time": 1669912769,
      "duration": 2342,
      "cluster": 188,
      "lobby_type": 7,
      "game_mode": 22,
      "is_contributor": false,
      "patch": 5,
      "region": 0,
      "isRadiant": true,
      "total_gold": 8938,
      "total_xp": 12022,
      "kda": 0,
      "abandons": 0,
      "rank_tier": 12,
      "is_subscriber": false,
      "cosmetics": [],
      "benchmarks": {
        "gold_per_min": {
          "raw": 229,
          "pct": 0
        },
        "xp_per_min": {
          "raw": 140,
          "pct": 0
        },
        "kills_per_min": {
          "raw": 0,
          "pct": 0
        },
        "last_hits_per_min": {
          "raw": 1.0247651579846284,
          "pct": 0
        },
        "hero_damage_per_min": {
          "raw": -61.61962224473438,
          "pct": 0.18181818181818182
        },
        "hero_healing_per_min": {},
        "tower_damage": {
          "raw": 1114,
          "pct": 0.11363636363636363
        },
        "stuns_per_min": {
          "raw": 0,
          "pct": -0.10321948103524536
        },
        "lhten": {}
      }
    },
    {
      "player_slot": 0,
      "ability_targets": null,
      "ability_upgrades_arr": [
        5268,
        5269,
        5268,
        5270,
        5268,
        5267,
        5268,
        5270,
        0,
        5937,
        5270,
        5267,
        0,
        5269,
        0,
        5269,
        0
      ],
      "ability_uses": null,
      "actions": null,
      "additional_units": null,
      "assists": 10,
      "backpack_0": 0,
      "backpack_1": 0,
      "backpack_2": 0,
      "backpack_3": null,
      "buyback_log": null,
      "camps_stacked": null,
      "connection_log": null,
      "creeps_stacked": null,
      "damage": null,
      "damage_inflictor": null,
      "damage_inflictor_received": null,
      "damage_taken": null,
      "damage_targets": null,
      "deaths": 8,
      "denies": 0,
      "dn_t": null,
      "firstblood_claimed": null,
      "gold": 164,
      "gold_per_min": 383,
      "gold_reasons": null,
      "gold_spent": 13200,
      "gold_t": null,
      "hero_damage": 15486,
      "hero_healing": 493,
      "hero_hits": null,
      "hero_id": 58,
      "item_0": 65,
      "item_1": 69,
      "item_2": 263,
      "item_3": 63,
      "item_4": 166,
      "item_5": 0,
      "item_neutral": 288,
      "item_uses": null,
      "kill_streaks": null,
      "killed": null,
      "killed_by": null,
      "kills": 0,
      "kills_log": null,
      "lane_pos": null,
      "last_hits": 131,
      "leaver_status": 0,
      "level": 19,
      "lh_t": null,
      "life_state": null,
      "max_hero_hit": null,
      "multi_kills": null,
      "net_worth": 12664,
      "obs": null,
      "obs_left_log": null,
      "obs_log": null,
      "obs_placed": null,
      "party_id": 2,
      "party_size": 0,
      "performance_others": null,
      "permanent_buffs": [],
      "pings": null,
      "pred_vict": null,
      "purchase": null,
      "purchase_log": null,
      "randomed": null,
      "repicked": null,
      "roshans_killed": null,
      "rune_pickups": null,
      "runes": null,
      "runes_log": null,
      "sen": null,
      "sen_left_log": null,
      "sen_log": null,
      "sen_placed": null,
      "stuns": null,
      "teamfight_participation": null,
      "times": null,
      "tower_damage": 8,
      "towers_killed": null,
      "xp_per_min": 543,
      "xp_reasons": null,
      "xp_t": null,
      "start_time": 1669912769,
      "duration": 2342,
      "cluster": 188,
      "lobby_type": 0,
      "game_mode": 22,
      "is_contributor": false,
      "patch": 8,
      "region": 8,
      "isRadiant": true,
      "total_gold": 14949,
      "total_xp": 11238,
      "kills_per_min": 0.10247651579846286,
      "kda": 0,
      "abandons": 0,
      "rank_tier": null,
      "is_subscriber": false,
      "cosmetics": [],
      "benchmarks": {
        "gold_per_min": {
          "raw": 17,
          "pct": 0.24267566696774262
        },
        "xp_per_min": {
          "raw": 543,
          "pct": 0.5428571428571428
        },
        "kills_per_min": {
          "raw": 0.10247651579846286,
          "pct": 0.37142857142857144
        },
        "last_hits_per_min": {
          "raw": 3.3561058923996585,
          "pct": 0.6285714285714286
        },
        "hero_damage_per_min": {
          "raw": 396.73783091374895,
          "pct": 0.5142857142857142
        },
        "hero_healing_per_min": {
          "raw": 12.630230572160547,
          "pct": 0.17142857142857143
        },
        "tower_damage": {
          "raw": 0,
          "pct": 0.08571428571428572
        },
        "stuns_per_min": {},
        "lhten": {}
      }
    },
    {
      "player_slot": 3,
      "ability_targets": null,
      "ability_upgrades_arr": [
        5061,
        5062,
        5061,
        5062,
        5061,
        5062,
        5061,
        5062,
        5064,
        6016,
        5063,
        5064,
        5063,
        5063,
        6875,
        5063,
        5064,
        -2017
      ],
      "ability_uses": null,
      "actions": null,
      "additional_units": null,
      "assists": 9,
      "backpack_0": 0,
      "backpack_1": 0,
      "backpack_2": 0,
      "backpack_3": null,
      "buyback_log": null,
      "camps_stacked": null,
      "connection_log": null,
      "creeps_stacked": null,
      "damage": null,
      "damage_inflictor": null,
      "damage_inflictor_received": null,
      "damage_taken": null,
      "damage_targets": null,
      "deaths": 8,
      "denies": 0,
      "dn_t": null,
      "firstblood_claimed": null,
      "gold": 2256,
      "gold_per_min": 426,
      "gold_reasons": null,
      "gold_spent": 11815,
      "gold_t": null,
      "hero_damage": 22261,
      "hero_healing": 0,
      "hero_hits": null,
      "hero_id": 11,
      "item_0": 152,
      "item_1": 168,
      "item_2": 41,
      "item_3": 10,
      "item_4": 63,
      "item_5": 32,
      "item_neutral": 376,
      "item_uses": null,
      "kill_streaks": null,
      "killed": null,
      "killed_by": null,
      "kills": 5,
      "kills_log": null,
      "lane_pos": null,
      "last_hits": 0,
      "leaver_status": 0,
      "level": 21,
      "lh_t": null,
      "life_state": null,
      "max_hero_hit": null,
      "multi_kills": null,
      "net_worth": 13006,
      "obs": null,
      "obs_left_log": null,
      "obs_log": null,
      "obs_placed": null,
      "party_id": 3,
      "party_size": 0,
      "performance_others": null,
      "permanent_buffs": [
        {}
      ],
      "pings": null,
      "pred_vict": null,
      "purchase": null,
      "purchase_log": null,
      "randomed": null,
      "repicked": null,
      "roshans_killed": null,
      "rune_pickups": null,
      "runes": null,
      "runes_log": null,
      "sen": null,
      "sen_left_log": null,
      "sen_log": null,
      "sen_placed": null,
      "stuns": null,
      "teamfight_participation": null,
      "times": null,
      "tower_damage": 1007,
      "towers_killed": null,
      "xp_per_min": 618,
      "xp_reasons": null,
      "xp_t": null,
      "personaname": "трахарь",
      "name": null,
      "last_login": null,
      "start_time": 1669912769,
      "duration": 2342,
      "cluster": 188,
      "lobby_type": 7,
      "game_mode": 22,
      "is_contributor": false,
      "patch": 51,
      "region": 8,
      "isRadiant": true,
      "total_gold": 16628,
      "total_xp": 24122,
      "kills_per_min": 0.12809564474807858,
      "kda": 0,
      "abandons": 0,
      "rank_tier": 14,
      "is_subscriber": false,
      "cosmetics": [],
      "benchmarks": {
        "gold_per_min": {
          "raw": 426,
          "pct": -0.047168101897033306
        },
        "xp_per_min": {
          "raw": 0,
          "pct": 0.28
        },
        "kills_per_min": {
          "raw": 0.12809564474807855,
          "pct": 0.28
        },
        "last_hits_per_min": {
          "raw": 1.3769974832915428,
          "pct": 0.12
        },
        "hero_damage_per_min": {
          "raw": 570.3074295473954,
          "pct": 0.1179629296644914
        },
        "hero_healing_per_min": {
          "raw": 0,
          "pct": 0.88
        },
        "tower_damage": {
          "raw": 1007,
          "pct": 0.3
        },
        "stuns_per_min": {
          "raw": 0,
          "pct": 0.02
        },
        "lhten": {}
      }
    },
    {
      "player_slot": 4,
      "ability_targets": null,
      "ability_upgrades_arr": [
        5549,
        5550,
        5549,
        5550,
        5549,
        5551,
        5549,
        5548,
        5550,
        7132,
        5550,
        5551,
        5548,
        5548,
        1078,
        5548,
        5551,
        6360,
        434
      ],
      "ability_uses": null,
      "actions": null,
      "additional_units": null,
      "assists": 2,
      "backpack_0": 0,
      "backpack_1": 0,
      "backpack_2": 13,
      "backpack_3": null,
      "buyback_log": null,
      "camps_stacked": null,
      "connection_log": null,
      "creeps_stacked": null,
      "damage": null,
      "damage_inflictor": null,
      "damage_inflictor_received": null,
      "damage_taken": null,
      "damage_targets": null,
      "deaths": 8,
      "denies": 7,
      "dn_t": null,
      "firstblood_claimed": null,
      "gold": 2656,
      "gold_per_min": 509,
      "gold_reasons": null,
      "gold_spent": 15445,
      "gold_t": null,
      "hero_damage": 39315,
      "hero_healing": 0,
      "hero_hits": null,
      "hero_id": 99,
      "item_0": -326,
      "item_1": 127,
      "item_2": 0,
      "item_3": 108,
      "item_4": 50,
      "item_5": 0,
      "item_neutral": 141,
      "item_uses": null,
      "kill_streaks": null,
      "killed": null,
      "killed_by": null,
      "kills": 12,
      "kills_log": null,
      "lane_pos": null,
      "last_hits": 210,
      "leaver_status": 0,
      "level": 25,
      "lh_t": null,
      "life_state": null,
      "max_hero_hit": null,
      "multi_kills": null,
      "net_worth": 16021,
      "obs": null,
      "obs_left_log": null,
      "obs_log": null,
      "obs_placed": null,
      "party_id": 3,
      "party_size": 0,
      "performance_others": null,
      "permanent_buffs": [
        {
          "permanent_buff": -2,
          "stack_count": 0,
          "grant_time": 2132
        }
      ],
      "pings": null,
      "pred_vict": null,
      "purchase": null,
      "purchase_log": null,
      "randomed": null,
      "repicked": null,
      "roshans_killed": null,
      "rune_pickups": null,
      "runes": null,
      "runes_log": null,
      "sen": null,
      "sen_left_log": null,
      "sen_log": null,
      "sen_placed": null,
      "stuns": null,
      "teamfight_participation": null,
      "times": null,
      "tower_damage": 2401,
      "towers_killed": null,
      "xp_per_min": 918,
      "xp_reasons": null,
      "xp_t": null,
      "personaname": "LIgerPil",
      "name": null,
      "last_login": null,
      "start_time": 1669912769,
      "duration": 2342,
      "cluster": 188,
      "lobby_type": 7,
      "game_mode": 22,
      "is_contributor": false,
      "patch": 51,
      "region": 8,
      "isRadiant": true,
      "total_gold": 19867,
      "total_xp": 13525,
      "kills_per_min": 0.3074295473953886,
      "kda": 1,
      "abandons": 0,
      "rank_tier": 14,
      "is_subscriber": false,
      "cosmetics": [],
      "benchmarks": {
        "gold_per_min": {
          "raw": 0,
          "pct": 0.7142857142857143
        },
        "xp_per_min": {
          "raw": 918,
          "pct": 0
        },
        "kills_per_min": {
          "raw": 0.3074295473953886,
          "pct": 1
        },
        "last_hits_per_min": {
          "raw": 5.3800170794193,
          "pct": 0.5
        },
        "hero_damage_per_min": {
          "raw": 1007.2160546541418,
          "pct": 0.8571428571428571
        },
        "hero_healing_per_min": {
          "raw": 0,
          "pct": 0
        },
        "tower_damage": {
          "raw": 1140,
          "pct": 0.5714285714285714
        },
        "stuns_per_min": {
          "raw": 0,
          "pct": 0.7142857142857143
        },
        "lhten": {}
      }
    },
    {
      "player_slot": 128,
      "ability_targets": null,
      "ability_upgrades_arr": [
        5173,
        5175,
        5173,
        5174,
        0,
        5176,
        5173,
        0,
        5175,
        437,
        1253,
        5176,
        5174,
        5174,
        5907,
        5174,
        5176,
        6856
      ],
      "ability_uses": null,
      "actions": null,
      "additional_units": null,
      "assists": 4,
      "backpack_0": 0,
      "backpack_1": 0,
      "backpack_2": 0,
      "backpack_3": null,
      "buyback_log": null,
      "camps_stacked": null,
      "connection_log": null,
      "creeps_stacked": null,
      "damage": null,
      "damage_inflictor": null,
      "damage_inflictor_received": null,
      "damage_taken": null,
      "damage_targets": null,
      "deaths": 0,
      "denies": 5,
      "dn_t": null,
      "firstblood_claimed": null,
      "gold": 1637,
      "gold_per_min": 471,
      "gold_reasons": null,
      "gold_spent": 16320,
      "gold_t": null,
      "hero_damage": 21686,
      "hero_healing": 0,
      "hero_hits": null,
      "hero_id": 39,
      "item_0": 0,
      "item_1": 273,
      "item_2": 110,
      "item_3": 166,
      "item_4": 63,
      "item_5": 0,
      "item_neutral": 0,
      "item_uses": null,
      "kill_streaks": null,
      "killed": null,
      "killed_by": null,
      "kills": 8,
      "kills_log": null,
      "lane_pos": null,
      "last_hits": 166,
      "leaver_status": 0,
      "level": 23,
      "lh_t": null,
      "life_state": null,
      "max_hero_hit": null,
      "multi_kills": null,
      "net_worth": 17142,
      "obs": null,
      "obs_left_log": null,
      "obs_log": null,
      "obs_placed": null,
      "party_id": 4,
      "party_size": 0,
      "performance_others": null,
      "permanent_buffs": [],
      "pings": null,
      "pred_vict": null,
      "purchase": null,
      "purchase_log": null,
      "randomed": null,
      "repicked": null,
      "roshans_killed": null,
      "rune_pickups": null,
      "runes": null,
      "runes_log": null,
      "sen": null,
      "sen_left_log": null,
      "sen_log": null,
      "sen_placed": null,
      "stuns": null,
      "teamfight_participation": null,
      "times": null,
      "tower_damage": -399,
      "towers_killed": null,
      "xp_per_min": 774,
      "xp_reasons": null,
      "xp_t": null,
      "start_time": 1669912769,
      "duration": 2342,
      "cluster": 188,
      "lobby_type": 7,
      "game_mode": 22,
      "is_contributor": false,
      "patch": 51,
      "region": 8,
      "isRadiant": false,
      "total_gold": 18384,
      "total_xp": 12683,
      "kills_per_min": 0.2049530315969257,
      "kda": 4,
      "abandons": 0,
      "rank_tier": null,
      "is_subscriber": false,
      "cosmetics": [],
      "benchmarks": {
        "gold_per_min": {
          "raw": 0,
          "pct": 0.2608695652173913
        },
        "xp_per_min": {
          "raw": 774,
          "pct": -0.1927928196158322
        },
        "kills_per_min": {
          "raw": 0.2049530315969257,
          "pct": 0.5652173913043478
        },
        "last_hits_per_min": {
          "raw": 4.252775405636209,
          "pct": 0.21739130434782608
        },
        "hero_damage_per_min": {
          "raw": 555.5764304013663,
          "pct": 0.17391304347826086
        },
        "hero_healing_per_min": {
          "raw": 0,
          "pct": 0.8695652173913043
        },
        "tower_damage": {
          "raw": 2196,
          "pct": 0.6086956521739131
        },
        "stuns_per_min": {
          "raw": 0,
          "pct": 0.8260869565217391
        },
        "lhten": {}
      }
    },
    {
      "player_slot": 129,
      "ability_targets": null,
      "ability_upgrades_arr": [
        5075,
        5076,
        0,
        5076,
        5075,
        5077,
        -2188,
        5076,
        5075,
        0,
        5074,
        5077,
        5074,
        1592,
        5074,
        507,
        5077,
        332
      ],
      "ability_uses": null,
      "actions": null,
      "additional_units": null,
      "assists": 11,
      "backpack_0": 0,
      "backpack_1": 0,
      "backpack_2": 0,
      "backpack_3": null,
      "buyback_log": null,
      "camps_stacked": null,
      "connection_log": null,
      "creeps_stacked": null,
      "damage": null,
      "damage_inflictor": null,
      "damage_inflictor_received": null,
      "damage_taken": null,
      "damage_targets": null,
      "deaths": 10,
      "denies": 0,
      "dn_t": null,
      "firstblood_claimed": null,
      "gold": -202,
      "gold_per_min": 300,
      "gold_reasons": null,
      "gold_spent": 10455,
      "gold_t": null,
      "hero_damage": 14697,
      "hero_healing": 0,
      "hero_hits": null,
      "hero_id": 14,
      "item_0": 214,
      "item_1": 114,
      "item_2": 692,
      "item_3": 4,
      "item_4": 28,
      "item_5": 0,
      "item_neutral": 0,
      "item_uses": null,
      "kill_streaks": null,
      "killed": null,
      "killed_by": null,
      "kills": 0,
      "kills_log": null,
      "lane_pos": null,
      "last_hits": 0,
      "leaver_status": 0,
      "level": 20,
      "lh_t": null,
      "life_state": null,
      "max_hero_hit": null,
      "multi_kills": null,
      "net_worth": -2826,
      "obs": null,
      "obs_left_log": null,
      "obs_log": null,
      "obs_placed": null,
      "party_id": 5,
      "party_size": 1,
      "performance_others": null,
      "permanent_buffs": [
        {
          "permanent_buff": 0,
          "stack_count": 14,
          "grant_time": 1720
        }
      ],
      "pings": null,
      "pred_vict": null,
      "purchase": null,
      "purchase_log": null,
      "randomed": null,
      "repicked": null,
      "roshans_killed": null,
      "rune_pickups": null,
      "runes": null,
      "runes_log": null,
      "sen": null,
      "sen_left_log": null,
      "sen_log": null,
      "sen_placed": null,
      "stuns": null,
      "teamfight_participation": null,
      "times": null,
      "tower_damage": 302,
      "towers_killed": null,
      "xp_per_min": 571,
      "xp_reasons": null,
      "xp_t": null,
      "start_time": 1669912769,
      "duration": 2342,
      "cluster": 188,
      "lobby_type": 7,
      "game_mode": 22,
      "is_contributor": false,
      "patch": 51,
      "region": 8,
      "isRadiant": false,
      "total_gold": 10545,
      "total_xp": 14673,
      "kills_per_min": -0.07278485439382325,
      "kda": 1,
      "abandons": 0,
      "rank_tier": null,
      "is_subscriber": false,
      "cosmetics": [],
      "benchmarks": {
        "gold_per_min": {
          "raw": 0,
          "pct": 0.23214285714285715
        },
        "xp_per_min": {
          "raw": 571,
          "pct": 0.42857142857142855
        },
        "kills_per_min": {
          "raw": 0.1537147736976943,
          "pct": 0.39285714285714285
        },
        "last_hits_per_min": {
          "raw": 0.9735269000853971,
          "pct": 0.08928571428571429
        },
        "hero_damage_per_min": {
          "raw": 376.5243381725021,
          "pct": 0.25
        },
        "hero_healing_per_min": {
          "raw": 0,
          "pct": -0.3103038743244187
        },
        "tower_damage": {
          "raw": 302,
          "pct": 0.48214285714285715
        },
        "stuns_per_min": {
          "raw": 0,
          "pct": 0
        },
        "lhten": {}
      }
    },
    {
      "player_slot": 130,
      "ability_targets": null,
      "ability_upgrades_arr": [
        5065,
        5068,
        5066,
        5068,
        0,
        5067,
        5068,
        5066,
        2130,
        6400,
        5066,
        5067,
        5065,
        5065,
        960,
        5065,
        5067,
        2865
      ],
      "ability_uses": null,
      "actions": null,
      "additional_units": null,
      "assists": 7,
      "backpack_0": 0,
      "backpack_1": 0,
      "backpack_2": 0,
      "backpack_3": null,
      "buyback_log": null,
      "camps_stacked": null,
      "connection_log": null,
      "creeps_stacked": null,
      "damage": null,
      "damage_inflictor": null,
      "damage_inflictor_received": null,
      "damage_taken": null,
      "damage_targets": null,
      "deaths": 6,
      "denies": 0,
      "dn_t": null,
      "firstblood_claimed": null,
      "gold": 285,
      "gold_per_min": 503,
      "gold_reasons": null,
      "gold_spent": 18120,
      "gold_t": null,
      "hero_damage": 24990,
      "hero_healing": 0,
      "hero_hits": null,
      "hero_id": 12,
      "item_0": 160,
      "item_1": 75,
      "item_2": 114,
      "item_3": 174,
      "item_4": 63,
      "item_5": 143,
      "item_neutral": 574,
      "item_uses": null,
      "kill_streaks": null,
      "killed": null,
      "killed_by": null,
      "kills": 8,
      "kills_log": null,
      "lane_pos": null,
      "last_hits": 256,
      "leaver_status": 0,
      "level": 21,
      "lh_t": null,
      "life_state": null,
      "max_hero_hit": null,
      "multi_kills": null,
      "net_worth": 0,
      "obs": null,
      "obs_left_log": null,
      "obs_log": null,
      "obs_placed": null,
      "party_id": 6,
      "party_size": 1,
      "performance_others": null,
      "permanent_buffs": [],
      "pings": null,
      "pred_vict": null,
      "purchase": null,
      "purchase_log": null,
      "randomed": null,
      "repicked": null,
      "roshans_killed": null,
      "rune_pickups": null,
      "runes": null,
      "runes_log": null,
      "sen": null,
      "sen_left_log": null,
      "sen_log": null,
      "sen_placed": null,
      "stuns": null,
      "teamfight_participation": null,
      "times": null,
      "tower_damage": 3264,
      "towers_killed": null,
      "xp_per_min": 5,
      "xp_reasons": null,
      "xp_t": null,
      "start_time": 1669912769,
      "duration": 2342,
      "cluster": 188,
      "lobby_type": 0,
      "game_mode": 22,
      "is_contributor": false,
      "patch": 51,
      "region": 8,
      "isRadiant": false,
      "total_gold": 19106,
      "total_xp": 12621,
      "kills_per_min": 0.2049530315969257,
      "kda": 2,
      "abandons": 0,
      "rank_tier": null,
      "is_subscriber": false,
      "cosmetics": [],
      "benchmarks": {
        "gold_per_min": {
          "raw": 503,
          "pct": 0.125
        },
        "xp_per_min": {
          "raw": 257,
          "pct": 0.25
        },
        "kills_per_min": {
          "raw": -0.06356670047856203,
          "pct": 0.625
        },
        "last_hits_per_min": {},
        "hero_damage_per_min": {
          "raw": 640.2220324508967,
          "pct": 0.5
        },
        "hero_healing_per_min": {},
        "tower_damage": {
          "raw": 3264,
          "pct": 0.625
        },
        "stuns_per_min": {
          "raw": 0,
          "pct": 0.625
        },
        "lhten": {}
      }
    },
    {
      "player_slot": 131,
      "ability_targets": null,
      "ability_upgrades_arr": [
        5116,
        5115,
        5114,
        5116,
        5116,
        -624,
        -188,
        5114,
        5114,
        5114,
        852,
        5117,
        5115,
        -786,
        6889,
        5115,
        5117,
        504
      ],
      "ability_uses": null,
      "actions": null,
      "additional_units": null,
      "assists": 19,
      "backpack_0": 0,
      "backpack_1": 0,
      "backpack_2": 11,
      "backpack_3": null,
      "buyback_log": null,
      "camps_stacked": null,
      "connection_log": null,
      "creeps_stacked": null,
      "damage": null,
      "damage_inflictor": null,
      "damage_inflictor_received": null,
      "damage_taken": null,
      "damage_targets": null,
      "deaths": 6,
      "denies": 3,
      "dn_t": null,
      "firstblood_claimed": null,
      "gold": 1498,
      "gold_per_min": -63,
      "gold_reasons": null,
      "gold_spent": 13135,
      "gold_t": null,
      "hero_damage": 2810,
      "hero_healing": 0,
      "hero_hits": null,
      "hero_id": 28,
      "item_0": 63,
      "item_1": 247,
      "item_2": 73,
      "item_3": 1,
      "item_4": 116,
      "item_5": 0,
      "item_neutral": 30,
      "item_uses": null,
      "kill_streaks": null,
      "killed": null,
      "killed_by": null,
      "kills": 5,
      "kills_log": null,
      "lane_pos": null,
      "last_hits": 125,
      "leaver_status": 0,
      "level": 22,
      "lh_t": null,
      "life_state": null,
      "max_hero_hit": null,
      "multi_kills": null,
      "net_worth": -6442,
      "obs": null,
      "obs_left_log": null,
      "obs_log": null,
      "obs_placed": null,
      "party_id": 7,
      "party_size": 2,
      "performance_others": null,
      "permanent_buffs": [
        {
          "permanent_buff": 6,
          "stack_count": 2,
          "grant_time": 889
        }
      ],
      "pings": null,
      "pred_vict": null,
      "purchase": null,
      "purchase_log": null,
      "randomed": null,
      "repicked": null,
      "roshans_killed": null,
      "rune_pickups": null,
      "runes": null,
      "runes_log": null,
      "sen": null,
      "sen_left_log": null,
      "sen_log": null,
      "sen_placed": null,
      "stuns": null,
      "teamfight_participation": null,
      "times": null,
      "tower_damage": 368,
      "towers_killed": null,
      "xp_per_min": 0,
      "xp_reasons": null,
      "xp_t": null,
      "start_time": 0,
      "duration": 2342,
      "cluster": 188,
      "lobby_type": 7,
      "game_mode": 22,
      "is_contributor": false,
      "patch": 51,
      "region": 8,
      "isRadiant": false,
      "total_gold": 14988,
      "total_xp": 2093,
      "kills_per_min": 0.12809564474807858,
      "kda": 1,
      "abandons": 0,
      "rank_tier": null,
      "is_subscriber": false,
      "cosmetics": [],
      "benchmarks": {
        "gold_per_min": {},
        "xp_per_min": {
          "raw": 677,
          "pct": 0.6666666666666666
        },
        "kills_per_min": {},
        "last_hits_per_min": {
          "raw": 3.202391118701964,
          "pct": 0.13333333333333333
        },
        "hero_damage_per_min": {
          "raw": -153.980854854874,
          "pct": 0.4
        },
        "hero_healing_per_min": {
          "raw": 0,
          "pct": 0.9333333333333333
        },
        "tower_damage": {},
        "stuns_per_min": {},
        "lhten": {}
      }
    },
    {
      "player_slot": 132,
      "ability_targets": null,
      "ability_upgrades_arr": [],
      "ability_uses": null,
      "actions": null,
      "additional_units": null,
      "assists": 11,
      "backpack_0": 41,
      "backpack_1": 40,
      "backpack_2": 0,
      "backpack_3": null,
      "buyback_log": null,
      "camps_stacked": null,
      "connection_log": null,
      "creeps_stacked": null,
      "damage": null,
      "damage_inflictor": null,
      "damage_inflictor_received": null,
      "damage_taken": null,
      "damage_targets": null,
      "deaths": 3,
      "denies": 9,
      "dn_t": null,
      "firstblood_claimed": null,
      "gold": 8300,
      "gold_per_min": 744,
      "gold_reasons": null,
      "gold_spent": 20285,
      "gold_t": null,
      "hero_damage": 23055,
      "hero_healing": 0,
      "hero_hits": null,
      "hero_id": 46,
      "item_0": 75,
      "item_1": 168,
      "item_2": 141,
      "item_3": -21,
      "item_4": 263,
      "item_5": 116,
      "item_neutral": 288,
      "item_uses": null,
      "kill_streaks": null,
      "killed": null,
      "killed_by": null,
      "kills": 0,
      "kills_log": null,
      "lane_pos": null,
      "last_hits": 59,
      "leaver_status": 0,
      "level": -12,
      "lh_t": null,
      "life_state": null,
      "max_hero_hit": null,
      "multi_kills": null,
      "net_worth": 28110,
      "obs": null,
      "obs_left_log": null,
      "obs_log": null,
      "obs_placed": null,
      "party_id": 7,
      "party_size": 2,
      "performance_others": null,
      "permanent_buffs": [],
      "pings": null,
      "pred_vict": null,
      "purchase": null,
      "purchase_log": null,
      "randomed": null,
      "repicked": null,
      "roshans_killed": null,
      "rune_pickups": null,
      "runes": null,
      "runes_log": null,
      "sen": null,
      "sen_left_log": null,
      "sen_log": null,
      "sen_placed": null,
      "stuns": null,
      "teamfight_participation": null,
      "times": null,
      "tower_damage": 9043,
      "towers_killed": null,
      "xp_per_min": 948,
      "xp_reasons": null,
      "xp_t": null,
      "start_time": 1669912769,
      "duration": 0,
      "cluster": 188,
      "lobby_type": 7,
      "game_mode": 5,
      "is_contributor": false,
      "patch": 51,
      "region": 8,
      "isRadiant": false,
      "total_gold": 29040,
      "total_xp": 13601,
      "kills_per_min": 0.5892399658411615,
      "kda": 0,
      "abandons": 0,
      "rank_tier": null,
      "is_subscriber": false,
      "cosmetics": [],
      "benchmarks": {
        "gold_per_min": {
          "raw": 744,
          "pct": 0.8620689655172413
        },
        "xp_per_min": {
          "raw": 257,
          "pct": 0.9655172413793104
        },
        "kills_per_min": {
          "raw": 0.5892399658411615,
          "pct": 1
        },
        "last_hits_per_min": {
          "raw": 7.0196413321947055,
          "pct": 0.1724137931034483
        },
        "hero_damage_per_min": {
          "raw": -678.0703709320992,
          "pct": 0.9655172413793104
        },
        "hero_healing_per_min": {
          "raw": 0,
          "pct": 0.41245898201944176
        },
        "tower_damage": {
          "raw": 9043,
          "pct": 0.6551724137931034
        },
        "stuns_per_min": {
          "raw": 0,
          "pct": 1
        },
        "lhten": {}
      }
    }
  ],
  "patch": 51,
  "region": 8
}