{
  "chat": null,
  "cluster": 188,
  "cosmetics": null,
  "dire_score": 53,
  "dire_team_id": null,
  "draft_timings": null,
  "duration": 2332,
  "engine": 1,
  "first_blood_time": 210,
  "game_mode": 22,
  "human_players": -4,
  "leagueid": 0,
  "lobby_type": 0,
  "match_seq_num": 0,
  "negative_votes": 0,
  "objectives": null,
  "picks_bans": [],
  "positive_votes": 0,
  "radiant_gold_adv": null,
  "radiant_score": 30,
  "radiant_team_id": null,
  "radiant_xp_adv": null,
  "skill": null,
  "start_time": 1669911268,
  "teamfights": null,
  "version": null,
  "replay_salt": 1743266474,
  "series_id": 0,
  "series_type": 0,
  "players": [
    {
      "player_slot": 0,
      "ability_targets": null,
      "ability_upgrades_arr": [
        0,
        5163,
        5162,
        5163,
        5162,
        5163,
        5165,
        5162,
        -146,
        6982,
        5164,
        5165,
        199,
        5164,
        6412,
        5164,
        5165
      ],
      "ability_uses": null,
      "actions": null,
      "additional_units": null,
      "assists": 12,
      "backpack_0": 0,
      "backpack_1": 0,
      "backpack_2": 0,
      "backpack_3": null,
      "buyback_log": null,
      "camps_stacked": null,
      "connection_log": null,
      "creeps_stacked": null,
      "damage": null,
      "damage_inflictor": null,
      "damage_inflictor_received": null,
      "damage_taken": null,
      "damage_targets": null,
      "deaths": 9,
      "denies": 7,
      "dn_t": null,
      "firstblood_claimed": null,
      "gold": 3209,
      "gold_per_min": 174,
      "gold_reasons": null,
      "gold_spent": 11610,
      "gold_t": null,
      "hero_damage": 40342,
      "hero_healing": 2416,
      "hero_hits": null,
      "hero_id": 37,
      "item_0": 0,
      "item_1": 41,
      "item_2": 180,
      "item_3": 235,
      "item_4": 0,
      "item_5": 0,
      "item_neutral": 289,
      "item_uses": null,
      "kill_streaks": null,
      "killed": null,
      "killed_by": null,
      "kills": 8,
      "kills_log": null,
      "lane_pos": null,
      "last_hits": 150,
      "leaver_status": 0,
      "level": 19,
      "lh_t": null,
      "life_state": null,
      "max_hero_hit": null,
      "multi_kills": null,
      "net_worth": -4290,
      "obs": null,
      "obs_left_log": null,
      "obs_log": null,
      "obs_placed": null,
      "party_id": 0,
      "party_size": 5,
      "performance_others": null,
      "permanent_buffs": [],
      "pings": null,
      "pred_vict": null,
      "purchase": null,
      "purchase_log": null,
      "randomed": null,
      "repicked": null,
      "roshans_killed": null,
      "rune_pickups": null,
      "runes": null,
      "runes_log": null,
      "sen": null,
      "sen_left_log": null,
      "sen_log": null,
      "sen_placed": null,
      "stuns": null,
      "teamfight_participation": null,
      "times": null,
      "tower_damage": 1780,
      "towers_killed": null,
      "xp_per_min": 542,
      "xp_reasons": null,
      "xp_t": null,
      "start_time": 1669911268,
      "duration": 110,
      "cluster": 30,
      "lobby_type": 0,
      "game_mode": 22,
      "is_contributor": false,
      "patch": 51,
      "region": 8,
      "isRadiant": true,
      "total_gold": 26,
      "total_xp": 21065,
      "kills_per_min": 0.2058319039451115,
      "kda": 0,
      "abandons": 0,
      "rank_tier": null,
      "is_subscriber": false,
      "cosmetics": [],
      "benchmarks": {
        "gold_per_min": {
          "raw": 413,
          "pct": 0.8823529411764706
        },
        "xp_per_min": {
          "raw": 542,
          "pct": 0.6470588235294118
        },
        "kills_per_min": {
          "raw": 0.2058319039451115,
          "pct": 1
        },
        "last_hits_per_min": {
          "raw": 3.8593481989708405,
          "pct": -0.3587921319519136
        },
        "hero_damage_per_min": {
          "raw": 1037.958833619211,
          "pct": 0.9411764705882353
        },
        "hero_healing_per_min": {
          "raw": 62.161234991423676,
          "pct": 0.11764705882352941
        },
        "tower_damage": {
          "raw": 1780,
          "pct": 0.7647058823529411
        },
        "stuns_per_min": {},
        "lhten": {}
      }
    },
    {
      "player_slot": 1,
      "ability_targets": null,
      "ability_upgrades_arr": [
        5439,
        5438,
        5440,
        5439,
        0,
        5441,
        5439,
        5438,
        5438,
        403,
        5439,
        1109,
        5440,
        5440
      ],
      "ability_uses": null,
      "actions": null,
      "additional_units": null,
      "assists": 7,
      "backpack_0": 573,
      "backpack_1": 0,
      "backpack_2": 0,
      "backpack_3": null,
      "buyback_log": null,
      "camps_stacked": null,
      "connection_log": null,
      "creeps_stacked": null,
      "damage": null,
      "damage_inflictor": null,
      "damage_inflictor_received": null,
      "damage_taken": null,
      "damage_targets": null,
      "deaths": 3,
      "denies": 0,
      "dn_t": null,
      "firstblood_claimed": null,
      "gold": 1050,
      "gold_per_min": 57,
      "gold_reasons": null,
      "gold_spent": 7175,
      "gold_t": null,
      "hero_damage": 8689,
      "hero_healing": 0,
      "hero_hits": null,
      "hero_id": -30,
      "item_0": 44,
      "item_1": 180,
      "item_2": -45,
      "item_3": 59,
      "item_4": 0,
      "item_5": 3,
      "item_neutral": 828,
      "item_uses": null,
      "kill_streaks": null,
      "killed": null,
      "killed_by": null,
      "kills": 1,
      "kills_log": null,
      "lane_pos": null,
      "last_hits": -10,
      "leaver_status": 0,
      "level": 14,
      "lh_t": null,
      "life_state": null,
      "max_hero_hit": null,
      "multi_kills": null,
      "net_worth": 7490,
      "obs": null,
      "obs_left_log": null,
      "obs_log": null,
      "obs_placed": null,
      "party_id": 0,
      "party_size": 5,
      "performance_others": null,
      "permanent_buffs": [],
      "pings": null,
      "pred_vict": null,
      "purchase": null,
      "purchase_log": null,
      "randomed": null,
      "repicked": null,
      "roshans_killed": null,
      "rune_pickups": null,
      "runes": null,
      "runes_log": null,
      "sen": null,
      "sen_left_log": null,
      "sen_log": null,
      "sen_placed": null,
      "stuns": null,
      "teamfight_participation": null,
      "times": null,
      "tower_damage": 0,
      "towers_killed": null,
      "xp_per_min": 0,
      "xp_reasons": null,
      "xp_t": null,
      "start_time": 1669911268,
      "duration": 2332,
      "cluster": 188,
      "lobby_type": 0,
      "game_mode": 22,
      "is_contributor": false,
      "patch": 0,
      "region": 0,
      "isRadiant": true,
      "total_gold": 7274,
      "total_xp": 12204,
      "kills_per_min": 0.025728987993138937,
      "kda": 0,
      "abandons": 0,
      "rank_tier": null,
      "is_subscriber": false,
      "cosmetics": [],
      "benchmarks": {
        "gold_per_min": {
          "raw": 219,
          "pct": 0.16666666666666666
        },
        "xp_per_min": {
          "raw": 0,
          "pct": 0.1388888888888889
        },
        "kills_per_min": {
          "raw": 0.025728987993138937,
          "pct": 0.027777777777777776
        },
        "last_hits_per_min": {
          "raw": 1.0291595197255574,
          "pct": 0.3611111111111111
        },
        "hero_damage_per_min": {
          "raw": 223.5591766723842,
          "pct": 0
        },
        "hero_healing_per_min": {
          "raw": 0,
          "pct": 0.8333333333333334
        },
        "tower_damage": {
          "raw": 0,
          "pct": 0.3055555555555556
        },
        "stuns_per_min": {
          "raw": 0,
          "pct": 0
        },
        "lhten": {}
      }
    },
    {
      "player_slot": 2,
      "ability_targets": null,
      "ability_upgrades_arr": [
        5061,
        5062,
        5060,
        5062,
        5061,
        5062,
        5061,
        5062,
        5064,
        6016,
        5063,
        5064,
        5063,
        5063,
        6070,
        -1748,
        0,
        6670
      ],
      "ability_uses": null,
      "actions": null,
      "additional_units": null,
      "assists": 9,
      "backpack_0": 0,
      "backpack_1": 0,
      "backpack_2": 0,
      "backpack_3": null,
      "buyback_log": null,
      "camps_stacked": null,
      "connection_log": null,
      "creeps_stacked": null,
      "damage": null,
      "damage_inflictor": null,
      "damage_inflictor_received": null,
      "damage_taken": null,
      "damage_targets": null,
      "deaths": 9,
      "denies": 0,
      "dn_t": null,
      "firstblood_claimed": null,
      "gold": 621,
      "gold_per_min": 460,
      "gold_reasons": null,
      "gold_spent": 16175,
      "gold_t": null,
      "hero_damage": 0,
      "hero_healing": 0,
      "hero_hits": null,
      "hero_id": 11,
      "item_0": 249,
      "item_1": 63,
      "item_2": 36,
      "item_3": 0,
      "item_4": 75,
      "item_5": -15,
      "item_neutral": 381,
      "item_uses": null,
      "kill_streaks": null,
      "killed": null,
      "killed_by": null,
      "kills": 12,
      "kills_log": null,
      "lane_pos": null,
      "last_hits": 166,
      "leaver_status": 1,
      "level": -2,
      "lh_t": null,
      "life_state": null,
      "max_hero_hit": null,
      "multi_kills": null,
      "net_worth": 15571,
      "obs": null,
      "obs_left_log": null,
      "obs_log": null,
      "obs_placed": null,
      "party_id": 0,
      "party_size": 0,
      "performance_others": null,
      "permanent_buffs": [
        {
          "permanent_buff": 6,
          "stack_count": 0,
          "grant_time": 903
        }
      ],
      "pings": null,
      "pred_vict": null,
      "purchase": null,
      "purchase_log": null,
      "randomed": null,
      "repicked": null,
      "roshans_killed": null,
      "rune_pickups": null,
      "runes": null,
      "runes_log": null,
      "sen": null,
      "sen_left_log": null,
      "sen_log": null,
      "sen_placed": null,
      "stuns": null,
      "teamfight_participation": null,
      "times": null,
      "tower_damage": 335,
      "towers_killed": null,
      "xp_per_min": 613,
      "xp_reasons": null,
      "xp_t": null,
      "personaname": "MoonblooD",
      "name": null,
      "last_login": null,
      "start_time": 1669911268,
      "duration": 2332,
      "cluster": 188,
      "lobby_type": 0,
      "game_mode": 22,
      "is_contributor": false,
      "patch": 51,
      "region": 8,
      "isRadiant": true,
      "total_gold": 13353,
      "total_xp": 23825,
      "kills_per_min": 0.30874785591766724,
      "kda": 2,
      "abandons": 0,
      "rank_tier": -7,
      "is_subscriber": false,
      "cosmetics": [],
      "benchmarks": {
        "gold_per_min": {},
        "xp_per_min": {
          "raw": 613,
          "pct": 0.28
        },
        "kills_per_min": {
          "raw": 0.30874785591766724,
          "pct": 0.7
        },
        "last_hits_per_min": {
          "raw": 4.2710120068610635,
          "pct": 0.04
        },
        "hero_damage_per_min": {
          "raw": 851.9639794168096,
          "pct": 0.8
        },
        "hero_healing_per_min": {},
        "tower_damage": {
          "raw": 746,
          "pct": 0.2
        },
        "stuns_per_min": {
          "raw": 0,
          "pct": 0.02
        },
        "lhten": {}
      }
    },
    {
      "player_slot": 3,
      "ability_targets": null,
      "ability_upgrades_arr": [
        5108,
        0,
        6937,
        5107,
        0,
        5109,
        0,
        5106,
        5106,
        5918,
        5106,
        5109,
        5107,
        5107,
        753,
        -1832
      ],
      "ability_uses": null,
      "actions": null,
      "additional_units": null,
      "assists": 6,
      "backpack_0": 0,
      "backpack_1": 0,
      "backpack_2": 0,
      "backpack_3": null,
      "buyback_log": null,
      "camps_stacked": null,
      "connection_log": null,
      "creeps_stacked": null,
      "damage": null,
      "damage_inflictor": null,
      "damage_inflictor_received": null,
      "damage_taken": null,
      "damage_targets": null,
      "deaths": 0,
      "denies": 4,
      "dn_t": null,
      "firstblood_claimed": null,
      "gold": 485,
      "gold_per_min": 292,
      "gold_reasons": null,
      "gold_spent": 10640,
      "gold_t": null,
      "hero_damage": 0,
      "hero_healing": 0,
      "hero_hits": null,
      "hero_id": 19,
      "item_0": 252,
      "item_1": 34,
      "item_2": 152,
      "item_3": 63,
      "item_4": 149,
      "item_5": 0,
      "item_neutral": 309,
      "item_uses": null,
      "kill_streaks": null,
      "killed": null,
      "killed_by": null,
      "kills": 5,
      "kills_log": null,
      "lane_pos": null,
      "last_hits": 126,
      "leaver_status": 0,
      "level": 16,
      "lh_t": null,
      "life_state": null,
      "max_hero_hit": null,
      "multi_kills": null,
      "net_worth": 10935,
      "obs": null,
      "obs_left_log": null,
      "obs_log": null,
      "obs_placed": null,
      "party_id": 0,
      "party_size": 5,
      "performance_others": null,
      "permanent_buffs": [
        {
          "permanent_buff": 12,
          "stack_count": 0,
          "grant_time": -822
        }
      ],
      "pings": null,
      "pred_vict": null,
      "purchase": null,
      "purchase_log": null,
      "randomed": null,
      "repicked": null,
      "roshans_killed": null,
      "rune_pickups": null,
      "runes": null,
      "runes_log": null,
      "sen": null,
      "sen_left_log": null,
      "sen_log": null,
      "sen_placed": null,
      "stuns": null,
      "teamfight_participation": null,
      "times": null,
      "tower_damage": 0,
      "towers_killed": null,
      "xp_per_min": 399,
      "xp_reasons": null,
      "xp_t": null,
      "start_time": 1669911268,
      "duration": 0,
      "cluster": 188,
      "lobby_type": 0,
      "game_mode": 22,
      "is_contributor": false,
      "patch": 51,
      "region": -2,
      "isRadiant": true,
      "total_gold": 4572,
      "total_xp": 12687,
      "kills_per_min": 0.036286314974656356,
      "kda": 0,
      "abandons": 0,
      "rank_tier": null,
      "is_subscriber": false,
      "cosmetics": [],
      "benchmarks": {
        "gold_per_min": {
          "raw": 292,
          "pct": 0.32941176470588235
        },
        "xp_per_min": {
          "raw": -5,
          "pct": 0.21176470588235294
        },
        "kills_per_min": {
          "raw": 0.04076780810181558,
          "pct": 0.6
        },
        "last_hits_per_min": {
          "raw": -0.5916530038785788,
          "pct": 0.2934466796740202
        },
        "hero_damage_per_min": {
          "raw": 109.60779201173978,
          "pct": 0.4
        },
        "hero_healing_per_min": {
          "raw": 0,
          "pct": 0.8941176470588236
        },
        "tower_damage": {
          "raw": 471,
          "pct": 0.5529411764705883
        },
        "stuns_per_min": {
          "raw": 0,
          "pct": 0
        },
        "lhten": {}
      }
    },
    {
      "player_slot": 4,
      "ability_targets": null,
      "ability_upgrades_arr": [
        5011,
        5014,
        5011,
        5014,
        5011,
        5013,
        5011,
        5014,
        0,
        978,
        2503,
        5013,
        5012,
        5012,
        720,
        5012,
        5013
      ],
      "ability_uses": null,
      "actions": null,
      "additional_units": null,
      "assists": 4,
      "backpack_0": 0,
      "backpack_1": 0,
      "backpack_2": 0,
      "backpack_3": null,
      "buyback_log": null,
      "camps_stacked": null,
      "connection_log": null,
      "creeps_stacked": null,
      "damage": null,
      "damage_inflictor": null,
      "damage_inflictor_received": null,
      "damage_taken": null,
      "damage_targets": null,
      "deaths": 12,
      "denies": 0,
      "dn_t": null,
      "firstblood_claimed": null,
      "gold": -243,
      "gold_per_min": 252,
      "gold_reasons": null,
      "gold_spent": 1921,
      "gold_t": null,
      "hero_damage": 9984,
      "hero_healing": 0,
      "hero_hits": null,
      "hero_id": 3,
      "item_0": 232,
      "item_1": 60,
      "item_2": 23,
      "item_3": 180,
      "item_4": 218,
      "item_5": 21,
      "item_neutral": 990,
      "item_uses": null,
      "kill_streaks": null,
      "killed": null,
      "killed_by": null,
      "kills": 4,
      "kills_log": null,
      "lane_pos": null,
      "last_hits": 0,
      "leaver_status": 0,
      "level": 18,
      "lh_t": null,
      "life_state": null,
      "max_hero_hit": null,
      "multi_kills": null,
      "net_worth": 7967,
      "obs": null,
      "obs_left_log": null,
      "obs_log": null,
      "obs_placed": null,
      "party_id": 0,
      "party_size": 0,
      "performance_others": null,
      "permanent_buffs": [
        {
          "permanent_buff": 0,
          "stack_count": 1,
          "grant_time": -291
        }
      ],
      "pings": null,
      "pred_vict": null,
      "purchase": null,
      "purchase_log": null,
      "randomed": null,
      "repicked": null,
      "roshans_killed": null,
      "rune_pickups": null,
      "runes": null,
      "runes_log": null,
      "sen": null,
      "sen_left_log": null,
      "sen_log": null,
      "sen_placed": null,
      "stuns": null,
      "teamfight_participation": null,
      "times": null,
      "tower_damage": 42,
      "towers_killed": null,
      "xp_per_min": 463,
      "xp_reasons": null,
      "xp_t": null,
      "start_time": 723890368,
      "duration": 2332,
      "cluster": 188,
      "lobby_type": 0,
      "game_mode": 22,
      "is_contributor": false,
      "patch": 51,
      "region": 8,
      "isRadiant": true,
      "total_gold": 8107,
      "total_xp": 17995,
      "kills_per_min": 0.10291595197255575,
      "kda": 1,
      "abandons": 0,
      "rank_tier": null,
      "is_subscriber": false,
      "cosmetics": [],
      "benchmarks": {
        "gold_per_min": {
          "raw": 252,
          "pct": 0.2857142857142857
        },
        "xp_per_min": {
          "raw": 463,
          "pct": 0.7142857142857143
        },
        "kills_per_min": {},
        "last_hits_per_min": {
          "raw": 0.2737498874281129,
          "pct": 0.07142857142857142
        },
        "hero_damage_per_min": {
          "raw": 256.87821612349916,
          "pct": 0.5714285714285714
        },
        "hero_healing_per_min": {
          "raw": 0,
          "pct": 0.9285714285714286
        },
        "tower_damage": {
          "raw": 42,
          "pct": 0.1060384827861149
        },
        "stuns_per_min": {
          "raw": 0,
          "pct": 0
        },
        "lhten": {}
      }
    },
    {
      "player_slot": 128,
      "ability_targets": null,
      "ability_upgrades_arr": [
        5104,
        5103,
        5103,
        5102,
        5103,
        5105,
        5103,
        5102,
        5102,
        6409,
        5102,
        5105,
        1334,
        5104,
        6530,
        5104,
        5105,
        47
      ],
      "ability_uses": null,
      "actions": null,
      "additional_units": null,
      "assists": 0,
      "backpack_0": 118,
      "backpack_1": 0,
      "backpack_2": 0,
      "backpack_3": null,
      "buyback_log": null,
      "camps_stacked": null,
      "connection_log": null,
      "creeps_stacked": null,
      "damage": null,
      "damage_inflictor": null,
      "damage_inflictor_received": null,
      "damage_taken": null,
      "damage_targets": null,
      "deaths": 9,
      "denies": 5,
      "dn_t": null,
      "firstblood_claimed": null,
      "gold": 4211,
      "gold_per_min": 448,
      "gold_reasons": null,
      "gold_spent": 12360,
      "gold_t": null,
      "hero_damage": 20429,
      "hero_healing": 0,
      "hero_hits": null,
      "hero_id": 16,
      "item_0": 180,
      "item_1": 692,
      "item_2": 116,
      "item_3": 216,
      "item_4": 1,
      "item_5": 73,
      "item_neutral": 212,
      "item_uses": null,
      "kill_streaks": null,
      "killed": null,
      "killed_by": null,
      "kills": 0,
      "kills_log": null,
      "lane_pos": null,
      "last_hits": 136,
      "leaver_status": 0,
      "level": 21,
      "lh_t": null,
      "life_state": null,
      "max_hero_hit": null,
      "multi_kills": null,
      "net_worth": 0,
      "obs": null,
      "obs_left_log": null,
      "obs_log": null,
      "obs_placed": null,
      "party_id": 1,
      "party_size": 2,
      "performance_others": null,
      "permanent_buffs": [],
      "pings": null,
      "pred_vict": null,
      "purchase": null,
      "purchase_log": null,
      "randomed": null,
      "repicked": null,
      "roshans_killed": null,
      "rune_pickups": null,
      "runes": null,
      "runes_log": null,
      "sen": null,
      "sen_left_log": null,
      "sen_log": null,
      "sen_placed": null,
      "stuns": null,
      "teamfight_participation": null,
      "times": null,
      "tower_damage": 2096,
      "towers_killed": null,
      "xp_per_min": 254,
      "xp_reasons": null,
      "xp_t": null,
      "personaname": "Sanji",
      "name": null,
      "last_login": null,
      "start_time": 552547575,
      "duration": 2332,
      "cluster": 188,
      "lobby_type": 0,
      "game_mode": 22,
      "is_contributor": false,
      "patch": 51,
      "region": 8,
      "isRadiant": false,
      "total_gold": 2828,
      "total_xp": 4992,
      "kills_per_min": 0.025928720592436113,
      "kda": 3,
      "abandons": 0,
      "rank_tier": 13,
      "is_subscriber": false,
      "cosmetics": [],
      "benchmarks": {
        "gold_per_min": {
          "raw": 448,
          "pct": 0.5
        },
        "xp_per_min": {
          "raw": 643,
          "pct": 0.5833333333333334
        },
        "kills_per_min": {
          "raw": 0.23156089193825044,
          "pct": 0.8333333333333334
        },
        "last_hits_per_min": {
          "raw": 0.671361697715685,
          "pct": 0.20833333333333334
        },
        "hero_damage_per_min": {
          "raw": 525.6174957118353,
          "pct": 0.25
        },
        "hero_healing_per_min": {
          "raw": 0,
          "pct": 0.9583333333333334
        },
        "tower_damage": {
          "raw": 2096,
          "pct": 0.75
        },
        "stuns_per_min": {
          "raw": 0,
          "pct": 0
        },
        "lhten": {}
      }
    },
    {
      "player_slot": 129,
      "ability_targets": null,
      "ability_upgrades_arr": [
        0,
        5151,
        5150,
        5151,
        5150,
        5153,
        5150,
        5151,
        0,
        650,
        650,
        5153,
        650,
        0,
        765,
        650,
        5153,
        413
      ],
      "ability_uses": null,
      "actions": null,
      "additional_units": null,
      "assists": 0,
      "backpack_0": 0,
      "backpack_1": 0,
      "backpack_2": 0,
      "backpack_3": null,
      "buyback_log": null,
      "camps_stacked": null,
      "connection_log": null,
      "creeps_stacked": null,
      "damage": null,
      "damage_inflictor": null,
      "damage_inflictor_received": null,
      "damage_taken": null,
      "damage_targets": null,
      "deaths": 0,
      "denies": 6,
      "dn_t": null,
      "firstblood_claimed": null,
      "gold": 959,
      "gold_per_min": 283,
      "gold_reasons": null,
      "gold_spent": -4946,
      "gold_t": null,
      "hero_damage": 35897,
      "hero_healing": 0,
      "hero_hits": null,
      "hero_id": 34,
      "item_0": -31,
      "item_1": 73,
      "item_2": 108,
      "item_3": 0,
      "item_4": 0,
      "item_5": 0,
      "item_neutral": 0,
      "item_uses": null,
      "kill_streaks": null,
      "killed": null,
      "killed_by": null,
      "kills": 7,
      "kills_log": null,
      "lane_pos": null,
      "last_hits": -2,
      "leaver_status": 0,
      "level": 20,
      "lh_t": null,
      "life_state": null,
      "max_hero_hit": null,
      "multi_kills": null,
      "net_worth": 10039,
      "obs": null,
      "obs_left_log": null,
      "obs_log": null,
      "obs_placed": null,
      "party_id": 1,
      "party_size": 0,
      "performance_others": null,
      "permanent_buffs": [
        {
          "permanent_buff": 6,
          "stack_count": 2,
          "grant_time": 909
        }
      ],
      "pings": null,
      "pred_vict": null,
      "purchase": null,
      "purchase_log": null,
      "randomed": null,
      "repicked": null,
      "roshans_killed": null,
      "rune_pickups": null,
      "runes": null,
      "runes_log": null,
      "sen": null,
      "sen_left_log": null,
      "sen_log": null,
      "sen_placed": null,
      "stuns": null,
      "teamfight_participation": null,
      "times": null,
      "tower_damage": 1107,
      "towers_killed": null,
      "xp_per_min": 589,
      "xp_reasons": null,
      "xp_t": null,
      "personaname": "Monkey D Luffy",
      "name": null,
      "last_login": null,
      "start_time": 1669911268,
      "duration": 2332,
      "cluster": 19,
      "lobby_type": 0,
      "game_mode": 0,
      "is_contributor": false,
      "patch": 51,
      "region": 8,
      "isRadiant": false,
      "total_gold": 10999,
      "total_xp": 5031,
      "kills_per_min": 0.18010291595197256,
      "kda": 3,
      "abandons": 0,
      "rank_tier": 22,
      "is_subscriber": false,
      "cosmetics": [],
      "benchmarks": {
        "gold_per_min": {
          "raw": 283,
          "pct": 0.07692307692307693
        },
        "xp_per_min": {
          "raw": 589,
          "pct": 0.23076923076923078
        },
        "kills_per_min": {
          "raw": 0.18010291595197256,
          "pct": -0.03563494203290489
        },
        "last_hits_per_min": {
          "raw": 0.3344768439108062,
          "pct": 0
        },
        "hero_damage_per_min": {
          "raw": 923.5934819897085,
          "pct": 0.3076923076923077
        },
        "hero_healing_per_min": {
          "raw": 0,
          "pct": -0.20510853203062915
        },
        "tower_damage": {
          "raw": 1107,
          "pct": -0.014183673492854671
        },
        "stuns_per_min": {
          "raw": 0,
          "pct": 0.46153846153846156
        },
        "lhten": {}
      }
    },
    {
      "player_slot": 41,
      "ability_targets": null,
      "ability_upgrades_arr": [
        5016,
        5017,
        5015,
        0,
        -651,
        5018,
        5015,
        5015,
        5017,
        5017,
        5015,
        5018,
        -106,
        5016,
        6356,
        5016,
        0,
        6550
      ],
      "ability_uses": null,
      "actions": null,
      "additional_units": null,
      "assists": 14,
      "backpack_0": 11,
      "backpack_1": 36,
      "backpack_2": 0,
      "backpack_3": null,
      "buyback_log": null,
      "camps_stacked": null,
      "connection_log": null,
      "creeps_stacked": null,
      "damage": null,
      "damage_inflictor": null,
      "damage_inflictor_received": null,
      "damage_taken": null,
      "damage_targets": null,
      "deaths": 7,
      "denies": 4,
      "dn_t": null,
      "firstblood_claimed": null,
      "gold": 0,
      "gold_per_min": 529,
      "gold_reasons": null,
      "gold_spent": 18645,
      "gold_t": null,
      "hero_damage": 18747,
      "hero_healing": 0,
      "hero_hits": null,
      "hero_id": 4,
      "item_0": 0,
      "item_1": 139,
      "item_2": 166,
      "item_3": 143,
      "item_4": 50,
      "item_5": 75,
      "item_neutral": 1077,
      "item_uses": null,
      "kill_streaks": null,
      "killed": null,
      "killed_by": null,
      "kills": 7,
      "kills_log": null,
      "lane_pos": null,
      "last_hits": 228,
      "leaver_status": 0,
      "level": 21,
      "lh_t": null,
      "life_state": null,
      "max_hero_hit": null,
      "multi_kills": null,
      "net_worth": 19991,
      "obs": null,
      "obs_left_log": null,
      "obs_log": null,
      "obs_placed": null,
      "party_id": 2,
      "party_size": 0,
      "performance_others": null,
      "permanent_buffs": [
        {
          "permanent_buff": 12,
          "stack_count": 0,
          "grant_time": -405
        }
      ],
      "pings": null,
      "pred_vict": null,
      "purchase": null,
      "purchase_log": null,
      "randomed": null,
      "repicked": null,
      "roshans_killed": null,
      "rune_pickups": null,
      "runes": null,
      "runes_log": null,
      "sen": null,
      "sen_left_log": null,
      "sen_log": null,
      "sen_placed": null,
      "stuns": null,
      "teamfight_participation": null,
      "times": null,
      "tower_damage": 0,
      "towers_killed": null,
      "xp_per_min": 649,
      "xp_reasons": null,
      "xp_t": null,
      "personaname": "Чардж в твою мать",
      "name": null,
      "last_login": null,
      "start_time": 1669911268,
      "duration": 2332,
      "cluster": -13,
      "lobby_type": 0,
      "game_mode": 22,
      "is_contributor": false,
      "patch": 51,
      "region": 1,
      "isRadiant": false,
      "total_gold": 20560,
      "total_xp": 25224,
      "kills_per_min": 0.18010291595197256,
      "kda": 2,
      "abandons": 0,
      "rank_tier": 24,
      "is_subscriber": false,
      "cosmetics": [],
      "benchmarks": {}
    },
    {
      "player_slot": 131,
      "ability_targets": null,
      "ability_upgrades_arr": [],
      "ability_uses": null,
      "actions": null,
      "additional_units": null,
      "assists": 33,
      "backpack_0": 0,
      "backpack_1": 0,
      "backpack_2": 0,
      "backpack_3": null,
      "buyback_log": null,
      "camps_stacked": null,
      "connection_log": null,
      "creeps_stacked": null,
      "damage": null,
      "damage_inflictor": null,
      "damage_inflictor_received": null,
      "damage_taken": null,
      "damage_targets": null,
      "deaths": 0,
      "denies": 4,
      "dn_t": null,
      "firstblood_claimed": null,
      "gold": 131,
      "gold_per_min": 386,
      "gold_reasons": null,
      "gold_spent": 15920,
      "gold_t": null,
      "hero_damage": 21326,
      "hero_healing": 4685,
      "hero_hits": null,
      "hero_id": 121,
      "item_0": 23,
      "item_1": 254,
      "item_2": 231,
      "item_3": 261,
      "item_4": 0,
      "item_5": -3,
      "item_neutral": 675,
      "item_uses": null,
      "kill_streaks": null,
      "killed": null,
      "killed_by": null,
      "kills": 6,
      "kills_log": null,
      "lane_pos": null,
      "last_hits": 84,
      "leaver_status": 0,
      "level": 23,
      "lh_t": null,
      "life_state": null,
      "max_hero_hit": null,
      "multi_kills": null,
      "net_worth": 13481,
      "obs": null,
      "obs_left_log": null,
      "obs_log": null,
      "obs_placed": null,
      "party_id": 2,
      "party_size": 3,
      "performance_others": null,
      "permanent_buffs": [
        {
          "permanent_buff": 6,
          "stack_count": 1,
          "grant_time": 293
        },
        {
          "permanent_buff": 12,
          "stack_count": 0,
          "grant_time": 2239
        }
      ],
      "pings": null,
      "pred_vict": null,
      "purchase": null,
      "purchase_log": null,
      "randomed": null,
      "repicked": null,
      "roshans_killed": null,
      "rune_pickups": null,
      "runes": null,
      "runes_log": null,
      "sen": null,
      "sen_left_log": null,
      "sen_log": null,
      "sen_placed": null,
      "stuns": null,
      "teamfight_participation": null,
      "times": null,
      "tower_damage": 1250,
      "towers_killed": null,
      "xp_per_min": 0,
      "xp_reasons": null,
      "xp_t": null,
      "start_time": 1669911268,
      "duration": 2332,
      "cluster": 188,
      "lobby_type": 0,
      "game_mode": 22,
      "is_contributor": false,
      "patch": 0,
      "region": 0,
      "isRadiant": false,
      "total_gold": 15002,
      "total_xp": 3050,
      "kills_per_min": 0.014671672552586862,
      "kda": 9,
      "abandons": 0,
      "rank_tier": null,
      "is_subscriber": false,
      "cosmetics": [],
      "benchmarks": {
        "gold_per_min": {},
        "xp_per_min": {
          "raw": 778,
          "pct": 1
        },
        "kills_per_min": {
          "raw": 0.15437392795883362,
          "pct": 0.75
        },
        "last_hits_per_min": {},
        "hero_damage_per_min": {},
        "hero_healing_per_min": {
          "raw": 9.343535789358585,
          "pct": 1
        },
        "tower_damage": {
          "raw": 1250,
          "pct": 1
        },
        "stuns_per_min": {
          "raw": 0,
          "pct": 0
        },
        "lhten": {}
      }
    },
    {
      "player_slot": 132,
      "ability_targets": null,
      "ability_upgrades_arr": [
        6495,
        6583,
        6583,
        0,
        0,
        17,
        6583,
        0,
        6495,
        6582,
        0,
        0,
        1020,
        6582,
        545,
        6582,
        6598,
        0,
        6756
      ],
      "ability_uses": null,
      "actions": null,
      "additional_units": null,
      "assists": 14,
      "backpack_0": 0,
      "backpack_1": 0,
      "backpack_2": 0,
      "backpack_3": null,
      "buyback_log": null,
      "camps_stacked": null,
      "connection_log": null,
      "creeps_stacked": null,
      "damage": null,
      "damage_inflictor": null,
      "damage_inflictor_received": null,
      "damage_taken": null,
      "damage_targets": null,
      "deaths": 3,
      "denies": 17,
      "dn_t": null,
      "firstblood_claimed": null,
      "gold": 6166,
      "gold_per_min": 755,
      "gold_reasons": null,
      "gold_spent": 24240,
      "gold_t": null,
      "hero_damage": 17891,
      "hero_healing": 0,
      "hero_hits": null,
      "hero_id": 129,
      "item_0": 110,
      "item_1": 36,
      "item_2": 6,
      "item_3": 692,
      "item_4": 600,
      "item_5": 116,
      "item_neutral": 828,
      "item_uses": null,
      "kill_streaks": null,
      "killed": null,
      "killed_by": null,
      "kills": 23,
      "kills_log": null,
      "lane_pos": null,
      "last_hits": 299,
      "leaver_status": 0,
      "level": 26,
      "lh_t": null,
      "life_state": null,
      "max_hero_hit": null,
      "multi_kills": null,
      "net_worth": 1028,
      "obs": null,
      "obs_left_log": null,
      "obs_log": null,
      "obs_placed": null,
      "party_id": 0,
      "party_size": 3,
      "performance_others": null,
      "permanent_buffs": [],
      "pings": null,
      "pred_vict": null,
      "purchase": null,
      "purchase_log": null,
      "randomed": null,
      "repicked": null,
      "roshans_killed": null,
      "rune_pickups": null,
      "runes": null,
      "runes_log": null,
      "sen": null,
      "sen_left_log": null,
      "sen_log": null,
      "sen_placed": null,
      "stuns": null,
      "teamfight_participation": null,
      "times": null,
      "tower_damage": 8023,
      "towers_killed": null,
      "xp_per_min": 963,
      "xp_reasons": null,
      "xp_t": null,
      "personaname": "Дующий Гепард",
      "name": null,
      "last_login": null,
      "start_time": 1669911268,
      "duration": 2332,
      "cluster": 188,
      "lobby_type": 0,
      "game_mode": 22,
      "is_contributor": false,
      "patch": 51,
      "region": 8,
      "isRadiant": false,
      "total_gold": 18746,
      "total_xp": 37428,
      "kills_per_min": 0.5917667238421955,
      "kda": 2,
      "abandons": 0,
      "rank_tier": 23,
      "is_subscriber": false,
      "cosmetics": [],
      "benchmarks": {}
    }
  ],
  "patch": 51,
  "region": 8
}