{
  "chat": null,
  "cluster": 273,
  "cosmetics": null,
  "dire_score": 0,
  "dire_team_id": null,
  "draft_timings": null,
  "duration": 1743,
  "engine": 0,
  "first_blood_time": 61,
  "game_mode": 23,
  "human_players": 10,
  "leagueid": 0,
  "lobby_type": 0,
  "match_seq_num": 0,
  "negative_votes": 0,
  "objectives": null,
  "picks_bans": null,
  "positive_votes": 0,
  "radiant_gold_adv": null,
  "radiant_score": 38,
  "radiant_team_id": null,
  "radiant_xp_adv": null,
  "skill": null,
  "start_time": 1669912533,
  "teamfights": null,
  "version": null,
  "replay_salt": -207702176,
  "series_id": 0,
  "series_type": 0,
  "players": [
    {
      "player_slot": 0,
      "ability_targets": null,
      "ability_upgrades_arr": [
        5448,
        2025,
        5450,
        7320,
        5450,
        5452,
        5450,
        7320,
        7320,
        7320,
        5448,
        5452,
        6862,
        5448,
        518,
        5448,
        5452,
        6041,
        0,
        897,
        787,
        6863,
        6864
      ],
      "ability_uses": null,
      "actions": null,
      "additional_units": null,
      "assists": 20,
      "backpack_0": 86,
      "backpack_1": 79,
      "backpack_2": 0,
      "backpack_3": null,
      "buyback_log": null,
      "camps_stacked": null,
      "connection_log": null,
      "creeps_stacked": null,
      "damage": null,
      "damage_inflictor": null,
      "damage_inflictor_received": null,
      "damage_taken": null,
      "damage_targets": null,
      "deaths": 3,
      "denies": -4,
      "dn_t": null,
      "firstblood_claimed": null,
      "gold": 1086,
      "gold_per_min": 0,
      "gold_reasons": null,
      "gold_spent": 33880,
      "gold_t": null,
      "hero_damage": 23691,
      "hero_healing": 0,
      "hero_hits": null,
      "hero_id": 86,
      "item_0": 108,
      "item_1": 235,
      "item_2": 180,
      "item_3": 256,
      "item_4": 610,
      "item_5": 604,
      "item_neutral": 0,
      "item_uses": null,
      "kill_streaks": null,
      "killed": null,
      "killed_by": null,
      "kills": 8,
      "kills_log": null,
      "lane_pos": null,
      "last_hits": 55,
      "leaver_status": 0,
      "level": -13,
      "lh_t": null,
      "life_state": null,
      "max_hero_hit": null,
      "multi_kills": null,
      "net_worth": 32086,
      "obs": null,
      "obs_left_log": null,
      "obs_log": null,
      "obs_placed": null,
      "party_id": 0,
      "party_size": 2,
      "performance_others": null,
      "permanent_buffs": [
        {
          "permanent_buff": 6,
          "stack_count": 1,
          "grant_time": 787
        },
        {
          "permanent_buff": 2,
          "stack_count": 0,
          "grant_time": 472
        }
      ],
      "pings": null,
      "pred_vict": null,
      "purchase": null,
      "purchase_log": null,
      "randomed": null,
      "repicked": null,
      "roshans_killed": null,
      "rune_pickups": null,
      "runes": null,
      "runes_log": null,
      "sen": null,
      "sen_left_log": null,
      "sen_log": null,
      "sen_placed": null,
      "stuns": null,
      "teamfight_participation": null,
      "times": null,
      "tower_damage": 0,
      "towers_killed": null,
      "xp_per_min": 1818,
      "xp_reasons": null,
      "xp_t": null,
      "start_time": 1669912533,
      "duration": 0,
      "cluster": 273,
      "lobby_type": 0,
      "game_mode": 23,
      "is_contributor": false,
      "patch": 51,
      "region": 0,
      "isRadiant": true,
      "total_gold": 984,
      "total_xp": 19178,
      "kills_per_min": 0.009965781510909287,
      "kda": 3,
      "abandons": 0,
      "rank_tier": null,
      "is_subscriber": false,
      "cosmetics": [],
      "benchmarks": {
        "gold_per_min": {},
        "xp_per_min": {
          "raw": 1818,
          "pct": 1
        },
        "kills_per_min": {
          "raw": 0.27538726333907054,
          "pct": 0.9172413793103448
        },
        "last_hits_per_min": {
          "raw": 1.89328743545611,
          "pct": 0.46206896551724136
        },
        "hero_damage_per_min": {
          "raw": 815.5249569707402,
          "pct": 0.9586206896551724
        },
        "hero_healing_per_min": {},
        "tower_damage": {
          "raw": 303,
          "pct": 0.896551724137931
        },
        "stuns_per_min": {
          "raw": 0,
          "pct": 0
        },
        "lhten": {}
      }
    },
    {
      "player_slot": 1,
      "ability_targets": null,
      "ability_upgrades_arr": [
        5059,
        5062,
        5059,
        5062,
        5059,
        5063,
        5062,
        5062,
        5063,
        5063,
        0,
        6016,
        6875,
        5064,
        5059,
        5064,
        -308,
        -135,
        6670,
        730,
        1072,
        5064,
        999,
        -2720,
        815
      ],
      "ability_uses": null,
      "actions": null,
      "additional_units": null,
      "assists": 0,
      "backpack_0": 0,
      "backpack_1": 0,
      "backpack_2": 0,
      "backpack_3": null,
      "buyback_log": null,
      "camps_stacked": null,
      "connection_log": null,
      "creeps_stacked": null,
      "damage": null,
      "damage_inflictor": null,
      "damage_inflictor_received": null,
      "damage_taken": null,
      "damage_targets": null,
      "deaths": 8,
      "denies": 5,
      "dn_t": null,
      "firstblood_claimed": null,
      "gold": 3116,
      "gold_per_min": 1382,
      "gold_reasons": null,
      "gold_spent": 32470,
      "gold_t": null,
      "hero_damage": 48539,
      "hero_healing": 0,
      "hero_hits": null,
      "hero_id": 11,
      "item_0": 168,
      "item_1": 0,
      "item_2": 55,
      "item_3": 0,
      "item_4": 154,
      "item_5": 116,
      "item_neutral": 331,
      "item_uses": null,
      "kill_streaks": null,
      "killed": null,
      "killed_by": null,
      "kills": 10,
      "kills_log": null,
      "lane_pos": null,
      "last_hits": -44,
      "leaver_status": 0,
      "level": 30,
      "lh_t": null,
      "life_state": null,
      "max_hero_hit": null,
      "multi_kills": null,
      "net_worth": 33166,
      "obs": null,
      "obs_left_log": null,
      "obs_log": null,
      "obs_placed": null,
      "party_id": 0,
      "party_size": 2,
      "performance_others": null,
      "permanent_buffs": [
        {
          "permanent_buff": 0,
          "stack_count": 0,
          "grant_time": 1835
        },
        {
          "permanent_buff": 0,
          "stack_count": 0,
          "grant_time": 1358
        }
      ],
      "pings": null,
      "pred_vict": null,
      "purchase": null,
      "purchase_log": null,
      "randomed": null,
      "repicked": null,
      "roshans_killed": null,
      "rune_pickups": null,
      "runes": null,
      "runes_log": null,
      "sen": null,
      "sen_left_log": null,
      "sen_log": null,
      "sen_placed": null,
      "stuns": null,
      "teamfight_participation": null,
      "times": null,
      "tower_damage": 4979,
      "towers_killed": null,
      "xp_per_min": 1818,
      "xp_reasons": null,
      "xp_t": null,
      "start_time": 1669912533,
      "duration": 1743,
      "cluster": 273,
      "lobby_type": 0,
      "game_mode": 23,
      "is_contributor": false,
      "patch": 51,
      "region": 0,
      "isRadiant": true,
      "total_gold": 38324,
      "total_xp": 46010,
      "kills_per_min": 0.3442340791738382,
      "kda": 2,
      "abandons": 0,
      "rank_tier": null,
      "is_subscriber": false,
      "cosmetics": [],
      "benchmarks": {
        "gold_per_min": {
          "raw": 1382,
          "pct": 0
        },
        "xp_per_min": {
          "raw": 1818,
          "pct": 0
        },
        "kills_per_min": {
          "raw": 0.34423407917383825,
          "pct": 0.76
        },
        "last_hits_per_min": {
          "raw": 5.094664371772805,
          "pct": 0.12
        },
        "hero_damage_per_min": {
          "raw": 1670.8777969018931,
          "pct": 0.98
        },
        "hero_healing_per_min": {
          "raw": 0,
          "pct": 0.88
        },
        "tower_damage": {
          "raw": 4979,
          "pct": 0.5
        },
        "stuns_per_min": {
          "raw": 0,
          "pct": 0.02
        },
        "lhten": {}
      }
    },
    {
      "player_slot": 2,
      "ability_targets": null,
      "ability_upgrades_arr": [
        8158,
        8429,
        8158,
        8429,
        8158,
        8106,
        718,
        8429,
        9501,
        -3884,
        8106,
        9501,
        9501,
        9501,
        9513,
        1075,
        8106,
        3040,
        9509,
        9510,
        9511,
        9506
      ],
      "ability_uses": null,
      "actions": null,
      "additional_units": null,
      "assists": -1,
      "backpack_0": 0,
      "backpack_1": 0,
      "backpack_2": 0,
      "backpack_3": null,
      "buyback_log": null,
      "camps_stacked": null,
      "connection_log": null,
      "creeps_stacked": null,
      "damage": null,
      "damage_inflictor": null,
      "damage_inflictor_received": null,
      "damage_taken": null,
      "damage_targets": null,
      "deaths": 6,
      "denies": 5,
      "dn_t": null,
      "firstblood_claimed": null,
      "gold": 4207,
      "gold_per_min": 962,
      "gold_reasons": null,
      "gold_spent": 0,
      "gold_t": null,
      "hero_damage": 26033,
      "hero_healing": 681,
      "hero_hits": null,
      "hero_id": 123,
      "item_0": 235,
      "item_1": 0,
      "item_2": 123,
      "item_3": 176,
      "item_4": 267,
      "item_5": 48,
      "item_neutral": 67,
      "item_uses": null,
      "kill_streaks": null,
      "killed": null,
      "killed_by": null,
      "kills": 6,
      "kills_log": null,
      "lane_pos": null,
      "last_hits": 40,
      "leaver_status": 0,
      "level": 29,
      "lh_t": null,
      "life_state": null,
      "max_hero_hit": null,
      "multi_kills": null,
      "net_worth": 26562,
      "obs": null,
      "obs_left_log": null,
      "obs_log": null,
      "obs_placed": null,
      "party_id": 1,
      "party_size": 1,
      "performance_others": null,
      "permanent_buffs": [],
      "pings": null,
      "pred_vict": null,
      "purchase": null,
      "purchase_log": null,
      "randomed": null,
      "repicked": null,
      "roshans_killed": null,
      "rune_pickups": null,
      "runes": null,
      "runes_log": null,
      "sen": null,
      "sen_left_log": null,
      "sen_log": null,
      "sen_placed": null,
      "stuns": null,
      "teamfight_participation": null,
      "times": null,
      "tower_damage": 604,
      "towers_killed": null,
      "xp_per_min": 0,
      "xp_reasons": null,
      "xp_t": null,
      "start_time": 1669912533,
      "duration": 1743,
      "cluster": 273,
      "lobby_type": 0,
      "game_mode": 23,
      "is_contributor": false,
      "patch": 51,
      "region": 3,
      "isRadiant": true,
      "total_gold": 10995,
      "total_xp": 45637,
      "kills_per_min": 0.20654044750430292,
      "kda": 1,
      "abandons": 0,
      "rank_tier": null,
      "is_subscriber": false,
      "cosmetics": [],
      "benchmarks": {
        "gold_per_min": {
          "raw": 962,
          "pct": 1
        },
        "xp_per_min": {
          "raw": 1571,
          "pct": 1
        },
        "kills_per_min": {
          "raw": 0.20654044750430292,
          "pct": 0.7758620689655172
        },
        "last_hits_per_min": {
          "raw": 1.376936316695353,
          "pct": 0.3620689655172414
        },
        "hero_damage_per_min": {
          "raw": 896.144578313253,
          "pct": 0
        },
        "hero_healing_per_min": {},
        "tower_damage": {
          "raw": 604,
          "pct": 0.6379310344827587
        },
        "stuns_per_min": {
          "raw": 0,
          "pct": 0.017241379310344827
        },
        "lhten": {}
      }
    },
    {
      "player_slot": 3,
      "ability_targets": null,
      "ability_upgrades_arr": [
        5496,
        5495,
        0,
        5494,
        5494,
        5497,
        5494,
        5496,
        5495,
        821,
        5496,
        5497,
        5495,
        5495,
        6892,
        5496,
        5497,
        814,
        0,
        6147,
        921,
        892,
        6893
      ],
      "ability_uses": null,
      "actions": null,
      "additional_units": null,
      "assists": 7,
      "backpack_0": 0,
      "backpack_1": 0,
      "backpack_2": 0,
      "backpack_3": null,
      "buyback_log": null,
      "camps_stacked": null,
      "connection_log": null,
      "creeps_stacked": null,
      "damage": null,
      "damage_inflictor": null,
      "damage_inflictor_received": null,
      "damage_taken": null,
      "damage_targets": null,
      "deaths": 6,
      "denies": 16,
      "dn_t": null,
      "firstblood_claimed": null,
      "gold": 3470,
      "gold_per_min": 1306,
      "gold_reasons": null,
      "gold_spent": 36510,
      "gold_t": null,
      "hero_damage": 31774,
      "hero_healing": 0,
      "hero_hits": null,
      "hero_id": 93,
      "item_0": -99,
      "item_1": 116,
      "item_2": 208,
      "item_3": 168,
      "item_4": 160,
      "item_5": 63,
      "item_neutral": 309,
      "item_uses": null,
      "kill_streaks": null,
      "killed": null,
      "killed_by": null,
      "kills": 10,
      "kills_log": null,
      "lane_pos": null,
      "last_hits": 127,
      "leaver_status": 0,
      "level": 30,
      "lh_t": null,
      "life_state": null,
      "max_hero_hit": null,
      "multi_kills": null,
      "net_worth": 36720,
      "obs": null,
      "obs_left_log": null,
      "obs_log": null,
      "obs_placed": null,
      "party_id": 2,
      "party_size": 2,
      "performance_others": null,
      "permanent_buffs": [
        {
          "permanent_buff": 0,
          "stack_count": 0,
          "grant_time": 1680
        },
        {
          "permanent_buff": 2,
          "stack_count": 1,
          "grant_time": 1518
        },
        {
          "permanent_buff": 8,
          "stack_count": 16,
          "grant_time": 719
        },
        {
          "permanent_buff": 12,
          "stack_count": 0,
          "grant_time": 850
        }
      ],
      "pings": null,
      "pred_vict": null,
      "purchase": null,
      "purchase_log": null,
      "randomed": null,
      "repicked": null,
      "roshans_killed": null,
      "rune_pickups": null,
      "runes": null,
      "runes_log": null,
      "sen": null,
      "sen_left_log": null,
      "sen_log": null,
      "sen_placed": null,
      "stuns": null,
      "teamfight_participation": null,
      "times": null,
      "tower_damage": 5198,
      "towers_killed": null,
      "xp_per_min": 0,
      "xp_reasons": null,
      "xp_t": null,
      "start_time": 1669912533,
      "duration": 1743,
      "cluster": 65,
      "lobby_type": 0,
      "game_mode": 23,
      "is_contributor": false,
      "patch": 51,
      "region": 3,
      "isRadiant": true,
      "total_gold": 30769,
      "total_xp": 47409,
      "kills_per_min": -0.04215117834201334,
      "kda": 1,
      "abandons": 0,
      "rank_tier": null,
      "is_subscriber": false,
      "cosmetics": [],
      "benchmarks": {
        "gold_per_min": {
          "raw": 1306,
          "pct": 1
        },
        "xp_per_min": {
          "raw": 0,
          "pct": 1
        },
        "kills_per_min": {},
        "last_hits_per_min": {
          "raw": 4.371772805507746,
          "pct": 0.023255813953488372
        },
        "hero_damage_per_min": {
          "raw": 1093.7693631669533,
          "pct": 0.9534883720930233
        },
        "hero_healing_per_min": {
          "raw": 0,
          "pct": 1
        },
        "tower_damage": {
          "raw": 5198,
          "pct": 0.7209302325581395
        },
        "stuns_per_min": {
          "raw": 0,
          "pct": 0.6744186046511628
        },
        "lhten": {}
      }
    },
    {
      "player_slot": 4,
      "ability_targets": null,
      "ability_upgrades_arr": [
        5154,
        5155,
        5154,
        5156,
        5154,
        0,
        5154,
        5155,
        1139,
        5155,
        183,
        5157,
        5156,
        291,
        5907,
        5156,
        5157,
        -3345,
        5943
      ],
      "ability_uses": null,
      "actions": null,
      "additional_units": null,
      "assists": 10,
      "backpack_0": 75,
      "backpack_1": 0,
      "backpack_2": 0,
      "backpack_3": null,
      "buyback_log": null,
      "camps_stacked": null,
      "connection_log": null,
      "creeps_stacked": null,
      "damage": null,
      "damage_inflictor": null,
      "damage_inflictor_received": null,
      "damage_taken": null,
      "damage_targets": null,
      "deaths": 14,
      "denies": 1,
      "dn_t": null,
      "firstblood_claimed": null,
      "gold": 1663,
      "gold_per_min": 801,
      "gold_reasons": null,
      "gold_spent": 23055,
      "gold_t": null,
      "hero_damage": 16996,
      "hero_healing": 0,
      "hero_hits": null,
      "hero_id": 0,
      "item_0": 116,
      "item_1": 158,
      "item_2": 26,
      "item_3": 5,
      "item_4": -14,
      "item_5": 263,
      "item_neutral": 364,
      "item_uses": null,
      "kill_streaks": null,
      "killed": null,
      "killed_by": null,
      "kills": 0,
      "kills_log": null,
      "lane_pos": null,
      "last_hits": 103,
      "leaver_status": 0,
      "level": -12,
      "lh_t": null,
      "life_state": null,
      "max_hero_hit": null,
      "multi_kills": null,
      "net_worth": 23018,
      "obs": null,
      "obs_left_log": null,
      "obs_log": null,
      "obs_placed": null,
      "party_id": 0,
      "party_size": 2,
      "performance_others": null,
      "permanent_buffs": [],
      "pings": null,
      "pred_vict": null,
      "purchase": null,
      "purchase_log": null,
      "randomed": null,
      "repicked": null,
      "roshans_killed": null,
      "rune_pickups": null,
      "runes": null,
      "runes_log": null,
      "sen": null,
      "sen_left_log": null,
      "sen_log": null,
      "sen_placed": null,
      "stuns": null,
      "teamfight_participation": null,
      "times": null,
      "tower_damage": 3623,
      "towers_killed": null,
      "xp_per_min": 1490,
      "xp_reasons": null,
      "xp_t": null,
      "start_time": 1669912533,
      "duration": 1743,
      "cluster": 273,
      "lobby_type": 0,
      "game_mode": 23,
      "is_contributor": false,
      "patch": 51,
      "region": 1,
      "isRadiant": true,
      "total_gold": 22271,
      "total_xp": 43284,
      "kills_per_min": 0.10327022375215146,
      "kda": 0,
      "abandons": 0,
      "rank_tier": null,
      "is_subscriber": false,
      "cosmetics": [],
      "benchmarks": {}
    },
    {
      "player_slot": -55,
      "ability_targets": null,
      "ability_upgrades_arr": [
        5218,
        1445,
        0,
        5220,
        5219,
        5221,
        5218,
        5220,
        5220,
        5219,
        0,
        5218,
        5221,
        5219,
        6819,
        0,
        0,
        5221,
        984,
        985,
        6156
      ],
      "ability_uses": null,
      "actions": null,
      "additional_units": null,
      "assists": 15,
      "backpack_0": 0,
      "backpack_1": 0,
      "backpack_2": 0,
      "backpack_3": null,
      "buyback_log": null,
      "camps_stacked": null,
      "connection_log": null,
      "creeps_stacked": null,
      "damage": null,
      "damage_inflictor": null,
      "damage_inflictor_received": null,
      "damage_taken": null,
      "damage_targets": null,
      "deaths": 10,
      "denies": 11,
      "dn_t": null,
      "firstblood_claimed": null,
      "gold": 3485,
      "gold_per_min": 0,
      "gold_reasons": null,
      "gold_spent": 19880,
      "gold_t": null,
      "hero_damage": 22744,
      "hero_healing": 0,
      "hero_hits": null,
      "hero_id": -4,
      "item_0": 9,
      "item_1": 158,
      "item_2": 48,
      "item_3": 0,
      "item_4": 0,
      "item_5": 116,
      "item_neutral": 0,
      "item_uses": null,
      "kill_streaks": null,
      "killed": null,
      "killed_by": null,
      "kills": 3,
      "kills_log": null,
      "lane_pos": null,
      "last_hits": 68,
      "leaver_status": 0,
      "level": 27,
      "lh_t": null,
      "life_state": null,
      "max_hero_hit": null,
      "multi_kills": null,
      "net_worth": 20615,
      "obs": null,
      "obs_left_log": null,
      "obs_log": null,
      "obs_placed": null,
      "party_id": 3,
      "party_size": 1,
      "performance_others": null,
      "permanent_buffs": [
        {
          "permanent_buff": 6,
          "stack_count": 2,
          "grant_time": 932
        }
      ],
      "pings": null,
      "pred_vict": null,
      "purchase": null,
      "purchase_log": null,
      "randomed": null,
      "repicked": null,
      "roshans_killed": null,
      "rune_pickups": null,
      "runes": null,
      "runes_log": null,
      "sen": null,
      "sen_left_log": null,
      "sen_log": null,
      "sen_placed": null,
      "stuns": null,
      "teamfight_participation": null,
      "times": null,
      "tower_damage": 742,
      "towers_killed": null,
      "xp_per_min": 1821,
      "xp_reasons": null,
      "xp_t": null,
      "personaname": "зачем хочу тебя",
      "name": null,
      "last_login": null,
      "start_time": -435438190,
      "duration": 32,
      "cluster": 273,
      "lobby_type": 0,
      "game_mode": 23,
      "is_contributor": false,
      "patch": 51,
      "region": 3,
      "isRadiant": false,
      "total_gold": 11663,
      "total_xp": 52900,
      "kills_per_min": 0.10327022375215146,
      "kda": 1,
      "abandons": 0,
      "rank_tier": 33,
      "is_subscriber": false,
      "cosmetics": [],
      "benchmarks": {
        "gold_per_min": {
          "raw": 752,
          "pct": 1
        },
        "xp_per_min": {
          "raw": 1821,
          "pct": 1
        },
        "kills_per_min": {
          "raw": 0.10327022375215146,
          "pct": 0.3
        },
        "last_hits_per_min": {
          "raw": 2.3407917383821,
          "pct": 0
        },
        "hero_damage_per_min": {
          "raw": 782.9259896729776,
          "pct": 0.5
        },
        "hero_healing_per_min": {
          "raw": 0,
          "pct": 0.85
        },
        "tower_damage": {
          "raw": 742,
          "pct": 0.25
        },
        "stuns_per_min": {
          "raw": 0,
          "pct": 0.5
        },
        "lhten": {}
      }
    },
    {
      "player_slot": 129,
      "ability_targets": null,
      "ability_upgrades_arr": [
        5108,
        0,
        5108,
        5107,
        5108,
        5109,
        5108,
        5106,
        -1595,
        5918,
        5106,
        5109,
        5107,
        5107,
        0,
        5107,
        5109,
        718,
        6932,
        6137,
        6153
      ],
      "ability_uses": null,
      "actions": null,
      "additional_units": null,
      "assists": 10,
      "backpack_0": 0,
      "backpack_1": 0,
      "backpack_2": 0,
      "backpack_3": null,
      "buyback_log": null,
      "camps_stacked": null,
      "connection_log": null,
      "creeps_stacked": null,
      "damage": null,
      "damage_inflictor": null,
      "damage_inflictor_received": null,
      "damage_taken": null,
      "damage_targets": null,
      "deaths": 7,
      "denies": 4,
      "dn_t": null,
      "firstblood_claimed": null,
      "gold": 1569,
      "gold_per_min": 931,
      "gold_reasons": null,
      "gold_spent": -2967,
      "gold_t": null,
      "hero_damage": 22097,
      "hero_healing": 0,
      "hero_hits": null,
      "hero_id": 19,
      "item_0": 141,
      "item_1": 247,
      "item_2": 141,
      "item_3": 252,
      "item_4": 249,
      "item_5": 63,
      "item_neutral": 573,
      "item_uses": null,
      "kill_streaks": null,
      "killed": null,
      "killed_by": null,
      "kills": 5,
      "kills_log": null,
      "lane_pos": null,
      "last_hits": 149,
      "leaver_status": 0,
      "level": 28,
      "lh_t": null,
      "life_state": null,
      "max_hero_hit": null,
      "multi_kills": null,
      "net_worth": 0,
      "obs": null,
      "obs_left_log": null,
      "obs_log": null,
      "obs_placed": null,
      "party_id": 4,
      "party_size": 0,
      "performance_others": null,
      "permanent_buffs": [
        {
          "permanent_buff": 12,
          "stack_count": 0,
          "grant_time": 0
        }
      ],
      "pings": null,
      "pred_vict": null,
      "purchase": null,
      "purchase_log": null,
      "randomed": null,
      "repicked": null,
      "roshans_killed": null,
      "rune_pickups": null,
      "runes": null,
      "runes_log": null,
      "sen": null,
      "sen_left_log": null,
      "sen_log": null,
      "sen_placed": null,
      "stuns": null,
      "teamfight_participation": null,
      "times": null,
      "tower_damage": 5919,
      "towers_killed": null,
      "xp_per_min": 1877,
      "xp_reasons": null,
      "xp_t": null,
      "personaname": "Введите имя профиля",
      "name": null,
      "last_login": "2023-02-28T21:34:59.445Z",
      "start_time": 106529137,
      "duration": -28,
      "cluster": 273,
      "lobby_type": 0,
      "game_mode": 23,
      "is_contributor": false,
      "patch": 0,
      "region": 3,
      "isRadiant": false,
      "total_gold": 27045,
      "total_xp": 54526,
      "kills_per_min": 0.1721170395869191,
      "kda": 1,
      "abandons": 0,
      "rank_tier": 14,
      "is_subscriber": false,
      "cosmetics": [],
      "benchmarks": {
        "gold_per_min": {
          "raw": 931,
          "pct": 1
        },
        "xp_per_min": {
          "raw": 0,
          "pct": 1
        },
        "kills_per_min": {
          "raw": 0.17211703958691912,
          "pct": -0.11854961724961248
        },
        "last_hits_per_min": {
          "raw": 5.12908777969019,
          "pct": 0.788235294117647
        },
        "hero_damage_per_min": {
          "raw": 760.6540447504303,
          "pct": 0.8352941176470589
        },
        "hero_healing_per_min": {
          "raw": 0,
          "pct": 0.8941176470588236
        },
        "tower_damage": {
          "raw": 1068,
          "pct": 0.9176470588235294
        },
        "stuns_per_min": {},
        "lhten": {}
      }
    },
    {
      "player_slot": 130,
      "ability_targets": null,
      "ability_upgrades_arr": [
        5138,
        5140,
        -14,
        5138,
        5140,
        5141,
        5140,
        5138,
        5138,
        417,
        1921,
        5141,
        5139,
        5139,
        5993,
        5139,
        0,
        555,
        6996,
        6995,
        6524,
        5998,
        6298
      ],
      "ability_uses": null,
      "actions": null,
      "additional_units": null,
      "assists": 0,
      "backpack_0": 40,
      "backpack_1": 0,
      "backpack_2": 0,
      "backpack_3": null,
      "buyback_log": null,
      "camps_stacked": null,
      "connection_log": null,
      "creeps_stacked": null,
      "damage": null,
      "damage_inflictor": null,
      "damage_inflictor_received": null,
      "damage_taken": null,
      "damage_targets": null,
      "deaths": 0,
      "denies": 0,
      "dn_t": null,
      "firstblood_claimed": null,
      "gold": 5682,
      "gold_per_min": 977,
      "gold_reasons": null,
      "gold_spent": 0,
      "gold_t": null,
      "hero_damage": -9007,
      "hero_healing": 1722,
      "hero_hits": null,
      "hero_id": 0,
      "item_0": 267,
      "item_1": 218,
      "item_2": 232,
      "item_3": 256,
      "item_4": 29,
      "item_5": 254,
      "item_neutral": 675,
      "item_uses": null,
      "kill_streaks": null,
      "killed": null,
      "killed_by": null,
      "kills": 13,
      "kills_log": null,
      "lane_pos": null,
      "last_hits": 18,
      "leaver_status": 0,
      "level": 0,
      "lh_t": null,
      "life_state": null,
      "max_hero_hit": null,
      "multi_kills": null,
      "net_worth": 3109,
      "obs": null,
      "obs_left_log": null,
      "obs_log": null,
      "obs_placed": null,
      "party_id": 4,
      "party_size": 0,
      "performance_others": null,
      "permanent_buffs": [
        {
          "permanent_buff": 2,
          "stack_count": 0,
          "grant_time": 1601
        },
        {
          "permanent_buff": 12,
          "stack_count": 0,
          "grant_time": 827
        }
      ],
      "pings": null,
      "pred_vict": null,
      "purchase": null,
      "purchase_log": null,
      "randomed": null,
      "repicked": null,
      "roshans_killed": null,
      "rune_pickups": null,
      "runes": null,
      "runes_log": null,
      "sen": null,
      "sen_left_log": null,
      "sen_log": null,
      "sen_placed": null,
      "stuns": null,
      "teamfight_participation": null,
      "times": null,
      "tower_damage": 323,
      "towers_killed": null,
      "xp_per_min": 0,
      "xp_reasons": null,
      "xp_t": null,
      "personaname": "123",
      "name": null,
      "last_login": null,
      "start_time": 1669912533,
      "duration": 1743,
      "cluster": 273,
      "lobby_type": 0,
      "game_mode": 0,
      "is_contributor": false,
      "patch": 51,
      "region": 3,
      "isRadiant": false,
      "total_gold": 24942,
      "total_xp": 60506,
      "kills_per_min": 0.44750430292598964,
      "kda": 0,
      "abandons": 0,
      "rank_tier": 25,
      "is_subscriber": false,
      "cosmetics": [],
      "benchmarks": {
        "gold_per_min": {
          "raw": 977,
          "pct": 1
        },
        "xp_per_min": {
          "raw": 2118,
          "pct": 1
        },
        "kills_per_min": {},
        "last_hits_per_min": {},
        "hero_damage_per_min": {
          "raw": 1159.0705679862306,
          "pct": 1
        },
        "hero_healing_per_min": {
          "raw": 59.27710843373494,
          "pct": 0.5641025641025641
        },
        "tower_damage": {
          "raw": 323,
          "pct": 0.717948717948718
        },
        "stuns_per_min": {
          "raw": 0,
          "pct": 0.02564102564102564
        },
        "lhten": {}
      }
    },
    {
      "player_slot": 131,
      "ability_targets": null,
      "ability_upgrades_arr": [
        5519,
        5518,
        5519,
        5518,
        5519,
        -2389,
        5519,
        5518,
        5521,
        0,
        5520,
        5521,
        5520,
        5520,
        -219,
        5520,
        5521,
        6199,
        6390,
        525,
        0,
        6507
      ],
      "ability_uses": null,
      "actions": null,
      "additional_units": null,
      "assists": 6,
      "backpack_0": 0,
      "backpack_1": 0,
      "backpack_2": 0,
      "backpack_3": null,
      "buyback_log": null,
      "camps_stacked": null,
      "connection_log": null,
      "creeps_stacked": null,
      "damage": null,
      "damage_inflictor": null,
      "damage_inflictor_received": null,
      "damage_taken": null,
      "damage_targets": null,
      "deaths": 6,
      "denies": 4,
      "dn_t": null,
      "firstblood_claimed": null,
      "gold": 5348,
      "gold_per_min": -326,
      "gold_reasons": null,
      "gold_spent": -7953,
      "gold_t": null,
      "hero_damage": 24908,
      "hero_healing": 0,
      "hero_hits": null,
      "hero_id": 97,
      "item_0": 63,
      "item_1": 7,
      "item_2": 0,
      "item_3": 17,
      "item_4": 600,
      "item_5": 141,
      "item_neutral": 364,
      "item_uses": null,
      "kill_streaks": null,
      "killed": null,
      "killed_by": null,
      "kills": 6,
      "kills_log": null,
      "lane_pos": null,
      "last_hits": 285,
      "leaver_status": 0,
      "level": 29,
      "lh_t": null,
      "life_state": null,
      "max_hero_hit": null,
      "multi_kills": null,
      "net_worth": 36773,
      "obs": null,
      "obs_left_log": null,
      "obs_log": null,
      "obs_placed": null,
      "party_id": 5,
      "party_size": 0,
      "performance_others": null,
      "permanent_buffs": [
        {
          "permanent_buff": 0,
          "stack_count": 0,
          "grant_time": 1435
        }
      ],
      "pings": null,
      "pred_vict": null,
      "purchase": null,
      "purchase_log": null,
      "randomed": null,
      "repicked": null,
      "roshans_killed": null,
      "rune_pickups": null,
      "runes": null,
      "runes_log": null,
      "sen": null,
      "sen_left_log": null,
      "sen_log": null,
      "sen_placed": null,
      "stuns": null,
      "teamfight_participation": null,
      "times": null,
      "tower_damage": 3887,
      "towers_killed": null,
      "xp_per_min": 2205,
      "xp_reasons": null,
      "xp_t": null,
      "personaname": "перега сират",
      "name": null,
      "last_login": null,
      "start_time": 1669912533,
      "duration": 1743,
      "cluster": 273,
      "lobby_type": 0,
      "game_mode": 23,
      "is_contributor": false,
      "patch": 51,
      "region": 3,
      "isRadiant": false,
      "total_gold": 19311,
      "total_xp": 64055,
      "kills_per_min": 0.20654044750430292,
      "kda": 0,
      "abandons": 0,
      "rank_tier": 41,
      "is_subscriber": false,
      "cosmetics": [],
      "benchmarks": {
        "gold_per_min": {
          "raw": 1330,
          "pct": 0
        },
        "xp_per_min": {
          "raw": 2205,
          "pct": 0
        },
        "kills_per_min": {
          "raw": 0.20654044750430292,
          "pct": 0.20103775324183115
        },
        "last_hits_per_min": {
          "raw": 9.81067125645439,
          "pct": 1
        },
        "hero_damage_per_min": {
          "raw": 857.4182444061962,
          "pct": 0.9761904761904762
        },
        "hero_healing_per_min": {
          "raw": 0,
          "pct": 0.5714285714285714
        },
        "tower_damage": {
          "raw": 3887,
          "pct": 0.9047619047619048
        },
        "stuns_per_min": {
          "raw": 0,
          "pct": 0
        },
        "lhten": {}
      }
    },
    {
      "player_slot": 0,
      "ability_targets": null,
      "ability_upgrades_arr": [
        6344,
        6461,
        6344,
        7307,
        6344,
        -987,
        6461,
        6344,
        6461,
        9063,
        6461,
        6343,
        7307,
        7307,
        6463,
        7307,
        6343,
        1030,
        9062,
        1054,
        9135,
        1053
      ],
      "ability_uses": null,
      "actions": null,
      "additional_units": null,
      "assists": 6,
      "backpack_0": 0,
      "backpack_1": 0,
      "backpack_2": 0,
      "backpack_3": null,
      "buyback_log": null,
      "camps_stacked": null,
      "connection_log": null,
      "creeps_stacked": null,
      "damage": null,
      "damage_inflictor": null,
      "damage_inflictor_received": null,
      "damage_taken": null,
      "damage_targets": null,
      "deaths": 7,
      "denies": 2,
      "dn_t": null,
      "firstblood_claimed": null,
      "gold": 5142,
      "gold_per_min": 1257,
      "gold_reasons": null,
      "gold_spent": 8602,
      "gold_t": null,
      "hero_damage": 35899,
      "hero_healing": 0,
      "hero_hits": null,
      "hero_id": 0,
      "item_0": -169,
      "item_1": 1466,
      "item_2": 180,
      "item_3": 143,
      "item_4": 108,
      "item_5": 174,
      "item_neutral": 828,
      "item_uses": null,
      "kill_streaks": null,
      "killed": null,
      "killed_by": null,
      "kills": 9,
      "kills_log": null,
      "lane_pos": null,
      "last_hits": -50,
      "leaver_status": 0,
      "level": 0,
      "lh_t": null,
      "life_state": null,
      "max_hero_hit": null,
      "multi_kills": null,
      "net_worth": 0,
      "obs": null,
      "obs_left_log": null,
      "obs_log": null,
      "obs_placed": null,
      "party_id": 5,
      "party_size": 0,
      "performance_others": null,
      "permanent_buffs": [
        {
          "permanent_buff": 12,
          "stack_count": 0,
          "grant_time": 1082
        }
      ],
      "pings": null,
      "pred_vict": null,
      "purchase": null,
      "purchase_log": null,
      "randomed": null,
      "repicked": null,
      "roshans_killed": null,
      "rune_pickups": null,
      "runes": null,
      "runes_log": null,
      "sen": null,
      "sen_left_log": null,
      "sen_log": null,
      "sen_placed": null,
      "stuns": null,
      "teamfight_participation": null,
      "times": null,
      "tower_damage": -26,
      "towers_killed": null,
      "xp_per_min": 1821,
      "xp_reasons": null,
      "xp_t": null,
      "start_time": 1669912533,
      "duration": 1743,
      "cluster": 273,
      "lobby_type": 0,
      "game_mode": 23,
      "is_contributor": false,
      "patch": -12,
      "region": 3,
      "isRadiant": false,
      "total_gold": 1212,
      "total_xp": 52900,
      "kills_per_min": 0.3098106712564544,
      "kda": 2,
      "abandons": 0,
      "rank_tier": null,
      "is_subscriber": false,
      "cosmetics": [],
      "benchmarks": {
        "gold_per_min": {
          "raw": 1257,
          "pct": 1
        },
        "xp_per_min": {
          "raw": 1821,
          "pct": 1
        },
        "kills_per_min": {
          "raw": 0.3098106712564544,
          "pct": 0.7575757575757576
        },
        "last_hits_per_min": {
          "raw": 3.958691910499139,
          "pct": 0
        },
        "hero_damage_per_min": {
          "raw": 1235.7659208261616,
          "pct": 0.2058754744907757
        },
        "hero_healing_per_min": {
          "raw": 0,
          "pct": 0.8484848484848485
        },
        "tower_damage": {
          "raw": 145,
          "pct": 0.24242424242424243
        },
        "stuns_per_min": {
          "raw": 0,
          "pct": 0
        },
        "lhten": {}
      }
    }
  ],
  "patch": 51,
  "region": 0
}