{
  "chat": null,
  "cluster": 152,
  "cosmetics": null,
  "dire_score": 47,
  "dire_team_id": null,
  "draft_timings": null,
  "duration": 1576,
  "engine": 1,
  "first_blood_time": 123,
  "game_mode": 23,
  "human_players": 10,
  "leagueid": 0,
  "lobby_type": 0,
  "match_seq_num": 5780347351,
  "negative_votes": 0,
  "objectives": null,
  "picks_bans": null,
  "positive_votes": 0,
  "radiant_gold_adv": null,
  "radiant_score": 17,
  "radiant_team_id": null,
  "radiant_xp_adv": null,
  "skill": null,
  "start_time": 1669912343,
  "teamfights": null,
  "version": null,
  "replay_salt": 1367549471,
  "series_id": 0,
  "series_type": 0,
  "players": [
    {
      "player_slot": 0,
      "ability_targets": null,
      "ability_upgrades_arr": [
        5104,
        5103,
        5104,
        5102,
        5104,
        5105,
        5104,
        5102,
        5103,
        6409,
        5103,
        5105,
        5103,
        5102,
        890,
        5105,
        5102,
        6872
      ],
      "ability_uses": null,
      "actions": null,
      "additional_units": null,
      "assists": 7,
      "backpack_0": 0,
      "backpack_1": 0,
      "backpack_2": 0,
      "backpack_3": null,
      "buyback_log": null,
      "camps_stacked": null,
      "connection_log": null,
      "creeps_stacked": null,
      "damage": null,
      "damage_inflictor": null,
      "damage_inflictor_received": null,
      "damage_taken": null,
      "damage_targets": null,
      "deaths": 9,
      "denies": 1,
      "dn_t": null,
      "firstblood_claimed": null,
      "gold": 297,
      "gold_per_min": 715,
      "gold_reasons": null,
      "gold_spent": 19095,
      "gold_t": null,
      "hero_damage": 24226,
      "hero_healing": 0,
      "hero_hits": null,
      "hero_id": 16,
      "item_0": 73,
      "item_1": 123,
      "item_2": 235,
      "item_3": 108,
      "item_4": 29,
      "item_5": 1,
      "item_neutral": 289,
      "item_uses": null,
      "kill_streaks": null,
      "killed": null,
      "killed_by": null,
      "kills": 2,
      "kills_log": null,
      "lane_pos": null,
      "last_hits": 74,
      "leaver_status": 0,
      "level": 25,
      "lh_t": null,
      "life_state": null,
      "max_hero_hit": null,
      "multi_kills": null,
      "net_worth": 19127,
      "obs": null,
      "obs_left_log": null,
      "obs_log": null,
      "obs_placed": null,
      "party_id": 0,
      "party_size": 1,
      "performance_others": null,
      "permanent_buffs": [
        {
          "permanent_buff": 6,
          "stack_count": 1,
          "grant_time": 1424
        },
        {
          "permanent_buff": 12,
          "stack_count": 0,
          "grant_time": 1387
        }
      ],
      "pings": null,
      "pred_vict": null,
      "purchase": null,
      "purchase_log": null,
      "randomed": null,
      "repicked": null,
      "roshans_killed": null,
      "rune_pickups": null,
      "runes": null,
      "runes_log": null,
      "sen": null,
      "sen_left_log": null,
      "sen_log": null,
      "sen_placed": null,
      "stuns": null,
      "teamfight_participation": null,
      "times": null,
      "tower_damage": 25,
      "towers_killed": null,
      "xp_per_min": 1320,
      "xp_reasons": null,
      "xp_t": null,
      "personaname": "Zamani",
      "name": null,
      "last_login": null,
      "start_time": 1669912343,
      "duration": 1576,
      "cluster": 152,
      "lobby_type": 0,
      "game_mode": 23,
      "is_contributor": false,
      "patch": 51,
      "region": 5,
      "isRadiant": true,
      "total_gold": 18780,
      "total_xp": 34672,
      "kills_per_min": 0.07614213197969544,
      "kda": 0,
      "abandons": 0,
      "rank_tier": 12,
      "is_subscriber": false,
      "cosmetics": [],
      "benchmarks": {
        "gold_per_min": {
          "raw": 715,
          "pct": 1
        },
        "xp_per_min": {
          "raw": 1320,
          "pct": 1
        },
        "kills_per_min": {
          "raw": 0.07614213197969542,
          "pct": 0.16666666666666666
        },
        "last_hits_per_min": {
          "raw": 2.817258883248731,
          "pct": 0
        },
        "hero_damage_per_min": {
          "raw": 922.3096446700507,
          "pct": 0.875
        },
        "hero_healing_per_min": {
          "raw": 0,
          "pct": 0.9583333333333334
        },
        "tower_damage": {
          "raw": 25,
          "pct": 0.16666666666666666
        },
        "stuns_per_min": {
          "raw": 0,
          "pct": 0
        },
        "lhten": {}
      }
    },
    {
      "player_slot": 1,
      "ability_targets": null,
      "ability_upgrades_arr": [
        5290,
        5291,
        5289,
        5291,
        5291,
        5292,
        5290,
        5291,
        5290,
        6200,
        5290,
        5292,
        5289,
        5289,
        6987,
        5289,
        5292,
        6131,
        6990
      ],
      "ability_uses": null,
      "actions": null,
      "additional_units": null,
      "assists": 3,
      "backpack_0": 38,
      "backpack_1": 218,
      "backpack_2": 0,
      "backpack_3": null,
      "buyback_log": null,
      "camps_stacked": null,
      "connection_log": null,
      "creeps_stacked": null,
      "damage": null,
      "damage_inflictor": null,
      "damage_inflictor_received": null,
      "damage_taken": null,
      "damage_targets": null,
      "deaths": 6,
      "denies": 4,
      "dn_t": null,
      "firstblood_claimed": null,
      "gold": 1681,
      "gold_per_min": 608,
      "gold_reasons": null,
      "gold_spent": 14965,
      "gold_t": null,
      "hero_damage": 14014,
      "hero_healing": 0,
      "hero_hits": null,
      "hero_id": 63,
      "item_0": 63,
      "item_1": 34,
      "item_2": 123,
      "item_3": 135,
      "item_4": 26,
      "item_5": 236,
      "item_neutral": 376,
      "item_uses": null,
      "kill_streaks": null,
      "killed": null,
      "killed_by": null,
      "kills": 2,
      "kills_log": null,
      "lane_pos": null,
      "last_hits": 65,
      "leaver_status": 0,
      "level": 25,
      "lh_t": null,
      "life_state": null,
      "max_hero_hit": null,
      "multi_kills": null,
      "net_worth": 15956,
      "obs": null,
      "obs_left_log": null,
      "obs_log": null,
      "obs_placed": null,
      "party_id": 1,
      "party_size": 1,
      "performance_others": null,
      "permanent_buffs": [],
      "pings": null,
      "pred_vict": null,
      "purchase": null,
      "purchase_log": null,
      "randomed": null,
      "repicked": null,
      "roshans_killed": null,
      "rune_pickups": null,
      "runes": null,
      "runes_log": null,
      "sen": null,
      "sen_left_log": null,
      "sen_log": null,
      "sen_placed": null,
      "stuns": null,
      "teamfight_participation": null,
      "times": null,
      "tower_damage": 865,
      "towers_killed": null,
      "xp_per_min": 1492,
      "xp_reasons": null,
      "xp_t": null,
      "start_time": 1669912343,
      "duration": 1576,
      "cluster": 152,
      "lobby_type": 0,
      "game_mode": 23,
      "is_contributor": false,
      "patch": 51,
      "region": 5,
      "isRadiant": true,
      "total_gold": 15970,
      "total_xp": 39189,
      "kills_per_min": 0.07614213197969544,
      "kda": 0,
      "abandons": 0,
      "rank_tier": null,
      "is_subscriber": false,
      "cosmetics": [],
      "benchmarks": {
        "gold_per_min": {
          "raw": 608,
          "pct": 0.8
        },
        "xp_per_min": {
          "raw": 1492,
          "pct": 1
        },
        "kills_per_min": {
          "raw": 0.07614213197969542,
          "pct": 0.3333333333333333
        },
        "last_hits_per_min": {
          "raw": 2.4746192893401013,
          "pct": 0.13333333333333333
        },
        "hero_damage_per_min": {
          "raw": 533.5279187817259,
          "pct": 0.3333333333333333
        },
        "hero_healing_per_min": {
          "raw": 0,
          "pct": 0.9333333333333333
        },
        "tower_damage": {
          "raw": 865,
          "pct": 0.26666666666666666
        },
        "stuns_per_min": {
          "raw": 0,
          "pct": 0.5333333333333333
        },
        "lhten": {}
      }
    },
    {
      "player_slot": 2,
      "ability_targets": null,
      "ability_upgrades_arr": [
        5549,
        5550,
        5549,
        5548,
        5549,
        5551,
        5549,
        5550,
        5550,
        5938,
        5550,
        5551,
        5548,
        5548,
        1079,
        5548,
        5551,
        6079,
        434
      ],
      "ability_uses": null,
      "actions": null,
      "additional_units": null,
      "assists": 6,
      "backpack_0": 0,
      "backpack_1": 59,
      "backpack_2": 0,
      "backpack_3": null,
      "buyback_log": null,
      "camps_stacked": null,
      "connection_log": null,
      "creeps_stacked": null,
      "damage": null,
      "damage_inflictor": null,
      "damage_inflictor_received": null,
      "damage_taken": null,
      "damage_targets": null,
      "deaths": 11,
      "denies": 5,
      "dn_t": null,
      "firstblood_claimed": null,
      "gold": 964,
      "gold_per_min": 670,
      "gold_reasons": null,
      "gold_spent": 17535,
      "gold_t": null,
      "hero_damage": 26360,
      "hero_healing": 0,
      "hero_hits": null,
      "hero_id": 99,
      "item_0": 50,
      "item_1": 127,
      "item_2": 116,
      "item_3": 232,
      "item_4": 61,
      "item_5": 114,
      "item_neutral": 834,
      "item_uses": null,
      "kill_streaks": null,
      "killed": null,
      "killed_by": null,
      "kills": 3,
      "kills_log": null,
      "lane_pos": null,
      "last_hits": 68,
      "leaver_status": 0,
      "level": 25,
      "lh_t": null,
      "life_state": null,
      "max_hero_hit": null,
      "multi_kills": null,
      "net_worth": 17689,
      "obs": null,
      "obs_left_log": null,
      "obs_log": null,
      "obs_placed": null,
      "party_id": 2,
      "party_size": 1,
      "performance_others": null,
      "permanent_buffs": [],
      "pings": null,
      "pred_vict": null,
      "purchase": null,
      "purchase_log": null,
      "randomed": null,
      "repicked": null,
      "roshans_killed": null,
      "rune_pickups": null,
      "runes": null,
      "runes_log": null,
      "sen": null,
      "sen_left_log": null,
      "sen_log": null,
      "sen_placed": null,
      "stuns": null,
      "teamfight_participation": null,
      "times": null,
      "tower_damage": 57,
      "towers_killed": null,
      "xp_per_min": 1492,
      "xp_reasons": null,
      "xp_t": null,
      "personaname": "popo",
      "name": null,
      "last_login": null,
      "start_time": 1669912343,
      "duration": 1576,
      "cluster": 152,
      "lobby_type": 0,
      "game_mode": 23,
      "is_contributor": false,
      "patch": 51,
      "region": 5,
      "isRadiant": true,
      "total_gold": 17598,
      "total_xp": 39189,
      "kills_per_min": 0.11421319796954316,
      "kda": 0,
      "abandons": 0,
      "rank_tier": null,
      "is_subscriber": false,
      "cosmetics": [],
      "benchmarks": {
        "gold_per_min": {
          "raw": 670,
          "pct": 0.9285714285714286
        },
        "xp_per_min": {
          "raw": 1492,
          "pct": 1
        },
        "kills_per_min": {
          "raw": 0.11421319796954316,
          "pct": 0.21428571428571427
        },
        "last_hits_per_min": {
          "raw": 2.5888324873096447,
          "pct": 0.14285714285714285
        },
        "hero_damage_per_min": {
          "raw": 1003.5532994923858,
          "pct": 0.8571428571428571
        },
        "hero_healing_per_min": {
          "raw": 0,
          "pct": 1
        },
        "tower_damage": {
          "raw": 57,
          "pct": 0.2857142857142857
        },
        "stuns_per_min": {
          "raw": 0,
          "pct": 0.7142857142857143
        },
        "lhten": {}
      }
    },
    {
      "player_slot": 3,
      "ability_targets": null,
      "ability_upgrades_arr": [
        5589,
        5591,
        5591,
        5589,
        5589,
        5594,
        5591,
        5593,
        5591,
        5589,
        5593,
        5594,
        5593,
        5593,
        6171,
        6016,
        5594,
        6827,
        6720,
        917
      ],
      "ability_uses": null,
      "actions": null,
      "additional_units": null,
      "assists": 6,
      "backpack_0": 361,
      "backpack_1": 838,
      "backpack_2": 0,
      "backpack_3": null,
      "buyback_log": null,
      "camps_stacked": null,
      "connection_log": null,
      "creeps_stacked": null,
      "damage": null,
      "damage_inflictor": null,
      "damage_inflictor_received": null,
      "damage_taken": null,
      "damage_targets": null,
      "deaths": 9,
      "denies": 0,
      "dn_t": null,
      "firstblood_claimed": null,
      "gold": 2015,
      "gold_per_min": 839,
      "gold_reasons": null,
      "gold_spent": 20985,
      "gold_t": null,
      "hero_damage": 38787,
      "hero_healing": 0,
      "hero_hits": null,
      "hero_id": 103,
      "item_0": 127,
      "item_1": 249,
      "item_2": 116,
      "item_3": 208,
      "item_4": 0,
      "item_5": 63,
      "item_neutral": 364,
      "item_uses": null,
      "kill_streaks": null,
      "killed": null,
      "killed_by": null,
      "kills": 4,
      "kills_log": null,
      "lane_pos": null,
      "last_hits": 52,
      "leaver_status": 0,
      "level": 27,
      "lh_t": null,
      "life_state": null,
      "max_hero_hit": null,
      "multi_kills": null,
      "net_worth": 21265,
      "obs": null,
      "obs_left_log": null,
      "obs_log": null,
      "obs_placed": null,
      "party_id": 3,
      "party_size": 1,
      "performance_others": null,
      "permanent_buffs": [],
      "pings": null,
      "pred_vict": null,
      "purchase": null,
      "purchase_log": null,
      "randomed": null,
      "repicked": null,
      "roshans_killed": null,
      "rune_pickups": null,
      "runes": null,
      "runes_log": null,
      "sen": null,
      "sen_left_log": null,
      "sen_log": null,
      "sen_placed": null,
      "stuns": null,
      "teamfight_participation": null,
      "times": null,
      "tower_damage": 0,
      "towers_killed": null,
      "xp_per_min": 1630,
      "xp_reasons": null,
      "xp_t": null,
      "start_time": 1669912343,
      "duration": 1576,
      "cluster": 152,
      "lobby_type": 0,
      "game_mode": 23,
      "is_contributor": false,
      "patch": 51,
      "region": 5,
      "isRadiant": true,
      "total_gold": 22037,
      "total_xp": 42814,
      "kills_per_min": 0.15228426395939088,
      "kda": 1,
      "abandons": 0,
      "rank_tier": null,
      "is_subscriber": false,
      "cosmetics": [],
      "benchmarks": {
        "gold_per_min": {
          "raw": 839,
          "pct": 1
        },
        "xp_per_min": {
          "raw": 1630,
          "pct": 1
        },
        "kills_per_min": {
          "raw": 0.15228426395939085,
          "pct": 0.8
        },
        "last_hits_per_min": {
          "raw": 1.9796954314720814,
          "pct": 0.4
        },
        "hero_damage_per_min": {
          "raw": 1476.6624365482235,
          "pct": 1
        },
        "hero_healing_per_min": {
          "raw": 0,
          "pct": 1
        },
        "tower_damage": {
          "raw": 0,
          "pct": 0.4
        },
        "stuns_per_min": {
          "raw": 0,
          "pct": 0
        },
        "lhten": {}
      }
    },
    {
      "player_slot": 4,
      "ability_targets": null,
      "ability_upgrades_arr": [
        5094,
        5095,
        5096,
        5094,
        5095,
        5097,
        5095,
        5094,
        5096,
        6119,
        5095,
        5097,
        5096,
        763,
        5096,
        5094,
        5097,
        734,
        7112,
        673
      ],
      "ability_uses": null,
      "actions": null,
      "additional_units": null,
      "assists": 2,
      "backpack_0": 218,
      "backpack_1": 0,
      "backpack_2": 0,
      "backpack_3": null,
      "buyback_log": null,
      "camps_stacked": null,
      "connection_log": null,
      "creeps_stacked": null,
      "damage": null,
      "damage_inflictor": null,
      "damage_inflictor_received": null,
      "damage_taken": null,
      "damage_targets": null,
      "deaths": 12,
      "denies": 0,
      "dn_t": null,
      "firstblood_claimed": null,
      "gold": 514,
      "gold_per_min": 916,
      "gold_reasons": null,
      "gold_spent": 20400,
      "gold_t": null,
      "hero_damage": 17740,
      "hero_healing": 0,
      "hero_hits": null,
      "hero_id": 18,
      "item_0": 63,
      "item_1": 116,
      "item_2": 135,
      "item_3": 1,
      "item_4": 127,
      "item_5": 154,
      "item_neutral": 212,
      "item_uses": null,
      "kill_streaks": null,
      "killed": null,
      "killed_by": null,
      "kills": 5,
      "kills_log": null,
      "lane_pos": null,
      "last_hits": 98,
      "leaver_status": 0,
      "level": 28,
      "lh_t": null,
      "life_state": null,
      "max_hero_hit": null,
      "multi_kills": null,
      "net_worth": 19539,
      "obs": null,
      "obs_left_log": null,
      "obs_log": null,
      "obs_placed": null,
      "party_id": 4,
      "party_size": 1,
      "performance_others": null,
      "permanent_buffs": [
        {
          "permanent_buff": 6,
          "stack_count": 1,
          "grant_time": 889
        }
      ],
      "pings": null,
      "pred_vict": null,
      "purchase": null,
      "purchase_log": null,
      "randomed": null,
      "repicked": null,
      "roshans_killed": null,
      "rune_pickups": null,
      "runes": null,
      "runes_log": null,
      "sen": null,
      "sen_left_log": null,
      "sen_log": null,
      "sen_placed": null,
      "stuns": null,
      "teamfight_participation": null,
      "times": null,
      "tower_damage": 108,
      "towers_killed": null,
      "xp_per_min": 1546,
      "xp_reasons": null,
      "xp_t": null,
      "start_time": 1669912343,
      "duration": 1576,
      "cluster": 152,
      "lobby_type": 0,
      "game_mode": 23,
      "is_contributor": false,
      "patch": 51,
      "region": 5,
      "isRadiant": true,
      "total_gold": 24060,
      "total_xp": 40608,
      "kills_per_min": 0.1903553299492386,
      "kda": 0,
      "abandons": 0,
      "rank_tier": null,
      "is_subscriber": false,
      "cosmetics": [],
      "benchmarks": {
        "gold_per_min": {
          "raw": 916,
          "pct": 1
        },
        "xp_per_min": {
          "raw": 1546,
          "pct": 1
        },
        "kills_per_min": {
          "raw": 0.19035532994923857,
          "pct": 0.375
        },
        "last_hits_per_min": {
          "raw": 3.730964467005076,
          "pct": 0.1875
        },
        "hero_damage_per_min": {
          "raw": 675.3807106598985,
          "pct": 0.5625
        },
        "hero_healing_per_min": {
          "raw": 0,
          "pct": 1
        },
        "tower_damage": {
          "raw": 108,
          "pct": 0.125
        },
        "stuns_per_min": {
          "raw": 0,
          "pct": 0
        },
        "lhten": {}
      }
    },
    {
      "player_slot": 128,
      "ability_targets": null,
      "ability_upgrades_arr": [
        5297,
        5299,
        5299,
        5297,
        5298,
        5300,
        5297,
        5297,
        5299,
        5299,
        5298,
        5300,
        5298,
        5298,
        6423,
        1040,
        5300,
        542,
        6381
      ],
      "ability_uses": null,
      "actions": null,
      "additional_units": null,
      "assists": 17,
      "backpack_0": 0,
      "backpack_1": 361,
      "backpack_2": 0,
      "backpack_3": null,
      "buyback_log": null,
      "camps_stacked": null,
      "connection_log": null,
      "creeps_stacked": null,
      "damage": null,
      "damage_inflictor": null,
      "damage_inflictor_received": null,
      "damage_taken": null,
      "damage_targets": null,
      "deaths": 7,
      "denies": 0,
      "dn_t": null,
      "firstblood_claimed": null,
      "gold": 1604,
      "gold_per_min": 980,
      "gold_reasons": null,
      "gold_spent": 25245,
      "gold_t": null,
      "hero_damage": 32524,
      "hero_healing": 0,
      "hero_hits": null,
      "hero_id": 64,
      "item_0": 206,
      "item_1": 180,
      "item_2": 114,
      "item_3": 273,
      "item_4": 108,
      "item_5": 249,
      "item_neutral": 300,
      "item_uses": null,
      "kill_streaks": null,
      "killed": null,
      "killed_by": null,
      "kills": 6,
      "kills_log": null,
      "lane_pos": null,
      "last_hits": 96,
      "leaver_status": 0,
      "level": 29,
      "lh_t": null,
      "life_state": null,
      "max_hero_hit": null,
      "multi_kills": null,
      "net_worth": 25804,
      "obs": null,
      "obs_left_log": null,
      "obs_log": null,
      "obs_placed": null,
      "party_id": 5,
      "party_size": 1,
      "performance_others": null,
      "permanent_buffs": [
        {
          "permanent_buff": 12,
          "stack_count": 0,
          "grant_time": 1112
        }
      ],
      "pings": null,
      "pred_vict": null,
      "purchase": null,
      "purchase_log": null,
      "randomed": null,
      "repicked": null,
      "roshans_killed": null,
      "rune_pickups": null,
      "runes": null,
      "runes_log": null,
      "sen": null,
      "sen_left_log": null,
      "sen_log": null,
      "sen_placed": null,
      "stuns": null,
      "teamfight_participation": null,
      "times": null,
      "tower_damage": 1275,
      "towers_killed": null,
      "xp_per_min": 1616,
      "xp_reasons": null,
      "xp_t": null,
      "start_time": 1669912343,
      "duration": 1576,
      "cluster": 152,
      "lobby_type": 0,
      "game_mode": 23,
      "is_contributor": false,
      "patch": 51,
      "region": 5,
      "isRadiant": false,
      "total_gold": 25741,
      "total_xp": 42446,
      "kills_per_min": 0.2284263959390863,
      "kda": 2,
      "abandons": 0,
      "rank_tier": null,
      "is_subscriber": false,
      "cosmetics": [],
      "benchmarks": {
        "gold_per_min": {
          "raw": 980,
          "pct": 1
        },
        "xp_per_min": {
          "raw": 1616,
          "pct": 1
        },
        "kills_per_min": {
          "raw": 0.2284263959390863,
          "pct": 0.95
        },
        "last_hits_per_min": {
          "raw": 3.654822335025381,
          "pct": 0.9333333333333333
        },
        "hero_damage_per_min": {
          "raw": 1238.223350253807,
          "pct": 0.9833333333333333
        },
        "hero_healing_per_min": {
          "raw": 0,
          "pct": 0.7
        },
        "tower_damage": {
          "raw": 1275,
          "pct": 0.5833333333333334
        },
        "stuns_per_min": {
          "raw": 0,
          "pct": 0.016666666666666666
        },
        "lhten": {}
      }
    },
    {
      "player_slot": 129,
      "ability_targets": null,
      "ability_upgrades_arr": [
        5347,
        5346,
        5347,
        5345,
        5347,
        5348,
        5347,
        5346,
        5346,
        7652,
        5346,
        5348,
        5345,
        5345,
        6352,
        5345,
        5348,
        6291,
        7106,
        973,
        6214
      ],
      "ability_uses": null,
      "actions": null,
      "additional_units": null,
      "assists": 17,
      "backpack_0": 0,
      "backpack_1": 0,
      "backpack_2": 0,
      "backpack_3": null,
      "buyback_log": null,
      "camps_stacked": null,
      "connection_log": null,
      "creeps_stacked": null,
      "damage": null,
      "damage_inflictor": null,
      "damage_inflictor_received": null,
      "damage_taken": null,
      "damage_targets": null,
      "deaths": 4,
      "denies": 4,
      "dn_t": null,
      "firstblood_claimed": null,
      "gold": 4263,
      "gold_per_min": 1172,
      "gold_reasons": null,
      "gold_spent": 27765,
      "gold_t": null,
      "hero_damage": 25663,
      "hero_healing": 1050,
      "hero_hits": null,
      "hero_id": 68,
      "item_0": 116,
      "item_1": 534,
      "item_2": 263,
      "item_3": 231,
      "item_4": 108,
      "item_5": 247,
      "item_neutral": 336,
      "item_uses": null,
      "kill_streaks": null,
      "killed": null,
      "killed_by": null,
      "kills": 7,
      "kills_log": null,
      "lane_pos": null,
      "last_hits": 125,
      "leaver_status": 0,
      "level": 29,
      "lh_t": null,
      "life_state": null,
      "max_hero_hit": null,
      "multi_kills": null,
      "net_worth": 30003,
      "obs": null,
      "obs_left_log": null,
      "obs_log": null,
      "obs_placed": null,
      "party_id": 6,
      "party_size": 1,
      "performance_others": null,
      "permanent_buffs": [
        {
          "permanent_buff": 6,
          "stack_count": 1,
          "grant_time": 1445
        },
        {
          "permanent_buff": 12,
          "stack_count": 0,
          "grant_time": 1456
        }
      ],
      "pings": null,
      "pred_vict": null,
      "purchase": null,
      "purchase_log": null,
      "randomed": null,
      "repicked": null,
      "roshans_killed": null,
      "rune_pickups": null,
      "runes": null,
      "runes_log": null,
      "sen": null,
      "sen_left_log": null,
      "sen_log": null,
      "sen_placed": null,
      "stuns": null,
      "teamfight_participation": null,
      "times": null,
      "tower_damage": 1480,
      "towers_killed": null,
      "xp_per_min": 1626,
      "xp_reasons": null,
      "xp_t": null,
      "start_time": 1669912343,
      "duration": 1576,
      "cluster": 152,
      "lobby_type": 0,
      "game_mode": 23,
      "is_contributor": false,
      "patch": 51,
      "region": 5,
      "isRadiant": false,
      "total_gold": 30784,
      "total_xp": 42709,
      "kills_per_min": 0.26649746192893403,
      "kda": 4,
      "abandons": 0,
      "rank_tier": null,
      "is_subscriber": false,
      "cosmetics": [],
      "benchmarks": {
        "gold_per_min": {
          "raw": 1172,
          "pct": 1
        },
        "xp_per_min": {
          "raw": 1626,
          "pct": 1
        },
        "kills_per_min": {
          "raw": 0.26649746192893403,
          "pct": 0.9285714285714286
        },
        "last_hits_per_min": {
          "raw": 4.758883248730965,
          "pct": 1
        },
        "hero_damage_per_min": {
          "raw": 977.017766497462,
          "pct": 1
        },
        "hero_healing_per_min": {
          "raw": 39.974619289340104,
          "pct": 1
        },
        "tower_damage": {
          "raw": 1480,
          "pct": 0.7857142857142857
        },
        "stuns_per_min": {
          "raw": 0,
          "pct": 0
        },
        "lhten": {}
      }
    },
    {
      "player_slot": 130,
      "ability_targets": null,
      "ability_upgrades_arr": [
        631,
        5250,
        5249,
        5249,
        5249,
        5252,
        5249,
        631,
        631,
        631,
        5252,
        5250,
        6676,
        5250,
        6009,
        5250,
        5252,
        709,
        6173,
        1033
      ],
      "ability_uses": null,
      "actions": null,
      "additional_units": null,
      "assists": 8,
      "backpack_0": 0,
      "backpack_1": 0,
      "backpack_2": 0,
      "backpack_3": null,
      "buyback_log": null,
      "camps_stacked": null,
      "connection_log": null,
      "creeps_stacked": null,
      "damage": null,
      "damage_inflictor": null,
      "damage_inflictor_received": null,
      "damage_taken": null,
      "damage_targets": null,
      "deaths": 3,
      "denies": 3,
      "dn_t": null,
      "firstblood_claimed": null,
      "gold": 109,
      "gold_per_min": 934,
      "gold_reasons": null,
      "gold_spent": 26430,
      "gold_t": null,
      "hero_damage": 17250,
      "hero_healing": 1832,
      "hero_hits": null,
      "hero_id": 54,
      "item_0": 40,
      "item_1": 151,
      "item_2": 208,
      "item_3": 48,
      "item_4": 160,
      "item_5": 112,
      "item_neutral": 573,
      "item_uses": null,
      "kill_streaks": null,
      "killed": null,
      "killed_by": null,
      "kills": 10,
      "kills_log": null,
      "lane_pos": null,
      "last_hits": 73,
      "leaver_status": 0,
      "level": 27,
      "lh_t": null,
      "life_state": null,
      "max_hero_hit": null,
      "multi_kills": null,
      "net_worth": 23264,
      "obs": null,
      "obs_left_log": null,
      "obs_log": null,
      "obs_placed": null,
      "party_id": 7,
      "party_size": 1,
      "performance_others": null,
      "permanent_buffs": [
        {
          "permanent_buff": 12,
          "stack_count": 0,
          "grant_time": 794
        }
      ],
      "pings": null,
      "pred_vict": null,
      "purchase": null,
      "purchase_log": null,
      "randomed": null,
      "repicked": null,
      "roshans_killed": null,
      "rune_pickups": null,
      "runes": null,
      "runes_log": null,
      "sen": null,
      "sen_left_log": null,
      "sen_log": null,
      "sen_placed": null,
      "stuns": null,
      "teamfight_participation": null,
      "times": null,
      "tower_damage": 3771,
      "towers_killed": null,
      "xp_per_min": 1723,
      "xp_reasons": null,
      "xp_t": null,
      "start_time": 1669912343,
      "duration": 1576,
      "cluster": 152,
      "lobby_type": 0,
      "game_mode": 23,
      "is_contributor": false,
      "patch": 51,
      "region": 5,
      "isRadiant": false,
      "total_gold": 24533,
      "total_xp": 45257,
      "kills_per_min": 0.3807106598984772,
      "kda": 4,
      "abandons": 0,
      "rank_tier": null,
      "is_subscriber": false,
      "cosmetics": [],
      "benchmarks": {
        "gold_per_min": {
          "raw": 934,
          "pct": 1
        },
        "xp_per_min": {
          "raw": 1723,
          "pct": 1
        },
        "kills_per_min": {
          "raw": 0.38071065989847713,
          "pct": 0.8064516129032258
        },
        "last_hits_per_min": {
          "raw": 2.779187817258883,
          "pct": 0
        },
        "hero_damage_per_min": {
          "raw": 656.725888324873,
          "pct": 0.45161290322580644
        },
        "hero_healing_per_min": {
          "raw": 69.74619289340102,
          "pct": 0.9032258064516129
        },
        "tower_damage": {
          "raw": 3771,
          "pct": 0.25806451612903225
        },
        "stuns_per_min": {
          "raw": 0,
          "pct": 0.3225806451612903
        },
        "lhten": {}
      }
    },
    {
      "player_slot": 131,
      "ability_targets": null,
      "ability_upgrades_arr": [
        5158,
        5159,
        5158,
        5159,
        5158,
        5161,
        5158,
        5159,
        5159,
        5160,
        820,
        5161,
        5160,
        5160,
        5160,
        7110,
        5161,
        350,
        6703,
        1049,
        7111,
        1050,
        6010
      ],
      "ability_uses": null,
      "actions": null,
      "additional_units": null,
      "assists": 19,
      "backpack_0": 0,
      "backpack_1": 0,
      "backpack_2": 0,
      "backpack_3": null,
      "buyback_log": null,
      "camps_stacked": null,
      "connection_log": null,
      "creeps_stacked": null,
      "damage": null,
      "damage_inflictor": null,
      "damage_inflictor_received": null,
      "damage_taken": null,
      "damage_targets": null,
      "deaths": 1,
      "denies": 2,
      "dn_t": null,
      "firstblood_claimed": null,
      "gold": 3398,
      "gold_per_min": 1283,
      "gold_reasons": null,
      "gold_spent": 31200,
      "gold_t": null,
      "hero_damage": 46847,
      "hero_healing": 11151,
      "hero_hits": null,
      "hero_id": 36,
      "item_0": 77,
      "item_1": 114,
      "item_2": 231,
      "item_3": 137,
      "item_4": 273,
      "item_5": 114,
      "item_neutral": 358,
      "item_uses": null,
      "kill_streaks": null,
      "killed": null,
      "killed_by": null,
      "kills": 15,
      "kills_log": null,
      "lane_pos": null,
      "last_hits": 123,
      "leaver_status": 0,
      "level": 30,
      "lh_t": null,
      "life_state": null,
      "max_hero_hit": null,
      "multi_kills": null,
      "net_worth": 33903,
      "obs": null,
      "obs_left_log": null,
      "obs_log": null,
      "obs_placed": null,
      "party_id": 8,
      "party_size": 1,
      "performance_others": null,
      "permanent_buffs": [
        {
          "permanent_buff": 2,
          "stack_count": 0,
          "grant_time": 1429
        },
        {
          "permanent_buff": 14,
          "stack_count": 6,
          "grant_time": 495
        }
      ],
      "pings": null,
      "pred_vict": null,
      "purchase": null,
      "purchase_log": null,
      "randomed": null,
      "repicked": null,
      "roshans_killed": null,
      "rune_pickups": null,
      "runes": null,
      "runes_log": null,
      "sen": null,
      "sen_left_log": null,
      "sen_log": null,
      "sen_placed": null,
      "stuns": null,
      "teamfight_participation": null,
      "times": null,
      "tower_damage": 5225,
      "towers_killed": null,
      "xp_per_min": 1965,
      "xp_reasons": null,
      "xp_t": null,
      "start_time": 1669912343,
      "duration": 1576,
      "cluster": 152,
      "lobby_type": 0,
      "game_mode": 23,
      "is_contributor": false,
      "patch": 51,
      "region": 5,
      "isRadiant": false,
      "total_gold": 33700,
      "total_xp": 51614,
      "kills_per_min": 0.5710659898477157,
      "kda": 17,
      "abandons": 0,
      "rank_tier": null,
      "is_subscriber": false,
      "cosmetics": [],
      "benchmarks": {
        "gold_per_min": {
          "raw": 1283,
          "pct": 1
        },
        "xp_per_min": {
          "raw": 1965,
          "pct": 1
        },
        "kills_per_min": {
          "raw": 0.5710659898477157,
          "pct": 1
        },
        "last_hits_per_min": {
          "raw": 4.682741116751269,
          "pct": 0.3076923076923077
        },
        "hero_damage_per_min": {
          "raw": 1783.515228426396,
          "pct": 1
        },
        "hero_healing_per_min": {
          "raw": 424.5304568527919,
          "pct": 1
        },
        "tower_damage": {
          "raw": 5225,
          "pct": 1
        },
        "stuns_per_min": {
          "raw": 0,
          "pct": 0
        },
        "lhten": {}
      }
    },
    {
      "player_slot": 132,
      "ability_targets": null,
      "ability_upgrades_arr": [
        6341,
        6339,
        6341,
        6342,
        6341,
        8340,
        6341,
        6339,
        6339,
        514,
        6339,
        8340,
        6342,
        6342,
        7655,
        6342,
        8340,
        6464,
        6037,
        515,
        780,
        7859,
        6465
      ],
      "ability_uses": null,
      "actions": null,
      "additional_units": null,
      "assists": 23,
      "backpack_0": 0,
      "backpack_1": 0,
      "backpack_2": 0,
      "backpack_3": null,
      "buyback_log": null,
      "camps_stacked": null,
      "connection_log": null,
      "creeps_stacked": null,
      "damage": null,
      "damage_inflictor": null,
      "damage_inflictor_received": null,
      "damage_taken": null,
      "damage_targets": null,
      "deaths": 2,
      "denies": 7,
      "dn_t": null,
      "firstblood_claimed": null,
      "gold": 9735,
      "gold_per_min": 978,
      "gold_reasons": null,
      "gold_spent": 17075,
      "gold_t": null,
      "hero_damage": 34253,
      "hero_healing": 0,
      "hero_hits": null,
      "hero_id": 119,
      "item_0": 116,
      "item_1": 108,
      "item_2": 247,
      "item_3": 0,
      "item_4": 534,
      "item_5": 29,
      "item_neutral": 837,
      "item_uses": null,
      "kill_streaks": null,
      "killed": null,
      "killed_by": null,
      "kills": 8,
      "kills_log": null,
      "lane_pos": null,
      "last_hits": 63,
      "leaver_status": 0,
      "level": 30,
      "lh_t": null,
      "life_state": null,
      "max_hero_hit": null,
      "multi_kills": null,
      "net_worth": 25085,
      "obs": null,
      "obs_left_log": null,
      "obs_log": null,
      "obs_placed": null,
      "party_id": 9,
      "party_size": 1,
      "performance_others": null,
      "permanent_buffs": [
        {
          "permanent_buff": 6,
          "stack_count": 1,
          "grant_time": 843
        }
      ],
      "pings": null,
      "pred_vict": null,
      "purchase": null,
      "purchase_log": null,
      "randomed": null,
      "repicked": null,
      "roshans_killed": null,
      "rune_pickups": null,
      "runes": null,
      "runes_log": null,
      "sen": null,
      "sen_left_log": null,
      "sen_log": null,
      "sen_placed": null,
      "stuns": null,
      "teamfight_participation": null,
      "times": null,
      "tower_damage": 2689,
      "towers_killed": null,
      "xp_per_min": 1723,
      "xp_reasons": null,
      "xp_t": null,
      "personaname": "마흐디",
      "name": null,
      "last_login": null,
      "start_time": 1669912343,
      "duration": 1576,
      "cluster": 152,
      "lobby_type": 0,
      "game_mode": 23,
      "is_contributor": false,
      "patch": 51,
      "region": 5,
      "isRadiant": false,
      "total_gold": 25688,
      "total_xp": 45257,
      "kills_per_min": 0.30456852791878175,
      "kda": 10,
      "abandons": 0,
      "rank_tier": 15,
      "is_subscriber": false,
      "cosmetics": [],
      "benchmarks": {
        "gold_per_min": {
          "raw": 978,
          "pct": 1
        },
        "xp_per_min": {
          "raw": 1723,
          "pct": 1
        },
        "kills_per_min": {
          "raw": 0.3045685279187817,
          "pct": 0.8695652173913043
        },
        "last_hits_per_min": {
          "raw": 2.3984771573604062,
          "pct": 0.8260869565217391
        },
        "hero_damage_per_min": {
          "raw": 1304.048223350254,
          "pct": 1
        },
        "hero_healing_per_min": {
          "raw": 0,
          "pct": 0.8695652173913043
        },
        "tower_damage": {
          "raw": 2689,
          "pct": 1
        },
        "stuns_per_min": {
          "raw": 0,
          "pct": 0
        },
        "lhten": {}
      }
    }
  ],
  "patch": 51,
  "region": 5
}