{
  "chat": null,
  "cluster": 187,
  "cosmetics": null,
  "dire_score": 30,
  "dire_team_id": null,
  "draft_timings": null,
  "duration": 1701,
  "engine": 1,
  "first_blood_time": 88,
  "game_mode": 23,
  "human_players": 10,
  "leagueid": 0,
  "lobby_type": 0,
  "match_seq_num": 5780342282,
  "negative_votes": 0,
  "objectives": null,
  "picks_bans": null,
  "positive_votes": 0,
  "radiant_gold_adv": null,
  "radiant_score": 33,
  "radiant_team_id": null,
  "radiant_xp_adv": null,
  "skill": null,
  "start_time": 1669912023,
  "teamfights": null,
  "version": null,
  "replay_salt": 865271528,
  "series_id": 0,
  "series_type": 0,
  "players": [
    {
      "player_slot": 0,
      "ability_targets": null,
      "ability_upgrades_arr": [
        5110,
        5111,
        5110,
        641,
        5110,
        641,
        5113,
        5110,
        641,
        641,
        5111,
        5113,
        5111,
        5111,
        1061,
        6157,
        5113,
        611,
        8038,
        5903,
        934,
        6518,
        6501
      ],
      "ability_uses": null,
      "actions": null,
      "additional_units": null,
      "assists": 10,
      "backpack_0": 0,
      "backpack_1": 0,
      "backpack_2": 0,
      "backpack_3": null,
      "buyback_log": null,
      "camps_stacked": null,
      "connection_log": null,
      "creeps_stacked": null,
      "damage": null,
      "damage_inflictor": null,
      "damage_inflictor_received": null,
      "damage_taken": null,
      "damage_targets": null,
      "deaths": 7,
      "denies": 3,
      "dn_t": null,
      "firstblood_claimed": null,
      "gold": 3917,
      "gold_per_min": 1366,
      "gold_reasons": null,
      "gold_spent": 30970,
      "gold_t": null,
      "hero_damage": 72830,
      "hero_healing": 0,
      "hero_hits": null,
      "hero_id": 22,
      "item_0": 110,
      "item_1": 48,
      "item_2": 96,
      "item_3": 235,
      "item_4": 108,
      "item_5": 176,
      "item_neutral": 676,
      "item_uses": null,
      "kill_streaks": null,
      "killed": null,
      "killed_by": null,
      "kills": 12,
      "kills_log": null,
      "lane_pos": null,
      "last_hits": 117,
      "leaver_status": 1,
      "level": 30,
      "lh_t": null,
      "life_state": null,
      "max_hero_hit": null,
      "multi_kills": null,
      "net_worth": 32617,
      "obs": null,
      "obs_left_log": null,
      "obs_log": null,
      "obs_placed": null,
      "party_id": 0,
      "party_size": 1,
      "performance_others": null,
      "permanent_buffs": [
        {
          "permanent_buff": 12,
          "stack_count": 0,
          "grant_time": 988
        }
      ],
      "pings": null,
      "pred_vict": null,
      "purchase": null,
      "purchase_log": null,
      "randomed": null,
      "repicked": null,
      "roshans_killed": null,
      "rune_pickups": null,
      "runes": null,
      "runes_log": null,
      "sen": null,
      "sen_left_log": null,
      "sen_log": null,
      "sen_placed": null,
      "stuns": null,
      "teamfight_participation": null,
      "times": null,
      "tower_damage": 462,
      "towers_killed": null,
      "xp_per_min": 1631,
      "xp_reasons": null,
      "xp_t": null,
      "personaname": "electronic333",
      "name": null,
      "last_login": null,
      "start_time": 1669912023,
      "duration": 1701,
      "cluster": 187,
      "lobby_type": 0,
      "game_mode": 23,
      "is_contributor": false,
      "patch": 51,
      "region": 8,
      "isRadiant": true,
      "total_gold": 38726,
      "total_xp": 46238,
      "kills_per_min": 0.42328042328042326,
      "kda": 2,
      "abandons": 0,
      "rank_tier": 33,
      "is_subscriber": false,
      "cosmetics": [],
      "benchmarks": {
        "gold_per_min": {
          "raw": 1366,
          "pct": 1
        },
        "xp_per_min": {
          "raw": 1631,
          "pct": 1
        },
        "kills_per_min": {
          "raw": 0.42328042328042326,
          "pct": 0.9142857142857143
        },
        "last_hits_per_min": {
          "raw": 4.1269841269841265,
          "pct": 0.37142857142857144
        },
        "hero_damage_per_min": {
          "raw": 2568.9594356261023,
          "pct": 1
        },
        "hero_healing_per_min": {
          "raw": 0,
          "pct": 0.7714285714285715
        },
        "tower_damage": {
          "raw": 462,
          "pct": 0.6
        },
        "stuns_per_min": {
          "raw": 0,
          "pct": 0
        },
        "lhten": {}
      }
    },
    {
      "player_slot": 1,
      "ability_targets": null,
      "ability_upgrades_arr": [
        5130,
        5131,
        5132,
        5131,
        5131,
        5133,
        5131,
        5132,
        5132,
        5132,
        5130,
        5133,
        5130,
        5130,
        7890,
        6992,
        5133,
        7889,
        6413
      ],
      "ability_uses": null,
      "actions": null,
      "additional_units": null,
      "assists": 8,
      "backpack_0": 0,
      "backpack_1": 0,
      "backpack_2": 0,
      "backpack_3": null,
      "buyback_log": null,
      "camps_stacked": null,
      "connection_log": null,
      "creeps_stacked": null,
      "damage": null,
      "damage_inflictor": null,
      "damage_inflictor_received": null,
      "damage_taken": null,
      "damage_targets": null,
      "deaths": 10,
      "denies": 0,
      "dn_t": null,
      "firstblood_claimed": null,
      "gold": 3298,
      "gold_per_min": 514,
      "gold_reasons": null,
      "gold_spent": 12400,
      "gold_t": null,
      "hero_damage": 6857,
      "hero_healing": 0,
      "hero_hits": null,
      "hero_id": 21,
      "item_0": 63,
      "item_1": 41,
      "item_2": 166,
      "item_3": 149,
      "item_4": 48,
      "item_5": 36,
      "item_neutral": 945,
      "item_uses": null,
      "kill_streaks": null,
      "killed": null,
      "killed_by": null,
      "kills": 1,
      "kills_log": null,
      "lane_pos": null,
      "last_hits": 39,
      "leaver_status": 0,
      "level": 25,
      "lh_t": null,
      "life_state": null,
      "max_hero_hit": null,
      "multi_kills": null,
      "net_worth": 14473,
      "obs": null,
      "obs_left_log": null,
      "obs_log": null,
      "obs_placed": null,
      "party_id": 1,
      "party_size": 1,
      "performance_others": null,
      "permanent_buffs": [
        {
          "permanent_buff": 6,
          "stack_count": 1,
          "grant_time": 1101
        },
        {
          "permanent_buff": 12,
          "stack_count": 0,
          "grant_time": 1471
        }
      ],
      "pings": null,
      "pred_vict": null,
      "purchase": null,
      "purchase_log": null,
      "randomed": null,
      "repicked": null,
      "roshans_killed": null,
      "rune_pickups": null,
      "runes": null,
      "runes_log": null,
      "sen": null,
      "sen_left_log": null,
      "sen_log": null,
      "sen_placed": null,
      "stuns": null,
      "teamfight_participation": null,
      "times": null,
      "tower_damage": 60,
      "towers_killed": null,
      "xp_per_min": 1273,
      "xp_reasons": null,
      "xp_t": null,
      "start_time": 1669912023,
      "duration": 1701,
      "cluster": 187,
      "lobby_type": 0,
      "game_mode": 23,
      "is_contributor": false,
      "patch": 51,
      "region": 8,
      "isRadiant": true,
      "total_gold": 14571,
      "total_xp": 36089,
      "kills_per_min": 0.03527336860670194,
      "kda": 0,
      "abandons": 0,
      "rank_tier": null,
      "is_subscriber": false,
      "cosmetics": [],
      "benchmarks": {
        "gold_per_min": {
          "raw": 514,
          "pct": 0.625
        },
        "xp_per_min": {
          "raw": 1273,
          "pct": 1
        },
        "kills_per_min": {
          "raw": 0.03527336860670194,
          "pct": 0
        },
        "last_hits_per_min": {
          "raw": 1.3756613756613756,
          "pct": 0.125
        },
        "hero_damage_per_min": {
          "raw": 241.86948853615522,
          "pct": 0.025
        },
        "hero_healing_per_min": {
          "raw": 0,
          "pct": 0.825
        },
        "tower_damage": {
          "raw": 60,
          "pct": 0.15
        },
        "stuns_per_min": {
          "raw": 0,
          "pct": 0
        },
        "lhten": {}
      }
    },
    {
      "player_slot": 2,
      "ability_targets": null,
      "ability_upgrades_arr": [
        5048,
        5050,
        5051,
        5051,
        5051,
        5049,
        5051,
        5048,
        5048,
        5048,
        6397,
        5049,
        5050,
        5050,
        702,
        5050,
        5049,
        6692,
        6242,
        817,
        6013
      ],
      "ability_uses": null,
      "actions": null,
      "additional_units": null,
      "assists": 17,
      "backpack_0": 0,
      "backpack_1": 0,
      "backpack_2": 0,
      "backpack_3": null,
      "buyback_log": null,
      "camps_stacked": null,
      "connection_log": null,
      "creeps_stacked": null,
      "damage": null,
      "damage_inflictor": null,
      "damage_inflictor_received": null,
      "damage_taken": null,
      "damage_targets": null,
      "deaths": 2,
      "denies": 4,
      "dn_t": null,
      "firstblood_claimed": null,
      "gold": 2550,
      "gold_per_min": 834,
      "gold_reasons": null,
      "gold_spent": 21700,
      "gold_t": null,
      "hero_damage": 16494,
      "hero_healing": 0,
      "hero_hits": null,
      "hero_id": 9,
      "item_0": 610,
      "item_1": 267,
      "item_2": 50,
      "item_3": 114,
      "item_4": 218,
      "item_5": 210,
      "item_neutral": 290,
      "item_uses": null,
      "kill_streaks": null,
      "killed": null,
      "killed_by": null,
      "kills": 4,
      "kills_log": null,
      "lane_pos": null,
      "last_hits": 34,
      "leaver_status": 0,
      "level": 28,
      "lh_t": null,
      "life_state": null,
      "max_hero_hit": null,
      "multi_kills": null,
      "net_worth": 22455,
      "obs": null,
      "obs_left_log": null,
      "obs_log": null,
      "obs_placed": null,
      "party_id": 2,
      "party_size": 1,
      "performance_others": null,
      "permanent_buffs": [
        {
          "permanent_buff": 6,
          "stack_count": 1,
          "grant_time": 1483
        }
      ],
      "pings": null,
      "pred_vict": null,
      "purchase": null,
      "purchase_log": null,
      "randomed": null,
      "repicked": null,
      "roshans_killed": null,
      "rune_pickups": null,
      "runes": null,
      "runes_log": null,
      "sen": null,
      "sen_left_log": null,
      "sen_log": null,
      "sen_placed": null,
      "stuns": null,
      "teamfight_participation": null,
      "times": null,
      "tower_damage": 76,
      "towers_killed": null,
      "xp_per_min": 1599,
      "xp_reasons": null,
      "xp_t": null,
      "start_time": 1669912023,
      "duration": 1701,
      "cluster": 187,
      "lobby_type": 0,
      "game_mode": 23,
      "is_contributor": false,
      "patch": 51,
      "region": 8,
      "isRadiant": true,
      "total_gold": 23643,
      "total_xp": 45331,
      "kills_per_min": 0.14109347442680775,
      "kda": 7,
      "abandons": 0,
      "rank_tier": null,
      "is_subscriber": false,
      "cosmetics": [],
      "benchmarks": {
        "gold_per_min": {
          "raw": 834,
          "pct": 1
        },
        "xp_per_min": {
          "raw": 1599,
          "pct": 1
        },
        "kills_per_min": {
          "raw": 0.14109347442680775,
          "pct": 0.6545454545454545
        },
        "last_hits_per_min": {
          "raw": 1.1992945326278661,
          "pct": 0.18181818181818182
        },
        "hero_damage_per_min": {
          "raw": 581.7989417989419,
          "pct": 0.8545454545454545
        },
        "hero_healing_per_min": {
          "raw": 0,
          "pct": 0.4909090909090909
        },
        "tower_damage": {
          "raw": 76,
          "pct": 0.14545454545454545
        },
        "stuns_per_min": {
          "raw": 0,
          "pct": 0
        },
        "lhten": {}
      }
    },
    {
      "player_slot": 3,
      "ability_targets": null,
      "ability_upgrades_arr": [
        5028,
        5027,
        5028,
        5029,
        5028,
        5030,
        5028,
        5027,
        5027,
        5921,
        5027,
        5030,
        5029,
        5029,
        7394,
        5029,
        5030,
        7021,
        1013,
        6105
      ],
      "ability_uses": null,
      "actions": null,
      "additional_units": null,
      "assists": 11,
      "backpack_0": 0,
      "backpack_1": 0,
      "backpack_2": 0,
      "backpack_3": null,
      "buyback_log": null,
      "camps_stacked": null,
      "connection_log": null,
      "creeps_stacked": null,
      "damage": null,
      "damage_inflictor": null,
      "damage_inflictor_received": null,
      "damage_taken": null,
      "damage_targets": null,
      "deaths": 8,
      "denies": 3,
      "dn_t": null,
      "firstblood_claimed": null,
      "gold": 4789,
      "gold_per_min": 1099,
      "gold_reasons": null,
      "gold_spent": 27275,
      "gold_t": null,
      "hero_damage": 31679,
      "hero_healing": 3714,
      "hero_hits": null,
      "hero_id": 8,
      "item_0": 147,
      "item_1": 116,
      "item_2": 0,
      "item_3": 145,
      "item_4": 50,
      "item_5": 139,
      "item_neutral": 355,
      "item_uses": null,
      "kill_streaks": null,
      "killed": null,
      "killed_by": null,
      "kills": 9,
      "kills_log": null,
      "lane_pos": null,
      "last_hits": 126,
      "leaver_status": 0,
      "level": 27,
      "lh_t": null,
      "life_state": null,
      "max_hero_hit": null,
      "multi_kills": null,
      "net_worth": 31214,
      "obs": null,
      "obs_left_log": null,
      "obs_log": null,
      "obs_placed": null,
      "party_id": 3,
      "party_size": 1,
      "performance_others": null,
      "permanent_buffs": [
        {
          "permanent_buff": 2,
          "stack_count": 0,
          "grant_time": 1707
        },
        {
          "permanent_buff": 12,
          "stack_count": 0,
          "grant_time": 894
        }
      ],
      "pings": null,
      "pred_vict": null,
      "purchase": null,
      "purchase_log": null,
      "randomed": null,
      "repicked": null,
      "roshans_killed": null,
      "rune_pickups": null,
      "runes": null,
      "runes_log": null,
      "sen": null,
      "sen_left_log": null,
      "sen_log": null,
      "sen_placed": null,
      "stuns": null,
      "teamfight_participation": null,
      "times": null,
      "tower_damage": 3118,
      "towers_killed": null,
      "xp_per_min": 1599,
      "xp_reasons": null,
      "xp_t": null,
      "personaname": "t0star",
      "name": null,
      "last_login": null,
      "start_time": 1669912023,
      "duration": 1701,
      "cluster": 187,
      "lobby_type": 0,
      "game_mode": 23,
      "is_contributor": false,
      "patch": 51,
      "region": 8,
      "isRadiant": true,
      "total_gold": 31156,
      "total_xp": 45331,
      "kills_per_min": 0.31746031746031744,
      "kda": 2,
      "abandons": 0,
      "rank_tier": 33,
      "is_subscriber": false,
      "cosmetics": [],
      "benchmarks": {
        "gold_per_min": {
          "raw": 1099,
          "pct": 1
        },
        "xp_per_min": {
          "raw": 1599,
          "pct": 1
        },
        "kills_per_min": {
          "raw": 0.31746031746031744,
          "pct": 0.6666666666666666
        },
        "last_hits_per_min": {
          "raw": 4.444444444444445,
          "pct": 0
        },
        "hero_damage_per_min": {
          "raw": 1117.4250440917108,
          "pct": 0.7878787878787878
        },
        "hero_healing_per_min": {
          "raw": 131.005291005291,
          "pct": 0.5151515151515151
        },
        "tower_damage": {
          "raw": 3118,
          "pct": 0.3333333333333333
        },
        "stuns_per_min": {
          "raw": 0,
          "pct": 0.3333333333333333
        },
        "lhten": {}
      }
    },
    {
      "player_slot": 4,
      "ability_targets": null,
      "ability_upgrades_arr": [
        5127,
        5126,
        5127,
        5128,
        5127,
        5129,
        5127,
        5128,
        5128,
        5128,
        5126,
        5129,
        5126,
        5126,
        772,
        956,
        5129,
        6622,
        6234,
        5903
      ],
      "ability_uses": null,
      "actions": null,
      "additional_units": null,
      "assists": 11,
      "backpack_0": 0,
      "backpack_1": 0,
      "backpack_2": 0,
      "backpack_3": null,
      "buyback_log": null,
      "camps_stacked": null,
      "connection_log": null,
      "creeps_stacked": null,
      "damage": null,
      "damage_inflictor": null,
      "damage_inflictor_received": null,
      "damage_taken": null,
      "damage_targets": null,
      "deaths": 3,
      "denies": 0,
      "dn_t": null,
      "firstblood_claimed": null,
      "gold": 2549,
      "gold_per_min": 874,
      "gold_reasons": null,
      "gold_spent": 22815,
      "gold_t": null,
      "hero_damage": 30669,
      "hero_healing": 0,
      "hero_hits": null,
      "hero_id": 5,
      "item_0": 1,
      "item_1": 250,
      "item_2": 254,
      "item_3": 116,
      "item_4": 168,
      "item_5": 180,
      "item_neutral": 376,
      "item_uses": null,
      "kill_streaks": null,
      "killed": null,
      "killed_by": null,
      "kills": 6,
      "kills_log": null,
      "lane_pos": null,
      "last_hits": 90,
      "leaver_status": 0,
      "level": 27,
      "lh_t": null,
      "life_state": null,
      "max_hero_hit": null,
      "multi_kills": null,
      "net_worth": 23799,
      "obs": null,
      "obs_left_log": null,
      "obs_log": null,
      "obs_placed": null,
      "party_id": 4,
      "party_size": 1,
      "performance_others": null,
      "permanent_buffs": [
        {
          "permanent_buff": 12,
          "stack_count": 0,
          "grant_time": 898
        }
      ],
      "pings": null,
      "pred_vict": null,
      "purchase": null,
      "purchase_log": null,
      "randomed": null,
      "repicked": null,
      "roshans_killed": null,
      "rune_pickups": null,
      "runes": null,
      "runes_log": null,
      "sen": null,
      "sen_left_log": null,
      "sen_log": null,
      "sen_placed": null,
      "stuns": null,
      "teamfight_participation": null,
      "times": null,
      "tower_damage": 751,
      "towers_killed": null,
      "xp_per_min": 1716,
      "xp_reasons": null,
      "xp_t": null,
      "start_time": 1669912023,
      "duration": 1701,
      "cluster": 187,
      "lobby_type": 0,
      "game_mode": 23,
      "is_contributor": false,
      "patch": 51,
      "region": 8,
      "isRadiant": true,
      "total_gold": 24777,
      "total_xp": 48648,
      "kills_per_min": 0.21164021164021163,
      "kda": 4,
      "abandons": 0,
      "rank_tier": null,
      "is_subscriber": false,
      "cosmetics": [],
      "benchmarks": {
        "gold_per_min": {
          "raw": 874,
          "pct": 1
        },
        "xp_per_min": {
          "raw": 1716,
          "pct": 1
        },
        "kills_per_min": {
          "raw": 0.21164021164021163,
          "pct": 0.9
        },
        "last_hits_per_min": {
          "raw": 3.1746031746031744,
          "pct": 1
        },
        "hero_damage_per_min": {
          "raw": 1081.7989417989418,
          "pct": 1
        },
        "hero_healing_per_min": {
          "raw": 0,
          "pct": 0.875
        },
        "tower_damage": {
          "raw": 751,
          "pct": 0.875
        },
        "stuns_per_min": {
          "raw": 0,
          "pct": 0.025
        },
        "lhten": {}
      }
    },
    {
      "player_slot": 128,
      "ability_targets": null,
      "ability_upgrades_arr": [
        5158,
        5159,
        5158,
        5160,
        5158,
        5161,
        5158,
        5159,
        5159,
        5159,
        1049,
        5161,
        5160,
        5160,
        7111,
        5160,
        5161,
        350,
        6703,
        820,
        7110
      ],
      "ability_uses": null,
      "actions": null,
      "additional_units": null,
      "assists": 8,
      "backpack_0": 0,
      "backpack_1": 0,
      "backpack_2": 0,
      "backpack_3": null,
      "buyback_log": null,
      "camps_stacked": null,
      "connection_log": null,
      "creeps_stacked": null,
      "damage": null,
      "damage_inflictor": null,
      "damage_inflictor_received": null,
      "damage_taken": null,
      "damage_targets": null,
      "deaths": 5,
      "denies": 0,
      "dn_t": null,
      "firstblood_claimed": null,
      "gold": 9345,
      "gold_per_min": 939,
      "gold_reasons": null,
      "gold_spent": 18445,
      "gold_t": null,
      "hero_damage": 8863,
      "hero_healing": 2894,
      "hero_hits": null,
      "hero_id": 36,
      "item_0": 116,
      "item_1": 108,
      "item_2": 53,
      "item_3": 29,
      "item_4": 218,
      "item_5": 137,
      "item_neutral": 680,
      "item_uses": null,
      "kill_streaks": null,
      "killed": null,
      "killed_by": null,
      "kills": 7,
      "kills_log": null,
      "lane_pos": null,
      "last_hits": 47,
      "leaver_status": 0,
      "level": 28,
      "lh_t": null,
      "life_state": null,
      "max_hero_hit": null,
      "multi_kills": null,
      "net_worth": 26095,
      "obs": null,
      "obs_left_log": null,
      "obs_log": null,
      "obs_placed": null,
      "party_id": 5,
      "party_size": 1,
      "performance_others": null,
      "permanent_buffs": [
        {
          "permanent_buff": 14,
          "stack_count": 6,
          "grant_time": 887
        }
      ],
      "pings": null,
      "pred_vict": null,
      "purchase": null,
      "purchase_log": null,
      "randomed": null,
      "repicked": null,
      "roshans_killed": null,
      "rune_pickups": null,
      "runes": null,
      "runes_log": null,
      "sen": null,
      "sen_left_log": null,
      "sen_log": null,
      "sen_placed": null,
      "stuns": null,
      "teamfight_participation": null,
      "times": null,
      "tower_damage": 677,
      "towers_killed": null,
      "xp_per_min": 1341,
      "xp_reasons": null,
      "xp_t": null,
      "personaname": "Light_Force",
      "name": null,
      "last_login": null,
      "start_time": 1669912023,
      "duration": 1701,
      "cluster": 187,
      "lobby_type": 0,
      "game_mode": 23,
      "is_contributor": false,
      "patch": 51,
      "region": 8,
      "isRadiant": false,
      "total_gold": 26620,
      "total_xp": 38017,
      "kills_per_min": 0.24691358024691357,
      "kda": 2,
      "abandons": 0,
      "rank_tier": 34,
      "is_subscriber": false,
      "cosmetics": [],
      "benchmarks": {
        "gold_per_min": {
          "raw": 939,
          "pct": 1
        },
        "xp_per_min": {
          "raw": 1341,
          "pct": 1
        },
        "kills_per_min": {
          "raw": 0.2469135802469136,
          "pct": 0.5384615384615384
        },
        "last_hits_per_min": {
          "raw": 1.657848324514991,
          "pct": 0
        },
        "hero_damage_per_min": {
          "raw": 312.6278659611993,
          "pct": 0
        },
        "hero_healing_per_min": {
          "raw": 102.08112874779542,
          "pct": 0.34615384615384615
        },
        "tower_damage": {
          "raw": 677,
          "pct": 0.34615384615384615
        },
        "stuns_per_min": {
          "raw": 0,
          "pct": 0
        },
        "lhten": {}
      }
    },
    {
      "player_slot": 129,
      "ability_targets": null,
      "ability_upgrades_arr": [
        5247,
        5245,
        5247,
        5246,
        5247,
        5248,
        5247,
        5246,
        5246,
        5246,
        470,
        5248,
        5245,
        5245,
        6500,
        5245,
        5248,
        6702,
        6084,
        926
      ],
      "ability_uses": null,
      "actions": null,
      "additional_units": null,
      "assists": 12,
      "backpack_0": 356,
      "backpack_1": 216,
      "backpack_2": 39,
      "backpack_3": null,
      "buyback_log": null,
      "camps_stacked": null,
      "connection_log": null,
      "creeps_stacked": null,
      "damage": null,
      "damage_inflictor": null,
      "damage_inflictor_received": null,
      "damage_taken": null,
      "damage_targets": null,
      "deaths": 9,
      "denies": 3,
      "dn_t": null,
      "firstblood_claimed": null,
      "gold": 5568,
      "gold_per_min": 1188,
      "gold_reasons": null,
      "gold_spent": 29570,
      "gold_t": null,
      "hero_damage": 11278,
      "hero_healing": 0,
      "hero_hits": null,
      "hero_id": 53,
      "item_0": 108,
      "item_1": 116,
      "item_2": 96,
      "item_3": 236,
      "item_4": 112,
      "item_5": 168,
      "item_neutral": 288,
      "item_uses": null,
      "kill_streaks": null,
      "killed": null,
      "killed_by": null,
      "kills": 2,
      "kills_log": null,
      "lane_pos": null,
      "last_hits": 178,
      "leaver_status": 0,
      "level": 27,
      "lh_t": null,
      "life_state": null,
      "max_hero_hit": null,
      "multi_kills": null,
      "net_worth": 33118,
      "obs": null,
      "obs_left_log": null,
      "obs_log": null,
      "obs_placed": null,
      "party_id": 6,
      "party_size": 1,
      "performance_others": null,
      "permanent_buffs": [
        {
          "permanent_buff": 12,
          "stack_count": 0,
          "grant_time": 1215
        }
      ],
      "pings": null,
      "pred_vict": null,
      "purchase": null,
      "purchase_log": null,
      "randomed": null,
      "repicked": null,
      "roshans_killed": null,
      "rune_pickups": null,
      "runes": null,
      "runes_log": null,
      "sen": null,
      "sen_left_log": null,
      "sen_log": null,
      "sen_placed": null,
      "stuns": null,
      "teamfight_participation": null,
      "times": null,
      "tower_damage": 11429,
      "towers_killed": null,
      "xp_per_min": 1340,
      "xp_reasons": null,
      "xp_t": null,
      "personaname": "БК ЛЕОН БК",
      "name": null,
      "last_login": null,
      "start_time": 1669912023,
      "duration": 1701,
      "cluster": 187,
      "lobby_type": 0,
      "game_mode": 23,
      "is_contributor": false,
      "patch": 51,
      "region": 8,
      "isRadiant": false,
      "total_gold": 33679,
      "total_xp": 37989,
      "kills_per_min": 0.07054673721340388,
      "kda": 1,
      "abandons": 0,
      "rank_tier": 32,
      "is_subscriber": false,
      "cosmetics": [],
      "benchmarks": {
        "gold_per_min": {
          "raw": 1188,
          "pct": 1
        },
        "xp_per_min": {
          "raw": 1340,
          "pct": 1
        },
        "kills_per_min": {
          "raw": 0.07054673721340388,
          "pct": 0.19047619047619047
        },
        "last_hits_per_min": {
          "raw": 6.278659611992945,
          "pct": 0.14285714285714285
        },
        "hero_damage_per_min": {
          "raw": 397.81305114638445,
          "pct": 0.11904761904761904
        },
        "hero_healing_per_min": {
          "raw": 0,
          "pct": 0.9761904761904762
        },
        "tower_damage": {
          "raw": 11429,
          "pct": 0.7619047619047619
        },
        "stuns_per_min": {
          "raw": 0,
          "pct": 0.30952380952380953
        },
        "lhten": {}
      }
    },
    {
      "player_slot": 130,
      "ability_targets": null,
      "ability_upgrades_arr": [
        5391,
        5684,
        5392,
        5392,
        5392,
        5394,
        5392,
        5684,
        5391,
        5391,
        5391,
        5394,
        5684,
        5906,
        957,
        5684,
        5394,
        6080,
        6241,
        5959,
        6141,
        7375,
        750
      ],
      "ability_uses": null,
      "actions": null,
      "additional_units": null,
      "assists": 14,
      "backpack_0": 0,
      "backpack_1": 0,
      "backpack_2": 0,
      "backpack_3": null,
      "buyback_log": null,
      "camps_stacked": null,
      "connection_log": null,
      "creeps_stacked": null,
      "damage": null,
      "damage_inflictor": null,
      "damage_inflictor_received": null,
      "damage_taken": null,
      "damage_targets": null,
      "deaths": 11,
      "denies": 3,
      "dn_t": null,
      "firstblood_claimed": null,
      "gold": 2466,
      "gold_per_min": 1185,
      "gold_reasons": null,
      "gold_spent": 31740,
      "gold_t": null,
      "hero_damage": 33896,
      "hero_healing": 0,
      "hero_hits": null,
      "hero_id": 76,
      "item_0": 534,
      "item_1": 48,
      "item_2": 235,
      "item_3": 600,
      "item_4": 116,
      "item_5": 263,
      "item_neutral": 585,
      "item_uses": null,
      "kill_streaks": null,
      "killed": null,
      "killed_by": null,
      "kills": 9,
      "kills_log": null,
      "lane_pos": null,
      "last_hits": 73,
      "leaver_status": 0,
      "level": 30,
      "lh_t": null,
      "life_state": null,
      "max_hero_hit": null,
      "multi_kills": null,
      "net_worth": 33941,
      "obs": null,
      "obs_left_log": null,
      "obs_log": null,
      "obs_placed": null,
      "party_id": 7,
      "party_size": 1,
      "performance_others": null,
      "permanent_buffs": [
        {
          "permanent_buff": 2,
          "stack_count": 0,
          "grant_time": 1775
        },
        {
          "permanent_buff": 6,
          "stack_count": 1,
          "grant_time": 826
        }
      ],
      "pings": null,
      "pred_vict": null,
      "purchase": null,
      "purchase_log": null,
      "randomed": null,
      "repicked": null,
      "roshans_killed": null,
      "rune_pickups": null,
      "runes": null,
      "runes_log": null,
      "sen": null,
      "sen_left_log": null,
      "sen_log": null,
      "sen_placed": null,
      "stuns": null,
      "teamfight_participation": null,
      "times": null,
      "tower_damage": 2827,
      "towers_killed": null,
      "xp_per_min": 1678,
      "xp_reasons": null,
      "xp_t": null,
      "personaname": "kavkazskiy ZORO",
      "name": null,
      "last_login": null,
      "start_time": 1669912023,
      "duration": 1701,
      "cluster": 187,
      "lobby_type": 0,
      "game_mode": 23,
      "is_contributor": false,
      "patch": 51,
      "region": 8,
      "isRadiant": false,
      "total_gold": 33594,
      "total_xp": 47571,
      "kills_per_min": 0.31746031746031744,
      "kda": 1,
      "abandons": 0,
      "rank_tier": 23,
      "is_subscriber": false,
      "cosmetics": [],
      "benchmarks": {
        "gold_per_min": {
          "raw": 1185,
          "pct": 1
        },
        "xp_per_min": {
          "raw": 1678,
          "pct": 1
        },
        "kills_per_min": {
          "raw": 0.31746031746031744,
          "pct": 0.8064516129032258
        },
        "last_hits_per_min": {
          "raw": 2.5749559082892417,
          "pct": 0.06451612903225806
        },
        "hero_damage_per_min": {
          "raw": 1195.626102292769,
          "pct": 0.9354838709677419
        },
        "hero_healing_per_min": {
          "raw": 0,
          "pct": 1
        },
        "tower_damage": {
          "raw": 2827,
          "pct": 0.6451612903225806
        },
        "stuns_per_min": {
          "raw": 0,
          "pct": 0.03225806451612903
        },
        "lhten": {}
      }
    },
    {
      "player_slot": 131,
      "ability_targets": null,
      "ability_upgrades_arr": [
        5509,
        5511,
        5511,
        5508,
        5511,
        5512,
        5511,
        5508,
        5508,
        6958,
        5508,
        5512,
        5510,
        5510,
        492,
        5510,
        5512,
        1011,
        988,
        1010,
        6959,
        6154,
        6960
      ],
      "ability_uses": null,
      "actions": null,
      "additional_units": null,
      "assists": 6,
      "backpack_0": 0,
      "backpack_1": 0,
      "backpack_2": 0,
      "backpack_3": null,
      "buyback_log": null,
      "camps_stacked": null,
      "connection_log": null,
      "creeps_stacked": null,
      "damage": null,
      "damage_inflictor": null,
      "damage_inflictor_received": null,
      "damage_taken": null,
      "damage_targets": null,
      "deaths": 5,
      "denies": 3,
      "dn_t": null,
      "firstblood_claimed": null,
      "gold": 4857,
      "gold_per_min": 1253,
      "gold_reasons": null,
      "gold_spent": 25605,
      "gold_t": null,
      "hero_damage": 21829,
      "hero_healing": 0,
      "hero_hits": null,
      "hero_id": 95,
      "item_0": 174,
      "item_1": 249,
      "item_2": 48,
      "item_3": 123,
      "item_4": 135,
      "item_5": 26,
      "item_neutral": 362,
      "item_uses": null,
      "kill_streaks": null,
      "killed": null,
      "killed_by": null,
      "kills": 7,
      "kills_log": null,
      "lane_pos": null,
      "last_hits": 145,
      "leaver_status": 0,
      "level": 30,
      "lh_t": null,
      "life_state": null,
      "max_hero_hit": null,
      "multi_kills": null,
      "net_worth": 31182,
      "obs": null,
      "obs_left_log": null,
      "obs_log": null,
      "obs_placed": null,
      "party_id": 8,
      "party_size": 1,
      "performance_others": null,
      "permanent_buffs": [
        {
          "permanent_buff": 1,
          "stack_count": 0,
          "grant_time": 1572
        },
        {
          "permanent_buff": 6,
          "stack_count": 1,
          "grant_time": 1630
        },
        {
          "permanent_buff": 12,
          "stack_count": 0,
          "grant_time": 1614
        }
      ],
      "pings": null,
      "pred_vict": null,
      "purchase": null,
      "purchase_log": null,
      "randomed": null,
      "repicked": null,
      "roshans_killed": null,
      "rune_pickups": null,
      "runes": null,
      "runes_log": null,
      "sen": null,
      "sen_left_log": null,
      "sen_log": null,
      "sen_placed": null,
      "stuns": null,
      "teamfight_participation": null,
      "times": null,
      "tower_damage": 10115,
      "towers_killed": null,
      "xp_per_min": 1728,
      "xp_reasons": null,
      "xp_t": null,
      "start_time": 1669912023,
      "duration": 1701,
      "cluster": 187,
      "lobby_type": 0,
      "game_mode": 23,
      "is_contributor": false,
      "patch": 51,
      "region": 8,
      "isRadiant": false,
      "total_gold": 35522,
      "total_xp": 48988,
      "kills_per_min": 0.24691358024691357,
      "kda": 2,
      "abandons": 0,
      "rank_tier": null,
      "is_subscriber": false,
      "cosmetics": [],
      "benchmarks": {
        "gold_per_min": {
          "raw": 1253,
          "pct": 1
        },
        "xp_per_min": {
          "raw": 1728,
          "pct": 1
        },
        "kills_per_min": {
          "raw": 0.2469135802469136,
          "pct": 0.375
        },
        "last_hits_per_min": {
          "raw": 5.114638447971782,
          "pct": 0
        },
        "hero_damage_per_min": {
          "raw": 769.9823633156966,
          "pct": 0.5
        },
        "hero_healing_per_min": {
          "raw": 0,
          "pct": 1
        },
        "tower_damage": {
          "raw": 10115,
          "pct": 0.5625
        },
        "stuns_per_min": {
          "raw": 0,
          "pct": 0
        },
        "lhten": {}
      }
    },
    {
      "player_slot": 132,
      "ability_targets": null,
      "ability_upgrades_arr": [
        5679,
        5677,
        5677,
        5679,
        5679,
        5683,
        5679,
        5677,
        5677,
        5678,
        5678,
        5683,
        7120,
        5678,
        7105,
        5678,
        5683,
        6287,
        975
      ],
      "ability_uses": null,
      "actions": null,
      "additional_units": [
        {
          "unitname": "",
          "item_0": 1466,
          "item_1": 96,
          "item_2": 1,
          "item_3": 220,
          "item_4": 65,
          "item_5": 235,
          "backpack_0": 0,
          "backpack_1": 0,
          "backpack_2": 0,
          "item_neutral": 0
        }
      ],
      "assists": 10,
      "backpack_0": 0,
      "backpack_1": 0,
      "backpack_2": 0,
      "backpack_3": null,
      "buyback_log": null,
      "camps_stacked": null,
      "connection_log": null,
      "creeps_stacked": null,
      "damage": null,
      "damage_inflictor": null,
      "damage_inflictor_received": null,
      "damage_taken": null,
      "damage_targets": null,
      "deaths": 3,
      "denies": 6,
      "dn_t": null,
      "firstblood_claimed": null,
      "gold": 4955,
      "gold_per_min": 1294,
      "gold_reasons": null,
      "gold_spent": 32890,
      "gold_t": null,
      "hero_damage": 28790,
      "hero_healing": 0,
      "hero_hits": null,
      "hero_id": 113,
      "item_0": 1466,
      "item_1": 96,
      "item_2": 1,
      "item_3": 220,
      "item_4": 65,
      "item_5": 235,
      "item_neutral": 311,
      "item_uses": null,
      "kill_streaks": null,
      "killed": null,
      "killed_by": null,
      "kills": 5,
      "kills_log": null,
      "lane_pos": null,
      "last_hits": 114,
      "leaver_status": 0,
      "level": 26,
      "lh_t": null,
      "life_state": null,
      "max_hero_hit": null,
      "multi_kills": null,
      "net_worth": 36805,
      "obs": null,
      "obs_left_log": null,
      "obs_log": null,
      "obs_placed": null,
      "party_id": 9,
      "party_size": 1,
      "performance_others": null,
      "permanent_buffs": [
        {
          "permanent_buff": 2,
          "stack_count": 0,
          "grant_time": 1671
        }
      ],
      "pings": null,
      "pred_vict": null,
      "purchase": null,
      "purchase_log": null,
      "randomed": null,
      "repicked": null,
      "roshans_killed": null,
      "rune_pickups": null,
      "runes": null,
      "runes_log": null,
      "sen": null,
      "sen_left_log": null,
      "sen_log": null,
      "sen_placed": null,
      "stuns": null,
      "teamfight_participation": null,
      "times": null,
      "tower_damage": 1713,
      "towers_killed": null,
      "xp_per_min": 1397,
      "xp_reasons": null,
      "xp_t": null,
      "start_time": 1669912023,
      "duration": 1701,
      "cluster": 187,
      "lobby_type": 0,
      "game_mode": 23,
      "is_contributor": false,
      "patch": 51,
      "region": 8,
      "isRadiant": false,
      "total_gold": 36684,
      "total_xp": 39604,
      "kills_per_min": 0.1763668430335097,
      "kda": 3,
      "abandons": 0,
      "rank_tier": null,
      "is_subscriber": false,
      "cosmetics": [],
      "benchmarks": {
        "gold_per_min": {
          "raw": 1294,
          "pct": 1
        },
        "xp_per_min": {
          "raw": 1397,
          "pct": 1
        },
        "kills_per_min": {
          "raw": 0.17636684303350972,
          "pct": 0.25
        },
        "last_hits_per_min": {
          "raw": 4.0211640211640205,
          "pct": 0
        },
        "hero_damage_per_min": {
          "raw": 1015.5202821869489,
          "pct": 0.25
        },
        "hero_healing_per_min": {
          "raw": 0,
          "pct": 1
        },
        "tower_damage": {
          "raw": 1713,
          "pct": 0
        },
        "stuns_per_min": {
          "raw": 0,
          "pct": 0
        },
        "lhten": {}
      }
    }
  ],
  "patch": 51,
  "region": 8
}