{
  "chat": null,
  "cluster": 188,
  "cosmetics": null,
  "dire_score": 47,
  "dire_team_id": null,
  "draft_timings": null,
  "duration": 2425,
  "engine": 1,
  "first_blood_time": 89,
  "game_mode": 22,
  "human_players": 10,
  "leagueid": 0,
  "lobby_type": 7,
  "match_seq_num": 5780376581,
  "negative_votes": 0,
  "objectives": null,
  "picks_bans": [
    {
      "is_pick": true,
      "hero_id": 105,
      "team": 0,
      "order": 0
    },
    {
      "is_pick": true,
      "hero_id": 123,
      "team": 1,
      "order": 1
    },
    {
      "is_pick": true,
      "hero_id": 11,
      "team": 0,
      "order": 2
    },
    {
      "is_pick": true,
      "hero_id": 84,
      "team": 1,
      "order": 3
    },
    {
      "is_pick": true,
      "hero_id": 6,
      "team": 0,
      "order": 4
    },
    {
      "is_pick": true,
      "hero_id": 88,
      "team": 1,
      "order": 5
    },
    {
      "is_pick": true,
      "hero_id": 26,
      "team": 0,
      "order": 6
    },
    {
      "is_pick": true,
      "hero_id": 22,
      "team": 1,
      "order": 7
    },
    {
      "is_pick": true,
      "hero_id": 85,
      "team": 0,
      "order": 8
    },
    {
      "is_pick": true,
      "hero_id": 42,
      "team": 1,
      "order": 9
    },
    {
      "is_pick": false,
      "hero_id": 71,
      "team": 0,
      "order": 10
    },
    {
      "is_pick": false,
      "hero_id": 35,
      "team": 0,
      "order": 11
    },
    {
      "is_pick": false,
      "hero_id": 113,
      "team": 0,
      "order": 12
    },
    {
      "is_pick": false,
      "hero_id": 34,
      "team": 0,
      "order": 13
    }
  ],
  "positive_votes": 0,
  "radiant_gold_adv": null,
  "radiant_score": 38,
  "radiant_team_id": null,
  "radiant_xp_adv": null,
  "skill": null,
  "start_time": 1669912604,
  "teamfights": null,
  "version": null,
  "replay_salt": 598597237,
  "series_id": 0,
  "series_type": 0,
  "players": [
    {
      "player_slot": 0,
      "ability_targets": null,
      "ability_upgrades_arr": [
        879,
        5601,
        5601,
        879,
        5601,
        5599,
        5601,
        879,
        879,
        6997,
        886,
        5599,
        886,
        886,
        6282,
        886,
        5599,
        412
      ],
      "ability_uses": null,
      "actions": null,
      "additional_units": null,
      "assists": 5,
      "backpack_0": 40,
      "backpack_1": 0,
      "backpack_2": 57,
      "backpack_3": null,
      "buyback_log": null,
      "camps_stacked": null,
      "connection_log": null,
      "creeps_stacked": null,
      "damage": null,
      "damage_inflictor": null,
      "damage_inflictor_received": null,
      "damage_taken": null,
      "damage_targets": null,
      "deaths": 15,
      "denies": 4,
      "dn_t": null,
      "firstblood_claimed": null,
      "gold": 825,
      "gold_per_min": 487,
      "gold_reasons": null,
      "gold_spent": 16950,
      "gold_t": null,
      "hero_damage": 48136,
      "hero_healing": 0,
      "hero_hits": null,
      "hero_id": 105,
      "item_0": 152,
      "item_1": 176,
      "item_2": 43,
      "item_3": 29,
      "item_4": 58,
      "item_5": 232,
      "item_neutral": 289,
      "item_uses": null,
      "kill_streaks": null,
      "killed": null,
      "killed_by": null,
      "kills": 16,
      "kills_log": null,
      "lane_pos": null,
      "last_hits": 180,
      "leaver_status": 0,
      "level": 22,
      "lh_t": null,
      "life_state": null,
      "max_hero_hit": null,
      "multi_kills": null,
      "net_worth": 16405,
      "obs": null,
      "obs_left_log": null,
      "obs_log": null,
      "obs_placed": null,
      "party_id": 0,
      "party_size": 1,
      "performance_others": null,
      "permanent_buffs": [
        {
          "permanent_buff": 6,
          "stack_count": 3,
          "grant_time": 820
        },
        {
          "permanent_buff": 12,
          "stack_count": 0,
          "grant_time": 1144
        }
      ],
      "pings": null,
      "pred_vict": null,
      "purchase": null,
      "purchase_log": null,
      "randomed": null,
      "repicked": null,
      "roshans_killed": null,
      "rune_pickups": null,
      "runes": null,
      "runes_log": null,
      "sen": null,
      "sen_left_log": null,
      "sen_log": null,
      "sen_placed": null,
      "stuns": null,
      "teamfight_participation": null,
      "times": null,
      "tower_damage": 609,
      "towers_killed": null,
      "xp_per_min": 702,
      "xp_reasons": null,
      "xp_t": null,
      "start_time": 1669912604,
      "duration": 2425,
      "cluster": 188,
      "lobby_type": 7,
      "game_mode": 22,
      "is_contributor": false,
      "patch": 51,
      "region": 8,
      "isRadiant": true,
      "total_gold": 19682,
      "total_xp": 28372,
      "kills_per_min": 0.39587628865979385,
      "kda": 1,
      "abandons": 0,
      "rank_tier": null,
      "is_subscriber": false,
      "cosmetics": [],
      "benchmarks": {
        "gold_per_min": {
          "raw": 487,
          "pct": 0.84375
        },
        "xp_per_min": {
          "raw": 702,
          "pct": 0.875
        },
        "kills_per_min": {
          "raw": 0.39587628865979385,
          "pct": 0.96875
        },
        "last_hits_per_min": {
          "raw": 4.453608247422681,
          "pct": 0.875
        },
        "hero_damage_per_min": {
          "raw": 1190.9938144329897,
          "pct": 0.96875
        },
        "hero_healing_per_min": {
          "raw": 0,
          "pct": 0.78125
        },
        "tower_damage": {
          "raw": 609,
          "pct": 0.625
        },
        "stuns_per_min": {
          "raw": 0,
          "pct": 0.0625
        },
        "lhten": {}
      }
    },
    {
      "player_slot": 1,
      "ability_targets": null,
      "ability_upgrades_arr": [
        5059,
        5062,
        5060,
        5062,
        5060,
        5064,
        5061,
        5062,
        5062,
        6016,
        5063,
        5064,
        5063,
        5063,
        6875,
        5063,
        5064,
        6670
      ],
      "ability_uses": null,
      "actions": null,
      "additional_units": null,
      "assists": 8,
      "backpack_0": 0,
      "backpack_1": 0,
      "backpack_2": 0,
      "backpack_3": null,
      "buyback_log": null,
      "camps_stacked": null,
      "connection_log": null,
      "creeps_stacked": null,
      "damage": null,
      "damage_inflictor": null,
      "damage_inflictor_received": null,
      "damage_taken": null,
      "damage_targets": null,
      "deaths": 9,
      "denies": 22,
      "dn_t": null,
      "firstblood_claimed": null,
      "gold": 694,
      "gold_per_min": 496,
      "gold_reasons": null,
      "gold_spent": 18620,
      "gold_t": null,
      "hero_damage": 25329,
      "hero_healing": 110,
      "hero_hits": null,
      "hero_id": 11,
      "item_0": 249,
      "item_1": 116,
      "item_2": 135,
      "item_3": 41,
      "item_4": 0,
      "item_5": 63,
      "item_neutral": 376,
      "item_uses": null,
      "kill_streaks": null,
      "killed": null,
      "killed_by": null,
      "kills": 4,
      "kills_log": null,
      "lane_pos": null,
      "last_hits": 261,
      "leaver_status": 0,
      "level": 25,
      "lh_t": null,
      "life_state": null,
      "max_hero_hit": null,
      "multi_kills": null,
      "net_worth": 18744,
      "obs": null,
      "obs_left_log": null,
      "obs_log": null,
      "obs_placed": null,
      "party_id": 1,
      "party_size": 1,
      "performance_others": null,
      "permanent_buffs": [
        {
          "permanent_buff": 12,
          "stack_count": 0,
          "grant_time": 2036
        }
      ],
      "pings": null,
      "pred_vict": null,
      "purchase": null,
      "purchase_log": null,
      "randomed": null,
      "repicked": null,
      "roshans_killed": null,
      "rune_pickups": null,
      "runes": null,
      "runes_log": null,
      "sen": null,
      "sen_left_log": null,
      "sen_log": null,
      "sen_placed": null,
      "stuns": null,
      "teamfight_participation": null,
      "times": null,
      "tower_damage": 0,
      "towers_killed": null,
      "xp_per_min": 851,
      "xp_reasons": null,
      "xp_t": null,
      "start_time": 1669912604,
      "duration": 2425,
      "cluster": 188,
      "lobby_type": 7,
      "game_mode": 22,
      "is_contributor": false,
      "patch": 51,
      "region": 8,
      "isRadiant": true,
      "total_gold": 20046,
      "total_xp": 34394,
      "kills_per_min": 0.09896907216494846,
      "kda": 1,
      "abandons": 0,
      "rank_tier": null,
      "is_subscriber": false,
      "cosmetics": [],
      "benchmarks": {
        "gold_per_min": {
          "raw": 496,
          "pct": 0.28
        },
        "xp_per_min": {
          "raw": 851,
          "pct": 0.82
        },
        "kills_per_min": {
          "raw": 0.09896907216494846,
          "pct": 0.2
        },
        "last_hits_per_min": {
          "raw": 6.457731958762887,
          "pct": 0.28
        },
        "hero_damage_per_min": {
          "raw": 626.6969072164949,
          "pct": 0.44
        },
        "hero_healing_per_min": {
          "raw": 2.7216494845360826,
          "pct": 0.92
        },
        "tower_damage": {
          "raw": 0,
          "pct": 0.08
        },
        "stuns_per_min": {
          "raw": 0,
          "pct": 0.02
        },
        "lhten": {}
      }
    },
    {
      "player_slot": 2,
      "ability_targets": null,
      "ability_upgrades_arr": [
        5044,
        5046,
        5044,
        5046,
        5044,
        5047,
        5044,
        5045,
        5045,
        5046,
        5046,
        5047,
        6600,
        5045,
        781,
        5045
      ],
      "ability_uses": null,
      "actions": null,
      "additional_units": null,
      "assists": 11,
      "backpack_0": 0,
      "backpack_1": 0,
      "backpack_2": 0,
      "backpack_3": null,
      "buyback_log": null,
      "camps_stacked": null,
      "connection_log": null,
      "creeps_stacked": null,
      "damage": null,
      "damage_inflictor": null,
      "damage_inflictor_received": null,
      "damage_taken": null,
      "damage_targets": null,
      "deaths": 10,
      "denies": 9,
      "dn_t": null,
      "firstblood_claimed": null,
      "gold": 891,
      "gold_per_min": 267,
      "gold_reasons": null,
      "gold_spent": 9765,
      "gold_t": null,
      "hero_damage": 15189,
      "hero_healing": 0,
      "hero_hits": null,
      "hero_id": 26,
      "item_0": 214,
      "item_1": 1,
      "item_2": 42,
      "item_3": 108,
      "item_4": 0,
      "item_5": 0,
      "item_neutral": 357,
      "item_uses": null,
      "kill_streaks": null,
      "killed": null,
      "killed_by": null,
      "kills": 6,
      "kills_log": null,
      "lane_pos": null,
      "last_hits": 55,
      "leaver_status": 0,
      "level": 17,
      "lh_t": null,
      "life_state": null,
      "max_hero_hit": null,
      "multi_kills": null,
      "net_worth": 8266,
      "obs": null,
      "obs_left_log": null,
      "obs_log": null,
      "obs_placed": null,
      "party_id": 2,
      "party_size": 1,
      "performance_others": null,
      "permanent_buffs": [
        {
          "permanent_buff": 6,
          "stack_count": 1,
          "grant_time": 2619
        },
        {
          "permanent_buff": 7,
          "stack_count": 5,
          "grant_time": 705
        }
      ],
      "pings": null,
      "pred_vict": null,
      "purchase": null,
      "purchase_log": null,
      "randomed": null,
      "repicked": null,
      "roshans_killed": null,
      "rune_pickups": null,
      "runes": null,
      "runes_log": null,
      "sen": null,
      "sen_left_log": null,
      "sen_log": null,
      "sen_placed": null,
      "stuns": null,
      "teamfight_participation": null,
      "times": null,
      "tower_damage": 108,
      "towers_killed": null,
      "xp_per_min": 419,
      "xp_reasons": null,
      "xp_t": null,
      "start_time": 1669912604,
      "duration": 2425,
      "cluster": 188,
      "lobby_type": 7,
      "game_mode": 22,
      "is_contributor": false,
      "patch": 51,
      "region": 8,
      "isRadiant": true,
      "total_gold": 10791,
      "total_xp": 16934,
      "kills_per_min": 0.14845360824742268,
      "kda": 1,
      "abandons": 0,
      "rank_tier": null,
      "is_subscriber": false,
      "cosmetics": [],
      "benchmarks": {
        "gold_per_min": {
          "raw": 267,
          "pct": 0.3125
        },
        "xp_per_min": {
          "raw": 419,
          "pct": 0.4375
        },
        "kills_per_min": {
          "raw": 0.14845360824742268,
          "pct": 0.75
        },
        "last_hits_per_min": {
          "raw": 1.3608247422680413,
          "pct": 0.71875
        },
        "hero_damage_per_min": {
          "raw": 375.81030927835053,
          "pct": 0.8125
        },
        "hero_healing_per_min": {
          "raw": 0,
          "pct": 0.84375
        },
        "tower_damage": {
          "raw": 108,
          "pct": 0.53125
        },
        "stuns_per_min": {
          "raw": 0,
          "pct": 0
        },
        "lhten": {}
      }
    },
    {
      "player_slot": 3,
      "ability_targets": null,
      "ability_upgrades_arr": [
        5019,
        343,
        5019,
        5632,
        5019,
        5022,
        5019,
        343,
        343,
        343,
        1088,
        5022,
        5632,
        5632,
        486,
        5632,
        5022,
        6202
      ],
      "ability_uses": null,
      "actions": null,
      "additional_units": null,
      "assists": 10,
      "backpack_0": 0,
      "backpack_1": 0,
      "backpack_2": 0,
      "backpack_3": null,
      "buyback_log": null,
      "camps_stacked": null,
      "connection_log": null,
      "creeps_stacked": null,
      "damage": null,
      "damage_inflictor": null,
      "damage_inflictor_received": null,
      "damage_taken": null,
      "damage_targets": null,
      "deaths": 6,
      "denies": 12,
      "dn_t": null,
      "firstblood_claimed": null,
      "gold": 1082,
      "gold_per_min": 469,
      "gold_reasons": null,
      "gold_spent": 17110,
      "gold_t": null,
      "hero_damage": 19916,
      "hero_healing": 0,
      "hero_hits": null,
      "hero_id": 6,
      "item_0": 154,
      "item_1": 123,
      "item_2": 63,
      "item_3": 249,
      "item_4": 0,
      "item_5": 75,
      "item_neutral": 381,
      "item_uses": null,
      "kill_streaks": null,
      "killed": null,
      "killed_by": null,
      "kills": 5,
      "kills_log": null,
      "lane_pos": null,
      "last_hits": 255,
      "leaver_status": 0,
      "level": 23,
      "lh_t": null,
      "life_state": null,
      "max_hero_hit": null,
      "multi_kills": null,
      "net_worth": 17237,
      "obs": null,
      "obs_left_log": null,
      "obs_log": null,
      "obs_placed": null,
      "party_id": 3,
      "party_size": 1,
      "performance_others": null,
      "permanent_buffs": [],
      "pings": null,
      "pred_vict": null,
      "purchase": null,
      "purchase_log": null,
      "randomed": null,
      "repicked": null,
      "roshans_killed": null,
      "rune_pickups": null,
      "runes": null,
      "runes_log": null,
      "sen": null,
      "sen_left_log": null,
      "sen_log": null,
      "sen_placed": null,
      "stuns": null,
      "teamfight_participation": null,
      "times": null,
      "tower_damage": 0,
      "towers_killed": null,
      "xp_per_min": 760,
      "xp_reasons": null,
      "xp_t": null,
      "personaname": "A9Y6",
      "name": null,
      "last_login": null,
      "start_time": 1669912604,
      "duration": 2425,
      "cluster": 188,
      "lobby_type": 7,
      "game_mode": 22,
      "is_contributor": false,
      "patch": 51,
      "region": 8,
      "isRadiant": true,
      "total_gold": 18955,
      "total_xp": 30716,
      "kills_per_min": 0.12371134020618557,
      "kda": 2,
      "abandons": 0,
      "rank_tier": 42,
      "is_subscriber": false,
      "cosmetics": [],
      "benchmarks": {
        "gold_per_min": {
          "raw": 469,
          "pct": 0.10256410256410256
        },
        "xp_per_min": {
          "raw": 760,
          "pct": 0.6153846153846154
        },
        "kills_per_min": {
          "raw": 0.12371134020618557,
          "pct": 0.1282051282051282
        },
        "last_hits_per_min": {
          "raw": 6.309278350515464,
          "pct": 0.1282051282051282
        },
        "hero_damage_per_min": {
          "raw": 492.76701030927836,
          "pct": 0.20512820512820512
        },
        "hero_healing_per_min": {
          "raw": 0,
          "pct": 0.9743589743589743
        },
        "tower_damage": {
          "raw": 0,
          "pct": 0.10256410256410256
        },
        "stuns_per_min": {
          "raw": 0,
          "pct": 0.9487179487179487
        },
        "lhten": {}
      }
    },
    {
      "player_slot": 4,
      "ability_targets": null,
      "ability_upgrades_arr": [
        5442,
        5444,
        5444,
        5442,
        5442,
        5447,
        5444,
        5444,
        5442,
        813,
        5443,
        5447,
        5443,
        5443,
        6155,
        5443,
        5447
      ],
      "ability_uses": null,
      "actions": null,
      "additional_units": null,
      "assists": 16,
      "backpack_0": 0,
      "backpack_1": 0,
      "backpack_2": 0,
      "backpack_3": null,
      "buyback_log": null,
      "camps_stacked": null,
      "connection_log": null,
      "creeps_stacked": null,
      "damage": null,
      "damage_inflictor": null,
      "damage_inflictor_received": null,
      "damage_taken": null,
      "damage_targets": null,
      "deaths": 7,
      "denies": 1,
      "dn_t": null,
      "firstblood_claimed": null,
      "gold": 349,
      "gold_per_min": 352,
      "gold_reasons": null,
      "gold_spent": 13195,
      "gold_t": null,
      "hero_damage": 12993,
      "hero_healing": 2918,
      "hero_hits": null,
      "hero_id": 85,
      "item_0": 180,
      "item_1": 90,
      "item_2": 908,
      "item_3": 60,
      "item_4": 21,
      "item_5": 40,
      "item_neutral": 311,
      "item_uses": null,
      "kill_streaks": null,
      "killed": null,
      "killed_by": null,
      "kills": 4,
      "kills_log": null,
      "lane_pos": null,
      "last_hits": 165,
      "leaver_status": 0,
      "level": 19,
      "lh_t": null,
      "life_state": null,
      "max_hero_hit": null,
      "multi_kills": null,
      "net_worth": 11454,
      "obs": null,
      "obs_left_log": null,
      "obs_log": null,
      "obs_placed": null,
      "party_id": 4,
      "party_size": 1,
      "performance_others": null,
      "permanent_buffs": [],
      "pings": null,
      "pred_vict": null,
      "purchase": null,
      "purchase_log": null,
      "randomed": null,
      "repicked": null,
      "roshans_killed": null,
      "rune_pickups": null,
      "runes": null,
      "runes_log": null,
      "sen": null,
      "sen_left_log": null,
      "sen_log": null,
      "sen_placed": null,
      "stuns": null,
      "teamfight_participation": null,
      "times": null,
      "tower_damage": 171,
      "towers_killed": null,
      "xp_per_min": 481,
      "xp_reasons": null,
      "xp_t": null,
      "personaname": "AMERICASOSAT",
      "name": null,
      "last_login": null,
      "start_time": 1669912604,
      "duration": 2425,
      "cluster": 188,
      "lobby_type": 7,
      "game_mode": 22,
      "is_contributor": false,
      "patch": 51,
      "region": 8,
      "isRadiant": true,
      "total_gold": 14226,
      "total_xp": 19440,
      "kills_per_min": 0.09896907216494846,
      "kda": 2,
      "abandons": 0,
      "rank_tier": 41,
      "is_subscriber": false,
      "cosmetics": [],
      "benchmarks": {
        "gold_per_min": {
          "raw": 352,
          "pct": 0.7333333333333333
        },
        "xp_per_min": {
          "raw": 481,
          "pct": 0.5833333333333334
        },
        "kills_per_min": {
          "raw": 0.09896907216494846,
          "pct": 0.55
        },
        "last_hits_per_min": {
          "raw": 4.082474226804123,
          "pct": 0.9166666666666666
        },
        "hero_damage_per_min": {
          "raw": 321.47628865979385,
          "pct": 0.8
        },
        "hero_healing_per_min": {
          "raw": 72.1979381443299,
          "pct": 0.36666666666666664
        },
        "tower_damage": {
          "raw": 171,
          "pct": 0.55
        },
        "stuns_per_min": {
          "raw": 0,
          "pct": 0.85
        },
        "lhten": {}
      }
    },
    {
      "player_slot": 128,
      "ability_targets": null,
      "ability_upgrades_arr": [
        5088,
        5086,
        5087,
        5088,
        5087,
        5088,
        5088,
        5087,
        5089,
        5087,
        6088,
        5089,
        5086,
        5086,
        809,
        5086,
        5089,
        6801,
        741
      ],
      "ability_uses": null,
      "actions": null,
      "additional_units": null,
      "assists": 15,
      "backpack_0": 40,
      "backpack_1": 0,
      "backpack_2": 0,
      "backpack_3": null,
      "buyback_log": null,
      "camps_stacked": null,
      "connection_log": null,
      "creeps_stacked": null,
      "damage": null,
      "damage_inflictor": null,
      "damage_inflictor_received": null,
      "damage_taken": null,
      "damage_targets": null,
      "deaths": 8,
      "denies": 10,
      "dn_t": null,
      "firstblood_claimed": null,
      "gold": 4029,
      "gold_per_min": 674,
      "gold_reasons": null,
      "gold_spent": 23485,
      "gold_t": null,
      "hero_damage": 27830,
      "hero_healing": 0,
      "hero_hits": null,
      "hero_id": 42,
      "item_0": 50,
      "item_1": 1,
      "item_2": 151,
      "item_3": 116,
      "item_4": 208,
      "item_5": 137,
      "item_neutral": 573,
      "item_uses": null,
      "kill_streaks": null,
      "killed": null,
      "killed_by": null,
      "kills": 12,
      "kills_log": null,
      "lane_pos": null,
      "last_hits": 376,
      "leaver_status": 0,
      "level": 26,
      "lh_t": null,
      "life_state": null,
      "max_hero_hit": null,
      "multi_kills": null,
      "net_worth": 25709,
      "obs": null,
      "obs_left_log": null,
      "obs_log": null,
      "obs_placed": null,
      "party_id": 5,
      "party_size": 1,
      "performance_others": null,
      "permanent_buffs": [],
      "pings": null,
      "pred_vict": null,
      "purchase": null,
      "purchase_log": null,
      "randomed": null,
      "repicked": null,
      "roshans_killed": null,
      "rune_pickups": null,
      "runes": null,
      "runes_log": null,
      "sen": null,
      "sen_left_log": null,
      "sen_log": null,
      "sen_placed": null,
      "stuns": null,
      "teamfight_participation": null,
      "times": null,
      "tower_damage": 13414,
      "towers_killed": null,
      "xp_per_min": 901,
      "xp_reasons": null,
      "xp_t": null,
      "start_time": 1669912604,
      "duration": 2425,
      "cluster": 188,
      "lobby_type": 7,
      "game_mode": 22,
      "is_contributor": false,
      "patch": 51,
      "region": 8,
      "isRadiant": false,
      "total_gold": 27240,
      "total_xp": 36415,
      "kills_per_min": 0.29690721649484536,
      "kda": 3,
      "abandons": 0,
      "rank_tier": null,
      "is_subscriber": false,
      "cosmetics": [],
      "benchmarks": {
        "gold_per_min": {
          "raw": 674,
          "pct": 0.5217391304347826
        },
        "xp_per_min": {
          "raw": 901,
          "pct": 0.6956521739130435
        },
        "kills_per_min": {
          "raw": 0.29690721649484536,
          "pct": 0.8260869565217391
        },
        "last_hits_per_min": {
          "raw": 9.303092783505155,
          "pct": 0.5652173913043478
        },
        "hero_damage_per_min": {
          "raw": 688.5773195876288,
          "pct": 0.5217391304347826
        },
        "hero_healing_per_min": {
          "raw": 0,
          "pct": 1
        },
        "tower_damage": {
          "raw": 13414,
          "pct": 0.6521739130434783
        },
        "stuns_per_min": {
          "raw": 0,
          "pct": 0
        },
        "lhten": {}
      }
    },
    {
      "player_slot": 129,
      "ability_targets": null,
      "ability_upgrades_arr": [
        8158,
        8429,
        8158,
        8429,
        8158,
        8106,
        8158,
        8429,
        8429,
        9510,
        9501,
        8106,
        9501,
        9501,
        9513,
        9501,
        8106,
        7011,
        9509
      ],
      "ability_uses": null,
      "actions": null,
      "additional_units": null,
      "assists": 7,
      "backpack_0": 0,
      "backpack_1": 0,
      "backpack_2": 0,
      "backpack_3": null,
      "buyback_log": null,
      "camps_stacked": null,
      "connection_log": null,
      "creeps_stacked": null,
      "damage": null,
      "damage_inflictor": null,
      "damage_inflictor_received": null,
      "damage_taken": null,
      "damage_targets": null,
      "deaths": 9,
      "denies": 9,
      "dn_t": null,
      "firstblood_claimed": null,
      "gold": 4642,
      "gold_per_min": 622,
      "gold_reasons": null,
      "gold_spent": 19915,
      "gold_t": null,
      "hero_damage": 22975,
      "hero_healing": 0,
      "hero_hits": null,
      "hero_id": 123,
      "item_0": 63,
      "item_1": 75,
      "item_2": 1466,
      "item_3": 160,
      "item_4": 596,
      "item_5": 116,
      "item_neutral": 949,
      "item_uses": null,
      "kill_streaks": null,
      "killed": null,
      "killed_by": null,
      "kills": 10,
      "kills_log": null,
      "lane_pos": null,
      "last_hits": 290,
      "leaver_status": 0,
      "level": 26,
      "lh_t": null,
      "life_state": null,
      "max_hero_hit": null,
      "multi_kills": null,
      "net_worth": 23172,
      "obs": null,
      "obs_left_log": null,
      "obs_log": null,
      "obs_placed": null,
      "party_id": 6,
      "party_size": 1,
      "performance_others": null,
      "permanent_buffs": [],
      "pings": null,
      "pred_vict": null,
      "purchase": null,
      "purchase_log": null,
      "randomed": null,
      "repicked": null,
      "roshans_killed": null,
      "rune_pickups": null,
      "runes": null,
      "runes_log": null,
      "sen": null,
      "sen_left_log": null,
      "sen_log": null,
      "sen_placed": null,
      "stuns": null,
      "teamfight_participation": null,
      "times": null,
      "tower_damage": 6581,
      "towers_killed": null,
      "xp_per_min": 904,
      "xp_reasons": null,
      "xp_t": null,
      "start_time": 1669912604,
      "duration": 2425,
      "cluster": 188,
      "lobby_type": 7,
      "game_mode": 22,
      "is_contributor": false,
      "patch": 51,
      "region": 8,
      "isRadiant": false,
      "total_gold": 25139,
      "total_xp": 36536,
      "kills_per_min": 0.24742268041237114,
      "kda": 1,
      "abandons": 0,
      "rank_tier": null,
      "is_subscriber": false,
      "cosmetics": [],
      "benchmarks": {
        "gold_per_min": {
          "raw": 622,
          "pct": 0.9827586206896551
        },
        "xp_per_min": {
          "raw": 904,
          "pct": 1
        },
        "kills_per_min": {
          "raw": 0.24742268041237114,
          "pct": 0.9310344827586207
        },
        "last_hits_per_min": {
          "raw": 7.175257731958763,
          "pct": 0.9827586206896551
        },
        "hero_damage_per_min": {
          "raw": 568.4536082474227,
          "pct": 0.8103448275862069
        },
        "hero_healing_per_min": {
          "raw": 0,
          "pct": 0.8275862068965517
        },
        "tower_damage": {
          "raw": 6581,
          "pct": 0.9827586206896551
        },
        "stuns_per_min": {
          "raw": 0,
          "pct": 0.017241379310344827
        },
        "lhten": {}
      }
    },
    {
      "player_slot": 130,
      "ability_targets": null,
      "ability_upgrades_arr": [
        5439,
        5438,
        5439,
        5438,
        5439,
        5441,
        5439,
        5438,
        5438,
        403,
        5440,
        5441,
        5440,
        5440,
        5440,
        5903,
        5441,
        6183
      ],
      "ability_uses": null,
      "actions": null,
      "additional_units": null,
      "assists": 19,
      "backpack_0": 0,
      "backpack_1": 0,
      "backpack_2": 0,
      "backpack_3": null,
      "buyback_log": null,
      "camps_stacked": null,
      "connection_log": null,
      "creeps_stacked": null,
      "damage": null,
      "damage_inflictor": null,
      "damage_inflictor_received": null,
      "damage_taken": null,
      "damage_targets": null,
      "deaths": 7,
      "denies": 3,
      "dn_t": null,
      "firstblood_claimed": null,
      "gold": 5646,
      "gold_per_min": 426,
      "gold_reasons": null,
      "gold_spent": 11315,
      "gold_t": null,
      "hero_damage": 19075,
      "hero_healing": 2092,
      "hero_hits": null,
      "hero_id": 84,
      "item_0": 231,
      "item_1": 36,
      "item_2": 0,
      "item_3": 65,
      "item_4": 232,
      "item_5": 40,
      "item_neutral": 331,
      "item_uses": null,
      "kill_streaks": null,
      "killed": null,
      "killed_by": null,
      "kills": 5,
      "kills_log": null,
      "lane_pos": null,
      "last_hits": 96,
      "leaver_status": 0,
      "level": 23,
      "lh_t": null,
      "life_state": null,
      "max_hero_hit": null,
      "multi_kills": null,
      "net_worth": 15801,
      "obs": null,
      "obs_left_log": null,
      "obs_log": null,
      "obs_placed": null,
      "party_id": 7,
      "party_size": 1,
      "performance_others": null,
      "permanent_buffs": [
        {
          "permanent_buff": 6,
          "stack_count": 1,
          "grant_time": 836
        }
      ],
      "pings": null,
      "pred_vict": null,
      "purchase": null,
      "purchase_log": null,
      "randomed": null,
      "repicked": null,
      "roshans_killed": null,
      "rune_pickups": null,
      "runes": null,
      "runes_log": null,
      "sen": null,
      "sen_left_log": null,
      "sen_log": null,
      "sen_placed": null,
      "stuns": null,
      "teamfight_participation": null,
      "times": null,
      "tower_damage": 1691,
      "towers_killed": null,
      "xp_per_min": 754,
      "xp_reasons": null,
      "xp_t": null,
      "start_time": 1669912604,
      "duration": 2425,
      "cluster": 188,
      "lobby_type": 7,
      "game_mode": 22,
      "is_contributor": false,
      "patch": 51,
      "region": 8,
      "isRadiant": false,
      "total_gold": 17217,
      "total_xp": 30474,
      "kills_per_min": 0.12371134020618557,
      "kda": 3,
      "abandons": 0,
      "rank_tier": null,
      "is_subscriber": false,
      "cosmetics": [],
      "benchmarks": {
        "gold_per_min": {
          "raw": 426,
          "pct": 0.7777777777777778
        },
        "xp_per_min": {
          "raw": 754,
          "pct": 0.8888888888888888
        },
        "kills_per_min": {
          "raw": 0.12371134020618557,
          "pct": 0.75
        },
        "last_hits_per_min": {
          "raw": 2.375257731958763,
          "pct": 0.8055555555555556
        },
        "hero_damage_per_min": {
          "raw": 471.9587628865979,
          "pct": 0.4444444444444444
        },
        "hero_healing_per_min": {
          "raw": 51.76082474226804,
          "pct": 0.9722222222222222
        },
        "tower_damage": {
          "raw": 1691,
          "pct": 0.8055555555555556
        },
        "stuns_per_min": {
          "raw": 0,
          "pct": 0
        },
        "lhten": {}
      }
    },
    {
      "player_slot": 131,
      "ability_targets": null,
      "ability_upgrades_arr": [
        5110,
        641,
        5110,
        5111,
        5110,
        5113,
        5110,
        5111,
        5111,
        5111,
        1061,
        5113,
        641,
        641,
        934,
        641,
        5113,
        6518,
        8038
      ],
      "ability_uses": null,
      "actions": null,
      "additional_units": null,
      "assists": 22,
      "backpack_0": 0,
      "backpack_1": 0,
      "backpack_2": 0,
      "backpack_3": null,
      "buyback_log": null,
      "camps_stacked": null,
      "connection_log": null,
      "creeps_stacked": null,
      "damage": null,
      "damage_inflictor": null,
      "damage_inflictor_received": null,
      "damage_taken": null,
      "damage_targets": null,
      "deaths": 6,
      "denies": 5,
      "dn_t": null,
      "firstblood_claimed": null,
      "gold": 4488,
      "gold_per_min": 510,
      "gold_reasons": null,
      "gold_spent": 16460,
      "gold_t": null,
      "hero_damage": 50303,
      "hero_healing": 187,
      "hero_hits": null,
      "hero_id": 22,
      "item_0": 41,
      "item_1": 116,
      "item_2": 36,
      "item_3": 48,
      "item_4": 273,
      "item_5": 232,
      "item_neutral": 289,
      "item_uses": null,
      "kill_streaks": null,
      "killed": null,
      "killed_by": null,
      "kills": 13,
      "kills_log": null,
      "lane_pos": null,
      "last_hits": 136,
      "leaver_status": 0,
      "level": 26,
      "lh_t": null,
      "life_state": null,
      "max_hero_hit": null,
      "multi_kills": null,
      "net_worth": 19938,
      "obs": null,
      "obs_left_log": null,
      "obs_log": null,
      "obs_placed": null,
      "party_id": 8,
      "party_size": 1,
      "performance_others": null,
      "permanent_buffs": [
        {
          "permanent_buff": 12,
          "stack_count": 0,
          "grant_time": 1290
        }
      ],
      "pings": null,
      "pred_vict": null,
      "purchase": null,
      "purchase_log": null,
      "randomed": null,
      "repicked": null,
      "roshans_killed": null,
      "rune_pickups": null,
      "runes": null,
      "runes_log": null,
      "sen": null,
      "sen_left_log": null,
      "sen_log": null,
      "sen_placed": null,
      "stuns": null,
      "teamfight_participation": null,
      "times": null,
      "tower_damage": 1686,
      "towers_killed": null,
      "xp_per_min": 929,
      "xp_reasons": null,
      "xp_t": null,
      "start_time": 1669912604,
      "duration": 2425,
      "cluster": 188,
      "lobby_type": 7,
      "game_mode": 22,
      "is_contributor": false,
      "patch": 51,
      "region": 8,
      "isRadiant": false,
      "total_gold": 20612,
      "total_xp": 37547,
      "kills_per_min": 0.3216494845360825,
      "kda": 5,
      "abandons": 0,
      "rank_tier": null,
      "is_subscriber": false,
      "cosmetics": [],
      "benchmarks": {
        "gold_per_min": {
          "raw": 510,
          "pct": 0.5428571428571428
        },
        "xp_per_min": {
          "raw": 929,
          "pct": 0.9714285714285714
        },
        "kills_per_min": {
          "raw": 0.3216494845360825,
          "pct": 0.6857142857142857
        },
        "last_hits_per_min": {
          "raw": 3.3649484536082475,
          "pct": 0.2571428571428571
        },
        "hero_damage_per_min": {
          "raw": 1244.6103092783505,
          "pct": 0.6285714285714286
        },
        "hero_healing_per_min": {
          "raw": 4.626804123711341,
          "pct": 0.8857142857142857
        },
        "tower_damage": {
          "raw": 1686,
          "pct": 0.9142857142857143
        },
        "stuns_per_min": {
          "raw": 0,
          "pct": 0
        },
        "lhten": {}
      }
    },
    {
      "player_slot": 132,
      "ability_targets": null,
      "ability_upgrades_arr": [
        5462,
        5464,
        5462,
        5464,
        5462,
        5465,
        5462,
        5464,
        5464,
        5949,
        5463,
        5465,
        5463,
        5463,
        5463,
        778,
        5465,
        891
      ],
      "ability_uses": null,
      "actions": null,
      "additional_units": null,
      "assists": 9,
      "backpack_0": 0,
      "backpack_1": 0,
      "backpack_2": 0,
      "backpack_3": null,
      "buyback_log": null,
      "camps_stacked": null,
      "connection_log": null,
      "creeps_stacked": null,
      "damage": null,
      "damage_inflictor": null,
      "damage_inflictor_received": null,
      "damage_taken": null,
      "damage_targets": null,
      "deaths": 9,
      "denies": 11,
      "dn_t": null,
      "firstblood_claimed": null,
      "gold": 463,
      "gold_per_min": 359,
      "gold_reasons": null,
      "gold_spent": 13440,
      "gold_t": null,
      "hero_damage": 16340,
      "hero_healing": 0,
      "hero_hits": null,
      "hero_id": 88,
      "item_0": 204,
      "item_1": 259,
      "item_2": 188,
      "item_3": 180,
      "item_4": 218,
      "item_5": 0,
      "item_neutral": 675,
      "item_uses": null,
      "kill_streaks": null,
      "killed": null,
      "killed_by": null,
      "kills": 7,
      "kills_log": null,
      "lane_pos": null,
      "last_hits": 96,
      "leaver_status": 0,
      "level": 20,
      "lh_t": null,
      "life_state": null,
      "max_hero_hit": null,
      "multi_kills": null,
      "net_worth": 11813,
      "obs": null,
      "obs_left_log": null,
      "obs_log": null,
      "obs_placed": null,
      "party_id": 9,
      "party_size": 1,
      "performance_others": null,
      "permanent_buffs": [
        {
          "permanent_buff": 6,
          "stack_count": 2,
          "grant_time": 1483
        }
      ],
      "pings": null,
      "pred_vict": null,
      "purchase": null,
      "purchase_log": null,
      "randomed": null,
      "repicked": null,
      "roshans_killed": null,
      "rune_pickups": null,
      "runes": null,
      "runes_log": null,
      "sen": null,
      "sen_left_log": null,
      "sen_log": null,
      "sen_placed": null,
      "stuns": null,
      "teamfight_participation": null,
      "times": null,
      "tower_damage": 188,
      "towers_killed": null,
      "xp_per_min": 568,
      "xp_reasons": null,
      "xp_t": null,
      "personaname": "НЕ НАДА ДЯДЯ НЕЕЕ",
      "name": null,
      "last_login": null,
      "start_time": 1669912604,
      "duration": 2425,
      "cluster": 188,
      "lobby_type": 7,
      "game_mode": 22,
      "is_contributor": false,
      "patch": 51,
      "region": 8,
      "isRadiant": false,
      "total_gold": 14509,
      "total_xp": 22956,
      "kills_per_min": 0.17319587628865982,
      "kda": 1,
      "abandons": 0,
      "rank_tier": 35,
      "is_subscriber": false,
      "cosmetics": [],
      "benchmarks": {
        "gold_per_min": {
          "raw": 359,
          "pct": 0.7142857142857143
        },
        "xp_per_min": {
          "raw": 568,
          "pct": 0.5714285714285714
        },
        "kills_per_min": {
          "raw": 0.1731958762886598,
          "pct": 0.7857142857142857
        },
        "last_hits_per_min": {
          "raw": 2.375257731958763,
          "pct": 0.9285714285714286
        },
        "hero_damage_per_min": {
          "raw": 404.2886597938144,
          "pct": 0.5
        },
        "hero_healing_per_min": {
          "raw": 0,
          "pct": 1
        },
        "tower_damage": {
          "raw": 188,
          "pct": 0.35714285714285715
        },
        "stuns_per_min": {
          "raw": 0,
          "pct": 0
        },
        "lhten": {}
      }
    }
  ],
  "patch": 51,
  "region": 8
}