{
  "chat": null,
  "cluster": 227,
  "cosmetics": null,
  "dire_score": 40,
  "dire_team_id": null,
  "draft_timings": null,
  "duration": 2580,
  "engine": 1,
  "first_blood_time": 573,
  "game_mode": 22,
  "human_players": 10,
  "leagueid": 0,
  "lobby_type": 0,
  "match_seq_num": 5780359137,
  "negative_votes": 0,
  "objectives": null,
  "picks_bans": [
    {
      "is_pick": true,
      "hero_id": 62,
      "team": 1,
      "order": 0
    },
    {
      "is_pick": true,
      "hero_id": 5,
      "team": 0,
      "order": 1
    },
    {
      "is_pick": true,
      "hero_id": 8,
      "team": 0,
      "order": 2
    },
    {
      "is_pick": true,
      "hero_id": 35,
      "team": 0,
      "order": 3
    },
    {
      "is_pick": true,
      "hero_id": 44,
      "team": 1,
      "order": 4
    },
    {
      "is_pick": true,
      "hero_id": 63,
      "team": 0,
      "order": 5
    },
    {
      "is_pick": true,
      "hero_id": 71,
      "team": 1,
      "order": 6
    },
    {
      "is_pick": true,
      "hero_id": 22,
      "team": 0,
      "order": 7
    },
    {
      "is_pick": true,
      "hero_id": 105,
      "team": 1,
      "order": 8
    },
    {
      "is_pick": false,
      "hero_id": 41,
      "team": 0,
      "order": 9
    },
    {
      "is_pick": false,
      "hero_id": 60,
      "team": 0,
      "order": 10
    },
    {
      "is_pick": false,
      "hero_id": 99,
      "team": 0,
      "order": 11
    },
    {
      "is_pick": false,
      "hero_id": 75,
      "team": 0,
      "order": 12
    },
    {
      "is_pick": false,
      "hero_id": 12,
      "team": 0,
      "order": 13
    }
  ],
  "positive_votes": 0,
  "radiant_gold_adv": null,
  "radiant_score": 17,
  "radiant_team_id": null,
  "radiant_xp_adv": null,
  "skill": null,
  "start_time": 1669911735,
  "teamfights": null,
  "version": null,
  "replay_salt": 1258930954,
  "series_id": 0,
  "series_type": 0,
  "players": [
    {
      "player_slot": 0,
      "ability_targets": null,
      "ability_upgrades_arr": [
        5127,
        5128,
        5127,
        5128,
        5127,
        5129,
        5127,
        5128,
        5128,
        5903,
        5126,
        5129,
        5126,
        5126,
        956,
        5126,
        5129
      ],
      "ability_uses": null,
      "actions": null,
      "additional_units": null,
      "assists": 10,
      "backpack_0": 188,
      "backpack_1": 0,
      "backpack_2": 0,
      "backpack_3": null,
      "buyback_log": null,
      "camps_stacked": null,
      "connection_log": null,
      "creeps_stacked": null,
      "damage": null,
      "damage_inflictor": null,
      "damage_inflictor_received": null,
      "damage_taken": null,
      "damage_targets": null,
      "deaths": 11,
      "denies": 0,
      "dn_t": null,
      "firstblood_claimed": null,
      "gold": 549,
      "gold_per_min": 276,
      "gold_reasons": null,
      "gold_spent": 9495,
      "gold_t": null,
      "hero_damage": 14560,
      "hero_healing": 0,
      "hero_hits": null,
      "hero_id": 5,
      "item_0": 36,
      "item_1": 1,
      "item_2": 102,
      "item_3": 218,
      "item_4": 214,
      "item_5": 21,
      "item_neutral": 675,
      "item_uses": null,
      "kill_streaks": null,
      "killed": null,
      "killed_by": null,
      "kills": 4,
      "kills_log": null,
      "lane_pos": null,
      "last_hits": 54,
      "leaver_status": 0,
      "level": 19,
      "lh_t": null,
      "life_state": null,
      "max_hero_hit": null,
      "multi_kills": null,
      "net_worth": 7774,
      "obs": null,
      "obs_left_log": null,
      "obs_log": null,
      "obs_placed": null,
      "party_id": 0,
      "party_size": 2,
      "performance_others": null,
      "permanent_buffs": [
        {
          "permanent_buff": 6,
          "stack_count": 2,
          "grant_time": 2245
        }
      ],
      "pings": null,
      "pred_vict": null,
      "purchase": null,
      "purchase_log": null,
      "randomed": null,
      "repicked": null,
      "roshans_killed": null,
      "rune_pickups": null,
      "runes": null,
      "runes_log": null,
      "sen": null,
      "sen_left_log": null,
      "sen_log": null,
      "sen_placed": null,
      "stuns": null,
      "teamfight_participation": null,
      "times": null,
      "tower_damage": 0,
      "towers_killed": null,
      "xp_per_min": 491,
      "xp_reasons": null,
      "xp_t": null,
      "personaname": "演员丶",
      "name": null,
      "last_login": null,
      "start_time": 1669911735,
      "duration": 2580,
      "cluster": 227,
      "lobby_type": 0,
      "game_mode": 22,
      "is_contributor": false,
      "patch": 51,
      "region": 20,
      "isRadiant": true,
      "total_gold": 11868,
      "total_xp": 21113,
      "kills_per_min": 0.09302325581395349,
      "kda": 1,
      "abandons": 0,
      "rank_tier": 21,
      "is_subscriber": false,
      "cosmetics": [],
      "benchmarks": {
        "gold_per_min": {
          "raw": 276,
          "pct": 0.425
        },
        "xp_per_min": {
          "raw": 491,
          "pct": 0.7
        },
        "kills_per_min": {
          "raw": 0.09302325581395349,
          "pct": 0.45
        },
        "last_hits_per_min": {
          "raw": 1.255813953488372,
          "pct": 0.625
        },
        "hero_damage_per_min": {
          "raw": 338.60465116279073,
          "pct": 0.35
        },
        "hero_healing_per_min": {
          "raw": 0,
          "pct": 0.875
        },
        "tower_damage": {
          "raw": 0,
          "pct": 0.425
        },
        "stuns_per_min": {
          "raw": 0,
          "pct": 0.025
        },
        "lhten": {}
      }
    },
    {
      "player_slot": 1,
      "ability_targets": null,
      "ability_upgrades_arr": [
        5154,
        5155,
        5154,
        5155,
        5154,
        5157,
        5154,
        5155,
        5155,
        928,
        5156,
        5157,
        5156,
        5156,
        5907,
        5156,
        5157
      ],
      "ability_uses": null,
      "actions": null,
      "additional_units": null,
      "assists": 9,
      "backpack_0": 36,
      "backpack_1": 0,
      "backpack_2": 0,
      "backpack_3": null,
      "buyback_log": null,
      "camps_stacked": null,
      "connection_log": null,
      "creeps_stacked": null,
      "damage": null,
      "damage_inflictor": null,
      "damage_inflictor_received": null,
      "damage_taken": null,
      "damage_targets": null,
      "deaths": 5,
      "denies": 13,
      "dn_t": null,
      "firstblood_claimed": null,
      "gold": 1416,
      "gold_per_min": 422,
      "gold_reasons": null,
      "gold_spent": 14935,
      "gold_t": null,
      "hero_damage": 25846,
      "hero_healing": 0,
      "hero_hits": null,
      "hero_id": 35,
      "item_0": 236,
      "item_1": 166,
      "item_2": 135,
      "item_3": 172,
      "item_4": 149,
      "item_5": 29,
      "item_neutral": 361,
      "item_uses": null,
      "kill_streaks": null,
      "killed": null,
      "killed_by": null,
      "kills": 3,
      "kills_log": null,
      "lane_pos": null,
      "last_hits": 226,
      "leaver_status": 0,
      "level": 20,
      "lh_t": null,
      "life_state": null,
      "max_hero_hit": null,
      "multi_kills": null,
      "net_worth": 15956,
      "obs": null,
      "obs_left_log": null,
      "obs_log": null,
      "obs_placed": null,
      "party_id": 0,
      "party_size": 2,
      "performance_others": null,
      "permanent_buffs": [],
      "pings": null,
      "pred_vict": null,
      "purchase": null,
      "purchase_log": null,
      "randomed": null,
      "repicked": null,
      "roshans_killed": null,
      "rune_pickups": null,
      "runes": null,
      "runes_log": null,
      "sen": null,
      "sen_left_log": null,
      "sen_log": null,
      "sen_placed": null,
      "stuns": null,
      "teamfight_participation": null,
      "times": null,
      "tower_damage": 0,
      "towers_killed": null,
      "xp_per_min": 512,
      "xp_reasons": null,
      "xp_t": null,
      "personaname": "[大战] 哟呵",
      "name": null,
      "last_login": null,
      "start_time": 1669911735,
      "duration": 2580,
      "cluster": 227,
      "lobby_type": 0,
      "game_mode": 22,
      "is_contributor": false,
      "patch": 51,
      "region": 20,
      "isRadiant": true,
      "total_gold": 18146,
      "total_xp": 22016,
      "kills_per_min": 0.06976744186046512,
      "kda": 2,
      "abandons": 0,
      "rank_tier": 15,
      "is_subscriber": false,
      "cosmetics": [],
      "benchmarks": {
        "gold_per_min": {
          "raw": 422,
          "pct": 0.037037037037037035
        },
        "xp_per_min": {
          "raw": 512,
          "pct": 0.07407407407407407
        },
        "kills_per_min": {
          "raw": 0.06976744186046512,
          "pct": 0.037037037037037035
        },
        "last_hits_per_min": {
          "raw": 5.2558139534883725,
          "pct": 0.1111111111111111
        },
        "hero_damage_per_min": {
          "raw": 601.0697674418604,
          "pct": 0.14814814814814814
        },
        "hero_healing_per_min": {
          "raw": 0,
          "pct": 0.9629629629629629
        },
        "tower_damage": {
          "raw": 0,
          "pct": 0
        },
        "stuns_per_min": {
          "raw": 0,
          "pct": 0.1111111111111111
        },
        "lhten": {}
      }
    },
    {
      "player_slot": 2,
      "ability_targets": null,
      "ability_upgrades_arr": [
        5110,
        5111,
        5110,
        5111,
        5110,
        5113,
        5110,
        641,
        5111,
        5903,
        5111,
        5113,
        641,
        641,
        934,
        641,
        5113,
        611
      ],
      "ability_uses": null,
      "actions": null,
      "additional_units": null,
      "assists": 6,
      "backpack_0": 77,
      "backpack_1": 244,
      "backpack_2": 77,
      "backpack_3": null,
      "buyback_log": null,
      "camps_stacked": null,
      "connection_log": null,
      "creeps_stacked": null,
      "damage": null,
      "damage_inflictor": null,
      "damage_inflictor_received": null,
      "damage_taken": null,
      "damage_targets": null,
      "deaths": 6,
      "denies": 5,
      "dn_t": null,
      "firstblood_claimed": null,
      "gold": 943,
      "gold_per_min": 310,
      "gold_reasons": null,
      "gold_spent": 11485,
      "gold_t": null,
      "hero_damage": 38267,
      "hero_healing": 0,
      "hero_hits": null,
      "hero_id": 22,
      "item_0": 57,
      "item_1": 180,
      "item_2": 60,
      "item_3": 108,
      "item_4": 59,
      "item_5": 59,
      "item_neutral": 838,
      "item_uses": null,
      "kill_streaks": null,
      "killed": null,
      "killed_by": null,
      "kills": 2,
      "kills_log": null,
      "lane_pos": null,
      "last_hits": 135,
      "leaver_status": 0,
      "level": 20,
      "lh_t": null,
      "life_state": null,
      "max_hero_hit": null,
      "multi_kills": null,
      "net_worth": 11428,
      "obs": null,
      "obs_left_log": null,
      "obs_log": null,
      "obs_placed": null,
      "party_id": 1,
      "party_size": 1,
      "performance_others": null,
      "permanent_buffs": [
        {
          "permanent_buff": 6,
          "stack_count": 2,
          "grant_time": 1035
        }
      ],
      "pings": null,
      "pred_vict": null,
      "purchase": null,
      "purchase_log": null,
      "randomed": null,
      "repicked": null,
      "roshans_killed": null,
      "rune_pickups": null,
      "runes": null,
      "runes_log": null,
      "sen": null,
      "sen_left_log": null,
      "sen_log": null,
      "sen_placed": null,
      "stuns": null,
      "teamfight_participation": null,
      "times": null,
      "tower_damage": 153,
      "towers_killed": null,
      "xp_per_min": 539,
      "xp_reasons": null,
      "xp_t": null,
      "start_time": 1669911735,
      "duration": 2580,
      "cluster": 227,
      "lobby_type": 0,
      "game_mode": 22,
      "is_contributor": false,
      "patch": 51,
      "region": 20,
      "isRadiant": true,
      "total_gold": 13330,
      "total_xp": 23177,
      "kills_per_min": 0.046511627906976744,
      "kda": 1,
      "abandons": 0,
      "rank_tier": null,
      "is_subscriber": false,
      "cosmetics": [],
      "benchmarks": {
        "gold_per_min": {
          "raw": 310,
          "pct": 0.14285714285714285
        },
        "xp_per_min": {
          "raw": 539,
          "pct": 0.42857142857142855
        },
        "kills_per_min": {
          "raw": 0.046511627906976744,
          "pct": 0.05714285714285714
        },
        "last_hits_per_min": {
          "raw": 3.1395348837209305,
          "pct": 0.2571428571428571
        },
        "hero_damage_per_min": {
          "raw": 889.9302325581396,
          "pct": 0.3142857142857143
        },
        "hero_healing_per_min": {
          "raw": 0,
          "pct": 0.7714285714285715
        },
        "tower_damage": {
          "raw": 153,
          "pct": 0.34285714285714286
        },
        "stuns_per_min": {
          "raw": 0,
          "pct": 0
        },
        "lhten": {}
      }
    },
    {
      "player_slot": 3,
      "ability_targets": null,
      "ability_upgrades_arr": [
        5290,
        5291,
        5289,
        5290,
        5290,
        5292,
        5291,
        5290,
        5291,
        5291,
        6200,
        5292,
        5289,
        5289,
        6989,
        5289
      ],
      "ability_uses": null,
      "actions": null,
      "additional_units": null,
      "assists": 2,
      "backpack_0": 140,
      "backpack_1": 0,
      "backpack_2": 0,
      "backpack_3": null,
      "buyback_log": null,
      "camps_stacked": null,
      "connection_log": null,
      "creeps_stacked": null,
      "damage": null,
      "damage_inflictor": null,
      "damage_inflictor_received": null,
      "damage_taken": null,
      "damage_targets": null,
      "deaths": 10,
      "denies": 3,
      "dn_t": null,
      "firstblood_claimed": null,
      "gold": 1901,
      "gold_per_min": 334,
      "gold_reasons": null,
      "gold_spent": 11200,
      "gold_t": null,
      "hero_damage": 22755,
      "hero_healing": 0,
      "hero_hits": null,
      "hero_id": 63,
      "item_0": 75,
      "item_1": 236,
      "item_2": 75,
      "item_3": 168,
      "item_4": 149,
      "item_5": 63,
      "item_neutral": 381,
      "item_uses": null,
      "kill_streaks": null,
      "killed": null,
      "killed_by": null,
      "kills": 4,
      "kills_log": null,
      "lane_pos": null,
      "last_hits": 146,
      "leaver_status": 0,
      "level": 18,
      "lh_t": null,
      "life_state": null,
      "max_hero_hit": null,
      "multi_kills": null,
      "net_worth": 12661,
      "obs": null,
      "obs_left_log": null,
      "obs_log": null,
      "obs_placed": null,
      "party_id": 2,
      "party_size": 2,
      "performance_others": null,
      "permanent_buffs": [],
      "pings": null,
      "pred_vict": null,
      "purchase": null,
      "purchase_log": null,
      "randomed": null,
      "repicked": null,
      "roshans_killed": null,
      "rune_pickups": null,
      "runes": null,
      "runes_log": null,
      "sen": null,
      "sen_left_log": null,
      "sen_log": null,
      "sen_placed": null,
      "stuns": null,
      "teamfight_participation": null,
      "times": null,
      "tower_damage": 1174,
      "towers_killed": null,
      "xp_per_min": 414,
      "xp_reasons": null,
      "xp_t": null,
      "start_time": 1669911735,
      "duration": 2580,
      "cluster": 227,
      "lobby_type": 0,
      "game_mode": 22,
      "is_contributor": false,
      "patch": 51,
      "region": 20,
      "isRadiant": true,
      "total_gold": 14362,
      "total_xp": 17802,
      "kills_per_min": 0.09302325581395349,
      "kda": 0,
      "abandons": 0,
      "rank_tier": null,
      "is_subscriber": false,
      "cosmetics": [],
      "benchmarks": {
        "gold_per_min": {
          "raw": 334,
          "pct": 0.13333333333333333
        },
        "xp_per_min": {
          "raw": 414,
          "pct": 0.13333333333333333
        },
        "kills_per_min": {
          "raw": 0.09302325581395349,
          "pct": 0.4
        },
        "last_hits_per_min": {
          "raw": 3.395348837209302,
          "pct": 0.2
        },
        "hero_damage_per_min": {
          "raw": 529.1860465116279,
          "pct": 0.3333333333333333
        },
        "hero_healing_per_min": {
          "raw": 0,
          "pct": 0.9333333333333333
        },
        "tower_damage": {
          "raw": 1174,
          "pct": 0.4
        },
        "stuns_per_min": {
          "raw": 0,
          "pct": 0.5333333333333333
        },
        "lhten": {}
      }
    },
    {
      "player_slot": 4,
      "ability_targets": null,
      "ability_upgrades_arr": [
        5028,
        5027,
        5029,
        5028,
        5028,
        5030,
        5028,
        5027,
        5027,
        6105,
        5027,
        5030,
        5029,
        5029,
        7394,
        5029,
        5030,
        7021
      ],
      "ability_uses": null,
      "actions": null,
      "additional_units": null,
      "assists": 3,
      "backpack_0": 485,
      "backpack_1": 0,
      "backpack_2": 0,
      "backpack_3": null,
      "buyback_log": null,
      "camps_stacked": null,
      "connection_log": null,
      "creeps_stacked": null,
      "damage": null,
      "damage_inflictor": null,
      "damage_inflictor_received": null,
      "damage_taken": null,
      "damage_targets": null,
      "deaths": 8,
      "denies": 7,
      "dn_t": null,
      "firstblood_claimed": null,
      "gold": 247,
      "gold_per_min": 454,
      "gold_reasons": null,
      "gold_spent": 16250,
      "gold_t": null,
      "hero_damage": 20714,
      "hero_healing": 565,
      "hero_hits": null,
      "hero_id": 8,
      "item_0": 50,
      "item_1": 147,
      "item_2": 143,
      "item_3": 75,
      "item_4": 145,
      "item_5": 7,
      "item_neutral": 571,
      "item_uses": null,
      "kill_streaks": null,
      "killed": null,
      "killed_by": null,
      "kills": 4,
      "kills_log": null,
      "lane_pos": null,
      "last_hits": 271,
      "leaver_status": 0,
      "level": 22,
      "lh_t": null,
      "life_state": null,
      "max_hero_hit": null,
      "multi_kills": null,
      "net_worth": 15927,
      "obs": null,
      "obs_left_log": null,
      "obs_log": null,
      "obs_placed": null,
      "party_id": 2,
      "party_size": 2,
      "performance_others": null,
      "permanent_buffs": [],
      "pings": null,
      "pred_vict": null,
      "purchase": null,
      "purchase_log": null,
      "randomed": null,
      "repicked": null,
      "roshans_killed": null,
      "rune_pickups": null,
      "runes": null,
      "runes_log": null,
      "sen": null,
      "sen_left_log": null,
      "sen_log": null,
      "sen_placed": null,
      "stuns": null,
      "teamfight_participation": null,
      "times": null,
      "tower_damage": 0,
      "towers_killed": null,
      "xp_per_min": 651,
      "xp_reasons": null,
      "xp_t": null,
      "start_time": 1669911735,
      "duration": 2580,
      "cluster": 227,
      "lobby_type": 0,
      "game_mode": 22,
      "is_contributor": false,
      "patch": 51,
      "region": 20,
      "isRadiant": true,
      "total_gold": 19522,
      "total_xp": 27993,
      "kills_per_min": 0.09302325581395349,
      "kda": 0,
      "abandons": 0,
      "rank_tier": null,
      "is_subscriber": false,
      "cosmetics": [],
      "benchmarks": {
        "gold_per_min": {
          "raw": 454,
          "pct": 0.15151515151515152
        },
        "xp_per_min": {
          "raw": 651,
          "pct": 0.24242424242424243
        },
        "kills_per_min": {
          "raw": 0.09302325581395349,
          "pct": 0.09090909090909091
        },
        "last_hits_per_min": {
          "raw": 6.3023255813953485,
          "pct": 0.15151515151515152
        },
        "hero_damage_per_min": {
          "raw": 481.72093023255815,
          "pct": 0.15151515151515152
        },
        "hero_healing_per_min": {
          "raw": 13.13953488372093,
          "pct": 0.030303030303030304
        },
        "tower_damage": {
          "raw": 0,
          "pct": 0.030303030303030304
        },
        "stuns_per_min": {
          "raw": 0,
          "pct": 0.3333333333333333
        },
        "lhten": {}
      }
    },
    {
      "player_slot": 128,
      "ability_targets": null,
      "ability_upgrades_arr": [
        5353,
        5355,
        5355,
        5353,
        5355,
        5356,
        5355,
        7301,
        7301,
        7301,
        7301,
        5356,
        5353,
        5353,
        5931,
        6296,
        5356,
        830
      ],
      "ability_uses": null,
      "actions": null,
      "additional_units": null,
      "assists": 13,
      "backpack_0": 0,
      "backpack_1": 0,
      "backpack_2": 0,
      "backpack_3": null,
      "buyback_log": null,
      "camps_stacked": null,
      "connection_log": null,
      "creeps_stacked": null,
      "damage": null,
      "damage_inflictor": null,
      "damage_inflictor_received": null,
      "damage_taken": null,
      "damage_targets": null,
      "deaths": 7,
      "denies": 17,
      "dn_t": null,
      "firstblood_claimed": null,
      "gold": 4535,
      "gold_per_min": 468,
      "gold_reasons": null,
      "gold_spent": 15170,
      "gold_t": null,
      "hero_damage": 10075,
      "hero_healing": 240,
      "hero_hits": null,
      "hero_id": 71,
      "item_0": 152,
      "item_1": 154,
      "item_2": 108,
      "item_3": 92,
      "item_4": 50,
      "item_5": 40,
      "item_neutral": 1076,
      "item_uses": null,
      "kill_streaks": null,
      "killed": null,
      "killed_by": null,
      "kills": 6,
      "kills_log": null,
      "lane_pos": null,
      "last_hits": 183,
      "leaver_status": 0,
      "level": 22,
      "lh_t": null,
      "life_state": null,
      "max_hero_hit": null,
      "multi_kills": null,
      "net_worth": 18295,
      "obs": null,
      "obs_left_log": null,
      "obs_log": null,
      "obs_placed": null,
      "party_id": 3,
      "party_size": 1,
      "performance_others": null,
      "permanent_buffs": [],
      "pings": null,
      "pred_vict": null,
      "purchase": null,
      "purchase_log": null,
      "randomed": null,
      "repicked": null,
      "roshans_killed": null,
      "rune_pickups": null,
      "runes": null,
      "runes_log": null,
      "sen": null,
      "sen_left_log": null,
      "sen_log": null,
      "sen_placed": null,
      "stuns": null,
      "teamfight_participation": null,
      "times": null,
      "tower_damage": 2753,
      "towers_killed": null,
      "xp_per_min": 623,
      "xp_reasons": null,
      "xp_t": null,
      "start_time": 1669911735,
      "duration": 2580,
      "cluster": 227,
      "lobby_type": 0,
      "game_mode": 22,
      "is_contributor": false,
      "patch": 51,
      "region": 20,
      "isRadiant": false,
      "total_gold": 20124,
      "total_xp": 26789,
      "kills_per_min": 0.13953488372093023,
      "kda": 2,
      "abandons": 0,
      "rank_tier": null,
      "is_subscriber": false,
      "cosmetics": [],
      "benchmarks": {
        "gold_per_min": {
          "raw": 468,
          "pct": 0.6
        },
        "xp_per_min": {
          "raw": 623,
          "pct": 0.575
        },
        "kills_per_min": {
          "raw": 0.13953488372093023,
          "pct": 0.575
        },
        "last_hits_per_min": {
          "raw": 4.255813953488372,
          "pct": 0.55
        },
        "hero_damage_per_min": {
          "raw": 234.30232558139534,
          "pct": 0.075
        },
        "hero_healing_per_min": {
          "raw": 5.5813953488372094,
          "pct": 0.95
        },
        "tower_damage": {
          "raw": 2753,
          "pct": 0.85
        },
        "stuns_per_min": {
          "raw": 0,
          "pct": 0
        },
        "lhten": {}
      }
    },
    {
      "player_slot": 129,
      "ability_targets": null,
      "ability_upgrades_arr": [
        5190,
        5191,
        5192,
        5190,
        5190,
        5193,
        5190,
        5191,
        5191,
        5191,
        483,
        5193,
        5192,
        5192,
        6848,
        5192,
        5193,
        1074,
        6847,
        559,
        490,
        491
      ],
      "ability_uses": null,
      "actions": null,
      "additional_units": null,
      "assists": 6,
      "backpack_0": 0,
      "backpack_1": 0,
      "backpack_2": 0,
      "backpack_3": null,
      "buyback_log": null,
      "camps_stacked": null,
      "connection_log": null,
      "creeps_stacked": null,
      "damage": null,
      "damage_inflictor": null,
      "damage_inflictor_received": null,
      "damage_taken": null,
      "damage_targets": null,
      "deaths": 0,
      "denies": 4,
      "dn_t": null,
      "firstblood_claimed": null,
      "gold": 6972,
      "gold_per_min": 849,
      "gold_reasons": null,
      "gold_spent": 30430,
      "gold_t": null,
      "hero_damage": 50480,
      "hero_healing": 0,
      "hero_hits": null,
      "hero_id": 44,
      "item_0": 208,
      "item_1": 116,
      "item_2": 168,
      "item_3": 63,
      "item_4": 145,
      "item_5": 135,
      "item_neutral": 361,
      "item_uses": null,
      "kill_streaks": null,
      "killed": null,
      "killed_by": null,
      "kills": 20,
      "kills_log": null,
      "lane_pos": null,
      "last_hits": 455,
      "leaver_status": 0,
      "level": 29,
      "lh_t": null,
      "life_state": null,
      "max_hero_hit": null,
      "multi_kills": null,
      "net_worth": 37147,
      "obs": null,
      "obs_left_log": null,
      "obs_log": null,
      "obs_placed": null,
      "party_id": 4,
      "party_size": 3,
      "performance_others": null,
      "permanent_buffs": [
        {
          "permanent_buff": 2,
          "stack_count": 0,
          "grant_time": 2532
        }
      ],
      "pings": null,
      "pred_vict": null,
      "purchase": null,
      "purchase_log": null,
      "randomed": null,
      "repicked": null,
      "roshans_killed": null,
      "rune_pickups": null,
      "runes": null,
      "runes_log": null,
      "sen": null,
      "sen_left_log": null,
      "sen_log": null,
      "sen_placed": null,
      "stuns": null,
      "teamfight_participation": null,
      "times": null,
      "tower_damage": 15037,
      "towers_killed": null,
      "xp_per_min": 948,
      "xp_reasons": null,
      "xp_t": null,
      "personaname": "国际劫匪",
      "name": null,
      "last_login": null,
      "start_time": 1669911735,
      "duration": 2580,
      "cluster": 227,
      "lobby_type": 0,
      "game_mode": 22,
      "is_contributor": false,
      "patch": 51,
      "region": 20,
      "isRadiant": false,
      "total_gold": 36507,
      "total_xp": 40764,
      "kills_per_min": 0.46511627906976744,
      "kda": 26,
      "abandons": 0,
      "rank_tier": 21,
      "is_subscriber": false,
      "cosmetics": [],
      "benchmarks": {
        "gold_per_min": {
          "raw": 849,
          "pct": 0.9259259259259259
        },
        "xp_per_min": {
          "raw": 948,
          "pct": 0.8518518518518519
        },
        "kills_per_min": {
          "raw": 0.46511627906976744,
          "pct": 0.8518518518518519
        },
        "last_hits_per_min": {
          "raw": 10.58139534883721,
          "pct": 1
        },
        "hero_damage_per_min": {
          "raw": 1173.953488372093,
          "pct": 0.9259259259259259
        },
        "hero_healing_per_min": {
          "raw": 0,
          "pct": 0.9629629629629629
        },
        "tower_damage": {
          "raw": 15037,
          "pct": 0.9259259259259259
        },
        "stuns_per_min": {
          "raw": 0,
          "pct": 0.4074074074074074
        },
        "lhten": {}
      }
    },
    {
      "player_slot": 130,
      "ability_targets": null,
      "ability_upgrades_arr": [
        5286,
        5285,
        5286,
        5287,
        5286,
        5288,
        5286,
        5285,
        5287,
        5285,
        5285,
        5288,
        484,
        5287,
        5287,
        959,
        5288,
        6018
      ],
      "ability_uses": null,
      "actions": null,
      "additional_units": null,
      "assists": 12,
      "backpack_0": 43,
      "backpack_1": 41,
      "backpack_2": 37,
      "backpack_3": null,
      "buyback_log": null,
      "camps_stacked": null,
      "connection_log": null,
      "creeps_stacked": null,
      "damage": null,
      "damage_inflictor": null,
      "damage_inflictor_received": null,
      "damage_taken": null,
      "damage_targets": null,
      "deaths": 3,
      "denies": 12,
      "dn_t": null,
      "firstblood_claimed": null,
      "gold": 1482,
      "gold_per_min": 611,
      "gold_reasons": null,
      "gold_spent": 24785,
      "gold_t": null,
      "hero_damage": 26580,
      "hero_healing": 0,
      "hero_hits": null,
      "hero_id": 62,
      "item_0": 50,
      "item_1": 145,
      "item_2": 226,
      "item_3": 125,
      "item_4": 108,
      "item_5": 235,
      "item_neutral": 680,
      "item_uses": null,
      "kill_streaks": null,
      "killed": null,
      "killed_by": null,
      "kills": 10,
      "kills_log": null,
      "lane_pos": null,
      "last_hits": 128,
      "leaver_status": 0,
      "level": 23,
      "lh_t": null,
      "life_state": null,
      "max_hero_hit": null,
      "multi_kills": null,
      "net_worth": 24557,
      "obs": null,
      "obs_left_log": null,
      "obs_log": null,
      "obs_placed": null,
      "party_id": 4,
      "party_size": 3,
      "performance_others": null,
      "permanent_buffs": [
        {
          "permanent_buff": 10,
          "stack_count": 2484,
          "grant_time": 229
        }
      ],
      "pings": null,
      "pred_vict": null,
      "purchase": null,
      "purchase_log": null,
      "randomed": null,
      "repicked": null,
      "roshans_killed": null,
      "rune_pickups": null,
      "runes": null,
      "runes_log": null,
      "sen": null,
      "sen_left_log": null,
      "sen_log": null,
      "sen_placed": null,
      "stuns": null,
      "teamfight_participation": null,
      "times": null,
      "tower_damage": 3462,
      "towers_killed": null,
      "xp_per_min": 695,
      "xp_reasons": null,
      "xp_t": null,
      "personaname": "lucky",
      "name": null,
      "last_login": null,
      "start_time": 1669911735,
      "duration": 2580,
      "cluster": 227,
      "lobby_type": 0,
      "game_mode": 22,
      "is_contributor": false,
      "patch": 51,
      "region": 20,
      "isRadiant": false,
      "total_gold": 26273,
      "total_xp": 29885,
      "kills_per_min": 0.23255813953488372,
      "kda": 5,
      "abandons": 0,
      "rank_tier": 25,
      "is_subscriber": false,
      "cosmetics": [],
      "benchmarks": {
        "gold_per_min": {
          "raw": 611,
          "pct": 0.8333333333333334
        },
        "xp_per_min": {
          "raw": 695,
          "pct": 0.8888888888888888
        },
        "kills_per_min": {
          "raw": 0.23255813953488372,
          "pct": 0.7777777777777778
        },
        "last_hits_per_min": {
          "raw": 2.9767441860465116,
          "pct": 0.6666666666666666
        },
        "hero_damage_per_min": {
          "raw": 618.139534883721,
          "pct": 0.6111111111111112
        },
        "hero_healing_per_min": {
          "raw": 0,
          "pct": 0.9444444444444444
        },
        "tower_damage": {
          "raw": 3462,
          "pct": 0.9444444444444444
        },
        "stuns_per_min": {
          "raw": 0,
          "pct": 0.1111111111111111
        },
        "lhten": {}
      }
    },
    {
      "player_slot": 131,
      "ability_targets": null,
      "ability_upgrades_arr": [
        5601,
        879,
        5601,
        886,
        5601,
        5599,
        879,
        5601,
        879,
        6997,
        879,
        5599,
        886,
        886,
        6282,
        886,
        5599,
        412
      ],
      "ability_uses": null,
      "actions": null,
      "additional_units": null,
      "assists": 8,
      "backpack_0": 356,
      "backpack_1": 0,
      "backpack_2": 0,
      "backpack_3": null,
      "buyback_log": null,
      "camps_stacked": null,
      "connection_log": null,
      "creeps_stacked": null,
      "damage": null,
      "damage_inflictor": null,
      "damage_inflictor_received": null,
      "damage_taken": null,
      "damage_targets": null,
      "deaths": 2,
      "denies": 5,
      "dn_t": null,
      "firstblood_claimed": null,
      "gold": 3598,
      "gold_per_min": 366,
      "gold_reasons": null,
      "gold_spent": 12510,
      "gold_t": null,
      "hero_damage": 14369,
      "hero_healing": 390,
      "hero_hits": null,
      "hero_id": 105,
      "item_0": 121,
      "item_1": 0,
      "item_2": 114,
      "item_3": 180,
      "item_4": 0,
      "item_5": 0,
      "item_neutral": 311,
      "item_uses": null,
      "kill_streaks": null,
      "killed": null,
      "killed_by": null,
      "kills": 1,
      "kills_log": null,
      "lane_pos": null,
      "last_hits": 159,
      "leaver_status": 0,
      "level": 21,
      "lh_t": null,
      "life_state": null,
      "max_hero_hit": null,
      "multi_kills": null,
      "net_worth": 14398,
      "obs": null,
      "obs_left_log": null,
      "obs_log": null,
      "obs_placed": null,
      "party_id": 4,
      "party_size": 3,
      "performance_others": null,
      "permanent_buffs": [
        {
          "permanent_buff": 6,
          "stack_count": 4,
          "grant_time": 1092
        }
      ],
      "pings": null,
      "pred_vict": null,
      "purchase": null,
      "purchase_log": null,
      "randomed": null,
      "repicked": null,
      "roshans_killed": null,
      "rune_pickups": null,
      "runes": null,
      "runes_log": null,
      "sen": null,
      "sen_left_log": null,
      "sen_log": null,
      "sen_placed": null,
      "stuns": null,
      "teamfight_participation": null,
      "times": null,
      "tower_damage": 4734,
      "towers_killed": null,
      "xp_per_min": 575,
      "xp_reasons": null,
      "xp_t": null,
      "personaname": "小笼包是萌妹子",
      "name": null,
      "last_login": null,
      "start_time": 1669911735,
      "duration": 2580,
      "cluster": 227,
      "lobby_type": 0,
      "game_mode": 22,
      "is_contributor": false,
      "patch": 51,
      "region": 20,
      "isRadiant": false,
      "total_gold": 15738,
      "total_xp": 24725,
      "kills_per_min": 0.023255813953488372,
      "kda": 3,
      "abandons": 0,
      "rank_tier": 34,
      "is_subscriber": false,
      "cosmetics": [],
      "benchmarks": {
        "gold_per_min": {
          "raw": 366,
          "pct": 0.4375
        },
        "xp_per_min": {
          "raw": 575,
          "pct": 0.53125
        },
        "kills_per_min": {
          "raw": 0.023255813953488372,
          "pct": 0.0625
        },
        "last_hits_per_min": {
          "raw": 3.6976744186046515,
          "pct": 0.78125
        },
        "hero_damage_per_min": {
          "raw": 334.1627906976744,
          "pct": 0.0625
        },
        "hero_healing_per_min": {
          "raw": 9.069767441860465,
          "pct": 0.9375
        },
        "tower_damage": {
          "raw": 4734,
          "pct": 0.90625
        },
        "stuns_per_min": {
          "raw": 0,
          "pct": 0.0625
        },
        "lhten": {}
      }
    },
    {
      "player_slot": 132,
      "ability_targets": null,
      "ability_upgrades_arr": [
        5120,
        5119,
        5118,
        5120,
        5120,
        5121,
        5120,
        5119,
        5118,
        963,
        5119,
        5121,
        5119,
        5118,
        6946,
        5118,
        5121,
        6947
      ],
      "ability_uses": null,
      "actions": null,
      "additional_units": null,
      "assists": 12,
      "backpack_0": 0,
      "backpack_1": 0,
      "backpack_2": 0,
      "backpack_3": null,
      "buyback_log": null,
      "camps_stacked": null,
      "connection_log": null,
      "creeps_stacked": null,
      "damage": null,
      "damage_inflictor": null,
      "damage_inflictor_received": null,
      "damage_taken": null,
      "damage_targets": null,
      "deaths": 5,
      "denies": 6,
      "dn_t": null,
      "firstblood_claimed": null,
      "gold": 3742,
      "gold_per_min": 458,
      "gold_reasons": null,
      "gold_spent": 16035,
      "gold_t": null,
      "hero_damage": 15529,
      "hero_healing": 0,
      "hero_hits": null,
      "hero_id": 29,
      "item_0": 110,
      "item_1": 1,
      "item_2": 108,
      "item_3": 73,
      "item_4": 180,
      "item_5": 0,
      "item_neutral": 834,
      "item_uses": null,
      "kill_streaks": null,
      "killed": null,
      "killed_by": null,
      "kills": 3,
      "kills_log": null,
      "lane_pos": null,
      "last_hits": 223,
      "leaver_status": 0,
      "level": 23,
      "lh_t": null,
      "life_state": null,
      "max_hero_hit": null,
      "multi_kills": null,
      "net_worth": 18497,
      "obs": null,
      "obs_left_log": null,
      "obs_log": null,
      "obs_placed": null,
      "party_id": 5,
      "party_size": 1,
      "performance_others": null,
      "permanent_buffs": [
        {
          "permanent_buff": 12,
          "stack_count": 0,
          "grant_time": 1577
        }
      ],
      "pings": null,
      "pred_vict": null,
      "purchase": null,
      "purchase_log": null,
      "randomed": null,
      "repicked": null,
      "roshans_killed": null,
      "rune_pickups": null,
      "runes": null,
      "runes_log": null,
      "sen": null,
      "sen_left_log": null,
      "sen_log": null,
      "sen_placed": null,
      "stuns": null,
      "teamfight_participation": null,
      "times": null,
      "tower_damage": 1768,
      "towers_killed": null,
      "xp_per_min": 682,
      "xp_reasons": null,
      "xp_t": null,
      "personaname": "打的好不如排的好",
      "name": null,
      "last_login": null,
      "start_time": 1669911735,
      "duration": 2580,
      "cluster": 227,
      "lobby_type": 0,
      "game_mode": 22,
      "is_contributor": false,
      "patch": 51,
      "region": 20,
      "isRadiant": false,
      "total_gold": 19694,
      "total_xp": 29326,
      "kills_per_min": 0.06976744186046512,
      "kda": 2,
      "abandons": 0,
      "rank_tier": 24,
      "is_subscriber": false,
      "cosmetics": [],
      "benchmarks": {
        "gold_per_min": {
          "raw": 458,
          "pct": 0.55
        },
        "xp_per_min": {
          "raw": 682,
          "pct": 0.55
        },
        "kills_per_min": {
          "raw": 0.06976744186046512,
          "pct": 0.2
        },
        "last_hits_per_min": {
          "raw": 5.186046511627906,
          "pct": 0.55
        },
        "hero_damage_per_min": {
          "raw": 361.1395348837209,
          "pct": 0.25
        },
        "hero_healing_per_min": {
          "raw": 0,
          "pct": 0.6
        },
        "tower_damage": {
          "raw": 1768,
          "pct": 0.5
        },
        "stuns_per_min": {
          "raw": 0,
          "pct": 0
        },
        "lhten": {}
      }
    }
  ],
  "patch": 51,
  "region": 20
}