{
  "chat": null,
  "cluster": 188,
  "cosmetics": null,
  "dire_score": 16,
  "dire_team_id": null,
  "draft_timings": null,
  "duration": 1552,
  "engine": 1,
  "first_blood_time": 130,
  "game_mode": 23,
  "human_players": 10,
  "leagueid": 0,
  "lobby_type": 0,
  "match_seq_num": 5780333407,
  "negative_votes": 0,
  "objectives": null,
  "picks_bans": null,
  "positive_votes": 0,
  "radiant_gold_adv": null,
  "radiant_score": 33,
  "radiant_team_id": null,
  "radiant_xp_adv": null,
  "skill": null,
  "start_time": 1669911837,
  "teamfights": null,
  "version": null,
  "replay_salt": 1532642057,
  "series_id": 0,
  "series_type": 0,
  "players": [
    {
      "player_slot": 0,
      "ability_targets": null,
      "ability_upgrades_arr": [
        5290,
        5291,
        5289,
        5290,
        5289,
        5289,
        5289,
        5291,
        5291,
        5291,
        5292,
        5290,
        5290,
        6250,
        5292,
        6989,
        5292,
        6131,
        6990,
        6200
      ],
      "ability_uses": null,
      "actions": null,
      "additional_units": null,
      "assists": 9,
      "backpack_0": 0,
      "backpack_1": 0,
      "backpack_2": 0,
      "backpack_3": null,
      "buyback_log": null,
      "camps_stacked": null,
      "connection_log": null,
      "creeps_stacked": null,
      "damage": null,
      "damage_inflictor": null,
      "damage_inflictor_received": null,
      "damage_taken": null,
      "damage_targets": null,
      "deaths": 0,
      "denies": 8,
      "dn_t": null,
      "firstblood_claimed": null,
      "gold": 5949,
      "gold_per_min": 1287,
      "gold_reasons": null,
      "gold_spent": 27965,
      "gold_t": null,
      "hero_damage": 18538,
      "hero_healing": 0,
      "hero_hits": null,
      "hero_id": 63,
      "item_0": 63,
      "item_1": 116,
      "item_2": 160,
      "item_3": 156,
      "item_4": 1466,
      "item_5": 141,
      "item_neutral": 573,
      "item_uses": null,
      "kill_streaks": null,
      "killed": null,
      "killed_by": null,
      "kills": 8,
      "kills_log": null,
      "lane_pos": null,
      "last_hits": 158,
      "leaver_status": 0,
      "level": 28,
      "lh_t": null,
      "life_state": null,
      "max_hero_hit": null,
      "multi_kills": null,
      "net_worth": 33249,
      "obs": null,
      "obs_left_log": null,
      "obs_log": null,
      "obs_placed": null,
      "party_id": 0,
      "party_size": 3,
      "performance_others": null,
      "permanent_buffs": [
        {
          "permanent_buff": 6,
          "stack_count": 1,
          "grant_time": 823
        }
      ],
      "pings": null,
      "pred_vict": null,
      "purchase": null,
      "purchase_log": null,
      "randomed": null,
      "repicked": null,
      "roshans_killed": null,
      "rune_pickups": null,
      "runes": null,
      "runes_log": null,
      "sen": null,
      "sen_left_log": null,
      "sen_log": null,
      "sen_placed": null,
      "stuns": null,
      "teamfight_participation": null,
      "times": null,
      "tower_damage": 11086,
      "towers_killed": null,
      "xp_per_min": 1466,
      "xp_reasons": null,
      "xp_t": null,
      "personaname": "Avaritia",
      "name": null,
      "last_login": "2021-11-29T23:03:48.079Z",
      "start_time": 1669911837,
      "duration": 1552,
      "cluster": 188,
      "lobby_type": 0,
      "game_mode": 23,
      "is_contributor": false,
      "patch": 51,
      "region": 8,
      "isRadiant": true,
      "total_gold": 33290,
      "total_xp": 37920,
      "kills_per_min": 0.30927835051546393,
      "kda": 17,
      "abandons": 0,
      "rank_tier": 33,
      "is_subscriber": false,
      "cosmetics": [],
      "benchmarks": {
        "gold_per_min": {
          "raw": 1287,
          "pct": 1
        },
        "xp_per_min": {
          "raw": 1466,
          "pct": 1
        },
        "kills_per_min": {
          "raw": 0.30927835051546393,
          "pct": 0.8
        },
        "last_hits_per_min": {
          "raw": 6.108247422680412,
          "pct": 0.5333333333333333
        },
        "hero_damage_per_min": {
          "raw": 716.6752577319588,
          "pct": 0.6
        },
        "hero_healing_per_min": {
          "raw": 0,
          "pct": 0.9333333333333333
        },
        "tower_damage": {
          "raw": 11086,
          "pct": 0.9333333333333333
        },
        "stuns_per_min": {
          "raw": 0,
          "pct": 0.5333333333333333
        },
        "lhten": {}
      }
    },
    {
      "player_slot": 1,
      "ability_targets": null,
      "ability_upgrades_arr": [
        5471,
        5473,
        5471,
        5473,
        5471,
        5474,
        5471,
        5473,
        5473,
        657,
        532,
        5474,
        532,
        532,
        527,
        532,
        5474,
        664,
        624
      ],
      "ability_uses": null,
      "actions": null,
      "additional_units": null,
      "assists": 17,
      "backpack_0": 218,
      "backpack_1": 59,
      "backpack_2": 61,
      "backpack_3": null,
      "buyback_log": null,
      "camps_stacked": null,
      "connection_log": null,
      "creeps_stacked": null,
      "damage": null,
      "damage_inflictor": null,
      "damage_inflictor_received": null,
      "damage_taken": null,
      "damage_targets": null,
      "deaths": 2,
      "denies": 0,
      "dn_t": null,
      "firstblood_claimed": null,
      "gold": 76,
      "gold_per_min": 721,
      "gold_reasons": null,
      "gold_spent": 19200,
      "gold_t": null,
      "hero_damage": 10860,
      "hero_healing": 3453,
      "hero_hits": null,
      "hero_id": 90,
      "item_0": 214,
      "item_1": 108,
      "item_2": 102,
      "item_3": 232,
      "item_4": 226,
      "item_5": 254,
      "item_neutral": 336,
      "item_uses": null,
      "kill_streaks": null,
      "killed": null,
      "killed_by": null,
      "kills": 2,
      "kills_log": null,
      "lane_pos": null,
      "last_hits": 38,
      "leaver_status": 0,
      "level": 26,
      "lh_t": null,
      "life_state": null,
      "max_hero_hit": null,
      "multi_kills": null,
      "net_worth": 18626,
      "obs": null,
      "obs_left_log": null,
      "obs_log": null,
      "obs_placed": null,
      "party_id": 0,
      "party_size": 3,
      "performance_others": null,
      "permanent_buffs": [],
      "pings": null,
      "pred_vict": null,
      "purchase": null,
      "purchase_log": null,
      "randomed": null,
      "repicked": null,
      "roshans_killed": null,
      "rune_pickups": null,
      "runes": null,
      "runes_log": null,
      "sen": null,
      "sen_left_log": null,
      "sen_log": null,
      "sen_placed": null,
      "stuns": null,
      "teamfight_participation": null,
      "times": null,
      "tower_damage": 369,
      "towers_killed": null,
      "xp_per_min": 1372,
      "xp_reasons": null,
      "xp_t": null,
      "personaname": "TɐPøK",
      "name": null,
      "last_login": null,
      "start_time": 1669911837,
      "duration": 1552,
      "cluster": 188,
      "lobby_type": 0,
      "game_mode": 23,
      "is_contributor": false,
      "patch": 51,
      "region": 8,
      "isRadiant": true,
      "total_gold": 18649,
      "total_xp": 35489,
      "kills_per_min": 0.07731958762886598,
      "kda": 6,
      "abandons": 0,
      "rank_tier": 34,
      "is_subscriber": false,
      "cosmetics": [],
      "benchmarks": {
        "gold_per_min": {
          "raw": 721,
          "pct": 1
        },
        "xp_per_min": {
          "raw": 1372,
          "pct": 1
        },
        "kills_per_min": {
          "raw": 0.07731958762886598,
          "pct": 0.35
        },
        "last_hits_per_min": {
          "raw": 1.4690721649484535,
          "pct": 0.05
        },
        "hero_damage_per_min": {
          "raw": 419.8453608247423,
          "pct": 0.4
        },
        "hero_healing_per_min": {
          "raw": 133.4922680412371,
          "pct": 0.4
        },
        "tower_damage": {
          "raw": 369,
          "pct": 0.6
        },
        "stuns_per_min": {
          "raw": 0,
          "pct": 0.8
        },
        "lhten": {}
      }
    },
    {
      "player_slot": 2,
      "ability_targets": null,
      "ability_upgrades_arr": [
        338,
        5435,
        5435,
        5436,
        5435,
        5437,
        5435,
        5436,
        5436,
        339,
        5436,
        5437,
        338,
        338,
        338,
        6955,
        5437,
        756,
        7115,
        755
      ],
      "ability_uses": null,
      "actions": null,
      "additional_units": null,
      "assists": 25,
      "backpack_0": 40,
      "backpack_1": 188,
      "backpack_2": 0,
      "backpack_3": null,
      "buyback_log": null,
      "camps_stacked": null,
      "connection_log": null,
      "creeps_stacked": null,
      "damage": null,
      "damage_inflictor": null,
      "damage_inflictor_received": null,
      "damage_taken": null,
      "damage_targets": null,
      "deaths": 7,
      "denies": 2,
      "dn_t": null,
      "firstblood_claimed": null,
      "gold": 1258,
      "gold_per_min": 684,
      "gold_reasons": null,
      "gold_spent": 17185,
      "gold_t": null,
      "hero_damage": 9666,
      "hero_healing": 8431,
      "hero_hits": null,
      "hero_id": 83,
      "item_0": 102,
      "item_1": 180,
      "item_2": 1,
      "item_3": 36,
      "item_4": 277,
      "item_5": 108,
      "item_neutral": 300,
      "item_uses": null,
      "kill_streaks": null,
      "killed": null,
      "killed_by": null,
      "kills": 2,
      "kills_log": null,
      "lane_pos": null,
      "last_hits": 8,
      "leaver_status": 0,
      "level": 27,
      "lh_t": null,
      "life_state": null,
      "max_hero_hit": null,
      "multi_kills": null,
      "net_worth": 17388,
      "obs": null,
      "obs_left_log": null,
      "obs_log": null,
      "obs_placed": null,
      "party_id": 0,
      "party_size": 3,
      "performance_others": null,
      "permanent_buffs": [
        {
          "permanent_buff": 12,
          "stack_count": 0,
          "grant_time": 852
        }
      ],
      "pings": null,
      "pred_vict": null,
      "purchase": null,
      "purchase_log": null,
      "randomed": null,
      "repicked": null,
      "roshans_killed": null,
      "rune_pickups": null,
      "runes": null,
      "runes_log": null,
      "sen": null,
      "sen_left_log": null,
      "sen_log": null,
      "sen_placed": null,
      "stuns": null,
      "teamfight_participation": null,
      "times": null,
      "tower_damage": 358,
      "towers_killed": null,
      "xp_per_min": 1440,
      "xp_reasons": null,
      "xp_t": null,
      "personaname": "BrazzerShop",
      "name": null,
      "last_login": null,
      "start_time": 1669911837,
      "duration": 1552,
      "cluster": 188,
      "lobby_type": 0,
      "game_mode": 23,
      "is_contributor": false,
      "patch": 51,
      "region": 8,
      "isRadiant": true,
      "total_gold": 17692,
      "total_xp": 37248,
      "kills_per_min": 0.07731958762886598,
      "kda": 3,
      "abandons": 0,
      "rank_tier": 45,
      "is_subscriber": false,
      "cosmetics": [],
      "benchmarks": {
        "gold_per_min": {
          "raw": 684,
          "pct": 1
        },
        "xp_per_min": {
          "raw": 1440,
          "pct": 1
        },
        "kills_per_min": {
          "raw": 0.07731958762886598,
          "pct": 0.4482758620689655
        },
        "last_hits_per_min": {
          "raw": 0.30927835051546393,
          "pct": 0
        },
        "hero_damage_per_min": {
          "raw": 373.6855670103092,
          "pct": 0.5862068965517241
        },
        "hero_healing_per_min": {
          "raw": 325.94072164948454,
          "pct": 1
        },
        "tower_damage": {
          "raw": 358,
          "pct": 0.5172413793103449
        },
        "stuns_per_min": {
          "raw": 0,
          "pct": 0
        },
        "lhten": {}
      }
    },
    {
      "player_slot": 3,
      "ability_targets": null,
      "ability_upgrades_arr": [
        5062,
        5062,
        5063,
        5063,
        5062,
        5063,
        5062,
        5063,
        5060,
        6016,
        5064,
        730,
        730,
        5060,
        5060,
        5060,
        6875,
        5064,
        5064,
        6670,
        1072,
        999,
        6070,
        815
      ],
      "ability_uses": null,
      "actions": null,
      "additional_units": null,
      "assists": 14,
      "backpack_0": 75,
      "backpack_1": 0,
      "backpack_2": 0,
      "backpack_3": null,
      "buyback_log": null,
      "camps_stacked": null,
      "connection_log": null,
      "creeps_stacked": null,
      "damage": null,
      "damage_inflictor": null,
      "damage_inflictor_received": null,
      "damage_taken": null,
      "damage_targets": null,
      "deaths": 3,
      "denies": 8,
      "dn_t": null,
      "firstblood_claimed": null,
      "gold": 2981,
      "gold_per_min": 1362,
      "gold_reasons": null,
      "gold_spent": 33220,
      "gold_t": null,
      "hero_damage": 22787,
      "hero_healing": 0,
      "hero_hits": null,
      "hero_id": 11,
      "item_0": 135,
      "item_1": 116,
      "item_2": 48,
      "item_3": 263,
      "item_4": 604,
      "item_5": 172,
      "item_neutral": 288,
      "item_uses": null,
      "kill_streaks": null,
      "killed": null,
      "killed_by": null,
      "kills": 9,
      "kills_log": null,
      "lane_pos": null,
      "last_hits": 139,
      "leaver_status": 0,
      "level": 29,
      "lh_t": null,
      "life_state": null,
      "max_hero_hit": null,
      "multi_kills": null,
      "net_worth": 35236,
      "obs": null,
      "obs_left_log": null,
      "obs_log": null,
      "obs_placed": null,
      "party_id": 1,
      "party_size": 2,
      "performance_others": null,
      "permanent_buffs": [
        {
          "permanent_buff": 2,
          "stack_count": 0,
          "grant_time": 1433
        },
        {
          "permanent_buff": 12,
          "stack_count": 0,
          "grant_time": 1519
        }
      ],
      "pings": null,
      "pred_vict": null,
      "purchase": null,
      "purchase_log": null,
      "randomed": null,
      "repicked": null,
      "roshans_killed": null,
      "rune_pickups": null,
      "runes": null,
      "runes_log": null,
      "sen": null,
      "sen_left_log": null,
      "sen_log": null,
      "sen_placed": null,
      "stuns": null,
      "teamfight_participation": null,
      "times": null,
      "tower_damage": 16000,
      "towers_killed": null,
      "xp_per_min": 1864,
      "xp_reasons": null,
      "xp_t": null,
      "personaname": "aleks",
      "name": null,
      "last_login": null,
      "start_time": 1669911837,
      "duration": 1552,
      "cluster": 188,
      "lobby_type": 0,
      "game_mode": 23,
      "is_contributor": false,
      "patch": 51,
      "region": 8,
      "isRadiant": true,
      "total_gold": 35230,
      "total_xp": 48215,
      "kills_per_min": 0.3479381443298969,
      "kda": 5,
      "abandons": 0,
      "rank_tier": 33,
      "is_subscriber": false,
      "cosmetics": [],
      "benchmarks": {
        "gold_per_min": {
          "raw": 1362,
          "pct": 1
        },
        "xp_per_min": {
          "raw": 1864,
          "pct": 1
        },
        "kills_per_min": {
          "raw": 0.3479381443298969,
          "pct": 0.78
        },
        "last_hits_per_min": {
          "raw": 5.373711340206186,
          "pct": 0.16
        },
        "hero_damage_per_min": {
          "raw": 880.9407216494845,
          "pct": 0.8
        },
        "hero_healing_per_min": {
          "raw": 0,
          "pct": 0.88
        },
        "tower_damage": {
          "raw": 16000,
          "pct": 0.9
        },
        "stuns_per_min": {
          "raw": 0,
          "pct": 0.02
        },
        "lhten": {}
      }
    },
    {
      "player_slot": 4,
      "ability_targets": null,
      "ability_upgrades_arr": [
        5182,
        5184,
        5182,
        5184,
        5182,
        5185,
        5182,
        5184,
        5184,
        5691,
        730,
        5185,
        730,
        730,
        7388,
        730,
        730,
        5185,
        730,
        6807,
        730,
        867,
        5691,
        5691,
        7001
      ],
      "ability_uses": null,
      "actions": null,
      "additional_units": null,
      "assists": 15,
      "backpack_0": 0,
      "backpack_1": 0,
      "backpack_2": 0,
      "backpack_3": null,
      "buyback_log": null,
      "camps_stacked": null,
      "connection_log": null,
      "creeps_stacked": null,
      "damage": null,
      "damage_inflictor": null,
      "damage_inflictor_received": null,
      "damage_taken": null,
      "damage_targets": null,
      "deaths": 4,
      "denies": 6,
      "dn_t": null,
      "firstblood_claimed": null,
      "gold": 3231,
      "gold_per_min": 1220,
      "gold_reasons": null,
      "gold_spent": 29940,
      "gold_t": null,
      "hero_damage": 26390,
      "hero_healing": 0,
      "hero_hits": null,
      "hero_id": 41,
      "item_0": 172,
      "item_1": 116,
      "item_2": 123,
      "item_3": 158,
      "item_4": 135,
      "item_5": 160,
      "item_neutral": 571,
      "item_uses": null,
      "kill_streaks": null,
      "killed": null,
      "killed_by": null,
      "kills": 11,
      "kills_log": null,
      "lane_pos": null,
      "last_hits": 116,
      "leaver_status": 0,
      "level": 28,
      "lh_t": null,
      "life_state": null,
      "max_hero_hit": null,
      "multi_kills": null,
      "net_worth": 30931,
      "obs": null,
      "obs_left_log": null,
      "obs_log": null,
      "obs_placed": null,
      "party_id": 1,
      "party_size": 2,
      "performance_others": null,
      "permanent_buffs": [
        {
          "permanent_buff": 12,
          "stack_count": 0,
          "grant_time": 924
        }
      ],
      "pings": null,
      "pred_vict": null,
      "purchase": null,
      "purchase_log": null,
      "randomed": null,
      "repicked": null,
      "roshans_killed": null,
      "rune_pickups": null,
      "runes": null,
      "runes_log": null,
      "sen": null,
      "sen_left_log": null,
      "sen_log": null,
      "sen_placed": null,
      "stuns": null,
      "teamfight_participation": null,
      "times": null,
      "tower_damage": 5103,
      "towers_killed": null,
      "xp_per_min": 1453,
      "xp_reasons": null,
      "xp_t": null,
      "start_time": 1669911837,
      "duration": 1552,
      "cluster": 188,
      "lobby_type": 0,
      "game_mode": 23,
      "is_contributor": false,
      "patch": 51,
      "region": 8,
      "isRadiant": true,
      "total_gold": 31557,
      "total_xp": 37584,
      "kills_per_min": 0.4252577319587629,
      "kda": 5,
      "abandons": 0,
      "rank_tier": null,
      "is_subscriber": false,
      "cosmetics": [],
      "benchmarks": {
        "gold_per_min": {
          "raw": 1220,
          "pct": 1
        },
        "xp_per_min": {
          "raw": 1453,
          "pct": 1
        },
        "kills_per_min": {
          "raw": 0.4252577319587629,
          "pct": 0.9666666666666667
        },
        "last_hits_per_min": {
          "raw": 4.484536082474227,
          "pct": 0.06666666666666667
        },
        "hero_damage_per_min": {
          "raw": 1020.2319587628867,
          "pct": 0.8666666666666667
        },
        "hero_healing_per_min": {
          "raw": 0,
          "pct": 1
        },
        "tower_damage": {
          "raw": 5103,
          "pct": 0.6
        },
        "stuns_per_min": {
          "raw": 0,
          "pct": 0.03333333333333333
        },
        "lhten": {}
      }
    },
    {
      "player_slot": 128,
      "ability_targets": null,
      "ability_upgrades_arr": [
        5110,
        641,
        5110,
        641,
        5110,
        5113,
        641,
        5111,
        5110,
        5903,
        641,
        5113,
        5111,
        5111,
        5111,
        934,
        5113,
        611
      ],
      "ability_uses": null,
      "actions": null,
      "additional_units": null,
      "assists": 6,
      "backpack_0": 0,
      "backpack_1": 356,
      "backpack_2": 0,
      "backpack_3": null,
      "buyback_log": null,
      "camps_stacked": null,
      "connection_log": null,
      "creeps_stacked": null,
      "damage": null,
      "damage_inflictor": null,
      "damage_inflictor_received": null,
      "damage_taken": null,
      "damage_targets": null,
      "deaths": 9,
      "denies": 1,
      "dn_t": null,
      "firstblood_claimed": null,
      "gold": 756,
      "gold_per_min": 690,
      "gold_reasons": null,
      "gold_spent": 15350,
      "gold_t": null,
      "hero_damage": 38468,
      "hero_healing": 0,
      "hero_hits": null,
      "hero_id": 22,
      "item_0": 235,
      "item_1": 0,
      "item_2": 108,
      "item_3": 36,
      "item_4": 244,
      "item_5": 48,
      "item_neutral": 675,
      "item_uses": null,
      "kill_streaks": null,
      "killed": null,
      "killed_by": null,
      "kills": 6,
      "kills_log": null,
      "lane_pos": null,
      "last_hits": 54,
      "leaver_status": 0,
      "level": 24,
      "lh_t": null,
      "life_state": null,
      "max_hero_hit": null,
      "multi_kills": null,
      "net_worth": 14831,
      "obs": null,
      "obs_left_log": null,
      "obs_log": null,
      "obs_placed": null,
      "party_id": 2,
      "party_size": 2,
      "performance_others": null,
      "permanent_buffs": [
        {
          "permanent_buff": 12,
          "stack_count": 0,
          "grant_time": 1051
        }
      ],
      "pings": null,
      "pred_vict": null,
      "purchase": null,
      "purchase_log": null,
      "randomed": null,
      "repicked": null,
      "roshans_killed": null,
      "rune_pickups": null,
      "runes": null,
      "runes_log": null,
      "sen": null,
      "sen_left_log": null,
      "sen_log": null,
      "sen_placed": null,
      "stuns": null,
      "teamfight_participation": null,
      "times": null,
      "tower_damage": 0,
      "towers_killed": null,
      "xp_per_min": 1289,
      "xp_reasons": null,
      "xp_t": null,
      "start_time": 1669911837,
      "duration": 1552,
      "cluster": 188,
      "lobby_type": 0,
      "game_mode": 23,
      "is_contributor": false,
      "patch": 51,
      "region": 8,
      "isRadiant": false,
      "total_gold": 17848,
      "total_xp": 33342,
      "kills_per_min": 0.23195876288659795,
      "kda": 1,
      "abandons": 0,
      "rank_tier": null,
      "is_subscriber": false,
      "cosmetics": [],
      "benchmarks": {
        "gold_per_min": {
          "raw": 690,
          "pct": 0.9714285714285714
        },
        "xp_per_min": {
          "raw": 1289,
          "pct": 1
        },
        "kills_per_min": {
          "raw": 0.23195876288659795,
          "pct": 0.5142857142857142
        },
        "last_hits_per_min": {
          "raw": 2.0876288659793816,
          "pct": 0.14285714285714285
        },
        "hero_damage_per_min": {
          "raw": 1487.1649484536083,
          "pct": 0.8571428571428571
        },
        "hero_healing_per_min": {
          "raw": 0,
          "pct": 0.7714285714285715
        },
        "tower_damage": {
          "raw": 0,
          "pct": 0.22857142857142856
        },
        "stuns_per_min": {
          "raw": 0,
          "pct": 0
        },
        "lhten": {}
      }
    },
    {
      "player_slot": 129,
      "ability_targets": null,
      "ability_upgrades_arr": [
        5028,
        5027,
        5028,
        5027,
        5028,
        5030,
        5028,
        5029,
        5029,
        5029,
        5027,
        5030,
        5027,
        5029,
        7394,
        6105,
        5030,
        7021,
        1013
      ],
      "ability_uses": null,
      "actions": null,
      "additional_units": null,
      "assists": 9,
      "backpack_0": 0,
      "backpack_1": 0,
      "backpack_2": 0,
      "backpack_3": null,
      "buyback_log": null,
      "camps_stacked": null,
      "connection_log": null,
      "creeps_stacked": null,
      "damage": null,
      "damage_inflictor": null,
      "damage_inflictor_received": null,
      "damage_taken": null,
      "damage_targets": null,
      "deaths": 5,
      "denies": 4,
      "dn_t": null,
      "firstblood_claimed": null,
      "gold": 1978,
      "gold_per_min": 803,
      "gold_reasons": null,
      "gold_spent": 19410,
      "gold_t": null,
      "hero_damage": 25711,
      "hero_healing": 1319,
      "hero_hits": null,
      "hero_id": 8,
      "item_0": 0,
      "item_1": 147,
      "item_2": 158,
      "item_3": 50,
      "item_4": 75,
      "item_5": 139,
      "item_neutral": 381,
      "item_uses": null,
      "kill_streaks": null,
      "killed": null,
      "killed_by": null,
      "kills": 1,
      "kills_log": null,
      "lane_pos": null,
      "last_hits": 155,
      "leaver_status": 0,
      "level": 25,
      "lh_t": null,
      "life_state": null,
      "max_hero_hit": null,
      "multi_kills": null,
      "net_worth": 20658,
      "obs": null,
      "obs_left_log": null,
      "obs_log": null,
      "obs_placed": null,
      "party_id": 2,
      "party_size": 2,
      "performance_others": null,
      "permanent_buffs": [
        {
          "permanent_buff": 12,
          "stack_count": 0,
          "grant_time": 1564
        }
      ],
      "pings": null,
      "pred_vict": null,
      "purchase": null,
      "purchase_log": null,
      "randomed": null,
      "repicked": null,
      "roshans_killed": null,
      "rune_pickups": null,
      "runes": null,
      "runes_log": null,
      "sen": null,
      "sen_left_log": null,
      "sen_log": null,
      "sen_placed": null,
      "stuns": null,
      "teamfight_participation": null,
      "times": null,
      "tower_damage": 0,
      "towers_killed": null,
      "xp_per_min": 1468,
      "xp_reasons": null,
      "xp_t": null,
      "start_time": 1669911837,
      "duration": 1552,
      "cluster": 188,
      "lobby_type": 0,
      "game_mode": 23,
      "is_contributor": false,
      "patch": 51,
      "region": 8,
      "isRadiant": false,
      "total_gold": 20770,
      "total_xp": 37972,
      "kills_per_min": 0.03865979381443299,
      "kda": 1,
      "abandons": 0,
      "rank_tier": null,
      "is_subscriber": false,
      "cosmetics": [],
      "benchmarks": {
        "gold_per_min": {
          "raw": 803,
          "pct": 0.8787878787878788
        },
        "xp_per_min": {
          "raw": 1468,
          "pct": 1
        },
        "kills_per_min": {
          "raw": 0.03865979381443299,
          "pct": 0
        },
        "last_hits_per_min": {
          "raw": 5.992268041237113,
          "pct": 0.15151515151515152
        },
        "hero_damage_per_min": {
          "raw": 993.9819587628867,
          "pct": 0.7272727272727273
        },
        "hero_healing_per_min": {
          "raw": 50.99226804123711,
          "pct": 0.21212121212121213
        },
        "tower_damage": {
          "raw": 0,
          "pct": 0.030303030303030304
        },
        "stuns_per_min": {
          "raw": 0,
          "pct": 0.3333333333333333
        },
        "lhten": {}
      }
    },
    {
      "player_slot": 130,
      "ability_targets": null,
      "ability_upgrades_arr": [
        5032,
        5033,
        5032,
        5031,
        5032,
        5035,
        5032,
        5033,
        5033,
        745,
        5033,
        5035,
        5031,
        766,
        5031,
        5031,
        5035,
        6667
      ],
      "ability_uses": null,
      "actions": null,
      "additional_units": null,
      "assists": 6,
      "backpack_0": 0,
      "backpack_1": 0,
      "backpack_2": 0,
      "backpack_3": null,
      "buyback_log": null,
      "camps_stacked": null,
      "connection_log": null,
      "creeps_stacked": null,
      "damage": null,
      "damage_inflictor": null,
      "damage_inflictor_received": null,
      "damage_taken": null,
      "damage_targets": null,
      "deaths": 7,
      "denies": 8,
      "dn_t": null,
      "firstblood_claimed": null,
      "gold": 1189,
      "gold_per_min": 900,
      "gold_reasons": null,
      "gold_spent": 18945,
      "gold_t": null,
      "hero_damage": 15347,
      "hero_healing": 0,
      "hero_hits": null,
      "hero_id": 23,
      "item_0": 116,
      "item_1": 40,
      "item_2": 151,
      "item_3": 48,
      "item_4": 127,
      "item_5": 249,
      "item_neutral": 331,
      "item_uses": null,
      "kill_streaks": null,
      "killed": null,
      "killed_by": null,
      "kills": 1,
      "kills_log": null,
      "lane_pos": null,
      "last_hits": 130,
      "leaver_status": 0,
      "level": 24,
      "lh_t": null,
      "life_state": null,
      "max_hero_hit": null,
      "multi_kills": null,
      "net_worth": 19269,
      "obs": null,
      "obs_left_log": null,
      "obs_log": null,
      "obs_placed": null,
      "party_id": 3,
      "party_size": 3,
      "performance_others": null,
      "permanent_buffs": [
        {
          "permanent_buff": 6,
          "stack_count": 1,
          "grant_time": 852
        },
        {
          "permanent_buff": 12,
          "stack_count": 0,
          "grant_time": 1446
        }
      ],
      "pings": null,
      "pred_vict": null,
      "purchase": null,
      "purchase_log": null,
      "randomed": null,
      "repicked": null,
      "roshans_killed": null,
      "rune_pickups": null,
      "runes": null,
      "runes_log": null,
      "sen": null,
      "sen_left_log": null,
      "sen_log": null,
      "sen_placed": null,
      "stuns": null,
      "teamfight_participation": null,
      "times": null,
      "tower_damage": 1254,
      "towers_killed": null,
      "xp_per_min": 1276,
      "xp_reasons": null,
      "xp_t": null,
      "start_time": 1669911837,
      "duration": 1552,
      "cluster": 188,
      "lobby_type": 0,
      "game_mode": 23,
      "is_contributor": false,
      "patch": 51,
      "region": 8,
      "isRadiant": false,
      "total_gold": 23280,
      "total_xp": 33005,
      "kills_per_min": 0.03865979381443299,
      "kda": 0,
      "abandons": 0,
      "rank_tier": null,
      "is_subscriber": false,
      "cosmetics": [],
      "benchmarks": {
        "gold_per_min": {
          "raw": 900,
          "pct": 1
        },
        "xp_per_min": {
          "raw": 1276,
          "pct": 1
        },
        "kills_per_min": {
          "raw": 0.03865979381443299,
          "pct": 0.11764705882352941
        },
        "last_hits_per_min": {
          "raw": 5.025773195876289,
          "pct": 0.11764705882352941
        },
        "hero_damage_per_min": {
          "raw": 593.311855670103,
          "pct": 0.47058823529411764
        },
        "hero_healing_per_min": {
          "raw": 0,
          "pct": 0.8235294117647058
        },
        "tower_damage": {
          "raw": 1254,
          "pct": 0.5882352941176471
        },
        "stuns_per_min": {
          "raw": 0,
          "pct": 0.058823529411764705
        },
        "lhten": {}
      }
    },
    {
      "player_slot": 131,
      "ability_targets": null,
      "ability_upgrades_arr": [
        5090,
        5685,
        5685,
        5090,
        5685,
        5093,
        5685,
        5091,
        5090,
        5090,
        5939,
        5093,
        5091,
        5091,
        6628,
        5091,
        5093,
        6805
      ],
      "ability_uses": null,
      "actions": null,
      "additional_units": null,
      "assists": 3,
      "backpack_0": 0,
      "backpack_1": 0,
      "backpack_2": 0,
      "backpack_3": null,
      "buyback_log": null,
      "camps_stacked": null,
      "connection_log": null,
      "creeps_stacked": null,
      "damage": null,
      "damage_inflictor": null,
      "damage_inflictor_received": null,
      "damage_taken": null,
      "damage_targets": null,
      "deaths": 7,
      "denies": 2,
      "dn_t": null,
      "firstblood_claimed": null,
      "gold": 790,
      "gold_per_min": 497,
      "gold_reasons": null,
      "gold_spent": 13225,
      "gold_t": null,
      "hero_damage": 10777,
      "hero_healing": 0,
      "hero_hits": null,
      "hero_id": 43,
      "item_0": 50,
      "item_1": 116,
      "item_2": 100,
      "item_3": 256,
      "item_4": 40,
      "item_5": 218,
      "item_neutral": 676,
      "item_uses": null,
      "kill_streaks": null,
      "killed": null,
      "killed_by": null,
      "kills": 2,
      "kills_log": null,
      "lane_pos": null,
      "last_hits": 33,
      "leaver_status": 0,
      "level": 23,
      "lh_t": null,
      "life_state": null,
      "max_hero_hit": null,
      "multi_kills": null,
      "net_worth": 12295,
      "obs": null,
      "obs_left_log": null,
      "obs_log": null,
      "obs_placed": null,
      "party_id": 3,
      "party_size": 3,
      "performance_others": null,
      "permanent_buffs": [
        {
          "permanent_buff": 6,
          "stack_count": 1,
          "grant_time": 1418
        }
      ],
      "pings": null,
      "pred_vict": null,
      "purchase": null,
      "purchase_log": null,
      "randomed": null,
      "repicked": null,
      "roshans_killed": null,
      "rune_pickups": null,
      "runes": null,
      "runes_log": null,
      "sen": null,
      "sen_left_log": null,
      "sen_log": null,
      "sen_placed": null,
      "stuns": null,
      "teamfight_participation": null,
      "times": null,
      "tower_damage": 625,
      "towers_killed": null,
      "xp_per_min": 1194,
      "xp_reasons": null,
      "xp_t": null,
      "personaname": "White Warrior",
      "name": null,
      "last_login": null,
      "start_time": 1669911837,
      "duration": 1552,
      "cluster": 188,
      "lobby_type": 0,
      "game_mode": 23,
      "is_contributor": false,
      "patch": 51,
      "region": 8,
      "isRadiant": false,
      "total_gold": 12855,
      "total_xp": 30884,
      "kills_per_min": 0.07731958762886598,
      "kda": 0,
      "abandons": 0,
      "rank_tier": 24,
      "is_subscriber": false,
      "cosmetics": [],
      "benchmarks": {
        "gold_per_min": {
          "raw": 497,
          "pct": 0.5909090909090909
        },
        "xp_per_min": {
          "raw": 1194,
          "pct": 1
        },
        "kills_per_min": {
          "raw": 0.07731958762886598,
          "pct": 0.11363636363636363
        },
        "last_hits_per_min": {
          "raw": 1.2757731958762888,
          "pct": 0
        },
        "hero_damage_per_min": {
          "raw": 416.63659793814435,
          "pct": 0.20454545454545456
        },
        "hero_healing_per_min": {
          "raw": 0,
          "pct": 0.36363636363636365
        },
        "tower_damage": {
          "raw": 625,
          "pct": 0.045454545454545456
        },
        "stuns_per_min": {
          "raw": 0,
          "pct": 0.4772727272727273
        },
        "lhten": {}
      }
    },
    {
      "player_slot": 132,
      "ability_targets": null,
      "ability_upgrades_arr": [
        5150,
        5151,
        5150,
        5151,
        5150,
        5153,
        5150,
        5151,
        5151,
        800,
        650,
        5153,
        650,
        650,
        765,
        650,
        5153,
        413
      ],
      "ability_uses": null,
      "actions": null,
      "additional_units": null,
      "assists": 5,
      "backpack_0": 0,
      "backpack_1": 0,
      "backpack_2": 0,
      "backpack_3": null,
      "buyback_log": null,
      "camps_stacked": null,
      "connection_log": null,
      "creeps_stacked": null,
      "damage": null,
      "damage_inflictor": null,
      "damage_inflictor_received": null,
      "damage_taken": null,
      "damage_targets": null,
      "deaths": 5,
      "denies": 10,
      "dn_t": null,
      "firstblood_claimed": null,
      "gold": 190,
      "gold_per_min": 655,
      "gold_reasons": null,
      "gold_spent": 18710,
      "gold_t": null,
      "hero_damage": 28909,
      "hero_healing": 0,
      "hero_hits": null,
      "hero_id": 34,
      "item_0": 119,
      "item_1": 178,
      "item_2": 176,
      "item_3": 116,
      "item_4": 20,
      "item_5": 1,
      "item_neutral": 589,
      "item_uses": null,
      "kill_streaks": null,
      "killed": null,
      "killed_by": null,
      "kills": 5,
      "kills_log": null,
      "lane_pos": null,
      "last_hits": 62,
      "leaver_status": 0,
      "level": 23,
      "lh_t": null,
      "life_state": null,
      "max_hero_hit": null,
      "multi_kills": null,
      "net_worth": 17100,
      "obs": null,
      "obs_left_log": null,
      "obs_log": null,
      "obs_placed": null,
      "party_id": 3,
      "party_size": 3,
      "performance_others": null,
      "permanent_buffs": [],
      "pings": null,
      "pred_vict": null,
      "purchase": null,
      "purchase_log": null,
      "randomed": null,
      "repicked": null,
      "roshans_killed": null,
      "rune_pickups": null,
      "runes": null,
      "runes_log": null,
      "sen": null,
      "sen_left_log": null,
      "sen_log": null,
      "sen_placed": null,
      "stuns": null,
      "teamfight_participation": null,
      "times": null,
      "tower_damage": 29,
      "towers_killed": null,
      "xp_per_min": 1106,
      "xp_reasons": null,
      "xp_t": null,
      "personaname": "SwITc",
      "name": null,
      "last_login": null,
      "start_time": 1669911837,
      "duration": 1552,
      "cluster": 188,
      "lobby_type": 0,
      "game_mode": 23,
      "is_contributor": false,
      "patch": 51,
      "region": 8,
      "isRadiant": false,
      "total_gold": 16942,
      "total_xp": 28608,
      "kills_per_min": 0.19329896907216496,
      "kda": 1,
      "abandons": 0,
      "rank_tier": 41,
      "is_subscriber": false,
      "cosmetics": [],
      "benchmarks": {
        "gold_per_min": {
          "raw": 655,
          "pct": 0.6923076923076923
        },
        "xp_per_min": {
          "raw": 1106,
          "pct": 1
        },
        "kills_per_min": {
          "raw": 0.19329896907216493,
          "pct": 0.3076923076923077
        },
        "last_hits_per_min": {
          "raw": 2.3969072164948453,
          "pct": 0.07692307692307693
        },
        "hero_damage_per_min": {
          "raw": 1117.6159793814434,
          "pct": 0.5384615384615384
        },
        "hero_healing_per_min": {
          "raw": 0,
          "pct": 0.6153846153846154
        },
        "tower_damage": {
          "raw": 29,
          "pct": 0.5384615384615384
        },
        "stuns_per_min": {
          "raw": 0,
          "pct": 0.46153846153846156
        },
        "lhten": {}
      }
    }
  ],
  "patch": 51,
  "region": 8
}