{
  "chat": null,
  "cluster": 188,
  "cosmetics": null,
  "dire_score": 55,
  "dire_team_id": null,
  "draft_timings": null,
  "duration": 1551,
  "engine": 1,
  "first_blood_time": 18,
  "game_mode": 23,
  "human_players": 10,
  "leagueid": 0,
  "lobby_type": 0,
  "match_seq_num": 5780324701,
  "negative_votes": 0,
  "objectives": null,
  "picks_bans": null,
  "positive_votes": 0,
  "radiant_gold_adv": null,
  "radiant_score": 27,
  "radiant_team_id": null,
  "radiant_xp_adv": null,
  "skill": null,
  "start_time": 1669911526,
  "teamfights": null,
  "version": null,
  "replay_salt": 307098933,
  "series_id": 0,
  "series_type": 0,
  "players": [
    {
      "player_slot": 0,
      "ability_targets": null,
      "ability_upgrades_arr": [
        5103,
        5104,
        5102,
        5103,
        5103,
        5105,
        5103,
        5102,
        5102,
        6409,
        5104,
        5105,
        5104,
        5104,
        6530,
        5102,
        5105,
        6872,
        475
      ],
      "ability_uses": null,
      "actions": null,
      "additional_units": null,
      "assists": 15,
      "backpack_0": 0,
      "backpack_1": 0,
      "backpack_2": 0,
      "backpack_3": null,
      "buyback_log": null,
      "camps_stacked": null,
      "connection_log": null,
      "creeps_stacked": null,
      "damage": null,
      "damage_inflictor": null,
      "damage_inflictor_received": null,
      "damage_taken": null,
      "damage_targets": null,
      "deaths": 13,
      "denies": 1,
      "dn_t": null,
      "firstblood_claimed": null,
      "gold": 2639,
      "gold_per_min": 827,
      "gold_reasons": null,
      "gold_spent": 16105,
      "gold_t": null,
      "hero_damage": 32743,
      "hero_healing": 0,
      "hero_hits": null,
      "hero_id": 16,
      "item_0": 1,
      "item_1": 119,
      "item_2": 36,
      "item_3": 180,
      "item_4": 125,
      "item_5": 137,
      "item_neutral": 300,
      "item_uses": null,
      "kill_streaks": null,
      "killed": null,
      "killed_by": null,
      "kills": 5,
      "kills_log": null,
      "lane_pos": null,
      "last_hits": 62,
      "leaver_status": 0,
      "level": 26,
      "lh_t": null,
      "life_state": null,
      "max_hero_hit": null,
      "multi_kills": null,
      "net_worth": 18464,
      "obs": null,
      "obs_left_log": null,
      "obs_log": null,
      "obs_placed": null,
      "party_id": 0,
      "party_size": 5,
      "performance_others": null,
      "permanent_buffs": [
        {
          "permanent_buff": 6,
          "stack_count": 1,
          "grant_time": 882
        }
      ],
      "pings": null,
      "pred_vict": null,
      "purchase": null,
      "purchase_log": null,
      "randomed": null,
      "repicked": null,
      "roshans_killed": null,
      "rune_pickups": null,
      "runes": null,
      "runes_log": null,
      "sen": null,
      "sen_left_log": null,
      "sen_log": null,
      "sen_placed": null,
      "stuns": null,
      "teamfight_participation": null,
      "times": null,
      "tower_damage": 0,
      "towers_killed": null,
      "xp_per_min": 1569,
      "xp_reasons": null,
      "xp_t": null,
      "personaname": "Javanna",
      "name": null,
      "last_login": null,
      "start_time": 1669911526,
      "duration": 1551,
      "cluster": 188,
      "lobby_type": 0,
      "game_mode": 23,
      "is_contributor": false,
      "patch": 51,
      "region": 8,
      "isRadiant": true,
      "total_gold": 21377,
      "total_xp": 40558,
      "kills_per_min": 0.19342359767891681,
      "kda": 1,
      "abandons": 0,
      "rank_tier": 34,
      "is_subscriber": false,
      "cosmetics": [],
      "benchmarks": {
        "gold_per_min": {
          "raw": 827,
          "pct": 1
        },
        "xp_per_min": {
          "raw": 1569,
          "pct": 1
        },
        "kills_per_min": {
          "raw": 0.19342359767891681,
          "pct": 0.7083333333333334
        },
        "last_hits_per_min": {
          "raw": 2.398452611218569,
          "pct": 0
        },
        "hero_damage_per_min": {
          "raw": 1266.6537717601548,
          "pct": 1
        },
        "hero_healing_per_min": {
          "raw": 0,
          "pct": 0.9583333333333334
        },
        "tower_damage": {
          "raw": 0,
          "pct": 0.16666666666666666
        },
        "stuns_per_min": {
          "raw": 0,
          "pct": 0
        },
        "lhten": {}
      }
    },
    {
      "player_slot": 1,
      "ability_targets": null,
      "ability_upgrades_arr": [
        5061,
        5062,
        5061,
        5062,
        5061,
        5062,
        5062,
        5061,
        5064,
        6016,
        5063,
        5063,
        5064,
        5063,
        6070,
        5063,
        5064,
        6670,
        1072
      ],
      "ability_uses": null,
      "actions": null,
      "additional_units": null,
      "assists": 7,
      "backpack_0": 0,
      "backpack_1": 0,
      "backpack_2": 0,
      "backpack_3": null,
      "buyback_log": null,
      "camps_stacked": null,
      "connection_log": null,
      "creeps_stacked": null,
      "damage": null,
      "damage_inflictor": null,
      "damage_inflictor_received": null,
      "damage_taken": null,
      "damage_targets": null,
      "deaths": 9,
      "denies": 10,
      "dn_t": null,
      "firstblood_claimed": null,
      "gold": 3815,
      "gold_per_min": 890,
      "gold_reasons": null,
      "gold_spent": 16355,
      "gold_t": null,
      "hero_damage": 16939,
      "hero_healing": 0,
      "hero_hits": null,
      "hero_id": 11,
      "item_0": 100,
      "item_1": 152,
      "item_2": 41,
      "item_3": 604,
      "item_4": 48,
      "item_5": 218,
      "item_neutral": 381,
      "item_uses": null,
      "kill_streaks": null,
      "killed": null,
      "killed_by": null,
      "kills": 2,
      "kills_log": null,
      "lane_pos": null,
      "last_hits": 100,
      "leaver_status": 0,
      "level": 26,
      "lh_t": null,
      "life_state": null,
      "max_hero_hit": null,
      "multi_kills": null,
      "net_worth": 19565,
      "obs": null,
      "obs_left_log": null,
      "obs_log": null,
      "obs_placed": null,
      "party_id": 0,
      "party_size": 5,
      "performance_others": null,
      "permanent_buffs": [],
      "pings": null,
      "pred_vict": null,
      "purchase": null,
      "purchase_log": null,
      "randomed": null,
      "repicked": null,
      "roshans_killed": null,
      "rune_pickups": null,
      "runes": null,
      "runes_log": null,
      "sen": null,
      "sen_left_log": null,
      "sen_log": null,
      "sen_placed": null,
      "stuns": null,
      "teamfight_participation": null,
      "times": null,
      "tower_damage": 460,
      "towers_killed": null,
      "xp_per_min": 1543,
      "xp_reasons": null,
      "xp_t": null,
      "personaname": "why i alive?",
      "name": null,
      "last_login": null,
      "start_time": 1669911526,
      "duration": 1551,
      "cluster": 188,
      "lobby_type": 0,
      "game_mode": 23,
      "is_contributor": false,
      "patch": 51,
      "region": 8,
      "isRadiant": true,
      "total_gold": 23006,
      "total_xp": 39886,
      "kills_per_min": 0.07736943907156672,
      "kda": 0,
      "abandons": 0,
      "rank_tier": 11,
      "is_subscriber": false,
      "cosmetics": [],
      "benchmarks": {
        "gold_per_min": {
          "raw": 890,
          "pct": 1
        },
        "xp_per_min": {
          "raw": 1543,
          "pct": 1
        },
        "kills_per_min": {
          "raw": 0.07736943907156674,
          "pct": 0.12
        },
        "last_hits_per_min": {
          "raw": 3.8684719535783367,
          "pct": 0.04
        },
        "hero_damage_per_min": {
          "raw": 655.2804642166344,
          "pct": 0.48
        },
        "hero_healing_per_min": {
          "raw": 0,
          "pct": 0.88
        },
        "tower_damage": {
          "raw": 460,
          "pct": 0.14
        },
        "stuns_per_min": {
          "raw": 0,
          "pct": 0.02
        },
        "lhten": {}
      }
    },
    {
      "player_slot": 2,
      "ability_targets": null,
      "ability_upgrades_arr": [
        5044,
        5046,
        5046,
        5045,
        5044,
        5047,
        5044,
        5044,
        5045,
        6600,
        5045,
        5047,
        5045,
        5046,
        781,
        5046,
        5047,
        541,
        1084
      ],
      "ability_uses": null,
      "actions": null,
      "additional_units": null,
      "assists": 9,
      "backpack_0": 0,
      "backpack_1": 0,
      "backpack_2": 0,
      "backpack_3": null,
      "buyback_log": null,
      "camps_stacked": null,
      "connection_log": null,
      "creeps_stacked": null,
      "damage": null,
      "damage_inflictor": null,
      "damage_inflictor_received": null,
      "damage_taken": null,
      "damage_targets": null,
      "deaths": 13,
      "denies": 1,
      "dn_t": null,
      "firstblood_claimed": null,
      "gold": 971,
      "gold_per_min": 691,
      "gold_reasons": null,
      "gold_spent": 16375,
      "gold_t": null,
      "hero_damage": 11608,
      "hero_healing": 0,
      "hero_hits": null,
      "hero_id": 26,
      "item_0": 108,
      "item_1": 214,
      "item_2": 204,
      "item_3": 0,
      "item_4": 0,
      "item_5": 15,
      "item_neutral": 840,
      "item_uses": null,
      "kill_streaks": null,
      "killed": null,
      "killed_by": null,
      "kills": 5,
      "kills_log": null,
      "lane_pos": null,
      "last_hits": 25,
      "leaver_status": 0,
      "level": 26,
      "lh_t": null,
      "life_state": null,
      "max_hero_hit": null,
      "multi_kills": null,
      "net_worth": 15436,
      "obs": null,
      "obs_left_log": null,
      "obs_log": null,
      "obs_placed": null,
      "party_id": 0,
      "party_size": 5,
      "performance_others": null,
      "permanent_buffs": [
        {
          "permanent_buff": 7,
          "stack_count": 2,
          "grant_time": 479
        },
        {
          "permanent_buff": 12,
          "stack_count": 0,
          "grant_time": 1511
        }
      ],
      "pings": null,
      "pred_vict": null,
      "purchase": null,
      "purchase_log": null,
      "randomed": null,
      "repicked": null,
      "roshans_killed": null,
      "rune_pickups": null,
      "runes": null,
      "runes_log": null,
      "sen": null,
      "sen_left_log": null,
      "sen_log": null,
      "sen_placed": null,
      "stuns": null,
      "teamfight_participation": null,
      "times": null,
      "tower_damage": 104,
      "towers_killed": null,
      "xp_per_min": 1543,
      "xp_reasons": null,
      "xp_t": null,
      "start_time": 1669911526,
      "duration": 1551,
      "cluster": 188,
      "lobby_type": 0,
      "game_mode": 23,
      "is_contributor": false,
      "patch": 51,
      "region": 8,
      "isRadiant": true,
      "total_gold": 17862,
      "total_xp": 39886,
      "kills_per_min": 0.19342359767891681,
      "kda": 1,
      "abandons": 0,
      "rank_tier": null,
      "is_subscriber": false,
      "cosmetics": [],
      "benchmarks": {
        "gold_per_min": {
          "raw": 691,
          "pct": 1
        },
        "xp_per_min": {
          "raw": 1543,
          "pct": 1
        },
        "kills_per_min": {
          "raw": 0.19342359767891681,
          "pct": 0.84375
        },
        "last_hits_per_min": {
          "raw": 0.9671179883945842,
          "pct": 0.59375
        },
        "hero_damage_per_min": {
          "raw": 449.0522243713733,
          "pct": 0.9375
        },
        "hero_healing_per_min": {
          "raw": 0,
          "pct": 0.84375
        },
        "tower_damage": {
          "raw": 104,
          "pct": 0.53125
        },
        "stuns_per_min": {
          "raw": 0,
          "pct": 0
        },
        "lhten": {}
      }
    },
    {
      "player_slot": 3,
      "ability_targets": null,
      "ability_upgrades_arr": [
        5637,
        5639,
        5639,
        5638,
        5639,
        5640,
        5639,
        5637,
        5638,
        5637,
        5637,
        5640,
        5638,
        5638,
        6540,
        405,
        5640,
        471,
        6206,
        791
      ],
      "ability_uses": null,
      "actions": null,
      "additional_units": null,
      "assists": 13,
      "backpack_0": 0,
      "backpack_1": 0,
      "backpack_2": 0,
      "backpack_3": null,
      "buyback_log": null,
      "camps_stacked": null,
      "connection_log": null,
      "creeps_stacked": null,
      "damage": null,
      "damage_inflictor": null,
      "damage_inflictor_received": null,
      "damage_taken": null,
      "damage_targets": null,
      "deaths": 8,
      "denies": 0,
      "dn_t": null,
      "firstblood_claimed": null,
      "gold": 318,
      "gold_per_min": 766,
      "gold_reasons": null,
      "gold_spent": 17425,
      "gold_t": null,
      "hero_damage": 12525,
      "hero_healing": 4219,
      "hero_hits": null,
      "hero_id": 111,
      "item_0": 214,
      "item_1": 267,
      "item_2": 232,
      "item_3": 108,
      "item_4": 277,
      "item_5": 36,
      "item_neutral": 289,
      "item_uses": null,
      "kill_streaks": null,
      "killed": null,
      "killed_by": null,
      "kills": 5,
      "kills_log": null,
      "lane_pos": null,
      "last_hits": 22,
      "leaver_status": 0,
      "level": 27,
      "lh_t": null,
      "life_state": null,
      "max_hero_hit": null,
      "multi_kills": null,
      "net_worth": 16748,
      "obs": null,
      "obs_left_log": null,
      "obs_log": null,
      "obs_placed": null,
      "party_id": 0,
      "party_size": 5,
      "performance_others": null,
      "permanent_buffs": [
        {
          "permanent_buff": 12,
          "stack_count": 0,
          "grant_time": 812
        }
      ],
      "pings": null,
      "pred_vict": null,
      "purchase": null,
      "purchase_log": null,
      "randomed": null,
      "repicked": null,
      "roshans_killed": null,
      "rune_pickups": null,
      "runes": null,
      "runes_log": null,
      "sen": null,
      "sen_left_log": null,
      "sen_log": null,
      "sen_placed": null,
      "stuns": null,
      "teamfight_participation": null,
      "times": null,
      "tower_damage": 0,
      "towers_killed": null,
      "xp_per_min": 1543,
      "xp_reasons": null,
      "xp_t": null,
      "start_time": 1669911526,
      "duration": 1551,
      "cluster": 188,
      "lobby_type": 0,
      "game_mode": 23,
      "is_contributor": false,
      "patch": 51,
      "region": 8,
      "isRadiant": true,
      "total_gold": 19801,
      "total_xp": 39886,
      "kills_per_min": 0.19342359767891681,
      "kda": 2,
      "abandons": 0,
      "rank_tier": null,
      "is_subscriber": false,
      "cosmetics": [],
      "benchmarks": {
        "gold_per_min": {
          "raw": 766,
          "pct": 1
        },
        "xp_per_min": {
          "raw": 1543,
          "pct": 1
        },
        "kills_per_min": {
          "raw": 0.19342359767891681,
          "pct": 0.8666666666666667
        },
        "last_hits_per_min": {
          "raw": 0.851063829787234,
          "pct": 0.3333333333333333
        },
        "hero_damage_per_min": {
          "raw": 484.52611218568666,
          "pct": 0.8666666666666667
        },
        "hero_healing_per_min": {
          "raw": 163.21083172147002,
          "pct": 0.6666666666666666
        },
        "tower_damage": {
          "raw": 0,
          "pct": 0.3333333333333333
        },
        "stuns_per_min": {
          "raw": 0,
          "pct": 0.06666666666666667
        },
        "lhten": {}
      }
    },
    {
      "player_slot": 4,
      "ability_targets": null,
      "ability_upgrades_arr": [
        5247,
        5245,
        5247,
        5246,
        5246,
        5248,
        5246,
        5247,
        5247,
        926,
        5246,
        5248,
        5245,
        5245,
        6500,
        5245,
        5248,
        6702,
        6539,
        6016,
        470
      ],
      "ability_uses": null,
      "actions": null,
      "additional_units": null,
      "assists": 5,
      "backpack_0": 0,
      "backpack_1": 0,
      "backpack_2": 0,
      "backpack_3": null,
      "buyback_log": null,
      "camps_stacked": null,
      "connection_log": null,
      "creeps_stacked": null,
      "damage": null,
      "damage_inflictor": null,
      "damage_inflictor_received": null,
      "damage_taken": null,
      "damage_targets": null,
      "deaths": 12,
      "denies": 6,
      "dn_t": null,
      "firstblood_claimed": null,
      "gold": 5109,
      "gold_per_min": 1294,
      "gold_reasons": null,
      "gold_spent": 29750,
      "gold_t": null,
      "hero_damage": 20724,
      "hero_healing": 0,
      "hero_hits": null,
      "hero_id": 53,
      "item_0": 112,
      "item_1": 250,
      "item_2": 249,
      "item_3": 63,
      "item_4": 135,
      "item_5": 168,
      "item_neutral": 571,
      "item_uses": null,
      "kill_streaks": null,
      "killed": null,
      "killed_by": null,
      "kills": 10,
      "kills_log": null,
      "lane_pos": null,
      "last_hits": 97,
      "leaver_status": 0,
      "level": 28,
      "lh_t": null,
      "life_state": null,
      "max_hero_hit": null,
      "multi_kills": null,
      "net_worth": 33859,
      "obs": null,
      "obs_left_log": null,
      "obs_log": null,
      "obs_placed": null,
      "party_id": 0,
      "party_size": 5,
      "performance_others": null,
      "permanent_buffs": [
        {
          "permanent_buff": 12,
          "stack_count": 0,
          "grant_time": 1597
        }
      ],
      "pings": null,
      "pred_vict": null,
      "purchase": null,
      "purchase_log": null,
      "randomed": null,
      "repicked": null,
      "roshans_killed": null,
      "rune_pickups": null,
      "runes": null,
      "runes_log": null,
      "sen": null,
      "sen_left_log": null,
      "sen_log": null,
      "sen_placed": null,
      "stuns": null,
      "teamfight_participation": null,
      "times": null,
      "tower_damage": 4142,
      "towers_killed": null,
      "xp_per_min": 1925,
      "xp_reasons": null,
      "xp_t": null,
      "start_time": 1669911526,
      "duration": 1551,
      "cluster": 188,
      "lobby_type": 0,
      "game_mode": 23,
      "is_contributor": false,
      "patch": 51,
      "region": 8,
      "isRadiant": true,
      "total_gold": 33449,
      "total_xp": 49761,
      "kills_per_min": 0.38684719535783363,
      "kda": 1,
      "abandons": 0,
      "rank_tier": null,
      "is_subscriber": false,
      "cosmetics": [],
      "benchmarks": {
        "gold_per_min": {
          "raw": 1294,
          "pct": 1
        },
        "xp_per_min": {
          "raw": 1925,
          "pct": 1
        },
        "kills_per_min": {
          "raw": 0.38684719535783363,
          "pct": 0.9523809523809523
        },
        "last_hits_per_min": {
          "raw": 3.7524177949709867,
          "pct": 0.09523809523809523
        },
        "hero_damage_per_min": {
          "raw": 801.7021276595744,
          "pct": 0.6428571428571429
        },
        "hero_healing_per_min": {
          "raw": 0,
          "pct": 0.9761904761904762
        },
        "tower_damage": {
          "raw": 4142,
          "pct": 0.40476190476190477
        },
        "stuns_per_min": {
          "raw": 0,
          "pct": 0.30952380952380953
        },
        "lhten": {}
      }
    },
    {
      "player_slot": 128,
      "ability_targets": null,
      "ability_upgrades_arr": [
        5069,
        5071,
        5069,
        5072,
        5069,
        5073,
        5069,
        5071,
        5072,
        5072,
        1057,
        5073,
        5072,
        5071,
        407,
        5071,
        5073,
        6402,
        348,
        767,
        6219,
        1058,
        6855
      ],
      "ability_uses": null,
      "actions": null,
      "additional_units": null,
      "assists": 24,
      "backpack_0": 0,
      "backpack_1": 0,
      "backpack_2": 0,
      "backpack_3": null,
      "buyback_log": null,
      "camps_stacked": null,
      "connection_log": null,
      "creeps_stacked": null,
      "damage": null,
      "damage_inflictor": null,
      "damage_inflictor_received": null,
      "damage_taken": null,
      "damage_targets": null,
      "deaths": 9,
      "denies": 1,
      "dn_t": null,
      "firstblood_claimed": null,
      "gold": 78,
      "gold_per_min": 1169,
      "gold_reasons": null,
      "gold_spent": 31425,
      "gold_t": null,
      "hero_damage": 26629,
      "hero_healing": 195,
      "hero_hits": null,
      "hero_id": 13,
      "item_0": 1,
      "item_1": 98,
      "item_2": 534,
      "item_3": 63,
      "item_4": 123,
      "item_5": 235,
      "item_neutral": 840,
      "item_uses": null,
      "kill_streaks": null,
      "killed": null,
      "killed_by": null,
      "kills": 10,
      "kills_log": null,
      "lane_pos": null,
      "last_hits": 85,
      "leaver_status": 0,
      "level": 30,
      "lh_t": null,
      "life_state": null,
      "max_hero_hit": null,
      "multi_kills": null,
      "net_worth": 29278,
      "obs": null,
      "obs_left_log": null,
      "obs_log": null,
      "obs_placed": null,
      "party_id": 1,
      "party_size": 3,
      "performance_others": null,
      "permanent_buffs": [
        {
          "permanent_buff": 2,
          "stack_count": 0,
          "grant_time": 1547
        },
        {
          "permanent_buff": 12,
          "stack_count": 0,
          "grant_time": 1587
        }
      ],
      "pings": null,
      "pred_vict": null,
      "purchase": null,
      "purchase_log": null,
      "randomed": null,
      "repicked": null,
      "roshans_killed": null,
      "rune_pickups": null,
      "runes": null,
      "runes_log": null,
      "sen": null,
      "sen_left_log": null,
      "sen_log": null,
      "sen_placed": null,
      "stuns": null,
      "teamfight_participation": null,
      "times": null,
      "tower_damage": 551,
      "towers_killed": null,
      "xp_per_min": 1671,
      "xp_reasons": null,
      "xp_t": null,
      "start_time": 1669911526,
      "duration": 1551,
      "cluster": 188,
      "lobby_type": 0,
      "game_mode": 23,
      "is_contributor": false,
      "patch": 51,
      "region": 8,
      "isRadiant": false,
      "total_gold": 30218,
      "total_xp": 43195,
      "kills_per_min": 0.38684719535783363,
      "kda": 3,
      "abandons": 0,
      "rank_tier": null,
      "is_subscriber": false,
      "cosmetics": [],
      "benchmarks": {
        "gold_per_min": {
          "raw": 1169,
          "pct": 1
        },
        "xp_per_min": {
          "raw": 1671,
          "pct": 1
        },
        "kills_per_min": {
          "raw": 0.38684719535783363,
          "pct": 0.8333333333333334
        },
        "last_hits_per_min": {
          "raw": 3.2882011605415857,
          "pct": 0
        },
        "hero_damage_per_min": {
          "raw": 1030.1353965183753,
          "pct": 0.75
        },
        "hero_healing_per_min": {
          "raw": 7.543520309477756,
          "pct": 0.9583333333333334
        },
        "tower_damage": {
          "raw": 551,
          "pct": 0.25
        },
        "stuns_per_min": {
          "raw": 0,
          "pct": 0
        },
        "lhten": {}
      }
    },
    {
      "player_slot": 129,
      "ability_targets": null,
      "ability_upgrades_arr": [
        5366,
        5365,
        5368,
        5365,
        5365,
        5369,
        5365,
        5368,
        5368,
        5368,
        7144,
        5369,
        5366,
        5366,
        1002,
        5366,
        5369,
        6350,
        351,
        6101,
        6604,
        1003,
        7054
      ],
      "ability_uses": null,
      "actions": null,
      "additional_units": null,
      "assists": 21,
      "backpack_0": 0,
      "backpack_1": 0,
      "backpack_2": 0,
      "backpack_3": null,
      "buyback_log": null,
      "camps_stacked": null,
      "connection_log": null,
      "creeps_stacked": null,
      "damage": null,
      "damage_inflictor": null,
      "damage_inflictor_received": null,
      "damage_taken": null,
      "damage_targets": null,
      "deaths": 6,
      "denies": 0,
      "dn_t": null,
      "firstblood_claimed": null,
      "gold": 2865,
      "gold_per_min": 1974,
      "gold_reasons": null,
      "gold_spent": 42705,
      "gold_t": null,
      "hero_damage": 36556,
      "hero_healing": 0,
      "hero_hits": null,
      "hero_id": 73,
      "item_0": 249,
      "item_1": 116,
      "item_2": 137,
      "item_3": 220,
      "item_4": 247,
      "item_5": 247,
      "item_neutral": 638,
      "item_uses": null,
      "kill_streaks": null,
      "killed": null,
      "killed_by": null,
      "kills": 20,
      "kills_log": null,
      "lane_pos": null,
      "last_hits": 171,
      "leaver_status": 0,
      "level": 30,
      "lh_t": null,
      "life_state": null,
      "max_hero_hit": null,
      "multi_kills": null,
      "net_worth": 35315,
      "obs": null,
      "obs_left_log": null,
      "obs_log": null,
      "obs_placed": null,
      "party_id": 1,
      "party_size": 3,
      "performance_others": null,
      "permanent_buffs": [
        {
          "permanent_buff": 1,
          "stack_count": 0,
          "grant_time": 1152
        },
        {
          "permanent_buff": 12,
          "stack_count": 0,
          "grant_time": 1587
        }
      ],
      "pings": null,
      "pred_vict": null,
      "purchase": null,
      "purchase_log": null,
      "randomed": null,
      "repicked": null,
      "roshans_killed": null,
      "rune_pickups": null,
      "runes": null,
      "runes_log": null,
      "sen": null,
      "sen_left_log": null,
      "sen_log": null,
      "sen_placed": null,
      "stuns": null,
      "teamfight_participation": null,
      "times": null,
      "tower_damage": 8631,
      "towers_killed": null,
      "xp_per_min": 2138,
      "xp_reasons": null,
      "xp_t": null,
      "start_time": 1669911526,
      "duration": 1551,
      "cluster": 188,
      "lobby_type": 0,
      "game_mode": 23,
      "is_contributor": false,
      "patch": 51,
      "region": 8,
      "isRadiant": false,
      "total_gold": 51027,
      "total_xp": 55267,
      "kills_per_min": 0.7736943907156673,
      "kda": 5,
      "abandons": 0,
      "rank_tier": null,
      "is_subscriber": false,
      "cosmetics": [],
      "benchmarks": {
        "gold_per_min": {
          "raw": 1974,
          "pct": 1
        },
        "xp_per_min": {
          "raw": 2138,
          "pct": 1
        },
        "kills_per_min": {
          "raw": 0.7736943907156673,
          "pct": 1
        },
        "last_hits_per_min": {
          "raw": 6.615087040618956,
          "pct": 0.3
        },
        "hero_damage_per_min": {
          "raw": 1414.1586073500966,
          "pct": 1
        },
        "hero_healing_per_min": {
          "raw": 0,
          "pct": 0.95
        },
        "tower_damage": {
          "raw": 8631,
          "pct": 0.75
        },
        "stuns_per_min": {
          "raw": 0,
          "pct": 0
        },
        "lhten": {}
      }
    },
    {
      "player_slot": 130,
      "ability_targets": null,
      "ability_upgrades_arr": [
        6495,
        6583,
        6583,
        6495,
        6583,
        6598,
        6583,
        6495,
        6495,
        6582,
        6582,
        6598,
        6582,
        6582,
        1020,
        545,
        6598,
        6584,
        6756,
        1031,
        6759,
        884,
        6766
      ],
      "ability_uses": null,
      "actions": null,
      "additional_units": null,
      "assists": 15,
      "backpack_0": 110,
      "backpack_1": 725,
      "backpack_2": 0,
      "backpack_3": null,
      "buyback_log": null,
      "camps_stacked": null,
      "connection_log": null,
      "creeps_stacked": null,
      "damage": null,
      "damage_inflictor": null,
      "damage_inflictor_received": null,
      "damage_taken": null,
      "damage_targets": null,
      "deaths": 2,
      "denies": 5,
      "dn_t": null,
      "firstblood_claimed": null,
      "gold": 8039,
      "gold_per_min": 1325,
      "gold_reasons": null,
      "gold_spent": 28245,
      "gold_t": null,
      "hero_damage": 20597,
      "hero_healing": 0,
      "hero_hits": null,
      "hero_id": 129,
      "item_0": 1,
      "item_1": 117,
      "item_2": 151,
      "item_3": 116,
      "item_4": 96,
      "item_5": 168,
      "item_neutral": 309,
      "item_uses": null,
      "kill_streaks": null,
      "killed": null,
      "killed_by": null,
      "kills": 15,
      "kills_log": null,
      "lane_pos": null,
      "last_hits": 121,
      "leaver_status": 0,
      "level": 30,
      "lh_t": null,
      "life_state": null,
      "max_hero_hit": null,
      "multi_kills": null,
      "net_worth": 36814,
      "obs": null,
      "obs_left_log": null,
      "obs_log": null,
      "obs_placed": null,
      "party_id": 1,
      "party_size": 3,
      "performance_others": null,
      "permanent_buffs": [
        {
          "permanent_buff": 2,
          "stack_count": 0,
          "grant_time": 1538
        },
        {
          "permanent_buff": 6,
          "stack_count": 1,
          "grant_time": 776
        },
        {
          "permanent_buff": 12,
          "stack_count": 0,
          "grant_time": 1242
        }
      ],
      "pings": null,
      "pred_vict": null,
      "purchase": null,
      "purchase_log": null,
      "randomed": null,
      "repicked": null,
      "roshans_killed": null,
      "rune_pickups": null,
      "runes": null,
      "runes_log": null,
      "sen": null,
      "sen_left_log": null,
      "sen_log": null,
      "sen_placed": null,
      "stuns": null,
      "teamfight_participation": null,
      "times": null,
      "tower_damage": 646,
      "towers_killed": null,
      "xp_per_min": 1946,
      "xp_reasons": null,
      "xp_t": null,
      "start_time": 1669911526,
      "duration": 1551,
      "cluster": 188,
      "lobby_type": 0,
      "game_mode": 23,
      "is_contributor": false,
      "patch": 51,
      "region": 8,
      "isRadiant": false,
      "total_gold": 34251,
      "total_xp": 50304,
      "kills_per_min": 0.5802707930367504,
      "kda": 10,
      "abandons": 0,
      "rank_tier": null,
      "is_subscriber": false,
      "cosmetics": [],
      "benchmarks": {
        "gold_per_min": {
          "raw": 1325,
          "pct": 1
        },
        "xp_per_min": {
          "raw": 1946,
          "pct": 1
        },
        "kills_per_min": {
          "raw": 0.5802707930367506,
          "pct": 1
        },
        "last_hits_per_min": {
          "raw": 4.680851063829787,
          "pct": 0.45454545454545453
        },
        "hero_damage_per_min": {
          "raw": 796.78916827853,
          "pct": 0.9545454545454546
        },
        "hero_healing_per_min": {
          "raw": 0,
          "pct": 0.9545454545454546
        },
        "tower_damage": {
          "raw": 646,
          "pct": 0.38636363636363635
        },
        "stuns_per_min": {
          "raw": 0,
          "pct": 0.022727272727272728
        },
        "lhten": {}
      }
    },
    {
      "player_slot": 131,
      "ability_targets": null,
      "ability_upgrades_arr": [
        879,
        5601,
        879,
        886,
        879,
        5599,
        879,
        5601,
        5601,
        6000,
        5601,
        5599,
        886,
        886,
        6282,
        886,
        5599,
        412,
        703,
        6997
      ],
      "ability_uses": null,
      "actions": null,
      "additional_units": null,
      "assists": 22,
      "backpack_0": 0,
      "backpack_1": 0,
      "backpack_2": 0,
      "backpack_3": null,
      "buyback_log": null,
      "camps_stacked": null,
      "connection_log": null,
      "creeps_stacked": null,
      "damage": null,
      "damage_inflictor": null,
      "damage_inflictor_received": null,
      "damage_taken": null,
      "damage_targets": null,
      "deaths": 8,
      "denies": 2,
      "dn_t": null,
      "firstblood_claimed": null,
      "gold": 145,
      "gold_per_min": 816,
      "gold_reasons": null,
      "gold_spent": 21585,
      "gold_t": null,
      "hero_damage": 18988,
      "hero_healing": 0,
      "hero_hits": null,
      "hero_id": 105,
      "item_0": 176,
      "item_1": 203,
      "item_2": 180,
      "item_3": 0,
      "item_4": 235,
      "item_5": 77,
      "item_neutral": 335,
      "item_uses": null,
      "kill_streaks": null,
      "killed": null,
      "killed_by": null,
      "kills": 4,
      "kills_log": null,
      "lane_pos": null,
      "last_hits": 60,
      "leaver_status": 0,
      "level": 28,
      "lh_t": null,
      "life_state": null,
      "max_hero_hit": null,
      "multi_kills": null,
      "net_worth": 20975,
      "obs": null,
      "obs_left_log": null,
      "obs_log": null,
      "obs_placed": null,
      "party_id": 2,
      "party_size": 2,
      "performance_others": null,
      "permanent_buffs": [
        {
          "permanent_buff": 12,
          "stack_count": 0,
          "grant_time": 762
        }
      ],
      "pings": null,
      "pred_vict": null,
      "purchase": null,
      "purchase_log": null,
      "randomed": null,
      "repicked": null,
      "roshans_killed": null,
      "rune_pickups": null,
      "runes": null,
      "runes_log": null,
      "sen": null,
      "sen_left_log": null,
      "sen_log": null,
      "sen_placed": null,
      "stuns": null,
      "teamfight_participation": null,
      "times": null,
      "tower_damage": 935,
      "towers_killed": null,
      "xp_per_min": 1698,
      "xp_reasons": null,
      "xp_t": null,
      "start_time": 1669911526,
      "duration": 1551,
      "cluster": 188,
      "lobby_type": 0,
      "game_mode": 23,
      "is_contributor": false,
      "patch": 51,
      "region": 8,
      "isRadiant": false,
      "total_gold": 21093,
      "total_xp": 43893,
      "kills_per_min": 0.15473887814313345,
      "kda": 2,
      "abandons": 0,
      "rank_tier": null,
      "is_subscriber": false,
      "cosmetics": [],
      "benchmarks": {
        "gold_per_min": {
          "raw": 816,
          "pct": 1
        },
        "xp_per_min": {
          "raw": 1698,
          "pct": 1
        },
        "kills_per_min": {
          "raw": 0.15473887814313347,
          "pct": 0.53125
        },
        "last_hits_per_min": {
          "raw": 2.321083172147002,
          "pct": 0.5625
        },
        "hero_damage_per_min": {
          "raw": 734.5454545454545,
          "pct": 0.53125
        },
        "hero_healing_per_min": {
          "raw": 0,
          "pct": 0.78125
        },
        "tower_damage": {
          "raw": 935,
          "pct": 0.75
        },
        "stuns_per_min": {
          "raw": 0,
          "pct": 0.0625
        },
        "lhten": {}
      }
    },
    {
      "player_slot": 132,
      "ability_targets": null,
      "ability_upgrades_arr": [
        5372,
        5370,
        5372,
        5370,
        5372,
        5371,
        5372,
        5370,
        5372,
        5370,
        5372,
        5371,
        5372,
        5371,
        5371,
        5371,
        5371,
        5371,
        5370,
        7390,
        315,
        5370,
        5370,
        6811,
        724
      ],
      "ability_uses": null,
      "actions": null,
      "additional_units": null,
      "assists": 10,
      "backpack_0": 0,
      "backpack_1": 0,
      "backpack_2": 0,
      "backpack_3": null,
      "buyback_log": null,
      "camps_stacked": null,
      "connection_log": null,
      "creeps_stacked": null,
      "damage": null,
      "damage_inflictor": null,
      "damage_inflictor_received": null,
      "damage_taken": null,
      "damage_targets": null,
      "deaths": 2,
      "denies": 15,
      "dn_t": null,
      "firstblood_claimed": null,
      "gold": 5382,
      "gold_per_min": 1130,
      "gold_reasons": null,
      "gold_spent": 26090,
      "gold_t": null,
      "hero_damage": 19167,
      "hero_healing": 0,
      "hero_hits": null,
      "hero_id": 74,
      "item_0": 1,
      "item_1": 250,
      "item_2": 96,
      "item_3": 116,
      "item_4": 48,
      "item_5": 0,
      "item_neutral": 300,
      "item_uses": null,
      "kill_streaks": null,
      "killed": null,
      "killed_by": null,
      "kills": 6,
      "kills_log": null,
      "lane_pos": null,
      "last_hits": 81,
      "leaver_status": 0,
      "level": 30,
      "lh_t": null,
      "life_state": null,
      "max_hero_hit": null,
      "multi_kills": null,
      "net_worth": 32257,
      "obs": null,
      "obs_left_log": null,
      "obs_log": null,
      "obs_placed": null,
      "party_id": 2,
      "party_size": 2,
      "performance_others": null,
      "permanent_buffs": [
        {
          "permanent_buff": 2,
          "stack_count": 0,
          "grant_time": 1296
        },
        {
          "permanent_buff": 12,
          "stack_count": 0,
          "grant_time": 1495
        }
      ],
      "pings": null,
      "pred_vict": null,
      "purchase": null,
      "purchase_log": null,
      "randomed": null,
      "repicked": null,
      "roshans_killed": null,
      "rune_pickups": null,
      "runes": null,
      "runes_log": null,
      "sen": null,
      "sen_left_log": null,
      "sen_log": null,
      "sen_placed": null,
      "stuns": null,
      "teamfight_participation": null,
      "times": null,
      "tower_damage": 4375,
      "towers_killed": null,
      "xp_per_min": 1922,
      "xp_reasons": null,
      "xp_t": null,
      "start_time": 1669911526,
      "duration": 1551,
      "cluster": 188,
      "lobby_type": 0,
      "game_mode": 23,
      "is_contributor": false,
      "patch": 51,
      "region": 8,
      "isRadiant": false,
      "total_gold": 29210,
      "total_xp": 49683,
      "kills_per_min": 0.23210831721470018,
      "kda": 5,
      "abandons": 0,
      "rank_tier": null,
      "is_subscriber": false,
      "cosmetics": [],
      "benchmarks": {
        "gold_per_min": {
          "raw": 1130,
          "pct": 1
        },
        "xp_per_min": {
          "raw": 1922,
          "pct": 1
        },
        "kills_per_min": {
          "raw": 0.23210831721470018,
          "pct": 0.8064516129032258
        },
        "last_hits_per_min": {
          "raw": 3.133462282398453,
          "pct": 0.0967741935483871
        },
        "hero_damage_per_min": {
          "raw": 741.4700193423597,
          "pct": 0.6451612903225806
        },
        "hero_healing_per_min": {
          "raw": 0,
          "pct": 0.7096774193548387
        },
        "tower_damage": {
          "raw": 4375,
          "pct": 0.6451612903225806
        },
        "stuns_per_min": {
          "raw": 0,
          "pct": 0
        },
        "lhten": {}
      }
    }
  ],
  "patch": 51,
  "region": 8
}