{
  "chat": null,
  "cluster": 186,
  "cosmetics": null,
  "dire_score": 52,
  "dire_team_id": null,
  "draft_timings": null,
  "duration": 2268,
  "engine": 1,
  "first_blood_time": 128,
  "game_mode": 22,
  "human_players": 10,
  "leagueid": 0,
  "lobby_type": 7,
  "match_seq_num": 5780371911,
  "negative_votes": 0,
  "objectives": null,
  "picks_bans": [
    {
      "is_pick": true,
      "hero_id": 74,
      "team": 1,
      "order": 0
    },
    {
      "is_pick": true,
      "hero_id": 75,
      "team": 0,
      "order": 1
    },
    {
      "is_pick": true,
      "hero_id": 119,
      "team": 1,
      "order": 2
    },
    {
      "is_pick": true,
      "hero_id": 88,
      "team": 0,
      "order": 3
    },
    {
      "is_pick": true,
      "hero_id": 2,
      "team": 0,
      "order": 4
    },
    {
      "is_pick": true,
      "hero_id": 25,
      "team": 1,
      "order": 5
    },
    {
      "is_pick": true,
      "hero_id": 49,
      "team": 1,
      "order": 6
    },
    {
      "is_pick": true,
      "hero_id": 29,
      "team": 0,
      "order": 7
    },
    {
      "is_pick": true,
      "hero_id": 71,
      "team": 0,
      "order": 8
    },
    {
      "is_pick": true,
      "hero_id": 11,
      "team": 1,
      "order": 9
    },
    {
      "is_pick": true,
      "hero_id": 1,
      "team": 1,
      "order": 10
    },
    {
      "is_pick": true,
      "hero_id": 34,
      "team": 0,
      "order": 11
    },
    {
      "is_pick": false,
      "hero_id": 35,
      "team": 0,
      "order": 12
    },
    {
      "is_pick": false,
      "hero_id": 12,
      "team": 0,
      "order": 13
    },
    {
      "is_pick": false,
      "hero_id": 34,
      "team": 0,
      "order": 14
    },
    {
      "is_pick": false,
      "hero_id": 47,
      "team": 0,
      "order": 15
    }
  ],
  "positive_votes": 0,
  "radiant_gold_adv": null,
  "radiant_score": 38,
  "radiant_team_id": null,
  "radiant_xp_adv": null,
  "skill": null,
  "start_time": 1669912523,
  "teamfights": null,
  "version": null,
  "replay_salt": 567002580,
  "series_id": 0,
  "series_type": 0,
  "players": [
    {
      "player_slot": 0,
      "ability_targets": null,
      "ability_upgrades_arr": [
        5377,
        5379,
        5377,
        5379,
        5377,
        5379,
        5377,
        5379,
        5378,
        6184,
        5378,
        5380
      ],
      "ability_uses": null,
      "actions": null,
      "additional_units": null,
      "assists": 12,
      "backpack_0": 0,
      "backpack_1": 0,
      "backpack_2": 0,
      "backpack_3": null,
      "buyback_log": null,
      "camps_stacked": null,
      "connection_log": null,
      "creeps_stacked": null,
      "damage": null,
      "damage_inflictor": null,
      "damage_inflictor_received": null,
      "damage_taken": null,
      "damage_targets": null,
      "deaths": 19,
      "denies": 1,
      "dn_t": null,
      "firstblood_claimed": null,
      "gold": 3451,
      "gold_per_min": 226,
      "gold_reasons": null,
      "gold_spent": 2645,
      "gold_t": null,
      "hero_damage": 16659,
      "hero_healing": 0,
      "hero_hits": null,
      "hero_id": 75,
      "item_0": 77,
      "item_1": 77,
      "item_2": 42,
      "item_3": 77,
      "item_4": 77,
      "item_5": 29,
      "item_neutral": 0,
      "item_uses": null,
      "kill_streaks": null,
      "killed": null,
      "killed_by": null,
      "kills": 1,
      "kills_log": null,
      "lane_pos": null,
      "last_hits": 29,
      "leaver_status": 0,
      "level": 12,
      "lh_t": null,
      "life_state": null,
      "max_hero_hit": null,
      "multi_kills": null,
      "net_worth": 6071,
      "obs": null,
      "obs_left_log": null,
      "obs_log": null,
      "obs_placed": null,
      "party_id": 0,
      "party_size": 1,
      "performance_others": null,
      "permanent_buffs": [
        {
          "permanent_buff": 3,
          "stack_count": 8,
          "grant_time": 1588
        },
        {
          "permanent_buff": 6,
          "stack_count": 1,
          "grant_time": 943
        }
      ],
      "pings": null,
      "pred_vict": null,
      "purchase": null,
      "purchase_log": null,
      "randomed": null,
      "repicked": null,
      "roshans_killed": null,
      "rune_pickups": null,
      "runes": null,
      "runes_log": null,
      "sen": null,
      "sen_left_log": null,
      "sen_log": null,
      "sen_placed": null,
      "stuns": null,
      "teamfight_participation": null,
      "times": null,
      "tower_damage": 122,
      "towers_killed": null,
      "xp_per_min": 229,
      "xp_reasons": null,
      "xp_t": null,
      "start_time": 1669912523,
      "duration": 2268,
      "cluster": 186,
      "lobby_type": 7,
      "game_mode": 22,
      "is_contributor": false,
      "patch": 51,
      "region": 8,
      "isRadiant": true,
      "total_gold": 8542,
      "total_xp": 8656,
      "kills_per_min": 0.026455026455026457,
      "kda": 0,
      "abandons": 0,
      "rank_tier": null,
      "is_subscriber": false,
      "cosmetics": [],
      "benchmarks": {
        "gold_per_min": {
          "raw": 226,
          "pct": 0.16363636363636364
        },
        "xp_per_min": {
          "raw": 229,
          "pct": 0.07272727272727272
        },
        "kills_per_min": {
          "raw": 0.026455026455026454,
          "pct": 0.12727272727272726
        },
        "last_hits_per_min": {
          "raw": 0.7671957671957672,
          "pct": 0.10909090909090909
        },
        "hero_damage_per_min": {
          "raw": 440.71428571428567,
          "pct": 0.4909090909090909
        },
        "hero_healing_per_min": {
          "raw": 0,
          "pct": 0.8
        },
        "tower_damage": {
          "raw": 122,
          "pct": 0.43636363636363634
        },
        "stuns_per_min": {
          "raw": 0,
          "pct": 0.8727272727272727
        },
        "lhten": {}
      }
    },
    {
      "player_slot": 1,
      "ability_targets": null,
      "ability_upgrades_arr": [
        5355,
        5353,
        5355,
        7301,
        5353,
        5356,
        5355,
        5355,
        5353,
        5931,
        5356,
        5353,
        7301,
        7301,
        5940,
        7301,
        5356,
        6149
      ],
      "ability_uses": null,
      "actions": null,
      "additional_units": null,
      "assists": 15,
      "backpack_0": 86,
      "backpack_1": 111,
      "backpack_2": 34,
      "backpack_3": null,
      "buyback_log": null,
      "camps_stacked": null,
      "connection_log": null,
      "creeps_stacked": null,
      "damage": null,
      "damage_inflictor": null,
      "damage_inflictor_received": null,
      "damage_taken": null,
      "damage_targets": null,
      "deaths": 7,
      "denies": 5,
      "dn_t": null,
      "firstblood_claimed": null,
      "gold": 1323,
      "gold_per_min": 496,
      "gold_reasons": null,
      "gold_spent": 17460,
      "gold_t": null,
      "hero_damage": 26240,
      "hero_healing": 0,
      "hero_hits": null,
      "hero_id": 71,
      "item_0": 249,
      "item_1": 50,
      "item_2": 40,
      "item_3": 73,
      "item_4": 9,
      "item_5": 154,
      "item_neutral": 361,
      "item_uses": null,
      "kill_streaks": null,
      "killed": null,
      "killed_by": null,
      "kills": 10,
      "kills_log": null,
      "lane_pos": null,
      "last_hits": 153,
      "leaver_status": 0,
      "level": 24,
      "lh_t": null,
      "life_state": null,
      "max_hero_hit": null,
      "multi_kills": null,
      "net_worth": 16383,
      "obs": null,
      "obs_left_log": null,
      "obs_log": null,
      "obs_placed": null,
      "party_id": 1,
      "party_size": 2,
      "performance_others": null,
      "permanent_buffs": [],
      "pings": null,
      "pred_vict": null,
      "purchase": null,
      "purchase_log": null,
      "randomed": null,
      "repicked": null,
      "roshans_killed": null,
      "rune_pickups": null,
      "runes": null,
      "runes_log": null,
      "sen": null,
      "sen_left_log": null,
      "sen_log": null,
      "sen_placed": null,
      "stuns": null,
      "teamfight_participation": null,
      "times": null,
      "tower_damage": 0,
      "towers_killed": null,
      "xp_per_min": 870,
      "xp_reasons": null,
      "xp_t": null,
      "personaname": "Scared?",
      "name": null,
      "last_login": null,
      "start_time": 1669912523,
      "duration": 2268,
      "cluster": 186,
      "lobby_type": 7,
      "game_mode": 22,
      "is_contributor": false,
      "patch": 51,
      "region": 8,
      "isRadiant": true,
      "total_gold": 18748,
      "total_xp": 32886,
      "kills_per_min": 0.2645502645502646,
      "kda": 3,
      "abandons": 0,
      "rank_tier": 31,
      "is_subscriber": false,
      "cosmetics": [],
      "benchmarks": {
        "gold_per_min": {
          "raw": 496,
          "pct": 0.725
        },
        "xp_per_min": {
          "raw": 870,
          "pct": 0.925
        },
        "kills_per_min": {
          "raw": 0.26455026455026454,
          "pct": 0.85
        },
        "last_hits_per_min": {
          "raw": 4.0476190476190474,
          "pct": 0.525
        },
        "hero_damage_per_min": {
          "raw": 694.1798941798942,
          "pct": 0.95
        },
        "hero_healing_per_min": {
          "raw": 0,
          "pct": 0.925
        },
        "tower_damage": {
          "raw": 0,
          "pct": 0.175
        },
        "stuns_per_min": {
          "raw": 0,
          "pct": 0
        },
        "lhten": {}
      }
    },
    {
      "player_slot": 2,
      "ability_targets": null,
      "ability_upgrades_arr": [
        5150,
        5151,
        5150,
        5151,
        5150,
        4646,
        5150,
        5151,
        5151,
        800,
        650,
        5153,
        650,
        650,
        765,
        650,
        5153,
        1069
      ],
      "ability_uses": null,
      "actions": null,
      "additional_units": null,
      "assists": 11,
      "backpack_0": 40,
      "backpack_1": 20,
      "backpack_2": 0,
      "backpack_3": null,
      "buyback_log": null,
      "camps_stacked": null,
      "connection_log": null,
      "creeps_stacked": null,
      "damage": null,
      "damage_inflictor": null,
      "damage_inflictor_received": null,
      "damage_taken": null,
      "damage_targets": null,
      "deaths": 9,
      "denies": 3,
      "dn_t": null,
      "firstblood_claimed": null,
      "gold": 246,
      "gold_per_min": 461,
      "gold_reasons": null,
      "gold_spent": 14505,
      "gold_t": null,
      "hero_damage": 43390,
      "hero_healing": 110,
      "hero_hits": null,
      "hero_id": 34,
      "item_0": 178,
      "item_1": 1,
      "item_2": 37,
      "item_3": 116,
      "item_4": 41,
      "item_5": 108,
      "item_neutral": 0,
      "item_uses": null,
      "kill_streaks": null,
      "killed": null,
      "killed_by": null,
      "kills": 19,
      "kills_log": null,
      "lane_pos": null,
      "last_hits": 66,
      "leaver_status": 0,
      "level": 24,
      "lh_t": null,
      "life_state": null,
      "max_hero_hit": null,
      "multi_kills": null,
      "net_worth": 14011,
      "obs": null,
      "obs_left_log": null,
      "obs_log": null,
      "obs_placed": null,
      "party_id": 1,
      "party_size": 2,
      "performance_others": null,
      "permanent_buffs": [
        {
          "permanent_buff": 6,
          "stack_count": 2,
          "grant_time": 1607
        }
      ],
      "pings": null,
      "pred_vict": null,
      "purchase": null,
      "purchase_log": null,
      "randomed": null,
      "repicked": null,
      "roshans_killed": null,
      "rune_pickups": null,
      "runes": null,
      "runes_log": null,
      "sen": null,
      "sen_left_log": null,
      "sen_log": null,
      "sen_placed": null,
      "stuns": null,
      "teamfight_participation": null,
      "times": null,
      "tower_damage": 0,
      "towers_killed": null,
      "xp_per_min": 858,
      "xp_reasons": null,
      "xp_t": null,
      "personaname": "KaRtOsHkA",
      "name": null,
      "last_login": null,
      "start_time": 1669912523,
      "duration": 2268,
      "cluster": 186,
      "lobby_type": 7,
      "game_mode": 22,
      "is_contributor": false,
      "patch": 51,
      "region": 8,
      "isRadiant": true,
      "total_gold": 17425,
      "total_xp": 32432,
      "kills_per_min": 0.5026455026455027,
      "kda": 3,
      "abandons": 0,
      "rank_tier": 22,
      "is_subscriber": false,
      "cosmetics": [],
      "benchmarks": {
        "gold_per_min": {
          "raw": 461,
          "pct": 0.3076923076923077
        },
        "xp_per_min": {
          "raw": 858,
          "pct": 0.6923076923076923
        },
        "kills_per_min": {
          "raw": 0.5026455026455026,
          "pct": 1
        },
        "last_hits_per_min": {
          "raw": 1.746031746031746,
          "pct": 0
        },
        "hero_damage_per_min": {
          "raw": 1147.883597883598,
          "pct": 0.5384615384615384
        },
        "hero_healing_per_min": {
          "raw": 2.91005291005291,
          "pct": 0.6153846153846154
        },
        "tower_damage": {
          "raw": 0,
          "pct": 0.5384615384615384
        },
        "stuns_per_min": {
          "raw": 0,
          "pct": 0.46153846153846156
        },
        "lhten": {}
      }
    },
    {
      "player_slot": 3,
      "ability_targets": null,
      "ability_upgrades_arr": [
        5120,
        5118,
        5119,
        5120,
        5120,
        5121,
        5120,
        5119,
        5119,
        963,
        5119,
        5121,
        5118,
        5118,
        6945,
        5118
      ],
      "ability_uses": null,
      "actions": null,
      "additional_units": null,
      "assists": 9,
      "backpack_0": 0,
      "backpack_1": 0,
      "backpack_2": 0,
      "backpack_3": null,
      "buyback_log": null,
      "camps_stacked": null,
      "connection_log": null,
      "creeps_stacked": null,
      "damage": null,
      "damage_inflictor": null,
      "damage_inflictor_received": null,
      "damage_taken": null,
      "damage_targets": null,
      "deaths": 11,
      "denies": 4,
      "dn_t": null,
      "firstblood_claimed": null,
      "gold": 287,
      "gold_per_min": 326,
      "gold_reasons": null,
      "gold_spent": 11270,
      "gold_t": null,
      "hero_damage": 11249,
      "hero_healing": 0,
      "hero_hits": null,
      "hero_id": 29,
      "item_0": 9,
      "item_1": 131,
      "item_2": 58,
      "item_3": 0,
      "item_4": 1,
      "item_5": 180,
      "item_neutral": 680,
      "item_uses": null,
      "kill_streaks": null,
      "killed": null,
      "killed_by": null,
      "kills": 4,
      "kills_log": null,
      "lane_pos": null,
      "last_hits": 122,
      "leaver_status": 0,
      "level": 17,
      "lh_t": null,
      "life_state": null,
      "max_hero_hit": null,
      "multi_kills": null,
      "net_worth": 10937,
      "obs": null,
      "obs_left_log": null,
      "obs_log": null,
      "obs_placed": null,
      "party_id": 2,
      "party_size": 2,
      "performance_others": null,
      "permanent_buffs": [
        {
          "permanent_buff": 12,
          "stack_count": 0,
          "grant_time": 1713
        }
      ],
      "pings": null,
      "pred_vict": null,
      "purchase": null,
      "purchase_log": null,
      "randomed": null,
      "repicked": null,
      "roshans_killed": null,
      "rune_pickups": null,
      "runes": null,
      "runes_log": null,
      "sen": null,
      "sen_left_log": null,
      "sen_log": null,
      "sen_placed": null,
      "stuns": null,
      "teamfight_participation": null,
      "times": null,
      "tower_damage": 91,
      "towers_killed": null,
      "xp_per_min": 424,
      "xp_reasons": null,
      "xp_t": null,
      "start_time": 1669912523,
      "duration": 2268,
      "cluster": 186,
      "lobby_type": 7,
      "game_mode": 22,
      "is_contributor": false,
      "patch": 51,
      "region": 8,
      "isRadiant": true,
      "total_gold": 12322,
      "total_xp": 16027,
      "kills_per_min": 0.10582010582010583,
      "kda": 1,
      "abandons": 0,
      "rank_tier": null,
      "is_subscriber": false,
      "cosmetics": [],
      "benchmarks": {
        "gold_per_min": {
          "raw": 326,
          "pct": 0.1
        },
        "xp_per_min": {
          "raw": 424,
          "pct": 0.1
        },
        "kills_per_min": {
          "raw": 0.10582010582010581,
          "pct": 0.4
        },
        "last_hits_per_min": {
          "raw": 3.2275132275132274,
          "pct": 0.2
        },
        "hero_damage_per_min": {
          "raw": 297.5925925925926,
          "pct": 0.1
        },
        "hero_healing_per_min": {
          "raw": 0,
          "pct": 0.6
        },
        "tower_damage": {
          "raw": 91,
          "pct": 0.1
        },
        "stuns_per_min": {
          "raw": 0,
          "pct": 0
        },
        "lhten": {}
      }
    },
    {
      "player_slot": 4,
      "ability_targets": null,
      "ability_upgrades_arr": [
        5462,
        5463,
        5464,
        5464,
        5464,
        5465,
        5462,
        5462,
        5462,
        5949,
        5464,
        5465,
        5463,
        5463,
        1051,
        5463
      ],
      "ability_uses": null,
      "actions": null,
      "additional_units": null,
      "assists": 9,
      "backpack_0": 0,
      "backpack_1": 0,
      "backpack_2": 0,
      "backpack_3": null,
      "buyback_log": null,
      "camps_stacked": null,
      "connection_log": null,
      "creeps_stacked": null,
      "damage": null,
      "damage_inflictor": null,
      "damage_inflictor_received": null,
      "damage_taken": null,
      "damage_targets": null,
      "deaths": 6,
      "denies": 0,
      "dn_t": null,
      "firstblood_claimed": null,
      "gold": 295,
      "gold_per_min": 268,
      "gold_reasons": null,
      "gold_spent": 9680,
      "gold_t": null,
      "hero_damage": 10894,
      "hero_healing": 0,
      "hero_hits": null,
      "hero_id": 88,
      "item_0": 203,
      "item_1": 0,
      "item_2": 178,
      "item_3": 40,
      "item_4": 36,
      "item_5": 214,
      "item_neutral": 946,
      "item_uses": null,
      "kill_streaks": null,
      "killed": null,
      "killed_by": null,
      "kills": 3,
      "kills_log": null,
      "lane_pos": null,
      "last_hits": 49,
      "leaver_status": 0,
      "level": 17,
      "lh_t": null,
      "life_state": null,
      "max_hero_hit": null,
      "multi_kills": null,
      "net_worth": 9155,
      "obs": null,
      "obs_left_log": null,
      "obs_log": null,
      "obs_placed": null,
      "party_id": 2,
      "party_size": 2,
      "performance_others": null,
      "permanent_buffs": [],
      "pings": null,
      "pred_vict": null,
      "purchase": null,
      "purchase_log": null,
      "randomed": null,
      "repicked": null,
      "roshans_killed": null,
      "rune_pickups": null,
      "runes": null,
      "runes_log": null,
      "sen": null,
      "sen_left_log": null,
      "sen_log": null,
      "sen_placed": null,
      "stuns": null,
      "teamfight_participation": null,
      "times": null,
      "tower_damage": 0,
      "towers_killed": null,
      "xp_per_min": 456,
      "xp_reasons": null,
      "xp_t": null,
      "personaname": "mnloveforev、♡",
      "name": null,
      "last_login": null,
      "start_time": 1669912523,
      "duration": 2268,
      "cluster": 186,
      "lobby_type": 7,
      "game_mode": 22,
      "is_contributor": false,
      "patch": 51,
      "region": 8,
      "isRadiant": true,
      "total_gold": 10130,
      "total_xp": 17236,
      "kills_per_min": 0.07936507936507937,
      "kda": 1,
      "abandons": 0,
      "rank_tier": 21,
      "is_subscriber": false,
      "cosmetics": [],
      "benchmarks": {
        "gold_per_min": {
          "raw": 268,
          "pct": 0.35714285714285715
        },
        "xp_per_min": {
          "raw": 456,
          "pct": 0.42857142857142855
        },
        "kills_per_min": {
          "raw": 0.07936507936507936,
          "pct": 0.35714285714285715
        },
        "last_hits_per_min": {
          "raw": 1.2962962962962963,
          "pct": 0.42857142857142855
        },
        "hero_damage_per_min": {
          "raw": 288.20105820105823,
          "pct": 0.21428571428571427
        },
        "hero_healing_per_min": {
          "raw": 0,
          "pct": 1
        },
        "tower_damage": {
          "raw": 0,
          "pct": 0.2857142857142857
        },
        "stuns_per_min": {
          "raw": 0,
          "pct": 0
        },
        "lhten": {}
      }
    },
    {
      "player_slot": 128,
      "ability_targets": null,
      "ability_upgrades_arr": [
        6339,
        6341,
        6341,
        6339,
        6341,
        6340,
        6341,
        6342,
        6339,
        514,
        6342,
        6340,
        6339,
        6342,
        7655,
        6342,
        6340
      ],
      "ability_uses": null,
      "actions": null,
      "additional_units": null,
      "assists": 9,
      "backpack_0": 0,
      "backpack_1": 0,
      "backpack_2": 0,
      "backpack_3": null,
      "buyback_log": null,
      "camps_stacked": null,
      "connection_log": null,
      "creeps_stacked": null,
      "damage": null,
      "damage_inflictor": null,
      "damage_inflictor_received": null,
      "damage_taken": null,
      "damage_targets": null,
      "deaths": 13,
      "denies": 1,
      "dn_t": null,
      "firstblood_claimed": null,
      "gold": 622,
      "gold_per_min": 349,
      "gold_reasons": null,
      "gold_spent": 11505,
      "gold_t": null,
      "hero_damage": 15375,
      "hero_healing": 0,
      "hero_hits": null,
      "hero_id": 119,
      "item_0": 206,
      "item_1": 232,
      "item_2": 214,
      "item_3": 108,
      "item_4": 7,
      "item_5": 0,
      "item_neutral": 573,
      "item_uses": null,
      "kill_streaks": null,
      "killed": null,
      "killed_by": null,
      "kills": 9,
      "kills_log": null,
      "lane_pos": null,
      "last_hits": 57,
      "leaver_status": 0,
      "level": 18,
      "lh_t": null,
      "life_state": null,
      "max_hero_hit": null,
      "multi_kills": null,
      "net_worth": 11872,
      "obs": null,
      "obs_left_log": null,
      "obs_log": null,
      "obs_placed": null,
      "party_id": 3,
      "party_size": 1,
      "performance_others": null,
      "permanent_buffs": [],
      "pings": null,
      "pred_vict": null,
      "purchase": null,
      "purchase_log": null,
      "randomed": null,
      "repicked": null,
      "roshans_killed": null,
      "rune_pickups": null,
      "runes": null,
      "runes_log": null,
      "sen": null,
      "sen_left_log": null,
      "sen_log": null,
      "sen_placed": null,
      "stuns": null,
      "teamfight_participation": null,
      "times": null,
      "tower_damage": 302,
      "towers_killed": null,
      "xp_per_min": 490,
      "xp_reasons": null,
      "xp_t": null,
      "start_time": 1669912523,
      "duration": 2268,
      "cluster": 186,
      "lobby_type": 7,
      "game_mode": 22,
      "is_contributor": false,
      "patch": 51,
      "region": 8,
      "isRadiant": false,
      "total_gold": 13192,
      "total_xp": 18522,
      "kills_per_min": 0.2380952380952381,
      "kda": 1,
      "abandons": 0,
      "rank_tier": null,
      "is_subscriber": false,
      "cosmetics": [],
      "benchmarks": {
        "gold_per_min": {
          "raw": 349,
          "pct": 0.7391304347826086
        },
        "xp_per_min": {
          "raw": 490,
          "pct": 0.5652173913043478
        },
        "kills_per_min": {
          "raw": 0.23809523809523808,
          "pct": 0.6956521739130435
        },
        "last_hits_per_min": {
          "raw": 1.507936507936508,
          "pct": 0.6956521739130435
        },
        "hero_damage_per_min": {
          "raw": 406.74603174603175,
          "pct": 0.4782608695652174
        },
        "hero_healing_per_min": {
          "raw": 0,
          "pct": 0.8695652173913043
        },
        "tower_damage": {
          "raw": 302,
          "pct": 0.5652173913043478
        },
        "stuns_per_min": {
          "raw": 0,
          "pct": 0
        },
        "lhten": {}
      }
    },
    {
      "player_slot": 129,
      "ability_targets": null,
      "ability_upgrades_arr": [
        5041,
        5042,
        5040,
        5042,
        5040,
        5043,
        5042,
        5042,
        5040,
        6212,
        5041,
        5041,
        5041,
        5043,
        6195,
        5040,
        5043
      ],
      "ability_uses": null,
      "actions": null,
      "additional_units": null,
      "assists": 20,
      "backpack_0": 0,
      "backpack_1": 0,
      "backpack_2": 0,
      "backpack_3": null,
      "buyback_log": null,
      "camps_stacked": null,
      "connection_log": null,
      "creeps_stacked": null,
      "damage": null,
      "damage_inflictor": null,
      "damage_inflictor_received": null,
      "damage_taken": null,
      "damage_targets": null,
      "deaths": 12,
      "denies": 14,
      "dn_t": null,
      "firstblood_claimed": null,
      "gold": 2037,
      "gold_per_min": 405,
      "gold_reasons": null,
      "gold_spent": 12695,
      "gold_t": null,
      "hero_damage": 18879,
      "hero_healing": 192,
      "hero_hits": null,
      "hero_id": 25,
      "item_0": 123,
      "item_1": 100,
      "item_2": 180,
      "item_3": 34,
      "item_4": 40,
      "item_5": 0,
      "item_neutral": 289,
      "item_uses": null,
      "kill_streaks": null,
      "killed": null,
      "killed_by": null,
      "kills": 6,
      "kills_log": null,
      "lane_pos": null,
      "last_hits": 99,
      "leaver_status": 0,
      "level": 19,
      "lh_t": null,
      "life_state": null,
      "max_hero_hit": null,
      "multi_kills": null,
      "net_worth": 12542,
      "obs": null,
      "obs_left_log": null,
      "obs_log": null,
      "obs_placed": null,
      "party_id": 4,
      "party_size": 2,
      "performance_others": null,
      "permanent_buffs": [
        {
          "permanent_buff": 6,
          "stack_count": 2,
          "grant_time": 888
        },
        {
          "permanent_buff": 12,
          "stack_count": 0,
          "grant_time": 2373
        }
      ],
      "pings": null,
      "pred_vict": null,
      "purchase": null,
      "purchase_log": null,
      "randomed": null,
      "repicked": null,
      "roshans_killed": null,
      "rune_pickups": null,
      "runes": null,
      "runes_log": null,
      "sen": null,
      "sen_left_log": null,
      "sen_log": null,
      "sen_placed": null,
      "stuns": null,
      "teamfight_participation": null,
      "times": null,
      "tower_damage": 5994,
      "towers_killed": null,
      "xp_per_min": 529,
      "xp_reasons": null,
      "xp_t": null,
      "start_time": 1669912523,
      "duration": 2268,
      "cluster": 186,
      "lobby_type": 7,
      "game_mode": 22,
      "is_contributor": false,
      "patch": 51,
      "region": 8,
      "isRadiant": false,
      "total_gold": 15309,
      "total_xp": 19996,
      "kills_per_min": 0.15873015873015875,
      "kda": 2,
      "abandons": 0,
      "rank_tier": null,
      "is_subscriber": false,
      "cosmetics": [],
      "benchmarks": {
        "gold_per_min": {
          "raw": 405,
          "pct": 0.21052631578947367
        },
        "xp_per_min": {
          "raw": 529,
          "pct": 0.21052631578947367
        },
        "kills_per_min": {
          "raw": 0.15873015873015872,
          "pct": 0.5789473684210527
        },
        "last_hits_per_min": {
          "raw": 2.619047619047619,
          "pct": 0.10526315789473684
        },
        "hero_damage_per_min": {
          "raw": 499.44444444444446,
          "pct": 0.3157894736842105
        },
        "hero_healing_per_min": {
          "raw": 5.079365079365079,
          "pct": 1
        },
        "tower_damage": {
          "raw": 5994,
          "pct": 0.7894736842105263
        },
        "stuns_per_min": {
          "raw": 0,
          "pct": 0
        },
        "lhten": {}
      }
    },
    {
      "player_slot": 130,
      "ability_targets": null,
      "ability_upgrades_arr": [
        5228,
        5227,
        5228,
        5226,
        5228,
        5229,
        5228,
        5226,
        5226,
        5226,
        5938,
        5229,
        5227,
        5227,
        5976,
        5227,
        5229
      ],
      "ability_uses": null,
      "actions": null,
      "additional_units": null,
      "assists": 11,
      "backpack_0": 13,
      "backpack_1": 13,
      "backpack_2": 0,
      "backpack_3": null,
      "buyback_log": null,
      "camps_stacked": null,
      "connection_log": null,
      "creeps_stacked": null,
      "damage": null,
      "damage_inflictor": null,
      "damage_inflictor_received": null,
      "damage_taken": null,
      "damage_targets": null,
      "deaths": 6,
      "denies": 7,
      "dn_t": null,
      "firstblood_claimed": null,
      "gold": 968,
      "gold_per_min": 466,
      "gold_reasons": null,
      "gold_spent": 15585,
      "gold_t": null,
      "hero_damage": 20871,
      "hero_healing": 0,
      "hero_hits": null,
      "hero_id": 49,
      "item_0": 112,
      "item_1": 166,
      "item_2": 63,
      "item_3": 116,
      "item_4": 0,
      "item_5": 13,
      "item_neutral": 1077,
      "item_uses": null,
      "kill_streaks": null,
      "killed": null,
      "killed_by": null,
      "kills": 13,
      "kills_log": null,
      "lane_pos": null,
      "last_hits": 168,
      "leaver_status": 0,
      "level": 19,
      "lh_t": null,
      "life_state": null,
      "max_hero_hit": null,
      "multi_kills": null,
      "net_worth": 16363,
      "obs": null,
      "obs_left_log": null,
      "obs_log": null,
      "obs_placed": null,
      "party_id": 4,
      "party_size": 2,
      "performance_others": null,
      "permanent_buffs": [
        {
          "permanent_buff": 12,
          "stack_count": 0,
          "grant_time": 1915
        }
      ],
      "pings": null,
      "pred_vict": null,
      "purchase": null,
      "purchase_log": null,
      "randomed": null,
      "repicked": null,
      "roshans_killed": null,
      "rune_pickups": null,
      "runes": null,
      "runes_log": null,
      "sen": null,
      "sen_left_log": null,
      "sen_log": null,
      "sen_placed": null,
      "stuns": null,
      "teamfight_participation": null,
      "times": null,
      "tower_damage": 4683,
      "towers_killed": null,
      "xp_per_min": 532,
      "xp_reasons": null,
      "xp_t": null,
      "start_time": 1669912523,
      "duration": 2268,
      "cluster": 186,
      "lobby_type": 7,
      "game_mode": 22,
      "is_contributor": false,
      "patch": 51,
      "region": 8,
      "isRadiant": false,
      "total_gold": 17614,
      "total_xp": 20109,
      "kills_per_min": 0.34391534391534395,
      "kda": 3,
      "abandons": 0,
      "rank_tier": null,
      "is_subscriber": false,
      "cosmetics": [],
      "benchmarks": {
        "gold_per_min": {
          "raw": 466,
          "pct": 0.48717948717948717
        },
        "xp_per_min": {
          "raw": 532,
          "pct": 0.38461538461538464
        },
        "kills_per_min": {
          "raw": 0.3439153439153439,
          "pct": 0.9743589743589743
        },
        "last_hits_per_min": {
          "raw": 4.444444444444445,
          "pct": 0.38461538461538464
        },
        "hero_damage_per_min": {
          "raw": 552.1428571428571,
          "pct": 0.5897435897435898
        },
        "hero_healing_per_min": {
          "raw": 0,
          "pct": 0.9487179487179487
        },
        "tower_damage": {
          "raw": 4683,
          "pct": 0.5128205128205128
        },
        "stuns_per_min": {
          "raw": 0,
          "pct": 0
        },
        "lhten": {}
      }
    },
    {
      "player_slot": 131,
      "ability_targets": null,
      "ability_upgrades_arr": [
        5371,
        5370,
        5371,
        5370,
        5371,
        5370,
        5371,
        5370,
        5372,
        5372,
        5372,
        5371,
        5371,
        5372,
        5372,
        5372,
        5370,
        5372,
        5371,
        5370,
        6657,
        5370,
        6099,
        7148
      ],
      "ability_uses": null,
      "actions": null,
      "additional_units": null,
      "assists": 29,
      "backpack_0": 0,
      "backpack_1": 0,
      "backpack_2": 0,
      "backpack_3": null,
      "buyback_log": null,
      "camps_stacked": null,
      "connection_log": null,
      "creeps_stacked": null,
      "damage": null,
      "damage_inflictor": null,
      "damage_inflictor_received": null,
      "damage_taken": null,
      "damage_targets": null,
      "deaths": 4,
      "denies": 12,
      "dn_t": null,
      "firstblood_claimed": null,
      "gold": 2922,
      "gold_per_min": 448,
      "gold_reasons": null,
      "gold_spent": 14875,
      "gold_t": null,
      "hero_damage": 29789,
      "hero_healing": 0,
      "hero_hits": null,
      "hero_id": 74,
      "item_0": 267,
      "item_1": 36,
      "item_2": 102,
      "item_3": 116,
      "item_4": 48,
      "item_5": 77,
      "item_neutral": 357,
      "item_uses": null,
      "kill_streaks": null,
      "killed": null,
      "killed_by": null,
      "kills": 7,
      "kills_log": null,
      "lane_pos": null,
      "last_hits": 110,
      "leaver_status": 0,
      "level": 24,
      "lh_t": null,
      "life_state": null,
      "max_hero_hit": null,
      "multi_kills": null,
      "net_worth": 15607,
      "obs": null,
      "obs_left_log": null,
      "obs_log": null,
      "obs_placed": null,
      "party_id": 5,
      "party_size": 2,
      "performance_others": null,
      "permanent_buffs": [
        {
          "permanent_buff": 6,
          "stack_count": 1,
          "grant_time": 1447
        }
      ],
      "pings": null,
      "pred_vict": null,
      "purchase": null,
      "purchase_log": null,
      "randomed": null,
      "repicked": null,
      "roshans_killed": null,
      "rune_pickups": null,
      "runes": null,
      "runes_log": null,
      "sen": null,
      "sen_left_log": null,
      "sen_log": null,
      "sen_placed": null,
      "stuns": null,
      "teamfight_participation": null,
      "times": null,
      "tower_damage": 3071,
      "towers_killed": null,
      "xp_per_min": 908,
      "xp_reasons": null,
      "xp_t": null,
      "start_time": 1669912523,
      "duration": 2268,
      "cluster": 186,
      "lobby_type": 7,
      "game_mode": 22,
      "is_contributor": false,
      "patch": 51,
      "region": 8,
      "isRadiant": false,
      "total_gold": 16934,
      "total_xp": 34322,
      "kills_per_min": 0.1851851851851852,
      "kda": 7,
      "abandons": 0,
      "rank_tier": null,
      "is_subscriber": false,
      "cosmetics": [],
      "benchmarks": {
        "gold_per_min": {
          "raw": 448,
          "pct": 0.2903225806451613
        },
        "xp_per_min": {
          "raw": 908,
          "pct": 0.967741935483871
        },
        "kills_per_min": {
          "raw": 0.18518518518518517,
          "pct": 0.5161290322580645
        },
        "last_hits_per_min": {
          "raw": 2.91005291005291,
          "pct": 0.0967741935483871
        },
        "hero_damage_per_min": {
          "raw": 788.068783068783,
          "pct": 0.6774193548387096
        },
        "hero_healing_per_min": {
          "raw": 0,
          "pct": 0.7096774193548387
        },
        "tower_damage": {
          "raw": 3071,
          "pct": 0.4838709677419355
        },
        "stuns_per_min": {
          "raw": 0,
          "pct": 0
        },
        "lhten": {}
      }
    },
    {
      "player_slot": 132,
      "ability_targets": null,
      "ability_upgrades_arr": [
        5003,
        5004,
        5003,
        7314,
        5004,
        5006,
        5004,
        5004,
        5003,
        6012,
        5003,
        5006,
        7314,
        7314,
        966,
        7314,
        5006,
        665,
        6353,
        6250,
        666
      ],
      "ability_uses": null,
      "actions": null,
      "additional_units": null,
      "assists": 4,
      "backpack_0": 0,
      "backpack_1": 0,
      "backpack_2": 0,
      "backpack_3": null,
      "buyback_log": null,
      "camps_stacked": null,
      "connection_log": null,
      "creeps_stacked": null,
      "damage": null,
      "damage_inflictor": null,
      "damage_inflictor_received": null,
      "damage_taken": null,
      "damage_targets": null,
      "deaths": 3,
      "denies": 4,
      "dn_t": null,
      "firstblood_claimed": null,
      "gold": 3892,
      "gold_per_min": 819,
      "gold_reasons": null,
      "gold_spent": 27885,
      "gold_t": null,
      "hero_damage": 31577,
      "hero_healing": 0,
      "hero_hits": null,
      "hero_id": 1,
      "item_0": 145,
      "item_1": 147,
      "item_2": 63,
      "item_3": 208,
      "item_4": 160,
      "item_5": 98,
      "item_neutral": 309,
      "item_uses": null,
      "kill_streaks": null,
      "killed": null,
      "killed_by": null,
      "kills": 17,
      "kills_log": null,
      "lane_pos": null,
      "last_hits": 398,
      "leaver_status": 0,
      "level": 28,
      "lh_t": null,
      "life_state": null,
      "max_hero_hit": null,
      "multi_kills": null,
      "net_worth": 30417,
      "obs": null,
      "obs_left_log": null,
      "obs_log": null,
      "obs_placed": null,
      "party_id": 5,
      "party_size": 2,
      "performance_others": null,
      "permanent_buffs": [
        {
          "permanent_buff": 12,
          "stack_count": 0,
          "grant_time": 2399
        }
      ],
      "pings": null,
      "pred_vict": null,
      "purchase": null,
      "purchase_log": null,
      "randomed": null,
      "repicked": null,
      "roshans_killed": null,
      "rune_pickups": null,
      "runes": null,
      "runes_log": null,
      "sen": null,
      "sen_left_log": null,
      "sen_log": null,
      "sen_placed": null,
      "stuns": null,
      "teamfight_participation": null,
      "times": null,
      "tower_damage": 15032,
      "towers_killed": null,
      "xp_per_min": 1044,
      "xp_reasons": null,
      "xp_t": null,
      "personaname": "run сосу fail",
      "name": null,
      "last_login": null,
      "start_time": 1669912523,
      "duration": 2268,
      "cluster": 186,
      "lobby_type": 7,
      "game_mode": 22,
      "is_contributor": false,
      "patch": 51,
      "region": 8,
      "isRadiant": false,
      "total_gold": 30958,
      "total_xp": 39463,
      "kills_per_min": 0.44973544973544977,
      "kda": 5,
      "abandons": 0,
      "rank_tier": 15,
      "is_subscriber": false,
      "cosmetics": [],
      "benchmarks": {
        "gold_per_min": {
          "raw": 819,
          "pct": 0.9090909090909091
        },
        "xp_per_min": {
          "raw": 1044,
          "pct": 1
        },
        "kills_per_min": {
          "raw": 0.4497354497354497,
          "pct": 0.9696969696969697
        },
        "last_hits_per_min": {
          "raw": 10.529100529100528,
          "pct": 0.6363636363636364
        },
        "hero_damage_per_min": {
          "raw": 835.3703703703704,
          "pct": 0.8787878787878788
        },
        "hero_healing_per_min": {
          "raw": 0,
          "pct": 0.9696969696969697
        },
        "tower_damage": {
          "raw": 15032,
          "pct": 0.8181818181818182
        },
        "stuns_per_min": {
          "raw": 0,
          "pct": 0
        },
        "lhten": {}
      }
    }
  ],
  "patch": 51,
  "region": 8
}