{
  "chat": null,
  "cluster": 185,
  "cosmetics": null,
  "dire_score": 14,
  "dire_team_id": null,
  "draft_timings": null,
  "duration": 1031,
  "engine": 1,
  "first_blood_time": 76,
  "game_mode": 23,
  "human_players": 10,
  "leagueid": 0,
  "lobby_type": 0,
  "match_seq_num": 5780328715,
  "negative_votes": 0,
  "objectives": null,
  "picks_bans": null,
  "positive_votes": 0,
  "radiant_gold_adv": null,
  "radiant_score": 38,
  "radiant_team_id": null,
  "radiant_xp_adv": null,
  "skill": null,
  "start_time": 1669912199,
  "teamfights": null,
  "version": null,
  "replay_salt": 358799901,
  "series_id": 0,
  "series_type": 0,
  "players": [
    {
      "player_slot": 0,
      "ability_targets": null,
      "ability_upgrades_arr": [
        5290,
        5291,
        5291,
        5289,
        5291,
        5292,
        5291,
        5290,
        5290,
        6200,
        5290,
        5292,
        5289,
        5289,
        6987,
        5289,
        5292,
        6131
      ],
      "ability_uses": null,
      "actions": null,
      "additional_units": null,
      "assists": 6,
      "backpack_0": 0,
      "backpack_1": 0,
      "backpack_2": 0,
      "backpack_3": null,
      "buyback_log": null,
      "camps_stacked": null,
      "connection_log": null,
      "creeps_stacked": null,
      "damage": null,
      "damage_inflictor": null,
      "damage_inflictor_received": null,
      "damage_taken": null,
      "damage_targets": null,
      "deaths": 3,
      "denies": 1,
      "dn_t": null,
      "firstblood_claimed": null,
      "gold": 2877,
      "gold_per_min": 770,
      "gold_reasons": null,
      "gold_spent": 11015,
      "gold_t": null,
      "hero_damage": 9660,
      "hero_healing": 0,
      "hero_hits": null,
      "hero_id": 63,
      "item_0": 75,
      "item_1": 166,
      "item_2": 168,
      "item_3": 236,
      "item_4": 75,
      "item_5": 63,
      "item_neutral": 577,
      "item_uses": null,
      "kill_streaks": null,
      "killed": null,
      "killed_by": null,
      "kills": 4,
      "kills_log": null,
      "lane_pos": null,
      "last_hits": 32,
      "leaver_status": 0,
      "level": 26,
      "lh_t": null,
      "life_state": null,
      "max_hero_hit": null,
      "multi_kills": null,
      "net_worth": 13587,
      "obs": null,
      "obs_left_log": null,
      "obs_log": null,
      "obs_placed": null,
      "party_id": 0,
      "party_size": 1,
      "performance_others": null,
      "permanent_buffs": [
        {
          "permanent_buff": 6,
          "stack_count": 1,
          "grant_time": 856
        }
      ],
      "pings": null,
      "pred_vict": null,
      "purchase": null,
      "purchase_log": null,
      "randomed": null,
      "repicked": null,
      "roshans_killed": null,
      "rune_pickups": null,
      "runes": null,
      "runes_log": null,
      "sen": null,
      "sen_left_log": null,
      "sen_log": null,
      "sen_placed": null,
      "stuns": null,
      "teamfight_participation": null,
      "times": null,
      "tower_damage": 1221,
      "towers_killed": null,
      "xp_per_min": 2005,
      "xp_reasons": null,
      "xp_t": null,
      "start_time": 1669912199,
      "duration": 1031,
      "cluster": 185,
      "lobby_type": 0,
      "game_mode": 23,
      "is_contributor": false,
      "patch": 51,
      "region": 8,
      "isRadiant": true,
      "total_gold": 13231,
      "total_xp": 34452,
      "kills_per_min": 0.23278370514064015,
      "kda": 2,
      "abandons": 0,
      "rank_tier": null,
      "is_subscriber": false,
      "cosmetics": [],
      "benchmarks": {
        "gold_per_min": {
          "raw": 770,
          "pct": 0.9333333333333333
        },
        "xp_per_min": {
          "raw": 2005,
          "pct": 1
        },
        "kills_per_min": {
          "raw": 0.23278370514064015,
          "pct": 0.7333333333333333
        },
        "last_hits_per_min": {
          "raw": 1.8622696411251212,
          "pct": 0.13333333333333333
        },
        "hero_damage_per_min": {
          "raw": 562.172647914646,
          "pct": 0.3333333333333333
        },
        "hero_healing_per_min": {
          "raw": 0,
          "pct": 0.9333333333333333
        },
        "tower_damage": {
          "raw": 1221,
          "pct": 0.4
        },
        "stuns_per_min": {
          "raw": 0,
          "pct": 0.5333333333333333
        },
        "lhten": {}
      }
    },
    {
      "player_slot": 1,
      "ability_targets": null,
      "ability_upgrades_arr": [
        5041,
        5040,
        5042,
        5040,
        5040,
        5043,
        5040,
        5042,
        5042,
        5042,
        5041,
        5043,
        5041,
        5041,
        6212,
        6195,
        5043,
        444
      ],
      "ability_uses": null,
      "actions": null,
      "additional_units": null,
      "assists": 6,
      "backpack_0": 0,
      "backpack_1": 0,
      "backpack_2": 0,
      "backpack_3": null,
      "buyback_log": null,
      "camps_stacked": null,
      "connection_log": null,
      "creeps_stacked": null,
      "damage": null,
      "damage_inflictor": null,
      "damage_inflictor_received": null,
      "damage_taken": null,
      "damage_targets": null,
      "deaths": 6,
      "denies": 2,
      "dn_t": null,
      "firstblood_claimed": null,
      "gold": 606,
      "gold_per_min": 563,
      "gold_reasons": null,
      "gold_spent": 10130,
      "gold_t": null,
      "hero_damage": 4752,
      "hero_healing": 390,
      "hero_hits": null,
      "hero_id": 25,
      "item_0": 0,
      "item_1": 216,
      "item_2": 180,
      "item_3": 0,
      "item_4": 249,
      "item_5": 0,
      "item_neutral": 356,
      "item_uses": null,
      "kill_streaks": null,
      "killed": null,
      "killed_by": null,
      "kills": 1,
      "kills_log": null,
      "lane_pos": null,
      "last_hits": 19,
      "leaver_status": 0,
      "level": 22,
      "lh_t": null,
      "life_state": null,
      "max_hero_hit": null,
      "multi_kills": null,
      "net_worth": 8821,
      "obs": null,
      "obs_left_log": null,
      "obs_log": null,
      "obs_placed": null,
      "party_id": 1,
      "party_size": 1,
      "performance_others": null,
      "permanent_buffs": [
        {
          "permanent_buff": 12,
          "stack_count": 0,
          "grant_time": 1167
        }
      ],
      "pings": null,
      "pred_vict": null,
      "purchase": null,
      "purchase_log": null,
      "randomed": null,
      "repicked": null,
      "roshans_killed": null,
      "rune_pickups": null,
      "runes": null,
      "runes_log": null,
      "sen": null,
      "sen_left_log": null,
      "sen_log": null,
      "sen_placed": null,
      "stuns": null,
      "teamfight_participation": null,
      "times": null,
      "tower_damage": 882,
      "towers_killed": null,
      "xp_per_min": 1512,
      "xp_reasons": null,
      "xp_t": null,
      "start_time": 1669912199,
      "duration": 1031,
      "cluster": 185,
      "lobby_type": 0,
      "game_mode": 23,
      "is_contributor": false,
      "patch": 51,
      "region": 8,
      "isRadiant": true,
      "total_gold": 9674,
      "total_xp": 25981,
      "kills_per_min": 0.058195926285160036,
      "kda": 1,
      "abandons": 0,
      "rank_tier": null,
      "is_subscriber": false,
      "cosmetics": [],
      "benchmarks": {
        "gold_per_min": {
          "raw": 563,
          "pct": 0.6842105263157895
        },
        "xp_per_min": {
          "raw": 1512,
          "pct": 1
        },
        "kills_per_min": {
          "raw": 0.058195926285160036,
          "pct": 0
        },
        "last_hits_per_min": {
          "raw": 1.1057225994180409,
          "pct": 0.05263157894736842
        },
        "hero_damage_per_min": {
          "raw": 276.54704170708055,
          "pct": 0.10526315789473684
        },
        "hero_healing_per_min": {
          "raw": 22.696411251212417,
          "pct": 1
        },
        "tower_damage": {
          "raw": 882,
          "pct": 0.2631578947368421
        },
        "stuns_per_min": {
          "raw": 0,
          "pct": 0
        },
        "lhten": {}
      }
    },
    {
      "player_slot": 2,
      "ability_targets": null,
      "ability_upgrades_arr": [
        8007,
        8006,
        8000,
        8006,
        8006,
        6491,
        8007,
        8007,
        8006,
        774,
        8007,
        6491,
        8000,
        8000,
        1019,
        8000,
        6491,
        8004,
        8001
      ],
      "ability_uses": null,
      "actions": null,
      "additional_units": null,
      "assists": 19,
      "backpack_0": 244,
      "backpack_1": 0,
      "backpack_2": 0,
      "backpack_3": null,
      "buyback_log": null,
      "camps_stacked": null,
      "connection_log": null,
      "creeps_stacked": null,
      "damage": null,
      "damage_inflictor": null,
      "damage_inflictor_received": null,
      "damage_taken": null,
      "damage_targets": null,
      "deaths": 1,
      "denies": 1,
      "dn_t": null,
      "firstblood_claimed": null,
      "gold": 3245,
      "gold_per_min": 764,
      "gold_reasons": null,
      "gold_spent": 10505,
      "gold_t": null,
      "hero_damage": 10706,
      "hero_healing": 0,
      "hero_hits": null,
      "hero_id": 121,
      "item_0": 180,
      "item_1": 254,
      "item_2": 0,
      "item_3": 36,
      "item_4": 232,
      "item_5": 259,
      "item_neutral": 838,
      "item_uses": null,
      "kill_streaks": null,
      "killed": null,
      "killed_by": null,
      "kills": 5,
      "kills_log": null,
      "lane_pos": null,
      "last_hits": 10,
      "leaver_status": 0,
      "level": 25,
      "lh_t": null,
      "life_state": null,
      "max_hero_hit": null,
      "multi_kills": null,
      "net_worth": 13020,
      "obs": null,
      "obs_left_log": null,
      "obs_log": null,
      "obs_placed": null,
      "party_id": 2,
      "party_size": 1,
      "performance_others": null,
      "permanent_buffs": [
        {
          "permanent_buff": 12,
          "stack_count": 0,
          "grant_time": 1080
        }
      ],
      "pings": null,
      "pred_vict": null,
      "purchase": null,
      "purchase_log": null,
      "randomed": null,
      "repicked": null,
      "roshans_killed": null,
      "rune_pickups": null,
      "runes": null,
      "runes_log": null,
      "sen": null,
      "sen_left_log": null,
      "sen_log": null,
      "sen_placed": null,
      "stuns": null,
      "teamfight_participation": null,
      "times": null,
      "tower_damage": 1162,
      "towers_killed": null,
      "xp_per_min": 2088,
      "xp_reasons": null,
      "xp_t": null,
      "start_time": 1669912199,
      "duration": 1031,
      "cluster": 185,
      "lobby_type": 0,
      "game_mode": 23,
      "is_contributor": false,
      "patch": 51,
      "region": 8,
      "isRadiant": true,
      "total_gold": 13128,
      "total_xp": 35878,
      "kills_per_min": 0.2909796314258002,
      "kda": 12,
      "abandons": 0,
      "rank_tier": null,
      "is_subscriber": false,
      "cosmetics": [],
      "benchmarks": {
        "gold_per_min": {
          "raw": 764,
          "pct": 1
        },
        "xp_per_min": {
          "raw": 2088,
          "pct": 1
        },
        "kills_per_min": {
          "raw": 0.2909796314258002,
          "pct": 1
        },
        "last_hits_per_min": {
          "raw": 0.5819592628516004,
          "pct": 0.3333333333333333
        },
        "hero_damage_per_min": {
          "raw": 623.0455868089233,
          "pct": 1
        },
        "hero_healing_per_min": {
          "raw": 0,
          "pct": 0.4166666666666667
        },
        "tower_damage": {
          "raw": 1162,
          "pct": 1
        },
        "stuns_per_min": {
          "raw": 0,
          "pct": 0
        },
        "lhten": {}
      }
    },
    {
      "player_slot": 3,
      "ability_targets": null,
      "ability_upgrades_arr": [
        5083,
        5082,
        5083,
        5084,
        5083,
        5085,
        5083,
        5082,
        5082,
        5084,
        7386,
        5085,
        5084,
        5084,
        6281,
        5082,
        5085,
        6408,
        1064,
        6861,
        6028,
        567
      ],
      "ability_uses": null,
      "actions": null,
      "additional_units": null,
      "assists": 5,
      "backpack_0": 0,
      "backpack_1": 0,
      "backpack_2": 0,
      "backpack_3": null,
      "buyback_log": null,
      "camps_stacked": null,
      "connection_log": null,
      "creeps_stacked": null,
      "damage": null,
      "damage_inflictor": null,
      "damage_inflictor_received": null,
      "damage_taken": null,
      "damage_targets": null,
      "deaths": 3,
      "denies": 12,
      "dn_t": null,
      "firstblood_claimed": null,
      "gold": 7772,
      "gold_per_min": 1760,
      "gold_reasons": null,
      "gold_spent": 23435,
      "gold_t": null,
      "hero_damage": 34886,
      "hero_healing": 0,
      "hero_hits": null,
      "hero_id": 15,
      "item_0": 116,
      "item_1": 110,
      "item_2": 63,
      "item_3": 249,
      "item_4": 108,
      "item_5": 75,
      "item_neutral": 349,
      "item_uses": null,
      "kill_streaks": null,
      "killed": null,
      "killed_by": null,
      "kills": 22,
      "kills_log": null,
      "lane_pos": null,
      "last_hits": 84,
      "leaver_status": 0,
      "level": 29,
      "lh_t": null,
      "life_state": null,
      "max_hero_hit": null,
      "multi_kills": null,
      "net_worth": 29777,
      "obs": null,
      "obs_left_log": null,
      "obs_log": null,
      "obs_placed": null,
      "party_id": 3,
      "party_size": 1,
      "performance_others": null,
      "permanent_buffs": [
        {
          "permanent_buff": 12,
          "stack_count": 0,
          "grant_time": 1088
        }
      ],
      "pings": null,
      "pred_vict": null,
      "purchase": null,
      "purchase_log": null,
      "randomed": null,
      "repicked": null,
      "roshans_killed": null,
      "rune_pickups": null,
      "runes": null,
      "runes_log": null,
      "sen": null,
      "sen_left_log": null,
      "sen_log": null,
      "sen_placed": null,
      "stuns": null,
      "teamfight_participation": null,
      "times": null,
      "tower_damage": 7862,
      "towers_killed": null,
      "xp_per_min": 2425,
      "xp_reasons": null,
      "xp_t": null,
      "personaname": "PUDGE",
      "name": null,
      "last_login": null,
      "start_time": 1669912199,
      "duration": 1031,
      "cluster": 185,
      "lobby_type": 0,
      "game_mode": 23,
      "is_contributor": false,
      "patch": 51,
      "region": 8,
      "isRadiant": true,
      "total_gold": 30242,
      "total_xp": 41669,
      "kills_per_min": 1.2803103782735208,
      "kda": 6,
      "abandons": 0,
      "rank_tier": 14,
      "is_subscriber": false,
      "cosmetics": [],
      "benchmarks": {
        "gold_per_min": {
          "raw": 1760,
          "pct": 1
        },
        "xp_per_min": {
          "raw": 2425,
          "pct": 1
        },
        "kills_per_min": {
          "raw": 1.2803103782735208,
          "pct": 1
        },
        "last_hits_per_min": {
          "raw": 4.888457807953443,
          "pct": 0.36363636363636365
        },
        "hero_damage_per_min": {
          "raw": 2030.223084384093,
          "pct": 1
        },
        "hero_healing_per_min": {
          "raw": 0,
          "pct": 1
        },
        "tower_damage": {
          "raw": 7862,
          "pct": 0.9090909090909091
        },
        "stuns_per_min": {
          "raw": 0,
          "pct": 0.5454545454545454
        },
        "lhten": {}
      }
    },
    {
      "player_slot": 4,
      "ability_targets": null,
      "ability_upgrades_arr": [
        5228,
        5226,
        5228,
        5226,
        5228,
        5229,
        5228,
        5227,
        5226,
        7113,
        5226,
        5229,
        5227,
        5227,
        5976,
        5227,
        5229,
        740,
        6090
      ],
      "ability_uses": null,
      "actions": null,
      "additional_units": null,
      "assists": 17,
      "backpack_0": 0,
      "backpack_1": 0,
      "backpack_2": 0,
      "backpack_3": null,
      "buyback_log": null,
      "camps_stacked": null,
      "connection_log": null,
      "creeps_stacked": null,
      "damage": null,
      "damage_inflictor": null,
      "damage_inflictor_received": null,
      "damage_taken": null,
      "damage_targets": null,
      "deaths": 1,
      "denies": 1,
      "dn_t": null,
      "firstblood_claimed": null,
      "gold": 2651,
      "gold_per_min": 985,
      "gold_reasons": null,
      "gold_spent": 16635,
      "gold_t": null,
      "hero_damage": 17945,
      "hero_healing": 0,
      "hero_hits": null,
      "hero_id": 49,
      "item_0": 73,
      "item_1": 108,
      "item_2": 600,
      "item_3": 11,
      "item_4": 13,
      "item_5": 63,
      "item_neutral": 1077,
      "item_uses": null,
      "kill_streaks": null,
      "killed": null,
      "killed_by": null,
      "kills": 6,
      "kills_log": null,
      "lane_pos": null,
      "last_hits": 52,
      "leaver_status": 0,
      "level": 26,
      "lh_t": null,
      "life_state": null,
      "max_hero_hit": null,
      "multi_kills": null,
      "net_worth": 17196,
      "obs": null,
      "obs_left_log": null,
      "obs_log": null,
      "obs_placed": null,
      "party_id": 4,
      "party_size": 1,
      "performance_others": null,
      "permanent_buffs": [
        {
          "permanent_buff": 12,
          "stack_count": 0,
          "grant_time": 745
        }
      ],
      "pings": null,
      "pred_vict": null,
      "purchase": null,
      "purchase_log": null,
      "randomed": null,
      "repicked": null,
      "roshans_killed": null,
      "rune_pickups": null,
      "runes": null,
      "runes_log": null,
      "sen": null,
      "sen_left_log": null,
      "sen_log": null,
      "sen_placed": null,
      "stuns": null,
      "teamfight_participation": null,
      "times": null,
      "tower_damage": 3769,
      "towers_killed": null,
      "xp_per_min": 2112,
      "xp_reasons": null,
      "xp_t": null,
      "personaname": "твоя девочка",
      "name": null,
      "last_login": null,
      "start_time": 1669912199,
      "duration": 1031,
      "cluster": 185,
      "lobby_type": 0,
      "game_mode": 23,
      "is_contributor": false,
      "patch": 51,
      "region": 8,
      "isRadiant": true,
      "total_gold": 16925,
      "total_xp": 36291,
      "kills_per_min": 0.3491755577109602,
      "kda": 11,
      "abandons": 0,
      "rank_tier": 14,
      "is_subscriber": false,
      "cosmetics": [],
      "benchmarks": {
        "gold_per_min": {
          "raw": 985,
          "pct": 1
        },
        "xp_per_min": {
          "raw": 2112,
          "pct": 1
        },
        "kills_per_min": {
          "raw": 0.34917555771096026,
          "pct": 0.9743589743589743
        },
        "last_hits_per_min": {
          "raw": 3.026188166828322,
          "pct": 0.1282051282051282
        },
        "hero_damage_per_min": {
          "raw": 1044.325897187197,
          "pct": 0.9743589743589743
        },
        "hero_healing_per_min": {
          "raw": 0,
          "pct": 0.9487179487179487
        },
        "tower_damage": {
          "raw": 3769,
          "pct": 0.46153846153846156
        },
        "stuns_per_min": {
          "raw": 0,
          "pct": 0
        },
        "lhten": {}
      }
    },
    {
      "player_slot": 128,
      "ability_targets": null,
      "ability_upgrades_arr": [
        5652,
        5653,
        5651,
        5652,
        5653,
        5653,
        5654,
        5651,
        5653,
        6164,
        5651,
        5651,
        5652,
        5654,
        6297,
        719,
        5654,
        5652
      ],
      "ability_uses": null,
      "actions": null,
      "additional_units": null,
      "assists": 2,
      "backpack_0": 0,
      "backpack_1": 0,
      "backpack_2": 0,
      "backpack_3": null,
      "buyback_log": null,
      "camps_stacked": null,
      "connection_log": null,
      "creeps_stacked": null,
      "damage": null,
      "damage_inflictor": null,
      "damage_inflictor_received": null,
      "damage_taken": null,
      "damage_targets": null,
      "deaths": 9,
      "denies": 1,
      "dn_t": null,
      "firstblood_claimed": null,
      "gold": 320,
      "gold_per_min": 414,
      "gold_reasons": null,
      "gold_spent": 7400,
      "gold_t": null,
      "hero_damage": 8436,
      "hero_healing": 2475,
      "hero_hits": null,
      "hero_id": 112,
      "item_0": 259,
      "item_1": 152,
      "item_2": 0,
      "item_3": 21,
      "item_4": 23,
      "item_5": 0,
      "item_neutral": 577,
      "item_uses": null,
      "kill_streaks": null,
      "killed": null,
      "killed_by": null,
      "kills": 0,
      "kills_log": null,
      "lane_pos": null,
      "last_hits": 13,
      "leaver_status": 0,
      "level": 22,
      "lh_t": null,
      "life_state": null,
      "max_hero_hit": null,
      "multi_kills": null,
      "net_worth": 7470,
      "obs": null,
      "obs_left_log": null,
      "obs_log": null,
      "obs_placed": null,
      "party_id": 5,
      "party_size": 1,
      "performance_others": null,
      "permanent_buffs": [],
      "pings": null,
      "pred_vict": null,
      "purchase": null,
      "purchase_log": null,
      "randomed": null,
      "repicked": null,
      "roshans_killed": null,
      "rune_pickups": null,
      "runes": null,
      "runes_log": null,
      "sen": null,
      "sen_left_log": null,
      "sen_log": null,
      "sen_placed": null,
      "stuns": null,
      "teamfight_participation": null,
      "times": null,
      "tower_damage": 170,
      "towers_killed": null,
      "xp_per_min": 1512,
      "xp_reasons": null,
      "xp_t": null,
      "start_time": 1669912199,
      "duration": 1031,
      "cluster": 185,
      "lobby_type": 0,
      "game_mode": 23,
      "is_contributor": false,
      "patch": 51,
      "region": 8,
      "isRadiant": false,
      "total_gold": 7113,
      "total_xp": 25981,
      "kda": 0,
      "abandons": 0,
      "rank_tier": null,
      "is_subscriber": false,
      "cosmetics": [],
      "benchmarks": {
        "gold_per_min": {
          "raw": 414,
          "pct": 0.5714285714285714
        },
        "xp_per_min": {
          "raw": 1512,
          "pct": 1
        },
        "kills_per_min": {
          "raw": 0,
          "pct": 0.14285714285714285
        },
        "last_hits_per_min": {
          "raw": 0.7565470417070805,
          "pct": 0.14285714285714285
        },
        "hero_damage_per_min": {
          "raw": 490.94083414161014,
          "pct": 0.42857142857142855
        },
        "hero_healing_per_min": {
          "raw": 144.0349175557711,
          "pct": 0.8571428571428571
        },
        "tower_damage": {
          "raw": 170,
          "pct": 0.2857142857142857
        },
        "stuns_per_min": {
          "raw": 0,
          "pct": 0
        },
        "lhten": {}
      }
    },
    {
      "player_slot": 129,
      "ability_targets": null,
      "ability_upgrades_arr": [
        5028,
        5027,
        5028,
        5029,
        5028,
        5030,
        5028,
        5029,
        5029,
        5921,
        5029,
        5030,
        5027,
        5027,
        7394,
        5027,
        5030,
        7021
      ],
      "ability_uses": null,
      "actions": null,
      "additional_units": null,
      "assists": 3,
      "backpack_0": 17,
      "backpack_1": 0,
      "backpack_2": 0,
      "backpack_3": null,
      "buyback_log": null,
      "camps_stacked": null,
      "connection_log": null,
      "creeps_stacked": null,
      "damage": null,
      "damage_inflictor": null,
      "damage_inflictor_received": null,
      "damage_taken": null,
      "damage_targets": null,
      "deaths": 8,
      "denies": 7,
      "dn_t": null,
      "firstblood_claimed": null,
      "gold": 676,
      "gold_per_min": 776,
      "gold_reasons": null,
      "gold_spent": 13370,
      "gold_t": null,
      "hero_damage": 10746,
      "hero_healing": 165,
      "hero_hits": null,
      "hero_id": 8,
      "item_0": 50,
      "item_1": 166,
      "item_2": 147,
      "item_3": 43,
      "item_4": 75,
      "item_5": 8,
      "item_neutral": 381,
      "item_uses": null,
      "kill_streaks": null,
      "killed": null,
      "killed_by": null,
      "kills": 2,
      "kills_log": null,
      "lane_pos": null,
      "last_hits": 62,
      "leaver_status": 0,
      "level": 23,
      "lh_t": null,
      "life_state": null,
      "max_hero_hit": null,
      "multi_kills": null,
      "net_worth": 13581,
      "obs": null,
      "obs_left_log": null,
      "obs_log": null,
      "obs_placed": null,
      "party_id": 6,
      "party_size": 1,
      "performance_others": null,
      "permanent_buffs": [
        {
          "permanent_buff": 6,
          "stack_count": 1,
          "grant_time": 962
        },
        {
          "permanent_buff": 12,
          "stack_count": 0,
          "grant_time": 993
        }
      ],
      "pings": null,
      "pred_vict": null,
      "purchase": null,
      "purchase_log": null,
      "randomed": null,
      "repicked": null,
      "roshans_killed": null,
      "rune_pickups": null,
      "runes": null,
      "runes_log": null,
      "sen": null,
      "sen_left_log": null,
      "sen_log": null,
      "sen_placed": null,
      "stuns": null,
      "teamfight_participation": null,
      "times": null,
      "tower_damage": 0,
      "towers_killed": null,
      "xp_per_min": 1824,
      "xp_reasons": null,
      "xp_t": null,
      "start_time": 1669912199,
      "duration": 1031,
      "cluster": 185,
      "lobby_type": 0,
      "game_mode": 23,
      "is_contributor": false,
      "patch": 51,
      "region": 8,
      "isRadiant": false,
      "total_gold": 13334,
      "total_xp": 31342,
      "kills_per_min": 0.11639185257032007,
      "kda": 0,
      "abandons": 0,
      "rank_tier": null,
      "is_subscriber": false,
      "cosmetics": [],
      "benchmarks": {
        "gold_per_min": {
          "raw": 776,
          "pct": 0.8484848484848485
        },
        "xp_per_min": {
          "raw": 1824,
          "pct": 1
        },
        "kills_per_min": {
          "raw": 0.11639185257032007,
          "pct": 0.09090909090909091
        },
        "last_hits_per_min": {
          "raw": 3.6081474296799225,
          "pct": 0
        },
        "hero_damage_per_min": {
          "raw": 625.3734238603297,
          "pct": 0.3939393939393939
        },
        "hero_healing_per_min": {
          "raw": 9.602327837051407,
          "pct": 0.030303030303030304
        },
        "tower_damage": {
          "raw": 0,
          "pct": 0.030303030303030304
        },
        "stuns_per_min": {
          "raw": 0,
          "pct": 0.3333333333333333
        },
        "lhten": {}
      }
    },
    {
      "player_slot": 130,
      "ability_targets": null,
      "ability_upgrades_arr": [
        5108,
        5106,
        5107,
        5107,
        5106,
        5109,
        5106,
        5106,
        5107,
        5107,
        5918,
        5109,
        5108,
        6937,
        5108,
        6153,
        5109,
        7005,
        6932
      ],
      "ability_uses": null,
      "actions": null,
      "additional_units": null,
      "assists": 5,
      "backpack_0": 0,
      "backpack_1": 0,
      "backpack_2": 0,
      "backpack_3": null,
      "buyback_log": null,
      "camps_stacked": null,
      "connection_log": null,
      "creeps_stacked": null,
      "damage": null,
      "damage_inflictor": null,
      "damage_inflictor_received": null,
      "damage_taken": null,
      "damage_targets": null,
      "deaths": 8,
      "denies": 1,
      "dn_t": null,
      "firstblood_claimed": null,
      "gold": 2429,
      "gold_per_min": 1095,
      "gold_reasons": null,
      "gold_spent": 14830,
      "gold_t": null,
      "hero_damage": 13617,
      "hero_healing": 0,
      "hero_hits": null,
      "hero_id": 19,
      "item_0": 41,
      "item_1": 1,
      "item_2": 73,
      "item_3": 141,
      "item_4": 63,
      "item_5": 252,
      "item_neutral": 589,
      "item_uses": null,
      "kill_streaks": null,
      "killed": null,
      "killed_by": null,
      "kills": 6,
      "kills_log": null,
      "lane_pos": null,
      "last_hits": 65,
      "leaver_status": 0,
      "level": 26,
      "lh_t": null,
      "life_state": null,
      "max_hero_hit": null,
      "multi_kills": null,
      "net_worth": 16309,
      "obs": null,
      "obs_left_log": null,
      "obs_log": null,
      "obs_placed": null,
      "party_id": 7,
      "party_size": 1,
      "performance_others": null,
      "permanent_buffs": [
        {
          "permanent_buff": 12,
          "stack_count": 0,
          "grant_time": 875
        }
      ],
      "pings": null,
      "pred_vict": null,
      "purchase": null,
      "purchase_log": null,
      "randomed": null,
      "repicked": null,
      "roshans_killed": null,
      "rune_pickups": null,
      "runes": null,
      "runes_log": null,
      "sen": null,
      "sen_left_log": null,
      "sen_log": null,
      "sen_placed": null,
      "stuns": null,
      "teamfight_participation": null,
      "times": null,
      "tower_damage": 0,
      "towers_killed": null,
      "xp_per_min": 2338,
      "xp_reasons": null,
      "xp_t": null,
      "start_time": 1669912199,
      "duration": 1031,
      "cluster": 185,
      "lobby_type": 0,
      "game_mode": 23,
      "is_contributor": false,
      "patch": 51,
      "region": 8,
      "isRadiant": false,
      "total_gold": 18815,
      "total_xp": 40174,
      "kills_per_min": 0.3491755577109602,
      "kda": 1,
      "abandons": 0,
      "rank_tier": null,
      "is_subscriber": false,
      "cosmetics": [],
      "benchmarks": {
        "gold_per_min": {
          "raw": 1095,
          "pct": 1
        },
        "xp_per_min": {
          "raw": 2338,
          "pct": 1
        },
        "kills_per_min": {
          "raw": 0.34917555771096026,
          "pct": 0.9176470588235294
        },
        "last_hits_per_min": {
          "raw": 3.7827352085354025,
          "pct": 0.7058823529411765
        },
        "hero_damage_per_min": {
          "raw": 792.4539282250242,
          "pct": 0.8823529411764706
        },
        "hero_healing_per_min": {
          "raw": 0,
          "pct": 0.8941176470588236
        },
        "tower_damage": {
          "raw": 0,
          "pct": 0.17647058823529413
        },
        "stuns_per_min": {
          "raw": 0,
          "pct": 0
        },
        "lhten": {}
      }
    },
    {
      "player_slot": 131,
      "ability_targets": null,
      "ability_upgrades_arr": [
        5372,
        5370,
        5372,
        5370,
        5372,
        5371,
        5372,
        5370,
        5372,
        5370,
        5372,
        5371,
        5372,
        5371,
        5371,
        5371,
        5371,
        5371,
        5370,
        7390,
        315,
        5370,
        5370
      ],
      "ability_uses": null,
      "actions": null,
      "additional_units": null,
      "assists": 5,
      "backpack_0": 0,
      "backpack_1": 0,
      "backpack_2": 0,
      "backpack_3": null,
      "buyback_log": null,
      "camps_stacked": null,
      "connection_log": null,
      "creeps_stacked": null,
      "damage": null,
      "damage_inflictor": null,
      "damage_inflictor_received": null,
      "damage_taken": null,
      "damage_targets": null,
      "deaths": 7,
      "denies": 3,
      "dn_t": null,
      "firstblood_claimed": null,
      "gold": 563,
      "gold_per_min": 511,
      "gold_reasons": null,
      "gold_spent": 9065,
      "gold_t": null,
      "hero_damage": 4979,
      "hero_healing": 0,
      "hero_hits": null,
      "hero_id": 74,
      "item_0": 65,
      "item_1": 23,
      "item_2": 48,
      "item_3": 22,
      "item_4": 77,
      "item_5": 0,
      "item_neutral": 1077,
      "item_uses": null,
      "kill_streaks": null,
      "killed": null,
      "killed_by": null,
      "kills": 1,
      "kills_log": null,
      "lane_pos": null,
      "last_hits": 23,
      "leaver_status": 0,
      "level": 23,
      "lh_t": null,
      "life_state": null,
      "max_hero_hit": null,
      "multi_kills": null,
      "net_worth": 9168,
      "obs": null,
      "obs_left_log": null,
      "obs_log": null,
      "obs_placed": null,
      "party_id": 8,
      "party_size": 1,
      "performance_others": null,
      "permanent_buffs": [
        {
          "permanent_buff": 12,
          "stack_count": 0,
          "grant_time": 983
        }
      ],
      "pings": null,
      "pred_vict": null,
      "purchase": null,
      "purchase_log": null,
      "randomed": null,
      "repicked": null,
      "roshans_killed": null,
      "rune_pickups": null,
      "runes": null,
      "runes_log": null,
      "sen": null,
      "sen_left_log": null,
      "sen_log": null,
      "sen_placed": null,
      "stuns": null,
      "teamfight_participation": null,
      "times": null,
      "tower_damage": 33,
      "towers_killed": null,
      "xp_per_min": 1813,
      "xp_reasons": null,
      "xp_t": null,
      "start_time": 1669912199,
      "duration": 1031,
      "cluster": 185,
      "lobby_type": 0,
      "game_mode": 23,
      "is_contributor": false,
      "patch": 51,
      "region": 8,
      "isRadiant": false,
      "total_gold": 8780,
      "total_xp": 31153,
      "kills_per_min": 0.058195926285160036,
      "kda": 0,
      "abandons": 0,
      "rank_tier": null,
      "is_subscriber": false,
      "cosmetics": [],
      "benchmarks": {
        "gold_per_min": {
          "raw": 511,
          "pct": 0.4838709677419355
        },
        "xp_per_min": {
          "raw": 1813,
          "pct": 1
        },
        "kills_per_min": {
          "raw": 0.058195926285160036,
          "pct": 0.0967741935483871
        },
        "last_hits_per_min": {
          "raw": 1.338506304558681,
          "pct": 0.03225806451612903
        },
        "hero_damage_per_min": {
          "raw": 289.75751697381185,
          "pct": 0.03225806451612903
        },
        "hero_healing_per_min": {
          "raw": 0,
          "pct": 0.7096774193548387
        },
        "tower_damage": {
          "raw": 33,
          "pct": 0.03225806451612903
        },
        "stuns_per_min": {
          "raw": 0,
          "pct": 0
        },
        "lhten": {}
      }
    },
    {
      "player_slot": 132,
      "ability_targets": null,
      "ability_upgrades_arr": [
        5048,
        5050,
        5048,
        5051,
        5051,
        5050,
        5051,
        5050,
        5049,
        6397,
        5050,
        5048,
        5048,
        5051,
        702,
        5049,
        5049,
        6164
      ],
      "ability_uses": null,
      "actions": null,
      "additional_units": null,
      "assists": 5,
      "backpack_0": 0,
      "backpack_1": 0,
      "backpack_2": 0,
      "backpack_3": null,
      "buyback_log": null,
      "camps_stacked": null,
      "connection_log": null,
      "creeps_stacked": null,
      "damage": null,
      "damage_inflictor": null,
      "damage_inflictor_received": null,
      "damage_taken": null,
      "damage_targets": null,
      "deaths": 6,
      "denies": 0,
      "dn_t": null,
      "firstblood_claimed": null,
      "gold": 209,
      "gold_per_min": 589,
      "gold_reasons": null,
      "gold_spent": 9460,
      "gold_t": null,
      "hero_damage": 10787,
      "hero_healing": 0,
      "hero_hits": null,
      "hero_id": 9,
      "item_0": 0,
      "item_1": 36,
      "item_2": 158,
      "item_3": 75,
      "item_4": 50,
      "item_5": 44,
      "item_neutral": 828,
      "item_uses": null,
      "kill_streaks": null,
      "killed": null,
      "killed_by": null,
      "kills": 3,
      "kills_log": null,
      "lane_pos": null,
      "last_hits": 21,
      "leaver_status": 0,
      "level": 24,
      "lh_t": null,
      "life_state": null,
      "max_hero_hit": null,
      "multi_kills": null,
      "net_worth": 8454,
      "obs": null,
      "obs_left_log": null,
      "obs_log": null,
      "obs_placed": null,
      "party_id": 9,
      "party_size": 1,
      "performance_others": null,
      "permanent_buffs": [],
      "pings": null,
      "pred_vict": null,
      "purchase": null,
      "purchase_log": null,
      "randomed": null,
      "repicked": null,
      "roshans_killed": null,
      "rune_pickups": null,
      "runes": null,
      "runes_log": null,
      "sen": null,
      "sen_left_log": null,
      "sen_log": null,
      "sen_placed": null,
      "stuns": null,
      "teamfight_participation": null,
      "times": null,
      "tower_damage": 266,
      "towers_killed": null,
      "xp_per_min": 1941,
      "xp_reasons": null,
      "xp_t": null,
      "start_time": 1669912199,
      "duration": 1031,
      "cluster": 185,
      "lobby_type": 0,
      "game_mode": 23,
      "is_contributor": false,
      "patch": 51,
      "region": 8,
      "isRadiant": false,
      "total_gold": 10120,
      "total_xp": 33352,
      "kills_per_min": 0.1745877788554801,
      "kda": 1,
      "abandons": 0,
      "rank_tier": null,
      "is_subscriber": false,
      "cosmetics": [],
      "benchmarks": {
        "gold_per_min": {
          "raw": 589,
          "pct": 0.9818181818181818
        },
        "xp_per_min": {
          "raw": 1941,
          "pct": 1
        },
        "kills_per_min": {
          "raw": 0.17458777885548013,
          "pct": 0.7272727272727273
        },
        "last_hits_per_min": {
          "raw": 1.2221144519883607,
          "pct": 0.23636363636363636
        },
        "hero_damage_per_min": {
          "raw": 627.7594568380214,
          "pct": 0.8909090909090909
        },
        "hero_healing_per_min": {
          "raw": 0,
          "pct": 0.4909090909090909
        },
        "tower_damage": {
          "raw": 266,
          "pct": 0.34545454545454546
        },
        "stuns_per_min": {
          "raw": 0,
          "pct": 0
        },
        "lhten": {}
      }
    }
  ],
  "patch": 51,
  "region": 8
}