{
  "chat": null,
  "cluster": 184,
  "cosmetics": null,
  "dire_score": 76,
  "dire_team_id": null,
  "draft_timings": null,
  "duration": 4307,
  "engine": 1,
  "first_blood_time": 108,
  "game_mode": 22,
  "human_players": 10,
  "leagueid": 0,
  "lobby_type": 7,
  "match_seq_num": 5780396013,
  "negative_votes": 0,
  "objectives": null,
  "picks_bans": [
    {
      "is_pick": true,
      "hero_id": 71,
      "team": 1,
      "order": 0
    },
    {
      "is_pick": true,
      "hero_id": 26,
      "team": 0,
      "order": 1
    },
    {
      "is_pick": true,
      "hero_id": 68,
      "team": 1,
      "order": 2
    },
    {
      "is_pick": true,
      "hero_id": 37,
      "team": 0,
      "order": 3
    },
    {
      "is_pick": true,
      "hero_id": 10,
      "team": 1,
      "order": 4
    },
    {
      "is_pick": true,
      "hero_id": 2,
      "team": 0,
      "order": 5
    },
    {
      "is_pick": true,
      "hero_id": 74,
      "team": 0,
      "order": 6
    },
    {
      "is_pick": true,
      "hero_id": 23,
      "team": 1,
      "order": 7
    },
    {
      "is_pick": true,
      "hero_id": 18,
      "team": 0,
      "order": 8
    },
    {
      "is_pick": true,
      "hero_id": 59,
      "team": 1,
      "order": 9
    },
    {
      "is_pick": false,
      "hero_id": 71,
      "team": 0,
      "order": 10
    },
    {
      "is_pick": false,
      "hero_id": 34,
      "team": 0,
      "order": 11
    },
    {
      "is_pick": false,
      "hero_id": 1,
      "team": 0,
      "order": 12
    },
    {
      "is_pick": false,
      "hero_id": 113,
      "team": 0,
      "order": 13
    },
    {
      "is_pick": false,
      "hero_id": 70,
      "team": 0,
      "order": 14
    },
    {
      "is_pick": false,
      "hero_id": 99,
      "team": 1,
      "order": 15
    },
    {
      "is_pick": false,
      "hero_id": 56,
      "team": 1,
      "order": 16
    },
    {
      "is_pick": false,
      "hero_id": 2,
      "team": 1,
      "order": 17
    }
  ],
  "positive_votes": 0,
  "radiant_gold_adv": null,
  "radiant_score": 75,
  "radiant_team_id": null,
  "radiant_xp_adv": null,
  "skill": null,
  "start_time": 1669911476,
  "teamfights": null,
  "version": null,
  "replay_salt": 323989939,
  "series_id": 0,
  "series_type": 0,
  "players": [
    {
      "player_slot": 0,
      "ability_targets": null,
      "ability_upgrades_arr": [
        5044,
        5045,
        5046,
        5044,
        5045,
        5047,
        5044,
        5046,
        5044,
        6600,
        5045,
        5047,
        5046,
        5045,
        781,
        5047,
        5046,
        401,
        6678,
        465
      ],
      "ability_uses": null,
      "actions": null,
      "additional_units": null,
      "assists": 22,
      "backpack_0": 0,
      "backpack_1": 0,
      "backpack_2": 0,
      "backpack_3": null,
      "buyback_log": null,
      "camps_stacked": null,
      "connection_log": null,
      "creeps_stacked": null,
      "damage": null,
      "damage_inflictor": null,
      "damage_inflictor_received": null,
      "damage_taken": null,
      "damage_targets": null,
      "deaths": 19,
      "denies": 0,
      "dn_t": null,
      "firstblood_claimed": null,
      "gold": 8372,
      "gold_per_min": 416,
      "gold_reasons": null,
      "gold_spent": 20460,
      "gold_t": null,
      "hero_damage": 16261,
      "hero_healing": 0,
      "hero_hits": null,
      "hero_id": 26,
      "item_0": 244,
      "item_1": 180,
      "item_2": 152,
      "item_3": 37,
      "item_4": 259,
      "item_5": 256,
      "item_neutral": 677,
      "item_uses": null,
      "kill_streaks": null,
      "killed": null,
      "killed_by": null,
      "kills": 5,
      "kills_log": null,
      "lane_pos": null,
      "last_hits": 8,
      "leaver_status": 0,
      "level": 28,
      "lh_t": null,
      "life_state": null,
      "max_hero_hit": null,
      "multi_kills": null,
      "net_worth": 26772,
      "obs": null,
      "obs_left_log": null,
      "obs_log": null,
      "obs_placed": null,
      "party_id": 0,
      "party_size": 2,
      "performance_others": null,
      "permanent_buffs": [
        {
          "permanent_buff": 2,
          "stack_count": 0,
          "grant_time": 4395
        },
        {
          "permanent_buff": 7,
          "stack_count": 10,
          "grant_time": 826
        },
        {
          "permanent_buff": 12,
          "stack_count": 0,
          "grant_time": 3239
        }
      ],
      "pings": null,
      "pred_vict": null,
      "purchase": null,
      "purchase_log": null,
      "randomed": null,
      "repicked": null,
      "roshans_killed": null,
      "rune_pickups": null,
      "runes": null,
      "runes_log": null,
      "sen": null,
      "sen_left_log": null,
      "sen_log": null,
      "sen_placed": null,
      "stuns": null,
      "teamfight_participation": null,
      "times": null,
      "tower_damage": 330,
      "towers_killed": null,
      "xp_per_min": 604,
      "xp_reasons": null,
      "xp_t": null,
      "start_time": 1669911476,
      "duration": 4307,
      "cluster": 184,
      "lobby_type": 7,
      "game_mode": 22,
      "is_contributor": false,
      "patch": 51,
      "region": 8,
      "isRadiant": true,
      "total_gold": 29861,
      "total_xp": 43357,
      "kills_per_min": 0.06965405154399815,
      "kda": 1,
      "abandons": 0,
      "rank_tier": null,
      "is_subscriber": false,
      "cosmetics": [],
      "benchmarks": {
        "gold_per_min": {
          "raw": 416,
          "pct": 0.90625
        },
        "xp_per_min": {
          "raw": 604,
          "pct": 0.84375
        },
        "kills_per_min": {
          "raw": 0.06965405154399813,
          "pct": 0.3125
        },
        "last_hits_per_min": {
          "raw": 0.11144648247039703,
          "pct": 0
        },
        "hero_damage_per_min": {
          "raw": 226.52890643139077,
          "pct": 0.28125
        },
        "hero_healing_per_min": {
          "raw": 0,
          "pct": 0.84375
        },
        "tower_damage": {
          "raw": 330,
          "pct": 0.78125
        },
        "stuns_per_min": {
          "raw": 0,
          "pct": 0
        },
        "lhten": {}
      }
    },
    {
      "player_slot": 1,
      "ability_targets": null,
      "ability_upgrades_arr": [
        5372,
        5370,
        5372,
        5370,
        5372,
        5370,
        5372,
        5370,
        5372,
        5371,
        5372,
        5371,
        5372,
        5371,
        315,
        5371,
        5371,
        6099,
        5371,
        6811,
        5371,
        5370,
        5370,
        5370,
        6098
      ],
      "ability_uses": null,
      "actions": null,
      "additional_units": null,
      "assists": 17,
      "backpack_0": 0,
      "backpack_1": 0,
      "backpack_2": 0,
      "backpack_3": null,
      "buyback_log": null,
      "camps_stacked": null,
      "connection_log": null,
      "creeps_stacked": null,
      "damage": null,
      "damage_inflictor": null,
      "damage_inflictor_received": null,
      "damage_taken": null,
      "damage_targets": null,
      "deaths": 8,
      "denies": 9,
      "dn_t": null,
      "firstblood_claimed": null,
      "gold": 1,
      "gold_per_min": 763,
      "gold_reasons": null,
      "gold_spent": 32590,
      "gold_t": null,
      "hero_damage": 95103,
      "hero_healing": 0,
      "hero_hits": null,
      "hero_id": 74,
      "item_0": 600,
      "item_1": 116,
      "item_2": 96,
      "item_3": 48,
      "item_4": 108,
      "item_5": 110,
      "item_neutral": 300,
      "item_uses": null,
      "kill_streaks": null,
      "killed": null,
      "killed_by": null,
      "kills": 24,
      "kills_log": null,
      "lane_pos": null,
      "last_hits": 472,
      "leaver_status": 2,
      "level": 30,
      "lh_t": null,
      "life_state": null,
      "max_hero_hit": null,
      "multi_kills": null,
      "net_worth": 29626,
      "obs": null,
      "obs_left_log": null,
      "obs_log": null,
      "obs_placed": null,
      "party_id": 0,
      "party_size": 2,
      "performance_others": null,
      "permanent_buffs": [
        {
          "permanent_buff": 12,
          "stack_count": 0,
          "grant_time": 1766
        }
      ],
      "pings": null,
      "pred_vict": null,
      "purchase": null,
      "purchase_log": null,
      "randomed": null,
      "repicked": null,
      "roshans_killed": null,
      "rune_pickups": null,
      "runes": null,
      "runes_log": null,
      "sen": null,
      "sen_left_log": null,
      "sen_log": null,
      "sen_placed": null,
      "stuns": null,
      "teamfight_participation": null,
      "times": null,
      "tower_damage": 10885,
      "towers_killed": null,
      "xp_per_min": 1008,
      "xp_reasons": null,
      "xp_t": null,
      "personaname": "ХОЧУ БАНАНЫ",
      "name": null,
      "last_login": null,
      "start_time": 1669911476,
      "duration": 4307,
      "cluster": 184,
      "lobby_type": 7,
      "game_mode": 22,
      "is_contributor": false,
      "patch": 51,
      "region": 8,
      "isRadiant": true,
      "total_gold": 54770,
      "total_xp": 72357,
      "kills_per_min": 0.3343394474111911,
      "kda": 4,
      "abandons": 1,
      "rank_tier": 42,
      "is_subscriber": false,
      "cosmetics": [],
      "benchmarks": {
        "gold_per_min": {
          "raw": 763,
          "pct": 1
        },
        "xp_per_min": {
          "raw": 1008,
          "pct": 1
        },
        "kills_per_min": {
          "raw": 0.3343394474111911,
          "pct": 0.967741935483871
        },
        "last_hits_per_min": {
          "raw": 6.575342465753424,
          "pct": 0.7096774193548387
        },
        "hero_damage_per_min": {
          "raw": 1324.861852797771,
          "pct": 1
        },
        "hero_healing_per_min": {
          "raw": 0,
          "pct": 0.7096774193548387
        },
        "tower_damage": {
          "raw": 10885,
          "pct": 0.967741935483871
        },
        "stuns_per_min": {
          "raw": 0,
          "pct": 0
        },
        "lhten": {}
      }
    },
    {
      "player_slot": 2,
      "ability_targets": null,
      "ability_upgrades_arr": [
        5094,
        5095,
        5094,
        5095,
        5095,
        5097,
        5096,
        5095,
        5094,
        6119,
        5094,
        5097,
        5096,
        5096,
        763,
        5096,
        5097,
        716,
        6910,
        673,
        6911,
        734,
        7112
      ],
      "ability_uses": null,
      "actions": null,
      "additional_units": null,
      "assists": 18,
      "backpack_0": 0,
      "backpack_1": 0,
      "backpack_2": 0,
      "backpack_3": null,
      "buyback_log": null,
      "camps_stacked": null,
      "connection_log": null,
      "creeps_stacked": null,
      "damage": null,
      "damage_inflictor": null,
      "damage_inflictor_received": null,
      "damage_taken": null,
      "damage_targets": null,
      "deaths": 16,
      "denies": 14,
      "dn_t": null,
      "firstblood_claimed": null,
      "gold": 459,
      "gold_per_min": 790,
      "gold_reasons": null,
      "gold_spent": 40340,
      "gold_t": null,
      "hero_damage": 120297,
      "hero_healing": 0,
      "hero_hits": null,
      "hero_id": 18,
      "item_0": 252,
      "item_1": 603,
      "item_2": 116,
      "item_3": 135,
      "item_4": 48,
      "item_5": 141,
      "item_neutral": 292,
      "item_uses": null,
      "kill_streaks": null,
      "killed": null,
      "killed_by": null,
      "kills": 24,
      "kills_log": null,
      "lane_pos": null,
      "last_hits": 478,
      "leaver_status": 0,
      "level": 30,
      "lh_t": null,
      "life_state": null,
      "max_hero_hit": null,
      "multi_kills": null,
      "net_worth": 37634,
      "obs": null,
      "obs_left_log": null,
      "obs_log": null,
      "obs_placed": null,
      "party_id": 1,
      "party_size": 3,
      "performance_others": null,
      "permanent_buffs": [
        {
          "permanent_buff": 1,
          "stack_count": 0,
          "grant_time": 3614
        },
        {
          "permanent_buff": 2,
          "stack_count": 0,
          "grant_time": 4339
        },
        {
          "permanent_buff": 12,
          "stack_count": 0,
          "grant_time": 3181
        }
      ],
      "pings": null,
      "pred_vict": null,
      "purchase": null,
      "purchase_log": null,
      "randomed": null,
      "repicked": null,
      "roshans_killed": null,
      "rune_pickups": null,
      "runes": null,
      "runes_log": null,
      "sen": null,
      "sen_left_log": null,
      "sen_log": null,
      "sen_placed": null,
      "stuns": null,
      "teamfight_participation": null,
      "times": null,
      "tower_damage": 4197,
      "towers_killed": null,
      "xp_per_min": 912,
      "xp_reasons": null,
      "xp_t": null,
      "start_time": 1669911476,
      "duration": 4307,
      "cluster": 184,
      "lobby_type": 7,
      "game_mode": 22,
      "is_contributor": false,
      "patch": 51,
      "region": 8,
      "isRadiant": true,
      "total_gold": 56708,
      "total_xp": 65466,
      "kills_per_min": 0.3343394474111911,
      "kda": 2,
      "abandons": 0,
      "rank_tier": null,
      "is_subscriber": false,
      "cosmetics": [],
      "benchmarks": {
        "gold_per_min": {
          "raw": 790,
          "pct": 1
        },
        "xp_per_min": {
          "raw": 912,
          "pct": 0.75
        },
        "kills_per_min": {
          "raw": 0.3343394474111911,
          "pct": 0.75
        },
        "last_hits_per_min": {
          "raw": 6.658927327606222,
          "pct": 0.1875
        },
        "hero_damage_per_min": {
          "raw": 1675.8346877176689,
          "pct": 0.9375
        },
        "hero_healing_per_min": {
          "raw": 0,
          "pct": 1
        },
        "tower_damage": {
          "raw": 4197,
          "pct": 0.5
        },
        "stuns_per_min": {
          "raw": 0,
          "pct": 0
        },
        "lhten": {}
      }
    },
    {
      "player_slot": 3,
      "ability_targets": null,
      "ability_upgrades_arr": [
        5163,
        5162,
        5163,
        5162,
        5163,
        5165,
        5163,
        5162,
        5162,
        6982,
        5164,
        5165,
        5164,
        5164,
        6412,
        5164,
        5165,
        6505,
        6054,
        1038,
        845,
        764
      ],
      "ability_uses": null,
      "actions": null,
      "additional_units": null,
      "assists": 45,
      "backpack_0": 0,
      "backpack_1": 40,
      "backpack_2": 372,
      "backpack_3": null,
      "buyback_log": null,
      "camps_stacked": null,
      "connection_log": null,
      "creeps_stacked": null,
      "damage": null,
      "damage_inflictor": null,
      "damage_inflictor_received": null,
      "damage_taken": null,
      "damage_targets": null,
      "deaths": 17,
      "denies": 4,
      "dn_t": null,
      "firstblood_claimed": null,
      "gold": 8020,
      "gold_per_min": 586,
      "gold_reasons": null,
      "gold_spent": 33605,
      "gold_t": null,
      "hero_damage": 53570,
      "hero_healing": 12934,
      "hero_hits": null,
      "hero_id": 37,
      "item_0": 108,
      "item_1": 220,
      "item_2": 256,
      "item_3": 226,
      "item_4": 110,
      "item_5": 235,
      "item_neutral": 370,
      "item_uses": null,
      "kill_streaks": null,
      "killed": null,
      "killed_by": null,
      "kills": 7,
      "kills_log": null,
      "lane_pos": null,
      "last_hits": 151,
      "leaver_status": 0,
      "level": 29,
      "lh_t": null,
      "life_state": null,
      "max_hero_hit": null,
      "multi_kills": null,
      "net_worth": 35475,
      "obs": null,
      "obs_left_log": null,
      "obs_log": null,
      "obs_placed": null,
      "party_id": 1,
      "party_size": 3,
      "performance_others": null,
      "permanent_buffs": [
        {
          "permanent_buff": 6,
          "stack_count": 2,
          "grant_time": 2951
        },
        {
          "permanent_buff": 12,
          "stack_count": 0,
          "grant_time": 1195
        }
      ],
      "pings": null,
      "pred_vict": null,
      "purchase": null,
      "purchase_log": null,
      "randomed": null,
      "repicked": null,
      "roshans_killed": null,
      "rune_pickups": null,
      "runes": null,
      "runes_log": null,
      "sen": null,
      "sen_left_log": null,
      "sen_log": null,
      "sen_placed": null,
      "stuns": null,
      "teamfight_participation": null,
      "times": null,
      "tower_damage": 10872,
      "towers_killed": null,
      "xp_per_min": 678,
      "xp_reasons": null,
      "xp_t": null,
      "start_time": 1669911476,
      "duration": 4307,
      "cluster": 184,
      "lobby_type": 7,
      "game_mode": 22,
      "is_contributor": false,
      "patch": 51,
      "region": 8,
      "isRadiant": true,
      "total_gold": 42065,
      "total_xp": 48669,
      "kills_per_min": 0.0975156721615974,
      "kda": 2,
      "abandons": 0,
      "rank_tier": null,
      "is_subscriber": false,
      "cosmetics": [],
      "benchmarks": {
        "gold_per_min": {
          "raw": 586,
          "pct": 1
        },
        "xp_per_min": {
          "raw": 678,
          "pct": 0.9411764705882353
        },
        "kills_per_min": {
          "raw": 0.0975156721615974,
          "pct": 0.5294117647058824
        },
        "last_hits_per_min": {
          "raw": 2.103552356628744,
          "pct": 0.7058823529411765
        },
        "hero_damage_per_min": {
          "raw": 746.2735082423961,
          "pct": 0.7647058823529411
        },
        "hero_healing_per_min": {
          "raw": 180.1811005340144,
          "pct": 0.47058823529411764
        },
        "tower_damage": {
          "raw": 10872,
          "pct": 1
        },
        "stuns_per_min": {
          "raw": 0,
          "pct": 0
        },
        "lhten": {}
      }
    },
    {
      "player_slot": 4,
      "ability_targets": null,
      "ability_upgrades_arr": [
        5009,
        5007,
        5009,
        5007,
        5009,
        5010,
        5009,
        5008,
        5007,
        974,
        5007,
        5010,
        5008,
        5008,
        6991,
        5008,
        5010,
        562,
        6608,
        9401,
        670,
        6815
      ],
      "ability_uses": null,
      "actions": null,
      "additional_units": null,
      "assists": 25,
      "backpack_0": 0,
      "backpack_1": 0,
      "backpack_2": 0,
      "backpack_3": null,
      "buyback_log": null,
      "camps_stacked": null,
      "connection_log": null,
      "creeps_stacked": null,
      "damage": null,
      "damage_inflictor": null,
      "damage_inflictor_received": null,
      "damage_taken": null,
      "damage_targets": null,
      "deaths": 17,
      "denies": 12,
      "dn_t": null,
      "firstblood_claimed": null,
      "gold": 7858,
      "gold_per_min": 604,
      "gold_reasons": null,
      "gold_spent": 32060,
      "gold_t": null,
      "hero_damage": 66510,
      "hero_healing": 0,
      "hero_hits": null,
      "hero_id": 2,
      "item_0": 1,
      "item_1": 116,
      "item_2": 112,
      "item_3": 48,
      "item_4": 114,
      "item_5": 133,
      "item_neutral": 364,
      "item_uses": null,
      "kill_streaks": null,
      "killed": null,
      "killed_by": null,
      "kills": 14,
      "kills_log": null,
      "lane_pos": null,
      "last_hits": 267,
      "leaver_status": 0,
      "level": 29,
      "lh_t": null,
      "life_state": null,
      "max_hero_hit": null,
      "multi_kills": null,
      "net_worth": 40233,
      "obs": null,
      "obs_left_log": null,
      "obs_log": null,
      "obs_placed": null,
      "party_id": 1,
      "party_size": 3,
      "performance_others": null,
      "permanent_buffs": [
        {
          "permanent_buff": 2,
          "stack_count": 0,
          "grant_time": 2509
        },
        {
          "permanent_buff": 6,
          "stack_count": 3,
          "grant_time": 872
        },
        {
          "permanent_buff": 12,
          "stack_count": 0,
          "grant_time": 4122
        },
        {
          "permanent_buff": 13,
          "stack_count": 13,
          "grant_time": 1037
        }
      ],
      "pings": null,
      "pred_vict": null,
      "purchase": null,
      "purchase_log": null,
      "randomed": null,
      "repicked": null,
      "roshans_killed": null,
      "rune_pickups": null,
      "runes": null,
      "runes_log": null,
      "sen": null,
      "sen_left_log": null,
      "sen_log": null,
      "sen_placed": null,
      "stuns": null,
      "teamfight_participation": null,
      "times": null,
      "tower_damage": 1338,
      "towers_killed": null,
      "xp_per_min": 730,
      "xp_reasons": null,
      "xp_t": null,
      "personaname": "I won't forget you _cypher_",
      "name": null,
      "last_login": null,
      "start_time": 1669911476,
      "duration": 4307,
      "cluster": 184,
      "lobby_type": 7,
      "game_mode": 22,
      "is_contributor": false,
      "patch": 51,
      "region": 8,
      "isRadiant": true,
      "total_gold": 43357,
      "total_xp": 52401,
      "kills_per_min": 0.1950313443231948,
      "kda": 2,
      "abandons": 0,
      "rank_tier": 24,
      "is_subscriber": false,
      "cosmetics": [],
      "benchmarks": {
        "gold_per_min": {
          "raw": 604,
          "pct": 0.9130434782608695
        },
        "xp_per_min": {
          "raw": 730,
          "pct": 0.6086956521739131
        },
        "kills_per_min": {
          "raw": 0.1950313443231948,
          "pct": 0.4782608695652174
        },
        "last_hits_per_min": {
          "raw": 3.719526352449501,
          "pct": 0.17391304347826086
        },
        "hero_damage_per_min": {
          "raw": 926.5381936382632,
          "pct": 0.9130434782608695
        },
        "hero_healing_per_min": {
          "raw": 0,
          "pct": 0.9130434782608695
        },
        "tower_damage": {
          "raw": 1338,
          "pct": 0.4782608695652174
        },
        "stuns_per_min": {
          "raw": 0,
          "pct": 0
        },
        "lhten": {}
      }
    },
    {
      "player_slot": 128,
      "ability_targets": null,
      "ability_upgrades_arr": [
        5055,
        5052,
        5055,
        5053,
        5055,
        5052,
        5052,
        5052,
        5057,
        6062,
        5053,
        7000,
        5057,
        5053,
        7060,
        5055,
        5057,
        6840,
        6383,
        6138,
        5929,
        903,
        7135
      ],
      "ability_uses": null,
      "actions": null,
      "additional_units": null,
      "assists": 11,
      "backpack_0": 140,
      "backpack_1": 0,
      "backpack_2": 0,
      "backpack_3": null,
      "buyback_log": null,
      "camps_stacked": null,
      "connection_log": null,
      "creeps_stacked": null,
      "damage": null,
      "damage_inflictor": null,
      "damage_inflictor_received": null,
      "damage_taken": null,
      "damage_targets": null,
      "deaths": 15,
      "denies": 6,
      "dn_t": null,
      "firstblood_claimed": null,
      "gold": 4825,
      "gold_per_min": 750,
      "gold_reasons": null,
      "gold_spent": 35895,
      "gold_t": null,
      "hero_damage": 68330,
      "hero_healing": 1026,
      "hero_hits": null,
      "hero_id": 10,
      "item_0": 160,
      "item_1": 156,
      "item_2": 116,
      "item_3": 48,
      "item_4": 149,
      "item_5": 147,
      "item_neutral": 571,
      "item_uses": null,
      "kill_streaks": null,
      "killed": null,
      "killed_by": null,
      "kills": 23,
      "kills_log": null,
      "lane_pos": null,
      "last_hits": 680,
      "leaver_status": 0,
      "level": 30,
      "lh_t": null,
      "life_state": null,
      "max_hero_hit": null,
      "multi_kills": null,
      "net_worth": 36475,
      "obs": null,
      "obs_left_log": null,
      "obs_log": null,
      "obs_placed": null,
      "party_id": 2,
      "party_size": 3,
      "performance_others": null,
      "permanent_buffs": [
        {
          "permanent_buff": 2,
          "stack_count": 0,
          "grant_time": 3587
        },
        {
          "permanent_buff": 6,
          "stack_count": 1,
          "grant_time": 3822
        },
        {
          "permanent_buff": 12,
          "stack_count": 0,
          "grant_time": 2039
        }
      ],
      "pings": null,
      "pred_vict": null,
      "purchase": null,
      "purchase_log": null,
      "randomed": null,
      "repicked": null,
      "roshans_killed": null,
      "rune_pickups": null,
      "runes": null,
      "runes_log": null,
      "sen": null,
      "sen_left_log": null,
      "sen_log": null,
      "sen_placed": null,
      "stuns": null,
      "teamfight_participation": null,
      "times": null,
      "tower_damage": 3348,
      "towers_killed": null,
      "xp_per_min": 786,
      "xp_reasons": null,
      "xp_t": null,
      "personaname": "lose rearm lose",
      "name": null,
      "last_login": null,
      "start_time": 1669911476,
      "duration": 4307,
      "cluster": 184,
      "lobby_type": 7,
      "game_mode": 22,
      "is_contributor": false,
      "patch": 51,
      "region": 8,
      "isRadiant": false,
      "total_gold": 53837,
      "total_xp": 56421,
      "kills_per_min": 0.3204086371023915,
      "kda": 2,
      "abandons": 0,
      "rank_tier": 42,
      "is_subscriber": false,
      "cosmetics": [],
      "benchmarks": {
        "gold_per_min": {
          "raw": 750,
          "pct": 0.6206896551724138
        },
        "xp_per_min": {
          "raw": 786,
          "pct": 0.4482758620689655
        },
        "kills_per_min": {
          "raw": 0.3204086371023915,
          "pct": 0.6896551724137931
        },
        "last_hits_per_min": {
          "raw": 9.472951009983747,
          "pct": 0.5862068965517241
        },
        "hero_damage_per_min": {
          "raw": 951.8922684002786,
          "pct": 0.7931034482758621
        },
        "hero_healing_per_min": {
          "raw": 14.293011376828419,
          "pct": 1
        },
        "tower_damage": {
          "raw": 3348,
          "pct": 0.3793103448275862
        },
        "stuns_per_min": {
          "raw": 0,
          "pct": 0.10344827586206896
        },
        "lhten": {}
      }
    },
    {
      "player_slot": 129,
      "ability_targets": null,
      "ability_upgrades_arr": [
        5347,
        5345,
        5347,
        5345,
        5346,
        5348,
        5346,
        5346,
        5346,
        973,
        5345,
        5348,
        5345,
        5347,
        6352,
        5347,
        5348,
        6534,
        6810,
        7652,
        6214,
        6291
      ],
      "ability_uses": null,
      "actions": null,
      "additional_units": null,
      "assists": 41,
      "backpack_0": 0,
      "backpack_1": 0,
      "backpack_2": 0,
      "backpack_3": null,
      "buyback_log": null,
      "camps_stacked": null,
      "connection_log": null,
      "creeps_stacked": null,
      "damage": null,
      "damage_inflictor": null,
      "damage_inflictor_received": null,
      "damage_taken": null,
      "damage_targets": null,
      "deaths": 14,
      "denies": 4,
      "dn_t": null,
      "firstblood_claimed": null,
      "gold": 3852,
      "gold_per_min": 554,
      "gold_reasons": null,
      "gold_spent": 28355,
      "gold_t": null,
      "hero_damage": 44710,
      "hero_healing": 195,
      "hero_hits": null,
      "hero_id": 68,
      "item_0": 100,
      "item_1": 247,
      "item_2": 263,
      "item_3": 220,
      "item_4": 254,
      "item_5": 0,
      "item_neutral": 371,
      "item_uses": null,
      "kill_streaks": null,
      "killed": null,
      "killed_by": null,
      "kills": 12,
      "kills_log": null,
      "lane_pos": null,
      "last_hits": 310,
      "leaver_status": 0,
      "level": 29,
      "lh_t": null,
      "life_state": null,
      "max_hero_hit": null,
      "multi_kills": null,
      "net_worth": 28677,
      "obs": null,
      "obs_left_log": null,
      "obs_log": null,
      "obs_placed": null,
      "party_id": 2,
      "party_size": 3,
      "performance_others": null,
      "permanent_buffs": [
        {
          "permanent_buff": 2,
          "stack_count": 0,
          "grant_time": 4298
        },
        {
          "permanent_buff": 6,
          "stack_count": 3,
          "grant_time": 2153
        },
        {
          "permanent_buff": 12,
          "stack_count": 0,
          "grant_time": 1120
        }
      ],
      "pings": null,
      "pred_vict": null,
      "purchase": null,
      "purchase_log": null,
      "randomed": null,
      "repicked": null,
      "roshans_killed": null,
      "rune_pickups": null,
      "runes": null,
      "runes_log": null,
      "sen": null,
      "sen_left_log": null,
      "sen_log": null,
      "sen_placed": null,
      "stuns": null,
      "teamfight_participation": null,
      "times": null,
      "tower_damage": 240,
      "towers_killed": null,
      "xp_per_min": 670,
      "xp_reasons": null,
      "xp_t": null,
      "start_time": 1669911476,
      "duration": 4307,
      "cluster": 184,
      "lobby_type": 7,
      "game_mode": 22,
      "is_contributor": false,
      "patch": 51,
      "region": 8,
      "isRadiant": false,
      "total_gold": 39767,
      "total_xp": 48094,
      "kills_per_min": 0.16716972370559555,
      "kda": 3,
      "abandons": 0,
      "rank_tier": null,
      "is_subscriber": false,
      "cosmetics": [],
      "benchmarks": {
        "gold_per_min": {
          "raw": 554,
          "pct": 1
        },
        "xp_per_min": {
          "raw": 670,
          "pct": 0.5714285714285714
        },
        "kills_per_min": {
          "raw": 0.16716972370559555,
          "pct": 0.5714285714285714
        },
        "last_hits_per_min": {
          "raw": 4.318551195727885,
          "pct": 0.9285714285714286
        },
        "hero_damage_per_min": {
          "raw": 622.8465289064313,
          "pct": 0.6428571428571429
        },
        "hero_healing_per_min": {
          "raw": 2.7165080102159274,
          "pct": 0.8571428571428571
        },
        "tower_damage": {
          "raw": 240,
          "pct": 0.35714285714285715
        },
        "stuns_per_min": {
          "raw": 0,
          "pct": 0
        },
        "lhten": {}
      }
    },
    {
      "player_slot": 130,
      "ability_targets": null,
      "ability_upgrades_arr": [
        5353,
        5355,
        7301,
        5355,
        5355,
        5356,
        5355,
        5353,
        5353,
        7022,
        7301,
        5356,
        5353,
        7301,
        5940,
        7301,
        5356,
        6149,
        6905,
        5931,
        6296,
        830,
        6543
      ],
      "ability_uses": null,
      "actions": null,
      "additional_units": null,
      "assists": 42,
      "backpack_0": 0,
      "backpack_1": 0,
      "backpack_2": 0,
      "backpack_3": null,
      "buyback_log": null,
      "camps_stacked": null,
      "connection_log": null,
      "creeps_stacked": null,
      "damage": null,
      "damage_inflictor": null,
      "damage_inflictor_received": null,
      "damage_taken": null,
      "damage_targets": null,
      "deaths": 17,
      "denies": 0,
      "dn_t": null,
      "firstblood_claimed": null,
      "gold": 6813,
      "gold_per_min": 487,
      "gold_reasons": null,
      "gold_spent": 26685,
      "gold_t": null,
      "hero_damage": 34404,
      "hero_healing": 15,
      "hero_hits": null,
      "hero_id": 71,
      "item_0": 249,
      "item_1": 210,
      "item_2": 40,
      "item_3": 116,
      "item_4": 108,
      "item_5": 48,
      "item_neutral": 301,
      "item_uses": null,
      "kill_streaks": null,
      "killed": null,
      "killed_by": null,
      "kills": 11,
      "kills_log": null,
      "lane_pos": null,
      "last_hits": 207,
      "leaver_status": 0,
      "level": 30,
      "lh_t": null,
      "life_state": null,
      "max_hero_hit": null,
      "multi_kills": null,
      "net_worth": 28043,
      "obs": null,
      "obs_left_log": null,
      "obs_log": null,
      "obs_placed": null,
      "party_id": 2,
      "party_size": 3,
      "performance_others": null,
      "permanent_buffs": [
        {
          "permanent_buff": 6,
          "stack_count": 3,
          "grant_time": 876
        },
        {
          "permanent_buff": 12,
          "stack_count": 0,
          "grant_time": 2933
        }
      ],
      "pings": null,
      "pred_vict": null,
      "purchase": null,
      "purchase_log": null,
      "randomed": null,
      "repicked": null,
      "roshans_killed": null,
      "rune_pickups": null,
      "runes": null,
      "runes_log": null,
      "sen": null,
      "sen_left_log": null,
      "sen_log": null,
      "sen_placed": null,
      "stuns": null,
      "teamfight_participation": null,
      "times": null,
      "tower_damage": 490,
      "towers_killed": null,
      "xp_per_min": 740,
      "xp_reasons": null,
      "xp_t": null,
      "personaname": "лучезар самокрут",
      "name": null,
      "last_login": null,
      "start_time": 1669911476,
      "duration": 4307,
      "cluster": 184,
      "lobby_type": 7,
      "game_mode": 22,
      "is_contributor": false,
      "patch": 51,
      "region": 8,
      "isRadiant": false,
      "total_gold": 34958,
      "total_xp": 53119,
      "kills_per_min": 0.1532389133967959,
      "kda": 2,
      "abandons": 0,
      "rank_tier": 21,
      "is_subscriber": false,
      "cosmetics": [],
      "benchmarks": {
        "gold_per_min": {
          "raw": 487,
          "pct": 0.675
        },
        "xp_per_min": {
          "raw": 740,
          "pct": 0.75
        },
        "kills_per_min": {
          "raw": 0.1532389133967959,
          "pct": 0.6
        },
        "last_hits_per_min": {
          "raw": 2.8836777339215227,
          "pct": 0.325
        },
        "hero_damage_per_min": {
          "raw": 479.27559786394244,
          "pct": 0.625
        },
        "hero_healing_per_min": {
          "raw": 0.2089621546319944,
          "pct": 0.925
        },
        "tower_damage": {
          "raw": 490,
          "pct": 0.525
        },
        "stuns_per_min": {
          "raw": 0,
          "pct": 0
        },
        "lhten": {}
      }
    },
    {
      "player_slot": 131,
      "ability_targets": null,
      "ability_upgrades_arr": [
        5032,
        5031,
        5032,
        5033,
        5032,
        5035,
        5032,
        5033,
        5033,
        1015,
        5033,
        5035,
        5031,
        5031,
        6253,
        5031,
        5035,
        6667,
        6666,
        745,
        766,
        6089,
        7131
      ],
      "ability_uses": null,
      "actions": null,
      "additional_units": null,
      "assists": 24,
      "backpack_0": 0,
      "backpack_1": 0,
      "backpack_2": 0,
      "backpack_3": null,
      "buyback_log": null,
      "camps_stacked": null,
      "connection_log": null,
      "creeps_stacked": null,
      "damage": null,
      "damage_inflictor": null,
      "damage_inflictor_received": null,
      "damage_taken": null,
      "damage_targets": null,
      "deaths": 14,
      "denies": 25,
      "dn_t": null,
      "firstblood_claimed": null,
      "gold": 131,
      "gold_per_min": 931,
      "gold_reasons": null,
      "gold_spent": 56315,
      "gold_t": null,
      "hero_damage": 64624,
      "hero_healing": 0,
      "hero_hits": null,
      "hero_id": 23,
      "item_0": 249,
      "item_1": 220,
      "item_2": 141,
      "item_3": 112,
      "item_4": 0,
      "item_5": 116,
      "item_neutral": 374,
      "item_uses": null,
      "kill_streaks": null,
      "killed": null,
      "killed_by": null,
      "kills": 16,
      "kills_log": null,
      "lane_pos": null,
      "last_hits": 865,
      "leaver_status": 0,
      "level": 30,
      "lh_t": null,
      "life_state": null,
      "max_hero_hit": null,
      "multi_kills": null,
      "net_worth": 24406,
      "obs": null,
      "obs_left_log": null,
      "obs_log": null,
      "obs_placed": null,
      "party_id": 3,
      "party_size": 2,
      "performance_others": null,
      "permanent_buffs": [],
      "pings": null,
      "pred_vict": null,
      "purchase": null,
      "purchase_log": null,
      "randomed": null,
      "repicked": null,
      "roshans_killed": null,
      "rune_pickups": null,
      "runes": null,
      "runes_log": null,
      "sen": null,
      "sen_left_log": null,
      "sen_log": null,
      "sen_placed": null,
      "stuns": null,
      "teamfight_participation": null,
      "times": null,
      "tower_damage": 3097,
      "towers_killed": null,
      "xp_per_min": 926,
      "xp_reasons": null,
      "xp_t": null,
      "personaname": "the f",
      "name": null,
      "last_login": null,
      "start_time": 1669911476,
      "duration": 4307,
      "cluster": 184,
      "lobby_type": 7,
      "game_mode": 22,
      "is_contributor": false,
      "patch": 51,
      "region": 8,
      "isRadiant": false,
      "total_gold": 66830,
      "total_xp": 66471,
      "kills_per_min": 0.22289296494079405,
      "kda": 2,
      "abandons": 0,
      "rank_tier": 35,
      "is_subscriber": false,
      "cosmetics": [],
      "benchmarks": {
        "gold_per_min": {
          "raw": 931,
          "pct": 1
        },
        "xp_per_min": {
          "raw": 926,
          "pct": 0.9411764705882353
        },
        "kills_per_min": {
          "raw": 0.22289296494079405,
          "pct": 0.7647058823529411
        },
        "last_hits_per_min": {
          "raw": 12.05015091711168,
          "pct": 1
        },
        "hero_damage_per_min": {
          "raw": 900.2646853958672,
          "pct": 0.8235294117647058
        },
        "hero_healing_per_min": {
          "raw": 0,
          "pct": 0.8235294117647058
        },
        "tower_damage": {
          "raw": 3097,
          "pct": 0.9411764705882353
        },
        "stuns_per_min": {
          "raw": 0,
          "pct": 0.058823529411764705
        },
        "lhten": {}
      }
    },
    {
      "player_slot": 132,
      "ability_targets": null,
      "ability_upgrades_arr": [
        5272,
        7300,
        5273,
        5272,
        5273,
        5274,
        5273,
        5273,
        5272,
        5272,
        7300,
        5274,
        6655,
        7300,
        7300,
        6380,
        5274,
        462,
        7143,
        7140,
        6289
      ],
      "ability_uses": null,
      "actions": null,
      "additional_units": null,
      "assists": 19,
      "backpack_0": 0,
      "backpack_1": 40,
      "backpack_2": 0,
      "backpack_3": null,
      "buyback_log": null,
      "camps_stacked": null,
      "connection_log": null,
      "creeps_stacked": null,
      "damage": null,
      "damage_inflictor": null,
      "damage_inflictor_received": null,
      "damage_taken": null,
      "damage_targets": null,
      "deaths": 15,
      "denies": 13,
      "dn_t": null,
      "firstblood_claimed": null,
      "gold": 1407,
      "gold_per_min": 470,
      "gold_reasons": null,
      "gold_spent": 31715,
      "gold_t": null,
      "hero_damage": 35019,
      "hero_healing": 0,
      "hero_hits": null,
      "hero_id": 59,
      "item_0": 114,
      "item_1": 133,
      "item_2": 116,
      "item_3": 48,
      "item_4": 114,
      "item_5": 156,
      "item_neutral": 291,
      "item_uses": null,
      "kill_streaks": null,
      "killed": null,
      "killed_by": null,
      "kills": 11,
      "kills_log": null,
      "lane_pos": null,
      "last_hits": 261,
      "leaver_status": 0,
      "level": 28,
      "lh_t": null,
      "life_state": null,
      "max_hero_hit": null,
      "multi_kills": null,
      "net_worth": 29037,
      "obs": null,
      "obs_left_log": null,
      "obs_log": null,
      "obs_placed": null,
      "party_id": 3,
      "party_size": 2,
      "performance_others": null,
      "permanent_buffs": [],
      "pings": null,
      "pred_vict": null,
      "purchase": null,
      "purchase_log": null,
      "randomed": null,
      "repicked": null,
      "roshans_killed": null,
      "rune_pickups": null,
      "runes": null,
      "runes_log": null,
      "sen": null,
      "sen_left_log": null,
      "sen_log": null,
      "sen_placed": null,
      "stuns": null,
      "teamfight_participation": null,
      "times": null,
      "tower_damage": 1607,
      "towers_killed": null,
      "xp_per_min": 740,
      "xp_reasons": null,
      "xp_t": null,
      "start_time": 1669911476,
      "duration": 4307,
      "cluster": 184,
      "lobby_type": 7,
      "game_mode": 22,
      "is_contributor": false,
      "patch": 51,
      "region": 8,
      "isRadiant": false,
      "total_gold": 33738,
      "total_xp": 53119,
      "kills_per_min": 0.1532389133967959,
      "kda": 1,
      "abandons": 0,
      "rank_tier": null,
      "is_subscriber": false,
      "cosmetics": [],
      "benchmarks": {
        "gold_per_min": {
          "raw": 470,
          "pct": 0.375
        },
        "xp_per_min": {
          "raw": 740,
          "pct": 0.75
        },
        "kills_per_min": {
          "raw": 0.1532389133967959,
          "pct": 0.25
        },
        "last_hits_per_min": {
          "raw": 3.635941490596703,
          "pct": 0.25
        },
        "hero_damage_per_min": {
          "raw": 487.84304620385416,
          "pct": 0.125
        },
        "hero_healing_per_min": {
          "raw": 0,
          "pct": 1
        },
        "tower_damage": {
          "raw": 1607,
          "pct": 0.5
        },
        "stuns_per_min": {
          "raw": 0,
          "pct": 0.5
        },
        "lhten": {}
      }
    }
  ],
  "patch": 51,
  "region": 8
}