{
  "chat": null,
  "cluster": 182,
  "cosmetics": null,
  "dire_score": 53,
  "dire_team_id": null,
  "draft_timings": null,
  "duration": 1577,
  "engine": 1,
  "first_blood_time": 8,
  "game_mode": 23,
  "human_players": 10,
  "leagueid": 0,
  "lobby_type": 0,
  "match_seq_num": 5780344814,
  "negative_votes": 0,
  "objectives": null,
  "picks_bans": null,
  "positive_votes": 0,
  "radiant_gold_adv": null,
  "radiant_score": 17,
  "radiant_team_id": null,
  "radiant_xp_adv": null,
  "skill": null,
  "start_time": 1669912284,
  "teamfights": null,
  "version": null,
  "replay_salt": 563159135,
  "series_id": 0,
  "series_type": 0,
  "players": [
    {
      "player_slot": 0,
      "ability_targets": null,
      "ability_upgrades_arr": [
        5061,
        5062,
        5061,
        5062,
        5061,
        5064,
        5061,
        5062,
        5062,
        999,
        5063,
        5064,
        5063,
        5063,
        6070,
        5063,
        5064,
        815,
        1072
      ],
      "ability_uses": null,
      "actions": null,
      "additional_units": null,
      "assists": 7,
      "backpack_0": 0,
      "backpack_1": 0,
      "backpack_2": 0,
      "backpack_3": null,
      "buyback_log": null,
      "camps_stacked": null,
      "connection_log": null,
      "creeps_stacked": null,
      "damage": null,
      "damage_inflictor": null,
      "damage_inflictor_received": null,
      "damage_taken": null,
      "damage_targets": null,
      "deaths": 11,
      "denies": 2,
      "dn_t": null,
      "firstblood_claimed": null,
      "gold": 726,
      "gold_per_min": 729,
      "gold_reasons": null,
      "gold_spent": 23095,
      "gold_t": null,
      "hero_damage": 10492,
      "hero_healing": 0,
      "hero_hits": null,
      "hero_id": 11,
      "item_0": 48,
      "item_1": 604,
      "item_2": 116,
      "item_3": 23,
      "item_4": 0,
      "item_5": 0,
      "item_neutral": 362,
      "item_uses": null,
      "kill_streaks": null,
      "killed": null,
      "killed_by": null,
      "kills": 0,
      "kills_log": null,
      "lane_pos": null,
      "last_hits": 107,
      "leaver_status": 0,
      "level": 25,
      "lh_t": null,
      "life_state": null,
      "max_hero_hit": null,
      "multi_kills": null,
      "net_worth": 16476,
      "obs": null,
      "obs_left_log": null,
      "obs_log": null,
      "obs_placed": null,
      "party_id": 0,
      "party_size": 1,
      "performance_others": null,
      "permanent_buffs": [
        {
          "permanent_buff": 12,
          "stack_count": 0,
          "grant_time": 1304
        }
      ],
      "pings": null,
      "pred_vict": null,
      "purchase": null,
      "purchase_log": null,
      "randomed": null,
      "repicked": null,
      "roshans_killed": null,
      "rune_pickups": null,
      "runes": null,
      "runes_log": null,
      "sen": null,
      "sen_left_log": null,
      "sen_log": null,
      "sen_placed": null,
      "stuns": null,
      "teamfight_participation": null,
      "times": null,
      "tower_damage": 0,
      "towers_killed": null,
      "xp_per_min": 1517,
      "xp_reasons": null,
      "xp_t": null,
      "start_time": 1669912284,
      "duration": 1577,
      "cluster": 182,
      "lobby_type": 0,
      "game_mode": 23,
      "is_contributor": false,
      "patch": 51,
      "region": 8,
      "isRadiant": true,
      "total_gold": 19160,
      "total_xp": 39871,
      "kda": 0,
      "abandons": 0,
      "rank_tier": null,
      "is_subscriber": false,
      "cosmetics": [],
      "benchmarks": {
        "gold_per_min": {
          "raw": 729,
          "pct": 0.86
        },
        "xp_per_min": {
          "raw": 1517,
          "pct": 1
        },
        "kills_per_min": {
          "raw": 0,
          "pct": 0.02
        },
        "last_hits_per_min": {
          "raw": 4.071020925808497,
          "pct": 0.04
        },
        "hero_damage_per_min": {
          "raw": 399.1883322764743,
          "pct": 0.12
        },
        "hero_healing_per_min": {
          "raw": 0,
          "pct": 0.88
        },
        "tower_damage": {
          "raw": 0,
          "pct": 0.08
        },
        "stuns_per_min": {
          "raw": 0,
          "pct": 0.02
        },
        "lhten": {}
      }
    },
    {
      "player_slot": 1,
      "ability_targets": null,
      "ability_upgrades_arr": [
        5019,
        343,
        5019,
        343,
        5019,
        5022,
        343,
        343,
        5632,
        6209,
        5019,
        5022,
        5632,
        5632,
        486,
        5632,
        5022,
        6202,
        739
      ],
      "ability_uses": null,
      "actions": null,
      "additional_units": null,
      "assists": 0,
      "backpack_0": 43,
      "backpack_1": 0,
      "backpack_2": 0,
      "backpack_3": null,
      "buyback_log": null,
      "camps_stacked": null,
      "connection_log": null,
      "creeps_stacked": null,
      "damage": null,
      "damage_inflictor": null,
      "damage_inflictor_received": null,
      "damage_taken": null,
      "damage_targets": null,
      "deaths": 12,
      "denies": 0,
      "dn_t": null,
      "firstblood_claimed": null,
      "gold": 2829,
      "gold_per_min": 509,
      "gold_reasons": null,
      "gold_spent": 11175,
      "gold_t": null,
      "hero_damage": 6687,
      "hero_healing": 0,
      "hero_hits": null,
      "hero_id": 6,
      "item_0": 0,
      "item_1": 236,
      "item_2": 216,
      "item_3": 63,
      "item_4": 139,
      "item_5": 149,
      "item_neutral": 309,
      "item_uses": null,
      "kill_streaks": null,
      "killed": null,
      "killed_by": null,
      "kills": 1,
      "kills_log": null,
      "lane_pos": null,
      "last_hits": 73,
      "leaver_status": 0,
      "level": 25,
      "lh_t": null,
      "life_state": null,
      "max_hero_hit": null,
      "multi_kills": null,
      "net_worth": 13269,
      "obs": null,
      "obs_left_log": null,
      "obs_log": null,
      "obs_placed": null,
      "party_id": 1,
      "party_size": 1,
      "performance_others": null,
      "permanent_buffs": [],
      "pings": null,
      "pred_vict": null,
      "purchase": null,
      "purchase_log": null,
      "randomed": null,
      "repicked": null,
      "roshans_killed": null,
      "rune_pickups": null,
      "runes": null,
      "runes_log": null,
      "sen": null,
      "sen_left_log": null,
      "sen_log": null,
      "sen_placed": null,
      "stuns": null,
      "teamfight_participation": null,
      "times": null,
      "tower_damage": 0,
      "towers_killed": null,
      "xp_per_min": 1419,
      "xp_reasons": null,
      "xp_t": null,
      "start_time": 1669912284,
      "duration": 1577,
      "cluster": 182,
      "lobby_type": 0,
      "game_mode": 23,
      "is_contributor": false,
      "patch": 51,
      "region": 8,
      "isRadiant": true,
      "total_gold": 13378,
      "total_xp": 37296,
      "kills_per_min": 0.03804692454026633,
      "kda": 0,
      "abandons": 0,
      "rank_tier": null,
      "is_subscriber": false,
      "cosmetics": [],
      "benchmarks": {
        "gold_per_min": {
          "raw": 509,
          "pct": 0.1794871794871795
        },
        "xp_per_min": {
          "raw": 1419,
          "pct": 1
        },
        "kills_per_min": {
          "raw": 0.03804692454026633,
          "pct": 0.05128205128205128
        },
        "last_hits_per_min": {
          "raw": 2.777425491439442,
          "pct": 0
        },
        "hero_damage_per_min": {
          "raw": 254.41978440076093,
          "pct": 0.02564102564102564
        },
        "hero_healing_per_min": {
          "raw": 0,
          "pct": 0.9743589743589743
        },
        "tower_damage": {
          "raw": 0,
          "pct": 0.10256410256410256
        },
        "stuns_per_min": {
          "raw": 0,
          "pct": 0.9487179487179487
        },
        "lhten": {}
      }
    },
    {
      "player_slot": 2,
      "ability_targets": null,
      "ability_upgrades_arr": [
        5150,
        5151,
        5150,
        5151,
        5150,
        5153,
        5150,
        5151,
        5151,
        800,
        650,
        5153,
        650,
        765,
        650,
        650,
        5153,
        1069,
        6953,
        7898,
        8039,
        413,
        6152
      ],
      "ability_uses": null,
      "actions": null,
      "additional_units": null,
      "assists": 3,
      "backpack_0": 0,
      "backpack_1": 0,
      "backpack_2": 0,
      "backpack_3": null,
      "buyback_log": null,
      "camps_stacked": null,
      "connection_log": null,
      "creeps_stacked": null,
      "damage": null,
      "damage_inflictor": null,
      "damage_inflictor_received": null,
      "damage_taken": null,
      "damage_targets": null,
      "deaths": 5,
      "denies": 5,
      "dn_t": null,
      "firstblood_claimed": null,
      "gold": 381,
      "gold_per_min": 1622,
      "gold_reasons": null,
      "gold_spent": 39290,
      "gold_t": null,
      "hero_damage": 39511,
      "hero_healing": 0,
      "hero_hits": null,
      "hero_id": 34,
      "item_0": 235,
      "item_1": 119,
      "item_2": 96,
      "item_3": 116,
      "item_4": 176,
      "item_5": 604,
      "item_neutral": 290,
      "item_uses": null,
      "kill_streaks": null,
      "killed": null,
      "killed_by": null,
      "kills": 10,
      "kills_log": null,
      "lane_pos": null,
      "last_hits": 77,
      "leaver_status": 0,
      "level": 30,
      "lh_t": null,
      "life_state": null,
      "max_hero_hit": null,
      "multi_kills": null,
      "net_worth": 37481,
      "obs": null,
      "obs_left_log": null,
      "obs_log": null,
      "obs_placed": null,
      "party_id": 2,
      "party_size": 3,
      "performance_others": null,
      "permanent_buffs": [
        {
          "permanent_buff": 2,
          "stack_count": 0,
          "grant_time": 1678
        },
        {
          "permanent_buff": 6,
          "stack_count": 1,
          "grant_time": 767
        }
      ],
      "pings": null,
      "pred_vict": null,
      "purchase": null,
      "purchase_log": null,
      "randomed": null,
      "repicked": null,
      "roshans_killed": null,
      "rune_pickups": null,
      "runes": null,
      "runes_log": null,
      "sen": null,
      "sen_left_log": null,
      "sen_log": null,
      "sen_placed": null,
      "stuns": null,
      "teamfight_participation": null,
      "times": null,
      "tower_damage": 0,
      "towers_killed": null,
      "xp_per_min": 2138,
      "xp_reasons": null,
      "xp_t": null,
      "personaname": "эми",
      "name": null,
      "last_login": null,
      "start_time": 1669912284,
      "duration": 1577,
      "cluster": 182,
      "lobby_type": 0,
      "game_mode": 23,
      "is_contributor": false,
      "patch": 51,
      "region": 8,
      "isRadiant": true,
      "total_gold": 42631,
      "total_xp": 56193,
      "kills_per_min": 0.38046924540266325,
      "kda": 2,
      "abandons": 0,
      "rank_tier": 23,
      "is_subscriber": false,
      "cosmetics": [],
      "benchmarks": {
        "gold_per_min": {
          "raw": 1622,
          "pct": 1
        },
        "xp_per_min": {
          "raw": 2138,
          "pct": 1
        },
        "kills_per_min": {
          "raw": 0.3804692454026633,
          "pct": 0.6923076923076923
        },
        "last_hits_per_min": {
          "raw": 2.9296131896005075,
          "pct": 0.15384615384615385
        },
        "hero_damage_per_min": {
          "raw": 1503.272035510463,
          "pct": 0.9230769230769231
        },
        "hero_healing_per_min": {
          "raw": 0,
          "pct": 0.6153846153846154
        },
        "tower_damage": {
          "raw": 0,
          "pct": 0.5384615384615384
        },
        "stuns_per_min": {
          "raw": 0,
          "pct": 0.46153846153846156
        },
        "lhten": {}
      }
    },
    {
      "player_slot": 3,
      "ability_targets": null,
      "ability_upgrades_arr": [
        5008,
        5009,
        5009,
        5007,
        5009,
        5010,
        5009,
        5007,
        5007,
        9401,
        5007,
        5010,
        5008,
        5008,
        6991,
        5008,
        5010,
        562,
        6608
      ],
      "ability_uses": null,
      "actions": null,
      "additional_units": null,
      "assists": 5,
      "backpack_0": 0,
      "backpack_1": 0,
      "backpack_2": 0,
      "backpack_3": null,
      "buyback_log": null,
      "camps_stacked": null,
      "connection_log": null,
      "creeps_stacked": null,
      "damage": null,
      "damage_inflictor": null,
      "damage_inflictor_received": null,
      "damage_taken": null,
      "damage_targets": null,
      "deaths": 11,
      "denies": 0,
      "dn_t": null,
      "firstblood_claimed": null,
      "gold": 1117,
      "gold_per_min": 644,
      "gold_reasons": null,
      "gold_spent": 13965,
      "gold_t": null,
      "hero_damage": 15860,
      "hero_healing": 0,
      "hero_hits": null,
      "hero_id": 2,
      "item_0": 50,
      "item_1": 116,
      "item_2": 0,
      "item_3": 1,
      "item_4": 127,
      "item_5": 242,
      "item_neutral": 358,
      "item_uses": null,
      "kill_streaks": null,
      "killed": null,
      "killed_by": null,
      "kills": 1,
      "kills_log": null,
      "lane_pos": null,
      "last_hits": 36,
      "leaver_status": 0,
      "level": 25,
      "lh_t": null,
      "life_state": null,
      "max_hero_hit": null,
      "multi_kills": null,
      "net_worth": 14717,
      "obs": null,
      "obs_left_log": null,
      "obs_log": null,
      "obs_placed": null,
      "party_id": 2,
      "party_size": 3,
      "performance_others": null,
      "permanent_buffs": [],
      "pings": null,
      "pred_vict": null,
      "purchase": null,
      "purchase_log": null,
      "randomed": null,
      "repicked": null,
      "roshans_killed": null,
      "rune_pickups": null,
      "runes": null,
      "runes_log": null,
      "sen": null,
      "sen_left_log": null,
      "sen_log": null,
      "sen_placed": null,
      "stuns": null,
      "teamfight_participation": null,
      "times": null,
      "tower_damage": 36,
      "towers_killed": null,
      "xp_per_min": 1460,
      "xp_reasons": null,
      "xp_t": null,
      "start_time": 1669912284,
      "duration": 1577,
      "cluster": 182,
      "lobby_type": 0,
      "game_mode": 23,
      "is_contributor": false,
      "patch": 51,
      "region": 8,
      "isRadiant": true,
      "total_gold": 16926,
      "total_xp": 38373,
      "kills_per_min": 0.03804692454026633,
      "kda": 0,
      "abandons": 0,
      "rank_tier": null,
      "is_subscriber": false,
      "cosmetics": [],
      "benchmarks": {
        "gold_per_min": {
          "raw": 644,
          "pct": 0.9565217391304348
        },
        "xp_per_min": {
          "raw": 1460,
          "pct": 1
        },
        "kills_per_min": {
          "raw": 0.03804692454026633,
          "pct": 0.043478260869565216
        },
        "last_hits_per_min": {
          "raw": 1.369689283449588,
          "pct": 0
        },
        "hero_damage_per_min": {
          "raw": 603.424223208624,
          "pct": 0.6521739130434783
        },
        "hero_healing_per_min": {
          "raw": 0,
          "pct": 0.9130434782608695
        },
        "tower_damage": {
          "raw": 36,
          "pct": 0.13043478260869565
        },
        "stuns_per_min": {
          "raw": 0,
          "pct": 0
        },
        "lhten": {}
      }
    },
    {
      "player_slot": 4,
      "ability_targets": null,
      "ability_upgrades_arr": [
        5102,
        5103,
        5102,
        5104,
        5102,
        5105,
        5102,
        5103,
        5103,
        5104,
        1066,
        5105,
        5103,
        5104,
        6530,
        5104,
        5105,
        6872,
        475,
        6409,
        890
      ],
      "ability_uses": null,
      "actions": null,
      "additional_units": null,
      "assists": 4,
      "backpack_0": 0,
      "backpack_1": 0,
      "backpack_2": 0,
      "backpack_3": null,
      "buyback_log": null,
      "camps_stacked": null,
      "connection_log": null,
      "creeps_stacked": null,
      "damage": null,
      "damage_inflictor": null,
      "damage_inflictor_received": null,
      "damage_taken": null,
      "damage_targets": null,
      "deaths": 14,
      "denies": 0,
      "dn_t": null,
      "firstblood_claimed": null,
      "gold": 2207,
      "gold_per_min": 682,
      "gold_reasons": null,
      "gold_spent": 16565,
      "gold_t": null,
      "hero_damage": 11676,
      "hero_healing": 0,
      "hero_hits": null,
      "hero_id": 16,
      "item_0": 121,
      "item_1": 231,
      "item_2": 36,
      "item_3": 44,
      "item_4": 42,
      "item_5": 108,
      "item_neutral": 311,
      "item_uses": null,
      "kill_streaks": null,
      "killed": null,
      "killed_by": null,
      "kills": 4,
      "kills_log": null,
      "lane_pos": null,
      "last_hits": 51,
      "leaver_status": 0,
      "level": 28,
      "lh_t": null,
      "life_state": null,
      "max_hero_hit": null,
      "multi_kills": null,
      "net_worth": 17797,
      "obs": null,
      "obs_left_log": null,
      "obs_log": null,
      "obs_placed": null,
      "party_id": 2,
      "party_size": 3,
      "performance_others": null,
      "permanent_buffs": [
        {
          "permanent_buff": 12,
          "stack_count": 0,
          "grant_time": 749
        }
      ],
      "pings": null,
      "pred_vict": null,
      "purchase": null,
      "purchase_log": null,
      "randomed": null,
      "repicked": null,
      "roshans_killed": null,
      "rune_pickups": null,
      "runes": null,
      "runes_log": null,
      "sen": null,
      "sen_left_log": null,
      "sen_log": null,
      "sen_placed": null,
      "stuns": null,
      "teamfight_participation": null,
      "times": null,
      "tower_damage": 0,
      "towers_killed": null,
      "xp_per_min": 1564,
      "xp_reasons": null,
      "xp_t": null,
      "start_time": 1669912284,
      "duration": 1577,
      "cluster": 182,
      "lobby_type": 0,
      "game_mode": 23,
      "is_contributor": false,
      "patch": 51,
      "region": 8,
      "isRadiant": true,
      "total_gold": 17925,
      "total_xp": 41107,
      "kills_per_min": 0.1521876981610653,
      "kda": 0,
      "abandons": 0,
      "rank_tier": null,
      "is_subscriber": false,
      "cosmetics": [],
      "benchmarks": {
        "gold_per_min": {
          "raw": 682,
          "pct": 1
        },
        "xp_per_min": {
          "raw": 1564,
          "pct": 1
        },
        "kills_per_min": {
          "raw": 0.1521876981610653,
          "pct": 0.4583333333333333
        },
        "last_hits_per_min": {
          "raw": 1.9403931515535826,
          "pct": 0
        },
        "hero_damage_per_min": {
          "raw": 444.23589093214963,
          "pct": 0.16666666666666666
        },
        "hero_healing_per_min": {
          "raw": 0,
          "pct": 0.9583333333333334
        },
        "tower_damage": {
          "raw": 0,
          "pct": 0.16666666666666666
        },
        "stuns_per_min": {
          "raw": 0,
          "pct": 0
        },
        "lhten": {}
      }
    },
    {
      "player_slot": 128,
      "ability_targets": null,
      "ability_upgrades_arr": [
        5155,
        5154,
        5154,
        5156,
        5154,
        5157,
        5154,
        5155,
        5155,
        6897,
        5155,
        5156,
        5156,
        5156,
        5907,
        5157,
        5157,
        6896,
        5943,
        928,
        7396
      ],
      "ability_uses": null,
      "actions": null,
      "additional_units": null,
      "assists": 12,
      "backpack_0": 0,
      "backpack_1": 0,
      "backpack_2": 0,
      "backpack_3": null,
      "buyback_log": null,
      "camps_stacked": null,
      "connection_log": null,
      "creeps_stacked": null,
      "damage": null,
      "damage_inflictor": null,
      "damage_inflictor_received": null,
      "damage_taken": null,
      "damage_targets": null,
      "deaths": 3,
      "denies": 3,
      "dn_t": null,
      "firstblood_claimed": null,
      "gold": 7109,
      "gold_per_min": 1185,
      "gold_reasons": null,
      "gold_spent": 25545,
      "gold_t": null,
      "hero_damage": 22090,
      "hero_healing": 0,
      "hero_hits": null,
      "hero_id": 35,
      "item_0": 135,
      "item_1": 236,
      "item_2": 139,
      "item_3": 172,
      "item_4": 247,
      "item_5": 158,
      "item_neutral": 573,
      "item_uses": null,
      "kill_streaks": null,
      "killed": null,
      "killed_by": null,
      "kills": 10,
      "kills_log": null,
      "lane_pos": null,
      "last_hits": 119,
      "leaver_status": 0,
      "level": 29,
      "lh_t": null,
      "life_state": null,
      "max_hero_hit": null,
      "multi_kills": null,
      "net_worth": 30434,
      "obs": null,
      "obs_left_log": null,
      "obs_log": null,
      "obs_placed": null,
      "party_id": 3,
      "party_size": 2,
      "performance_others": null,
      "permanent_buffs": [],
      "pings": null,
      "pred_vict": null,
      "purchase": null,
      "purchase_log": null,
      "randomed": null,
      "repicked": null,
      "roshans_killed": null,
      "rune_pickups": null,
      "runes": null,
      "runes_log": null,
      "sen": null,
      "sen_left_log": null,
      "sen_log": null,
      "sen_placed": null,
      "stuns": null,
      "teamfight_participation": null,
      "times": null,
      "tower_damage": 6680,
      "towers_killed": null,
      "xp_per_min": 1665,
      "xp_reasons": null,
      "xp_t": null,
      "start_time": 1669912284,
      "duration": 1577,
      "cluster": 182,
      "lobby_type": 0,
      "game_mode": 23,
      "is_contributor": false,
      "patch": 51,
      "region": 8,
      "isRadiant": false,
      "total_gold": 31145,
      "total_xp": 43761,
      "kills_per_min": 0.38046924540266325,
      "kda": 5,
      "abandons": 0,
      "rank_tier": null,
      "is_subscriber": false,
      "cosmetics": [],
      "benchmarks": {
        "gold_per_min": {
          "raw": 1185,
          "pct": 1
        },
        "xp_per_min": {
          "raw": 1665,
          "pct": 1
        },
        "kills_per_min": {
          "raw": 0.3804692454026633,
          "pct": 0.8148148148148148
        },
        "last_hits_per_min": {
          "raw": 4.527584020291694,
          "pct": 0.037037037037037035
        },
        "hero_damage_per_min": {
          "raw": 840.4565630944832,
          "pct": 0.4074074074074074
        },
        "hero_healing_per_min": {
          "raw": 0,
          "pct": 0.9629629629629629
        },
        "tower_damage": {
          "raw": 6680,
          "pct": 0.5555555555555556
        },
        "stuns_per_min": {
          "raw": 0,
          "pct": 0.1111111111111111
        },
        "lhten": {}
      }
    },
    {
      "player_slot": 129,
      "ability_targets": null,
      "ability_upgrades_arr": [
        631,
        5250,
        631,
        5249,
        5250,
        5252,
        5250,
        5250,
        631,
        631,
        1033,
        5252,
        5249,
        5249,
        5249,
        5252,
        6009,
        1034,
        7012,
        6423,
        6676,
        709,
        6173
      ],
      "ability_uses": null,
      "actions": null,
      "additional_units": null,
      "assists": 9,
      "backpack_0": 0,
      "backpack_1": 0,
      "backpack_2": 0,
      "backpack_3": null,
      "buyback_log": null,
      "camps_stacked": null,
      "connection_log": null,
      "creeps_stacked": null,
      "damage": null,
      "damage_inflictor": null,
      "damage_inflictor_received": null,
      "damage_taken": null,
      "damage_targets": null,
      "deaths": 2,
      "denies": 7,
      "dn_t": null,
      "firstblood_claimed": null,
      "gold": 5020,
      "gold_per_min": 1069,
      "gold_reasons": null,
      "gold_spent": 25935,
      "gold_t": null,
      "hero_damage": 14890,
      "hero_healing": 0,
      "hero_hits": null,
      "hero_id": 54,
      "item_0": 112,
      "item_1": 50,
      "item_2": 116,
      "item_3": 208,
      "item_4": 168,
      "item_5": 151,
      "item_neutral": 571,
      "item_uses": null,
      "kill_streaks": null,
      "killed": null,
      "killed_by": null,
      "kills": 10,
      "kills_log": null,
      "lane_pos": null,
      "last_hits": 86,
      "leaver_status": 0,
      "level": 30,
      "lh_t": null,
      "life_state": null,
      "max_hero_hit": null,
      "multi_kills": null,
      "net_worth": 28245,
      "obs": null,
      "obs_left_log": null,
      "obs_log": null,
      "obs_placed": null,
      "party_id": 3,
      "party_size": 2,
      "performance_others": null,
      "permanent_buffs": [],
      "pings": null,
      "pred_vict": null,
      "purchase": null,
      "purchase_log": null,
      "randomed": null,
      "repicked": null,
      "roshans_killed": null,
      "rune_pickups": null,
      "runes": null,
      "runes_log": null,
      "sen": null,
      "sen_left_log": null,
      "sen_log": null,
      "sen_placed": null,
      "stuns": null,
      "teamfight_participation": null,
      "times": null,
      "tower_damage": 7867,
      "towers_killed": null,
      "xp_per_min": 1844,
      "xp_reasons": null,
      "xp_t": null,
      "start_time": 1669912284,
      "duration": 1577,
      "cluster": 182,
      "lobby_type": 0,
      "game_mode": 23,
      "is_contributor": false,
      "patch": 51,
      "region": 8,
      "isRadiant": false,
      "total_gold": 28096,
      "total_xp": 48466,
      "kills_per_min": 0.38046924540266325,
      "kda": 6,
      "abandons": 0,
      "rank_tier": null,
      "is_subscriber": false,
      "cosmetics": [],
      "benchmarks": {
        "gold_per_min": {
          "raw": 1069,
          "pct": 1
        },
        "xp_per_min": {
          "raw": 1844,
          "pct": 1
        },
        "kills_per_min": {
          "raw": 0.3804692454026633,
          "pct": 0.8064516129032258
        },
        "last_hits_per_min": {
          "raw": 3.272035510462904,
          "pct": 0
        },
        "hero_damage_per_min": {
          "raw": 566.5187064045656,
          "pct": 0.2903225806451613
        },
        "hero_healing_per_min": {
          "raw": 0,
          "pct": 0.41935483870967744
        },
        "tower_damage": {
          "raw": 7867,
          "pct": 0.5483870967741935
        },
        "stuns_per_min": {
          "raw": 0,
          "pct": 0.3225806451612903
        },
        "lhten": {}
      }
    },
    {
      "player_slot": 130,
      "ability_targets": null,
      "ability_upgrades_arr": [
        5450,
        5448,
        5450,
        7320,
        5450,
        5452,
        5450,
        7320,
        7320,
        7320,
        5448,
        5452,
        5448,
        5448,
        518,
        897,
        5452,
        6863,
        6870,
        6862,
        787,
        6041,
        6864
      ],
      "ability_uses": null,
      "actions": null,
      "additional_units": null,
      "assists": 25,
      "backpack_0": 77,
      "backpack_1": 0,
      "backpack_2": 0,
      "backpack_3": null,
      "buyback_log": null,
      "camps_stacked": null,
      "connection_log": null,
      "creeps_stacked": null,
      "damage": null,
      "damage_inflictor": null,
      "damage_inflictor_received": null,
      "damage_taken": null,
      "damage_targets": null,
      "deaths": 4,
      "denies": 7,
      "dn_t": null,
      "firstblood_claimed": null,
      "gold": 1324,
      "gold_per_min": 988,
      "gold_reasons": null,
      "gold_spent": 26060,
      "gold_t": null,
      "hero_damage": 21561,
      "hero_healing": 0,
      "hero_hits": null,
      "hero_id": 86,
      "item_0": 203,
      "item_1": 1,
      "item_2": 176,
      "item_3": 232,
      "item_4": 48,
      "item_5": 108,
      "item_neutral": 680,
      "item_uses": null,
      "kill_streaks": null,
      "killed": null,
      "killed_by": null,
      "kills": 9,
      "kills_log": null,
      "lane_pos": null,
      "last_hits": 52,
      "leaver_status": 0,
      "level": 30,
      "lh_t": null,
      "life_state": null,
      "max_hero_hit": null,
      "multi_kills": null,
      "net_worth": 25554,
      "obs": null,
      "obs_left_log": null,
      "obs_log": null,
      "obs_placed": null,
      "party_id": 4,
      "party_size": 2,
      "performance_others": null,
      "permanent_buffs": [
        {
          "permanent_buff": 12,
          "stack_count": 0,
          "grant_time": 1576
        }
      ],
      "pings": null,
      "pred_vict": null,
      "purchase": null,
      "purchase_log": null,
      "randomed": null,
      "repicked": null,
      "roshans_killed": null,
      "rune_pickups": null,
      "runes": null,
      "runes_log": null,
      "sen": null,
      "sen_left_log": null,
      "sen_log": null,
      "sen_placed": null,
      "stuns": null,
      "teamfight_participation": null,
      "times": null,
      "tower_damage": 1265,
      "towers_killed": null,
      "xp_per_min": 1911,
      "xp_reasons": null,
      "xp_t": null,
      "start_time": 1669912284,
      "duration": 1577,
      "cluster": 182,
      "lobby_type": 0,
      "game_mode": 23,
      "is_contributor": false,
      "patch": 51,
      "region": 8,
      "isRadiant": false,
      "total_gold": 25967,
      "total_xp": 50227,
      "kills_per_min": 0.34242232086239693,
      "kda": 6,
      "abandons": 0,
      "rank_tier": null,
      "is_subscriber": false,
      "cosmetics": [],
      "benchmarks": {
        "gold_per_min": {
          "raw": 988,
          "pct": 1
        },
        "xp_per_min": {
          "raw": 1911,
          "pct": 1
        },
        "kills_per_min": {
          "raw": 0.342422320862397,
          "pct": 0.9724137931034482
        },
        "last_hits_per_min": {
          "raw": 1.978440076093849,
          "pct": 0.5379310344827586
        },
        "hero_damage_per_min": {
          "raw": 820.3297400126824,
          "pct": 0.9586206896551724
        },
        "hero_healing_per_min": {
          "raw": 0,
          "pct": 0.6482758620689655
        },
        "tower_damage": {
          "raw": 1265,
          "pct": 0.9241379310344827
        },
        "stuns_per_min": {
          "raw": 0,
          "pct": 0
        },
        "lhten": {}
      }
    },
    {
      "player_slot": 131,
      "ability_targets": null,
      "ability_upgrades_arr": [
        5275,
        5277,
        5275,
        5277,
        5275,
        5278,
        5275,
        5276,
        5277,
        5277,
        5278,
        5276,
        5276,
        5276,
        505,
        1048,
        5278,
        6080,
        6704,
        816,
        480
      ],
      "ability_uses": null,
      "actions": null,
      "additional_units": null,
      "assists": 20,
      "backpack_0": 50,
      "backpack_1": 0,
      "backpack_2": 0,
      "backpack_3": null,
      "buyback_log": null,
      "camps_stacked": null,
      "connection_log": null,
      "creeps_stacked": null,
      "damage": null,
      "damage_inflictor": null,
      "damage_inflictor_received": null,
      "damage_taken": null,
      "damage_targets": null,
      "deaths": 7,
      "denies": 1,
      "dn_t": null,
      "firstblood_claimed": null,
      "gold": 4683,
      "gold_per_min": 1093,
      "gold_reasons": null,
      "gold_spent": 25550,
      "gold_t": null,
      "hero_damage": 28394,
      "hero_healing": 0,
      "hero_hits": null,
      "hero_id": 60,
      "item_0": 116,
      "item_1": 156,
      "item_2": 137,
      "item_3": 117,
      "item_4": 112,
      "item_5": 143,
      "item_neutral": 381,
      "item_uses": null,
      "kill_streaks": null,
      "killed": null,
      "killed_by": null,
      "kills": 14,
      "kills_log": null,
      "lane_pos": null,
      "last_hits": 74,
      "leaver_status": 0,
      "level": 29,
      "lh_t": null,
      "life_state": null,
      "max_hero_hit": null,
      "multi_kills": null,
      "net_worth": 29733,
      "obs": null,
      "obs_left_log": null,
      "obs_log": null,
      "obs_placed": null,
      "party_id": 4,
      "party_size": 2,
      "performance_others": null,
      "permanent_buffs": [
        {
          "permanent_buff": 12,
          "stack_count": 0,
          "grant_time": 1678
        }
      ],
      "pings": null,
      "pred_vict": null,
      "purchase": null,
      "purchase_log": null,
      "randomed": null,
      "repicked": null,
      "roshans_killed": null,
      "rune_pickups": null,
      "runes": null,
      "runes_log": null,
      "sen": null,
      "sen_left_log": null,
      "sen_log": null,
      "sen_placed": null,
      "stuns": null,
      "teamfight_participation": null,
      "times": null,
      "tower_damage": 4267,
      "towers_killed": null,
      "xp_per_min": 1697,
      "xp_reasons": null,
      "xp_t": null,
      "personaname": "LONELY FRIEND",
      "name": null,
      "last_login": null,
      "start_time": 1669912284,
      "duration": 1577,
      "cluster": 182,
      "lobby_type": 0,
      "game_mode": 23,
      "is_contributor": false,
      "patch": 51,
      "region": 8,
      "isRadiant": false,
      "total_gold": 28727,
      "total_xp": 44602,
      "kills_per_min": 0.5326569435637286,
      "kda": 4,
      "abandons": 0,
      "rank_tier": 21,
      "is_subscriber": false,
      "cosmetics": [],
      "benchmarks": {
        "gold_per_min": {
          "raw": 1093,
          "pct": 1
        },
        "xp_per_min": {
          "raw": 1697,
          "pct": 1
        },
        "kills_per_min": {
          "raw": 0.5326569435637286,
          "pct": 1
        },
        "last_hits_per_min": {
          "raw": 2.815472415979708,
          "pct": 0
        },
        "hero_damage_per_min": {
          "raw": 1080.304375396322,
          "pct": 1
        },
        "hero_healing_per_min": {
          "raw": 0,
          "pct": 1
        },
        "tower_damage": {
          "raw": 4267,
          "pct": 0.6666666666666666
        },
        "stuns_per_min": {
          "raw": 0,
          "pct": 0
        },
        "lhten": {}
      }
    },
    {
      "player_slot": 132,
      "ability_targets": null,
      "ability_upgrades_arr": [
        5110,
        641,
        5111,
        5111,
        5111,
        5113,
        5111,
        5110,
        5110,
        5903,
        5110,
        5113,
        641,
        641,
        934,
        641,
        5113,
        6518,
        6501
      ],
      "ability_uses": null,
      "actions": null,
      "additional_units": null,
      "assists": 21,
      "backpack_0": 0,
      "backpack_1": 0,
      "backpack_2": 0,
      "backpack_3": null,
      "buyback_log": null,
      "camps_stacked": null,
      "connection_log": null,
      "creeps_stacked": null,
      "damage": null,
      "damage_inflictor": null,
      "damage_inflictor_received": null,
      "damage_taken": null,
      "damage_targets": null,
      "deaths": 1,
      "denies": 0,
      "dn_t": null,
      "firstblood_claimed": null,
      "gold": 1944,
      "gold_per_min": 1062,
      "gold_reasons": null,
      "gold_spent": 28065,
      "gold_t": null,
      "hero_damage": 28933,
      "hero_healing": 0,
      "hero_hits": null,
      "hero_id": 22,
      "item_0": 610,
      "item_1": 220,
      "item_2": 110,
      "item_3": 42,
      "item_4": 235,
      "item_5": 108,
      "item_neutral": 675,
      "item_uses": null,
      "kill_streaks": null,
      "killed": null,
      "killed_by": null,
      "kills": 10,
      "kills_log": null,
      "lane_pos": null,
      "last_hits": 91,
      "leaver_status": 0,
      "level": 26,
      "lh_t": null,
      "life_state": null,
      "max_hero_hit": null,
      "multi_kills": null,
      "net_worth": 27844,
      "obs": null,
      "obs_left_log": null,
      "obs_log": null,
      "obs_placed": null,
      "party_id": 5,
      "party_size": 1,
      "performance_others": null,
      "permanent_buffs": [
        {
          "permanent_buff": 6,
          "stack_count": 2,
          "grant_time": 775
        }
      ],
      "pings": null,
      "pred_vict": null,
      "purchase": null,
      "purchase_log": null,
      "randomed": null,
      "repicked": null,
      "roshans_killed": null,
      "rune_pickups": null,
      "runes": null,
      "runes_log": null,
      "sen": null,
      "sen_left_log": null,
      "sen_log": null,
      "sen_placed": null,
      "stuns": null,
      "teamfight_participation": null,
      "times": null,
      "tower_damage": 2253,
      "towers_killed": null,
      "xp_per_min": 1725,
      "xp_reasons": null,
      "xp_t": null,
      "start_time": 1669912284,
      "duration": 1577,
      "cluster": 182,
      "lobby_type": 0,
      "game_mode": 23,
      "is_contributor": false,
      "patch": 51,
      "region": 8,
      "isRadiant": false,
      "total_gold": 27912,
      "total_xp": 45338,
      "kills_per_min": 0.38046924540266325,
      "kda": 15,
      "abandons": 0,
      "rank_tier": null,
      "is_subscriber": false,
      "cosmetics": [],
      "benchmarks": {
        "gold_per_min": {
          "raw": 1062,
          "pct": 1
        },
        "xp_per_min": {
          "raw": 1725,
          "pct": 1
        },
        "kills_per_min": {
          "raw": 0.3804692454026633,
          "pct": 0.8571428571428571
        },
        "last_hits_per_min": {
          "raw": 3.462270133164236,
          "pct": 0.2571428571428571
        },
        "hero_damage_per_min": {
          "raw": 1100.8116677235257,
          "pct": 0.6
        },
        "hero_healing_per_min": {
          "raw": 0,
          "pct": 0.7714285714285715
        },
        "tower_damage": {
          "raw": 2253,
          "pct": 0.9714285714285714
        },
        "stuns_per_min": {
          "raw": 0,
          "pct": 0
        },
        "lhten": {}
      }
    }
  ],
  "patch": 51,
  "region": 8
}