{
  "chat": null,
  "cluster": 191,
  "cosmetics": null,
  "dire_score": 11,
  "dire_team_id": null,
  "draft_timings": null,
  "duration": 1456,
  "engine": 1,
  "first_blood_time": 72,
  "game_mode": 22,
  "human_players": 10,
  "leagueid": 0,
  "lobby_type": 7,
  "match_seq_num": 5780362315,
  "negative_votes": 0,
  "objectives": null,
  "picks_bans": [
    {
      "is_pick": true,
      "hero_id": 22,
      "team": 1,
      "order": 0
    },
    {
      "is_pick": true,
      "hero_id": 75,
      "team": 0,
      "order": 1
    },
    {
      "is_pick": true,
      "hero_id": 31,
      "team": 0,
      "order": 2
    },
    {
      "is_pick": true,
      "hero_id": 29,
      "team": 1,
      "order": 3
    },
    {
      "is_pick": true,
      "hero_id": 65,
      "team": 0,
      "order": 4
    },
    {
      "is_pick": true,
      "hero_id": 93,
      "team": 0,
      "order": 5
    },
    {
      "is_pick": true,
      "hero_id": 23,
      "team": 1,
      "order": 6
    },
    {
      "is_pick": true,
      "hero_id": 128,
      "team": 1,
      "order": 7
    },
    {
      "is_pick": true,
      "hero_id": 44,
      "team": 1,
      "order": 8
    },
    {
      "is_pick": true,
      "hero_id": 97,
      "team": 0,
      "order": 9
    },
    {
      "is_pick": false,
      "hero_id": 9,
      "team": 0,
      "order": 10
    },
    {
      "is_pick": false,
      "hero_id": 113,
      "team": 0,
      "order": 11
    },
    {
      "is_pick": false,
      "hero_id": 10,
      "team": 0,
      "order": 12
    },
    {
      "is_pick": false,
      "hero_id": 105,
      "team": 0,
      "order": 13
    },
    {
      "is_pick": false,
      "hero_id": 34,
      "team": 0,
      "order": 14
    },
    {
      "is_pick": false,
      "hero_id": 21,
      "team": 1,
      "order": 15
    }
  ],
  "positive_votes": 0,
  "radiant_gold_adv": null,
  "radiant_score": 36,
  "radiant_team_id": null,
  "radiant_xp_adv": null,
  "skill": null,
  "start_time": 1669912960,
  "teamfights": null,
  "version": null,
  "replay_salt": 1375586566,
  "series_id": 0,
  "series_type": 0,
  "players": [
    {
      "player_slot": 0,
      "ability_targets": null,
      "ability_upgrades_arr": [
        5518,
        5519,
        5519,
        5520,
        5519,
        5521,
        5519,
        5518,
        5518,
        6690,
        5518,
        5521,
        5520,
        5520,
        1037,
        5520
      ],
      "ability_uses": null,
      "actions": null,
      "additional_units": null,
      "assists": 5,
      "backpack_0": 0,
      "backpack_1": 0,
      "backpack_2": 0,
      "backpack_3": null,
      "buyback_log": null,
      "camps_stacked": null,
      "connection_log": null,
      "creeps_stacked": null,
      "damage": null,
      "damage_inflictor": null,
      "damage_inflictor_received": null,
      "damage_taken": null,
      "damage_targets": null,
      "deaths": 2,
      "denies": 29,
      "dn_t": null,
      "firstblood_claimed": null,
      "gold": 520,
      "gold_per_min": 713,
      "gold_reasons": null,
      "gold_spent": 17020,
      "gold_t": null,
      "hero_damage": 11666,
      "hero_healing": 0,
      "hero_hits": null,
      "hero_id": 97,
      "item_0": 249,
      "item_1": 36,
      "item_2": 135,
      "item_3": 63,
      "item_4": 73,
      "item_5": 252,
      "item_neutral": 358,
      "item_uses": null,
      "kill_streaks": null,
      "killed": null,
      "killed_by": null,
      "kills": 10,
      "kills_log": null,
      "lane_pos": null,
      "last_hits": 205,
      "leaver_status": 0,
      "level": 17,
      "lh_t": null,
      "life_state": null,
      "max_hero_hit": null,
      "multi_kills": null,
      "net_worth": 17200,
      "obs": null,
      "obs_left_log": null,
      "obs_log": null,
      "obs_placed": null,
      "party_id": 0,
      "party_size": 1,
      "performance_others": null,
      "permanent_buffs": [
        {
          "permanent_buff": 12,
          "stack_count": 0,
          "grant_time": 1662
        }
      ],
      "pings": null,
      "pred_vict": null,
      "purchase": null,
      "purchase_log": null,
      "randomed": null,
      "repicked": null,
      "roshans_killed": null,
      "rune_pickups": null,
      "runes": null,
      "runes_log": null,
      "sen": null,
      "sen_left_log": null,
      "sen_log": null,
      "sen_placed": null,
      "stuns": null,
      "teamfight_participation": null,
      "times": null,
      "tower_damage": 14101,
      "towers_killed": null,
      "xp_per_min": 648,
      "xp_reasons": null,
      "xp_t": null,
      "personaname": "Inside_more",
      "name": null,
      "last_login": null,
      "start_time": 1669912960,
      "duration": 1456,
      "cluster": 191,
      "lobby_type": 7,
      "game_mode": 22,
      "is_contributor": false,
      "patch": 51,
      "region": 9,
      "isRadiant": true,
      "total_gold": 17302,
      "total_xp": 15724,
      "kills_per_min": 0.4120879120879121,
      "kda": 5,
      "abandons": 0,
      "rank_tier": 43,
      "is_subscriber": false,
      "cosmetics": [],
      "benchmarks": {
        "gold_per_min": {
          "raw": 713,
          "pct": 1
        },
        "xp_per_min": {
          "raw": 648,
          "pct": 0.7142857142857143
        },
        "kills_per_min": {
          "raw": 0.41208791208791207,
          "pct": 1
        },
        "last_hits_per_min": {
          "raw": 8.447802197802197,
          "pct": 1
        },
        "hero_damage_per_min": {
          "raw": 480.7417582417582,
          "pct": 0.8095238095238095
        },
        "hero_healing_per_min": {
          "raw": 0,
          "pct": 0.5714285714285714
        },
        "tower_damage": {
          "raw": 14101,
          "pct": 1
        },
        "stuns_per_min": {
          "raw": 0,
          "pct": 0
        },
        "lhten": {}
      }
    },
    {
      "player_slot": 1,
      "ability_targets": null,
      "ability_upgrades_arr": [
        5320,
        5322,
        5320,
        5322,
        5320,
        5323,
        5320,
        5322,
        5322,
        5321,
        714,
        5323,
        5321,
        5321,
        5321,
        5918
      ],
      "ability_uses": null,
      "actions": null,
      "additional_units": null,
      "assists": 13,
      "backpack_0": 244,
      "backpack_1": 0,
      "backpack_2": 0,
      "backpack_3": null,
      "buyback_log": null,
      "camps_stacked": null,
      "connection_log": null,
      "creeps_stacked": null,
      "damage": null,
      "damage_inflictor": null,
      "damage_inflictor_received": null,
      "damage_taken": null,
      "damage_targets": null,
      "deaths": 2,
      "denies": 5,
      "dn_t": null,
      "firstblood_claimed": null,
      "gold": 1801,
      "gold_per_min": 518,
      "gold_reasons": null,
      "gold_spent": 11115,
      "gold_t": null,
      "hero_damage": 24011,
      "hero_healing": 0,
      "hero_hits": null,
      "hero_id": 65,
      "item_0": 1,
      "item_1": 102,
      "item_2": 36,
      "item_3": 41,
      "item_4": 534,
      "item_5": 48,
      "item_neutral": 357,
      "item_uses": null,
      "kill_streaks": null,
      "killed": null,
      "killed_by": null,
      "kills": 15,
      "kills_log": null,
      "lane_pos": null,
      "last_hits": 79,
      "leaver_status": 0,
      "level": 17,
      "lh_t": null,
      "life_state": null,
      "max_hero_hit": null,
      "multi_kills": null,
      "net_worth": 12726,
      "obs": null,
      "obs_left_log": null,
      "obs_log": null,
      "obs_placed": null,
      "party_id": 1,
      "party_size": 1,
      "performance_others": null,
      "permanent_buffs": [],
      "pings": null,
      "pred_vict": null,
      "purchase": null,
      "purchase_log": null,
      "randomed": null,
      "repicked": null,
      "roshans_killed": null,
      "rune_pickups": null,
      "runes": null,
      "runes_log": null,
      "sen": null,
      "sen_left_log": null,
      "sen_log": null,
      "sen_placed": null,
      "stuns": null,
      "teamfight_participation": null,
      "times": null,
      "tower_damage": 1604,
      "towers_killed": null,
      "xp_per_min": 681,
      "xp_reasons": null,
      "xp_t": null,
      "personaname": "Sayas-",
      "name": null,
      "last_login": null,
      "start_time": 1669912960,
      "duration": 1456,
      "cluster": 191,
      "lobby_type": 7,
      "game_mode": 22,
      "is_contributor": false,
      "patch": 51,
      "region": 9,
      "isRadiant": true,
      "total_gold": 12570,
      "total_xp": 16525,
      "kills_per_min": 0.6181318681318682,
      "kda": 9,
      "abandons": 0,
      "rank_tier": 45,
      "is_subscriber": false,
      "cosmetics": [],
      "benchmarks": {
        "gold_per_min": {
          "raw": 518,
          "pct": 0.7391304347826086
        },
        "xp_per_min": {
          "raw": 681,
          "pct": 0.6086956521739131
        },
        "kills_per_min": {
          "raw": 0.6181318681318682,
          "pct": 1
        },
        "last_hits_per_min": {
          "raw": 3.2554945054945055,
          "pct": 0.08695652173913043
        },
        "hero_damage_per_min": {
          "raw": 989.4642857142857,
          "pct": 0.8695652173913043
        },
        "hero_healing_per_min": {
          "raw": 0,
          "pct": 0.782608695652174
        },
        "tower_damage": {
          "raw": 1604,
          "pct": 0.9565217391304348
        },
        "stuns_per_min": {
          "raw": 0,
          "pct": 0
        },
        "lhten": {}
      }
    },
    {
      "player_slot": 2,
      "ability_targets": null,
      "ability_upgrades_arr": [
        5134,
        5136,
        5134,
        7325,
        5134,
        5137,
        5134,
        5136,
        5136,
        530,
        5136,
        5137,
        7325,
        7325
      ],
      "ability_uses": null,
      "actions": null,
      "additional_units": null,
      "assists": 11,
      "backpack_0": 0,
      "backpack_1": 0,
      "backpack_2": 0,
      "backpack_3": null,
      "buyback_log": null,
      "camps_stacked": null,
      "connection_log": null,
      "creeps_stacked": null,
      "damage": null,
      "damage_inflictor": null,
      "damage_inflictor_received": null,
      "damage_taken": null,
      "damage_targets": null,
      "deaths": 2,
      "denies": 2,
      "dn_t": null,
      "firstblood_claimed": null,
      "gold": 459,
      "gold_per_min": 407,
      "gold_reasons": null,
      "gold_spent": 9885,
      "gold_t": null,
      "hero_damage": 17120,
      "hero_healing": 0,
      "hero_hits": null,
      "hero_id": 31,
      "item_0": 214,
      "item_1": 23,
      "item_2": 36,
      "item_3": 21,
      "item_4": 0,
      "item_5": 232,
      "item_neutral": 589,
      "item_uses": null,
      "kill_streaks": null,
      "killed": null,
      "killed_by": null,
      "kills": 7,
      "kills_log": null,
      "lane_pos": null,
      "last_hits": 53,
      "leaver_status": 0,
      "level": 14,
      "lh_t": null,
      "life_state": null,
      "max_hero_hit": null,
      "multi_kills": null,
      "net_worth": 8509,
      "obs": null,
      "obs_left_log": null,
      "obs_log": null,
      "obs_placed": null,
      "party_id": 2,
      "party_size": 1,
      "performance_others": null,
      "permanent_buffs": [
        {
          "permanent_buff": 6,
          "stack_count": 1,
          "grant_time": 1550
        },
        {
          "permanent_buff": 12,
          "stack_count": 0,
          "grant_time": 1545
        }
      ],
      "pings": null,
      "pred_vict": null,
      "purchase": null,
      "purchase_log": null,
      "randomed": null,
      "repicked": null,
      "roshans_killed": null,
      "rune_pickups": null,
      "runes": null,
      "runes_log": null,
      "sen": null,
      "sen_left_log": null,
      "sen_log": null,
      "sen_placed": null,
      "stuns": null,
      "teamfight_participation": null,
      "times": null,
      "tower_damage": 926,
      "towers_killed": null,
      "xp_per_min": 472,
      "xp_reasons": null,
      "xp_t": null,
      "start_time": 1669912960,
      "duration": 1456,
      "cluster": 191,
      "lobby_type": 7,
      "game_mode": 22,
      "is_contributor": false,
      "patch": 51,
      "region": 9,
      "isRadiant": true,
      "total_gold": 9876,
      "total_xp": 11453,
      "kills_per_min": 0.2884615384615385,
      "kda": 6,
      "abandons": 0,
      "rank_tier": null,
      "is_subscriber": false,
      "cosmetics": [],
      "benchmarks": {
        "gold_per_min": {
          "raw": 407,
          "pct": 0.9259259259259259
        },
        "xp_per_min": {
          "raw": 472,
          "pct": 0.6666666666666666
        },
        "kills_per_min": {
          "raw": 0.2884615384615385,
          "pct": 0.9629629629629629
        },
        "last_hits_per_min": {
          "raw": 2.1840659340659343,
          "pct": 0.9259259259259259
        },
        "hero_damage_per_min": {
          "raw": 705.4945054945056,
          "pct": 0.8888888888888888
        },
        "hero_healing_per_min": {
          "raw": 0,
          "pct": 0.8148148148148148
        },
        "tower_damage": {
          "raw": 926,
          "pct": 0.9259259259259259
        },
        "stuns_per_min": {
          "raw": 0,
          "pct": 0
        },
        "lhten": {}
      }
    },
    {
      "player_slot": 3,
      "ability_targets": null,
      "ability_upgrades_arr": [
        5496,
        5495,
        5494,
        5494,
        5494,
        5497,
        5494,
        5495,
        5495,
        821,
        5495,
        5497,
        5496,
        5496,
        6892,
        5496
      ],
      "ability_uses": null,
      "actions": null,
      "additional_units": null,
      "assists": 5,
      "backpack_0": 21,
      "backpack_1": 11,
      "backpack_2": 0,
      "backpack_3": null,
      "buyback_log": null,
      "camps_stacked": null,
      "connection_log": null,
      "creeps_stacked": null,
      "damage": null,
      "damage_inflictor": null,
      "damage_inflictor_received": null,
      "damage_taken": null,
      "damage_targets": null,
      "deaths": 1,
      "denies": 16,
      "dn_t": null,
      "firstblood_claimed": null,
      "gold": 2132,
      "gold_per_min": 556,
      "gold_reasons": null,
      "gold_spent": 11960,
      "gold_t": null,
      "hero_damage": 5735,
      "hero_healing": 0,
      "hero_hits": null,
      "hero_id": 93,
      "item_0": 249,
      "item_1": 63,
      "item_2": 23,
      "item_3": 75,
      "item_4": 569,
      "item_5": 22,
      "item_neutral": 828,
      "item_uses": null,
      "kill_streaks": null,
      "killed": null,
      "killed_by": null,
      "kills": 3,
      "kills_log": null,
      "lane_pos": null,
      "last_hits": 165,
      "leaver_status": 0,
      "level": 16,
      "lh_t": null,
      "life_state": null,
      "max_hero_hit": null,
      "multi_kills": null,
      "net_worth": 13512,
      "obs": null,
      "obs_left_log": null,
      "obs_log": null,
      "obs_placed": null,
      "party_id": 3,
      "party_size": 1,
      "performance_others": null,
      "permanent_buffs": [
        {
          "permanent_buff": 8,
          "stack_count": 6,
          "grant_time": 812
        }
      ],
      "pings": null,
      "pred_vict": null,
      "purchase": null,
      "purchase_log": null,
      "randomed": null,
      "repicked": null,
      "roshans_killed": null,
      "rune_pickups": null,
      "runes": null,
      "runes_log": null,
      "sen": null,
      "sen_left_log": null,
      "sen_log": null,
      "sen_placed": null,
      "stuns": null,
      "teamfight_participation": null,
      "times": null,
      "tower_damage": 9324,
      "towers_killed": null,
      "xp_per_min": 586,
      "xp_reasons": null,
      "xp_t": null,
      "personaname": "шишки на ёлке",
      "name": null,
      "last_login": null,
      "start_time": 1669912960,
      "duration": 1456,
      "cluster": 191,
      "lobby_type": 7,
      "game_mode": 22,
      "is_contributor": false,
      "patch": 51,
      "region": 9,
      "isRadiant": true,
      "total_gold": 13492,
      "total_xp": 14220,
      "kills_per_min": 0.12362637362637363,
      "kda": 4,
      "abandons": 0,
      "rank_tier": 42,
      "is_subscriber": false,
      "cosmetics": [],
      "benchmarks": {
        "gold_per_min": {
          "raw": 556,
          "pct": 0.5116279069767442
        },
        "xp_per_min": {
          "raw": 586,
          "pct": 0.23255813953488372
        },
        "kills_per_min": {
          "raw": 0.12362637362637363,
          "pct": 0.3023255813953488
        },
        "last_hits_per_min": {
          "raw": 6.799450549450549,
          "pct": 0.4418604651162791
        },
        "hero_damage_per_min": {
          "raw": 236.33241758241758,
          "pct": 0.11627906976744186
        },
        "hero_healing_per_min": {
          "raw": 0,
          "pct": 1
        },
        "tower_damage": {
          "raw": 9324,
          "pct": 0.8837209302325582
        },
        "stuns_per_min": {
          "raw": 0,
          "pct": 0.6744186046511628
        },
        "lhten": {}
      }
    },
    {
      "player_slot": 4,
      "ability_targets": null,
      "ability_upgrades_arr": [
        5378,
        5379,
        5379,
        5377,
        5379,
        5380,
        5379,
        5377,
        5377,
        5377,
        6184,
        5380,
        5378
      ],
      "ability_uses": null,
      "actions": null,
      "additional_units": null,
      "assists": 17,
      "backpack_0": 77,
      "backpack_1": 0,
      "backpack_2": 0,
      "backpack_3": null,
      "buyback_log": null,
      "camps_stacked": null,
      "connection_log": null,
      "creeps_stacked": null,
      "damage": null,
      "damage_inflictor": null,
      "damage_inflictor_received": null,
      "damage_taken": null,
      "damage_targets": null,
      "deaths": 4,
      "denies": 4,
      "dn_t": null,
      "firstblood_claimed": null,
      "gold": 384,
      "gold_per_min": 296,
      "gold_reasons": null,
      "gold_spent": 7295,
      "gold_t": null,
      "hero_damage": 9864,
      "hero_healing": 0,
      "hero_hits": null,
      "hero_id": 75,
      "item_0": 190,
      "item_1": 36,
      "item_2": 63,
      "item_3": 23,
      "item_4": 21,
      "item_5": 22,
      "item_neutral": 356,
      "item_uses": null,
      "kill_streaks": null,
      "killed": null,
      "killed_by": null,
      "kills": 1,
      "kills_log": null,
      "lane_pos": null,
      "last_hits": 23,
      "leaver_status": 0,
      "level": 13,
      "lh_t": null,
      "life_state": null,
      "max_hero_hit": null,
      "multi_kills": null,
      "net_worth": 7364,
      "obs": null,
      "obs_left_log": null,
      "obs_log": null,
      "obs_placed": null,
      "party_id": 4,
      "party_size": 1,
      "performance_others": null,
      "permanent_buffs": [
        {
          "permanent_buff": 3,
          "stack_count": 26,
          "grant_time": 286
        },
        {
          "permanent_buff": 6,
          "stack_count": 1,
          "grant_time": 943
        }
      ],
      "pings": null,
      "pred_vict": null,
      "purchase": null,
      "purchase_log": null,
      "randomed": null,
      "repicked": null,
      "roshans_killed": null,
      "rune_pickups": null,
      "runes": null,
      "runes_log": null,
      "sen": null,
      "sen_left_log": null,
      "sen_log": null,
      "sen_placed": null,
      "stuns": null,
      "teamfight_participation": null,
      "times": null,
      "tower_damage": 3306,
      "towers_killed": null,
      "xp_per_min": 421,
      "xp_reasons": null,
      "xp_t": null,
      "personaname": "uNl1mited",
      "name": null,
      "last_login": null,
      "start_time": 1669912960,
      "duration": 1456,
      "cluster": 191,
      "lobby_type": 7,
      "game_mode": 22,
      "is_contributor": false,
      "patch": 51,
      "region": 9,
      "isRadiant": true,
      "total_gold": 7182,
      "total_xp": 10216,
      "kills_per_min": 0.04120879120879121,
      "kda": 3,
      "abandons": 0,
      "rank_tier": 34,
      "is_subscriber": false,
      "cosmetics": [],
      "benchmarks": {
        "gold_per_min": {
          "raw": 296,
          "pct": 0.45454545454545453
        },
        "xp_per_min": {
          "raw": 421,
          "pct": 0.43636363636363634
        },
        "kills_per_min": {
          "raw": 0.041208791208791215,
          "pct": 0.18181818181818182
        },
        "last_hits_per_min": {
          "raw": 0.9478021978021978,
          "pct": 0.2727272727272727
        },
        "hero_damage_per_min": {
          "raw": 406.4835164835165,
          "pct": 0.4
        },
        "hero_healing_per_min": {
          "raw": 0,
          "pct": 0.8
        },
        "tower_damage": {
          "raw": 3306,
          "pct": 0.9090909090909091
        },
        "stuns_per_min": {
          "raw": 0,
          "pct": 0.8727272727272727
        },
        "lhten": {}
      }
    },
    {
      "player_slot": 128,
      "ability_targets": null,
      "ability_upgrades_arr": [
        5110,
        5111,
        641,
        5110,
        5113,
        5110,
        5110,
        5111,
        5111,
        5111
      ],
      "ability_uses": null,
      "actions": null,
      "additional_units": null,
      "assists": 4,
      "backpack_0": 0,
      "backpack_1": 0,
      "backpack_2": 0,
      "backpack_3": null,
      "buyback_log": null,
      "camps_stacked": null,
      "connection_log": null,
      "creeps_stacked": null,
      "damage": null,
      "damage_inflictor": null,
      "damage_inflictor_received": null,
      "damage_taken": null,
      "damage_targets": null,
      "deaths": 8,
      "denies": 0,
      "dn_t": null,
      "firstblood_claimed": null,
      "gold": 1545,
      "gold_per_min": 217,
      "gold_reasons": null,
      "gold_spent": 3900,
      "gold_t": null,
      "hero_damage": 10969,
      "hero_healing": 0,
      "hero_hits": null,
      "hero_id": 22,
      "item_0": 218,
      "item_1": 29,
      "item_2": 15,
      "item_3": 232,
      "item_4": 39,
      "item_5": 38,
      "item_neutral": 840,
      "item_uses": null,
      "kill_streaks": null,
      "killed": null,
      "killed_by": null,
      "kills": 3,
      "kills_log": null,
      "lane_pos": null,
      "last_hits": 17,
      "leaver_status": 0,
      "level": 11,
      "lh_t": null,
      "life_state": null,
      "max_hero_hit": null,
      "multi_kills": null,
      "net_worth": 4760,
      "obs": null,
      "obs_left_log": null,
      "obs_log": null,
      "obs_placed": null,
      "party_id": 5,
      "party_size": 1,
      "performance_others": null,
      "permanent_buffs": [
        {
          "permanent_buff": 6,
          "stack_count": 2,
          "grant_time": 905
        }
      ],
      "pings": null,
      "pred_vict": null,
      "purchase": null,
      "purchase_log": null,
      "randomed": null,
      "repicked": null,
      "roshans_killed": null,
      "rune_pickups": null,
      "runes": null,
      "runes_log": null,
      "sen": null,
      "sen_left_log": null,
      "sen_log": null,
      "sen_placed": null,
      "stuns": null,
      "teamfight_participation": null,
      "times": null,
      "tower_damage": 0,
      "towers_killed": null,
      "xp_per_min": 332,
      "xp_reasons": null,
      "xp_t": null,
      "start_time": 1669912960,
      "duration": 1456,
      "cluster": 191,
      "lobby_type": 7,
      "game_mode": 22,
      "is_contributor": false,
      "patch": 51,
      "region": 9,
      "isRadiant": false,
      "total_gold": 5265,
      "total_xp": 8056,
      "kills_per_min": 0.12362637362637363,
      "kda": 0,
      "abandons": 0,
      "rank_tier": null,
      "is_subscriber": false,
      "cosmetics": [],
      "benchmarks": {
        "gold_per_min": {
          "raw": 217,
          "pct": 0
        },
        "xp_per_min": {
          "raw": 332,
          "pct": 0.05714285714285714
        },
        "kills_per_min": {
          "raw": 0.12362637362637363,
          "pct": 0.17142857142857143
        },
        "last_hits_per_min": {
          "raw": 0.7005494505494505,
          "pct": 0.05714285714285714
        },
        "hero_damage_per_min": {
          "raw": 452.0192307692308,
          "pct": 0.02857142857142857
        },
        "hero_healing_per_min": {
          "raw": 0,
          "pct": 0.7714285714285715
        },
        "tower_damage": {
          "raw": 0,
          "pct": 0.22857142857142856
        },
        "stuns_per_min": {
          "raw": 0,
          "pct": 0
        },
        "lhten": {}
      }
    },
    {
      "player_slot": 129,
      "ability_targets": null,
      "ability_upgrades_arr": [
        5190,
        5191,
        5190,
        5191,
        5190,
        5193,
        5191,
        5192,
        5190,
        559,
        5192
      ],
      "ability_uses": null,
      "actions": null,
      "additional_units": null,
      "assists": 5,
      "backpack_0": 11,
      "backpack_1": 0,
      "backpack_2": 0,
      "backpack_3": null,
      "buyback_log": null,
      "camps_stacked": null,
      "connection_log": null,
      "creeps_stacked": null,
      "damage": null,
      "damage_inflictor": null,
      "damage_inflictor_received": null,
      "damage_taken": null,
      "damage_targets": null,
      "deaths": 8,
      "denies": 4,
      "dn_t": null,
      "firstblood_claimed": null,
      "gold": 1449,
      "gold_per_min": 280,
      "gold_reasons": null,
      "gold_spent": 5160,
      "gold_t": null,
      "hero_damage": 4196,
      "hero_healing": 0,
      "hero_hits": null,
      "hero_id": 44,
      "item_0": 69,
      "item_1": 569,
      "item_2": 34,
      "item_3": 75,
      "item_4": 29,
      "item_5": 3,
      "item_neutral": 947,
      "item_uses": null,
      "kill_streaks": null,
      "killed": null,
      "killed_by": null,
      "kills": 3,
      "kills_log": null,
      "lane_pos": null,
      "last_hits": 47,
      "leaver_status": 0,
      "level": 12,
      "lh_t": null,
      "life_state": null,
      "max_hero_hit": null,
      "multi_kills": null,
      "net_worth": 6429,
      "obs": null,
      "obs_left_log": null,
      "obs_log": null,
      "obs_placed": null,
      "party_id": 6,
      "party_size": 1,
      "performance_others": null,
      "permanent_buffs": [],
      "pings": null,
      "pred_vict": null,
      "purchase": null,
      "purchase_log": null,
      "randomed": null,
      "repicked": null,
      "roshans_killed": null,
      "rune_pickups": null,
      "runes": null,
      "runes_log": null,
      "sen": null,
      "sen_left_log": null,
      "sen_log": null,
      "sen_placed": null,
      "stuns": null,
      "teamfight_participation": null,
      "times": null,
      "tower_damage": 0,
      "towers_killed": null,
      "xp_per_min": 343,
      "xp_reasons": null,
      "xp_t": null,
      "personaname": "ПАПА КИБЕР ПОРТ",
      "name": null,
      "last_login": null,
      "start_time": 1669912960,
      "duration": 1456,
      "cluster": 191,
      "lobby_type": 7,
      "game_mode": 22,
      "is_contributor": false,
      "patch": 51,
      "region": 9,
      "isRadiant": false,
      "total_gold": 6794,
      "total_xp": 8323,
      "kills_per_min": 0.12362637362637363,
      "kda": 0,
      "abandons": 0,
      "rank_tier": 42,
      "is_subscriber": false,
      "cosmetics": [],
      "benchmarks": {
        "gold_per_min": {
          "raw": 280,
          "pct": 0.037037037037037035
        },
        "xp_per_min": {
          "raw": 343,
          "pct": 0.037037037037037035
        },
        "kills_per_min": {
          "raw": 0.12362637362637363,
          "pct": 0.14814814814814814
        },
        "last_hits_per_min": {
          "raw": 1.936813186813187,
          "pct": 0.037037037037037035
        },
        "hero_damage_per_min": {
          "raw": 172.9120879120879,
          "pct": 0
        },
        "hero_healing_per_min": {
          "raw": 0,
          "pct": 0.9629629629629629
        },
        "tower_damage": {
          "raw": 0,
          "pct": 0.2222222222222222
        },
        "stuns_per_min": {
          "raw": 0,
          "pct": 0.4074074074074074
        },
        "lhten": {}
      }
    },
    {
      "player_slot": 130,
      "ability_targets": null,
      "ability_upgrades_arr": [
        6480,
        6483,
        6480,
        6483,
        6480,
        6482,
        6480,
        6483,
        6483,
        384
      ],
      "ability_uses": null,
      "actions": null,
      "additional_units": null,
      "assists": 3,
      "backpack_0": 0,
      "backpack_1": 0,
      "backpack_2": 0,
      "backpack_3": null,
      "buyback_log": null,
      "camps_stacked": null,
      "connection_log": null,
      "creeps_stacked": null,
      "damage": null,
      "damage_inflictor": null,
      "damage_inflictor_received": null,
      "damage_taken": null,
      "damage_targets": null,
      "deaths": 8,
      "denies": 3,
      "dn_t": null,
      "firstblood_claimed": null,
      "gold": 929,
      "gold_per_min": 198,
      "gold_reasons": null,
      "gold_spent": 4240,
      "gold_t": null,
      "hero_damage": 9995,
      "hero_healing": 0,
      "hero_hits": null,
      "hero_id": 128,
      "item_0": 34,
      "item_1": 73,
      "item_2": 180,
      "item_3": 43,
      "item_4": 23,
      "item_5": 593,
      "item_neutral": 589,
      "item_uses": null,
      "kill_streaks": null,
      "killed": null,
      "killed_by": null,
      "kills": 0,
      "kills_log": null,
      "lane_pos": null,
      "last_hits": 28,
      "leaver_status": 0,
      "level": 10,
      "lh_t": null,
      "life_state": null,
      "max_hero_hit": null,
      "multi_kills": null,
      "net_worth": 4234,
      "obs": null,
      "obs_left_log": null,
      "obs_log": null,
      "obs_placed": null,
      "party_id": 7,
      "party_size": 1,
      "performance_others": null,
      "permanent_buffs": [],
      "pings": null,
      "pred_vict": null,
      "purchase": null,
      "purchase_log": null,
      "randomed": null,
      "repicked": null,
      "roshans_killed": null,
      "rune_pickups": null,
      "runes": null,
      "runes_log": null,
      "sen": null,
      "sen_left_log": null,
      "sen_log": null,
      "sen_placed": null,
      "stuns": null,
      "teamfight_participation": null,
      "times": null,
      "tower_damage": 0,
      "towers_killed": null,
      "xp_per_min": 266,
      "xp_reasons": null,
      "xp_t": null,
      "start_time": 1669912960,
      "duration": 1456,
      "cluster": 191,
      "lobby_type": 7,
      "game_mode": 22,
      "is_contributor": false,
      "patch": 51,
      "region": 9,
      "isRadiant": false,
      "total_gold": 4804,
      "total_xp": 6454,
      "kda": 0,
      "abandons": 0,
      "rank_tier": null,
      "is_subscriber": false,
      "cosmetics": [],
      "benchmarks": {
        "gold_per_min": {
          "raw": 198,
          "pct": 0.046511627906976744
        },
        "xp_per_min": {
          "raw": 266,
          "pct": 0.03488372093023256
        },
        "kills_per_min": {
          "raw": 0,
          "pct": 0.03488372093023256
        },
        "last_hits_per_min": {
          "raw": 1.153846153846154,
          "pct": 0.11627906976744186
        },
        "hero_damage_per_min": {
          "raw": 411.88186813186815,
          "pct": 0.45348837209302323
        },
        "hero_healing_per_min": {
          "raw": 0,
          "pct": 0.26744186046511625
        },
        "tower_damage": {
          "raw": 0,
          "pct": 0.22093023255813954
        },
        "stuns_per_min": {
          "raw": 0,
          "pct": 0
        },
        "lhten": {}
      }
    },
    {
      "player_slot": 131,
      "ability_targets": null,
      "ability_upgrades_arr": [
        5118,
        5120,
        5119,
        5120,
        5120,
        5121,
        5120,
        5119,
        5119,
        963
      ],
      "ability_uses": null,
      "actions": null,
      "additional_units": null,
      "assists": 4,
      "backpack_0": 27,
      "backpack_1": 0,
      "backpack_2": 0,
      "backpack_3": null,
      "buyback_log": null,
      "camps_stacked": null,
      "connection_log": null,
      "creeps_stacked": null,
      "damage": null,
      "damage_inflictor": null,
      "damage_inflictor_received": null,
      "damage_taken": null,
      "damage_targets": null,
      "deaths": 4,
      "denies": 14,
      "dn_t": null,
      "firstblood_claimed": null,
      "gold": 1162,
      "gold_per_min": 296,
      "gold_reasons": null,
      "gold_spent": 6345,
      "gold_t": null,
      "hero_damage": 7267,
      "hero_healing": 0,
      "hero_hits": null,
      "hero_id": 29,
      "item_0": 50,
      "item_1": 11,
      "item_2": 56,
      "item_3": 38,
      "item_4": 81,
      "item_5": 36,
      "item_neutral": 349,
      "item_uses": null,
      "kill_streaks": null,
      "killed": null,
      "killed_by": null,
      "kills": 1,
      "kills_log": null,
      "lane_pos": null,
      "last_hits": 65,
      "leaver_status": 0,
      "level": 11,
      "lh_t": null,
      "life_state": null,
      "max_hero_hit": null,
      "multi_kills": null,
      "net_worth": 6812,
      "obs": null,
      "obs_left_log": null,
      "obs_log": null,
      "obs_placed": null,
      "party_id": 8,
      "party_size": 1,
      "performance_others": null,
      "permanent_buffs": [],
      "pings": null,
      "pred_vict": null,
      "purchase": null,
      "purchase_log": null,
      "randomed": null,
      "repicked": null,
      "roshans_killed": null,
      "rune_pickups": null,
      "runes": null,
      "runes_log": null,
      "sen": null,
      "sen_left_log": null,
      "sen_log": null,
      "sen_placed": null,
      "stuns": null,
      "teamfight_participation": null,
      "times": null,
      "tower_damage": 0,
      "towers_killed": null,
      "xp_per_min": 325,
      "xp_reasons": null,
      "xp_t": null,
      "start_time": 1669912960,
      "duration": 1456,
      "cluster": 191,
      "lobby_type": 7,
      "game_mode": 22,
      "is_contributor": false,
      "patch": 51,
      "region": 9,
      "isRadiant": false,
      "total_gold": 7182,
      "total_xp": 7886,
      "kills_per_min": 0.04120879120879121,
      "kda": 1,
      "abandons": 0,
      "rank_tier": null,
      "is_subscriber": false,
      "cosmetics": [],
      "benchmarks": {
        "gold_per_min": {
          "raw": 296,
          "pct": 0.05
        },
        "xp_per_min": {
          "raw": 325,
          "pct": 0
        },
        "kills_per_min": {
          "raw": 0.041208791208791215,
          "pct": 0.1
        },
        "last_hits_per_min": {
          "raw": 2.678571428571429,
          "pct": 0.1
        },
        "hero_damage_per_min": {
          "raw": 299.4642857142857,
          "pct": 0.1
        },
        "hero_healing_per_min": {
          "raw": 0,
          "pct": 0.6
        },
        "tower_damage": {
          "raw": 0,
          "pct": 0.1
        },
        "stuns_per_min": {
          "raw": 0,
          "pct": 0
        },
        "lhten": {}
      }
    },
    {
      "player_slot": 132,
      "ability_targets": null,
      "ability_upgrades_arr": [
        5032,
        5031,
        5032,
        5033,
        5032,
        5035,
        5032,
        5033,
        5033,
        1015,
        5033,
        5035,
        5031,
        5031
      ],
      "ability_uses": null,
      "actions": null,
      "additional_units": null,
      "assists": 2,
      "backpack_0": 0,
      "backpack_1": 0,
      "backpack_2": 0,
      "backpack_3": null,
      "buyback_log": null,
      "camps_stacked": null,
      "connection_log": null,
      "creeps_stacked": null,
      "damage": null,
      "damage_inflictor": null,
      "damage_inflictor_received": null,
      "damage_taken": null,
      "damage_targets": null,
      "deaths": 8,
      "denies": 2,
      "dn_t": null,
      "firstblood_claimed": null,
      "gold": 999,
      "gold_per_min": 413,
      "gold_reasons": null,
      "gold_spent": 7965,
      "gold_t": null,
      "hero_damage": 9253,
      "hero_healing": 0,
      "hero_hits": null,
      "hero_id": 23,
      "item_0": 21,
      "item_1": 151,
      "item_2": 36,
      "item_3": 73,
      "item_4": 11,
      "item_5": 50,
      "item_neutral": 212,
      "item_uses": null,
      "kill_streaks": null,
      "killed": null,
      "killed_by": null,
      "kills": 3,
      "kills_log": null,
      "lane_pos": null,
      "last_hits": 155,
      "leaver_status": 0,
      "level": 14,
      "lh_t": null,
      "life_state": null,
      "max_hero_hit": null,
      "multi_kills": null,
      "net_worth": 8654,
      "obs": null,
      "obs_left_log": null,
      "obs_log": null,
      "obs_placed": null,
      "party_id": 9,
      "party_size": 1,
      "performance_others": null,
      "permanent_buffs": [],
      "pings": null,
      "pred_vict": null,
      "purchase": null,
      "purchase_log": null,
      "randomed": null,
      "repicked": null,
      "roshans_killed": null,
      "rune_pickups": null,
      "runes": null,
      "runes_log": null,
      "sen": null,
      "sen_left_log": null,
      "sen_log": null,
      "sen_placed": null,
      "stuns": null,
      "teamfight_participation": null,
      "times": null,
      "tower_damage": 107,
      "towers_killed": null,
      "xp_per_min": 507,
      "xp_reasons": null,
      "xp_t": null,
      "personaname": "N00bMASTER",
      "name": null,
      "last_login": null,
      "start_time": 1669912960,
      "duration": 1456,
      "cluster": 191,
      "lobby_type": 7,
      "game_mode": 22,
      "is_contributor": false,
      "patch": 51,
      "region": 9,
      "isRadiant": false,
      "total_gold": 10022,
      "total_xp": 12303,
      "kills_per_min": 0.12362637362637363,
      "kda": 0,
      "abandons": 0,
      "rank_tier": 35,
      "is_subscriber": false,
      "cosmetics": [],
      "benchmarks": {
        "gold_per_min": {
          "raw": 413,
          "pct": 0.058823529411764705
        },
        "xp_per_min": {
          "raw": 507,
          "pct": 0.17647058823529413
        },
        "kills_per_min": {
          "raw": 0.12362637362637363,
          "pct": 0.4117647058823529
        },
        "last_hits_per_min": {
          "raw": 6.387362637362637,
          "pct": 0.35294117647058826
        },
        "hero_damage_per_min": {
          "raw": 381.30494505494505,
          "pct": 0.11764705882352941
        },
        "hero_healing_per_min": {
          "raw": 0,
          "pct": 0.8235294117647058
        },
        "tower_damage": {
          "raw": 107,
          "pct": 0.11764705882352941
        },
        "stuns_per_min": {
          "raw": 0,
          "pct": 0.058823529411764705
        },
        "lhten": {}
      }
    }
  ],
  "patch": 51,
  "region": 9
}