{
  "chat": null,
  "cluster": 274,
  "cosmetics": null,
  "dire_score": 51,
  "dire_team_id": null,
  "draft_timings": null,
  "duration": 1514,
  "engine": 1,
  "first_blood_time": 133,
  "game_mode": 23,
  "human_players": 10,
  "leagueid": 0,
  "lobby_type": 0,
  "match_seq_num": 5780352737,
  "negative_votes": 0,
  "objectives": null,
  "picks_bans": null,
  "positive_votes": 0,
  "radiant_gold_adv": null,
  "radiant_score": 18,
  "radiant_team_id": null,
  "radiant_xp_adv": null,
  "skill": null,
  "start_time": 1669912635,
  "teamfights": null,
  "version": null,
  "replay_salt": 1049373739,
  "series_id": 0,
  "series_type": 0,
  "players": [
    {
      "player_slot": 0,
      "ability_targets": null,
      "ability_upgrades_arr": [
        5448,
        5450,
        5450,
        7320,
        5450,
        5452,
        5450,
        7320,
        7320,
        7320,
        5448,
        5452,
        5448,
        5448,
        518,
        6862,
        5452,
        6041,
        6870
      ],
      "ability_uses": null,
      "actions": null,
      "additional_units": null,
      "assists": 5,
      "backpack_0": 188,
      "backpack_1": 0,
      "backpack_2": 0,
      "backpack_3": null,
      "buyback_log": null,
      "camps_stacked": null,
      "connection_log": null,
      "creeps_stacked": null,
      "damage": null,
      "damage_inflictor": null,
      "damage_inflictor_received": null,
      "damage_taken": null,
      "damage_targets": null,
      "deaths": 11,
      "denies": 0,
      "dn_t": null,
      "firstblood_claimed": null,
      "gold": 1916,
      "gold_per_min": 537,
      "gold_reasons": null,
      "gold_spent": 12250,
      "gold_t": null,
      "hero_damage": 16807,
      "hero_healing": 0,
      "hero_hits": null,
      "hero_id": 86,
      "item_0": 77,
      "item_1": 48,
      "item_2": 254,
      "item_3": 232,
      "item_4": 108,
      "item_5": 42,
      "item_neutral": 331,
      "item_uses": null,
      "kill_streaks": null,
      "killed": null,
      "killed_by": null,
      "kills": 3,
      "kills_log": null,
      "lane_pos": null,
      "last_hits": 34,
      "leaver_status": 0,
      "level": 25,
      "lh_t": null,
      "life_state": null,
      "max_hero_hit": null,
      "multi_kills": null,
      "net_worth": 13396,
      "obs": null,
      "obs_left_log": null,
      "obs_log": null,
      "obs_placed": null,
      "party_id": 0,
      "party_size": 1,
      "performance_others": null,
      "permanent_buffs": [],
      "pings": null,
      "pred_vict": null,
      "purchase": null,
      "purchase_log": null,
      "randomed": null,
      "repicked": null,
      "roshans_killed": null,
      "rune_pickups": null,
      "runes": null,
      "runes_log": null,
      "sen": null,
      "sen_left_log": null,
      "sen_log": null,
      "sen_placed": null,
      "stuns": null,
      "teamfight_participation": null,
      "times": null,
      "tower_damage": 0,
      "towers_killed": null,
      "xp_per_min": 1451,
      "xp_reasons": null,
      "xp_t": null,
      "start_time": 1669912635,
      "duration": 1514,
      "cluster": 274,
      "lobby_type": 0,
      "game_mode": 23,
      "is_contributor": false,
      "patch": 51,
      "region": 3,
      "isRadiant": true,
      "total_gold": 13550,
      "total_xp": 36613,
      "kills_per_min": 0.11889035667107001,
      "kda": 0,
      "abandons": 0,
      "rank_tier": null,
      "is_subscriber": false,
      "cosmetics": [],
      "benchmarks": {
        "gold_per_min": {
          "raw": 537,
          "pct": 0.993103448275862
        },
        "xp_per_min": {
          "raw": 1451,
          "pct": 1
        },
        "kills_per_min": {
          "raw": 0.11889035667107001,
          "pct": 0.6275862068965518
        },
        "last_hits_per_min": {
          "raw": 1.3474240422721269,
          "pct": 0.2
        },
        "hero_damage_per_min": {
          "raw": 666.0634081902245,
          "pct": 0.8620689655172413
        },
        "hero_healing_per_min": {
          "raw": 0,
          "pct": 0.6482758620689655
        },
        "tower_damage": {
          "raw": 0,
          "pct": 0.22758620689655173
        },
        "stuns_per_min": {
          "raw": 0,
          "pct": 0
        },
        "lhten": {}
      }
    },
    {
      "player_slot": 1,
      "ability_targets": null,
      "ability_upgrades_arr": [
        8235,
        8192,
        8235,
        8234,
        8235,
        8198,
        8235,
        8192,
        8192,
        8243,
        8198,
        8192,
        8234,
        8234,
        8242,
        8234,
        8198,
        8238,
        8239
      ],
      "ability_uses": null,
      "actions": null,
      "additional_units": null,
      "assists": 4,
      "backpack_0": 0,
      "backpack_1": 0,
      "backpack_2": 0,
      "backpack_3": null,
      "buyback_log": null,
      "camps_stacked": null,
      "connection_log": null,
      "creeps_stacked": null,
      "damage": null,
      "damage_inflictor": null,
      "damage_inflictor_received": null,
      "damage_taken": null,
      "damage_targets": null,
      "deaths": 9,
      "denies": 1,
      "dn_t": null,
      "firstblood_claimed": null,
      "gold": 2567,
      "gold_per_min": 637,
      "gold_reasons": null,
      "gold_spent": 14350,
      "gold_t": null,
      "hero_damage": 8472,
      "hero_healing": 1092,
      "hero_hits": null,
      "hero_id": 136,
      "item_0": 256,
      "item_1": 210,
      "item_2": 1,
      "item_3": 37,
      "item_4": 0,
      "item_5": 214,
      "item_neutral": 358,
      "item_uses": null,
      "kill_streaks": null,
      "killed": null,
      "killed_by": null,
      "kills": 5,
      "kills_log": null,
      "lane_pos": null,
      "last_hits": 21,
      "leaver_status": 0,
      "level": 26,
      "lh_t": null,
      "life_state": null,
      "max_hero_hit": null,
      "multi_kills": null,
      "net_worth": 15392,
      "obs": null,
      "obs_left_log": null,
      "obs_log": null,
      "obs_placed": null,
      "party_id": 1,
      "party_size": 3,
      "performance_others": null,
      "permanent_buffs": [
        {
          "permanent_buff": 12,
          "stack_count": 0,
          "grant_time": 1480
        }
      ],
      "pings": null,
      "pred_vict": null,
      "purchase": null,
      "purchase_log": null,
      "randomed": null,
      "repicked": null,
      "roshans_killed": null,
      "rune_pickups": null,
      "runes": null,
      "runes_log": null,
      "sen": null,
      "sen_left_log": null,
      "sen_log": null,
      "sen_placed": null,
      "stuns": null,
      "teamfight_participation": null,
      "times": null,
      "tower_damage": 82,
      "towers_killed": null,
      "xp_per_min": 1614,
      "xp_reasons": null,
      "xp_t": null,
      "personaname": "Quint",
      "name": null,
      "last_login": "2022-01-28T09:24:43.678Z",
      "start_time": 1669912635,
      "duration": 1514,
      "cluster": 274,
      "lobby_type": 0,
      "game_mode": 23,
      "is_contributor": false,
      "patch": 51,
      "region": 3,
      "isRadiant": true,
      "total_gold": 16073,
      "total_xp": 40726,
      "kills_per_min": 0.19815059445178335,
      "kda": 0,
      "abandons": 0,
      "rank_tier": 22,
      "is_subscriber": false,
      "cosmetics": [],
      "benchmarks": {
        "gold_per_min": {
          "raw": 637,
          "pct": 0.8695652173913043
        },
        "xp_per_min": {
          "raw": 1614,
          "pct": 1
        },
        "kills_per_min": {
          "raw": 0.19815059445178337,
          "pct": 0.5652173913043478
        },
        "last_hits_per_min": {
          "raw": 0.8322324966974901,
          "pct": 0
        },
        "hero_damage_per_min": {
          "raw": 335.7463672391017,
          "pct": 0.391304347826087
        },
        "hero_healing_per_min": {
          "raw": 43.276089828269484,
          "pct": 0.6521739130434783
        },
        "tower_damage": {
          "raw": 82,
          "pct": 0.13043478260869565
        },
        "stuns_per_min": {
          "raw": 0,
          "pct": 0
        },
        "lhten": {}
      }
    },
    {
      "player_slot": 2,
      "ability_targets": null,
      "ability_upgrades_arr": [
        5155,
        5156,
        5154,
        5155,
        5155,
        5157,
        5156,
        5155,
        5154,
        6897,
        5156,
        5156,
        5157,
        5907,
        5154,
        5154,
        5157,
        6305,
        5943
      ],
      "ability_uses": null,
      "actions": null,
      "additional_units": null,
      "assists": 5,
      "backpack_0": 36,
      "backpack_1": 0,
      "backpack_2": 0,
      "backpack_3": null,
      "buyback_log": null,
      "camps_stacked": null,
      "connection_log": null,
      "creeps_stacked": null,
      "damage": null,
      "damage_inflictor": null,
      "damage_inflictor_received": null,
      "damage_taken": null,
      "damage_targets": null,
      "deaths": 12,
      "denies": 16,
      "dn_t": null,
      "firstblood_claimed": null,
      "gold": 667,
      "gold_per_min": 812,
      "gold_reasons": null,
      "gold_spent": 17955,
      "gold_t": null,
      "hero_damage": 26252,
      "hero_healing": 0,
      "hero_hits": null,
      "hero_id": 35,
      "item_0": 263,
      "item_1": 141,
      "item_2": 40,
      "item_3": 0,
      "item_4": 158,
      "item_5": 63,
      "item_neutral": 288,
      "item_uses": null,
      "kill_streaks": null,
      "killed": null,
      "killed_by": null,
      "kills": 3,
      "kills_log": null,
      "lane_pos": null,
      "last_hits": 85,
      "leaver_status": 0,
      "level": 26,
      "lh_t": null,
      "life_state": null,
      "max_hero_hit": null,
      "multi_kills": null,
      "net_worth": 17797,
      "obs": null,
      "obs_left_log": null,
      "obs_log": null,
      "obs_placed": null,
      "party_id": 1,
      "party_size": 3,
      "performance_others": null,
      "permanent_buffs": [],
      "pings": null,
      "pred_vict": null,
      "purchase": null,
      "purchase_log": null,
      "randomed": null,
      "repicked": null,
      "roshans_killed": null,
      "rune_pickups": null,
      "runes": null,
      "runes_log": null,
      "sen": null,
      "sen_left_log": null,
      "sen_log": null,
      "sen_placed": null,
      "stuns": null,
      "teamfight_participation": null,
      "times": null,
      "tower_damage": 424,
      "towers_killed": null,
      "xp_per_min": 1637,
      "xp_reasons": null,
      "xp_t": null,
      "personaname": "Вий",
      "name": null,
      "last_login": null,
      "start_time": 1669912635,
      "duration": 1514,
      "cluster": 274,
      "lobby_type": 0,
      "game_mode": 23,
      "is_contributor": false,
      "patch": 51,
      "region": 3,
      "isRadiant": true,
      "total_gold": 20489,
      "total_xp": 41306,
      "kills_per_min": 0.11889035667107001,
      "kda": 0,
      "abandons": 0,
      "rank_tier": 31,
      "is_subscriber": false,
      "cosmetics": [],
      "benchmarks": {
        "gold_per_min": {
          "raw": 812,
          "pct": 0.9629629629629629
        },
        "xp_per_min": {
          "raw": 1637,
          "pct": 1
        },
        "kills_per_min": {
          "raw": 0.11889035667107001,
          "pct": 0.18518518518518517
        },
        "last_hits_per_min": {
          "raw": 3.368560105680317,
          "pct": 0.037037037037037035
        },
        "hero_damage_per_min": {
          "raw": 1040.3698811096433,
          "pct": 0.5925925925925926
        },
        "hero_healing_per_min": {
          "raw": 0,
          "pct": 0.9629629629629629
        },
        "tower_damage": {
          "raw": 424,
          "pct": 0.14814814814814814
        },
        "stuns_per_min": {
          "raw": 0,
          "pct": 0.1111111111111111
        },
        "lhten": {}
      }
    },
    {
      "player_slot": 3,
      "ability_targets": null,
      "ability_upgrades_arr": [
        5190,
        5191,
        5190,
        5191,
        5190,
        5193,
        5191,
        5192,
        5191,
        5190,
        5192,
        5193,
        483,
        5192,
        490,
        5192,
        5193,
        1074,
        6847
      ],
      "ability_uses": null,
      "actions": null,
      "additional_units": null,
      "assists": 9,
      "backpack_0": 0,
      "backpack_1": 0,
      "backpack_2": 0,
      "backpack_3": null,
      "buyback_log": null,
      "camps_stacked": null,
      "connection_log": null,
      "creeps_stacked": null,
      "damage": null,
      "damage_inflictor": null,
      "damage_inflictor_received": null,
      "damage_taken": null,
      "damage_targets": null,
      "deaths": 7,
      "denies": 2,
      "dn_t": null,
      "firstblood_claimed": null,
      "gold": 2566,
      "gold_per_min": 767,
      "gold_reasons": null,
      "gold_spent": 17430,
      "gold_t": null,
      "hero_damage": 8859,
      "hero_healing": 0,
      "hero_hits": null,
      "hero_id": 44,
      "item_0": 116,
      "item_1": 569,
      "item_2": 135,
      "item_3": 63,
      "item_4": 26,
      "item_5": 168,
      "item_neutral": 309,
      "item_uses": null,
      "kill_streaks": null,
      "killed": null,
      "killed_by": null,
      "kills": 1,
      "kills_log": null,
      "lane_pos": null,
      "last_hits": 73,
      "leaver_status": 0,
      "level": 26,
      "lh_t": null,
      "life_state": null,
      "max_hero_hit": null,
      "multi_kills": null,
      "net_worth": 19716,
      "obs": null,
      "obs_left_log": null,
      "obs_log": null,
      "obs_placed": null,
      "party_id": 1,
      "party_size": 3,
      "performance_others": null,
      "permanent_buffs": [
        {
          "permanent_buff": 12,
          "stack_count": 0,
          "grant_time": 1310
        }
      ],
      "pings": null,
      "pred_vict": null,
      "purchase": null,
      "purchase_log": null,
      "randomed": null,
      "repicked": null,
      "roshans_killed": null,
      "rune_pickups": null,
      "runes": null,
      "runes_log": null,
      "sen": null,
      "sen_left_log": null,
      "sen_log": null,
      "sen_placed": null,
      "stuns": null,
      "teamfight_participation": null,
      "times": null,
      "tower_damage": 0,
      "towers_killed": null,
      "xp_per_min": 1637,
      "xp_reasons": null,
      "xp_t": null,
      "personaname": "Truman",
      "name": null,
      "last_login": null,
      "start_time": 1669912635,
      "duration": 1514,
      "cluster": 274,
      "lobby_type": 0,
      "game_mode": 23,
      "is_contributor": false,
      "patch": 51,
      "region": 3,
      "isRadiant": true,
      "total_gold": 19353,
      "total_xp": 41306,
      "kills_per_min": 0.03963011889035667,
      "kda": 1,
      "abandons": 0,
      "rank_tier": 13,
      "is_subscriber": false,
      "cosmetics": [],
      "benchmarks": {
        "gold_per_min": {
          "raw": 767,
          "pct": 0.8148148148148148
        },
        "xp_per_min": {
          "raw": 1637,
          "pct": 1
        },
        "kills_per_min": {
          "raw": 0.03963011889035667,
          "pct": 0
        },
        "last_hits_per_min": {
          "raw": 2.892998678996037,
          "pct": 0.07407407407407407
        },
        "hero_damage_per_min": {
          "raw": 351.08322324966974,
          "pct": 0.07407407407407407
        },
        "hero_healing_per_min": {
          "raw": 0,
          "pct": 0.9629629629629629
        },
        "tower_damage": {
          "raw": 0,
          "pct": 0.2222222222222222
        },
        "stuns_per_min": {
          "raw": 0,
          "pct": 0.4074074074074074
        },
        "lhten": {}
      }
    },
    {
      "player_slot": 4,
      "ability_targets": null,
      "ability_upgrades_arr": [
        5131,
        5132,
        5131,
        5130,
        5131,
        5133,
        5131,
        5132,
        5130,
        5132,
        5132,
        5133,
        5130,
        5130,
        6144,
        6992,
        5133,
        7889,
        1071
      ],
      "ability_uses": null,
      "actions": null,
      "additional_units": null,
      "assists": 6,
      "backpack_0": 0,
      "backpack_1": 0,
      "backpack_2": 0,
      "backpack_3": null,
      "buyback_log": null,
      "camps_stacked": null,
      "connection_log": null,
      "creeps_stacked": null,
      "damage": null,
      "damage_inflictor": null,
      "damage_inflictor_received": null,
      "damage_taken": null,
      "damage_targets": null,
      "deaths": 12,
      "denies": 1,
      "dn_t": null,
      "firstblood_claimed": null,
      "gold": 1309,
      "gold_per_min": 697,
      "gold_reasons": null,
      "gold_spent": 17205,
      "gold_t": null,
      "hero_damage": 19002,
      "hero_healing": 0,
      "hero_hits": null,
      "hero_id": 21,
      "item_0": 152,
      "item_1": 98,
      "item_2": 21,
      "item_3": 166,
      "item_4": 168,
      "item_5": 63,
      "item_neutral": 573,
      "item_uses": null,
      "kill_streaks": null,
      "killed": null,
      "killed_by": null,
      "kills": 5,
      "kills_log": null,
      "lane_pos": null,
      "last_hits": 48,
      "leaver_status": 0,
      "level": 26,
      "lh_t": null,
      "life_state": null,
      "max_hero_hit": null,
      "multi_kills": null,
      "net_worth": 16584,
      "obs": null,
      "obs_left_log": null,
      "obs_log": null,
      "obs_placed": null,
      "party_id": 2,
      "party_size": 1,
      "performance_others": null,
      "permanent_buffs": [
        {
          "permanent_buff": 6,
          "stack_count": 1,
          "grant_time": 861
        }
      ],
      "pings": null,
      "pred_vict": null,
      "purchase": null,
      "purchase_log": null,
      "randomed": null,
      "repicked": null,
      "roshans_killed": null,
      "rune_pickups": null,
      "runes": null,
      "runes_log": null,
      "sen": null,
      "sen_left_log": null,
      "sen_log": null,
      "sen_placed": null,
      "stuns": null,
      "teamfight_participation": null,
      "times": null,
      "tower_damage": 191,
      "towers_killed": null,
      "xp_per_min": 1724,
      "xp_reasons": null,
      "xp_t": null,
      "start_time": 1669912635,
      "duration": 1514,
      "cluster": 274,
      "lobby_type": 0,
      "game_mode": 23,
      "is_contributor": false,
      "patch": 51,
      "region": 3,
      "isRadiant": true,
      "total_gold": 17587,
      "total_xp": 43502,
      "kills_per_min": 0.19815059445178335,
      "kda": 0,
      "abandons": 0,
      "rank_tier": null,
      "is_subscriber": false,
      "cosmetics": [],
      "benchmarks": {
        "gold_per_min": {
          "raw": 697,
          "pct": 0.975
        },
        "xp_per_min": {
          "raw": 1724,
          "pct": 1
        },
        "kills_per_min": {
          "raw": 0.19815059445178337,
          "pct": 0.3
        },
        "last_hits_per_min": {
          "raw": 1.9022457067371201,
          "pct": 0.175
        },
        "hero_damage_per_min": {
          "raw": 753.0515191545575,
          "pct": 0.625
        },
        "hero_healing_per_min": {
          "raw": 0,
          "pct": 0.825
        },
        "tower_damage": {
          "raw": 191,
          "pct": 0.25
        },
        "stuns_per_min": {
          "raw": 0,
          "pct": 0
        },
        "lhten": {}
      }
    },
    {
      "player_slot": 128,
      "ability_targets": null,
      "ability_upgrades_arr": [
        5378,
        5377,
        5377,
        5379,
        5377,
        5380,
        5377,
        5379,
        5379,
        5379,
        6184,
        5380,
        5378,
        5378,
        721,
        5378,
        5380,
        8247,
        1073,
        5906,
        6880,
        6879
      ],
      "ability_uses": null,
      "actions": null,
      "additional_units": null,
      "assists": 26,
      "backpack_0": 0,
      "backpack_1": 0,
      "backpack_2": 0,
      "backpack_3": null,
      "buyback_log": null,
      "camps_stacked": null,
      "connection_log": null,
      "creeps_stacked": null,
      "damage": null,
      "damage_inflictor": null,
      "damage_inflictor_received": null,
      "damage_taken": null,
      "damage_targets": null,
      "deaths": 5,
      "denies": 7,
      "dn_t": null,
      "firstblood_claimed": null,
      "gold": 5743,
      "gold_per_min": 889,
      "gold_reasons": null,
      "gold_spent": 17540,
      "gold_t": null,
      "hero_damage": 12896,
      "hero_healing": 0,
      "hero_hits": null,
      "hero_id": 75,
      "item_0": 190,
      "item_1": 214,
      "item_2": 911,
      "item_3": 102,
      "item_4": 43,
      "item_5": 108,
      "item_neutral": 290,
      "item_uses": null,
      "kill_streaks": null,
      "killed": null,
      "killed_by": null,
      "kills": 3,
      "kills_log": null,
      "lane_pos": null,
      "last_hits": 27,
      "leaver_status": 0,
      "level": 29,
      "lh_t": null,
      "life_state": null,
      "max_hero_hit": null,
      "multi_kills": null,
      "net_worth": 22443,
      "obs": null,
      "obs_left_log": null,
      "obs_log": null,
      "obs_placed": null,
      "party_id": 3,
      "party_size": 2,
      "performance_others": null,
      "permanent_buffs": [
        {
          "permanent_buff": 3,
          "stack_count": 46,
          "grant_time": 104
        },
        {
          "permanent_buff": 12,
          "stack_count": 0,
          "grant_time": 947
        }
      ],
      "pings": null,
      "pred_vict": null,
      "purchase": null,
      "purchase_log": null,
      "randomed": null,
      "repicked": null,
      "roshans_killed": null,
      "rune_pickups": null,
      "runes": null,
      "runes_log": null,
      "sen": null,
      "sen_left_log": null,
      "sen_log": null,
      "sen_placed": null,
      "stuns": null,
      "teamfight_participation": null,
      "times": null,
      "tower_damage": 4518,
      "towers_killed": null,
      "xp_per_min": 1761,
      "xp_reasons": null,
      "xp_t": null,
      "start_time": 1669912635,
      "duration": 1514,
      "cluster": 274,
      "lobby_type": 0,
      "game_mode": 23,
      "is_contributor": false,
      "patch": 51,
      "region": 3,
      "isRadiant": false,
      "total_gold": 22432,
      "total_xp": 44435,
      "kills_per_min": 0.11889035667107001,
      "kda": 4,
      "abandons": 0,
      "rank_tier": null,
      "is_subscriber": false,
      "cosmetics": [],
      "benchmarks": {
        "gold_per_min": {
          "raw": 889,
          "pct": 1
        },
        "xp_per_min": {
          "raw": 1761,
          "pct": 1
        },
        "kills_per_min": {
          "raw": 0.11889035667107001,
          "pct": 0.5272727272727272
        },
        "last_hits_per_min": {
          "raw": 1.07001321003963,
          "pct": 0.2909090909090909
        },
        "hero_damage_per_min": {
          "raw": 511.0700132100396,
          "pct": 0.5636363636363636
        },
        "hero_healing_per_min": {
          "raw": 0,
          "pct": 0.8
        },
        "tower_damage": {
          "raw": 4518,
          "pct": 0.9636363636363636
        },
        "stuns_per_min": {
          "raw": 0,
          "pct": 0.8727272727272727
        },
        "lhten": {}
      }
    },
    {
      "player_slot": 129,
      "ability_targets": null,
      "ability_upgrades_arr": [
        5260,
        5259,
        5260,
        5259,
        5259,
        5262,
        5259,
        5261,
        5261,
        5261,
        5261,
        5262,
        5260,
        523,
        495,
        5260,
        5262,
        617,
        7878,
        6104,
        6231,
        5944,
        6620
      ],
      "ability_uses": null,
      "actions": null,
      "additional_units": null,
      "assists": 13,
      "backpack_0": 0,
      "backpack_1": 38,
      "backpack_2": 48,
      "backpack_3": null,
      "buyback_log": null,
      "camps_stacked": null,
      "connection_log": null,
      "creeps_stacked": null,
      "damage": null,
      "damage_inflictor": null,
      "damage_inflictor_received": null,
      "damage_taken": null,
      "damage_targets": null,
      "deaths": 2,
      "denies": 2,
      "dn_t": null,
      "firstblood_claimed": null,
      "gold": 5592,
      "gold_per_min": 1497,
      "gold_reasons": null,
      "gold_spent": 36410,
      "gold_t": null,
      "hero_damage": 34045,
      "hero_healing": 0,
      "hero_hits": null,
      "hero_id": 56,
      "item_0": 1466,
      "item_1": 133,
      "item_2": 141,
      "item_3": 141,
      "item_4": 236,
      "item_5": 117,
      "item_neutral": 309,
      "item_uses": null,
      "kill_streaks": null,
      "killed": null,
      "killed_by": null,
      "kills": 14,
      "kills_log": null,
      "lane_pos": null,
      "last_hits": 156,
      "leaver_status": 0,
      "level": 30,
      "lh_t": null,
      "life_state": null,
      "max_hero_hit": null,
      "multi_kills": null,
      "net_worth": 33842,
      "obs": null,
      "obs_left_log": null,
      "obs_log": null,
      "obs_placed": null,
      "party_id": 3,
      "party_size": 2,
      "performance_others": null,
      "permanent_buffs": [
        {
          "permanent_buff": 6,
          "stack_count": 1,
          "grant_time": 851
        },
        {
          "permanent_buff": 12,
          "stack_count": 0,
          "grant_time": 937
        }
      ],
      "pings": null,
      "pred_vict": null,
      "purchase": null,
      "purchase_log": null,
      "randomed": null,
      "repicked": null,
      "roshans_killed": null,
      "rune_pickups": null,
      "runes": null,
      "runes_log": null,
      "sen": null,
      "sen_left_log": null,
      "sen_log": null,
      "sen_placed": null,
      "stuns": null,
      "teamfight_participation": null,
      "times": null,
      "tower_damage": 8775,
      "towers_killed": null,
      "xp_per_min": 1916,
      "xp_reasons": null,
      "xp_t": null,
      "start_time": 1669912635,
      "duration": 1514,
      "cluster": 274,
      "lobby_type": 0,
      "game_mode": 23,
      "is_contributor": false,
      "patch": 51,
      "region": 3,
      "isRadiant": false,
      "total_gold": 37774,
      "total_xp": 48347,
      "kills_per_min": 0.5548216644649934,
      "kda": 9,
      "abandons": 0,
      "rank_tier": null,
      "is_subscriber": false,
      "cosmetics": [],
      "benchmarks": {
        "gold_per_min": {
          "raw": 1497,
          "pct": 1
        },
        "xp_per_min": {
          "raw": 1916,
          "pct": 1
        },
        "kills_per_min": {
          "raw": 0.5548216644649935,
          "pct": 1
        },
        "last_hits_per_min": {
          "raw": 6.18229854689564,
          "pct": 0.3333333333333333
        },
        "hero_damage_per_min": {
          "raw": 1349.2073976221927,
          "pct": 0.8888888888888888
        },
        "hero_healing_per_min": {
          "raw": 0,
          "pct": 1
        },
        "tower_damage": {
          "raw": 8775,
          "pct": 0.4444444444444444
        },
        "stuns_per_min": {
          "raw": 0,
          "pct": 0.1111111111111111
        },
        "lhten": {}
      }
    },
    {
      "player_slot": 130,
      "ability_targets": null,
      "ability_upgrades_arr": [
        5336,
        5334,
        5334,
        5335,
        5334,
        5336,
        5334,
        5336,
        5337,
        5921,
        5336,
        5337,
        5335,
        6900,
        5335,
        5335,
        5337,
        6195,
        6903,
        6148,
        8040,
        6901,
        6902
      ],
      "ability_uses": null,
      "actions": null,
      "additional_units": null,
      "assists": 22,
      "backpack_0": 0,
      "backpack_1": 0,
      "backpack_2": 0,
      "backpack_3": null,
      "buyback_log": null,
      "camps_stacked": null,
      "connection_log": null,
      "creeps_stacked": null,
      "damage": null,
      "damage_inflictor": null,
      "damage_inflictor_received": null,
      "damage_taken": null,
      "damage_targets": null,
      "deaths": 5,
      "denies": 9,
      "dn_t": null,
      "firstblood_claimed": null,
      "gold": 5249,
      "gold_per_min": 1490,
      "gold_reasons": null,
      "gold_spent": 36565,
      "gold_t": null,
      "hero_damage": 47894,
      "hero_healing": 0,
      "hero_hits": null,
      "hero_id": 67,
      "item_0": 147,
      "item_1": 63,
      "item_2": 114,
      "item_3": 208,
      "item_4": 137,
      "item_5": 174,
      "item_neutral": 376,
      "item_uses": null,
      "kill_streaks": null,
      "killed": null,
      "killed_by": null,
      "kills": 15,
      "kills_log": null,
      "lane_pos": null,
      "last_hits": 111,
      "leaver_status": 0,
      "level": 30,
      "lh_t": null,
      "life_state": null,
      "max_hero_hit": null,
      "multi_kills": null,
      "net_worth": 37349,
      "obs": null,
      "obs_left_log": null,
      "obs_log": null,
      "obs_placed": null,
      "party_id": 4,
      "party_size": 2,
      "performance_others": null,
      "permanent_buffs": [
        {
          "permanent_buff": 2,
          "stack_count": 0,
          "grant_time": 1395
        },
        {
          "permanent_buff": 12,
          "stack_count": 0,
          "grant_time": 1246
        }
      ],
      "pings": null,
      "pred_vict": null,
      "purchase": null,
      "purchase_log": null,
      "randomed": null,
      "repicked": null,
      "roshans_killed": null,
      "rune_pickups": null,
      "runes": null,
      "runes_log": null,
      "sen": null,
      "sen_left_log": null,
      "sen_log": null,
      "sen_placed": null,
      "stuns": null,
      "teamfight_participation": null,
      "times": null,
      "tower_damage": 3954,
      "towers_killed": null,
      "xp_per_min": 1957,
      "xp_reasons": null,
      "xp_t": null,
      "start_time": 1669912635,
      "duration": 1514,
      "cluster": 274,
      "lobby_type": 0,
      "game_mode": 23,
      "is_contributor": false,
      "patch": 51,
      "region": 3,
      "isRadiant": false,
      "total_gold": 37597,
      "total_xp": 49381,
      "kills_per_min": 0.5944517833553501,
      "kda": 6,
      "abandons": 0,
      "rank_tier": null,
      "is_subscriber": false,
      "cosmetics": [],
      "benchmarks": {
        "gold_per_min": {
          "raw": 1490,
          "pct": 1
        },
        "xp_per_min": {
          "raw": 1957,
          "pct": 1
        },
        "kills_per_min": {
          "raw": 0.59445178335535,
          "pct": 1
        },
        "last_hits_per_min": {
          "raw": 4.39894319682959,
          "pct": 0.029411764705882353
        },
        "hero_damage_per_min": {
          "raw": 1898.0449141347424,
          "pct": 1
        },
        "hero_healing_per_min": {
          "raw": 0,
          "pct": 0.9705882352941176
        },
        "tower_damage": {
          "raw": 3954,
          "pct": 0.6176470588235294
        },
        "stuns_per_min": {
          "raw": 0,
          "pct": 0.5882352941176471
        },
        "lhten": {}
      }
    },
    {
      "player_slot": 131,
      "ability_targets": null,
      "ability_upgrades_arr": [
        7710,
        7701,
        6470,
        7710,
        7710,
        7705,
        7710,
        6470,
        6926,
        6470,
        6470,
        7705,
        7701,
        1070,
        7701,
        7701,
        7705,
        7709,
        7714,
        7707,
        7713
      ],
      "ability_uses": null,
      "actions": null,
      "additional_units": null,
      "assists": 10,
      "backpack_0": 0,
      "backpack_1": 0,
      "backpack_2": 0,
      "backpack_3": null,
      "buyback_log": null,
      "camps_stacked": null,
      "connection_log": null,
      "creeps_stacked": null,
      "damage": null,
      "damage_inflictor": null,
      "damage_inflictor_received": null,
      "damage_taken": null,
      "damage_targets": null,
      "deaths": 4,
      "denies": 6,
      "dn_t": null,
      "firstblood_claimed": null,
      "gold": 2437,
      "gold_per_min": 895,
      "gold_reasons": null,
      "gold_spent": 21370,
      "gold_t": null,
      "hero_damage": 14004,
      "hero_healing": 0,
      "hero_hits": null,
      "hero_id": 126,
      "item_0": 50,
      "item_1": 176,
      "item_2": 273,
      "item_3": 235,
      "item_4": 108,
      "item_5": 0,
      "item_neutral": 289,
      "item_uses": null,
      "kill_streaks": null,
      "killed": null,
      "killed_by": null,
      "kills": 7,
      "kills_log": null,
      "lane_pos": null,
      "last_hits": 50,
      "leaver_status": 0,
      "level": 28,
      "lh_t": null,
      "life_state": null,
      "max_hero_hit": null,
      "multi_kills": null,
      "net_worth": 22262,
      "obs": null,
      "obs_left_log": null,
      "obs_log": null,
      "obs_placed": null,
      "party_id": 4,
      "party_size": 2,
      "performance_others": null,
      "permanent_buffs": [],
      "pings": null,
      "pred_vict": null,
      "purchase": null,
      "purchase_log": null,
      "randomed": null,
      "repicked": null,
      "roshans_killed": null,
      "rune_pickups": null,
      "runes": null,
      "runes_log": null,
      "sen": null,
      "sen_left_log": null,
      "sen_log": null,
      "sen_placed": null,
      "stuns": null,
      "teamfight_participation": null,
      "times": null,
      "tower_damage": 95,
      "towers_killed": null,
      "xp_per_min": 1642,
      "xp_reasons": null,
      "xp_t": null,
      "start_time": 1669912635,
      "duration": 1514,
      "cluster": 274,
      "lobby_type": 0,
      "game_mode": 23,
      "is_contributor": false,
      "patch": 51,
      "region": 3,
      "isRadiant": false,
      "total_gold": 22583,
      "total_xp": 41433,
      "kills_per_min": 0.2774108322324967,
      "kda": 3,
      "abandons": 0,
      "rank_tier": null,
      "is_subscriber": false,
      "cosmetics": [],
      "benchmarks": {
        "gold_per_min": {
          "raw": 895,
          "pct": 1
        },
        "xp_per_min": {
          "raw": 1642,
          "pct": 1
        },
        "kills_per_min": {
          "raw": 0.27741083223249674,
          "pct": 0.42857142857142855
        },
        "last_hits_per_min": {
          "raw": 1.9815059445178338,
          "pct": 0
        },
        "hero_damage_per_min": {
          "raw": 554.9801849405548,
          "pct": 0.21428571428571427
        },
        "hero_healing_per_min": {
          "raw": 0,
          "pct": 0.6428571428571429
        },
        "tower_damage": {
          "raw": 95,
          "pct": 0.07142857142857142
        },
        "stuns_per_min": {
          "raw": 0,
          "pct": 0.6428571428571429
        },
        "lhten": {}
      }
    },
    {
      "player_slot": 132,
      "ability_targets": null,
      "ability_upgrades_arr": [
        879,
        5601,
        879,
        5601,
        879,
        5599,
        879,
        5601,
        5601,
        6000,
        886,
        5599,
        886,
        886,
        6282,
        886,
        5599,
        412,
        6998,
        6997,
        6160
      ],
      "ability_uses": null,
      "actions": null,
      "additional_units": null,
      "assists": 12,
      "backpack_0": 0,
      "backpack_1": 0,
      "backpack_2": 0,
      "backpack_3": null,
      "buyback_log": null,
      "camps_stacked": null,
      "connection_log": null,
      "creeps_stacked": null,
      "damage": null,
      "damage_inflictor": null,
      "damage_inflictor_received": null,
      "damage_taken": null,
      "damage_targets": null,
      "deaths": 2,
      "denies": 3,
      "dn_t": null,
      "firstblood_claimed": null,
      "gold": 5255,
      "gold_per_min": 1057,
      "gold_reasons": null,
      "gold_spent": 22535,
      "gold_t": null,
      "hero_damage": 23683,
      "hero_healing": 390,
      "hero_hits": null,
      "hero_id": 105,
      "item_0": 220,
      "item_1": 254,
      "item_2": 0,
      "item_3": 0,
      "item_4": 176,
      "item_5": 235,
      "item_neutral": 840,
      "item_uses": null,
      "kill_streaks": null,
      "killed": null,
      "killed_by": null,
      "kills": 10,
      "kills_log": null,
      "lane_pos": null,
      "last_hits": 77,
      "leaver_status": 0,
      "level": 28,
      "lh_t": null,
      "life_state": null,
      "max_hero_hit": null,
      "multi_kills": null,
      "net_worth": 23030,
      "obs": null,
      "obs_left_log": null,
      "obs_log": null,
      "obs_placed": null,
      "party_id": 5,
      "party_size": 1,
      "performance_others": null,
      "permanent_buffs": [
        {
          "permanent_buff": 6,
          "stack_count": 1,
          "grant_time": 1515
        },
        {
          "permanent_buff": 12,
          "stack_count": 0,
          "grant_time": 969
        }
      ],
      "pings": null,
      "pred_vict": null,
      "purchase": null,
      "purchase_log": null,
      "randomed": null,
      "repicked": null,
      "roshans_killed": null,
      "rune_pickups": null,
      "runes": null,
      "runes_log": null,
      "sen": null,
      "sen_left_log": null,
      "sen_log": null,
      "sen_placed": null,
      "stuns": null,
      "teamfight_participation": null,
      "times": null,
      "tower_damage": 2859,
      "towers_killed": null,
      "xp_per_min": 1718,
      "xp_reasons": null,
      "xp_t": null,
      "start_time": 1669912635,
      "duration": 1514,
      "cluster": 274,
      "lobby_type": 0,
      "game_mode": 23,
      "is_contributor": false,
      "patch": 51,
      "region": 3,
      "isRadiant": false,
      "total_gold": 26671,
      "total_xp": 43350,
      "kills_per_min": 0.3963011889035667,
      "kda": 7,
      "abandons": 0,
      "rank_tier": null,
      "is_subscriber": false,
      "cosmetics": [],
      "benchmarks": {
        "gold_per_min": {
          "raw": 1057,
          "pct": 1
        },
        "xp_per_min": {
          "raw": 1718,
          "pct": 1
        },
        "kills_per_min": {
          "raw": 0.39630118890356675,
          "pct": 0.96875
        },
        "last_hits_per_min": {
          "raw": 3.0515191545574636,
          "pct": 0.65625
        },
        "hero_damage_per_min": {
          "raw": 938.560105680317,
          "pct": 0.8125
        },
        "hero_healing_per_min": {
          "raw": 15.455746367239103,
          "pct": 0.96875
        },
        "tower_damage": {
          "raw": 2859,
          "pct": 0.84375
        },
        "stuns_per_min": {
          "raw": 0,
          "pct": 0.0625
        },
        "lhten": {}
      }
    }
  ],
  "patch": 51,
  "region": 3
}