{
  "chat": null,
  "cluster": 251,
  "cosmetics": null,
  "dire_score": 27,
  "dire_team_id": null,
  "draft_timings": null,
  "duration": 1739,
  "engine": 1,
  "first_blood_time": 14,
  "game_mode": 22,
  "human_players": 10,
  "leagueid": 0,
  "lobby_type": 7,
  "match_seq_num": 5780341131,
  "negative_votes": 0,
  "objectives": null,
  "picks_bans": [
    {
      "is_pick": true,
      "hero_id": 113,
      "team": 1,
      "order": 0
    },
    {
      "is_pick": true,
      "hero_id": 63,
      "team": 1,
      "order": 1
    },
    {
      "is_pick": true,
      "hero_id": 71,
      "team": 0,
      "order": 2
    },
    {
      "is_pick": true,
      "hero_id": 47,
      "team": 0,
      "order": 3
    },
    {
      "is_pick": true,
      "hero_id": 57,
      "team": 1,
      "order": 4
    },
    {
      "is_pick": true,
      "hero_id": 7,
      "team": 1,
      "order": 5
    },
    {
      "is_pick": true,
      "hero_id": 6,
      "team": 0,
      "order": 6
    },
    {
      "is_pick": true,
      "hero_id": 76,
      "team": 0,
      "order": 7
    },
    {
      "is_pick": true,
      "hero_id": 101,
      "team": 0,
      "order": 8
    },
    {
      "is_pick": true,
      "hero_id": 46,
      "team": 1,
      "order": 9
    },
    {
      "is_pick": false,
      "hero_id": 126,
      "team": 0,
      "order": 10
    },
    {
      "is_pick": false,
      "hero_id": 32,
      "team": 0,
      "order": 11
    }
  ],
  "positive_votes": 0,
  "radiant_gold_adv": null,
  "radiant_score": 48,
  "radiant_team_id": null,
  "radiant_xp_adv": null,
  "skill": null,
  "start_time": 1669911860,
  "teamfights": null,
  "version": null,
  "replay_salt": 956617340,
  "series_id": 0,
  "series_type": 0,
  "players": [
    {
      "player_slot": 0,
      "ability_targets": null,
      "ability_upgrades_arr": [
        5019,
        343,
        5019,
        343,
        343,
        5022,
        343,
        5632,
        5019,
        6209,
        5019,
        5022,
        5632,
        5632,
        486,
        5632,
        5022,
        6202
      ],
      "ability_uses": null,
      "actions": null,
      "additional_units": null,
      "assists": 10,
      "backpack_0": 0,
      "backpack_1": 0,
      "backpack_2": 11,
      "backpack_3": null,
      "buyback_log": null,
      "camps_stacked": null,
      "connection_log": null,
      "creeps_stacked": null,
      "damage": null,
      "damage_inflictor": null,
      "damage_inflictor_received": null,
      "damage_taken": null,
      "damage_targets": null,
      "deaths": 3,
      "denies": 23,
      "dn_t": null,
      "firstblood_claimed": null,
      "gold": 2242,
      "gold_per_min": 703,
      "gold_reasons": null,
      "gold_spent": 18425,
      "gold_t": null,
      "hero_damage": 16385,
      "hero_healing": 0,
      "hero_hits": null,
      "hero_id": 6,
      "item_0": 263,
      "item_1": 75,
      "item_2": 63,
      "item_3": 135,
      "item_4": 116,
      "item_5": 596,
      "item_neutral": 331,
      "item_uses": null,
      "kill_streaks": null,
      "killed": null,
      "killed_by": null,
      "kills": 9,
      "kills_log": null,
      "lane_pos": null,
      "last_hits": 261,
      "leaver_status": 0,
      "level": 20,
      "lh_t": null,
      "life_state": null,
      "max_hero_hit": null,
      "multi_kills": null,
      "net_worth": 20347,
      "obs": null,
      "obs_left_log": null,
      "obs_log": null,
      "obs_placed": null,
      "party_id": 0,
      "party_size": 1,
      "performance_others": null,
      "permanent_buffs": [
        {
          "permanent_buff": 12,
          "stack_count": 0,
          "grant_time": 1322
        }
      ],
      "pings": null,
      "pred_vict": null,
      "purchase": null,
      "purchase_log": null,
      "randomed": null,
      "repicked": null,
      "roshans_killed": null,
      "rune_pickups": null,
      "runes": null,
      "runes_log": null,
      "sen": null,
      "sen_left_log": null,
      "sen_log": null,
      "sen_placed": null,
      "stuns": null,
      "teamfight_participation": null,
      "times": null,
      "tower_damage": 16983,
      "towers_killed": null,
      "xp_per_min": 789,
      "xp_reasons": null,
      "xp_t": null,
      "personaname": "#PussyDevourer ►",
      "name": null,
      "last_login": null,
      "start_time": 1669911860,
      "duration": 1739,
      "cluster": 251,
      "lobby_type": 7,
      "game_mode": 22,
      "is_contributor": false,
      "patch": 51,
      "region": 15,
      "isRadiant": true,
      "total_gold": 20375,
      "total_xp": 22867,
      "kills_per_min": 0.3105232892466935,
      "kda": 4,
      "abandons": 0,
      "rank_tier": 35,
      "is_subscriber": false,
      "cosmetics": [],
      "benchmarks": {
        "gold_per_min": {
          "raw": 703,
          "pct": 0.8461538461538461
        },
        "xp_per_min": {
          "raw": 789,
          "pct": 0.6923076923076923
        },
        "kills_per_min": {
          "raw": 0.3105232892466935,
          "pct": 0.7435897435897436
        },
        "last_hits_per_min": {
          "raw": 9.005175388154111,
          "pct": 0.8205128205128205
        },
        "hero_damage_per_min": {
          "raw": 565.3248993674525,
          "pct": 0.28205128205128205
        },
        "hero_healing_per_min": {
          "raw": 0,
          "pct": 0.9743589743589743
        },
        "tower_damage": {
          "raw": 16983,
          "pct": 0.8717948717948718
        },
        "stuns_per_min": {
          "raw": 0,
          "pct": 0.9487179487179487
        },
        "lhten": {}
      }
    },
    {
      "player_slot": 1,
      "ability_targets": null,
      "ability_upgrades_arr": [
        5581,
        5582,
        5581,
        5583,
        5581,
        5584,
        5581,
        5583,
        5582,
        5582,
        5583,
        5584,
        5583,
        5582,
        6884,
        5925
      ],
      "ability_uses": null,
      "actions": null,
      "additional_units": null,
      "assists": 14,
      "backpack_0": 38,
      "backpack_1": 88,
      "backpack_2": 0,
      "backpack_3": null,
      "buyback_log": null,
      "camps_stacked": null,
      "connection_log": null,
      "creeps_stacked": null,
      "damage": null,
      "damage_inflictor": null,
      "damage_inflictor_received": null,
      "damage_taken": null,
      "damage_targets": null,
      "deaths": 4,
      "denies": 5,
      "dn_t": null,
      "firstblood_claimed": null,
      "gold": 270,
      "gold_per_min": 386,
      "gold_reasons": null,
      "gold_spent": 11295,
      "gold_t": null,
      "hero_damage": 18560,
      "hero_healing": 0,
      "hero_hits": null,
      "hero_id": 101,
      "item_0": 206,
      "item_1": 232,
      "item_2": 77,
      "item_3": 180,
      "item_4": 37,
      "item_5": 77,
      "item_neutral": 589,
      "item_uses": null,
      "kill_streaks": null,
      "killed": null,
      "killed_by": null,
      "kills": 7,
      "kills_log": null,
      "lane_pos": null,
      "last_hits": 52,
      "leaver_status": 0,
      "level": 17,
      "lh_t": null,
      "life_state": null,
      "max_hero_hit": null,
      "multi_kills": null,
      "net_worth": 9680,
      "obs": null,
      "obs_left_log": null,
      "obs_log": null,
      "obs_placed": null,
      "party_id": 1,
      "party_size": 1,
      "performance_others": null,
      "permanent_buffs": [],
      "pings": null,
      "pred_vict": null,
      "purchase": null,
      "purchase_log": null,
      "randomed": null,
      "repicked": null,
      "roshans_killed": null,
      "rune_pickups": null,
      "runes": null,
      "runes_log": null,
      "sen": null,
      "sen_left_log": null,
      "sen_log": null,
      "sen_placed": null,
      "stuns": null,
      "teamfight_participation": null,
      "times": null,
      "tower_damage": 919,
      "towers_killed": null,
      "xp_per_min": 599,
      "xp_reasons": null,
      "xp_t": null,
      "start_time": 1669911860,
      "duration": 1739,
      "cluster": 251,
      "lobby_type": 7,
      "game_mode": 22,
      "is_contributor": false,
      "patch": 51,
      "region": 15,
      "isRadiant": true,
      "total_gold": 11187,
      "total_xp": 17361,
      "kills_per_min": 0.24151811385853938,
      "kda": 4,
      "abandons": 0,
      "rank_tier": null,
      "is_subscriber": false,
      "cosmetics": [],
      "benchmarks": {
        "gold_per_min": {
          "raw": 386,
          "pct": 0.9090909090909091
        },
        "xp_per_min": {
          "raw": 599,
          "pct": 0.8787878787878788
        },
        "kills_per_min": {
          "raw": 0.2415181138585394,
          "pct": 0.9090909090909091
        },
        "last_hits_per_min": {
          "raw": 1.794134560092007,
          "pct": 0.8787878787878788
        },
        "hero_damage_per_min": {
          "raw": 640.3680276020702,
          "pct": 0.7878787878787878
        },
        "hero_healing_per_min": {
          "raw": 0,
          "pct": 0.8787878787878788
        },
        "tower_damage": {
          "raw": 919,
          "pct": 0.9696969696969697
        },
        "stuns_per_min": {
          "raw": 0,
          "pct": 0.5757575757575758
        },
        "lhten": {}
      }
    },
    {
      "player_slot": 2,
      "ability_targets": null,
      "ability_upgrades_arr": [
        5218,
        5219,
        5219,
        5218,
        5219,
        5221,
        5219,
        5218,
        5218,
        6820,
        5220,
        5221,
        5220,
        5220,
        6819,
        5220,
        5221
      ],
      "ability_uses": null,
      "actions": null,
      "additional_units": null,
      "assists": 14,
      "backpack_0": 0,
      "backpack_1": 0,
      "backpack_2": 0,
      "backpack_3": null,
      "buyback_log": null,
      "camps_stacked": null,
      "connection_log": null,
      "creeps_stacked": null,
      "damage": null,
      "damage_inflictor": null,
      "damage_inflictor_received": null,
      "damage_taken": null,
      "damage_targets": null,
      "deaths": 7,
      "denies": 0,
      "dn_t": null,
      "firstblood_claimed": null,
      "gold": 2197,
      "gold_per_min": 457,
      "gold_reasons": null,
      "gold_spent": 11340,
      "gold_t": null,
      "hero_damage": 11723,
      "hero_healing": 0,
      "hero_hits": null,
      "hero_id": 47,
      "item_0": 180,
      "item_1": 1466,
      "item_2": 11,
      "item_3": 0,
      "item_4": 236,
      "item_5": 28,
      "item_neutral": 288,
      "item_uses": null,
      "kill_streaks": null,
      "killed": null,
      "killed_by": null,
      "kills": 3,
      "kills_log": null,
      "lane_pos": null,
      "last_hits": 149,
      "leaver_status": 0,
      "level": 18,
      "lh_t": null,
      "life_state": null,
      "max_hero_hit": null,
      "multi_kills": null,
      "net_worth": 11922,
      "obs": null,
      "obs_left_log": null,
      "obs_log": null,
      "obs_placed": null,
      "party_id": 2,
      "party_size": 1,
      "performance_others": null,
      "permanent_buffs": [
        {
          "permanent_buff": 6,
          "stack_count": 2,
          "grant_time": 861
        }
      ],
      "pings": null,
      "pred_vict": null,
      "purchase": null,
      "purchase_log": null,
      "randomed": null,
      "repicked": null,
      "roshans_killed": null,
      "rune_pickups": null,
      "runes": null,
      "runes_log": null,
      "sen": null,
      "sen_left_log": null,
      "sen_log": null,
      "sen_placed": null,
      "stuns": null,
      "teamfight_participation": null,
      "times": null,
      "tower_damage": 2339,
      "towers_killed": null,
      "xp_per_min": 639,
      "xp_reasons": null,
      "xp_t": null,
      "start_time": 1669911860,
      "duration": 1739,
      "cluster": 251,
      "lobby_type": 7,
      "game_mode": 22,
      "is_contributor": false,
      "patch": 51,
      "region": 15,
      "isRadiant": true,
      "total_gold": 13245,
      "total_xp": 18520,
      "kills_per_min": 0.10350776308223117,
      "kda": 2,
      "abandons": 0,
      "rank_tier": null,
      "is_subscriber": false,
      "cosmetics": [],
      "benchmarks": {
        "gold_per_min": {
          "raw": 457,
          "pct": 0.4
        },
        "xp_per_min": {
          "raw": 639,
          "pct": 0.4
        },
        "kills_per_min": {
          "raw": 0.10350776308223117,
          "pct": 0.3
        },
        "last_hits_per_min": {
          "raw": 5.140885566417481,
          "pct": 0.35
        },
        "hero_damage_per_min": {
          "raw": 404.4738355376653,
          "pct": 0.05
        },
        "hero_healing_per_min": {
          "raw": 0,
          "pct": 0.85
        },
        "tower_damage": {
          "raw": 2339,
          "pct": 0.4
        },
        "stuns_per_min": {
          "raw": 0,
          "pct": 0.5
        },
        "lhten": {}
      }
    },
    {
      "player_slot": 3,
      "ability_targets": null,
      "ability_upgrades_arr": [
        5353,
        5355,
        7301,
        5355,
        5355,
        5356,
        5355,
        7301,
        7301,
        7301,
        5931,
        5356,
        5353,
        5353,
        6296,
        5353,
        5356
      ],
      "ability_uses": null,
      "actions": null,
      "additional_units": null,
      "assists": 33,
      "backpack_0": 181,
      "backpack_1": 244,
      "backpack_2": 40,
      "backpack_3": null,
      "buyback_log": null,
      "camps_stacked": null,
      "connection_log": null,
      "creeps_stacked": null,
      "damage": null,
      "damage_inflictor": null,
      "damage_inflictor_received": null,
      "damage_taken": null,
      "damage_targets": null,
      "deaths": 9,
      "denies": 0,
      "dn_t": null,
      "firstblood_claimed": null,
      "gold": 275,
      "gold_per_min": 381,
      "gold_reasons": null,
      "gold_spent": 10865,
      "gold_t": null,
      "hero_damage": 10740,
      "hero_healing": 0,
      "hero_hits": null,
      "hero_id": 71,
      "item_0": 34,
      "item_1": 127,
      "item_2": 50,
      "item_3": 92,
      "item_4": 37,
      "item_5": 210,
      "item_neutral": 1077,
      "item_uses": null,
      "kill_streaks": null,
      "killed": null,
      "killed_by": null,
      "kills": 5,
      "kills_log": null,
      "lane_pos": null,
      "last_hits": 38,
      "leaver_status": 0,
      "level": 18,
      "lh_t": null,
      "life_state": null,
      "max_hero_hit": null,
      "multi_kills": null,
      "net_worth": 10710,
      "obs": null,
      "obs_left_log": null,
      "obs_log": null,
      "obs_placed": null,
      "party_id": 3,
      "party_size": 1,
      "performance_others": null,
      "permanent_buffs": [],
      "pings": null,
      "pred_vict": null,
      "purchase": null,
      "purchase_log": null,
      "randomed": null,
      "repicked": null,
      "roshans_killed": null,
      "rune_pickups": null,
      "runes": null,
      "runes_log": null,
      "sen": null,
      "sen_left_log": null,
      "sen_log": null,
      "sen_placed": null,
      "stuns": null,
      "teamfight_participation": null,
      "times": null,
      "tower_damage": 1035,
      "towers_killed": null,
      "xp_per_min": 605,
      "xp_reasons": null,
      "xp_t": null,
      "start_time": 1669911860,
      "duration": 1739,
      "cluster": 251,
      "lobby_type": 7,
      "game_mode": 22,
      "is_contributor": false,
      "patch": 51,
      "region": 15,
      "isRadiant": true,
      "total_gold": 11042,
      "total_xp": 17534,
      "kills_per_min": 0.17251293847038526,
      "kda": 3,
      "abandons": 0,
      "rank_tier": null,
      "is_subscriber": false,
      "cosmetics": [],
      "benchmarks": {
        "gold_per_min": {
          "raw": 381,
          "pct": 0.4
        },
        "xp_per_min": {
          "raw": 605,
          "pct": 0.525
        },
        "kills_per_min": {
          "raw": 0.1725129384703853,
          "pct": 0.675
        },
        "last_hits_per_min": {
          "raw": 1.3110983323749281,
          "pct": 0.1
        },
        "hero_damage_per_min": {
          "raw": 370.55779183438756,
          "pct": 0.5
        },
        "hero_healing_per_min": {
          "raw": 0,
          "pct": 0.925
        },
        "tower_damage": {
          "raw": 1035,
          "pct": 0.75
        },
        "stuns_per_min": {
          "raw": 0,
          "pct": 0
        },
        "lhten": {}
      }
    },
    {
      "player_slot": 4,
      "ability_targets": null,
      "ability_upgrades_arr": [
        5392,
        5391,
        5684,
        5392,
        5392,
        5394,
        5391,
        5391,
        5391,
        5684,
        5906,
        5394,
        5684,
        5684,
        6141,
        730,
        5392,
        5394,
        7375
      ],
      "ability_uses": null,
      "actions": null,
      "additional_units": null,
      "assists": 10,
      "backpack_0": 357,
      "backpack_1": 0,
      "backpack_2": 0,
      "backpack_3": null,
      "buyback_log": null,
      "camps_stacked": null,
      "connection_log": null,
      "creeps_stacked": null,
      "damage": null,
      "damage_inflictor": null,
      "damage_inflictor_received": null,
      "damage_taken": null,
      "damage_targets": null,
      "deaths": 5,
      "denies": 15,
      "dn_t": null,
      "firstblood_claimed": null,
      "gold": 5579,
      "gold_per_min": 759,
      "gold_reasons": null,
      "gold_spent": 15540,
      "gold_t": null,
      "hero_damage": 44257,
      "hero_healing": 0,
      "hero_hits": null,
      "hero_id": 76,
      "item_0": 1,
      "item_1": 223,
      "item_2": 116,
      "item_3": 534,
      "item_4": 65,
      "item_5": 63,
      "item_neutral": 358,
      "item_uses": null,
      "kill_streaks": null,
      "killed": null,
      "killed_by": null,
      "kills": 24,
      "kills_log": null,
      "lane_pos": null,
      "last_hits": 167,
      "leaver_status": 0,
      "level": 23,
      "lh_t": null,
      "life_state": null,
      "max_hero_hit": null,
      "multi_kills": null,
      "net_worth": 20629,
      "obs": null,
      "obs_left_log": null,
      "obs_log": null,
      "obs_placed": null,
      "party_id": 4,
      "party_size": 1,
      "performance_others": null,
      "permanent_buffs": [],
      "pings": null,
      "pred_vict": null,
      "purchase": null,
      "purchase_log": null,
      "randomed": null,
      "repicked": null,
      "roshans_killed": null,
      "rune_pickups": null,
      "runes": null,
      "runes_log": null,
      "sen": null,
      "sen_left_log": null,
      "sen_log": null,
      "sen_placed": null,
      "stuns": null,
      "teamfight_participation": null,
      "times": null,
      "tower_damage": 10333,
      "towers_killed": null,
      "xp_per_min": 1060,
      "xp_reasons": null,
      "xp_t": null,
      "start_time": 1669911860,
      "duration": 1739,
      "cluster": 251,
      "lobby_type": 7,
      "game_mode": 22,
      "is_contributor": false,
      "patch": 51,
      "region": 15,
      "isRadiant": true,
      "total_gold": 21998,
      "total_xp": 30722,
      "kills_per_min": 0.8280621046578494,
      "kda": 5,
      "abandons": 0,
      "rank_tier": null,
      "is_subscriber": false,
      "cosmetics": [],
      "benchmarks": {
        "gold_per_min": {
          "raw": 759,
          "pct": 1
        },
        "xp_per_min": {
          "raw": 1060,
          "pct": 1
        },
        "kills_per_min": {
          "raw": 0.8280621046578494,
          "pct": 1
        },
        "last_hits_per_min": {
          "raw": 5.761932144910868,
          "pct": 0.7419354838709677
        },
        "hero_damage_per_min": {
          "raw": 1526.9810235767682,
          "pct": 1
        },
        "hero_healing_per_min": {
          "raw": 0,
          "pct": 1
        },
        "tower_damage": {
          "raw": 10333,
          "pct": 1
        },
        "stuns_per_min": {
          "raw": 0,
          "pct": 0.03225806451612903
        },
        "lhten": {}
      }
    },
    {
      "player_slot": 128,
      "ability_targets": null,
      "ability_upgrades_arr": [
        5023,
        5024,
        5024,
        5025,
        5024,
        5026,
        5024,
        5025,
        5025,
        744,
        5023,
        5026,
        5023,
        5023,
        858
      ],
      "ability_uses": null,
      "actions": null,
      "additional_units": null,
      "assists": 5,
      "backpack_0": 23,
      "backpack_1": 99,
      "backpack_2": 11,
      "backpack_3": null,
      "buyback_log": null,
      "camps_stacked": null,
      "connection_log": null,
      "creeps_stacked": null,
      "damage": null,
      "damage_inflictor": null,
      "damage_inflictor_received": null,
      "damage_taken": null,
      "damage_targets": null,
      "deaths": 13,
      "denies": 11,
      "dn_t": null,
      "firstblood_claimed": null,
      "gold": 1799,
      "gold_per_min": 345,
      "gold_reasons": null,
      "gold_spent": 6965,
      "gold_t": null,
      "hero_damage": 18033,
      "hero_healing": 0,
      "hero_hits": null,
      "hero_id": 7,
      "item_0": 180,
      "item_1": 1,
      "item_2": 34,
      "item_3": 28,
      "item_4": 2,
      "item_5": 0,
      "item_neutral": 840,
      "item_uses": null,
      "kill_streaks": null,
      "killed": null,
      "killed_by": null,
      "kills": 9,
      "kills_log": null,
      "lane_pos": null,
      "last_hits": 65,
      "leaver_status": 0,
      "level": 18,
      "lh_t": null,
      "life_state": null,
      "max_hero_hit": null,
      "multi_kills": null,
      "net_worth": 8024,
      "obs": null,
      "obs_left_log": null,
      "obs_log": null,
      "obs_placed": null,
      "party_id": 5,
      "party_size": 1,
      "performance_others": null,
      "permanent_buffs": [
        {
          "permanent_buff": 6,
          "stack_count": 2,
          "grant_time": 906
        }
      ],
      "pings": null,
      "pred_vict": null,
      "purchase": null,
      "purchase_log": null,
      "randomed": null,
      "repicked": null,
      "roshans_killed": null,
      "rune_pickups": null,
      "runes": null,
      "runes_log": null,
      "sen": null,
      "sen_left_log": null,
      "sen_log": null,
      "sen_placed": null,
      "stuns": null,
      "teamfight_participation": null,
      "times": null,
      "tower_damage": 0,
      "towers_killed": null,
      "xp_per_min": 664,
      "xp_reasons": null,
      "xp_t": null,
      "start_time": 1669911860,
      "duration": 1739,
      "cluster": 251,
      "lobby_type": 7,
      "game_mode": 22,
      "is_contributor": false,
      "patch": 51,
      "region": 15,
      "isRadiant": false,
      "total_gold": 9999,
      "total_xp": 19244,
      "kills_per_min": 0.3105232892466935,
      "kda": 1,
      "abandons": 0,
      "rank_tier": null,
      "is_subscriber": false,
      "cosmetics": [],
      "benchmarks": {
        "gold_per_min": {
          "raw": 345,
          "pct": 0.4
        },
        "xp_per_min": {
          "raw": 664,
          "pct": 0.6333333333333333
        },
        "kills_per_min": {
          "raw": 0.3105232892466935,
          "pct": 0.9
        },
        "last_hits_per_min": {
          "raw": 2.2426682001150087,
          "pct": 0.43333333333333335
        },
        "hero_damage_per_min": {
          "raw": 622.1851638872915,
          "pct": 0.7333333333333333
        },
        "hero_healing_per_min": {
          "raw": 0,
          "pct": 0.8666666666666667
        },
        "tower_damage": {
          "raw": 0,
          "pct": 0.13333333333333333
        },
        "stuns_per_min": {
          "raw": 0,
          "pct": 0
        },
        "lhten": {}
      }
    },
    {
      "player_slot": 129,
      "ability_targets": null,
      "ability_upgrades_arr": [
        5196,
        5194,
        5196,
        5194,
        5195,
        5197,
        5194,
        5194,
        5195,
        5196,
        5196,
        5195,
        6938,
        5197,
        5195,
        1060,
        5197
      ],
      "ability_uses": null,
      "actions": null,
      "additional_units": null,
      "assists": 4,
      "backpack_0": 0,
      "backpack_1": 0,
      "backpack_2": 0,
      "backpack_3": null,
      "buyback_log": null,
      "camps_stacked": null,
      "connection_log": null,
      "creeps_stacked": null,
      "damage": null,
      "damage_inflictor": null,
      "damage_inflictor_received": null,
      "damage_taken": null,
      "damage_targets": null,
      "deaths": 9,
      "denies": 4,
      "dn_t": null,
      "firstblood_claimed": null,
      "gold": 2061,
      "gold_per_min": 427,
      "gold_reasons": null,
      "gold_spent": 9745,
      "gold_t": null,
      "hero_damage": 16001,
      "hero_healing": 0,
      "hero_hits": null,
      "hero_id": 46,
      "item_0": 75,
      "item_1": 1,
      "item_2": 168,
      "item_3": 11,
      "item_4": 63,
      "item_5": 8,
      "item_neutral": 946,
      "item_uses": null,
      "kill_streaks": null,
      "killed": null,
      "killed_by": null,
      "kills": 6,
      "kills_log": null,
      "lane_pos": null,
      "last_hits": 114,
      "leaver_status": 0,
      "level": 20,
      "lh_t": null,
      "life_state": null,
      "max_hero_hit": null,
      "multi_kills": null,
      "net_worth": 11516,
      "obs": null,
      "obs_left_log": null,
      "obs_log": null,
      "obs_placed": null,
      "party_id": 6,
      "party_size": 1,
      "performance_others": null,
      "permanent_buffs": [],
      "pings": null,
      "pred_vict": null,
      "purchase": null,
      "purchase_log": null,
      "randomed": null,
      "repicked": null,
      "roshans_killed": null,
      "rune_pickups": null,
      "runes": null,
      "runes_log": null,
      "sen": null,
      "sen_left_log": null,
      "sen_log": null,
      "sen_placed": null,
      "stuns": null,
      "teamfight_participation": null,
      "times": null,
      "tower_damage": 24,
      "towers_killed": null,
      "xp_per_min": 745,
      "xp_reasons": null,
      "xp_t": null,
      "start_time": 1669911860,
      "duration": 1739,
      "cluster": 251,
      "lobby_type": 7,
      "game_mode": 22,
      "is_contributor": false,
      "patch": 51,
      "region": 15,
      "isRadiant": false,
      "total_gold": 12375,
      "total_xp": 21592,
      "kills_per_min": 0.20701552616446234,
      "kda": 1,
      "abandons": 0,
      "rank_tier": null,
      "is_subscriber": false,
      "cosmetics": [],
      "benchmarks": {
        "gold_per_min": {
          "raw": 427,
          "pct": 0.034482758620689655
        },
        "xp_per_min": {
          "raw": 745,
          "pct": 0.3448275862068966
        },
        "kills_per_min": {
          "raw": 0.20701552616446234,
          "pct": 0.4827586206896552
        },
        "last_hits_per_min": {
          "raw": 3.9332949971247846,
          "pct": 0
        },
        "hero_damage_per_min": {
          "raw": 552.075905692927,
          "pct": 0.3448275862068966
        },
        "hero_healing_per_min": {
          "raw": 0,
          "pct": 0.9655172413793104
        },
        "tower_damage": {
          "raw": 24,
          "pct": 0
        },
        "stuns_per_min": {
          "raw": 0,
          "pct": 1
        },
        "lhten": {}
      }
    },
    {
      "player_slot": 130,
      "ability_targets": null,
      "ability_upgrades_arr": [
        5679,
        5677,
        5679,
        5677,
        5679,
        5683,
        5679,
        5678,
        5678,
        5678,
        5678,
        5683,
        5677,
        5677,
        7104
      ],
      "ability_uses": null,
      "actions": null,
      "additional_units": [
        {
          "unitname": "",
          "item_0": 98,
          "item_1": 166,
          "item_2": 11,
          "item_3": 261,
          "item_4": 48,
          "item_5": 65,
          "backpack_0": 16,
          "backpack_1": 16,
          "backpack_2": 0,
          "item_neutral": 0
        }
      ],
      "assists": 3,
      "backpack_0": 16,
      "backpack_1": 16,
      "backpack_2": 0,
      "backpack_3": null,
      "buyback_log": null,
      "camps_stacked": null,
      "connection_log": null,
      "creeps_stacked": null,
      "damage": null,
      "damage_inflictor": null,
      "damage_inflictor_received": null,
      "damage_taken": null,
      "damage_targets": null,
      "deaths": 7,
      "denies": 3,
      "dn_t": null,
      "firstblood_claimed": null,
      "gold": 2107,
      "gold_per_min": 493,
      "gold_reasons": null,
      "gold_spent": 11665,
      "gold_t": null,
      "hero_damage": 10561,
      "hero_healing": 0,
      "hero_hits": null,
      "hero_id": 113,
      "item_0": 98,
      "item_1": 166,
      "item_2": 11,
      "item_3": 261,
      "item_4": 48,
      "item_5": 65,
      "item_neutral": 306,
      "item_uses": null,
      "kill_streaks": null,
      "killed": null,
      "killed_by": null,
      "kills": 6,
      "kills_log": null,
      "lane_pos": null,
      "last_hits": 142,
      "leaver_status": 0,
      "level": 16,
      "lh_t": null,
      "life_state": null,
      "max_hero_hit": null,
      "multi_kills": null,
      "net_worth": 13632,
      "obs": null,
      "obs_left_log": null,
      "obs_log": null,
      "obs_placed": null,
      "party_id": 7,
      "party_size": 1,
      "performance_others": null,
      "permanent_buffs": [],
      "pings": null,
      "pred_vict": null,
      "purchase": null,
      "purchase_log": null,
      "randomed": null,
      "repicked": null,
      "roshans_killed": null,
      "rune_pickups": null,
      "runes": null,
      "runes_log": null,
      "sen": null,
      "sen_left_log": null,
      "sen_log": null,
      "sen_placed": null,
      "stuns": null,
      "teamfight_participation": null,
      "times": null,
      "tower_damage": 0,
      "towers_killed": null,
      "xp_per_min": 510,
      "xp_reasons": null,
      "xp_t": null,
      "start_time": 1669911860,
      "duration": 1739,
      "cluster": 251,
      "lobby_type": 7,
      "game_mode": 22,
      "is_contributor": false,
      "patch": 51,
      "region": 15,
      "isRadiant": false,
      "total_gold": 14288,
      "total_xp": 14781,
      "kills_per_min": 0.20701552616446234,
      "kda": 1,
      "abandons": 0,
      "rank_tier": null,
      "is_subscriber": false,
      "cosmetics": [],
      "benchmarks": {
        "gold_per_min": {
          "raw": 493,
          "pct": 0
        },
        "xp_per_min": {
          "raw": 510,
          "pct": 0
        },
        "kills_per_min": {
          "raw": 0.20701552616446234,
          "pct": 0.5
        },
        "last_hits_per_min": {
          "raw": 4.899367452558942,
          "pct": 0
        },
        "hero_damage_per_min": {
          "raw": 364.3818286371478,
          "pct": 0
        },
        "hero_healing_per_min": {
          "raw": 0,
          "pct": 1
        },
        "tower_damage": {
          "raw": 0,
          "pct": 0
        },
        "stuns_per_min": {
          "raw": 0,
          "pct": 0
        },
        "lhten": {}
      }
    },
    {
      "player_slot": 131,
      "ability_targets": null,
      "ability_upgrades_arr": [
        895,
        5263,
        5263,
        895,
        5263,
        5266,
        895,
        5263,
        656,
        895,
        404
      ],
      "ability_uses": null,
      "actions": null,
      "additional_units": null,
      "assists": 3,
      "backpack_0": 0,
      "backpack_1": 0,
      "backpack_2": 0,
      "backpack_3": null,
      "buyback_log": null,
      "camps_stacked": null,
      "connection_log": null,
      "creeps_stacked": null,
      "damage": null,
      "damage_inflictor": null,
      "damage_inflictor_received": null,
      "damage_taken": null,
      "damage_targets": null,
      "deaths": 8,
      "denies": 4,
      "dn_t": null,
      "firstblood_claimed": null,
      "gold": 483,
      "gold_per_min": 195,
      "gold_reasons": null,
      "gold_spent": 5705,
      "gold_t": null,
      "hero_damage": 2493,
      "hero_healing": 3119,
      "hero_hits": null,
      "hero_id": 57,
      "item_0": 226,
      "item_1": 218,
      "item_2": 0,
      "item_3": 29,
      "item_4": 0,
      "item_5": 0,
      "item_neutral": 358,
      "item_uses": null,
      "kill_streaks": null,
      "killed": null,
      "killed_by": null,
      "kills": 3,
      "kills_log": null,
      "lane_pos": null,
      "last_hits": 19,
      "leaver_status": 0,
      "level": 11,
      "lh_t": null,
      "life_state": null,
      "max_hero_hit": null,
      "multi_kills": null,
      "net_worth": 5083,
      "obs": null,
      "obs_left_log": null,
      "obs_log": null,
      "obs_placed": null,
      "party_id": 8,
      "party_size": 1,
      "performance_others": null,
      "permanent_buffs": [],
      "pings": null,
      "pred_vict": null,
      "purchase": null,
      "purchase_log": null,
      "randomed": null,
      "repicked": null,
      "roshans_killed": null,
      "rune_pickups": null,
      "runes": null,
      "runes_log": null,
      "sen": null,
      "sen_left_log": null,
      "sen_log": null,
      "sen_placed": null,
      "stuns": null,
      "teamfight_participation": null,
      "times": null,
      "tower_damage": 183,
      "towers_killed": null,
      "xp_per_min": 253,
      "xp_reasons": null,
      "xp_t": null,
      "personaname": "(º-º)",
      "name": null,
      "last_login": null,
      "start_time": 1669911860,
      "duration": 1739,
      "cluster": 251,
      "lobby_type": 7,
      "game_mode": 22,
      "is_contributor": false,
      "patch": 51,
      "region": 15,
      "isRadiant": false,
      "total_gold": 5651,
      "total_xp": 7332,
      "kills_per_min": 0.10350776308223117,
      "kda": 0,
      "abandons": 0,
      "rank_tier": 25,
      "is_subscriber": false,
      "cosmetics": [],
      "benchmarks": {
        "gold_per_min": {
          "raw": 195,
          "pct": 0
        },
        "xp_per_min": {
          "raw": 253,
          "pct": 0
        },
        "kills_per_min": {
          "raw": 0.10350776308223117,
          "pct": 0.6875
        },
        "last_hits_per_min": {
          "raw": 0.6555491661874641,
          "pct": 0.1875
        },
        "hero_damage_per_min": {
          "raw": 86.01495112133411,
          "pct": 0.0625
        },
        "hero_healing_per_min": {
          "raw": 107.61357101782635,
          "pct": 0.375
        },
        "tower_damage": {
          "raw": 183,
          "pct": 0.125
        },
        "stuns_per_min": {
          "raw": 0,
          "pct": 0.9375
        },
        "lhten": {}
      }
    },
    {
      "player_slot": 132,
      "ability_targets": null,
      "ability_upgrades_arr": [
        5290,
        5291,
        5291,
        5289,
        5291,
        5292,
        5289,
        5291,
        5289,
        6250,
        5292,
        5290,
        5290,
        5289,
        6987
      ],
      "ability_uses": null,
      "actions": null,
      "additional_units": null,
      "assists": 7,
      "backpack_0": 990,
      "backpack_1": 8,
      "backpack_2": 0,
      "backpack_3": null,
      "buyback_log": null,
      "camps_stacked": null,
      "connection_log": null,
      "creeps_stacked": null,
      "damage": null,
      "damage_inflictor": null,
      "damage_inflictor_received": null,
      "damage_taken": null,
      "damage_targets": null,
      "deaths": 11,
      "denies": 12,
      "dn_t": null,
      "firstblood_claimed": null,
      "gold": 950,
      "gold_per_min": 334,
      "gold_reasons": null,
      "gold_spent": 9545,
      "gold_t": null,
      "hero_damage": 8502,
      "hero_healing": 0,
      "hero_hits": null,
      "hero_id": 63,
      "item_0": 166,
      "item_1": 240,
      "item_2": 21,
      "item_3": 63,
      "item_4": 36,
      "item_5": 75,
      "item_neutral": 947,
      "item_uses": null,
      "kill_streaks": null,
      "killed": null,
      "killed_by": null,
      "kills": 3,
      "kills_log": null,
      "lane_pos": null,
      "last_hits": 128,
      "leaver_status": 0,
      "level": 15,
      "lh_t": null,
      "life_state": null,
      "max_hero_hit": null,
      "multi_kills": null,
      "net_worth": 9005,
      "obs": null,
      "obs_left_log": null,
      "obs_log": null,
      "obs_placed": null,
      "party_id": 9,
      "party_size": 1,
      "performance_others": null,
      "permanent_buffs": [],
      "pings": null,
      "pred_vict": null,
      "purchase": null,
      "purchase_log": null,
      "randomed": null,
      "repicked": null,
      "roshans_killed": null,
      "rune_pickups": null,
      "runes": null,
      "runes_log": null,
      "sen": null,
      "sen_left_log": null,
      "sen_log": null,
      "sen_placed": null,
      "stuns": null,
      "teamfight_participation": null,
      "times": null,
      "tower_damage": 901,
      "towers_killed": null,
      "xp_per_min": 466,
      "xp_reasons": null,
      "xp_t": null,
      "personaname": "TSpirit.A",
      "name": null,
      "last_login": null,
      "start_time": 1669911860,
      "duration": 1739,
      "cluster": 251,
      "lobby_type": 7,
      "game_mode": 22,
      "is_contributor": false,
      "patch": 51,
      "region": 15,
      "isRadiant": false,
      "total_gold": 9680,
      "total_xp": 13506,
      "kills_per_min": 0.10350776308223117,
      "kda": 0,
      "abandons": 0,
      "rank_tier": 25,
      "is_subscriber": false,
      "cosmetics": [],
      "benchmarks": {
        "gold_per_min": {
          "raw": 334,
          "pct": 0.13333333333333333
        },
        "xp_per_min": {
          "raw": 466,
          "pct": 0.2
        },
        "kills_per_min": {
          "raw": 0.10350776308223117,
          "pct": 0.4
        },
        "last_hits_per_min": {
          "raw": 4.416331224841863,
          "pct": 0.26666666666666666
        },
        "hero_damage_per_min": {
          "raw": 293.34100057504315,
          "pct": 0
        },
        "hero_healing_per_min": {
          "raw": 0,
          "pct": 0.9333333333333333
        },
        "tower_damage": {
          "raw": 901,
          "pct": 0.26666666666666666
        },
        "stuns_per_min": {
          "raw": 0,
          "pct": 0.5333333333333333
        },
        "lhten": {}
      }
    }
  ],
  "patch": 51,
  "region": 15
}