{
  "chat": null,
  "cluster": 153,
  "cosmetics": null,
  "dire_score": 46,
  "dire_team_id": null,
  "draft_timings": null,
  "duration": 1882,
  "engine": 1,
  "first_blood_time": 165,
  "game_mode": 23,
  "human_players": 10,
  "leagueid": 0,
  "lobby_type": 0,
  "match_seq_num": 5780339826,
  "negative_votes": 0,
  "objectives": null,
  "picks_bans": null,
  "positive_votes": 0,
  "radiant_gold_adv": null,
  "radiant_score": 28,
  "radiant_team_id": null,
  "radiant_xp_adv": null,
  "skill": null,
  "start_time": 1669911770,
  "teamfights": null,
  "version": null,
  "replay_salt": 159015286,
  "series_id": 0,
  "series_type": 0,
  "players": [
    {
      "player_slot": 0,
      "ability_targets": null,
      "ability_upgrades_arr": [
        5190,
        5191,
        5190,
        5192,
        5190,
        5193,
        5191,
        5191,
        5191,
        483,
        5190,
        5193,
        5192,
        5192,
        490,
        5192,
        5193,
        1074,
        6847
      ],
      "ability_uses": null,
      "actions": null,
      "additional_units": null,
      "assists": 8,
      "backpack_0": 0,
      "backpack_1": 0,
      "backpack_2": 0,
      "backpack_3": null,
      "buyback_log": null,
      "camps_stacked": null,
      "connection_log": null,
      "creeps_stacked": null,
      "damage": null,
      "damage_inflictor": null,
      "damage_inflictor_received": null,
      "damage_taken": null,
      "damage_targets": null,
      "deaths": 10,
      "denies": 9,
      "dn_t": null,
      "firstblood_claimed": null,
      "gold": 1475,
      "gold_per_min": 839,
      "gold_reasons": null,
      "gold_spent": 21890,
      "gold_t": null,
      "hero_damage": 10143,
      "hero_healing": 0,
      "hero_hits": null,
      "hero_id": 44,
      "item_0": 50,
      "item_1": 116,
      "item_2": 145,
      "item_3": 143,
      "item_4": 108,
      "item_5": 168,
      "item_neutral": 376,
      "item_uses": null,
      "kill_streaks": null,
      "killed": null,
      "killed_by": null,
      "kills": 3,
      "kills_log": null,
      "lane_pos": null,
      "last_hits": 175,
      "leaver_status": 0,
      "level": 26,
      "lh_t": null,
      "life_state": null,
      "max_hero_hit": null,
      "multi_kills": null,
      "net_worth": 21900,
      "obs": null,
      "obs_left_log": null,
      "obs_log": null,
      "obs_placed": null,
      "party_id": 0,
      "party_size": 1,
      "performance_others": null,
      "permanent_buffs": [],
      "pings": null,
      "pred_vict": null,
      "purchase": null,
      "purchase_log": null,
      "randomed": null,
      "repicked": null,
      "roshans_killed": null,
      "rune_pickups": null,
      "runes": null,
      "runes_log": null,
      "sen": null,
      "sen_left_log": null,
      "sen_log": null,
      "sen_placed": null,
      "stuns": null,
      "teamfight_participation": null,
      "times": null,
      "tower_damage": 0,
      "towers_killed": null,
      "xp_per_min": 1456,
      "xp_reasons": null,
      "xp_t": null,
      "start_time": 1669911770,
      "duration": 1882,
      "cluster": 153,
      "lobby_type": 0,
      "game_mode": 23,
      "is_contributor": false,
      "patch": 51,
      "region": 5,
      "isRadiant": true,
      "total_gold": 26316,
      "total_xp": 45669,
      "kills_per_min": 0.09564293304994687,
      "kda": 1,
      "abandons": 0,
      "rank_tier": null,
      "is_subscriber": false,
      "cosmetics": [],
      "benchmarks": {
        "gold_per_min": {
          "raw": 839,
          "pct": 0.9259259259259259
        },
        "xp_per_min": {
          "raw": 1456,
          "pct": 1
        },
        "kills_per_min": {
          "raw": 0.09564293304994687,
          "pct": 0.037037037037037035
        },
        "last_hits_per_min": {
          "raw": 5.579171094580234,
          "pct": 0.2222222222222222
        },
        "hero_damage_per_min": {
          "raw": 323.3687566418704,
          "pct": 0.07407407407407407
        },
        "hero_healing_per_min": {
          "raw": 0,
          "pct": 0.9629629629629629
        },
        "tower_damage": {
          "raw": 0,
          "pct": 0.2222222222222222
        },
        "stuns_per_min": {
          "raw": 0,
          "pct": 0.4074074074074074
        },
        "lhten": {}
      }
    },
    {
      "player_slot": 1,
      "ability_targets": null,
      "ability_upgrades_arr": [
        5458,
        5460,
        5458,
        5459,
        5459,
        5461,
        5458,
        5460,
        5459,
        5458,
        5461,
        6536,
        5460,
        5460,
        517,
        5459,
        5461,
        6215,
        6630,
        6368,
        788,
        6812,
        737
      ],
      "ability_uses": null,
      "actions": null,
      "additional_units": null,
      "assists": 18,
      "backpack_0": 0,
      "backpack_1": 0,
      "backpack_2": 0,
      "backpack_3": null,
      "buyback_log": null,
      "camps_stacked": null,
      "connection_log": null,
      "creeps_stacked": null,
      "damage": null,
      "damage_inflictor": null,
      "damage_inflictor_received": null,
      "damage_taken": null,
      "damage_targets": null,
      "deaths": 8,
      "denies": 0,
      "dn_t": null,
      "firstblood_claimed": null,
      "gold": 3040,
      "gold_per_min": 927,
      "gold_reasons": null,
      "gold_spent": 27400,
      "gold_t": null,
      "hero_damage": 28857,
      "hero_healing": 0,
      "hero_hits": null,
      "hero_id": 87,
      "item_0": 218,
      "item_1": 102,
      "item_2": 48,
      "item_3": 114,
      "item_4": 235,
      "item_5": 116,
      "item_neutral": 990,
      "item_uses": null,
      "kill_streaks": null,
      "killed": null,
      "killed_by": null,
      "kills": 5,
      "kills_log": null,
      "lane_pos": null,
      "last_hits": 26,
      "leaver_status": 0,
      "level": 30,
      "lh_t": null,
      "life_state": null,
      "max_hero_hit": null,
      "multi_kills": null,
      "net_worth": 28015,
      "obs": null,
      "obs_left_log": null,
      "obs_log": null,
      "obs_placed": null,
      "party_id": 1,
      "party_size": 1,
      "performance_others": null,
      "permanent_buffs": [
        {
          "permanent_buff": 2,
          "stack_count": 0,
          "grant_time": 1858
        },
        {
          "permanent_buff": 6,
          "stack_count": 1,
          "grant_time": 804
        }
      ],
      "pings": null,
      "pred_vict": null,
      "purchase": null,
      "purchase_log": null,
      "randomed": null,
      "repicked": null,
      "roshans_killed": null,
      "rune_pickups": null,
      "runes": null,
      "runes_log": null,
      "sen": null,
      "sen_left_log": null,
      "sen_log": null,
      "sen_placed": null,
      "stuns": null,
      "teamfight_participation": null,
      "times": null,
      "tower_damage": 0,
      "towers_killed": null,
      "xp_per_min": 1600,
      "xp_reasons": null,
      "xp_t": null,
      "start_time": 1669911770,
      "duration": 1882,
      "cluster": 153,
      "lobby_type": 0,
      "game_mode": 23,
      "is_contributor": false,
      "patch": 51,
      "region": 5,
      "isRadiant": true,
      "total_gold": 29076,
      "total_xp": 50186,
      "kills_per_min": 0.1594048884165781,
      "kda": 2,
      "abandons": 0,
      "rank_tier": null,
      "is_subscriber": false,
      "cosmetics": [],
      "benchmarks": {
        "gold_per_min": {
          "raw": 927,
          "pct": 1
        },
        "xp_per_min": {
          "raw": 1600,
          "pct": 1
        },
        "kills_per_min": {
          "raw": 0.1594048884165781,
          "pct": 0.8947368421052632
        },
        "last_hits_per_min": {
          "raw": 0.8289054197662062,
          "pct": 0.6140350877192983
        },
        "hero_damage_per_min": {
          "raw": 919.9893730074389,
          "pct": 1
        },
        "hero_healing_per_min": {
          "raw": 0,
          "pct": 0.8070175438596491
        },
        "tower_damage": {
          "raw": 0,
          "pct": 0.17543859649122806
        },
        "stuns_per_min": {
          "raw": 0,
          "pct": 1
        },
        "lhten": {}
      }
    },
    {
      "player_slot": 2,
      "ability_targets": null,
      "ability_upgrades_arr": [
        5168,
        7230,
        7230,
        5172,
        7230,
        5177,
        7230,
        5172,
        5168,
        5172,
        5172,
        5939,
        5177,
        5168,
        506,
        5168,
        5177,
        613,
        722,
        6612,
        901,
        6517
      ],
      "ability_uses": null,
      "actions": null,
      "additional_units": null,
      "assists": 7,
      "backpack_0": 40,
      "backpack_1": 0,
      "backpack_2": 0,
      "backpack_3": null,
      "buyback_log": null,
      "camps_stacked": null,
      "connection_log": null,
      "creeps_stacked": null,
      "damage": null,
      "damage_inflictor": null,
      "damage_inflictor_received": null,
      "damage_taken": null,
      "damage_targets": null,
      "deaths": 12,
      "denies": 6,
      "dn_t": null,
      "firstblood_claimed": null,
      "gold": 1277,
      "gold_per_min": 777,
      "gold_reasons": null,
      "gold_spent": 20400,
      "gold_t": null,
      "hero_damage": 21001,
      "hero_healing": 1215,
      "hero_hits": null,
      "hero_id": 38,
      "item_0": 29,
      "item_1": 635,
      "item_2": 110,
      "item_3": 116,
      "item_4": 36,
      "item_5": 1,
      "item_neutral": 571,
      "item_uses": null,
      "kill_streaks": null,
      "killed": null,
      "killed_by": null,
      "kills": 6,
      "kills_log": null,
      "lane_pos": null,
      "last_hits": 63,
      "leaver_status": 0,
      "level": 29,
      "lh_t": null,
      "life_state": null,
      "max_hero_hit": null,
      "multi_kills": null,
      "net_worth": 21282,
      "obs": null,
      "obs_left_log": null,
      "obs_log": null,
      "obs_placed": null,
      "party_id": 2,
      "party_size": 1,
      "performance_others": null,
      "permanent_buffs": [
        {
          "permanent_buff": 6,
          "stack_count": 1,
          "grant_time": 1502
        },
        {
          "permanent_buff": 12,
          "stack_count": 0,
          "grant_time": 1214
        }
      ],
      "pings": null,
      "pred_vict": null,
      "purchase": null,
      "purchase_log": null,
      "randomed": null,
      "repicked": null,
      "roshans_killed": null,
      "rune_pickups": null,
      "runes": null,
      "runes_log": null,
      "sen": null,
      "sen_left_log": null,
      "sen_log": null,
      "sen_placed": null,
      "stuns": null,
      "teamfight_participation": null,
      "times": null,
      "tower_damage": 1149,
      "towers_killed": null,
      "xp_per_min": 1419,
      "xp_reasons": null,
      "xp_t": null,
      "personaname": "Lundwig",
      "name": null,
      "last_login": null,
      "start_time": 1669911770,
      "duration": 1882,
      "cluster": 153,
      "lobby_type": 0,
      "game_mode": 23,
      "is_contributor": false,
      "patch": 51,
      "region": 5,
      "isRadiant": true,
      "total_gold": 24371,
      "total_xp": 44509,
      "kills_per_min": 0.19128586609989373,
      "kda": 1,
      "abandons": 0,
      "rank_tier": 24,
      "is_subscriber": false,
      "cosmetics": [],
      "benchmarks": {
        "gold_per_min": {
          "raw": 777,
          "pct": 1
        },
        "xp_per_min": {
          "raw": 1419,
          "pct": 1
        },
        "kills_per_min": {
          "raw": 0.19128586609989373,
          "pct": 0.75
        },
        "last_hits_per_min": {
          "raw": 2.008501594048884,
          "pct": 0
        },
        "hero_damage_per_min": {
          "raw": 669.5324123273114,
          "pct": 0.8333333333333334
        },
        "hero_healing_per_min": {
          "raw": 38.735387885228484,
          "pct": 0.4166666666666667
        },
        "tower_damage": {
          "raw": 1149,
          "pct": 0.041666666666666664
        },
        "stuns_per_min": {
          "raw": 0,
          "pct": 0
        },
        "lhten": {}
      }
    },
    {
      "player_slot": 3,
      "ability_targets": null,
      "ability_upgrades_arr": [
        5290,
        5291,
        5291,
        5290,
        5289,
        5290,
        5292,
        5290,
        5291,
        6250,
        5291,
        5292,
        5289,
        5289,
        6987,
        5289,
        5292,
        6131,
        6990,
        6200,
        6989
      ],
      "ability_uses": null,
      "actions": null,
      "additional_units": null,
      "assists": 10,
      "backpack_0": 0,
      "backpack_1": 0,
      "backpack_2": 0,
      "backpack_3": null,
      "buyback_log": null,
      "camps_stacked": null,
      "connection_log": null,
      "creeps_stacked": null,
      "damage": null,
      "damage_inflictor": null,
      "damage_inflictor_received": null,
      "damage_taken": null,
      "damage_targets": null,
      "deaths": 8,
      "denies": 9,
      "dn_t": null,
      "firstblood_claimed": null,
      "gold": 4653,
      "gold_per_min": 936,
      "gold_reasons": null,
      "gold_spent": 28705,
      "gold_t": null,
      "hero_damage": 26690,
      "hero_healing": 0,
      "hero_hits": null,
      "hero_id": 63,
      "item_0": 116,
      "item_1": 158,
      "item_2": 141,
      "item_3": 36,
      "item_4": 63,
      "item_5": 135,
      "item_neutral": 585,
      "item_uses": null,
      "kill_streaks": null,
      "killed": null,
      "killed_by": null,
      "kills": 2,
      "kills_log": null,
      "lane_pos": null,
      "last_hits": 98,
      "leaver_status": 0,
      "level": 29,
      "lh_t": null,
      "life_state": null,
      "max_hero_hit": null,
      "multi_kills": null,
      "net_worth": 27778,
      "obs": null,
      "obs_left_log": null,
      "obs_log": null,
      "obs_placed": null,
      "party_id": 3,
      "party_size": 1,
      "performance_others": null,
      "permanent_buffs": [
        {
          "permanent_buff": 12,
          "stack_count": 0,
          "grant_time": 1647
        }
      ],
      "pings": null,
      "pred_vict": null,
      "purchase": null,
      "purchase_log": null,
      "randomed": null,
      "repicked": null,
      "roshans_killed": null,
      "rune_pickups": null,
      "runes": null,
      "runes_log": null,
      "sen": null,
      "sen_left_log": null,
      "sen_log": null,
      "sen_placed": null,
      "stuns": null,
      "teamfight_participation": null,
      "times": null,
      "tower_damage": 836,
      "towers_killed": null,
      "xp_per_min": 1460,
      "xp_reasons": null,
      "xp_t": null,
      "personaname": "Circle.BigBoss",
      "name": null,
      "last_login": null,
      "start_time": 1669911770,
      "duration": 1882,
      "cluster": 153,
      "lobby_type": 0,
      "game_mode": 23,
      "is_contributor": false,
      "patch": 51,
      "region": 5,
      "isRadiant": true,
      "total_gold": 29359,
      "total_xp": 45795,
      "kills_per_min": 0.06376195536663125,
      "kda": 1,
      "abandons": 0,
      "rank_tier": 25,
      "is_subscriber": false,
      "cosmetics": [],
      "benchmarks": {
        "gold_per_min": {
          "raw": 936,
          "pct": 1
        },
        "xp_per_min": {
          "raw": 1460,
          "pct": 1
        },
        "kills_per_min": {
          "raw": 0.06376195536663123,
          "pct": 0.26666666666666666
        },
        "last_hits_per_min": {
          "raw": 3.124335812964931,
          "pct": 0.13333333333333333
        },
        "hero_damage_per_min": {
          "raw": 850.9032943676939,
          "pct": 0.8
        },
        "hero_healing_per_min": {
          "raw": 0,
          "pct": 0.9333333333333333
        },
        "tower_damage": {
          "raw": 836,
          "pct": 0.2
        },
        "stuns_per_min": {
          "raw": 0,
          "pct": 0.5333333333333333
        },
        "lhten": {}
      }
    },
    {
      "player_slot": 4,
      "ability_targets": null,
      "ability_upgrades_arr": [
        5110,
        641,
        5110,
        5111,
        5110,
        5113,
        5110,
        5111,
        5111,
        5111,
        1061,
        5113,
        641,
        641,
        934,
        641,
        5113,
        6518,
        8038,
        5903,
        6157,
        611,
        6501
      ],
      "ability_uses": null,
      "actions": null,
      "additional_units": null,
      "assists": 14,
      "backpack_0": 42,
      "backpack_1": 0,
      "backpack_2": 0,
      "backpack_3": null,
      "buyback_log": null,
      "camps_stacked": null,
      "connection_log": null,
      "creeps_stacked": null,
      "damage": null,
      "damage_inflictor": null,
      "damage_inflictor_received": null,
      "damage_taken": null,
      "damage_targets": null,
      "deaths": 8,
      "denies": 0,
      "dn_t": null,
      "firstblood_claimed": null,
      "gold": 9638,
      "gold_per_min": 1251,
      "gold_reasons": null,
      "gold_spent": 30850,
      "gold_t": null,
      "hero_damage": 62310,
      "hero_healing": 0,
      "hero_hits": null,
      "hero_id": 22,
      "item_0": 108,
      "item_1": 235,
      "item_2": 180,
      "item_3": 176,
      "item_4": 110,
      "item_5": 610,
      "item_neutral": 289,
      "item_uses": null,
      "kill_streaks": null,
      "killed": null,
      "killed_by": null,
      "kills": 8,
      "kills_log": null,
      "lane_pos": null,
      "last_hits": 90,
      "leaver_status": 0,
      "level": 30,
      "lh_t": null,
      "life_state": null,
      "max_hero_hit": null,
      "multi_kills": null,
      "net_worth": 38388,
      "obs": null,
      "obs_left_log": null,
      "obs_log": null,
      "obs_placed": null,
      "party_id": 4,
      "party_size": 1,
      "performance_others": null,
      "permanent_buffs": [
        {
          "permanent_buff": 12,
          "stack_count": 0,
          "grant_time": 1102
        }
      ],
      "pings": null,
      "pred_vict": null,
      "purchase": null,
      "purchase_log": null,
      "randomed": null,
      "repicked": null,
      "roshans_killed": null,
      "rune_pickups": null,
      "runes": null,
      "runes_log": null,
      "sen": null,
      "sen_left_log": null,
      "sen_log": null,
      "sen_placed": null,
      "stuns": null,
      "teamfight_participation": null,
      "times": null,
      "tower_damage": 0,
      "towers_killed": null,
      "xp_per_min": 1460,
      "xp_reasons": null,
      "xp_t": null,
      "start_time": 1669911770,
      "duration": 1882,
      "cluster": 153,
      "lobby_type": 0,
      "game_mode": 23,
      "is_contributor": false,
      "patch": 51,
      "region": 5,
      "isRadiant": true,
      "total_gold": 39239,
      "total_xp": 45795,
      "kills_per_min": 0.255047821466525,
      "kda": 2,
      "abandons": 0,
      "rank_tier": null,
      "is_subscriber": false,
      "cosmetics": [],
      "benchmarks": {
        "gold_per_min": {
          "raw": 1251,
          "pct": 1
        },
        "xp_per_min": {
          "raw": 1460,
          "pct": 1
        },
        "kills_per_min": {
          "raw": 0.25504782146652494,
          "pct": 0.5714285714285714
        },
        "last_hits_per_min": {
          "raw": 2.869287991498406,
          "pct": 0.2571428571428571
        },
        "hero_damage_per_min": {
          "raw": 1986.5037194473964,
          "pct": 1
        },
        "hero_healing_per_min": {
          "raw": 0,
          "pct": 0.7714285714285715
        },
        "tower_damage": {
          "raw": 0,
          "pct": 0.22857142857142856
        },
        "stuns_per_min": {
          "raw": 0,
          "pct": 0
        },
        "lhten": {}
      }
    },
    {
      "player_slot": 128,
      "ability_targets": null,
      "ability_upgrades_arr": [
        5377,
        5379,
        5377,
        5379,
        5377,
        5380,
        5377,
        5379,
        5379,
        5378,
        5906,
        5380,
        6880,
        5378,
        5378,
        5378,
        5380,
        8247,
        1073,
        6184,
        721,
        6879,
        6878
      ],
      "ability_uses": null,
      "actions": null,
      "additional_units": null,
      "assists": 13,
      "backpack_0": 0,
      "backpack_1": 0,
      "backpack_2": 0,
      "backpack_3": null,
      "buyback_log": null,
      "camps_stacked": null,
      "connection_log": null,
      "creeps_stacked": null,
      "damage": null,
      "damage_inflictor": null,
      "damage_inflictor_received": null,
      "damage_taken": null,
      "damage_targets": null,
      "deaths": 7,
      "denies": 4,
      "dn_t": null,
      "firstblood_claimed": null,
      "gold": 2261,
      "gold_per_min": 1142,
      "gold_reasons": null,
      "gold_spent": 30320,
      "gold_t": null,
      "hero_damage": 33682,
      "hero_healing": 0,
      "hero_hits": null,
      "hero_id": 75,
      "item_0": 152,
      "item_1": 96,
      "item_2": 911,
      "item_3": 135,
      "item_4": 48,
      "item_5": 247,
      "item_neutral": 300,
      "item_uses": null,
      "kill_streaks": null,
      "killed": null,
      "killed_by": null,
      "kills": 13,
      "kills_log": null,
      "lane_pos": null,
      "last_hits": 95,
      "leaver_status": 0,
      "level": 30,
      "lh_t": null,
      "life_state": null,
      "max_hero_hit": null,
      "multi_kills": null,
      "net_worth": 28611,
      "obs": null,
      "obs_left_log": null,
      "obs_log": null,
      "obs_placed": null,
      "party_id": 5,
      "party_size": 1,
      "performance_others": null,
      "permanent_buffs": [
        {
          "permanent_buff": 3,
          "stack_count": 32,
          "grant_time": 494
        }
      ],
      "pings": null,
      "pred_vict": null,
      "purchase": null,
      "purchase_log": null,
      "randomed": null,
      "repicked": null,
      "roshans_killed": null,
      "rune_pickups": null,
      "runes": null,
      "runes_log": null,
      "sen": null,
      "sen_left_log": null,
      "sen_log": null,
      "sen_placed": null,
      "stuns": null,
      "teamfight_participation": null,
      "times": null,
      "tower_damage": 6000,
      "towers_killed": null,
      "xp_per_min": 1973,
      "xp_reasons": null,
      "xp_t": null,
      "start_time": 1669911770,
      "duration": 1882,
      "cluster": 153,
      "lobby_type": 0,
      "game_mode": 23,
      "is_contributor": false,
      "patch": 51,
      "region": 5,
      "isRadiant": false,
      "total_gold": 35820,
      "total_xp": 61886,
      "kills_per_min": 0.41445270988310307,
      "kda": 3,
      "abandons": 0,
      "rank_tier": null,
      "is_subscriber": false,
      "cosmetics": [],
      "benchmarks": {
        "gold_per_min": {
          "raw": 1142,
          "pct": 1
        },
        "xp_per_min": {
          "raw": 1973,
          "pct": 1
        },
        "kills_per_min": {
          "raw": 0.4144527098831031,
          "pct": 0.9818181818181818
        },
        "last_hits_per_min": {
          "raw": 3.0286928799149844,
          "pct": 0.8727272727272727
        },
        "hero_damage_per_min": {
          "raw": 1073.8150903294368,
          "pct": 1
        },
        "hero_healing_per_min": {
          "raw": 0,
          "pct": 0.8
        },
        "tower_damage": {
          "raw": 6000,
          "pct": 0.9818181818181818
        },
        "stuns_per_min": {
          "raw": 0,
          "pct": 0.8727272727272727
        },
        "lhten": {}
      }
    },
    {
      "player_slot": 129,
      "ability_targets": null,
      "ability_upgrades_arr": [
        5075,
        5076,
        5076,
        5074,
        5076,
        5077,
        5076,
        5074,
        5074,
        5931,
        5074,
        5077,
        5075,
        5075,
        6565,
        5075,
        5077,
        408,
        6506,
        7142,
        507
      ],
      "ability_uses": null,
      "actions": null,
      "additional_units": null,
      "assists": 12,
      "backpack_0": 0,
      "backpack_1": 0,
      "backpack_2": 0,
      "backpack_3": null,
      "buyback_log": null,
      "camps_stacked": null,
      "connection_log": null,
      "creeps_stacked": null,
      "damage": null,
      "damage_inflictor": null,
      "damage_inflictor_received": null,
      "damage_taken": null,
      "damage_targets": null,
      "deaths": 5,
      "denies": 1,
      "dn_t": null,
      "firstblood_claimed": null,
      "gold": 4184,
      "gold_per_min": 742,
      "gold_reasons": null,
      "gold_spent": 20020,
      "gold_t": null,
      "hero_damage": 15800,
      "hero_healing": 0,
      "hero_hits": null,
      "hero_id": 14,
      "item_0": 1,
      "item_1": 692,
      "item_2": 125,
      "item_3": 48,
      "item_4": 114,
      "item_5": 108,
      "item_neutral": 949,
      "item_uses": null,
      "kill_streaks": null,
      "killed": null,
      "killed_by": null,
      "kills": 5,
      "kills_log": null,
      "lane_pos": null,
      "last_hits": 36,
      "leaver_status": 1,
      "level": 28,
      "lh_t": null,
      "life_state": null,
      "max_hero_hit": null,
      "multi_kills": null,
      "net_worth": 23259,
      "obs": null,
      "obs_left_log": null,
      "obs_log": null,
      "obs_placed": null,
      "party_id": 6,
      "party_size": 1,
      "performance_others": null,
      "permanent_buffs": [
        {
          "permanent_buff": 4,
          "stack_count": 12,
          "grant_time": 319
        }
      ],
      "pings": null,
      "pred_vict": null,
      "purchase": null,
      "purchase_log": null,
      "randomed": null,
      "repicked": null,
      "roshans_killed": null,
      "rune_pickups": null,
      "runes": null,
      "runes_log": null,
      "sen": null,
      "sen_left_log": null,
      "sen_log": null,
      "sen_placed": null,
      "stuns": null,
      "teamfight_participation": null,
      "times": null,
      "tower_damage": 838,
      "towers_killed": null,
      "xp_per_min": 1528,
      "xp_reasons": null,
      "xp_t": null,
      "personaname": "MY ASS",
      "name": null,
      "last_login": null,
      "start_time": 1669911770,
      "duration": 1882,
      "cluster": 153,
      "lobby_type": 0,
      "game_mode": 23,
      "is_contributor": false,
      "patch": 51,
      "region": 5,
      "isRadiant": false,
      "total_gold": 23274,
      "total_xp": 47928,
      "kills_per_min": 0.1594048884165781,
      "kda": 2,
      "abandons": 0,
      "rank_tier": 31,
      "is_subscriber": false,
      "cosmetics": [],
      "benchmarks": {
        "gold_per_min": {
          "raw": 742,
          "pct": 1
        },
        "xp_per_min": {
          "raw": 1528,
          "pct": 1
        },
        "kills_per_min": {
          "raw": 0.1594048884165781,
          "pct": 0.42857142857142855
        },
        "last_hits_per_min": {
          "raw": 1.1477151965993624,
          "pct": 0.08928571428571429
        },
        "hero_damage_per_min": {
          "raw": 503.7194473963868,
          "pct": 0.48214285714285715
        },
        "hero_healing_per_min": {
          "raw": 0,
          "pct": 0.6428571428571429
        },
        "tower_damage": {
          "raw": 838,
          "pct": 0.7142857142857143
        },
        "stuns_per_min": {
          "raw": 0,
          "pct": 0
        },
        "lhten": {}
      }
    },
    {
      "player_slot": 130,
      "ability_targets": null,
      "ability_upgrades_arr": [
        5391,
        5684,
        5392,
        5391,
        5391,
        5394,
        5391,
        5392,
        5684,
        5906,
        5684,
        5394,
        5684,
        5392,
        957,
        5392,
        5394,
        7375,
        6241,
        5959,
        6141,
        6080,
        750
      ],
      "ability_uses": null,
      "actions": null,
      "additional_units": null,
      "assists": 10,
      "backpack_0": 0,
      "backpack_1": 0,
      "backpack_2": 0,
      "backpack_3": null,
      "buyback_log": null,
      "camps_stacked": null,
      "connection_log": null,
      "creeps_stacked": null,
      "damage": null,
      "damage_inflictor": null,
      "damage_inflictor_received": null,
      "damage_taken": null,
      "damage_targets": null,
      "deaths": 9,
      "denies": 1,
      "dn_t": null,
      "firstblood_claimed": null,
      "gold": 3416,
      "gold_per_min": 1243,
      "gold_reasons": null,
      "gold_spent": 37385,
      "gold_t": null,
      "hero_damage": 49894,
      "hero_healing": 0,
      "hero_hits": null,
      "hero_id": 76,
      "item_0": 534,
      "item_1": 116,
      "item_2": 135,
      "item_3": 603,
      "item_4": 263,
      "item_5": 220,
      "item_neutral": 376,
      "item_uses": null,
      "kill_streaks": null,
      "killed": null,
      "killed_by": null,
      "kills": 14,
      "kills_log": null,
      "lane_pos": null,
      "last_hits": 142,
      "leaver_status": 0,
      "level": 30,
      "lh_t": null,
      "life_state": null,
      "max_hero_hit": null,
      "multi_kills": null,
      "net_worth": 37991,
      "obs": null,
      "obs_left_log": null,
      "obs_log": null,
      "obs_placed": null,
      "party_id": 7,
      "party_size": 1,
      "performance_others": null,
      "permanent_buffs": [
        {
          "permanent_buff": 2,
          "stack_count": 0,
          "grant_time": 1640
        },
        {
          "permanent_buff": 12,
          "stack_count": 0,
          "grant_time": 1512
        }
      ],
      "pings": null,
      "pred_vict": null,
      "purchase": null,
      "purchase_log": null,
      "randomed": null,
      "repicked": null,
      "roshans_killed": null,
      "rune_pickups": null,
      "runes": null,
      "runes_log": null,
      "sen": null,
      "sen_left_log": null,
      "sen_log": null,
      "sen_placed": null,
      "stuns": null,
      "teamfight_participation": null,
      "times": null,
      "tower_damage": 2620,
      "towers_killed": null,
      "xp_per_min": 1772,
      "xp_reasons": null,
      "xp_t": null,
      "start_time": 1669911770,
      "duration": 1882,
      "cluster": 153,
      "lobby_type": 0,
      "game_mode": 23,
      "is_contributor": false,
      "patch": 51,
      "region": 5,
      "isRadiant": false,
      "total_gold": 38988,
      "total_xp": 55581,
      "kills_per_min": 0.4463336875664187,
      "kda": 2,
      "abandons": 0,
      "rank_tier": null,
      "is_subscriber": false,
      "cosmetics": [],
      "benchmarks": {
        "gold_per_min": {
          "raw": 1243,
          "pct": 1
        },
        "xp_per_min": {
          "raw": 1772,
          "pct": 1
        },
        "kills_per_min": {
          "raw": 0.4463336875664187,
          "pct": 0.9354838709677419
        },
        "last_hits_per_min": {
          "raw": 4.527098831030819,
          "pct": 0.25806451612903225
        },
        "hero_damage_per_min": {
          "raw": 1590.6695005313495,
          "pct": 1
        },
        "hero_healing_per_min": {
          "raw": 0,
          "pct": 1
        },
        "tower_damage": {
          "raw": 2620,
          "pct": 0.5806451612903226
        },
        "stuns_per_min": {
          "raw": 0,
          "pct": 0.03225806451612903
        },
        "lhten": {}
      }
    },
    {
      "player_slot": 131,
      "ability_targets": null,
      "ability_upgrades_arr": [
        6583,
        6582,
        6495,
        6495,
        6495,
        6598,
        6495,
        6582,
        6582,
        1020,
        6583,
        6598,
        6583,
        6583,
        545,
        6582,
        6598,
        6584,
        6756,
        1031,
        6759,
        884,
        6766
      ],
      "ability_uses": null,
      "actions": null,
      "additional_units": null,
      "assists": 15,
      "backpack_0": 0,
      "backpack_1": 0,
      "backpack_2": 0,
      "backpack_3": null,
      "buyback_log": null,
      "camps_stacked": null,
      "connection_log": null,
      "creeps_stacked": null,
      "damage": null,
      "damage_inflictor": null,
      "damage_inflictor_received": null,
      "damage_taken": null,
      "damage_targets": null,
      "deaths": 4,
      "denies": 11,
      "dn_t": null,
      "firstblood_claimed": null,
      "gold": 11433,
      "gold_per_min": 1544,
      "gold_reasons": null,
      "gold_spent": 41855,
      "gold_t": null,
      "hero_damage": 38593,
      "hero_healing": 0,
      "hero_hits": null,
      "hero_id": 129,
      "item_0": 600,
      "item_1": 127,
      "item_2": 250,
      "item_3": 208,
      "item_4": 48,
      "item_5": 168,
      "item_neutral": 571,
      "item_uses": null,
      "kill_streaks": null,
      "killed": null,
      "killed_by": null,
      "kills": 8,
      "kills_log": null,
      "lane_pos": null,
      "last_hits": 240,
      "leaver_status": 0,
      "level": 30,
      "lh_t": null,
      "life_state": null,
      "max_hero_hit": null,
      "multi_kills": null,
      "net_worth": 46583,
      "obs": null,
      "obs_left_log": null,
      "obs_log": null,
      "obs_placed": null,
      "party_id": 8,
      "party_size": 1,
      "performance_others": null,
      "permanent_buffs": [
        {
          "permanent_buff": 2,
          "stack_count": 0,
          "grant_time": 1717
        },
        {
          "permanent_buff": 6,
          "stack_count": 1,
          "grant_time": 809
        },
        {
          "permanent_buff": 12,
          "stack_count": 0,
          "grant_time": 1389
        }
      ],
      "pings": null,
      "pred_vict": null,
      "purchase": null,
      "purchase_log": null,
      "randomed": null,
      "repicked": null,
      "roshans_killed": null,
      "rune_pickups": null,
      "runes": null,
      "runes_log": null,
      "sen": null,
      "sen_left_log": null,
      "sen_log": null,
      "sen_placed": null,
      "stuns": null,
      "teamfight_participation": null,
      "times": null,
      "tower_damage": 15032,
      "towers_killed": null,
      "xp_per_min": 1793,
      "xp_reasons": null,
      "xp_t": null,
      "personaname": "T",
      "name": null,
      "last_login": "2017-11-27T15:42:31.486Z",
      "start_time": 1669911770,
      "duration": 1882,
      "cluster": 153,
      "lobby_type": 0,
      "game_mode": 23,
      "is_contributor": false,
      "patch": 51,
      "region": 5,
      "isRadiant": false,
      "total_gold": 48430,
      "total_xp": 56240,
      "kills_per_min": 0.255047821466525,
      "kda": 4,
      "abandons": 0,
      "rank_tier": 23,
      "is_subscriber": false,
      "cosmetics": [],
      "benchmarks": {
        "gold_per_min": {
          "raw": 1544,
          "pct": 1
        },
        "xp_per_min": {
          "raw": 1793,
          "pct": 1
        },
        "kills_per_min": {
          "raw": 0.25504782146652494,
          "pct": 0.9090909090909091
        },
        "last_hits_per_min": {
          "raw": 7.65143464399575,
          "pct": 1
        },
        "hero_damage_per_min": {
          "raw": 1230.3825717321997,
          "pct": 1
        },
        "hero_healing_per_min": {
          "raw": 0,
          "pct": 0.9545454545454546
        },
        "tower_damage": {
          "raw": 15032,
          "pct": 1
        },
        "stuns_per_min": {
          "raw": 0,
          "pct": 0.022727272727272728
        },
        "lhten": {}
      }
    },
    {
      "player_slot": 132,
      "ability_targets": null,
      "ability_upgrades_arr": [
        5370,
        5372,
        5370,
        5372,
        5372,
        5371,
        5372,
        5371,
        5370,
        5372,
        5372,
        5370,
        5372,
        5371,
        5370,
        6099,
        7148,
        5371,
        6811,
        5371,
        5371,
        5371,
        5370,
        5370,
        6098
      ],
      "ability_uses": null,
      "actions": null,
      "additional_units": null,
      "assists": 15,
      "backpack_0": 0,
      "backpack_1": 0,
      "backpack_2": 0,
      "backpack_3": null,
      "buyback_log": null,
      "camps_stacked": null,
      "connection_log": null,
      "creeps_stacked": null,
      "damage": null,
      "damage_inflictor": null,
      "damage_inflictor_received": null,
      "damage_taken": null,
      "damage_targets": null,
      "deaths": 3,
      "denies": 3,
      "dn_t": null,
      "firstblood_claimed": null,
      "gold": 6459,
      "gold_per_min": 954,
      "gold_reasons": null,
      "gold_spent": 24220,
      "gold_t": null,
      "hero_damage": 27279,
      "hero_healing": 0,
      "hero_hits": null,
      "hero_id": 74,
      "item_0": 604,
      "item_1": 77,
      "item_2": 48,
      "item_3": 108,
      "item_4": 235,
      "item_5": 123,
      "item_neutral": 311,
      "item_uses": null,
      "kill_streaks": null,
      "killed": null,
      "killed_by": null,
      "kills": 5,
      "kills_log": null,
      "lane_pos": null,
      "last_hits": 75,
      "leaver_status": 0,
      "level": 30,
      "lh_t": null,
      "life_state": null,
      "max_hero_hit": null,
      "multi_kills": null,
      "net_worth": 30439,
      "obs": null,
      "obs_left_log": null,
      "obs_log": null,
      "obs_placed": null,
      "party_id": 9,
      "party_size": 1,
      "performance_others": null,
      "permanent_buffs": [],
      "pings": null,
      "pred_vict": null,
      "purchase": null,
      "purchase_log": null,
      "randomed": null,
      "repicked": null,
      "roshans_killed": null,
      "rune_pickups": null,
      "runes": null,
      "runes_log": null,
      "sen": null,
      "sen_left_log": null,
      "sen_log": null,
      "sen_placed": null,
      "stuns": null,
      "teamfight_participation": null,
      "times": null,
      "tower_damage": 1352,
      "towers_killed": null,
      "xp_per_min": 1721,
      "xp_reasons": null,
      "xp_t": null,
      "start_time": 1669911770,
      "duration": 1882,
      "cluster": 153,
      "lobby_type": 0,
      "game_mode": 23,
      "is_contributor": false,
      "patch": 51,
      "region": 5,
      "isRadiant": false,
      "total_gold": 29923,
      "total_xp": 53982,
      "kills_per_min": 0.1594048884165781,
      "kda": 5,
      "abandons": 0,
      "rank_tier": null,
      "is_subscriber": false,
      "cosmetics": [],
      "benchmarks": {
        "gold_per_min": {
          "raw": 954,
          "pct": 1
        },
        "xp_per_min": {
          "raw": 1721,
          "pct": 1
        },
        "kills_per_min": {
          "raw": 0.1594048884165781,
          "pct": 0.3870967741935484
        },
        "last_hits_per_min": {
          "raw": 2.3910733262486716,
          "pct": 0.0967741935483871
        },
        "hero_damage_per_min": {
          "raw": 869.6811902231669,
          "pct": 0.8064516129032258
        },
        "hero_healing_per_min": {
          "raw": 0,
          "pct": 0.7096774193548387
        },
        "tower_damage": {
          "raw": 1352,
          "pct": 0.2903225806451613
        },
        "stuns_per_min": {
          "raw": 0,
          "pct": 0
        },
        "lhten": {}
      }
    }
  ],
  "patch": 51,
  "region": 5
}