{
  "chat": null,
  "cluster": 273,
  "cosmetics": null,
  "dire_score": 10,
  "dire_team_id": null,
  "draft_timings": null,
  "duration": 853,
  "engine": 1,
  "first_blood_time": 104,
  "game_mode": 23,
  "human_players": 10,
  "leagueid": 0,
  "lobby_type": 0,
  "match_seq_num": 5780346621,
  "negative_votes": 0,
  "objectives": null,
  "picks_bans": null,
  "positive_votes": 0,
  "radiant_gold_adv": null,
  "radiant_score": 29,
  "radiant_team_id": null,
  "radiant_xp_adv": null,
  "skill": null,
  "start_time": 1669912960,
  "teamfights": null,
  "version": null,
  "replay_salt": 237470427,
  "series_id": 0,
  "series_type": 0,
  "players": [
    {
      "player_slot": 0,
      "ability_targets": null,
      "ability_upgrades_arr": [
        5138,
        5140,
        5140,
        5138,
        5140,
        5141,
        5140,
        5138,
        5138,
        417,
        5139,
        5141,
        5139,
        5139,
        5993,
        5139
      ],
      "ability_uses": null,
      "actions": null,
      "additional_units": null,
      "assists": 8,
      "backpack_0": 0,
      "backpack_1": 0,
      "backpack_2": 0,
      "backpack_3": null,
      "buyback_log": null,
      "camps_stacked": null,
      "connection_log": null,
      "creeps_stacked": null,
      "damage": null,
      "damage_inflictor": null,
      "damage_inflictor_received": null,
      "damage_taken": null,
      "damage_targets": null,
      "deaths": 3,
      "denies": 1,
      "dn_t": null,
      "firstblood_claimed": null,
      "gold": 429,
      "gold_per_min": 714,
      "gold_reasons": null,
      "gold_spent": 10335,
      "gold_t": null,
      "hero_damage": 7620,
      "hero_healing": 2352,
      "hero_hits": null,
      "hero_id": 30,
      "item_0": 180,
      "item_1": 152,
      "item_2": 28,
      "item_3": 0,
      "item_4": 232,
      "item_5": 0,
      "item_neutral": 355,
      "item_uses": null,
      "kill_streaks": null,
      "killed": null,
      "killed_by": null,
      "kills": 2,
      "kills_log": null,
      "lane_pos": null,
      "last_hits": 32,
      "leaver_status": 0,
      "level": 17,
      "lh_t": null,
      "life_state": null,
      "max_hero_hit": null,
      "multi_kills": null,
      "net_worth": 10479,
      "obs": null,
      "obs_left_log": null,
      "obs_log": null,
      "obs_placed": null,
      "party_id": 0,
      "party_size": 1,
      "performance_others": null,
      "permanent_buffs": [],
      "pings": null,
      "pred_vict": null,
      "purchase": null,
      "purchase_log": null,
      "randomed": null,
      "repicked": null,
      "roshans_killed": null,
      "rune_pickups": null,
      "runes": null,
      "runes_log": null,
      "sen": null,
      "sen_left_log": null,
      "sen_log": null,
      "sen_placed": null,
      "stuns": null,
      "teamfight_participation": null,
      "times": null,
      "tower_damage": 655,
      "towers_killed": null,
      "xp_per_min": 1136,
      "xp_reasons": null,
      "xp_t": null,
      "start_time": 1669912960,
      "duration": 853,
      "cluster": 273,
      "lobby_type": 0,
      "game_mode": 23,
      "is_contributor": false,
      "patch": 51,
      "region": 3,
      "isRadiant": true,
      "total_gold": 10150,
      "total_xp": 16150,
      "kills_per_min": 0.1406799531066823,
      "kda": 2,
      "abandons": 0,
      "rank_tier": null,
      "is_subscriber": false,
      "cosmetics": [],
      "benchmarks": {
        "gold_per_min": {
          "raw": 714,
          "pct": 1
        },
        "xp_per_min": {
          "raw": 1136,
          "pct": 1
        },
        "kills_per_min": {
          "raw": 0.1406799531066823,
          "pct": 0.358974358974359
        },
        "last_hits_per_min": {
          "raw": 2.2508792497069168,
          "pct": 0.8717948717948718
        },
        "hero_damage_per_min": {
          "raw": 535.9906213364595,
          "pct": 0.5384615384615384
        },
        "hero_healing_per_min": {
          "raw": 165.43962485345838,
          "pct": 0.8974358974358975
        },
        "tower_damage": {
          "raw": 655,
          "pct": 0.8717948717948718
        },
        "stuns_per_min": {
          "raw": 0,
          "pct": 0.02564102564102564
        },
        "lhten": {}
      }
    },
    {
      "player_slot": 1,
      "ability_targets": null,
      "ability_upgrades_arr": [
        5028,
        5027,
        5028,
        5029,
        5028,
        5030,
        5028,
        5027,
        5027,
        6105,
        5027,
        5030,
        5029,
        5029,
        7394,
        5029,
        5030,
        7021
      ],
      "ability_uses": null,
      "actions": null,
      "additional_units": null,
      "assists": 10,
      "backpack_0": 356,
      "backpack_1": 0,
      "backpack_2": 0,
      "backpack_3": null,
      "buyback_log": null,
      "camps_stacked": null,
      "connection_log": null,
      "creeps_stacked": null,
      "damage": null,
      "damage_inflictor": null,
      "damage_inflictor_received": null,
      "damage_taken": null,
      "damage_targets": null,
      "deaths": 3,
      "denies": 9,
      "dn_t": null,
      "firstblood_claimed": null,
      "gold": 4009,
      "gold_per_min": 1317,
      "gold_reasons": null,
      "gold_spent": 16160,
      "gold_t": null,
      "hero_damage": 19049,
      "hero_healing": 2540,
      "hero_hits": null,
      "hero_id": 8,
      "item_0": 158,
      "item_1": 208,
      "item_2": 0,
      "item_3": 0,
      "item_4": 0,
      "item_5": 50,
      "item_neutral": 1077,
      "item_uses": null,
      "kill_streaks": null,
      "killed": null,
      "killed_by": null,
      "kills": 11,
      "kills_log": null,
      "lane_pos": null,
      "last_hits": 71,
      "leaver_status": 0,
      "level": 20,
      "lh_t": null,
      "life_state": null,
      "max_hero_hit": null,
      "multi_kills": null,
      "net_worth": 18759,
      "obs": null,
      "obs_left_log": null,
      "obs_log": null,
      "obs_placed": null,
      "party_id": 1,
      "party_size": 1,
      "performance_others": null,
      "permanent_buffs": [
        {
          "permanent_buff": 12,
          "stack_count": 0,
          "grant_time": 910
        }
      ],
      "pings": null,
      "pred_vict": null,
      "purchase": null,
      "purchase_log": null,
      "randomed": null,
      "repicked": null,
      "roshans_killed": null,
      "rune_pickups": null,
      "runes": null,
      "runes_log": null,
      "sen": null,
      "sen_left_log": null,
      "sen_log": null,
      "sen_placed": null,
      "stuns": null,
      "teamfight_participation": null,
      "times": null,
      "tower_damage": 1812,
      "towers_killed": null,
      "xp_per_min": 1642,
      "xp_reasons": null,
      "xp_t": null,
      "start_time": 1669912960,
      "duration": 853,
      "cluster": 273,
      "lobby_type": 0,
      "game_mode": 23,
      "is_contributor": false,
      "patch": 51,
      "region": 3,
      "isRadiant": true,
      "total_gold": 18723,
      "total_xp": 23343,
      "kills_per_min": 0.7737397420867527,
      "kda": 5,
      "abandons": 0,
      "rank_tier": null,
      "is_subscriber": false,
      "cosmetics": [],
      "benchmarks": {
        "gold_per_min": {
          "raw": 1317,
          "pct": 1
        },
        "xp_per_min": {
          "raw": 1642,
          "pct": 1
        },
        "kills_per_min": {
          "raw": 0.7737397420867527,
          "pct": 1
        },
        "last_hits_per_min": {
          "raw": 4.9941383352872215,
          "pct": 0
        },
        "hero_damage_per_min": {
          "raw": 1339.9062133645955,
          "pct": 0.9393939393939394
        },
        "hero_healing_per_min": {
          "raw": 178.66354044548652,
          "pct": 0.6666666666666666
        },
        "tower_damage": {
          "raw": 1812,
          "pct": 0.30303030303030304
        },
        "stuns_per_min": {
          "raw": 0,
          "pct": 0.3333333333333333
        },
        "lhten": {}
      }
    },
    {
      "player_slot": 2,
      "ability_targets": null,
      "ability_upgrades_arr": [
        5127,
        5128,
        5128,
        5127,
        5126,
        5129,
        5128,
        5128,
        5127,
        5127,
        772,
        5129,
        5126,
        5126,
        7654,
        5126,
        5129
      ],
      "ability_uses": null,
      "actions": null,
      "additional_units": null,
      "assists": 16,
      "backpack_0": 0,
      "backpack_1": 0,
      "backpack_2": 0,
      "backpack_3": null,
      "buyback_log": null,
      "camps_stacked": null,
      "connection_log": null,
      "creeps_stacked": null,
      "damage": null,
      "damage_inflictor": null,
      "damage_inflictor_received": null,
      "damage_taken": null,
      "damage_targets": null,
      "deaths": 2,
      "denies": 0,
      "dn_t": null,
      "firstblood_claimed": null,
      "gold": 3940,
      "gold_per_min": 740,
      "gold_reasons": null,
      "gold_spent": 7200,
      "gold_t": null,
      "hero_damage": 9263,
      "hero_healing": 0,
      "hero_hits": null,
      "hero_id": 5,
      "item_0": 214,
      "item_1": 1,
      "item_2": 254,
      "item_3": 0,
      "item_4": 0,
      "item_5": 43,
      "item_neutral": 946,
      "item_uses": null,
      "kill_streaks": null,
      "killed": null,
      "killed_by": null,
      "kills": 5,
      "kills_log": null,
      "lane_pos": null,
      "last_hits": 4,
      "leaver_status": 0,
      "level": 18,
      "lh_t": null,
      "life_state": null,
      "max_hero_hit": null,
      "multi_kills": null,
      "net_worth": 10515,
      "obs": null,
      "obs_left_log": null,
      "obs_log": null,
      "obs_placed": null,
      "party_id": 2,
      "party_size": 3,
      "performance_others": null,
      "permanent_buffs": [
        {
          "permanent_buff": 6,
          "stack_count": 1,
          "grant_time": 827
        },
        {
          "permanent_buff": 12,
          "stack_count": 0,
          "grant_time": 825
        }
      ],
      "pings": null,
      "pred_vict": null,
      "purchase": null,
      "purchase_log": null,
      "randomed": null,
      "repicked": null,
      "roshans_killed": null,
      "rune_pickups": null,
      "runes": null,
      "runes_log": null,
      "sen": null,
      "sen_left_log": null,
      "sen_log": null,
      "sen_placed": null,
      "stuns": null,
      "teamfight_participation": null,
      "times": null,
      "tower_damage": 720,
      "towers_killed": null,
      "xp_per_min": 1317,
      "xp_reasons": null,
      "xp_t": null,
      "start_time": 1669912960,
      "duration": 853,
      "cluster": 273,
      "lobby_type": 0,
      "game_mode": 23,
      "is_contributor": false,
      "patch": 51,
      "region": 3,
      "isRadiant": true,
      "total_gold": 10520,
      "total_xp": 18723,
      "kills_per_min": 0.3516998827667057,
      "kda": 7,
      "abandons": 0,
      "rank_tier": null,
      "is_subscriber": false,
      "cosmetics": [],
      "benchmarks": {
        "gold_per_min": {
          "raw": 740,
          "pct": 1
        },
        "xp_per_min": {
          "raw": 1317,
          "pct": 1
        },
        "kills_per_min": {
          "raw": 0.3516998827667057,
          "pct": 1
        },
        "last_hits_per_min": {
          "raw": 0.2813599062133646,
          "pct": 0.025
        },
        "hero_damage_per_min": {
          "raw": 651.5592028135991,
          "pct": 1
        },
        "hero_healing_per_min": {
          "raw": 0,
          "pct": 0.875
        },
        "tower_damage": {
          "raw": 720,
          "pct": 0.85
        },
        "stuns_per_min": {
          "raw": 0,
          "pct": 0.025
        },
        "lhten": {}
      }
    },
    {
      "player_slot": 3,
      "ability_targets": null,
      "ability_upgrades_arr": [
        5154,
        5156,
        5155,
        5156,
        5156,
        5157,
        5156,
        5154,
        5154,
        6897,
        5155,
        5157,
        5155,
        5154,
        5155,
        5907,
        5157
      ],
      "ability_uses": null,
      "actions": null,
      "additional_units": null,
      "assists": 11,
      "backpack_0": 0,
      "backpack_1": 0,
      "backpack_2": 0,
      "backpack_3": null,
      "buyback_log": null,
      "camps_stacked": null,
      "connection_log": null,
      "creeps_stacked": null,
      "damage": null,
      "damage_inflictor": null,
      "damage_inflictor_received": null,
      "damage_taken": null,
      "damage_targets": null,
      "deaths": 1,
      "denies": 5,
      "dn_t": null,
      "firstblood_claimed": null,
      "gold": 4723,
      "gold_per_min": 982,
      "gold_reasons": null,
      "gold_spent": 9995,
      "gold_t": null,
      "hero_damage": 11978,
      "hero_healing": 0,
      "hero_hits": null,
      "hero_id": 35,
      "item_0": 11,
      "item_1": 166,
      "item_2": 0,
      "item_3": 152,
      "item_4": 172,
      "item_5": 236,
      "item_neutral": 947,
      "item_uses": null,
      "kill_streaks": null,
      "killed": null,
      "killed_by": null,
      "kills": 7,
      "kills_log": null,
      "lane_pos": null,
      "last_hits": 35,
      "leaver_status": 0,
      "level": 18,
      "lh_t": null,
      "life_state": null,
      "max_hero_hit": null,
      "multi_kills": null,
      "net_worth": 14198,
      "obs": null,
      "obs_left_log": null,
      "obs_log": null,
      "obs_placed": null,
      "party_id": 2,
      "party_size": 3,
      "performance_others": null,
      "permanent_buffs": [],
      "pings": null,
      "pred_vict": null,
      "purchase": null,
      "purchase_log": null,
      "randomed": null,
      "repicked": null,
      "roshans_killed": null,
      "rune_pickups": null,
      "runes": null,
      "runes_log": null,
      "sen": null,
      "sen_left_log": null,
      "sen_log": null,
      "sen_placed": null,
      "stuns": null,
      "teamfight_participation": null,
      "times": null,
      "tower_damage": 4270,
      "towers_killed": null,
      "xp_per_min": 1312,
      "xp_reasons": null,
      "xp_t": null,
      "start_time": 1669912960,
      "duration": 853,
      "cluster": 273,
      "lobby_type": 0,
      "game_mode": 23,
      "is_contributor": false,
      "patch": 51,
      "region": 3,
      "isRadiant": true,
      "total_gold": 13960,
      "total_xp": 18652,
      "kills_per_min": 0.492379835873388,
      "kda": 9,
      "abandons": 0,
      "rank_tier": null,
      "is_subscriber": false,
      "cosmetics": [],
      "benchmarks": {
        "gold_per_min": {
          "raw": 982,
          "pct": 1
        },
        "xp_per_min": {
          "raw": 1312,
          "pct": 1
        },
        "kills_per_min": {
          "raw": 0.49237983587338807,
          "pct": 0.9629629629629629
        },
        "last_hits_per_min": {
          "raw": 2.4618991793669402,
          "pct": 0.037037037037037035
        },
        "hero_damage_per_min": {
          "raw": 842.5322391559203,
          "pct": 0.4074074074074074
        },
        "hero_healing_per_min": {
          "raw": 0,
          "pct": 0.9629629629629629
        },
        "tower_damage": {
          "raw": 4270,
          "pct": 0.4074074074074074
        },
        "stuns_per_min": {
          "raw": 0,
          "pct": 0.1111111111111111
        },
        "lhten": {}
      }
    },
    {
      "player_slot": 4,
      "ability_targets": null,
      "ability_upgrades_arr": [
        5395,
        5397,
        5395,
        5397,
        5395,
        5398,
        5395,
        5397,
        5396,
        5397,
        5396,
        5398,
        621,
        5396,
        5396,
        846,
        5398
      ],
      "ability_uses": null,
      "actions": null,
      "additional_units": null,
      "assists": 15,
      "backpack_0": 0,
      "backpack_1": 0,
      "backpack_2": 0,
      "backpack_3": null,
      "buyback_log": null,
      "camps_stacked": null,
      "connection_log": null,
      "creeps_stacked": null,
      "damage": null,
      "damage_inflictor": null,
      "damage_inflictor_received": null,
      "damage_taken": null,
      "damage_targets": null,
      "deaths": 1,
      "denies": 1,
      "dn_t": null,
      "firstblood_claimed": null,
      "gold": 3606,
      "gold_per_min": 1050,
      "gold_reasons": null,
      "gold_spent": 11990,
      "gold_t": null,
      "hero_damage": 10030,
      "hero_healing": 1417,
      "hero_hits": null,
      "hero_id": 77,
      "item_0": 635,
      "item_1": 11,
      "item_2": 185,
      "item_3": 168,
      "item_4": 12,
      "item_5": 0,
      "item_neutral": 840,
      "item_uses": null,
      "kill_streaks": null,
      "killed": null,
      "killed_by": null,
      "kills": 4,
      "kills_log": null,
      "lane_pos": null,
      "last_hits": 58,
      "leaver_status": 0,
      "level": 18,
      "lh_t": null,
      "life_state": null,
      "max_hero_hit": null,
      "multi_kills": null,
      "net_worth": 15306,
      "obs": null,
      "obs_left_log": null,
      "obs_log": null,
      "obs_placed": null,
      "party_id": 2,
      "party_size": 3,
      "performance_others": null,
      "permanent_buffs": [],
      "pings": null,
      "pred_vict": null,
      "purchase": null,
      "purchase_log": null,
      "randomed": null,
      "repicked": null,
      "roshans_killed": null,
      "rune_pickups": null,
      "runes": null,
      "runes_log": null,
      "sen": null,
      "sen_left_log": null,
      "sen_log": null,
      "sen_placed": null,
      "stuns": null,
      "teamfight_participation": null,
      "times": null,
      "tower_damage": 9540,
      "towers_killed": null,
      "xp_per_min": 1288,
      "xp_reasons": null,
      "xp_t": null,
      "personaname": "Пес да Ліз",
      "name": null,
      "last_login": null,
      "start_time": 1669912960,
      "duration": 853,
      "cluster": 273,
      "lobby_type": 0,
      "game_mode": 23,
      "is_contributor": false,
      "patch": 51,
      "region": 3,
      "isRadiant": true,
      "total_gold": 14927,
      "total_xp": 18311,
      "kills_per_min": 0.2813599062133646,
      "kda": 9,
      "abandons": 0,
      "rank_tier": 22,
      "is_subscriber": false,
      "cosmetics": [],
      "benchmarks": {
        "gold_per_min": {
          "raw": 1050,
          "pct": 1
        },
        "xp_per_min": {
          "raw": 1288,
          "pct": 1
        },
        "kills_per_min": {
          "raw": 0.2813599062133646,
          "pct": 0.8666666666666667
        },
        "last_hits_per_min": {
          "raw": 4.079718640093787,
          "pct": 0
        },
        "hero_damage_per_min": {
          "raw": 705.5099648300117,
          "pct": 0.8
        },
        "hero_healing_per_min": {
          "raw": 99.6717467760844,
          "pct": 0.9333333333333333
        },
        "tower_damage": {
          "raw": 9540,
          "pct": 0.8666666666666667
        },
        "stuns_per_min": {
          "raw": 0,
          "pct": 0.6
        },
        "lhten": {}
      }
    },
    {
      "player_slot": 128,
      "ability_targets": null,
      "ability_upgrades_arr": [
        5075,
        5076,
        5074,
        5076,
        5076,
        5077,
        5076,
        5075,
        5075,
        7142,
        5077,
        5075,
        5074,
        5074
      ],
      "ability_uses": null,
      "actions": null,
      "additional_units": null,
      "assists": 4,
      "backpack_0": 473,
      "backpack_1": 0,
      "backpack_2": 0,
      "backpack_3": null,
      "buyback_log": null,
      "camps_stacked": null,
      "connection_log": null,
      "creeps_stacked": null,
      "damage": null,
      "damage_inflictor": null,
      "damage_inflictor_received": null,
      "damage_taken": null,
      "damage_targets": null,
      "deaths": 6,
      "denies": 5,
      "dn_t": null,
      "firstblood_claimed": null,
      "gold": 1490,
      "gold_per_min": 635,
      "gold_reasons": null,
      "gold_spent": 8150,
      "gold_t": null,
      "hero_damage": 6514,
      "hero_healing": 0,
      "hero_hits": null,
      "hero_id": 14,
      "item_0": 73,
      "item_1": 73,
      "item_2": 127,
      "item_3": 125,
      "item_4": 50,
      "item_5": 56,
      "item_neutral": 0,
      "item_uses": null,
      "kill_streaks": null,
      "killed": null,
      "killed_by": null,
      "kills": 3,
      "kills_log": null,
      "lane_pos": null,
      "last_hits": 21,
      "leaver_status": 0,
      "level": 15,
      "lh_t": null,
      "life_state": null,
      "max_hero_hit": null,
      "multi_kills": null,
      "net_worth": 9450,
      "obs": null,
      "obs_left_log": null,
      "obs_log": null,
      "obs_placed": null,
      "party_id": 3,
      "party_size": 1,
      "performance_others": null,
      "permanent_buffs": [
        {
          "permanent_buff": 4,
          "stack_count": 6,
          "grant_time": 252
        }
      ],
      "pings": null,
      "pred_vict": null,
      "purchase": null,
      "purchase_log": null,
      "randomed": null,
      "repicked": null,
      "roshans_killed": null,
      "rune_pickups": null,
      "runes": null,
      "runes_log": null,
      "sen": null,
      "sen_left_log": null,
      "sen_log": null,
      "sen_placed": null,
      "stuns": null,
      "teamfight_participation": null,
      "times": null,
      "tower_damage": 164,
      "towers_killed": null,
      "xp_per_min": 923,
      "xp_reasons": null,
      "xp_t": null,
      "start_time": 1669912960,
      "duration": 853,
      "cluster": 273,
      "lobby_type": 0,
      "game_mode": 23,
      "is_contributor": false,
      "patch": 51,
      "region": 3,
      "isRadiant": false,
      "total_gold": 9027,
      "total_xp": 13121,
      "kills_per_min": 0.21101992966002345,
      "kda": 1,
      "abandons": 0,
      "rank_tier": null,
      "is_subscriber": false,
      "cosmetics": [],
      "benchmarks": {
        "gold_per_min": {
          "raw": 635,
          "pct": 0.9107142857142857
        },
        "xp_per_min": {
          "raw": 923,
          "pct": 0.9285714285714286
        },
        "kills_per_min": {
          "raw": 0.21101992966002345,
          "pct": 0.6607142857142857
        },
        "last_hits_per_min": {
          "raw": 1.477139507620164,
          "pct": 0.17857142857142858
        },
        "hero_damage_per_min": {
          "raw": 458.1946072684642,
          "pct": 0.44642857142857145
        },
        "hero_healing_per_min": {
          "raw": 0,
          "pct": 0.6428571428571429
        },
        "tower_damage": {
          "raw": 164,
          "pct": 0.39285714285714285
        },
        "stuns_per_min": {
          "raw": 0,
          "pct": 0
        },
        "lhten": {}
      }
    },
    {
      "player_slot": 129,
      "ability_targets": null,
      "ability_upgrades_arr": [
        5182,
        5184,
        5184,
        5182,
        5184,
        5185,
        5184,
        5182,
        5182,
        5691,
        5691,
        5185,
        867,
        5691
      ],
      "ability_uses": null,
      "actions": null,
      "additional_units": null,
      "assists": 3,
      "backpack_0": 0,
      "backpack_1": 0,
      "backpack_2": 0,
      "backpack_3": null,
      "buyback_log": null,
      "camps_stacked": null,
      "connection_log": null,
      "creeps_stacked": null,
      "damage": null,
      "damage_inflictor": null,
      "damage_inflictor_received": null,
      "damage_taken": null,
      "damage_targets": null,
      "deaths": 4,
      "denies": 1,
      "dn_t": null,
      "firstblood_claimed": null,
      "gold": 981,
      "gold_per_min": 650,
      "gold_reasons": null,
      "gold_spent": 8865,
      "gold_t": null,
      "hero_damage": 4889,
      "hero_healing": 0,
      "hero_hits": null,
      "hero_id": 41,
      "item_0": 166,
      "item_1": 11,
      "item_2": 172,
      "item_3": 63,
      "item_4": 75,
      "item_5": 149,
      "item_neutral": 355,
      "item_uses": null,
      "kill_streaks": null,
      "killed": null,
      "killed_by": null,
      "kills": 3,
      "kills_log": null,
      "lane_pos": null,
      "last_hits": 42,
      "leaver_status": 0,
      "level": 15,
      "lh_t": null,
      "life_state": null,
      "max_hero_hit": null,
      "multi_kills": null,
      "net_worth": 9511,
      "obs": null,
      "obs_left_log": null,
      "obs_log": null,
      "obs_placed": null,
      "party_id": 4,
      "party_size": 2,
      "performance_others": null,
      "permanent_buffs": [
        {
          "permanent_buff": 6,
          "stack_count": 1,
          "grant_time": 831
        }
      ],
      "pings": null,
      "pred_vict": null,
      "purchase": null,
      "purchase_log": null,
      "randomed": null,
      "repicked": null,
      "roshans_killed": null,
      "rune_pickups": null,
      "runes": null,
      "runes_log": null,
      "sen": null,
      "sen_left_log": null,
      "sen_log": null,
      "sen_placed": null,
      "stuns": null,
      "teamfight_participation": null,
      "times": null,
      "tower_damage": 1043,
      "towers_killed": null,
      "xp_per_min": 941,
      "xp_reasons": null,
      "xp_t": null,
      "start_time": 1669912960,
      "duration": 853,
      "cluster": 273,
      "lobby_type": 0,
      "game_mode": 23,
      "is_contributor": false,
      "patch": 51,
      "region": 3,
      "isRadiant": false,
      "total_gold": 9240,
      "total_xp": 13377,
      "kills_per_min": 0.21101992966002345,
      "kda": 1,
      "abandons": 0,
      "rank_tier": null,
      "is_subscriber": false,
      "cosmetics": [],
      "benchmarks": {
        "gold_per_min": {
          "raw": 650,
          "pct": 0.6
        },
        "xp_per_min": {
          "raw": 941,
          "pct": 0.9
        },
        "kills_per_min": {
          "raw": 0.21101992966002345,
          "pct": 0.5333333333333333
        },
        "last_hits_per_min": {
          "raw": 2.954279015240328,
          "pct": 0.03333333333333333
        },
        "hero_damage_per_min": {
          "raw": 343.8921453692849,
          "pct": 0.1
        },
        "hero_healing_per_min": {
          "raw": 0,
          "pct": 1
        },
        "tower_damage": {
          "raw": 1043,
          "pct": 0.3333333333333333
        },
        "stuns_per_min": {
          "raw": 0,
          "pct": 0.03333333333333333
        },
        "lhten": {}
      }
    },
    {
      "player_slot": 130,
      "ability_targets": null,
      "ability_upgrades_arr": [
        5147,
        5146,
        5148,
        5148,
        5148,
        5149,
        5148,
        5146,
        5146,
        5146,
        461,
        5149,
        5147,
        5147
      ],
      "ability_uses": null,
      "actions": null,
      "additional_units": null,
      "assists": 6,
      "backpack_0": 0,
      "backpack_1": 0,
      "backpack_2": 0,
      "backpack_3": null,
      "buyback_log": null,
      "camps_stacked": null,
      "connection_log": null,
      "creeps_stacked": null,
      "damage": null,
      "damage_inflictor": null,
      "damage_inflictor_received": null,
      "damage_taken": null,
      "damage_targets": null,
      "deaths": 6,
      "denies": 2,
      "dn_t": null,
      "firstblood_claimed": null,
      "gold": 1286,
      "gold_per_min": 665,
      "gold_reasons": null,
      "gold_spent": 8820,
      "gold_t": null,
      "hero_damage": 15093,
      "hero_healing": 0,
      "hero_hits": null,
      "hero_id": 33,
      "item_0": 60,
      "item_1": 1,
      "item_2": 13,
      "item_3": 116,
      "item_4": 0,
      "item_5": 40,
      "item_neutral": 357,
      "item_uses": null,
      "kill_streaks": null,
      "killed": null,
      "killed_by": null,
      "kills": 2,
      "kills_log": null,
      "lane_pos": null,
      "last_hits": 30,
      "leaver_status": 0,
      "level": 14,
      "lh_t": null,
      "life_state": null,
      "max_hero_hit": null,
      "multi_kills": null,
      "net_worth": 9006,
      "obs": null,
      "obs_left_log": null,
      "obs_log": null,
      "obs_placed": null,
      "party_id": 4,
      "party_size": 2,
      "performance_others": null,
      "permanent_buffs": [],
      "pings": null,
      "pred_vict": null,
      "purchase": null,
      "purchase_log": null,
      "randomed": null,
      "repicked": null,
      "roshans_killed": null,
      "rune_pickups": null,
      "runes": null,
      "runes_log": null,
      "sen": null,
      "sen_left_log": null,
      "sen_log": null,
      "sen_placed": null,
      "stuns": null,
      "teamfight_participation": null,
      "times": null,
      "tower_damage": 0,
      "towers_killed": null,
      "xp_per_min": 782,
      "xp_reasons": null,
      "xp_t": null,
      "personaname": "MIKO",
      "name": null,
      "last_login": null,
      "start_time": 1669912960,
      "duration": 853,
      "cluster": 273,
      "lobby_type": 0,
      "game_mode": 23,
      "is_contributor": false,
      "patch": 51,
      "region": 3,
      "isRadiant": false,
      "total_gold": 9454,
      "total_xp": 11117,
      "kills_per_min": 0.1406799531066823,
      "kda": 1,
      "abandons": 0,
      "rank_tier": 15,
      "is_subscriber": false,
      "cosmetics": [],
      "benchmarks": {
        "gold_per_min": {
          "raw": 665,
          "pct": 1
        },
        "xp_per_min": {
          "raw": 782,
          "pct": 1
        },
        "kills_per_min": {
          "raw": 0.1406799531066823,
          "pct": 0.7894736842105263
        },
        "last_hits_per_min": {
          "raw": 2.1101992966002343,
          "pct": 0.05263157894736842
        },
        "hero_damage_per_min": {
          "raw": 1061.641266119578,
          "pct": 1
        },
        "hero_healing_per_min": {
          "raw": 0,
          "pct": 0.3684210526315789
        },
        "tower_damage": {
          "raw": 0,
          "pct": 0
        },
        "stuns_per_min": {
          "raw": 0,
          "pct": 0
        },
        "lhten": {}
      }
    },
    {
      "player_slot": 131,
      "ability_targets": null,
      "ability_upgrades_arr": [
        5485,
        5487,
        5489,
        5486,
        5487,
        5488,
        5487,
        5485,
        7071,
        730,
        5489,
        5488,
        5487,
        5486
      ],
      "ability_uses": null,
      "actions": null,
      "additional_units": null,
      "assists": 5,
      "backpack_0": 0,
      "backpack_1": 0,
      "backpack_2": 0,
      "backpack_3": null,
      "buyback_log": null,
      "camps_stacked": null,
      "connection_log": null,
      "creeps_stacked": null,
      "damage": null,
      "damage_inflictor": null,
      "damage_inflictor_received": null,
      "damage_taken": null,
      "damage_targets": null,
      "deaths": 9,
      "denies": 2,
      "dn_t": null,
      "firstblood_claimed": null,
      "gold": 2054,
      "gold_per_min": 372,
      "gold_reasons": null,
      "gold_spent": 3840,
      "gold_t": null,
      "hero_damage": 1862,
      "hero_healing": 2659,
      "hero_hits": null,
      "hero_id": 91,
      "item_0": 79,
      "item_1": 44,
      "item_2": 218,
      "item_3": 88,
      "item_4": 39,
      "item_5": 0,
      "item_neutral": 0,
      "item_uses": null,
      "kill_streaks": null,
      "killed": null,
      "killed_by": null,
      "kills": 0,
      "kills_log": null,
      "lane_pos": null,
      "last_hits": 5,
      "leaver_status": 0,
      "level": 16,
      "lh_t": null,
      "life_state": null,
      "max_hero_hit": null,
      "multi_kills": null,
      "net_worth": 5894,
      "obs": null,
      "obs_left_log": null,
      "obs_log": null,
      "obs_placed": null,
      "party_id": 5,
      "party_size": 2,
      "performance_others": null,
      "permanent_buffs": [
        {
          "permanent_buff": 12,
          "stack_count": 0,
          "grant_time": 814
        }
      ],
      "pings": null,
      "pred_vict": null,
      "purchase": null,
      "purchase_log": null,
      "randomed": null,
      "repicked": null,
      "roshans_killed": null,
      "rune_pickups": null,
      "runes": null,
      "runes_log": null,
      "sen": null,
      "sen_left_log": null,
      "sen_log": null,
      "sen_placed": null,
      "stuns": null,
      "teamfight_participation": null,
      "times": null,
      "tower_damage": 149,
      "towers_killed": null,
      "xp_per_min": 995,
      "xp_reasons": null,
      "xp_t": null,
      "start_time": 1669912960,
      "duration": 853,
      "cluster": 273,
      "lobby_type": 0,
      "game_mode": 23,
      "is_contributor": false,
      "patch": 51,
      "region": 3,
      "isRadiant": false,
      "total_gold": 5288,
      "total_xp": 14145,
      "kda": 0,
      "abandons": 0,
      "rank_tier": null,
      "is_subscriber": false,
      "cosmetics": [],
      "benchmarks": {
        "gold_per_min": {
          "raw": 372,
          "pct": 1
        },
        "xp_per_min": {
          "raw": 995,
          "pct": 1
        },
        "kills_per_min": {
          "raw": 0,
          "pct": 0.4444444444444444
        },
        "last_hits_per_min": {
          "raw": 0.3516998827667057,
          "pct": 0.18518518518518517
        },
        "hero_damage_per_min": {
          "raw": 130.97303634232122,
          "pct": 0.5185185185185185
        },
        "hero_healing_per_min": {
          "raw": 187.0339976553341,
          "pct": 0
        },
        "tower_damage": {
          "raw": 149,
          "pct": 0.2962962962962963
        },
        "stuns_per_min": {
          "raw": 0,
          "pct": 1
        },
        "lhten": {}
      }
    },
    {
      "player_slot": 132,
      "ability_targets": null,
      "ability_upgrades_arr": [
        5495,
        5494,
        5496,
        5494,
        5495,
        5497,
        5496,
        5496,
        5494,
        5496,
        821
      ],
      "ability_uses": null,
      "actions": null,
      "additional_units": null,
      "assists": 2,
      "backpack_0": 0,
      "backpack_1": 0,
      "backpack_2": 0,
      "backpack_3": null,
      "buyback_log": null,
      "camps_stacked": null,
      "connection_log": null,
      "creeps_stacked": null,
      "damage": null,
      "damage_inflictor": null,
      "damage_inflictor_received": null,
      "damage_taken": null,
      "damage_targets": null,
      "deaths": 4,
      "denies": 0,
      "dn_t": null,
      "firstblood_claimed": null,
      "gold": 1482,
      "gold_per_min": 366,
      "gold_reasons": null,
      "gold_spent": 4290,
      "gold_t": null,
      "hero_damage": 2589,
      "hero_healing": 0,
      "hero_hits": null,
      "hero_id": 93,
      "item_0": 174,
      "item_1": 63,
      "item_2": 16,
      "item_3": 11,
      "item_4": 16,
      "item_5": 0,
      "item_neutral": 288,
      "item_uses": null,
      "kill_streaks": null,
      "killed": null,
      "killed_by": null,
      "kills": 1,
      "kills_log": null,
      "lane_pos": null,
      "last_hits": 12,
      "leaver_status": 0,
      "level": 13,
      "lh_t": null,
      "life_state": null,
      "max_hero_hit": null,
      "multi_kills": null,
      "net_worth": 5682,
      "obs": null,
      "obs_left_log": null,
      "obs_log": null,
      "obs_placed": null,
      "party_id": 5,
      "party_size": 2,
      "performance_others": null,
      "permanent_buffs": [
        {
          "permanent_buff": 8,
          "stack_count": 2,
          "grant_time": 530
        }
      ],
      "pings": null,
      "pred_vict": null,
      "purchase": null,
      "purchase_log": null,
      "randomed": null,
      "repicked": null,
      "roshans_killed": null,
      "rune_pickups": null,
      "runes": null,
      "runes_log": null,
      "sen": null,
      "sen_left_log": null,
      "sen_log": null,
      "sen_placed": null,
      "stuns": null,
      "teamfight_participation": null,
      "times": null,
      "tower_damage": 0,
      "towers_killed": null,
      "xp_per_min": 734,
      "xp_reasons": null,
      "xp_t": null,
      "start_time": 1669912960,
      "duration": 853,
      "cluster": 273,
      "lobby_type": 0,
      "game_mode": 23,
      "is_contributor": false,
      "patch": 51,
      "region": 3,
      "isRadiant": false,
      "total_gold": 5203,
      "total_xp": 10435,
      "kills_per_min": 0.07033997655334115,
      "kda": 0,
      "abandons": 0,
      "rank_tier": null,
      "is_subscriber": false,
      "cosmetics": [],
      "benchmarks": {
        "gold_per_min": {
          "raw": 366,
          "pct": 0.046511627906976744
        },
        "xp_per_min": {
          "raw": 734,
          "pct": 0.4883720930232558
        },
        "kills_per_min": {
          "raw": 0.07033997655334115,
          "pct": 0.11627906976744186
        },
        "last_hits_per_min": {
          "raw": 0.8440797186400938,
          "pct": 0.023255813953488372
        },
        "hero_damage_per_min": {
          "raw": 182.11019929660023,
          "pct": 0.11627906976744186
        },
        "hero_healing_per_min": {
          "raw": 0,
          "pct": 1
        },
        "tower_damage": {
          "raw": 0,
          "pct": 0.09302325581395349
        },
        "stuns_per_min": {
          "raw": 0,
          "pct": 0.6744186046511628
        },
        "lhten": {}
      }
    }
  ],
  "patch": 51,
  "region": 3
}