{
  "chat": null,
  "cluster": 274,
  "cosmetics": null,
  "dire_score": 66,
  "dire_team_id": null,
  "draft_timings": null,
  "duration": 2493,
  "engine": 1,
  "first_blood_time": 2,
  "game_mode": 22,
  "human_players": 10,
  "leagueid": 0,
  "lobby_type": 7,
  "match_seq_num": 5780390040,
  "negative_votes": 0,
  "objectives": null,
  "picks_bans": [
    {
      "is_pick": true,
      "hero_id": 14,
      "team": 0,
      "order": 0
    },
    {
      "is_pick": true,
      "hero_id": 11,
      "team": 1,
      "order": 1
    },
    {
      "is_pick": true,
      "hero_id": 26,
      "team": 0,
      "order": 2
    },
    {
      "is_pick": true,
      "hero_id": 50,
      "team": 1,
      "order": 3
    },
    {
      "is_pick": true,
      "hero_id": 8,
      "team": 0,
      "order": 4
    },
    {
      "is_pick": true,
      "hero_id": 2,
      "team": 0,
      "order": 5
    },
    {
      "is_pick": true,
      "hero_id": 69,
      "team": 1,
      "order": 6
    },
    {
      "is_pick": true,
      "hero_id": 112,
      "team": 1,
      "order": 7
    },
    {
      "is_pick": true,
      "hero_id": 48,
      "team": 0,
      "order": 8
    },
    {
      "is_pick": true,
      "hero_id": 6,
      "team": 1,
      "order": 9
    },
    {
      "is_pick": true,
      "hero_id": 86,
      "team": 0,
      "order": 10
    },
    {
      "is_pick": false,
      "hero_id": 35,
      "team": 0,
      "order": 11
    },
    {
      "is_pick": false,
      "hero_id": 76,
      "team": 0,
      "order": 12
    },
    {
      "is_pick": false,
      "hero_id": 1,
      "team": 0,
      "order": 13
    },
    {
      "is_pick": false,
      "hero_id": 34,
      "team": 0,
      "order": 14
    },
    {
      "is_pick": false,
      "hero_id": 56,
      "team": 0,
      "order": 15
    },
    {
      "is_pick": false,
      "hero_id": 39,
      "team": 1,
      "order": 16
    },
    {
      "is_pick": false,
      "hero_id": 8,
      "team": 1,
      "order": 17
    }
  ],
  "positive_votes": 0,
  "radiant_gold_adv": null,
  "radiant_score": 40,
  "radiant_team_id": null,
  "radiant_xp_adv": null,
  "skill": null,
  "start_time": 1669913030,
  "teamfights": null,
  "version": null,
  "replay_salt": 1550950901,
  "series_id": 0,
  "series_type": 0,
  "players": [
    {
      "player_slot": 0,
      "ability_targets": null,
      "ability_upgrades_arr": [
        5008,
        5009,
        5009,
        5007,
        5009,
        5010,
        5009,
        5007,
        5007,
        974,
        5007,
        5010,
        5008,
        5008,
        6991,
        5008,
        5010
      ],
      "ability_uses": null,
      "actions": null,
      "additional_units": null,
      "assists": 15,
      "backpack_0": 11,
      "backpack_1": 8,
      "backpack_2": 0,
      "backpack_3": null,
      "buyback_log": null,
      "camps_stacked": null,
      "connection_log": null,
      "creeps_stacked": null,
      "damage": null,
      "damage_inflictor": null,
      "damage_inflictor_received": null,
      "damage_taken": null,
      "damage_targets": null,
      "deaths": 12,
      "denies": 14,
      "dn_t": null,
      "firstblood_claimed": null,
      "gold": 164,
      "gold_per_min": 356,
      "gold_reasons": null,
      "gold_spent": 12545,
      "gold_t": null,
      "hero_damage": 24913,
      "hero_healing": 0,
      "hero_hits": null,
      "hero_id": 2,
      "item_0": 127,
      "item_1": 21,
      "item_2": 36,
      "item_3": 125,
      "item_4": 1,
      "item_5": 50,
      "item_neutral": 358,
      "item_uses": null,
      "kill_streaks": null,
      "killed": null,
      "killed_by": null,
      "kills": 6,
      "kills_log": null,
      "lane_pos": null,
      "last_hits": 144,
      "leaver_status": 0,
      "level": 18,
      "lh_t": null,
      "life_state": null,
      "max_hero_hit": null,
      "multi_kills": null,
      "net_worth": 12389,
      "obs": null,
      "obs_left_log": null,
      "obs_log": null,
      "obs_placed": null,
      "party_id": 0,
      "party_size": 2,
      "performance_others": null,
      "permanent_buffs": [
        {
          "permanent_buff": 12,
          "stack_count": 0,
          "grant_time": 1751
        },
        {
          "permanent_buff": 13,
          "stack_count": 5,
          "grant_time": 895
        }
      ],
      "pings": null,
      "pred_vict": null,
      "purchase": null,
      "purchase_log": null,
      "randomed": null,
      "repicked": null,
      "roshans_killed": null,
      "rune_pickups": null,
      "runes": null,
      "runes_log": null,
      "sen": null,
      "sen_left_log": null,
      "sen_log": null,
      "sen_placed": null,
      "stuns": null,
      "teamfight_participation": null,
      "times": null,
      "tower_damage": 588,
      "towers_killed": null,
      "xp_per_min": 463,
      "xp_reasons": null,
      "xp_t": null,
      "personaname": "Drunk Bear",
      "name": null,
      "last_login": null,
      "start_time": 1669913030,
      "duration": 2493,
      "cluster": 274,
      "lobby_type": 7,
      "game_mode": 22,
      "is_contributor": false,
      "patch": 51,
      "region": 3,
      "isRadiant": true,
      "total_gold": 14791,
      "total_xp": 19237,
      "kills_per_min": 0.1444043321299639,
      "kda": 1,
      "abandons": 0,
      "rank_tier": 25,
      "is_subscriber": false,
      "cosmetics": [],
      "benchmarks": {
        "gold_per_min": {
          "raw": 356,
          "pct": 0.17391304347826086
        },
        "xp_per_min": {
          "raw": 463,
          "pct": 0.17391304347826086
        },
        "kills_per_min": {
          "raw": 0.1444043321299639,
          "pct": 0.34782608695652173
        },
        "last_hits_per_min": {
          "raw": 3.4657039711191335,
          "pct": 0.13043478260869565
        },
        "hero_damage_per_min": {
          "raw": 599.5908543922984,
          "pct": 0.6521739130434783
        },
        "hero_healing_per_min": {
          "raw": 0,
          "pct": 0.9130434782608695
        },
        "tower_damage": {
          "raw": 588,
          "pct": 0.391304347826087
        },
        "stuns_per_min": {
          "raw": 0,
          "pct": 0
        },
        "lhten": {}
      }
    },
    {
      "player_slot": 1,
      "ability_targets": null,
      "ability_upgrades_arr": [
        5044,
        5046,
        5044,
        5045,
        5044,
        5047,
        5044,
        5046,
        5045,
        6600,
        5045,
        5047,
        5045,
        5046,
        781,
        5046
      ],
      "ability_uses": null,
      "actions": null,
      "additional_units": null,
      "assists": 9,
      "backpack_0": 0,
      "backpack_1": 0,
      "backpack_2": 0,
      "backpack_3": null,
      "buyback_log": null,
      "camps_stacked": null,
      "connection_log": null,
      "creeps_stacked": null,
      "damage": null,
      "damage_inflictor": null,
      "damage_inflictor_received": null,
      "damage_taken": null,
      "damage_targets": null,
      "deaths": 19,
      "denies": 2,
      "dn_t": null,
      "firstblood_claimed": null,
      "gold": 706,
      "gold_per_min": 244,
      "gold_reasons": null,
      "gold_spent": 8650,
      "gold_t": null,
      "hero_damage": 11024,
      "hero_healing": 0,
      "hero_hits": null,
      "hero_id": 26,
      "item_0": 108,
      "item_1": 218,
      "item_2": 214,
      "item_3": 38,
      "item_4": 0,
      "item_5": 1,
      "item_neutral": 349,
      "item_uses": null,
      "kill_streaks": null,
      "killed": null,
      "killed_by": null,
      "kills": 4,
      "kills_log": null,
      "lane_pos": null,
      "last_hits": 52,
      "leaver_status": 0,
      "level": 16,
      "lh_t": null,
      "life_state": null,
      "max_hero_hit": null,
      "multi_kills": null,
      "net_worth": 8281,
      "obs": null,
      "obs_left_log": null,
      "obs_log": null,
      "obs_placed": null,
      "party_id": 0,
      "party_size": 2,
      "performance_others": null,
      "permanent_buffs": [
        {
          "permanent_buff": 6,
          "stack_count": 3,
          "grant_time": 883
        },
        {
          "permanent_buff": 7,
          "stack_count": 5,
          "grant_time": 902
        }
      ],
      "pings": null,
      "pred_vict": null,
      "purchase": null,
      "purchase_log": null,
      "randomed": null,
      "repicked": null,
      "roshans_killed": null,
      "rune_pickups": null,
      "runes": null,
      "runes_log": null,
      "sen": null,
      "sen_left_log": null,
      "sen_log": null,
      "sen_placed": null,
      "stuns": null,
      "teamfight_participation": null,
      "times": null,
      "tower_damage": 54,
      "towers_killed": null,
      "xp_per_min": 374,
      "xp_reasons": null,
      "xp_t": null,
      "personaname": "Matthew Ball",
      "name": null,
      "last_login": null,
      "start_time": 1669913030,
      "duration": 2493,
      "cluster": 274,
      "lobby_type": 7,
      "game_mode": 22,
      "is_contributor": false,
      "patch": 51,
      "region": 3,
      "isRadiant": true,
      "total_gold": 10138,
      "total_xp": 15539,
      "kills_per_min": 0.09626955475330927,
      "kda": 0,
      "abandons": 0,
      "rank_tier": 12,
      "is_subscriber": false,
      "cosmetics": [],
      "benchmarks": {
        "gold_per_min": {
          "raw": 244,
          "pct": 0.25
        },
        "xp_per_min": {
          "raw": 374,
          "pct": 0.28125
        },
        "kills_per_min": {
          "raw": 0.09626955475330926,
          "pct": 0.53125
        },
        "last_hits_per_min": {
          "raw": 1.2515042117930204,
          "pct": 0.6875
        },
        "hero_damage_per_min": {
          "raw": 265.3188929001203,
          "pct": 0.4375
        },
        "hero_healing_per_min": {
          "raw": 0,
          "pct": 0.84375
        },
        "tower_damage": {
          "raw": 54,
          "pct": 0.46875
        },
        "stuns_per_min": {
          "raw": 0,
          "pct": 0
        },
        "lhten": {}
      }
    },
    {
      "player_slot": 2,
      "ability_targets": null,
      "ability_upgrades_arr": [
        5075,
        5076,
        5074,
        5076,
        5076,
        5077,
        5076,
        5074,
        5074,
        5074,
        7142,
        5077,
        5075,
        5075,
        6565,
        5075,
        5077,
        408
      ],
      "ability_uses": null,
      "actions": null,
      "additional_units": null,
      "assists": 14,
      "backpack_0": 0,
      "backpack_1": 0,
      "backpack_2": 0,
      "backpack_3": null,
      "buyback_log": null,
      "camps_stacked": null,
      "connection_log": null,
      "creeps_stacked": null,
      "damage": null,
      "damage_inflictor": null,
      "damage_inflictor_received": null,
      "damage_taken": null,
      "damage_targets": null,
      "deaths": 15,
      "denies": 5,
      "dn_t": null,
      "firstblood_claimed": null,
      "gold": 222,
      "gold_per_min": 349,
      "gold_reasons": null,
      "gold_spent": 13520,
      "gold_t": null,
      "hero_damage": 23170,
      "hero_healing": 803,
      "hero_hits": null,
      "hero_id": 14,
      "item_0": 1,
      "item_1": 232,
      "item_2": 102,
      "item_3": 267,
      "item_4": 214,
      "item_5": 43,
      "item_neutral": 675,
      "item_uses": null,
      "kill_streaks": null,
      "killed": null,
      "killed_by": null,
      "kills": 12,
      "kills_log": null,
      "lane_pos": null,
      "last_hits": 65,
      "leaver_status": 0,
      "level": 20,
      "lh_t": null,
      "life_state": null,
      "max_hero_hit": null,
      "multi_kills": null,
      "net_worth": 12302,
      "obs": null,
      "obs_left_log": null,
      "obs_log": null,
      "obs_placed": null,
      "party_id": 1,
      "party_size": 3,
      "performance_others": null,
      "permanent_buffs": [
        {
          "permanent_buff": 4,
          "stack_count": 21,
          "grant_time": 454
        },
        {
          "permanent_buff": 6,
          "stack_count": 1,
          "grant_time": 2066
        },
        {
          "permanent_buff": 12,
          "stack_count": 0,
          "grant_time": 1642
        }
      ],
      "pings": null,
      "pred_vict": null,
      "purchase": null,
      "purchase_log": null,
      "randomed": null,
      "repicked": null,
      "roshans_killed": null,
      "rune_pickups": null,
      "runes": null,
      "runes_log": null,
      "sen": null,
      "sen_left_log": null,
      "sen_log": null,
      "sen_placed": null,
      "stuns": null,
      "teamfight_participation": null,
      "times": null,
      "tower_damage": 0,
      "towers_killed": null,
      "xp_per_min": 548,
      "xp_reasons": null,
      "xp_t": null,
      "start_time": 1669913030,
      "duration": 2493,
      "cluster": 274,
      "lobby_type": 7,
      "game_mode": 22,
      "is_contributor": false,
      "patch": 51,
      "region": 3,
      "isRadiant": true,
      "total_gold": 14500,
      "total_xp": 22769,
      "kills_per_min": 0.2888086642599278,
      "kda": 1,
      "abandons": 0,
      "rank_tier": null,
      "is_subscriber": false,
      "cosmetics": [],
      "benchmarks": {
        "gold_per_min": {
          "raw": 349,
          "pct": 0.3392857142857143
        },
        "xp_per_min": {
          "raw": 548,
          "pct": 0.39285714285714285
        },
        "kills_per_min": {
          "raw": 0.2888086642599278,
          "pct": 0.8214285714285714
        },
        "last_hits_per_min": {
          "raw": 1.5643802647412755,
          "pct": 0.21428571428571427
        },
        "hero_damage_per_min": {
          "raw": 557.6413959085439,
          "pct": 0.5357142857142857
        },
        "hero_healing_per_min": {
          "raw": 19.326113116726834,
          "pct": 0.8035714285714286
        },
        "tower_damage": {
          "raw": 0,
          "pct": 0.30357142857142855
        },
        "stuns_per_min": {
          "raw": 0,
          "pct": 0
        },
        "lhten": {}
      }
    },
    {
      "player_slot": 3,
      "ability_targets": null,
      "ability_upgrades_arr": [
        5224,
        5222,
        5222,
        5224,
        5222,
        5225,
        5222,
        5224,
        5224,
        5223,
        5223,
        5225,
        5223,
        7047,
        5223,
        770,
        5225,
        6180,
        6682
      ],
      "ability_uses": null,
      "actions": null,
      "additional_units": null,
      "assists": 9,
      "backpack_0": 0,
      "backpack_1": 0,
      "backpack_2": 0,
      "backpack_3": null,
      "buyback_log": null,
      "camps_stacked": null,
      "connection_log": null,
      "creeps_stacked": null,
      "damage": null,
      "damage_inflictor": null,
      "damage_inflictor_received": null,
      "damage_taken": null,
      "damage_targets": null,
      "deaths": 8,
      "denies": 15,
      "dn_t": null,
      "firstblood_claimed": null,
      "gold": 1702,
      "gold_per_min": 564,
      "gold_reasons": null,
      "gold_spent": 20940,
      "gold_t": null,
      "hero_damage": 25195,
      "hero_healing": 0,
      "hero_hits": null,
      "hero_id": 48,
      "item_0": 172,
      "item_1": 249,
      "item_2": 116,
      "item_3": 63,
      "item_4": 154,
      "item_5": 236,
      "item_neutral": 573,
      "item_uses": null,
      "kill_streaks": null,
      "killed": null,
      "killed_by": null,
      "kills": 10,
      "kills_log": null,
      "lane_pos": null,
      "last_hits": 282,
      "leaver_status": 0,
      "level": 25,
      "lh_t": null,
      "life_state": null,
      "max_hero_hit": null,
      "multi_kills": null,
      "net_worth": 20477,
      "obs": null,
      "obs_left_log": null,
      "obs_log": null,
      "obs_placed": null,
      "party_id": 1,
      "party_size": 3,
      "performance_others": null,
      "permanent_buffs": [],
      "pings": null,
      "pred_vict": null,
      "purchase": null,
      "purchase_log": null,
      "randomed": null,
      "repicked": null,
      "roshans_killed": null,
      "rune_pickups": null,
      "runes": null,
      "runes_log": null,
      "sen": null,
      "sen_left_log": null,
      "sen_log": null,
      "sen_placed": null,
      "stuns": null,
      "teamfight_participation": null,
      "times": null,
      "tower_damage": 1338,
      "towers_killed": null,
      "xp_per_min": 909,
      "xp_reasons": null,
      "xp_t": null,
      "start_time": 1669913030,
      "duration": 2493,
      "cluster": 274,
      "lobby_type": 7,
      "game_mode": 22,
      "is_contributor": false,
      "patch": 51,
      "region": 3,
      "isRadiant": true,
      "total_gold": 23434,
      "total_xp": 37768,
      "kills_per_min": 0.24067388688327318,
      "kda": 2,
      "abandons": 0,
      "rank_tier": null,
      "is_subscriber": false,
      "cosmetics": [],
      "benchmarks": {
        "gold_per_min": {
          "raw": 564,
          "pct": 0.17647058823529413
        },
        "xp_per_min": {
          "raw": 909,
          "pct": 0.7647058823529411
        },
        "kills_per_min": {
          "raw": 0.24067388688327318,
          "pct": 0.5294117647058824
        },
        "last_hits_per_min": {
          "raw": 6.787003610108304,
          "pct": 0.17647058823529413
        },
        "hero_damage_per_min": {
          "raw": 606.3778580024067,
          "pct": 0.35294117647058826
        },
        "hero_healing_per_min": {
          "raw": 0,
          "pct": 1
        },
        "tower_damage": {
          "raw": 1338,
          "pct": 0.29411764705882354
        },
        "stuns_per_min": {
          "raw": 0,
          "pct": 0
        },
        "lhten": {}
      }
    },
    {
      "player_slot": 4,
      "ability_targets": null,
      "ability_upgrades_arr": [
        5450,
        5448,
        5450,
        7320,
        5450,
        5452,
        5450,
        7320,
        7320,
        6862,
        7320,
        5452,
        5448,
        5448,
        518,
        5448,
        5452,
        6863
      ],
      "ability_uses": null,
      "actions": null,
      "additional_units": null,
      "assists": 11,
      "backpack_0": 16,
      "backpack_1": 0,
      "backpack_2": 0,
      "backpack_3": null,
      "buyback_log": null,
      "camps_stacked": null,
      "connection_log": null,
      "creeps_stacked": null,
      "damage": null,
      "damage_inflictor": null,
      "damage_inflictor_received": null,
      "damage_taken": null,
      "damage_targets": null,
      "deaths": 12,
      "denies": 6,
      "dn_t": null,
      "firstblood_claimed": null,
      "gold": 522,
      "gold_per_min": 369,
      "gold_reasons": null,
      "gold_spent": 13405,
      "gold_t": null,
      "hero_damage": 22069,
      "hero_healing": 156,
      "hero_hits": null,
      "hero_id": 86,
      "item_0": 41,
      "item_1": 1,
      "item_2": 48,
      "item_3": 123,
      "item_4": 77,
      "item_5": 232,
      "item_neutral": 949,
      "item_uses": null,
      "kill_streaks": null,
      "killed": null,
      "killed_by": null,
      "kills": 7,
      "kills_log": null,
      "lane_pos": null,
      "last_hits": 120,
      "leaver_status": 0,
      "level": 21,
      "lh_t": null,
      "life_state": null,
      "max_hero_hit": null,
      "multi_kills": null,
      "net_worth": 13377,
      "obs": null,
      "obs_left_log": null,
      "obs_log": null,
      "obs_placed": null,
      "party_id": 1,
      "party_size": 3,
      "performance_others": null,
      "permanent_buffs": [],
      "pings": null,
      "pred_vict": null,
      "purchase": null,
      "purchase_log": null,
      "randomed": null,
      "repicked": null,
      "roshans_killed": null,
      "rune_pickups": null,
      "runes": null,
      "runes_log": null,
      "sen": null,
      "sen_left_log": null,
      "sen_log": null,
      "sen_placed": null,
      "stuns": null,
      "teamfight_participation": null,
      "times": null,
      "tower_damage": 115,
      "towers_killed": null,
      "xp_per_min": 609,
      "xp_reasons": null,
      "xp_t": null,
      "start_time": 1669913030,
      "duration": 2493,
      "cluster": 274,
      "lobby_type": 7,
      "game_mode": 22,
      "is_contributor": false,
      "patch": 51,
      "region": 3,
      "isRadiant": true,
      "total_gold": 15331,
      "total_xp": 25303,
      "kills_per_min": 0.16847172081829123,
      "kda": 1,
      "abandons": 0,
      "rank_tier": null,
      "is_subscriber": false,
      "cosmetics": [],
      "benchmarks": {
        "gold_per_min": {
          "raw": 369,
          "pct": 0.7172413793103448
        },
        "xp_per_min": {
          "raw": 609,
          "pct": 0.7793103448275862
        },
        "kills_per_min": {
          "raw": 0.1684717208182912,
          "pct": 0.8068965517241379
        },
        "last_hits_per_min": {
          "raw": 2.888086642599278,
          "pct": 0.896551724137931
        },
        "hero_damage_per_min": {
          "raw": 531.1432009626956,
          "pct": 0.7103448275862069
        },
        "hero_healing_per_min": {
          "raw": 3.754512635379062,
          "pct": 0.6896551724137931
        },
        "tower_damage": {
          "raw": 115,
          "pct": 0.3724137931034483
        },
        "stuns_per_min": {
          "raw": 0,
          "pct": 0
        },
        "lhten": {}
      }
    },
    {
      "player_slot": 128,
      "ability_targets": null,
      "ability_upgrades_arr": [
        5233,
        5234,
        5233,
        5235,
        5233,
        7304,
        5233,
        5235,
        5235,
        6926,
        5235,
        7304,
        5234,
        5234,
        6232,
        5234,
        7304
      ],
      "ability_uses": null,
      "actions": null,
      "additional_units": null,
      "assists": 32,
      "backpack_0": 0,
      "backpack_1": 0,
      "backpack_2": 0,
      "backpack_3": null,
      "buyback_log": null,
      "camps_stacked": null,
      "connection_log": null,
      "creeps_stacked": null,
      "damage": null,
      "damage_inflictor": null,
      "damage_inflictor_received": null,
      "damage_taken": null,
      "damage_targets": null,
      "deaths": 12,
      "denies": 4,
      "dn_t": null,
      "firstblood_claimed": null,
      "gold": 2702,
      "gold_per_min": 391,
      "gold_reasons": null,
      "gold_spent": 12930,
      "gold_t": null,
      "hero_damage": 19842,
      "hero_healing": 15036,
      "hero_hits": null,
      "hero_id": 50,
      "item_0": 0,
      "item_1": 231,
      "item_2": 254,
      "item_3": 0,
      "item_4": 232,
      "item_5": 188,
      "item_neutral": 949,
      "item_uses": null,
      "kill_streaks": null,
      "killed": null,
      "killed_by": null,
      "kills": 10,
      "kills_log": null,
      "lane_pos": null,
      "last_hits": 65,
      "leaver_status": 0,
      "level": 22,
      "lh_t": null,
      "life_state": null,
      "max_hero_hit": null,
      "multi_kills": null,
      "net_worth": 13427,
      "obs": null,
      "obs_left_log": null,
      "obs_log": null,
      "obs_placed": null,
      "party_id": 2,
      "party_size": 3,
      "performance_others": null,
      "permanent_buffs": [
        {
          "permanent_buff": 6,
          "stack_count": 2,
          "grant_time": 1484
        },
        {
          "permanent_buff": 12,
          "stack_count": 0,
          "grant_time": 1361
        }
      ],
      "pings": null,
      "pred_vict": null,
      "purchase": null,
      "purchase_log": null,
      "randomed": null,
      "repicked": null,
      "roshans_killed": null,
      "rune_pickups": null,
      "runes": null,
      "runes_log": null,
      "sen": null,
      "sen_left_log": null,
      "sen_log": null,
      "sen_placed": null,
      "stuns": null,
      "teamfight_participation": null,
      "times": null,
      "tower_damage": 1026,
      "towers_killed": null,
      "xp_per_min": 633,
      "xp_reasons": null,
      "xp_t": null,
      "start_time": 1669913030,
      "duration": 2493,
      "cluster": 274,
      "lobby_type": 7,
      "game_mode": 22,
      "is_contributor": false,
      "patch": 51,
      "region": 3,
      "isRadiant": false,
      "total_gold": 16246,
      "total_xp": 26301,
      "kills_per_min": 0.24067388688327318,
      "kda": 3,
      "abandons": 0,
      "rank_tier": null,
      "is_subscriber": false,
      "cosmetics": [],
      "benchmarks": {
        "gold_per_min": {
          "raw": 391,
          "pct": 0.9
        },
        "xp_per_min": {
          "raw": 633,
          "pct": 0.9
        },
        "kills_per_min": {
          "raw": 0.24067388688327318,
          "pct": 1
        },
        "last_hits_per_min": {
          "raw": 1.5643802647412755,
          "pct": 0.8
        },
        "hero_damage_per_min": {
          "raw": 477.54512635379064,
          "pct": 1
        },
        "hero_healing_per_min": {
          "raw": 361.87725631768956,
          "pct": 0.9
        },
        "tower_damage": {
          "raw": 1026,
          "pct": 0.75
        },
        "stuns_per_min": {
          "raw": 0,
          "pct": 0.1
        },
        "lhten": {}
      }
    },
    {
      "player_slot": 129,
      "ability_targets": null,
      "ability_upgrades_arr": [
        5651,
        5653,
        5652,
        5652,
        5652,
        5654,
        5652,
        5651,
        5651,
        6164,
        5651,
        5654,
        5653,
        5653,
        684,
        5653,
        5654,
        6106
      ],
      "ability_uses": null,
      "actions": null,
      "additional_units": null,
      "assists": 29,
      "backpack_0": 290,
      "backpack_1": 0,
      "backpack_2": 0,
      "backpack_3": null,
      "buyback_log": null,
      "camps_stacked": null,
      "connection_log": null,
      "creeps_stacked": null,
      "damage": null,
      "damage_inflictor": null,
      "damage_inflictor_received": null,
      "damage_taken": null,
      "damage_targets": null,
      "deaths": 10,
      "denies": 3,
      "dn_t": null,
      "firstblood_claimed": null,
      "gold": 5695,
      "gold_per_min": 411,
      "gold_reasons": null,
      "gold_spent": 11050,
      "gold_t": null,
      "hero_damage": 29994,
      "hero_healing": 8049,
      "hero_hits": null,
      "hero_id": 112,
      "item_0": 180,
      "item_1": 232,
      "item_2": 0,
      "item_3": 108,
      "item_4": 40,
      "item_5": 149,
      "item_neutral": 573,
      "item_uses": null,
      "kill_streaks": null,
      "killed": null,
      "killed_by": null,
      "kills": 9,
      "kills_log": null,
      "lane_pos": null,
      "last_hits": 73,
      "leaver_status": 0,
      "level": 25,
      "lh_t": null,
      "life_state": null,
      "max_hero_hit": null,
      "multi_kills": null,
      "net_worth": 15700,
      "obs": null,
      "obs_left_log": null,
      "obs_log": null,
      "obs_placed": null,
      "party_id": 2,
      "party_size": 3,
      "performance_others": null,
      "permanent_buffs": [
        {
          "permanent_buff": 6,
          "stack_count": 1,
          "grant_time": 883
        }
      ],
      "pings": null,
      "pred_vict": null,
      "purchase": null,
      "purchase_log": null,
      "randomed": null,
      "repicked": null,
      "roshans_killed": null,
      "rune_pickups": null,
      "runes": null,
      "runes_log": null,
      "sen": null,
      "sen_left_log": null,
      "sen_log": null,
      "sen_placed": null,
      "stuns": null,
      "teamfight_participation": null,
      "times": null,
      "tower_damage": 2416,
      "towers_killed": null,
      "xp_per_min": 829,
      "xp_reasons": null,
      "xp_t": null,
      "start_time": 1669913030,
      "duration": 2493,
      "cluster": 274,
      "lobby_type": 7,
      "game_mode": 22,
      "is_contributor": false,
      "patch": 51,
      "region": 3,
      "isRadiant": false,
      "total_gold": 17077,
      "total_xp": 34444,
      "kills_per_min": 0.21660649819494587,
      "kda": 3,
      "abandons": 0,
      "rank_tier": null,
      "is_subscriber": false,
      "cosmetics": [],
      "benchmarks": {
        "gold_per_min": {
          "raw": 411,
          "pct": 0.5714285714285714
        },
        "xp_per_min": {
          "raw": 829,
          "pct": 0.8571428571428571
        },
        "kills_per_min": {
          "raw": 0.21660649819494585,
          "pct": 0.7142857142857143
        },
        "last_hits_per_min": {
          "raw": 1.7569193742478941,
          "pct": 0.42857142857142855
        },
        "hero_damage_per_min": {
          "raw": 721.8772563176894,
          "pct": 0.7142857142857143
        },
        "hero_healing_per_min": {
          "raw": 193.71841155234657,
          "pct": 0.8571428571428571
        },
        "tower_damage": {
          "raw": 2416,
          "pct": 0.8571428571428571
        },
        "stuns_per_min": {
          "raw": 0,
          "pct": 0
        },
        "lhten": {}
      }
    },
    {
      "player_slot": 130,
      "ability_targets": null,
      "ability_upgrades_arr": [
        5019,
        343,
        5019,
        343,
        5632,
        5022,
        343,
        343,
        5019,
        6209,
        5019,
        5022,
        5632,
        5632,
        1087,
        5632,
        5022,
        6202,
        6280
      ],
      "ability_uses": null,
      "actions": null,
      "additional_units": null,
      "assists": 13,
      "backpack_0": 11,
      "backpack_1": 0,
      "backpack_2": 0,
      "backpack_3": null,
      "buyback_log": null,
      "camps_stacked": null,
      "connection_log": null,
      "creeps_stacked": null,
      "damage": null,
      "damage_inflictor": null,
      "damage_inflictor_received": null,
      "damage_taken": null,
      "damage_targets": null,
      "deaths": 6,
      "denies": 15,
      "dn_t": null,
      "firstblood_claimed": null,
      "gold": 1022,
      "gold_per_min": 632,
      "gold_reasons": null,
      "gold_spent": 25045,
      "gold_t": null,
      "hero_damage": 39832,
      "hero_healing": 0,
      "hero_hits": null,
      "hero_id": 6,
      "item_0": 603,
      "item_1": 63,
      "item_2": 263,
      "item_3": 160,
      "item_4": 75,
      "item_5": 147,
      "item_neutral": 331,
      "item_uses": null,
      "kill_streaks": null,
      "killed": null,
      "killed_by": null,
      "kills": 17,
      "kills_log": null,
      "lane_pos": null,
      "last_hits": 279,
      "leaver_status": 0,
      "level": 26,
      "lh_t": null,
      "life_state": null,
      "max_hero_hit": null,
      "multi_kills": null,
      "net_worth": 25677,
      "obs": null,
      "obs_left_log": null,
      "obs_log": null,
      "obs_placed": null,
      "party_id": 2,
      "party_size": 3,
      "performance_others": null,
      "permanent_buffs": [
        {
          "permanent_buff": 12,
          "stack_count": 0,
          "grant_time": 2380
        }
      ],
      "pings": null,
      "pred_vict": null,
      "purchase": null,
      "purchase_log": null,
      "randomed": null,
      "repicked": null,
      "roshans_killed": null,
      "rune_pickups": null,
      "runes": null,
      "runes_log": null,
      "sen": null,
      "sen_left_log": null,
      "sen_log": null,
      "sen_placed": null,
      "stuns": null,
      "teamfight_participation": null,
      "times": null,
      "tower_damage": 12672,
      "towers_killed": null,
      "xp_per_min": 901,
      "xp_reasons": null,
      "xp_t": null,
      "personaname": "Kar{L}son™",
      "name": null,
      "last_login": null,
      "start_time": 1669913030,
      "duration": 2493,
      "cluster": 274,
      "lobby_type": 7,
      "game_mode": 22,
      "is_contributor": false,
      "patch": 51,
      "region": 3,
      "isRadiant": false,
      "total_gold": 26259,
      "total_xp": 37436,
      "kills_per_min": 0.4091456077015644,
      "kda": 4,
      "abandons": 0,
      "rank_tier": 33,
      "is_subscriber": false,
      "cosmetics": [],
      "benchmarks": {
        "gold_per_min": {
          "raw": 632,
          "pct": 0.5641025641025641
        },
        "xp_per_min": {
          "raw": 901,
          "pct": 0.9487179487179487
        },
        "kills_per_min": {
          "raw": 0.4091456077015644,
          "pct": 0.9230769230769231
        },
        "last_hits_per_min": {
          "raw": 6.714801444043321,
          "pct": 0.1282051282051282
        },
        "hero_damage_per_min": {
          "raw": 958.6522262334537,
          "pct": 0.7948717948717948
        },
        "hero_healing_per_min": {
          "raw": 0,
          "pct": 0.9743589743589743
        },
        "tower_damage": {
          "raw": 12672,
          "pct": 0.7435897435897436
        },
        "stuns_per_min": {
          "raw": 0,
          "pct": 0.9487179487179487
        },
        "lhten": {}
      }
    },
    {
      "player_slot": 131,
      "ability_targets": null,
      "ability_upgrades_arr": [
        5059,
        5062,
        5059,
        5062,
        5059,
        5064,
        5059,
        5062,
        5062,
        999,
        5063,
        5064,
        5063,
        5063,
        6070,
        5063,
        5064,
        815,
        929,
        6016
      ],
      "ability_uses": null,
      "actions": null,
      "additional_units": null,
      "assists": 15,
      "backpack_0": 41,
      "backpack_1": 0,
      "backpack_2": 0,
      "backpack_3": null,
      "buyback_log": null,
      "camps_stacked": null,
      "connection_log": null,
      "creeps_stacked": null,
      "damage": null,
      "damage_inflictor": null,
      "damage_inflictor_received": null,
      "damage_taken": null,
      "damage_targets": null,
      "deaths": 7,
      "denies": 16,
      "dn_t": null,
      "firstblood_claimed": null,
      "gold": 2006,
      "gold_per_min": 695,
      "gold_reasons": null,
      "gold_spent": 26450,
      "gold_t": null,
      "hero_damage": 34434,
      "hero_healing": 0,
      "hero_hits": null,
      "hero_id": 11,
      "item_0": 108,
      "item_1": 100,
      "item_2": 604,
      "item_3": 110,
      "item_4": 116,
      "item_5": 48,
      "item_neutral": 585,
      "item_uses": null,
      "kill_streaks": null,
      "killed": null,
      "killed_by": null,
      "kills": 15,
      "kills_log": null,
      "lane_pos": null,
      "last_hits": 347,
      "leaver_status": 0,
      "level": 27,
      "lh_t": null,
      "life_state": null,
      "max_hero_hit": null,
      "multi_kills": null,
      "net_worth": 27956,
      "obs": null,
      "obs_left_log": null,
      "obs_log": null,
      "obs_placed": null,
      "party_id": 3,
      "party_size": 2,
      "performance_others": null,
      "permanent_buffs": [],
      "pings": null,
      "pred_vict": null,
      "purchase": null,
      "purchase_log": null,
      "randomed": null,
      "repicked": null,
      "roshans_killed": null,
      "rune_pickups": null,
      "runes": null,
      "runes_log": null,
      "sen": null,
      "sen_left_log": null,
      "sen_log": null,
      "sen_placed": null,
      "stuns": null,
      "teamfight_participation": null,
      "times": null,
      "tower_damage": 6009,
      "towers_killed": null,
      "xp_per_min": 931,
      "xp_reasons": null,
      "xp_t": null,
      "start_time": 1669913030,
      "duration": 2493,
      "cluster": 274,
      "lobby_type": 7,
      "game_mode": 22,
      "is_contributor": false,
      "patch": 51,
      "region": 3,
      "isRadiant": false,
      "total_gold": 28877,
      "total_xp": 38683,
      "kills_per_min": 0.36101083032490977,
      "kda": 3,
      "abandons": 0,
      "rank_tier": null,
      "is_subscriber": false,
      "cosmetics": [],
      "benchmarks": {
        "gold_per_min": {
          "raw": 695,
          "pct": 0.82
        },
        "xp_per_min": {
          "raw": 931,
          "pct": 0.94
        },
        "kills_per_min": {
          "raw": 0.36101083032490977,
          "pct": 0.82
        },
        "last_hits_per_min": {
          "raw": 8.35138387484958,
          "pct": 0.7
        },
        "hero_damage_per_min": {
          "raw": 828.7364620938629,
          "pct": 0.76
        },
        "hero_healing_per_min": {
          "raw": 0,
          "pct": 0.88
        },
        "tower_damage": {
          "raw": 6009,
          "pct": 0.6
        },
        "stuns_per_min": {
          "raw": 0,
          "pct": 0.02
        },
        "lhten": {}
      }
    },
    {
      "player_slot": 132,
      "ability_targets": null,
      "ability_upgrades_arr": [
        5339,
        5340,
        5339,
        5341,
        5339,
        5342,
        5339,
        5340,
        5340,
        6370,
        5340,
        5342,
        5341,
        5341,
        7123,
        5341,
        5342,
        970,
        6073
      ],
      "ability_uses": null,
      "actions": null,
      "additional_units": null,
      "assists": 20,
      "backpack_0": 0,
      "backpack_1": 0,
      "backpack_2": 0,
      "backpack_3": null,
      "buyback_log": null,
      "camps_stacked": null,
      "connection_log": null,
      "creeps_stacked": null,
      "damage": null,
      "damage_inflictor": null,
      "damage_inflictor_received": null,
      "damage_taken": null,
      "damage_targets": null,
      "deaths": 5,
      "denies": 7,
      "dn_t": null,
      "firstblood_claimed": null,
      "gold": 5413,
      "gold_per_min": 713,
      "gold_reasons": null,
      "gold_spent": 23985,
      "gold_t": null,
      "hero_damage": 22117,
      "hero_healing": 0,
      "hero_hits": null,
      "hero_id": 69,
      "item_0": 116,
      "item_1": 1,
      "item_2": 50,
      "item_3": 40,
      "item_4": 65,
      "item_5": 119,
      "item_neutral": 574,
      "item_uses": null,
      "kill_streaks": null,
      "killed": null,
      "killed_by": null,
      "kills": 14,
      "kills_log": null,
      "lane_pos": null,
      "last_hits": 189,
      "leaver_status": 0,
      "level": 26,
      "lh_t": null,
      "life_state": null,
      "max_hero_hit": null,
      "multi_kills": null,
      "net_worth": 27643,
      "obs": null,
      "obs_left_log": null,
      "obs_log": null,
      "obs_placed": null,
      "party_id": 3,
      "party_size": 2,
      "performance_others": null,
      "permanent_buffs": [
        {
          "permanent_buff": 2,
          "stack_count": 0,
          "grant_time": 2412
        },
        {
          "permanent_buff": 12,
          "stack_count": 0,
          "grant_time": 1933
        }
      ],
      "pings": null,
      "pred_vict": null,
      "purchase": null,
      "purchase_log": null,
      "randomed": null,
      "repicked": null,
      "roshans_killed": null,
      "rune_pickups": null,
      "runes": null,
      "runes_log": null,
      "sen": null,
      "sen_left_log": null,
      "sen_log": null,
      "sen_placed": null,
      "stuns": null,
      "teamfight_participation": null,
      "times": null,
      "tower_damage": 2304,
      "towers_killed": null,
      "xp_per_min": 858,
      "xp_reasons": null,
      "xp_t": null,
      "personaname": "ЧВК Талант",
      "name": null,
      "last_login": null,
      "start_time": 1669913030,
      "duration": 2493,
      "cluster": 274,
      "lobby_type": 7,
      "game_mode": 22,
      "is_contributor": false,
      "patch": 51,
      "region": 3,
      "isRadiant": false,
      "total_gold": 29625,
      "total_xp": 35649,
      "kills_per_min": 0.33694344163658246,
      "kda": 5,
      "abandons": 0,
      "rank_tier": 42,
      "is_subscriber": false,
      "cosmetics": [],
      "benchmarks": {
        "gold_per_min": {
          "raw": 713,
          "pct": 0.7428571428571429
        },
        "xp_per_min": {
          "raw": 858,
          "pct": 0.9142857142857143
        },
        "kills_per_min": {
          "raw": 0.3369434416365824,
          "pct": 0.9714285714285714
        },
        "last_hits_per_min": {
          "raw": 4.548736462093863,
          "pct": 0.2
        },
        "hero_damage_per_min": {
          "raw": 532.2984356197353,
          "pct": 0.5428571428571428
        },
        "hero_healing_per_min": {
          "raw": 0,
          "pct": 0.8285714285714286
        },
        "tower_damage": {
          "raw": 2304,
          "pct": 0.8571428571428571
        },
        "stuns_per_min": {
          "raw": 0,
          "pct": 0.05714285714285714
        },
        "lhten": {}
      }
    }
  ],
  "patch": 51,
  "region": 3
}