{
  "chat": null,
  "cluster": 186,
  "cosmetics": null,
  "dire_score": 78,
  "dire_team_id": null,
  "draft_timings": null,
  "duration": 2549,
  "engine": 1,
  "first_blood_time": 96,
  "game_mode": 4,
  "human_players": 10,
  "leagueid": 0,
  "lobby_type": 0,
  "match_seq_num": 5780386617,
  "negative_votes": 0,
  "objectives": null,
  "picks_bans": null,
  "positive_votes": 0,
  "radiant_gold_adv": null,
  "radiant_score": 27,
  "radiant_team_id": null,
  "radiant_xp_adv": null,
  "skill": null,
  "start_time": 1669912861,
  "teamfights": null,
  "version": null,
  "replay_salt": 1229402296,
  "series_id": 0,
  "series_type": 0,
  "players": [
    {
      "player_slot": 0,
      "ability_targets": null,
      "ability_upgrades_arr": [
        5104,
        5102,
        5103,
        5102,
        5102,
        5105,
        5104,
        5102,
        5103,
        5103,
        6409,
        5105,
        5103,
        5104,
        6530,
        5104,
        5105
      ],
      "ability_uses": null,
      "actions": null,
      "additional_units": null,
      "assists": 7,
      "backpack_0": 0,
      "backpack_1": 0,
      "backpack_2": 0,
      "backpack_3": null,
      "buyback_log": null,
      "camps_stacked": null,
      "connection_log": null,
      "creeps_stacked": null,
      "damage": null,
      "damage_inflictor": null,
      "damage_inflictor_received": null,
      "damage_taken": null,
      "damage_targets": null,
      "deaths": 15,
      "denies": 0,
      "dn_t": null,
      "firstblood_claimed": null,
      "gold": 427,
      "gold_per_min": 310,
      "gold_reasons": null,
      "gold_spent": 11025,
      "gold_t": null,
      "hero_damage": 20221,
      "hero_healing": 0,
      "hero_hits": null,
      "hero_id": 16,
      "item_0": 1,
      "item_1": 59,
      "item_2": 100,
      "item_3": 214,
      "item_4": 9,
      "item_5": 8,
      "item_neutral": 946,
      "item_uses": null,
      "kill_streaks": null,
      "killed": null,
      "killed_by": null,
      "kills": 9,
      "kills_log": null,
      "lane_pos": null,
      "last_hits": 73,
      "leaver_status": 0,
      "level": 19,
      "lh_t": null,
      "life_state": null,
      "max_hero_hit": null,
      "multi_kills": null,
      "net_worth": 10127,
      "obs": null,
      "obs_left_log": null,
      "obs_log": null,
      "obs_placed": null,
      "party_id": 0,
      "party_size": 1,
      "performance_others": null,
      "permanent_buffs": [],
      "pings": null,
      "pred_vict": null,
      "purchase": null,
      "purchase_log": null,
      "randomed": null,
      "repicked": null,
      "roshans_killed": null,
      "rune_pickups": null,
      "runes": null,
      "runes_log": null,
      "sen": null,
      "sen_left_log": null,
      "sen_log": null,
      "sen_placed": null,
      "stuns": null,
      "teamfight_participation": null,
      "times": null,
      "tower_damage": 0,
      "towers_killed": null,
      "xp_per_min": 491,
      "xp_reasons": null,
      "xp_t": null,
      "start_time": 1669912861,
      "duration": 2549,
      "cluster": 186,
      "lobby_type": 0,
      "game_mode": 4,
      "is_contributor": false,
      "patch": 51,
      "region": 8,
      "isRadiant": true,
      "total_gold": 13169,
      "total_xp": 20859,
      "kills_per_min": 0.21184778344448804,
      "kda": 1,
      "abandons": 0,
      "rank_tier": null,
      "is_subscriber": false,
      "cosmetics": [],
      "benchmarks": {
        "gold_per_min": {
          "raw": 310,
          "pct": 0.041666666666666664
        },
        "xp_per_min": {
          "raw": 491,
          "pct": 0.2916666666666667
        },
        "kills_per_min": {
          "raw": 0.211847783444488,
          "pct": 0.75
        },
        "last_hits_per_min": {
          "raw": 1.7183209101608472,
          "pct": 0
        },
        "hero_damage_per_min": {
          "raw": 475.97489211455473,
          "pct": 0.16666666666666666
        },
        "hero_healing_per_min": {
          "raw": 0,
          "pct": 0.9583333333333334
        },
        "tower_damage": {
          "raw": 0,
          "pct": 0.16666666666666666
        },
        "stuns_per_min": {
          "raw": 0,
          "pct": 0
        },
        "lhten": {}
      }
    },
    {
      "player_slot": 1,
      "ability_targets": null,
      "ability_upgrades_arr": [
        5190,
        5191,
        5190,
        5192,
        5190,
        5193,
        5190,
        5191,
        5191,
        483,
        5191,
        5193,
        5192,
        5192,
        490,
        5192,
        5193,
        1074
      ],
      "ability_uses": null,
      "actions": null,
      "additional_units": null,
      "assists": 6,
      "backpack_0": 5,
      "backpack_1": 0,
      "backpack_2": 0,
      "backpack_3": null,
      "buyback_log": null,
      "camps_stacked": null,
      "connection_log": null,
      "creeps_stacked": null,
      "damage": null,
      "damage_inflictor": null,
      "damage_inflictor_received": null,
      "damage_taken": null,
      "damage_targets": null,
      "deaths": 9,
      "denies": 1,
      "dn_t": null,
      "firstblood_claimed": null,
      "gold": 991,
      "gold_per_min": 431,
      "gold_reasons": null,
      "gold_spent": 16605,
      "gold_t": null,
      "hero_damage": 13565,
      "hero_healing": 0,
      "hero_hits": null,
      "hero_id": 44,
      "item_0": 145,
      "item_1": 63,
      "item_2": 569,
      "item_3": 168,
      "item_4": 116,
      "item_5": 26,
      "item_neutral": 376,
      "item_uses": null,
      "kill_streaks": null,
      "killed": null,
      "killed_by": null,
      "kills": 3,
      "kills_log": null,
      "lane_pos": null,
      "last_hits": 277,
      "leaver_status": 0,
      "level": 24,
      "lh_t": null,
      "life_state": null,
      "max_hero_hit": null,
      "multi_kills": null,
      "net_worth": 17216,
      "obs": null,
      "obs_left_log": null,
      "obs_log": null,
      "obs_placed": null,
      "party_id": 1,
      "party_size": 3,
      "performance_others": null,
      "permanent_buffs": [],
      "pings": null,
      "pred_vict": null,
      "purchase": null,
      "purchase_log": null,
      "randomed": null,
      "repicked": null,
      "roshans_killed": null,
      "rune_pickups": null,
      "runes": null,
      "runes_log": null,
      "sen": null,
      "sen_left_log": null,
      "sen_log": null,
      "sen_placed": null,
      "stuns": null,
      "teamfight_participation": null,
      "times": null,
      "tower_damage": 311,
      "towers_killed": null,
      "xp_per_min": 778,
      "xp_reasons": null,
      "xp_t": null,
      "start_time": 1669912861,
      "duration": 2549,
      "cluster": 186,
      "lobby_type": 0,
      "game_mode": 4,
      "is_contributor": false,
      "patch": 51,
      "region": 8,
      "isRadiant": true,
      "total_gold": 18310,
      "total_xp": 33052,
      "kills_per_min": 0.07061592781482934,
      "kda": 0,
      "abandons": 0,
      "rank_tier": null,
      "is_subscriber": false,
      "cosmetics": [],
      "benchmarks": {
        "gold_per_min": {
          "raw": 431,
          "pct": 0.1111111111111111
        },
        "xp_per_min": {
          "raw": 778,
          "pct": 0.4074074074074074
        },
        "kills_per_min": {
          "raw": 0.07061592781482935,
          "pct": 0.037037037037037035
        },
        "last_hits_per_min": {
          "raw": 6.520204001569243,
          "pct": 0.3333333333333333
        },
        "hero_damage_per_min": {
          "raw": 319.30168693605333,
          "pct": 0.07407407407407407
        },
        "hero_healing_per_min": {
          "raw": 0,
          "pct": 0.9629629629629629
        },
        "tower_damage": {
          "raw": 311,
          "pct": 0.25925925925925924
        },
        "stuns_per_min": {
          "raw": 0,
          "pct": 0.4074074074074074
        },
        "lhten": {}
      }
    },
    {
      "player_slot": 2,
      "ability_targets": null,
      "ability_upgrades_arr": [
        5520,
        5518,
        5519,
        5520,
        5518,
        5521,
        5520,
        5520,
        5518,
        6690,
        5519,
        5521,
        5519,
        5519,
        712,
        5518
      ],
      "ability_uses": null,
      "actions": null,
      "additional_units": null,
      "assists": 13,
      "backpack_0": 0,
      "backpack_1": 0,
      "backpack_2": 0,
      "backpack_3": null,
      "buyback_log": null,
      "camps_stacked": null,
      "connection_log": null,
      "creeps_stacked": null,
      "damage": null,
      "damage_inflictor": null,
      "damage_inflictor_received": null,
      "damage_taken": null,
      "damage_targets": null,
      "deaths": 18,
      "denies": 0,
      "dn_t": null,
      "firstblood_claimed": null,
      "gold": 717,
      "gold_per_min": 258,
      "gold_reasons": null,
      "gold_spent": 9020,
      "gold_t": null,
      "hero_damage": 15788,
      "hero_healing": 195,
      "hero_hits": null,
      "hero_id": 97,
      "item_0": 1,
      "item_1": 63,
      "item_2": 252,
      "item_3": 0,
      "item_4": 0,
      "item_5": 0,
      "item_neutral": 358,
      "item_uses": null,
      "kill_streaks": null,
      "killed": null,
      "killed_by": null,
      "kills": 4,
      "kills_log": null,
      "lane_pos": null,
      "last_hits": 39,
      "leaver_status": 0,
      "level": 16,
      "lh_t": null,
      "life_state": null,
      "max_hero_hit": null,
      "multi_kills": null,
      "net_worth": 8267,
      "obs": null,
      "obs_left_log": null,
      "obs_log": null,
      "obs_placed": null,
      "party_id": 1,
      "party_size": 3,
      "performance_others": null,
      "permanent_buffs": [
        {
          "permanent_buff": 6,
          "stack_count": 2,
          "grant_time": 1577
        },
        {
          "permanent_buff": 12,
          "stack_count": 0,
          "grant_time": 1680
        }
      ],
      "pings": null,
      "pred_vict": null,
      "purchase": null,
      "purchase_log": null,
      "randomed": null,
      "repicked": null,
      "roshans_killed": null,
      "rune_pickups": null,
      "runes": null,
      "runes_log": null,
      "sen": null,
      "sen_left_log": null,
      "sen_log": null,
      "sen_placed": null,
      "stuns": null,
      "teamfight_participation": null,
      "times": null,
      "tower_damage": 0,
      "towers_killed": null,
      "xp_per_min": 338,
      "xp_reasons": null,
      "xp_t": null,
      "start_time": 1669912861,
      "duration": 2549,
      "cluster": 186,
      "lobby_type": 0,
      "game_mode": 4,
      "is_contributor": false,
      "patch": 51,
      "region": 8,
      "isRadiant": true,
      "total_gold": 10960,
      "total_xp": 14359,
      "kills_per_min": 0.09415457041977246,
      "kda": 0,
      "abandons": 0,
      "rank_tier": null,
      "is_subscriber": false,
      "cosmetics": [],
      "benchmarks": {
        "gold_per_min": {
          "raw": 258,
          "pct": 0.023809523809523808
        },
        "xp_per_min": {
          "raw": 338,
          "pct": 0.047619047619047616
        },
        "kills_per_min": {
          "raw": 0.09415457041977246,
          "pct": 0.5
        },
        "last_hits_per_min": {
          "raw": 0.9180070615927816,
          "pct": 0
        },
        "hero_damage_per_min": {
          "raw": 371.6280894468419,
          "pct": 0.5238095238095238
        },
        "hero_healing_per_min": {
          "raw": 4.590035307963907,
          "pct": 0.5714285714285714
        },
        "tower_damage": {
          "raw": 0,
          "pct": 0.21428571428571427
        },
        "stuns_per_min": {
          "raw": 0,
          "pct": 0
        },
        "lhten": {}
      }
    },
    {
      "player_slot": 3,
      "ability_targets": null,
      "ability_upgrades_arr": [
        5291,
        5290,
        5291,
        5290,
        5291,
        5292,
        5291,
        5289,
        5290,
        5290,
        6250,
        5292,
        5289,
        5289,
        5289,
        6987,
        5292,
        6131
      ],
      "ability_uses": null,
      "actions": null,
      "additional_units": null,
      "assists": 8,
      "backpack_0": 40,
      "backpack_1": 0,
      "backpack_2": 0,
      "backpack_3": null,
      "buyback_log": null,
      "camps_stacked": null,
      "connection_log": null,
      "creeps_stacked": null,
      "damage": null,
      "damage_inflictor": null,
      "damage_inflictor_received": null,
      "damage_taken": null,
      "damage_targets": null,
      "deaths": 14,
      "denies": 11,
      "dn_t": null,
      "firstblood_claimed": null,
      "gold": 235,
      "gold_per_min": 448,
      "gold_reasons": null,
      "gold_spent": 16605,
      "gold_t": null,
      "hero_damage": 31452,
      "hero_healing": 0,
      "hero_hits": null,
      "hero_id": 63,
      "item_0": 156,
      "item_1": 8,
      "item_2": 168,
      "item_3": 166,
      "item_4": 63,
      "item_5": 21,
      "item_neutral": 573,
      "item_uses": null,
      "kill_streaks": null,
      "killed": null,
      "killed_by": null,
      "kills": 10,
      "kills_log": null,
      "lane_pos": null,
      "last_hits": 207,
      "leaver_status": 0,
      "level": 22,
      "lh_t": null,
      "life_state": null,
      "max_hero_hit": null,
      "multi_kills": null,
      "net_worth": 15665,
      "obs": null,
      "obs_left_log": null,
      "obs_log": null,
      "obs_placed": null,
      "party_id": 1,
      "party_size": 3,
      "performance_others": null,
      "permanent_buffs": [
        {
          "permanent_buff": 6,
          "stack_count": 1,
          "grant_time": 1081
        }
      ],
      "pings": null,
      "pred_vict": null,
      "purchase": null,
      "purchase_log": null,
      "randomed": null,
      "repicked": null,
      "roshans_killed": null,
      "rune_pickups": null,
      "runes": null,
      "runes_log": null,
      "sen": null,
      "sen_left_log": null,
      "sen_log": null,
      "sen_placed": null,
      "stuns": null,
      "teamfight_participation": null,
      "times": null,
      "tower_damage": 3513,
      "towers_killed": null,
      "xp_per_min": 636,
      "xp_reasons": null,
      "xp_t": null,
      "start_time": 1669912861,
      "duration": 2549,
      "cluster": 186,
      "lobby_type": 0,
      "game_mode": 4,
      "is_contributor": false,
      "patch": 51,
      "region": 8,
      "isRadiant": true,
      "total_gold": 19032,
      "total_xp": 27019,
      "kills_per_min": 0.23538642604943114,
      "kda": 1,
      "abandons": 0,
      "rank_tier": null,
      "is_subscriber": false,
      "cosmetics": [],
      "benchmarks": {
        "gold_per_min": {
          "raw": 448,
          "pct": 0.3333333333333333
        },
        "xp_per_min": {
          "raw": 636,
          "pct": 0.3333333333333333
        },
        "kills_per_min": {
          "raw": 0.23538642604943114,
          "pct": 0.7333333333333333
        },
        "last_hits_per_min": {
          "raw": 4.872499019223225,
          "pct": 0.3333333333333333
        },
        "hero_damage_per_min": {
          "raw": 740.3373872106708,
          "pct": 0.6
        },
        "hero_healing_per_min": {
          "raw": 0,
          "pct": 0.9333333333333333
        },
        "tower_damage": {
          "raw": 3513,
          "pct": 0.6
        },
        "stuns_per_min": {
          "raw": 0,
          "pct": 0.5333333333333333
        },
        "lhten": {}
      }
    },
    {
      "player_slot": 4,
      "ability_targets": null,
      "ability_upgrades_arr": [
        5353,
        5355,
        5353,
        7301,
        5353,
        5356,
        5353,
        5355,
        7301,
        5355,
        7022,
        5356,
        7301,
        7301,
        6296,
        5355
      ],
      "ability_uses": null,
      "actions": null,
      "additional_units": null,
      "assists": 4,
      "backpack_0": 356,
      "backpack_1": 834,
      "backpack_2": 840,
      "backpack_3": null,
      "buyback_log": null,
      "camps_stacked": null,
      "connection_log": null,
      "creeps_stacked": null,
      "damage": null,
      "damage_inflictor": null,
      "damage_inflictor_received": null,
      "damage_taken": null,
      "damage_targets": null,
      "deaths": 22,
      "denies": 0,
      "dn_t": null,
      "firstblood_claimed": null,
      "gold": 1243,
      "gold_per_min": 211,
      "gold_reasons": null,
      "gold_spent": 4720,
      "gold_t": null,
      "hero_damage": 6240,
      "hero_healing": 0,
      "hero_hits": null,
      "hero_id": 71,
      "item_0": 77,
      "item_1": 50,
      "item_2": 0,
      "item_3": 77,
      "item_4": 244,
      "item_5": 0,
      "item_neutral": 1077,
      "item_uses": null,
      "kill_streaks": null,
      "killed": null,
      "killed_by": null,
      "kills": 1,
      "kills_log": null,
      "lane_pos": null,
      "last_hits": 61,
      "leaver_status": 0,
      "level": 16,
      "lh_t": null,
      "life_state": null,
      "max_hero_hit": null,
      "multi_kills": null,
      "net_worth": 5603,
      "obs": null,
      "obs_left_log": null,
      "obs_log": null,
      "obs_placed": null,
      "party_id": 2,
      "party_size": 1,
      "performance_others": null,
      "permanent_buffs": [
        {
          "permanent_buff": 12,
          "stack_count": 0,
          "grant_time": 1389
        }
      ],
      "pings": null,
      "pred_vict": null,
      "purchase": null,
      "purchase_log": null,
      "randomed": null,
      "repicked": null,
      "roshans_killed": null,
      "rune_pickups": null,
      "runes": null,
      "runes_log": null,
      "sen": null,
      "sen_left_log": null,
      "sen_log": null,
      "sen_placed": null,
      "stuns": null,
      "teamfight_participation": null,
      "times": null,
      "tower_damage": 471,
      "towers_killed": null,
      "xp_per_min": 333,
      "xp_reasons": null,
      "xp_t": null,
      "start_time": 1669912861,
      "duration": 2549,
      "cluster": 186,
      "lobby_type": 0,
      "game_mode": 4,
      "is_contributor": false,
      "patch": 51,
      "region": 8,
      "isRadiant": true,
      "total_gold": 8963,
      "total_xp": 14146,
      "kills_per_min": 0.023538642604943115,
      "kda": 0,
      "abandons": 0,
      "rank_tier": null,
      "is_subscriber": false,
      "cosmetics": [],
      "benchmarks": {
        "gold_per_min": {
          "raw": 211,
          "pct": 0.075
        },
        "xp_per_min": {
          "raw": 333,
          "pct": 0.075
        },
        "kills_per_min": {
          "raw": 0.023538642604943115,
          "pct": 0.1
        },
        "last_hits_per_min": {
          "raw": 1.43585719890153,
          "pct": 0.125
        },
        "hero_damage_per_min": {
          "raw": 146.88112985484503,
          "pct": 0
        },
        "hero_healing_per_min": {
          "raw": 0,
          "pct": 0.925
        },
        "tower_damage": {
          "raw": 471,
          "pct": 0.5
        },
        "stuns_per_min": {
          "raw": 0,
          "pct": 0
        },
        "lhten": {}
      }
    },
    {
      "player_slot": 128,
      "ability_targets": null,
      "ability_upgrades_arr": [
        995,
        992,
        995,
        994,
        995,
        996,
        995,
        994,
        994,
        1081,
        994,
        996,
        992,
        992,
        1082,
        992,
        996,
        7742
      ],
      "ability_uses": null,
      "actions": null,
      "additional_units": null,
      "assists": 27,
      "backpack_0": 0,
      "backpack_1": 11,
      "backpack_2": 0,
      "backpack_3": null,
      "buyback_log": null,
      "camps_stacked": null,
      "connection_log": null,
      "creeps_stacked": null,
      "damage": null,
      "damage_inflictor": null,
      "damage_inflictor_received": null,
      "damage_taken": null,
      "damage_targets": null,
      "deaths": 12,
      "denies": 1,
      "dn_t": null,
      "firstblood_claimed": null,
      "gold": 944,
      "gold_per_min": 463,
      "gold_reasons": null,
      "gold_spent": 16175,
      "gold_t": null,
      "hero_damage": 42689,
      "hero_healing": 0,
      "hero_hits": null,
      "hero_id": 137,
      "item_0": 50,
      "item_1": 252,
      "item_2": 73,
      "item_3": 143,
      "item_4": 141,
      "item_5": 73,
      "item_neutral": 1076,
      "item_uses": null,
      "kill_streaks": null,
      "killed": null,
      "killed_by": null,
      "kills": 18,
      "kills_log": null,
      "lane_pos": null,
      "last_hits": 80,
      "leaver_status": 0,
      "level": 24,
      "lh_t": null,
      "life_state": null,
      "max_hero_hit": null,
      "multi_kills": null,
      "net_worth": 15579,
      "obs": null,
      "obs_left_log": null,
      "obs_log": null,
      "obs_placed": null,
      "party_id": 3,
      "party_size": 2,
      "performance_others": null,
      "permanent_buffs": [
        {
          "permanent_buff": 6,
          "stack_count": 1,
          "grant_time": 1060
        },
        {
          "permanent_buff": 12,
          "stack_count": 0,
          "grant_time": 1715
        }
      ],
      "pings": null,
      "pred_vict": null,
      "purchase": null,
      "purchase_log": null,
      "randomed": null,
      "repicked": null,
      "roshans_killed": null,
      "rune_pickups": null,
      "runes": null,
      "runes_log": null,
      "sen": null,
      "sen_left_log": null,
      "sen_log": null,
      "sen_placed": null,
      "stuns": null,
      "teamfight_participation": null,
      "times": null,
      "tower_damage": 2399,
      "towers_killed": null,
      "xp_per_min": 758,
      "xp_reasons": null,
      "xp_t": null,
      "start_time": 1669912861,
      "duration": 2549,
      "cluster": 186,
      "lobby_type": 0,
      "game_mode": 4,
      "is_contributor": false,
      "patch": 51,
      "region": 8,
      "isRadiant": false,
      "total_gold": 19669,
      "total_xp": 32202,
      "kills_per_min": 0.4236955668889761,
      "kda": 3,
      "abandons": 0,
      "rank_tier": null,
      "is_subscriber": false,
      "cosmetics": [],
      "benchmarks": {
        "gold_per_min": {
          "raw": 463,
          "pct": 0.55
        },
        "xp_per_min": {
          "raw": 758,
          "pct": 0.75
        },
        "kills_per_min": {
          "raw": 0.423695566888976,
          "pct": 0.9
        },
        "last_hits_per_min": {
          "raw": 1.883091408395449,
          "pct": 0.1
        },
        "hero_damage_per_min": {
          "raw": 1004.8411141624165,
          "pct": 0.875
        },
        "hero_healing_per_min": {
          "raw": 0,
          "pct": 0.875
        },
        "tower_damage": {
          "raw": 2399,
          "pct": 0.85
        },
        "stuns_per_min": {
          "raw": 0,
          "pct": 0.025
        },
        "lhten": {}
      }
    },
    {
      "player_slot": 129,
      "ability_targets": null,
      "ability_upgrades_arr": null,
      "ability_uses": null,
      "actions": null,
      "additional_units": null,
      "assists": 0,
      "backpack_0": 0,
      "backpack_1": 0,
      "backpack_2": 0,
      "backpack_3": null,
      "buyback_log": null,
      "camps_stacked": null,
      "connection_log": null,
      "creeps_stacked": null,
      "damage": null,
      "damage_inflictor": null,
      "damage_inflictor_received": null,
      "damage_taken": null,
      "damage_targets": null,
      "deaths": 1,
      "denies": 0,
      "dn_t": null,
      "firstblood_claimed": null,
      "gold": 3,
      "gold_per_min": 157,
      "gold_reasons": null,
      "gold_spent": 0,
      "gold_t": null,
      "hero_damage": 634,
      "hero_healing": 0,
      "hero_hits": null,
      "hero_id": 107,
      "item_0": 0,
      "item_1": 0,
      "item_2": 0,
      "item_3": 0,
      "item_4": 0,
      "item_5": 0,
      "item_neutral": 0,
      "item_uses": null,
      "kill_streaks": null,
      "killed": null,
      "killed_by": null,
      "kills": 0,
      "kills_log": null,
      "lane_pos": null,
      "last_hits": 6,
      "leaver_status": 2,
      "level": 7,
      "lh_t": null,
      "life_state": null,
      "max_hero_hit": null,
      "multi_kills": null,
      "net_worth": 103,
      "obs": null,
      "obs_left_log": null,
      "obs_log": null,
      "obs_placed": null,
      "party_id": 3,
      "party_size": 2,
      "performance_others": null,
      "permanent_buffs": [],
      "pings": null,
      "pred_vict": null,
      "purchase": null,
      "purchase_log": null,
      "randomed": null,
      "repicked": null,
      "roshans_killed": null,
      "rune_pickups": null,
      "runes": null,
      "runes_log": null,
      "sen": null,
      "sen_left_log": null,
      "sen_log": null,
      "sen_placed": null,
      "stuns": null,
      "teamfight_participation": null,
      "times": null,
      "tower_damage": 0,
      "towers_killed": null,
      "xp_per_min": 82,
      "xp_reasons": null,
      "xp_t": null,
      "start_time": 1669912861,
      "duration": 2549,
      "cluster": 186,
      "lobby_type": 0,
      "game_mode": 4,
      "is_contributor": false,
      "patch": 51,
      "region": 8,
      "isRadiant": false,
      "total_gold": 6669,
      "total_xp": 3483,
      "kda": 0,
      "abandons": 1,
      "rank_tier": null,
      "is_subscriber": false,
      "cosmetics": [],
      "benchmarks": {
        "gold_per_min": {
          "raw": 157,
          "pct": 0
        },
        "xp_per_min": {
          "raw": 82,
          "pct": 0
        },
        "kills_per_min": {
          "raw": 0,
          "pct": 0
        },
        "last_hits_per_min": {
          "raw": 0.1412318556296587,
          "pct": 0
        },
        "hero_damage_per_min": {
          "raw": 14.923499411533934,
          "pct": 0
        },
        "hero_healing_per_min": {
          "raw": 0,
          "pct": 0.625
        },
        "tower_damage": {
          "raw": 0,
          "pct": 0.3125
        },
        "stuns_per_min": {
          "raw": 0,
          "pct": 0
        },
        "lhten": {}
      }
    },
    {
      "player_slot": 130,
      "ability_targets": null,
      "ability_upgrades_arr": [
        5108,
        5106,
        5107,
        5106,
        5106,
        5109,
        5107,
        5106,
        5107,
        6137,
        5107,
        5109,
        5108,
        6937,
        6153,
        5108,
        5109,
        718,
        6933,
        5918,
        753
      ],
      "ability_uses": null,
      "actions": null,
      "additional_units": null,
      "assists": 17,
      "backpack_0": 0,
      "backpack_1": 0,
      "backpack_2": 0,
      "backpack_3": null,
      "buyback_log": null,
      "camps_stacked": null,
      "connection_log": null,
      "creeps_stacked": null,
      "damage": null,
      "damage_inflictor": null,
      "damage_inflictor_received": null,
      "damage_taken": null,
      "damage_targets": null,
      "deaths": 3,
      "denies": 18,
      "dn_t": null,
      "firstblood_claimed": null,
      "gold": 2709,
      "gold_per_min": 637,
      "gold_reasons": null,
      "gold_spent": 25400,
      "gold_t": null,
      "hero_damage": 42588,
      "hero_healing": 0,
      "hero_hits": null,
      "hero_id": 19,
      "item_0": 252,
      "item_1": 50,
      "item_2": 1,
      "item_3": 108,
      "item_4": 141,
      "item_5": 141,
      "item_neutral": 311,
      "item_uses": null,
      "kill_streaks": null,
      "killed": null,
      "killed_by": null,
      "kills": 19,
      "kills_log": null,
      "lane_pos": null,
      "last_hits": 176,
      "leaver_status": 0,
      "level": 28,
      "lh_t": null,
      "life_state": null,
      "max_hero_hit": null,
      "multi_kills": null,
      "net_worth": 24959,
      "obs": null,
      "obs_left_log": null,
      "obs_log": null,
      "obs_placed": null,
      "party_id": 4,
      "party_size": 3,
      "performance_others": null,
      "permanent_buffs": [
        {
          "permanent_buff": 12,
          "stack_count": 0,
          "grant_time": 2312
        }
      ],
      "pings": null,
      "pred_vict": null,
      "purchase": null,
      "purchase_log": null,
      "randomed": null,
      "repicked": null,
      "roshans_killed": null,
      "rune_pickups": null,
      "runes": null,
      "runes_log": null,
      "sen": null,
      "sen_left_log": null,
      "sen_log": null,
      "sen_placed": null,
      "stuns": null,
      "teamfight_participation": null,
      "times": null,
      "tower_damage": 831,
      "towers_killed": null,
      "xp_per_min": 906,
      "xp_reasons": null,
      "xp_t": null,
      "start_time": 1669912861,
      "duration": 2549,
      "cluster": 186,
      "lobby_type": 0,
      "game_mode": 4,
      "is_contributor": false,
      "patch": 51,
      "region": 8,
      "isRadiant": false,
      "total_gold": 27061,
      "total_xp": 38489,
      "kills_per_min": 0.4472342094939192,
      "kda": 9,
      "abandons": 0,
      "rank_tier": null,
      "is_subscriber": false,
      "cosmetics": [],
      "benchmarks": {
        "gold_per_min": {
          "raw": 637,
          "pct": 0.9882352941176471
        },
        "xp_per_min": {
          "raw": 906,
          "pct": 0.9764705882352941
        },
        "kills_per_min": {
          "raw": 0.44723420949391923,
          "pct": 0.9529411764705882
        },
        "last_hits_per_min": {
          "raw": 4.142801098469988,
          "pct": 0.7058823529411765
        },
        "hero_damage_per_min": {
          "raw": 1002.4637112593175,
          "pct": 0.9764705882352941
        },
        "hero_healing_per_min": {
          "raw": 0,
          "pct": 0.8941176470588236
        },
        "tower_damage": {
          "raw": 831,
          "pct": 0.611764705882353
        },
        "stuns_per_min": {
          "raw": 0,
          "pct": 0
        },
        "lhten": {}
      }
    },
    {
      "player_slot": 131,
      "ability_targets": null,
      "ability_upgrades_arr": [
        5024,
        5025,
        5023,
        5024,
        5025,
        5026,
        5024,
        5024,
        5025,
        706,
        5023,
        5026,
        5025,
        5023,
        918,
        5023,
        5026,
        6425,
        6035,
        744,
        858
      ],
      "ability_uses": null,
      "actions": null,
      "additional_units": null,
      "assists": 24,
      "backpack_0": 0,
      "backpack_1": 0,
      "backpack_2": 0,
      "backpack_3": null,
      "buyback_log": null,
      "camps_stacked": null,
      "connection_log": null,
      "creeps_stacked": null,
      "damage": null,
      "damage_inflictor": null,
      "damage_inflictor_received": null,
      "damage_taken": null,
      "damage_targets": null,
      "deaths": 6,
      "denies": 15,
      "dn_t": null,
      "firstblood_claimed": null,
      "gold": 5276,
      "gold_per_min": 642,
      "gold_reasons": null,
      "gold_spent": 21960,
      "gold_t": null,
      "hero_damage": 56012,
      "hero_healing": 0,
      "hero_hits": null,
      "hero_id": 7,
      "item_0": 112,
      "item_1": 141,
      "item_2": 0,
      "item_3": 1,
      "item_4": 249,
      "item_5": 50,
      "item_neutral": 376,
      "item_uses": null,
      "kill_streaks": null,
      "killed": null,
      "killed_by": null,
      "kills": 28,
      "kills_log": null,
      "lane_pos": null,
      "last_hits": 142,
      "leaver_status": 0,
      "level": 28,
      "lh_t": null,
      "life_state": null,
      "max_hero_hit": null,
      "multi_kills": null,
      "net_worth": 25001,
      "obs": null,
      "obs_left_log": null,
      "obs_log": null,
      "obs_placed": null,
      "party_id": 4,
      "party_size": 3,
      "performance_others": null,
      "permanent_buffs": [
        {
          "permanent_buff": 6,
          "stack_count": 1,
          "grant_time": 1590
        }
      ],
      "pings": null,
      "pred_vict": null,
      "purchase": null,
      "purchase_log": null,
      "randomed": null,
      "repicked": null,
      "roshans_killed": null,
      "rune_pickups": null,
      "runes": null,
      "runes_log": null,
      "sen": null,
      "sen_left_log": null,
      "sen_log": null,
      "sen_placed": null,
      "stuns": null,
      "teamfight_participation": null,
      "times": null,
      "tower_damage": 6680,
      "towers_killed": null,
      "xp_per_min": 1009,
      "xp_reasons": null,
      "xp_t": null,
      "start_time": 1669912861,
      "duration": 2549,
      "cluster": 186,
      "lobby_type": 0,
      "game_mode": 4,
      "is_contributor": false,
      "patch": 51,
      "region": 8,
      "isRadiant": false,
      "total_gold": 27274,
      "total_xp": 42865,
      "kills_per_min": 0.6590819929384072,
      "kda": 7,
      "abandons": 0,
      "rank_tier": null,
      "is_subscriber": false,
      "cosmetics": [],
      "benchmarks": {
        "gold_per_min": {
          "raw": 642,
          "pct": 0.9666666666666667
        },
        "xp_per_min": {
          "raw": 1009,
          "pct": 1
        },
        "kills_per_min": {
          "raw": 0.6590819929384072,
          "pct": 1
        },
        "last_hits_per_min": {
          "raw": 3.342487249901922,
          "pct": 0.6333333333333333
        },
        "hero_damage_per_min": {
          "raw": 1318.4464495880736,
          "pct": 1
        },
        "hero_healing_per_min": {
          "raw": 0,
          "pct": 0.8666666666666667
        },
        "tower_damage": {
          "raw": 6680,
          "pct": 1
        },
        "stuns_per_min": {
          "raw": 0,
          "pct": 0
        },
        "lhten": {}
      }
    },
    {
      "player_slot": 132,
      "ability_targets": null,
      "ability_upgrades_arr": [
        8158,
        8429,
        8158,
        8429,
        9501,
        8106,
        8158,
        8158,
        8429,
        9510,
        8429,
        8106,
        9501,
        9501,
        9511,
        9501,
        8106,
        9506,
        9509
      ],
      "ability_uses": null,
      "actions": null,
      "additional_units": null,
      "assists": 20,
      "backpack_0": 0,
      "backpack_1": 0,
      "backpack_2": 0,
      "backpack_3": null,
      "buyback_log": null,
      "camps_stacked": null,
      "connection_log": null,
      "creeps_stacked": null,
      "damage": null,
      "damage_inflictor": null,
      "damage_inflictor_received": null,
      "damage_taken": null,
      "damage_targets": null,
      "deaths": 5,
      "denies": 5,
      "dn_t": null,
      "firstblood_claimed": null,
      "gold": 1373,
      "gold_per_min": 456,
      "gold_reasons": null,
      "gold_spent": 18055,
      "gold_t": null,
      "hero_damage": 24346,
      "hero_healing": 0,
      "hero_hits": null,
      "hero_id": 123,
      "item_0": 0,
      "item_1": 29,
      "item_2": 176,
      "item_3": 235,
      "item_4": 108,
      "item_5": 77,
      "item_neutral": 949,
      "item_uses": null,
      "kill_streaks": null,
      "killed": null,
      "killed_by": null,
      "kills": 12,
      "kills_log": null,
      "lane_pos": null,
      "last_hits": 86,
      "leaver_status": 0,
      "level": 26,
      "lh_t": null,
      "life_state": null,
      "max_hero_hit": null,
      "multi_kills": null,
      "net_worth": 18203,
      "obs": null,
      "obs_left_log": null,
      "obs_log": null,
      "obs_placed": null,
      "party_id": 4,
      "party_size": 3,
      "performance_others": null,
      "permanent_buffs": [
        {
          "permanent_buff": 12,
          "stack_count": 0,
          "grant_time": 2076
        }
      ],
      "pings": null,
      "pred_vict": null,
      "purchase": null,
      "purchase_log": null,
      "randomed": null,
      "repicked": null,
      "roshans_killed": null,
      "rune_pickups": null,
      "runes": null,
      "runes_log": null,
      "sen": null,
      "sen_left_log": null,
      "sen_log": null,
      "sen_placed": null,
      "stuns": null,
      "teamfight_participation": null,
      "times": null,
      "tower_damage": 1705,
      "towers_killed": null,
      "xp_per_min": 874,
      "xp_reasons": null,
      "xp_t": null,
      "start_time": 1669912861,
      "duration": 2549,
      "cluster": 186,
      "lobby_type": 0,
      "game_mode": 4,
      "is_contributor": false,
      "patch": 51,
      "region": 8,
      "isRadiant": false,
      "total_gold": 19372,
      "total_xp": 37130,
      "kills_per_min": 0.28246371125931735,
      "kda": 5,
      "abandons": 0,
      "rank_tier": null,
      "is_subscriber": false,
      "cosmetics": [],
      "benchmarks": {
        "gold_per_min": {
          "raw": 456,
          "pct": 0.9310344827586207
        },
        "xp_per_min": {
          "raw": 874,
          "pct": 1
        },
        "kills_per_min": {
          "raw": 0.2824637112593174,
          "pct": 0.9655172413793104
        },
        "last_hits_per_min": {
          "raw": 2.024323264025108,
          "pct": 0.7068965517241379
        },
        "hero_damage_per_min": {
          "raw": 573.0717928599452,
          "pct": 0.8103448275862069
        },
        "hero_healing_per_min": {
          "raw": 0,
          "pct": 0.8275862068965517
        },
        "tower_damage": {
          "raw": 1705,
          "pct": 0.896551724137931
        },
        "stuns_per_min": {
          "raw": 0,
          "pct": 0.017241379310344827
        },
        "lhten": {}
      }
    }
  ],
  "patch": 51,
  "region": 8
}