{
  "chat": null,
  "cluster": 187,
  "cosmetics": null,
  "dire_score": 61,
  "dire_team_id": null,
  "draft_timings": null,
  "duration": 2451,
  "engine": 1,
  "first_blood_time": 0,
  "game_mode": 4,
  "human_players": 10,
  "leagueid": 0,
  "lobby_type": 0,
  "match_seq_num": 5780357568,
  "negative_votes": 0,
  "objectives": null,
  "picks_bans": null,
  "positive_votes": 0,
  "radiant_gold_adv": null,
  "radiant_score": 82,
  "radiant_team_id": null,
  "radiant_xp_adv": null,
  "skill": null,
  "start_time": 1669911837,
  "teamfights": null,
  "version": null,
  "replay_salt": 2048342745,
  "series_id": 0,
  "series_type": 0,
  "players": [
    {
      "player_slot": 0,
      "ability_targets": null,
      "ability_upgrades_arr": [
        5122,
        5124,
        5123,
        5123,
        5123,
        5125,
        5123,
        5124,
        5124,
        5124,
        5122,
        5125,
        1067,
        5122,
        5122,
        6978,
        5125,
        6310,
        6057
      ],
      "ability_uses": null,
      "actions": null,
      "additional_units": null,
      "assists": 52,
      "backpack_0": 42,
      "backpack_1": 0,
      "backpack_2": 0,
      "backpack_3": null,
      "buyback_log": null,
      "camps_stacked": null,
      "connection_log": null,
      "creeps_stacked": null,
      "damage": null,
      "damage_inflictor": null,
      "damage_inflictor_received": null,
      "damage_taken": null,
      "damage_targets": null,
      "deaths": 12,
      "denies": 0,
      "dn_t": null,
      "firstblood_claimed": null,
      "gold": 1134,
      "gold_per_min": 367,
      "gold_reasons": null,
      "gold_spent": 13270,
      "gold_t": null,
      "hero_damage": 30983,
      "hero_healing": 3090,
      "hero_hits": null,
      "hero_id": 20,
      "item_0": 29,
      "item_1": 254,
      "item_2": 40,
      "item_3": 908,
      "item_4": 232,
      "item_5": 0,
      "item_neutral": 949,
      "item_uses": null,
      "kill_streaks": null,
      "killed": null,
      "killed_by": null,
      "kills": 11,
      "kills_log": null,
      "lane_pos": null,
      "last_hits": 23,
      "leaver_status": 0,
      "level": 25,
      "lh_t": null,
      "life_state": null,
      "max_hero_hit": null,
      "multi_kills": null,
      "net_worth": 11389,
      "obs": null,
      "obs_left_log": null,
      "obs_log": null,
      "obs_placed": null,
      "party_id": 0,
      "party_size": 1,
      "performance_others": null,
      "permanent_buffs": [
        {
          "permanent_buff": 6,
          "stack_count": 1,
          "grant_time": 916
        },
        {
          "permanent_buff": 12,
          "stack_count": 0,
          "grant_time": 1348
        }
      ],
      "pings": null,
      "pred_vict": null,
      "purchase": null,
      "purchase_log": null,
      "randomed": null,
      "repicked": null,
      "roshans_killed": null,
      "rune_pickups": null,
      "runes": null,
      "runes_log": null,
      "sen": null,
      "sen_left_log": null,
      "sen_log": null,
      "sen_placed": null,
      "stuns": null,
      "teamfight_participation": null,
      "times": null,
      "tower_damage": 149,
      "towers_killed": null,
      "xp_per_min": 859,
      "xp_reasons": null,
      "xp_t": null,
      "start_time": 1669911837,
      "duration": 2451,
      "cluster": 187,
      "lobby_type": 0,
      "game_mode": 4,
      "is_contributor": false,
      "patch": 51,
      "region": 8,
      "isRadiant": true,
      "total_gold": 14991,
      "total_xp": 35090,
      "kills_per_min": 0.2692778457772338,
      "kda": 4,
      "abandons": 0,
      "rank_tier": null,
      "is_subscriber": false,
      "cosmetics": [],
      "benchmarks": {
        "gold_per_min": {
          "raw": 367,
          "pct": 0.9375
        },
        "xp_per_min": {
          "raw": 859,
          "pct": 1
        },
        "kills_per_min": {
          "raw": 0.2692778457772338,
          "pct": 1
        },
        "last_hits_per_min": {
          "raw": 0.5630354957160343,
          "pct": 0.0625
        },
        "hero_damage_per_min": {
          "raw": 758.4577723378213,
          "pct": 1
        },
        "hero_healing_per_min": {
          "raw": 75.64259485924113,
          "pct": 1
        },
        "tower_damage": {
          "raw": 149,
          "pct": 0.5625
        },
        "stuns_per_min": {
          "raw": 0,
          "pct": 0
        },
        "lhten": {}
      }
    },
    {
      "player_slot": 1,
      "ability_targets": null,
      "ability_upgrades_arr": [
        5003,
        5004,
        5003,
        7314,
        5003,
        5006,
        5004,
        5003,
        5004,
        5004,
        6250,
        5006,
        7314,
        7314,
        666,
        7314,
        5006,
        665
      ],
      "ability_uses": null,
      "actions": null,
      "additional_units": null,
      "assists": 12,
      "backpack_0": 0,
      "backpack_1": 0,
      "backpack_2": 0,
      "backpack_3": null,
      "buyback_log": null,
      "camps_stacked": null,
      "connection_log": null,
      "creeps_stacked": null,
      "damage": null,
      "damage_inflictor": null,
      "damage_inflictor_received": null,
      "damage_taken": null,
      "damage_targets": null,
      "deaths": 14,
      "denies": 2,
      "dn_t": null,
      "firstblood_claimed": null,
      "gold": 4168,
      "gold_per_min": 529,
      "gold_reasons": null,
      "gold_spent": 16970,
      "gold_t": null,
      "hero_damage": 35361,
      "hero_healing": 0,
      "hero_hits": null,
      "hero_id": 1,
      "item_0": 147,
      "item_1": 145,
      "item_2": 75,
      "item_3": 63,
      "item_4": 139,
      "item_5": 0,
      "item_neutral": 309,
      "item_uses": null,
      "kill_streaks": null,
      "killed": null,
      "killed_by": null,
      "kills": 22,
      "kills_log": null,
      "lane_pos": null,
      "last_hits": 153,
      "leaver_status": 0,
      "level": 26,
      "lh_t": null,
      "life_state": null,
      "max_hero_hit": null,
      "multi_kills": null,
      "net_worth": 19848,
      "obs": null,
      "obs_left_log": null,
      "obs_log": null,
      "obs_placed": null,
      "party_id": 1,
      "party_size": 1,
      "performance_others": null,
      "permanent_buffs": [],
      "pings": null,
      "pred_vict": null,
      "purchase": null,
      "purchase_log": null,
      "randomed": null,
      "repicked": null,
      "roshans_killed": null,
      "rune_pickups": null,
      "runes": null,
      "runes_log": null,
      "sen": null,
      "sen_left_log": null,
      "sen_log": null,
      "sen_placed": null,
      "stuns": null,
      "teamfight_participation": null,
      "times": null,
      "tower_damage": 12569,
      "towers_killed": null,
      "xp_per_min": 929,
      "xp_reasons": null,
      "xp_t": null,
      "start_time": 1669911837,
      "duration": 2451,
      "cluster": 187,
      "lobby_type": 0,
      "game_mode": 4,
      "is_contributor": false,
      "patch": 51,
      "region": 8,
      "isRadiant": true,
      "total_gold": 21609,
      "total_xp": 37949,
      "kills_per_min": 0.5385556915544676,
      "kda": 2,
      "abandons": 0,
      "rank_tier": null,
      "is_subscriber": false,
      "cosmetics": [],
      "benchmarks": {
        "gold_per_min": {
          "raw": 529,
          "pct": 0.21212121212121213
        },
        "xp_per_min": {
          "raw": 929,
          "pct": 0.8181818181818182
        },
        "kills_per_min": {
          "raw": 0.5385556915544676,
          "pct": 1
        },
        "last_hits_per_min": {
          "raw": 3.7454100367197065,
          "pct": 0
        },
        "hero_damage_per_min": {
          "raw": 865.6303549571603,
          "pct": 0.8787878787878788
        },
        "hero_healing_per_min": {
          "raw": 0,
          "pct": 0.9696969696969697
        },
        "tower_damage": {
          "raw": 12569,
          "pct": 0.7878787878787878
        },
        "stuns_per_min": {
          "raw": 0,
          "pct": 0
        },
        "lhten": {}
      }
    },
    {
      "player_slot": 2,
      "ability_targets": null,
      "ability_upgrades_arr": [
        5143,
        5145,
        5143,
        5142,
        5142,
        5144,
        5145,
        5143,
        5142,
        6193,
        5143,
        5144,
        5145,
        5142,
        782,
        5145,
        5144,
        795,
        6867,
        474
      ],
      "ability_uses": null,
      "actions": null,
      "additional_units": null,
      "assists": 17,
      "backpack_0": 0,
      "backpack_1": 0,
      "backpack_2": 0,
      "backpack_3": null,
      "buyback_log": null,
      "camps_stacked": null,
      "connection_log": null,
      "creeps_stacked": null,
      "damage": null,
      "damage_inflictor": null,
      "damage_inflictor_received": null,
      "damage_taken": null,
      "damage_targets": null,
      "deaths": 10,
      "denies": 11,
      "dn_t": null,
      "firstblood_claimed": null,
      "gold": 942,
      "gold_per_min": 499,
      "gold_reasons": null,
      "gold_spent": 16665,
      "gold_t": null,
      "hero_damage": 30846,
      "hero_healing": 0,
      "hero_hits": null,
      "hero_id": 32,
      "item_0": 63,
      "item_1": 174,
      "item_2": 170,
      "item_3": 75,
      "item_4": 75,
      "item_5": 141,
      "item_neutral": 331,
      "item_uses": null,
      "kill_streaks": null,
      "killed": null,
      "killed_by": null,
      "kills": 25,
      "kills_log": null,
      "lane_pos": null,
      "last_hits": 93,
      "leaver_status": 0,
      "level": 27,
      "lh_t": null,
      "life_state": null,
      "max_hero_hit": null,
      "multi_kills": null,
      "net_worth": 17002,
      "obs": null,
      "obs_left_log": null,
      "obs_log": null,
      "obs_placed": null,
      "party_id": 2,
      "party_size": 1,
      "performance_others": null,
      "permanent_buffs": [
        {
          "permanent_buff": 12,
          "stack_count": 0,
          "grant_time": 1485
        }
      ],
      "pings": null,
      "pred_vict": null,
      "purchase": null,
      "purchase_log": null,
      "randomed": null,
      "repicked": null,
      "roshans_killed": null,
      "rune_pickups": null,
      "runes": null,
      "runes_log": null,
      "sen": null,
      "sen_left_log": null,
      "sen_log": null,
      "sen_placed": null,
      "stuns": null,
      "teamfight_participation": null,
      "times": null,
      "tower_damage": 4155,
      "towers_killed": null,
      "xp_per_min": 929,
      "xp_reasons": null,
      "xp_t": null,
      "start_time": 1669911837,
      "duration": 2451,
      "cluster": 187,
      "lobby_type": 0,
      "game_mode": 4,
      "is_contributor": false,
      "patch": 51,
      "region": 8,
      "isRadiant": true,
      "total_gold": 20384,
      "total_xp": 37949,
      "kills_per_min": 0.6119951040391677,
      "kda": 3,
      "abandons": 0,
      "rank_tier": null,
      "is_subscriber": false,
      "cosmetics": [],
      "benchmarks": {
        "gold_per_min": {
          "raw": 499,
          "pct": 0.6875
        },
        "xp_per_min": {
          "raw": 929,
          "pct": 0.9375
        },
        "kills_per_min": {
          "raw": 0.6119951040391677,
          "pct": 0.9375
        },
        "last_hits_per_min": {
          "raw": 2.2766217870257037,
          "pct": 0.625
        },
        "hero_damage_per_min": {
          "raw": 755.1040391676867,
          "pct": 0.6875
        },
        "hero_healing_per_min": {
          "raw": 0,
          "pct": 0.6875
        },
        "tower_damage": {
          "raw": 4155,
          "pct": 0.8125
        },
        "stuns_per_min": {
          "raw": 0,
          "pct": 0.125
        },
        "lhten": {}
      }
    },
    {
      "player_slot": 3,
      "ability_targets": null,
      "ability_upgrades_arr": [
        5514,
        5516,
        5516,
        5515,
        5515,
        5517,
        5515,
        5515,
        5516,
        5910,
        5514,
        5517,
        5516,
        5514,
        6617,
        5514,
        5517,
        6616
      ],
      "ability_uses": null,
      "actions": null,
      "additional_units": null,
      "assists": 28,
      "backpack_0": 0,
      "backpack_1": 0,
      "backpack_2": 0,
      "backpack_3": null,
      "buyback_log": null,
      "camps_stacked": null,
      "connection_log": null,
      "creeps_stacked": null,
      "damage": null,
      "damage_inflictor": null,
      "damage_inflictor_received": null,
      "damage_taken": null,
      "damage_targets": null,
      "deaths": 7,
      "denies": 0,
      "dn_t": null,
      "firstblood_claimed": null,
      "gold": 1826,
      "gold_per_min": 461,
      "gold_reasons": null,
      "gold_spent": 16465,
      "gold_t": null,
      "hero_damage": 27939,
      "hero_healing": 0,
      "hero_hits": null,
      "hero_id": 96,
      "item_0": 214,
      "item_1": 90,
      "item_2": 242,
      "item_3": 1,
      "item_4": 108,
      "item_5": 0,
      "item_neutral": 349,
      "item_uses": null,
      "kill_streaks": null,
      "killed": null,
      "killed_by": null,
      "kills": 9,
      "kills_log": null,
      "lane_pos": null,
      "last_hits": 157,
      "leaver_status": 0,
      "level": 24,
      "lh_t": null,
      "life_state": null,
      "max_hero_hit": null,
      "multi_kills": null,
      "net_worth": 17776,
      "obs": null,
      "obs_left_log": null,
      "obs_log": null,
      "obs_placed": null,
      "party_id": 3,
      "party_size": 1,
      "performance_others": null,
      "permanent_buffs": [
        {
          "permanent_buff": 6,
          "stack_count": 1,
          "grant_time": 1617
        },
        {
          "permanent_buff": 12,
          "stack_count": 0,
          "grant_time": 1574
        }
      ],
      "pings": null,
      "pred_vict": null,
      "purchase": null,
      "purchase_log": null,
      "randomed": null,
      "repicked": null,
      "roshans_killed": null,
      "rune_pickups": null,
      "runes": null,
      "runes_log": null,
      "sen": null,
      "sen_left_log": null,
      "sen_log": null,
      "sen_placed": null,
      "stuns": null,
      "teamfight_participation": null,
      "times": null,
      "tower_damage": 5378,
      "towers_killed": null,
      "xp_per_min": 830,
      "xp_reasons": null,
      "xp_t": null,
      "start_time": 1669911837,
      "duration": 2451,
      "cluster": 187,
      "lobby_type": 0,
      "game_mode": 4,
      "is_contributor": false,
      "patch": 51,
      "region": 8,
      "isRadiant": true,
      "total_gold": 18831,
      "total_xp": 33905,
      "kills_per_min": 0.22031823745410037,
      "kda": 4,
      "abandons": 0,
      "rank_tier": null,
      "is_subscriber": false,
      "cosmetics": [],
      "benchmarks": {
        "gold_per_min": {
          "raw": 461,
          "pct": 0.6060606060606061
        },
        "xp_per_min": {
          "raw": 830,
          "pct": 0.9393939393939394
        },
        "kills_per_min": {
          "raw": 0.22031823745410037,
          "pct": 0.8787878787878788
        },
        "last_hits_per_min": {
          "raw": 3.843329253365973,
          "pct": 0.21212121212121213
        },
        "hero_damage_per_min": {
          "raw": 683.9412484700122,
          "pct": 0.9393939393939394
        },
        "hero_healing_per_min": {
          "raw": 0,
          "pct": 0.9696969696969697
        },
        "tower_damage": {
          "raw": 5378,
          "pct": 0.9090909090909091
        },
        "stuns_per_min": {
          "raw": 0,
          "pct": 0
        },
        "lhten": {}
      }
    },
    {
      "player_slot": 4,
      "ability_targets": null,
      "ability_upgrades_arr": [
        5565,
        5566,
        5565,
        5566,
        5565,
        5568,
        5565,
        5566,
        5566,
        414,
        7322,
        5568,
        7322,
        7322,
        6411,
        7322,
        5568,
        6194,
        7891
      ],
      "ability_uses": null,
      "actions": null,
      "additional_units": null,
      "assists": 31,
      "backpack_0": 86,
      "backpack_1": 111,
      "backpack_2": 0,
      "backpack_3": null,
      "buyback_log": null,
      "camps_stacked": null,
      "connection_log": null,
      "creeps_stacked": null,
      "damage": null,
      "damage_inflictor": null,
      "damage_inflictor_received": null,
      "damage_taken": null,
      "damage_targets": null,
      "deaths": 18,
      "denies": 2,
      "dn_t": null,
      "firstblood_claimed": null,
      "gold": 627,
      "gold_per_min": 417,
      "gold_reasons": null,
      "gold_spent": 14550,
      "gold_t": null,
      "hero_damage": 42265,
      "hero_healing": 0,
      "hero_hits": null,
      "hero_id": 100,
      "item_0": 168,
      "item_1": 11,
      "item_2": 36,
      "item_3": 249,
      "item_4": 50,
      "item_5": 9,
      "item_neutral": 573,
      "item_uses": null,
      "kill_streaks": null,
      "killed": null,
      "killed_by": null,
      "kills": 15,
      "kills_log": null,
      "lane_pos": null,
      "last_hits": 53,
      "leaver_status": 0,
      "level": 25,
      "lh_t": null,
      "life_state": null,
      "max_hero_hit": null,
      "multi_kills": null,
      "net_worth": 14852,
      "obs": null,
      "obs_left_log": null,
      "obs_log": null,
      "obs_placed": null,
      "party_id": 4,
      "party_size": 1,
      "performance_others": null,
      "permanent_buffs": [
        {
          "permanent_buff": 6,
          "stack_count": 1,
          "grant_time": 2345
        }
      ],
      "pings": null,
      "pred_vict": null,
      "purchase": null,
      "purchase_log": null,
      "randomed": null,
      "repicked": null,
      "roshans_killed": null,
      "rune_pickups": null,
      "runes": null,
      "runes_log": null,
      "sen": null,
      "sen_left_log": null,
      "sen_log": null,
      "sen_placed": null,
      "stuns": null,
      "teamfight_participation": null,
      "times": null,
      "tower_damage": 646,
      "towers_killed": null,
      "xp_per_min": 871,
      "xp_reasons": null,
      "xp_t": null,
      "personaname": "asmer112",
      "name": null,
      "last_login": null,
      "start_time": 1669911837,
      "duration": 2451,
      "cluster": 187,
      "lobby_type": 0,
      "game_mode": 4,
      "is_contributor": false,
      "patch": 51,
      "region": 8,
      "isRadiant": true,
      "total_gold": 17034,
      "total_xp": 35580,
      "kills_per_min": 0.3671970624235006,
      "kda": 2,
      "abandons": 0,
      "rank_tier": 11,
      "is_subscriber": false,
      "cosmetics": [],
      "benchmarks": {
        "gold_per_min": {
          "raw": 417,
          "pct": 0.676056338028169
        },
        "xp_per_min": {
          "raw": 871,
          "pct": 0.9859154929577465
        },
        "kills_per_min": {
          "raw": 0.36719706242350064,
          "pct": 0.9436619718309859
        },
        "last_hits_per_min": {
          "raw": 1.2974296205630356,
          "pct": 0.43661971830985913
        },
        "hero_damage_per_min": {
          "raw": 1034.638922888617,
          "pct": 0.9859154929577465
        },
        "hero_healing_per_min": {
          "raw": 0,
          "pct": 0.7605633802816901
        },
        "tower_damage": {
          "raw": 646,
          "pct": 0.6901408450704225
        },
        "stuns_per_min": {
          "raw": 0,
          "pct": 0
        },
        "lhten": {}
      }
    },
    {
      "player_slot": 128,
      "ability_targets": null,
      "ability_upgrades_arr": [
        5040,
        5041,
        5042,
        5042,
        5042,
        5043,
        5040,
        5040,
        5042,
        5960,
        5040,
        5043,
        5041,
        5041,
        6195,
        5041,
        5043,
        444,
        961,
        6212
      ],
      "ability_uses": null,
      "actions": null,
      "additional_units": null,
      "assists": 12,
      "backpack_0": 0,
      "backpack_1": 0,
      "backpack_2": 0,
      "backpack_3": null,
      "buyback_log": null,
      "camps_stacked": null,
      "connection_log": null,
      "creeps_stacked": null,
      "damage": null,
      "damage_inflictor": null,
      "damage_inflictor_received": null,
      "damage_taken": null,
      "damage_targets": null,
      "deaths": 12,
      "denies": 4,
      "dn_t": null,
      "firstblood_claimed": null,
      "gold": 1310,
      "gold_per_min": 548,
      "gold_reasons": null,
      "gold_spent": 19840,
      "gold_t": null,
      "hero_damage": 31133,
      "hero_healing": 0,
      "hero_hits": null,
      "hero_id": 25,
      "item_0": 123,
      "item_1": 121,
      "item_2": 100,
      "item_3": 48,
      "item_4": 152,
      "item_5": 40,
      "item_neutral": 309,
      "item_uses": null,
      "kill_streaks": null,
      "killed": null,
      "killed_by": null,
      "kills": 15,
      "kills_log": null,
      "lane_pos": null,
      "last_hits": 182,
      "leaver_status": 0,
      "level": 27,
      "lh_t": null,
      "life_state": null,
      "max_hero_hit": null,
      "multi_kills": null,
      "net_worth": 18615,
      "obs": null,
      "obs_left_log": null,
      "obs_log": null,
      "obs_placed": null,
      "party_id": 5,
      "party_size": 1,
      "performance_others": null,
      "permanent_buffs": [],
      "pings": null,
      "pred_vict": null,
      "purchase": null,
      "purchase_log": null,
      "randomed": null,
      "repicked": null,
      "roshans_killed": null,
      "rune_pickups": null,
      "runes": null,
      "runes_log": null,
      "sen": null,
      "sen_left_log": null,
      "sen_log": null,
      "sen_placed": null,
      "stuns": null,
      "teamfight_participation": null,
      "times": null,
      "tower_damage": 7822,
      "towers_killed": null,
      "xp_per_min": 1039,
      "xp_reasons": null,
      "xp_t": null,
      "start_time": 1669911837,
      "duration": 2451,
      "cluster": 187,
      "lobby_type": 0,
      "game_mode": 4,
      "is_contributor": false,
      "patch": 51,
      "region": 8,
      "isRadiant": false,
      "total_gold": 22385,
      "total_xp": 42443,
      "kills_per_min": 0.3671970624235006,
      "kda": 2,
      "abandons": 0,
      "rank_tier": null,
      "is_subscriber": false,
      "cosmetics": [],
      "benchmarks": {
        "gold_per_min": {
          "raw": 548,
          "pct": 0.6842105263157895
        },
        "xp_per_min": {
          "raw": 1039,
          "pct": 1
        },
        "kills_per_min": {
          "raw": 0.36719706242350064,
          "pct": 1
        },
        "last_hits_per_min": {
          "raw": 4.45532435740514,
          "pct": 0.21052631578947367
        },
        "hero_damage_per_min": {
          "raw": 762.1297429620563,
          "pct": 0.8947368421052632
        },
        "hero_healing_per_min": {
          "raw": 0,
          "pct": 1
        },
        "tower_damage": {
          "raw": 7822,
          "pct": 0.8421052631578947
        },
        "stuns_per_min": {
          "raw": 0,
          "pct": 0
        },
        "lhten": {}
      }
    },
    {
      "player_slot": 129,
      "ability_targets": null,
      "ability_upgrades_arr": [
        5587,
        5586,
        5587,
        5586,
        5587,
        5588,
        5587,
        5586,
        5586,
        972,
        5585,
        5588,
        5585,
        5585,
        6142,
        5585,
        5588,
        7340
      ],
      "ability_uses": null,
      "actions": null,
      "additional_units": null,
      "assists": 22,
      "backpack_0": 0,
      "backpack_1": 0,
      "backpack_2": 0,
      "backpack_3": null,
      "buyback_log": null,
      "camps_stacked": null,
      "connection_log": null,
      "creeps_stacked": null,
      "damage": null,
      "damage_inflictor": null,
      "damage_inflictor_received": null,
      "damage_taken": null,
      "damage_targets": null,
      "deaths": 14,
      "denies": 4,
      "dn_t": null,
      "firstblood_claimed": null,
      "gold": 555,
      "gold_per_min": 348,
      "gold_reasons": null,
      "gold_spent": 11575,
      "gold_t": null,
      "hero_damage": 17246,
      "hero_healing": 1100,
      "hero_hits": null,
      "hero_id": 102,
      "item_0": 252,
      "item_1": 112,
      "item_2": 0,
      "item_3": 50,
      "item_4": 0,
      "item_5": 13,
      "item_neutral": 638,
      "item_uses": null,
      "kill_streaks": null,
      "killed": null,
      "killed_by": null,
      "kills": 5,
      "kills_log": null,
      "lane_pos": null,
      "last_hits": 93,
      "leaver_status": 0,
      "level": 24,
      "lh_t": null,
      "life_state": null,
      "max_hero_hit": null,
      "multi_kills": null,
      "net_worth": 11320,
      "obs": null,
      "obs_left_log": null,
      "obs_log": null,
      "obs_placed": null,
      "party_id": 6,
      "party_size": 1,
      "performance_others": null,
      "permanent_buffs": [
        {
          "permanent_buff": 6,
          "stack_count": 2,
          "grant_time": 1628
        },
        {
          "permanent_buff": 12,
          "stack_count": 0,
          "grant_time": 1602
        }
      ],
      "pings": null,
      "pred_vict": null,
      "purchase": null,
      "purchase_log": null,
      "randomed": null,
      "repicked": null,
      "roshans_killed": null,
      "rune_pickups": null,
      "runes": null,
      "runes_log": null,
      "sen": null,
      "sen_left_log": null,
      "sen_log": null,
      "sen_placed": null,
      "stuns": null,
      "teamfight_participation": null,
      "times": null,
      "tower_damage": 158,
      "towers_killed": null,
      "xp_per_min": 780,
      "xp_reasons": null,
      "xp_t": null,
      "start_time": 1669911837,
      "duration": 2451,
      "cluster": 187,
      "lobby_type": 0,
      "game_mode": 4,
      "is_contributor": false,
      "patch": 51,
      "region": 8,
      "isRadiant": false,
      "total_gold": 14215,
      "total_xp": 31863,
      "kills_per_min": 0.12239902080783353,
      "kda": 1,
      "abandons": 0,
      "rank_tier": null,
      "is_subscriber": false,
      "cosmetics": [],
      "benchmarks": {
        "gold_per_min": {
          "raw": 348,
          "pct": 0.17307692307692307
        },
        "xp_per_min": {
          "raw": 780,
          "pct": 0.8269230769230769
        },
        "kills_per_min": {
          "raw": 0.12239902080783355,
          "pct": 0.5
        },
        "last_hits_per_min": {
          "raw": 2.2766217870257037,
          "pct": 0.15384615384615385
        },
        "hero_damage_per_min": {
          "raw": 422.17870257037947,
          "pct": 0.2692307692307692
        },
        "hero_healing_per_min": {
          "raw": 26.92778457772338,
          "pct": 0.6538461538461539
        },
        "tower_damage": {
          "raw": 158,
          "pct": 0.15384615384615385
        },
        "stuns_per_min": {
          "raw": 0,
          "pct": 0.6153846153846154
        },
        "lhten": {}
      }
    },
    {
      "player_slot": 130,
      "ability_targets": null,
      "ability_upgrades_arr": [
        5297,
        5299,
        5297,
        5299,
        5299,
        5298,
        5299,
        5298,
        5297,
        5300,
        5297,
        5300,
        5298,
        5298,
        1040,
        6661,
        5300,
        542,
        526,
        481
      ],
      "ability_uses": null,
      "actions": null,
      "additional_units": null,
      "assists": 23,
      "backpack_0": 0,
      "backpack_1": 0,
      "backpack_2": 0,
      "backpack_3": null,
      "buyback_log": null,
      "camps_stacked": null,
      "connection_log": null,
      "creeps_stacked": null,
      "damage": null,
      "damage_inflictor": null,
      "damage_inflictor_received": null,
      "damage_taken": null,
      "damage_targets": null,
      "deaths": 17,
      "denies": 2,
      "dn_t": null,
      "firstblood_claimed": null,
      "gold": 1485,
      "gold_per_min": 534,
      "gold_reasons": null,
      "gold_spent": 17850,
      "gold_t": null,
      "hero_damage": 50329,
      "hero_healing": 0,
      "hero_hits": null,
      "hero_id": 64,
      "item_0": 180,
      "item_1": 235,
      "item_2": 108,
      "item_3": 96,
      "item_4": 0,
      "item_5": 0,
      "item_neutral": 0,
      "item_uses": null,
      "kill_streaks": null,
      "killed": null,
      "killed_by": null,
      "kills": 18,
      "kills_log": null,
      "lane_pos": null,
      "last_hits": 106,
      "leaver_status": 0,
      "level": 27,
      "lh_t": null,
      "life_state": null,
      "max_hero_hit": null,
      "multi_kills": null,
      "net_worth": 19335,
      "obs": null,
      "obs_left_log": null,
      "obs_log": null,
      "obs_placed": null,
      "party_id": 7,
      "party_size": 1,
      "performance_others": null,
      "permanent_buffs": [
        {
          "permanent_buff": 12,
          "stack_count": 0,
          "grant_time": 1200
        }
      ],
      "pings": null,
      "pred_vict": null,
      "purchase": null,
      "purchase_log": null,
      "randomed": null,
      "repicked": null,
      "roshans_killed": null,
      "rune_pickups": null,
      "runes": null,
      "runes_log": null,
      "sen": null,
      "sen_left_log": null,
      "sen_log": null,
      "sen_placed": null,
      "stuns": null,
      "teamfight_participation": null,
      "times": null,
      "tower_damage": 2164,
      "towers_killed": null,
      "xp_per_min": 952,
      "xp_reasons": null,
      "xp_t": null,
      "start_time": 1669911837,
      "duration": 2451,
      "cluster": 187,
      "lobby_type": 0,
      "game_mode": 4,
      "is_contributor": false,
      "patch": 51,
      "region": 8,
      "isRadiant": false,
      "total_gold": 21813,
      "total_xp": 38889,
      "kills_per_min": 0.44063647490820074,
      "kda": 2,
      "abandons": 0,
      "rank_tier": null,
      "is_subscriber": false,
      "cosmetics": [],
      "benchmarks": {
        "gold_per_min": {
          "raw": 534,
          "pct": 0.9666666666666667
        },
        "xp_per_min": {
          "raw": 952,
          "pct": 0.9833333333333333
        },
        "kills_per_min": {
          "raw": 0.44063647490820074,
          "pct": 0.9833333333333333
        },
        "last_hits_per_min": {
          "raw": 2.594859241126071,
          "pct": 0.8833333333333333
        },
        "hero_damage_per_min": {
          "raw": 1232.0440636474907,
          "pct": 0.9833333333333333
        },
        "hero_healing_per_min": {
          "raw": 0,
          "pct": 0.7
        },
        "tower_damage": {
          "raw": 2164,
          "pct": 0.7333333333333333
        },
        "stuns_per_min": {
          "raw": 0,
          "pct": 0.016666666666666666
        },
        "lhten": {}
      }
    },
    {
      "player_slot": 131,
      "ability_targets": null,
      "ability_upgrades_arr": [
        5186,
        5187,
        5186,
        5187,
        5186,
        5189,
        5186,
        5187,
        5187,
        5188,
        5959,
        5189,
        5188,
        5188,
        6448,
        5188,
        5189
      ],
      "ability_uses": null,
      "actions": null,
      "additional_units": null,
      "assists": 19,
      "backpack_0": 0,
      "backpack_1": 0,
      "backpack_2": 0,
      "backpack_3": null,
      "buyback_log": null,
      "camps_stacked": null,
      "connection_log": null,
      "creeps_stacked": null,
      "damage": null,
      "damage_inflictor": null,
      "damage_inflictor_received": null,
      "damage_taken": null,
      "damage_targets": null,
      "deaths": 19,
      "denies": 1,
      "dn_t": null,
      "firstblood_claimed": null,
      "gold": 1715,
      "gold_per_min": 354,
      "gold_reasons": null,
      "gold_spent": 10580,
      "gold_t": null,
      "hero_damage": 29997,
      "hero_healing": 282,
      "hero_hits": null,
      "hero_id": 45,
      "item_0": 41,
      "item_1": 180,
      "item_2": 235,
      "item_3": 259,
      "item_4": 0,
      "item_5": 0,
      "item_neutral": 838,
      "item_uses": null,
      "kill_streaks": null,
      "killed": null,
      "killed_by": null,
      "kills": 10,
      "kills_log": null,
      "lane_pos": null,
      "last_hits": 53,
      "leaver_status": 0,
      "level": 20,
      "lh_t": null,
      "life_state": null,
      "max_hero_hit": null,
      "multi_kills": null,
      "net_worth": 11115,
      "obs": null,
      "obs_left_log": null,
      "obs_log": null,
      "obs_placed": null,
      "party_id": 8,
      "party_size": 1,
      "performance_others": null,
      "permanent_buffs": [
        {
          "permanent_buff": 6,
          "stack_count": 1,
          "grant_time": 830
        }
      ],
      "pings": null,
      "pred_vict": null,
      "purchase": null,
      "purchase_log": null,
      "randomed": null,
      "repicked": null,
      "roshans_killed": null,
      "rune_pickups": null,
      "runes": null,
      "runes_log": null,
      "sen": null,
      "sen_left_log": null,
      "sen_log": null,
      "sen_placed": null,
      "stuns": null,
      "teamfight_participation": null,
      "times": null,
      "tower_damage": 1501,
      "towers_killed": null,
      "xp_per_min": 537,
      "xp_reasons": null,
      "xp_t": null,
      "start_time": 1669911837,
      "duration": 2451,
      "cluster": 187,
      "lobby_type": 0,
      "game_mode": 4,
      "is_contributor": false,
      "patch": 51,
      "region": 8,
      "isRadiant": false,
      "total_gold": 14460,
      "total_xp": 21936,
      "kills_per_min": 0.24479804161566707,
      "kda": 1,
      "abandons": 0,
      "rank_tier": null,
      "is_subscriber": false,
      "cosmetics": [],
      "benchmarks": {
        "gold_per_min": {
          "raw": 354,
          "pct": 0.2
        },
        "xp_per_min": {
          "raw": 537,
          "pct": 0.4
        },
        "kills_per_min": {
          "raw": 0.2447980416156671,
          "pct": 0.7
        },
        "last_hits_per_min": {
          "raw": 1.2974296205630356,
          "pct": 0
        },
        "hero_damage_per_min": {
          "raw": 734.3206854345166,
          "pct": 0.4
        },
        "hero_healing_per_min": {
          "raw": 6.903304773561811,
          "pct": 0
        },
        "tower_damage": {
          "raw": 1501,
          "pct": 0.2
        },
        "stuns_per_min": {
          "raw": 0,
          "pct": 0.7
        },
        "lhten": {}
      }
    },
    {
      "player_slot": 132,
      "ability_targets": null,
      "ability_upgrades_arr": [
        5179,
        5178,
        5179,
        5180,
        5178,
        5181,
        5178,
        5180,
        5178,
        859,
        5180,
        5181,
        5179,
        5180,
        5179,
        6532,
        5181,
        1083
      ],
      "ability_uses": null,
      "actions": null,
      "additional_units": null,
      "assists": 27,
      "backpack_0": 0,
      "backpack_1": 0,
      "backpack_2": 0,
      "backpack_3": null,
      "buyback_log": null,
      "camps_stacked": null,
      "connection_log": null,
      "creeps_stacked": null,
      "damage": null,
      "damage_inflictor": null,
      "damage_inflictor_received": null,
      "damage_taken": null,
      "damage_targets": null,
      "deaths": 20,
      "denies": 0,
      "dn_t": null,
      "firstblood_claimed": null,
      "gold": 1551,
      "gold_per_min": 373,
      "gold_reasons": null,
      "gold_spent": 11665,
      "gold_t": null,
      "hero_damage": 34668,
      "hero_healing": 0,
      "hero_hits": null,
      "hero_id": 40,
      "item_0": 214,
      "item_1": 102,
      "item_2": 267,
      "item_3": 21,
      "item_4": 23,
      "item_5": 0,
      "item_neutral": 0,
      "item_uses": null,
      "kill_streaks": null,
      "killed": null,
      "killed_by": null,
      "kills": 9,
      "kills_log": null,
      "lane_pos": null,
      "last_hits": 45,
      "leaver_status": 0,
      "level": 20,
      "lh_t": null,
      "life_state": null,
      "max_hero_hit": null,
      "multi_kills": null,
      "net_worth": 11156,
      "obs": null,
      "obs_left_log": null,
      "obs_log": null,
      "obs_placed": null,
      "party_id": 9,
      "party_size": 1,
      "performance_others": null,
      "permanent_buffs": [
        {
          "permanent_buff": 12,
          "stack_count": 0,
          "grant_time": 2031
        }
      ],
      "pings": null,
      "pred_vict": null,
      "purchase": null,
      "purchase_log": null,
      "randomed": null,
      "repicked": null,
      "roshans_killed": null,
      "rune_pickups": null,
      "runes": null,
      "runes_log": null,
      "sen": null,
      "sen_left_log": null,
      "sen_log": null,
      "sen_placed": null,
      "stuns": null,
      "teamfight_participation": null,
      "times": null,
      "tower_damage": 668,
      "towers_killed": null,
      "xp_per_min": 568,
      "xp_reasons": null,
      "xp_t": null,
      "start_time": 1669911837,
      "duration": 2451,
      "cluster": 187,
      "lobby_type": 0,
      "game_mode": 4,
      "is_contributor": false,
      "patch": 51,
      "region": 8,
      "isRadiant": false,
      "total_gold": 15237,
      "total_xp": 23202,
      "kills_per_min": 0.22031823745410037,
      "kda": 1,
      "abandons": 0,
      "rank_tier": null,
      "is_subscriber": false,
      "cosmetics": [],
      "benchmarks": {
        "gold_per_min": {
          "raw": 373,
          "pct": 0.375
        },
        "xp_per_min": {
          "raw": 568,
          "pct": 0.5
        },
        "kills_per_min": {
          "raw": 0.22031823745410037,
          "pct": 0.875
        },
        "last_hits_per_min": {
          "raw": 1.1015911872705018,
          "pct": 0
        },
        "hero_damage_per_min": {
          "raw": 848.6658506731945,
          "pct": 0.75
        },
        "hero_healing_per_min": {
          "raw": 0,
          "pct": 0.375
        },
        "tower_damage": {
          "raw": 668,
          "pct": 0.375
        },
        "stuns_per_min": {
          "raw": 0,
          "pct": 0.625
        },
        "lhten": {}
      }
    }
  ],
  "patch": 51,
  "region": 8
}