{
  "chat": null,
  "cluster": 181,
  "cosmetics": null,
  "dire_score": 60,
  "dire_team_id": null,
  "draft_timings": null,
  "duration": 3323,
  "engine": 1,
  "first_blood_time": 0,
  "game_mode": 22,
  "human_players": 10,
  "leagueid": 0,
  "lobby_type": 7,
  "match_seq_num": 5780404781,
  "negative_votes": 0,
  "objectives": null,
  "picks_bans": [
    {
      "is_pick": true,
      "hero_id": 14,
      "team": 1,
      "order": 0
    },
    {
      "is_pick": true,
      "hero_id": 86,
      "team": 0,
      "order": 1
    },
    {
      "is_pick": true,
      "hero_id": 85,
      "team": 0,
      "order": 2
    },
    {
      "is_pick": true,
      "hero_id": 69,
      "team": 1,
      "order": 3
    },
    {
      "is_pick": true,
      "hero_id": 68,
      "team": 1,
      "order": 4
    },
    {
      "is_pick": true,
      "hero_id": 108,
      "team": 0,
      "order": 5
    },
    {
      "is_pick": true,
      "hero_id": 8,
      "team": 0,
      "order": 6
    },
    {
      "is_pick": true,
      "hero_id": 71,
      "team": 1,
      "order": 7
    },
    {
      "is_pick": true,
      "hero_id": 11,
      "team": 0,
      "order": 8
    },
    {
      "is_pick": true,
      "hero_id": 35,
      "team": 1,
      "order": 9
    },
    {
      "is_pick": false,
      "hero_id": 113,
      "team": 0,
      "order": 10
    },
    {
      "is_pick": false,
      "hero_id": 2,
      "team": 0,
      "order": 11
    },
    {
      "is_pick": false,
      "hero_id": 10,
      "team": 0,
      "order": 12
    },
    {
      "is_pick": false,
      "hero_id": 39,
      "team": 0,
      "order": 13
    },
    {
      "is_pick": false,
      "hero_id": 47,
      "team": 0,
      "order": 14
    },
    {
      "is_pick": false,
      "hero_id": 6,
      "team": 1,
      "order": 15
    },
    {
      "is_pick": false,
      "hero_id": 34,
      "team": 1,
      "order": 16
    }
  ],
  "positive_votes": 0,
  "radiant_gold_adv": null,
  "radiant_score": 65,
  "radiant_team_id": null,
  "radiant_xp_adv": null,
  "skill": null,
  "start_time": 1669912826,
  "teamfights": null,
  "version": null,
  "replay_salt": 1415815393,
  "series_id": 0,
  "series_type": 0,
  "players": [
    {
      "player_slot": 0,
      "ability_targets": null,
      "ability_upgrades_arr": [
        5028,
        5027,
        5028,
        5029,
        5028,
        5030,
        5028,
        5029,
        730,
        5029,
        5029,
        5030,
        730,
        730,
        7394,
        6105,
        730,
        5030,
        7021,
        730,
        730,
        730,
        5027,
        5027,
        1013
      ],
      "ability_uses": null,
      "actions": null,
      "additional_units": null,
      "assists": 17,
      "backpack_0": 158,
      "backpack_1": 0,
      "backpack_2": 0,
      "backpack_3": null,
      "buyback_log": null,
      "camps_stacked": null,
      "connection_log": null,
      "creeps_stacked": null,
      "damage": null,
      "damage_inflictor": null,
      "damage_inflictor_received": null,
      "damage_taken": null,
      "damage_targets": null,
      "deaths": 5,
      "denies": 8,
      "dn_t": null,
      "firstblood_claimed": null,
      "gold": 8421,
      "gold_per_min": 845,
      "gold_reasons": null,
      "gold_spent": 37045,
      "gold_t": null,
      "hero_damage": 94146,
      "hero_healing": 14402,
      "hero_hits": null,
      "hero_id": 8,
      "item_0": 133,
      "item_1": 147,
      "item_2": 50,
      "item_3": 603,
      "item_4": 208,
      "item_5": 160,
      "item_neutral": 571,
      "item_uses": null,
      "kill_streaks": null,
      "killed": null,
      "killed_by": null,
      "kills": 34,
      "kills_log": null,
      "lane_pos": null,
      "last_hits": 432,
      "leaver_status": 0,
      "level": 30,
      "lh_t": null,
      "life_state": null,
      "max_hero_hit": null,
      "multi_kills": null,
      "net_worth": 55821,
      "obs": null,
      "obs_left_log": null,
      "obs_log": null,
      "obs_placed": null,
      "party_id": 0,
      "party_size": 1,
      "performance_others": null,
      "permanent_buffs": [
        {
          "permanent_buff": 1,
          "stack_count": 0,
          "grant_time": 3241
        },
        {
          "permanent_buff": 2,
          "stack_count": 0,
          "grant_time": 3159
        },
        {
          "permanent_buff": 12,
          "stack_count": 0,
          "grant_time": 1259
        }
      ],
      "pings": null,
      "pred_vict": null,
      "purchase": null,
      "purchase_log": null,
      "randomed": null,
      "repicked": null,
      "roshans_killed": null,
      "rune_pickups": null,
      "runes": null,
      "runes_log": null,
      "sen": null,
      "sen_left_log": null,
      "sen_log": null,
      "sen_placed": null,
      "stuns": null,
      "teamfight_participation": null,
      "times": null,
      "tower_damage": 12567,
      "towers_killed": null,
      "xp_per_min": 1023,
      "xp_reasons": null,
      "xp_t": null,
      "start_time": 1669912826,
      "duration": 3323,
      "cluster": 181,
      "lobby_type": 7,
      "game_mode": 22,
      "is_contributor": false,
      "patch": 51,
      "region": 8,
      "isRadiant": true,
      "total_gold": 46798,
      "total_xp": 56657,
      "kills_per_min": 0.6139030996087872,
      "kda": 8,
      "abandons": 0,
      "rank_tier": null,
      "is_subscriber": false,
      "cosmetics": [],
      "benchmarks": {
        "gold_per_min": {
          "raw": 845,
          "pct": 0.9393939393939394
        },
        "xp_per_min": {
          "raw": 1023,
          "pct": 0.8787878787878788
        },
        "kills_per_min": {
          "raw": 0.6139030996087872,
          "pct": 0.9393939393939394
        },
        "last_hits_per_min": {
          "raw": 7.800180559735178,
          "pct": 0.42424242424242425
        },
        "hero_damage_per_min": {
          "raw": 1699.897682816732,
          "pct": 1
        },
        "hero_healing_per_min": {
          "raw": 260.0421306048751,
          "pct": 0.8181818181818182
        },
        "tower_damage": {
          "raw": 12567,
          "pct": 0.7272727272727273
        },
        "stuns_per_min": {
          "raw": 0,
          "pct": 0.3333333333333333
        },
        "lhten": {}
      }
    },
    {
      "player_slot": 1,
      "ability_targets": null,
      "ability_upgrades_arr": [
        5615,
        5613,
        5613,
        5614,
        5615,
        865,
        5613,
        5613,
        5614,
        710,
        5614,
        5614,
        5615,
        5615,
        865,
        556,
        865,
        6969,
        6019,
        5932,
        557
      ],
      "ability_uses": null,
      "actions": null,
      "additional_units": null,
      "assists": 33,
      "backpack_0": 188,
      "backpack_1": 0,
      "backpack_2": 0,
      "backpack_3": null,
      "buyback_log": null,
      "camps_stacked": null,
      "connection_log": null,
      "creeps_stacked": null,
      "damage": null,
      "damage_inflictor": null,
      "damage_inflictor_received": null,
      "damage_taken": null,
      "damage_targets": null,
      "deaths": 13,
      "denies": 13,
      "dn_t": null,
      "firstblood_claimed": null,
      "gold": 1136,
      "gold_per_min": 532,
      "gold_reasons": null,
      "gold_spent": 26675,
      "gold_t": null,
      "hero_damage": 46211,
      "hero_healing": 0,
      "hero_hits": null,
      "hero_id": 108,
      "item_0": 206,
      "item_1": 242,
      "item_2": 116,
      "item_3": 63,
      "item_4": 90,
      "item_5": 112,
      "item_neutral": 825,
      "item_uses": null,
      "kill_streaks": null,
      "killed": null,
      "killed_by": null,
      "kills": 10,
      "kills_log": null,
      "lane_pos": null,
      "last_hits": 251,
      "leaver_status": 0,
      "level": 28,
      "lh_t": null,
      "life_state": null,
      "max_hero_hit": null,
      "multi_kills": null,
      "net_worth": 26486,
      "obs": null,
      "obs_left_log": null,
      "obs_log": null,
      "obs_placed": null,
      "party_id": 1,
      "party_size": 1,
      "performance_others": null,
      "permanent_buffs": [
        {
          "permanent_buff": 12,
          "stack_count": 0,
          "grant_time": 2938
        }
      ],
      "pings": null,
      "pred_vict": null,
      "purchase": null,
      "purchase_log": null,
      "randomed": null,
      "repicked": null,
      "roshans_killed": null,
      "rune_pickups": null,
      "runes": null,
      "runes_log": null,
      "sen": null,
      "sen_left_log": null,
      "sen_log": null,
      "sen_placed": null,
      "stuns": null,
      "teamfight_participation": null,
      "times": null,
      "tower_damage": 7410,
      "towers_killed": null,
      "xp_per_min": 753,
      "xp_reasons": null,
      "xp_t": null,
      "personaname": "бля буду звiр",
      "name": null,
      "last_login": null,
      "start_time": 1669912826,
      "duration": 3323,
      "cluster": 181,
      "lobby_type": 7,
      "game_mode": 22,
      "is_contributor": false,
      "patch": 51,
      "region": 8,
      "isRadiant": true,
      "total_gold": 29463,
      "total_xp": 41703,
      "kills_per_min": 0.18055973517905508,
      "kda": 3,
      "abandons": 0,
      "rank_tier": 51,
      "is_subscriber": false,
      "cosmetics": [],
      "benchmarks": {
        "gold_per_min": {
          "raw": 532,
          "pct": 0.3333333333333333
        },
        "xp_per_min": {
          "raw": 753,
          "pct": 0.6666666666666666
        },
        "kills_per_min": {
          "raw": 0.18055973517905508,
          "pct": 0.5555555555555556
        },
        "last_hits_per_min": {
          "raw": 4.5320493529942825,
          "pct": 0.1111111111111111
        },
        "hero_damage_per_min": {
          "raw": 834.3845922359314,
          "pct": 0.8888888888888888
        },
        "hero_healing_per_min": {
          "raw": 0,
          "pct": 0.2222222222222222
        },
        "tower_damage": {
          "raw": 7410,
          "pct": 0.4444444444444444
        },
        "stuns_per_min": {
          "raw": 0,
          "pct": 0
        },
        "lhten": {}
      }
    },
    {
      "player_slot": 2,
      "ability_targets": null,
      "ability_upgrades_arr": [
        5450,
        5448,
        5450,
        7320,
        5450,
        5452,
        5450,
        7320,
        7320,
        897,
        7320,
        5452,
        5448,
        5448,
        518,
        5448,
        5452,
        6041,
        6864,
        6862
      ],
      "ability_uses": null,
      "actions": null,
      "additional_units": null,
      "assists": 34,
      "backpack_0": 0,
      "backpack_1": 0,
      "backpack_2": 0,
      "backpack_3": null,
      "buyback_log": null,
      "camps_stacked": null,
      "connection_log": null,
      "creeps_stacked": null,
      "damage": null,
      "damage_inflictor": null,
      "damage_inflictor_received": null,
      "damage_taken": null,
      "damage_targets": null,
      "deaths": 14,
      "denies": 2,
      "dn_t": null,
      "firstblood_claimed": null,
      "gold": 2663,
      "gold_per_min": 344,
      "gold_reasons": null,
      "gold_spent": 15540,
      "gold_t": null,
      "hero_damage": 23484,
      "hero_healing": 195,
      "hero_hits": null,
      "hero_id": 86,
      "item_0": 235,
      "item_1": 214,
      "item_2": 1,
      "item_3": 0,
      "item_4": 108,
      "item_5": 40,
      "item_neutral": 990,
      "item_uses": null,
      "kill_streaks": null,
      "killed": null,
      "killed_by": null,
      "kills": 4,
      "kills_log": null,
      "lane_pos": null,
      "last_hits": 71,
      "leaver_status": 0,
      "level": 27,
      "lh_t": null,
      "life_state": null,
      "max_hero_hit": null,
      "multi_kills": null,
      "net_worth": 16893,
      "obs": null,
      "obs_left_log": null,
      "obs_log": null,
      "obs_placed": null,
      "party_id": 2,
      "party_size": 1,
      "performance_others": null,
      "permanent_buffs": [
        {
          "permanent_buff": 12,
          "stack_count": 0,
          "grant_time": 1622
        }
      ],
      "pings": null,
      "pred_vict": null,
      "purchase": null,
      "purchase_log": null,
      "randomed": null,
      "repicked": null,
      "roshans_killed": null,
      "rune_pickups": null,
      "runes": null,
      "runes_log": null,
      "sen": null,
      "sen_left_log": null,
      "sen_log": null,
      "sen_placed": null,
      "stuns": null,
      "teamfight_participation": null,
      "times": null,
      "tower_damage": 1456,
      "towers_killed": null,
      "xp_per_min": 730,
      "xp_reasons": null,
      "xp_t": null,
      "personaname": "Sorry if traxnyl",
      "name": null,
      "last_login": "2018-03-28T07:47:26.567Z",
      "start_time": 1669912826,
      "duration": 3323,
      "cluster": 181,
      "lobby_type": 7,
      "game_mode": 22,
      "is_contributor": false,
      "patch": 51,
      "region": 8,
      "isRadiant": true,
      "total_gold": 19051,
      "total_xp": 40429,
      "kills_per_min": 0.07222389407162202,
      "kda": 2,
      "abandons": 0,
      "rank_tier": 52,
      "is_subscriber": false,
      "cosmetics": [],
      "benchmarks": {
        "gold_per_min": {
          "raw": 344,
          "pct": 0.6
        },
        "xp_per_min": {
          "raw": 730,
          "pct": 0.9655172413793104
        },
        "kills_per_min": {
          "raw": 0.07222389407162204,
          "pct": 0.36551724137931035
        },
        "last_hits_per_min": {
          "raw": 1.2819741197712908,
          "pct": 0.15172413793103448
        },
        "hero_damage_per_min": {
          "raw": 424.0264820944929,
          "pct": 0.3793103448275862
        },
        "hero_healing_per_min": {
          "raw": 3.520914835991574,
          "pct": 0.6827586206896552
        },
        "tower_damage": {
          "raw": 1456,
          "pct": 0.9379310344827586
        },
        "stuns_per_min": {
          "raw": 0,
          "pct": 0
        },
        "lhten": {}
      }
    },
    {
      "player_slot": 3,
      "ability_targets": null,
      "ability_upgrades_arr": [
        5059,
        5062,
        5059,
        5062,
        5059,
        5064,
        5059,
        5062,
        5062,
        6016,
        5063,
        5064,
        5063,
        5063,
        6070,
        5063,
        5064,
        815,
        1072,
        999,
        6875
      ],
      "ability_uses": null,
      "actions": null,
      "additional_units": null,
      "assists": 27,
      "backpack_0": 0,
      "backpack_1": 0,
      "backpack_2": 0,
      "backpack_3": null,
      "buyback_log": null,
      "camps_stacked": null,
      "connection_log": null,
      "creeps_stacked": null,
      "damage": null,
      "damage_inflictor": null,
      "damage_inflictor_received": null,
      "damage_taken": null,
      "damage_targets": null,
      "deaths": 14,
      "denies": 5,
      "dn_t": null,
      "firstblood_claimed": null,
      "gold": 6890,
      "gold_per_min": 589,
      "gold_reasons": null,
      "gold_spent": 22995,
      "gold_t": null,
      "hero_damage": 40838,
      "hero_healing": 94,
      "hero_hits": null,
      "hero_id": 11,
      "item_0": 604,
      "item_1": 116,
      "item_2": 100,
      "item_3": 41,
      "item_4": 110,
      "item_5": 63,
      "item_neutral": 335,
      "item_uses": null,
      "kill_streaks": null,
      "killed": null,
      "killed_by": null,
      "kills": 9,
      "kills_log": null,
      "lane_pos": null,
      "last_hits": 363,
      "leaver_status": 0,
      "level": 28,
      "lh_t": null,
      "life_state": null,
      "max_hero_hit": null,
      "multi_kills": null,
      "net_worth": 27740,
      "obs": null,
      "obs_left_log": null,
      "obs_log": null,
      "obs_placed": null,
      "party_id": 3,
      "party_size": 1,
      "performance_others": null,
      "permanent_buffs": [],
      "pings": null,
      "pred_vict": null,
      "purchase": null,
      "purchase_log": null,
      "randomed": null,
      "repicked": null,
      "roshans_killed": null,
      "rune_pickups": null,
      "runes": null,
      "runes_log": null,
      "sen": null,
      "sen_left_log": null,
      "sen_log": null,
      "sen_placed": null,
      "stuns": null,
      "teamfight_participation": null,
      "times": null,
      "tower_damage": 3374,
      "towers_killed": null,
      "xp_per_min": 817,
      "xp_reasons": null,
      "xp_t": null,
      "start_time": 1669912826,
      "duration": 3323,
      "cluster": 181,
      "lobby_type": 7,
      "game_mode": 22,
      "is_contributor": false,
      "patch": 51,
      "region": 8,
      "isRadiant": true,
      "total_gold": 32620,
      "total_xp": 45248,
      "kills_per_min": 0.16250376166114958,
      "kda": 2,
      "abandons": 0,
      "rank_tier": null,
      "is_subscriber": false,
      "cosmetics": [],
      "benchmarks": {
        "gold_per_min": {
          "raw": 589,
          "pct": 0.58
        },
        "xp_per_min": {
          "raw": 817,
          "pct": 0.7
        },
        "kills_per_min": {
          "raw": 0.16250376166114955,
          "pct": 0.4
        },
        "last_hits_per_min": {
          "raw": 6.554318386999699,
          "pct": 0.3
        },
        "hero_damage_per_min": {
          "raw": 737.3698465242251,
          "pct": 0.66
        },
        "hero_healing_per_min": {
          "raw": 1.6972615106831177,
          "pct": 0.9
        },
        "tower_damage": {
          "raw": 3374,
          "pct": 0.48
        },
        "stuns_per_min": {
          "raw": 0,
          "pct": 0.02
        },
        "lhten": {}
      }
    },
    {
      "player_slot": 4,
      "ability_targets": null,
      "ability_upgrades_arr": [
        5442,
        5444,
        5442,
        5444,
        5442,
        5447,
        5442,
        5444,
        5444,
        5443,
        813,
        5447,
        5443,
        5443,
        6155,
        5443,
        5447,
        6546,
        449
      ],
      "ability_uses": null,
      "actions": null,
      "additional_units": null,
      "assists": 31,
      "backpack_0": 38,
      "backpack_1": 40,
      "backpack_2": 0,
      "backpack_3": null,
      "buyback_log": null,
      "camps_stacked": null,
      "connection_log": null,
      "creeps_stacked": null,
      "damage": null,
      "damage_inflictor": null,
      "damage_inflictor_received": null,
      "damage_taken": null,
      "damage_targets": null,
      "deaths": 14,
      "denies": 10,
      "dn_t": null,
      "firstblood_claimed": null,
      "gold": 3273,
      "gold_per_min": 397,
      "gold_reasons": null,
      "gold_spent": 17720,
      "gold_t": null,
      "hero_damage": 16932,
      "hero_healing": 7223,
      "hero_hits": null,
      "hero_id": 85,
      "item_0": 88,
      "item_1": 231,
      "item_2": 185,
      "item_3": 42,
      "item_4": 102,
      "item_5": 226,
      "item_neutral": 311,
      "item_uses": null,
      "kill_streaks": null,
      "killed": null,
      "killed_by": null,
      "kills": 6,
      "kills_log": null,
      "lane_pos": null,
      "last_hits": 133,
      "leaver_status": 0,
      "level": 26,
      "lh_t": null,
      "life_state": null,
      "max_hero_hit": null,
      "multi_kills": null,
      "net_worth": 16578,
      "obs": null,
      "obs_left_log": null,
      "obs_log": null,
      "obs_placed": null,
      "party_id": 4,
      "party_size": 1,
      "performance_others": null,
      "permanent_buffs": [
        {
          "permanent_buff": 6,
          "stack_count": 5,
          "grant_time": 866
        }
      ],
      "pings": null,
      "pred_vict": null,
      "purchase": null,
      "purchase_log": null,
      "randomed": null,
      "repicked": null,
      "roshans_killed": null,
      "rune_pickups": null,
      "runes": null,
      "runes_log": null,
      "sen": null,
      "sen_left_log": null,
      "sen_log": null,
      "sen_placed": null,
      "stuns": null,
      "teamfight_participation": null,
      "times": null,
      "tower_damage": 67,
      "towers_killed": null,
      "xp_per_min": 642,
      "xp_reasons": null,
      "xp_t": null,
      "personaname": "БЫК",
      "name": null,
      "last_login": null,
      "start_time": 1669912826,
      "duration": 3323,
      "cluster": 181,
      "lobby_type": 7,
      "game_mode": 22,
      "is_contributor": false,
      "patch": 51,
      "region": 8,
      "isRadiant": true,
      "total_gold": 21987,
      "total_xp": 35556,
      "kills_per_min": 0.10833584110743304,
      "kda": 2,
      "abandons": 0,
      "rank_tier": 53,
      "is_subscriber": false,
      "cosmetics": [],
      "benchmarks": {
        "gold_per_min": {
          "raw": 397,
          "pct": 0.85
        },
        "xp_per_min": {
          "raw": 642,
          "pct": 0.8833333333333333
        },
        "kills_per_min": {
          "raw": 0.10833584110743304,
          "pct": 0.6166666666666667
        },
        "last_hits_per_min": {
          "raw": 2.401444477881433,
          "pct": 0.8
        },
        "hero_damage_per_min": {
          "raw": 305.723743605176,
          "pct": 0.75
        },
        "hero_healing_per_min": {
          "raw": 130.4182967198315,
          "pct": 0.5333333333333333
        },
        "tower_damage": {
          "raw": 67,
          "pct": 0.31666666666666665
        },
        "stuns_per_min": {
          "raw": 0,
          "pct": 0.85
        },
        "lhten": {}
      }
    },
    {
      "player_slot": 128,
      "ability_targets": null,
      "ability_upgrades_arr": [
        5155,
        5156,
        5155,
        5156,
        5155,
        5156,
        5155,
        5154,
        5156,
        928,
        5154,
        5157,
        5154,
        5154,
        5907,
        5157,
        5157,
        6896,
        5943,
        6897,
        7396,
        6305
      ],
      "ability_uses": null,
      "actions": null,
      "additional_units": null,
      "assists": 22,
      "backpack_0": 0,
      "backpack_1": 0,
      "backpack_2": 0,
      "backpack_3": null,
      "buyback_log": null,
      "camps_stacked": null,
      "connection_log": null,
      "creeps_stacked": null,
      "damage": null,
      "damage_inflictor": null,
      "damage_inflictor_received": null,
      "damage_taken": null,
      "damage_targets": null,
      "deaths": 9,
      "denies": 37,
      "dn_t": null,
      "firstblood_claimed": null,
      "gold": 1206,
      "gold_per_min": 728,
      "gold_reasons": null,
      "gold_spent": 35495,
      "gold_t": null,
      "hero_damage": 67903,
      "hero_healing": 0,
      "hero_hits": null,
      "hero_id": 35,
      "item_0": 263,
      "item_1": 116,
      "item_2": 158,
      "item_3": 139,
      "item_4": 135,
      "item_5": 0,
      "item_neutral": 571,
      "item_uses": null,
      "kill_streaks": null,
      "killed": null,
      "killed_by": null,
      "kills": 15,
      "kills_log": null,
      "lane_pos": null,
      "last_hits": 525,
      "leaver_status": 1,
      "level": 29,
      "lh_t": null,
      "life_state": null,
      "max_hero_hit": null,
      "multi_kills": null,
      "net_worth": 26756,
      "obs": null,
      "obs_left_log": null,
      "obs_log": null,
      "obs_placed": null,
      "party_id": 5,
      "party_size": 1,
      "performance_others": null,
      "permanent_buffs": [
        {
          "permanent_buff": 12,
          "stack_count": 0,
          "grant_time": 2458
        }
      ],
      "pings": null,
      "pred_vict": null,
      "purchase": null,
      "purchase_log": null,
      "randomed": null,
      "repicked": null,
      "roshans_killed": null,
      "rune_pickups": null,
      "runes": null,
      "runes_log": null,
      "sen": null,
      "sen_left_log": null,
      "sen_log": null,
      "sen_placed": null,
      "stuns": null,
      "teamfight_participation": null,
      "times": null,
      "tower_damage": 1986,
      "towers_killed": null,
      "xp_per_min": 868,
      "xp_reasons": null,
      "xp_t": null,
      "personaname": "silence enjoyer",
      "name": null,
      "last_login": "2022-12-21T13:58:16.124Z",
      "start_time": 1669912826,
      "duration": 3323,
      "cluster": 181,
      "lobby_type": 7,
      "game_mode": 22,
      "is_contributor": false,
      "patch": 51,
      "region": 8,
      "isRadiant": false,
      "total_gold": 40319,
      "total_xp": 48072,
      "kills_per_min": 0.2708396027685826,
      "kda": 3,
      "abandons": 0,
      "rank_tier": 53,
      "is_subscriber": false,
      "cosmetics": [],
      "benchmarks": {
        "gold_per_min": {
          "raw": 728,
          "pct": 0.9629629629629629
        },
        "xp_per_min": {
          "raw": 868,
          "pct": 0.8888888888888888
        },
        "kills_per_min": {
          "raw": 0.2708396027685826,
          "pct": 0.5925925925925926
        },
        "last_hits_per_min": {
          "raw": 9.479386096900392,
          "pct": 0.9629629629629629
        },
        "hero_damage_per_min": {
          "raw": 1226.0547697863376,
          "pct": 0.9629629629629629
        },
        "hero_healing_per_min": {
          "raw": 0,
          "pct": 0.9629629629629629
        },
        "tower_damage": {
          "raw": 1986,
          "pct": 0.2222222222222222
        },
        "stuns_per_min": {
          "raw": 0,
          "pct": 0.1111111111111111
        },
        "lhten": {}
      }
    },
    {
      "player_slot": 129,
      "ability_targets": null,
      "ability_upgrades_arr": [
        5340,
        5339,
        5339,
        5341,
        5339,
        5342,
        5339,
        5340,
        5340,
        5340,
        6370,
        5342,
        5341,
        5341,
        7123,
        5341,
        5342,
        970,
        6073,
        6369
      ],
      "ability_uses": null,
      "actions": null,
      "additional_units": null,
      "assists": 19,
      "backpack_0": 0,
      "backpack_1": 0,
      "backpack_2": 0,
      "backpack_3": null,
      "buyback_log": null,
      "camps_stacked": null,
      "connection_log": null,
      "creeps_stacked": null,
      "damage": null,
      "damage_inflictor": null,
      "damage_inflictor_received": null,
      "damage_taken": null,
      "damage_targets": null,
      "deaths": 14,
      "denies": 2,
      "dn_t": null,
      "firstblood_claimed": null,
      "gold": 2003,
      "gold_per_min": 573,
      "gold_reasons": null,
      "gold_spent": 28485,
      "gold_t": null,
      "hero_damage": 44394,
      "hero_healing": 0,
      "hero_hits": null,
      "hero_id": 69,
      "item_0": 108,
      "item_1": 600,
      "item_2": 116,
      "item_3": 48,
      "item_4": 65,
      "item_5": 235,
      "item_neutral": 311,
      "item_uses": null,
      "kill_streaks": null,
      "killed": null,
      "killed_by": null,
      "kills": 7,
      "kills_log": null,
      "lane_pos": null,
      "last_hits": 183,
      "leaver_status": 0,
      "level": 27,
      "lh_t": null,
      "life_state": null,
      "max_hero_hit": null,
      "multi_kills": null,
      "net_worth": 28428,
      "obs": null,
      "obs_left_log": null,
      "obs_log": null,
      "obs_placed": null,
      "party_id": 6,
      "party_size": 1,
      "performance_others": null,
      "permanent_buffs": [
        {
          "permanent_buff": 6,
          "stack_count": 1,
          "grant_time": 2714
        },
        {
          "permanent_buff": 12,
          "stack_count": 0,
          "grant_time": 1854
        }
      ],
      "pings": null,
      "pred_vict": null,
      "purchase": null,
      "purchase_log": null,
      "randomed": null,
      "repicked": null,
      "roshans_killed": null,
      "rune_pickups": null,
      "runes": null,
      "runes_log": null,
      "sen": null,
      "sen_left_log": null,
      "sen_log": null,
      "sen_placed": null,
      "stuns": null,
      "teamfight_participation": null,
      "times": null,
      "tower_damage": 601,
      "towers_killed": null,
      "xp_per_min": 722,
      "xp_reasons": null,
      "xp_t": null,
      "start_time": 1669912826,
      "duration": 3323,
      "cluster": 181,
      "lobby_type": 7,
      "game_mode": 22,
      "is_contributor": false,
      "patch": 51,
      "region": 8,
      "isRadiant": false,
      "total_gold": 31734,
      "total_xp": 39986,
      "kills_per_min": 0.12639181462533855,
      "kda": 1,
      "abandons": 0,
      "rank_tier": null,
      "is_subscriber": false,
      "cosmetics": [],
      "benchmarks": {
        "gold_per_min": {
          "raw": 573,
          "pct": 0.37142857142857144
        },
        "xp_per_min": {
          "raw": 722,
          "pct": 0.5428571428571428
        },
        "kills_per_min": {
          "raw": 0.12639181462533855,
          "pct": 0.5714285714285714
        },
        "last_hits_per_min": {
          "raw": 3.304243153776708,
          "pct": 0.11428571428571428
        },
        "hero_damage_per_min": {
          "raw": 801.5768883538972,
          "pct": 0.8857142857142857
        },
        "hero_healing_per_min": {
          "raw": 0,
          "pct": 0.8285714285714286
        },
        "tower_damage": {
          "raw": 601,
          "pct": 0.6
        },
        "stuns_per_min": {
          "raw": 0,
          "pct": 0.05714285714285714
        },
        "lhten": {}
      }
    },
    {
      "player_slot": 130,
      "ability_targets": null,
      "ability_upgrades_arr": [
        5347,
        5345,
        5347,
        5345,
        5347,
        5348,
        5347,
        5345,
        5345,
        7652,
        5346,
        5348,
        5346,
        5346,
        6352,
        5346,
        5348,
        6534,
        6810,
        973,
        6214,
        6291
      ],
      "ability_uses": null,
      "actions": null,
      "additional_units": null,
      "assists": 17,
      "backpack_0": 41,
      "backpack_1": 0,
      "backpack_2": 0,
      "backpack_3": null,
      "buyback_log": null,
      "camps_stacked": null,
      "connection_log": null,
      "creeps_stacked": null,
      "damage": null,
      "damage_inflictor": null,
      "damage_inflictor_received": null,
      "damage_taken": null,
      "damage_targets": null,
      "deaths": 10,
      "denies": 16,
      "dn_t": null,
      "firstblood_claimed": null,
      "gold": 1484,
      "gold_per_min": 545,
      "gold_reasons": null,
      "gold_spent": 24265,
      "gold_t": null,
      "hero_damage": 57925,
      "hero_healing": 0,
      "hero_hits": null,
      "hero_id": 68,
      "item_0": 96,
      "item_1": 610,
      "item_2": 534,
      "item_3": 596,
      "item_4": 256,
      "item_5": 29,
      "item_neutral": 675,
      "item_uses": null,
      "kill_streaks": null,
      "killed": null,
      "killed_by": null,
      "kills": 23,
      "kills_log": null,
      "lane_pos": null,
      "last_hits": 204,
      "leaver_status": 0,
      "level": 29,
      "lh_t": null,
      "life_state": null,
      "max_hero_hit": null,
      "multi_kills": null,
      "net_worth": 23384,
      "obs": null,
      "obs_left_log": null,
      "obs_log": null,
      "obs_placed": null,
      "party_id": 7,
      "party_size": 1,
      "performance_others": null,
      "permanent_buffs": [
        {
          "permanent_buff": 6,
          "stack_count": 1,
          "grant_time": 2039
        },
        {
          "permanent_buff": 12,
          "stack_count": 0,
          "grant_time": 2094
        }
      ],
      "pings": null,
      "pred_vict": null,
      "purchase": null,
      "purchase_log": null,
      "randomed": null,
      "repicked": null,
      "roshans_killed": null,
      "rune_pickups": null,
      "runes": null,
      "runes_log": null,
      "sen": null,
      "sen_left_log": null,
      "sen_log": null,
      "sen_placed": null,
      "stuns": null,
      "teamfight_participation": null,
      "times": null,
      "tower_damage": 669,
      "towers_killed": null,
      "xp_per_min": 955,
      "xp_reasons": null,
      "xp_t": null,
      "personaname": "spoki(0)",
      "name": null,
      "last_login": null,
      "start_time": 1669912826,
      "duration": 3323,
      "cluster": 181,
      "lobby_type": 7,
      "game_mode": 22,
      "is_contributor": false,
      "patch": 51,
      "region": 8,
      "isRadiant": false,
      "total_gold": 30183,
      "total_xp": 52891,
      "kills_per_min": 0.41528739091182665,
      "kda": 3,
      "abandons": 0,
      "rank_tier": 53,
      "is_subscriber": false,
      "cosmetics": [],
      "benchmarks": {
        "gold_per_min": {
          "raw": 545,
          "pct": 0.9285714285714286
        },
        "xp_per_min": {
          "raw": 955,
          "pct": 1
        },
        "kills_per_min": {
          "raw": 0.41528739091182665,
          "pct": 1
        },
        "last_hits_per_min": {
          "raw": 3.6834185976527234,
          "pct": 0.9285714285714286
        },
        "hero_damage_per_min": {
          "raw": 1045.8922660246765,
          "pct": 1
        },
        "hero_healing_per_min": {
          "raw": 0,
          "pct": 0.7857142857142857
        },
        "tower_damage": {
          "raw": 669,
          "pct": 0.5
        },
        "stuns_per_min": {
          "raw": 0,
          "pct": 0
        },
        "lhten": {}
      }
    },
    {
      "player_slot": 131,
      "ability_targets": null,
      "ability_upgrades_arr": [
        5075,
        5076,
        5076,
        5074,
        5075,
        5077,
        5075,
        5076,
        5076,
        5931,
        5075,
        5077,
        5074,
        5074,
        507,
        5077,
        5074,
        408
      ],
      "ability_uses": null,
      "actions": null,
      "additional_units": null,
      "assists": 16,
      "backpack_0": 8,
      "backpack_1": 257,
      "backpack_2": 0,
      "backpack_3": null,
      "buyback_log": null,
      "camps_stacked": null,
      "connection_log": null,
      "creeps_stacked": null,
      "damage": null,
      "damage_inflictor": null,
      "damage_inflictor_received": null,
      "damage_taken": null,
      "damage_targets": null,
      "deaths": 18,
      "denies": 2,
      "dn_t": null,
      "firstblood_claimed": null,
      "gold": 777,
      "gold_per_min": 288,
      "gold_reasons": null,
      "gold_spent": 11900,
      "gold_t": null,
      "hero_damage": 19164,
      "hero_healing": 5113,
      "hero_hits": null,
      "hero_id": 14,
      "item_0": 21,
      "item_1": 36,
      "item_2": 218,
      "item_3": 73,
      "item_4": 1,
      "item_5": 214,
      "item_neutral": 825,
      "item_uses": null,
      "kill_streaks": null,
      "killed": null,
      "killed_by": null,
      "kills": 10,
      "kills_log": null,
      "lane_pos": null,
      "last_hits": 53,
      "leaver_status": 0,
      "level": 24,
      "lh_t": null,
      "life_state": null,
      "max_hero_hit": null,
      "multi_kills": null,
      "net_worth": 9382,
      "obs": null,
      "obs_left_log": null,
      "obs_log": null,
      "obs_placed": null,
      "party_id": 8,
      "party_size": 1,
      "performance_others": null,
      "permanent_buffs": [
        {
          "permanent_buff": 4,
          "stack_count": 21,
          "grant_time": 587
        },
        {
          "permanent_buff": 6,
          "stack_count": 2,
          "grant_time": 883
        },
        {
          "permanent_buff": 12,
          "stack_count": 0,
          "grant_time": 1280
        }
      ],
      "pings": null,
      "pred_vict": null,
      "purchase": null,
      "purchase_log": null,
      "randomed": null,
      "repicked": null,
      "roshans_killed": null,
      "rune_pickups": null,
      "runes": null,
      "runes_log": null,
      "sen": null,
      "sen_left_log": null,
      "sen_log": null,
      "sen_placed": null,
      "stuns": null,
      "teamfight_participation": null,
      "times": null,
      "tower_damage": 638,
      "towers_killed": null,
      "xp_per_min": 605,
      "xp_reasons": null,
      "xp_t": null,
      "start_time": 1669912826,
      "duration": 3323,
      "cluster": 181,
      "lobby_type": 7,
      "game_mode": 22,
      "is_contributor": false,
      "patch": 51,
      "region": 8,
      "isRadiant": false,
      "total_gold": 15950,
      "total_xp": 33506,
      "kills_per_min": 0.18055973517905508,
      "kda": 1,
      "abandons": 0,
      "rank_tier": null,
      "is_subscriber": false,
      "cosmetics": [],
      "benchmarks": {
        "gold_per_min": {
          "raw": 288,
          "pct": 0.19642857142857142
        },
        "xp_per_min": {
          "raw": 605,
          "pct": 0.48214285714285715
        },
        "kills_per_min": {
          "raw": 0.18055973517905508,
          "pct": 0.4642857142857143
        },
        "last_hits_per_min": {
          "raw": 0.9569665964489917,
          "pct": 0.08928571428571429
        },
        "hero_damage_per_min": {
          "raw": 346.0246764971411,
          "pct": 0.23214285714285715
        },
        "hero_healing_per_min": {
          "raw": 92.32019259705085,
          "pct": 0.9464285714285714
        },
        "tower_damage": {
          "raw": 638,
          "pct": 0.6071428571428571
        },
        "stuns_per_min": {
          "raw": 0,
          "pct": 0
        },
        "lhten": {}
      }
    },
    {
      "player_slot": 132,
      "ability_targets": null,
      "ability_upgrades_arr": [
        5353,
        5355,
        5355,
        5353,
        5355,
        5356,
        5355,
        5353,
        5353,
        7301,
        5931,
        5356,
        7301,
        7301,
        5940,
        7301,
        5356,
        6149,
        6543
      ],
      "ability_uses": null,
      "actions": null,
      "additional_units": null,
      "assists": 18,
      "backpack_0": 0,
      "backpack_1": 0,
      "backpack_2": 0,
      "backpack_3": null,
      "buyback_log": null,
      "camps_stacked": null,
      "connection_log": null,
      "creeps_stacked": null,
      "damage": null,
      "damage_inflictor": null,
      "damage_inflictor_received": null,
      "damage_taken": null,
      "damage_targets": null,
      "deaths": 15,
      "denies": 17,
      "dn_t": null,
      "firstblood_claimed": null,
      "gold": 635,
      "gold_per_min": 423,
      "gold_reasons": null,
      "gold_spent": 20370,
      "gold_t": null,
      "hero_damage": 20715,
      "hero_healing": 0,
      "hero_hits": null,
      "hero_id": 71,
      "item_0": 36,
      "item_1": 116,
      "item_2": 154,
      "item_3": 112,
      "item_4": 108,
      "item_5": 63,
      "item_neutral": 364,
      "item_uses": null,
      "kill_streaks": null,
      "killed": null,
      "killed_by": null,
      "kills": 3,
      "kills_log": null,
      "lane_pos": null,
      "last_hits": 256,
      "leaver_status": 0,
      "level": 26,
      "lh_t": null,
      "life_state": null,
      "max_hero_hit": null,
      "multi_kills": null,
      "net_worth": 19960,
      "obs": null,
      "obs_left_log": null,
      "obs_log": null,
      "obs_placed": null,
      "party_id": 9,
      "party_size": 1,
      "performance_others": null,
      "permanent_buffs": [],
      "pings": null,
      "pred_vict": null,
      "purchase": null,
      "purchase_log": null,
      "randomed": null,
      "repicked": null,
      "roshans_killed": null,
      "rune_pickups": null,
      "runes": null,
      "runes_log": null,
      "sen": null,
      "sen_left_log": null,
      "sen_log": null,
      "sen_placed": null,
      "stuns": null,
      "teamfight_participation": null,
      "times": null,
      "tower_damage": 539,
      "towers_killed": null,
      "xp_per_min": 718,
      "xp_reasons": null,
      "xp_t": null,
      "personaname": "Zaraki Kenpachi",
      "name": null,
      "last_login": null,
      "start_time": 1669912826,
      "duration": 3323,
      "cluster": 181,
      "lobby_type": 7,
      "game_mode": 22,
      "is_contributor": false,
      "patch": 51,
      "region": 8,
      "isRadiant": false,
      "total_gold": 23427,
      "total_xp": 39765,
      "kills_per_min": 0.05416792055371652,
      "kda": 1,
      "abandons": 0,
      "rank_tier": 53,
      "is_subscriber": false,
      "cosmetics": [],
      "benchmarks": {
        "gold_per_min": {
          "raw": 423,
          "pct": 0.525
        },
        "xp_per_min": {
          "raw": 718,
          "pct": 0.725
        },
        "kills_per_min": {
          "raw": 0.05416792055371652,
          "pct": 0.2
        },
        "last_hits_per_min": {
          "raw": 4.6223292205838105,
          "pct": 0.625
        },
        "hero_damage_per_min": {
          "raw": 374.0294914234126,
          "pct": 0.5
        },
        "hero_healing_per_min": {
          "raw": 0,
          "pct": 0.925
        },
        "tower_damage": {
          "raw": 539,
          "pct": 0.575
        },
        "stuns_per_min": {
          "raw": 0,
          "pct": 0
        },
        "lhten": {}
      }
    }
  ],
  "patch": 51,
  "region": 8
}