{
  "chat": null,
  "cluster": 274,
  "cosmetics": null,
  "dire_score": 7,
  "dire_team_id": null,
  "draft_timings": null,
  "duration": 924,
  "engine": 1,
  "first_blood_time": 43,
  "game_mode": 23,
  "human_players": 10,
  "leagueid": 0,
  "lobby_type": 0,
  "match_seq_num": 5780308328,
  "negative_votes": 0,
  "objectives": null,
  "picks_bans": null,
  "positive_votes": 0,
  "radiant_gold_adv": null,
  "radiant_score": 36,
  "radiant_team_id": null,
  "radiant_xp_adv": null,
  "skill": null,
  "start_time": 1669911519,
  "teamfights": null,
  "version": null,
  "replay_salt": 2057825718,
  "series_id": 0,
  "series_type": 0,
  "players": [
    {
      "player_slot": 0,
      "ability_targets": null,
      "ability_upgrades_arr": [
        5280,
        639,
        5282,
        5280,
        5280,
        5279,
        5280,
        639,
        639,
        900,
        639,
        5279,
        5282,
        5282,
        8033,
        5282,
        5279,
        6258
      ],
      "ability_uses": null,
      "actions": null,
      "additional_units": null,
      "assists": 6,
      "backpack_0": 0,
      "backpack_1": 0,
      "backpack_2": 0,
      "backpack_3": null,
      "buyback_log": null,
      "camps_stacked": null,
      "connection_log": null,
      "creeps_stacked": null,
      "damage": null,
      "damage_inflictor": null,
      "damage_inflictor_received": null,
      "damage_taken": null,
      "damage_targets": null,
      "deaths": 1,
      "denies": 7,
      "dn_t": null,
      "firstblood_claimed": null,
      "gold": 6422,
      "gold_per_min": 1210,
      "gold_reasons": null,
      "gold_spent": 13305,
      "gold_t": null,
      "hero_damage": 11776,
      "hero_healing": 0,
      "hero_hits": null,
      "hero_id": 61,
      "item_0": 98,
      "item_1": 116,
      "item_2": 178,
      "item_3": 180,
      "item_4": 75,
      "item_5": 596,
      "item_neutral": 838,
      "item_uses": null,
      "kill_streaks": null,
      "killed": null,
      "killed_by": null,
      "kills": 7,
      "kills_log": null,
      "lane_pos": null,
      "last_hits": 52,
      "leaver_status": 0,
      "level": 21,
      "lh_t": null,
      "life_state": null,
      "max_hero_hit": null,
      "multi_kills": null,
      "net_worth": 19132,
      "obs": null,
      "obs_left_log": null,
      "obs_log": null,
      "obs_placed": null,
      "party_id": 0,
      "party_size": 2,
      "performance_others": null,
      "permanent_buffs": [
        {
          "permanent_buff": 12,
          "stack_count": 0,
          "grant_time": 972
        }
      ],
      "pings": null,
      "pred_vict": null,
      "purchase": null,
      "purchase_log": null,
      "randomed": null,
      "repicked": null,
      "roshans_killed": null,
      "rune_pickups": null,
      "runes": null,
      "runes_log": null,
      "sen": null,
      "sen_left_log": null,
      "sen_log": null,
      "sen_placed": null,
      "stuns": null,
      "teamfight_participation": null,
      "times": null,
      "tower_damage": 7281,
      "towers_killed": null,
      "xp_per_min": 1651,
      "xp_reasons": null,
      "xp_t": null,
      "start_time": 1669911519,
      "duration": 924,
      "cluster": 274,
      "lobby_type": 0,
      "game_mode": 23,
      "is_contributor": false,
      "patch": 51,
      "region": 3,
      "isRadiant": true,
      "total_gold": 18634,
      "total_xp": 25425,
      "kills_per_min": 0.45454545454545453,
      "kda": 6,
      "abandons": 0,
      "rank_tier": null,
      "is_subscriber": false,
      "cosmetics": [],
      "benchmarks": {
        "gold_per_min": {
          "raw": 1210,
          "pct": 1
        },
        "xp_per_min": {
          "raw": 1651,
          "pct": 1
        },
        "kills_per_min": {
          "raw": 0.4545454545454546,
          "pct": 0.9473684210526315
        },
        "last_hits_per_min": {
          "raw": 3.376623376623377,
          "pct": 0
        },
        "hero_damage_per_min": {
          "raw": 764.6753246753246,
          "pct": 0.9473684210526315
        },
        "hero_healing_per_min": {
          "raw": 0,
          "pct": 0.21052631578947367
        },
        "tower_damage": {
          "raw": 7281,
          "pct": 0.8421052631578947
        },
        "stuns_per_min": {
          "raw": 0,
          "pct": 0.5789473684210527
        },
        "lhten": {}
      }
    },
    {
      "player_slot": 1,
      "ability_targets": null,
      "ability_upgrades_arr": [
        6583,
        6495,
        6583,
        6495,
        6583,
        6598,
        6583,
        6495,
        6495,
        1020,
        6582,
        6582,
        6598,
        6759,
        6582,
        6582,
        6598,
        6584
      ],
      "ability_uses": null,
      "actions": null,
      "additional_units": null,
      "assists": 12,
      "backpack_0": 86,
      "backpack_1": 73,
      "backpack_2": 0,
      "backpack_3": null,
      "buyback_log": null,
      "camps_stacked": null,
      "connection_log": null,
      "creeps_stacked": null,
      "damage": null,
      "damage_inflictor": null,
      "damage_inflictor_received": null,
      "damage_taken": null,
      "damage_targets": null,
      "deaths": 0,
      "denies": 2,
      "dn_t": null,
      "firstblood_claimed": null,
      "gold": 2393,
      "gold_per_min": 1148,
      "gold_reasons": null,
      "gold_spent": 16040,
      "gold_t": null,
      "hero_damage": 9551,
      "hero_healing": 0,
      "hero_hits": null,
      "hero_id": 129,
      "item_0": 168,
      "item_1": 26,
      "item_2": 50,
      "item_3": 0,
      "item_4": 247,
      "item_5": 252,
      "item_neutral": 355,
      "item_uses": null,
      "kill_streaks": null,
      "killed": null,
      "killed_by": null,
      "kills": 4,
      "kills_log": null,
      "lane_pos": null,
      "last_hits": 58,
      "leaver_status": 0,
      "level": 23,
      "lh_t": null,
      "life_state": null,
      "max_hero_hit": null,
      "multi_kills": null,
      "net_worth": 17223,
      "obs": null,
      "obs_left_log": null,
      "obs_log": null,
      "obs_placed": null,
      "party_id": 0,
      "party_size": 2,
      "performance_others": null,
      "permanent_buffs": [
        {
          "permanent_buff": 6,
          "stack_count": 1,
          "grant_time": 819
        },
        {
          "permanent_buff": 12,
          "stack_count": 0,
          "grant_time": 1062
        }
      ],
      "pings": null,
      "pred_vict": null,
      "purchase": null,
      "purchase_log": null,
      "randomed": null,
      "repicked": null,
      "roshans_killed": null,
      "rune_pickups": null,
      "runes": null,
      "runes_log": null,
      "sen": null,
      "sen_left_log": null,
      "sen_log": null,
      "sen_placed": null,
      "stuns": null,
      "teamfight_participation": null,
      "times": null,
      "tower_damage": 3019,
      "towers_killed": null,
      "xp_per_min": 1860,
      "xp_reasons": null,
      "xp_t": null,
      "personaname": "ClevoX",
      "name": null,
      "last_login": "2023-02-26T15:22:11.414Z",
      "start_time": 1669911519,
      "duration": 924,
      "cluster": 274,
      "lobby_type": 0,
      "game_mode": 23,
      "is_contributor": false,
      "patch": 51,
      "region": 3,
      "isRadiant": true,
      "total_gold": 17679,
      "total_xp": 28644,
      "kills_per_min": 0.2597402597402597,
      "kda": 16,
      "abandons": 0,
      "rank_tier": 13,
      "is_subscriber": false,
      "cosmetics": [],
      "benchmarks": {
        "gold_per_min": {
          "raw": 1148,
          "pct": 1
        },
        "xp_per_min": {
          "raw": 1860,
          "pct": 1
        },
        "kills_per_min": {
          "raw": 0.2597402597402597,
          "pct": 0.9090909090909091
        },
        "last_hits_per_min": {
          "raw": 3.766233766233766,
          "pct": 0.22727272727272727
        },
        "hero_damage_per_min": {
          "raw": 620.1948051948052,
          "pct": 0.8181818181818182
        },
        "hero_healing_per_min": {
          "raw": 0,
          "pct": 0.9545454545454546
        },
        "tower_damage": {
          "raw": 3019,
          "pct": 0.7954545454545454
        },
        "stuns_per_min": {
          "raw": 0,
          "pct": 0.022727272727272728
        },
        "lhten": {}
      }
    },
    {
      "player_slot": 2,
      "ability_targets": null,
      "ability_upgrades_arr": [
        5028,
        5027,
        5028,
        5027,
        5028,
        5030,
        5028,
        5027,
        5029,
        5027,
        5029,
        5030,
        5029,
        6105,
        5029,
        7394,
        5030,
        7021
      ],
      "ability_uses": null,
      "actions": null,
      "additional_units": null,
      "assists": 6,
      "backpack_0": 0,
      "backpack_1": 0,
      "backpack_2": 0,
      "backpack_3": null,
      "buyback_log": null,
      "camps_stacked": null,
      "connection_log": null,
      "creeps_stacked": null,
      "damage": null,
      "damage_inflictor": null,
      "damage_inflictor_received": null,
      "damage_taken": null,
      "damage_targets": null,
      "deaths": 0,
      "denies": 1,
      "dn_t": null,
      "firstblood_claimed": null,
      "gold": 2305,
      "gold_per_min": 1523,
      "gold_reasons": null,
      "gold_spent": 21795,
      "gold_t": null,
      "hero_damage": 14060,
      "hero_healing": 7083,
      "hero_hits": null,
      "hero_id": 8,
      "item_0": 145,
      "item_1": 75,
      "item_2": 48,
      "item_3": 147,
      "item_4": 158,
      "item_5": 52,
      "item_neutral": 331,
      "item_uses": null,
      "kill_streaks": null,
      "killed": null,
      "killed_by": null,
      "kills": 11,
      "kills_log": null,
      "lane_pos": null,
      "last_hits": 116,
      "leaver_status": 0,
      "level": 22,
      "lh_t": null,
      "life_state": null,
      "max_hero_hit": null,
      "multi_kills": null,
      "net_worth": 23810,
      "obs": null,
      "obs_left_log": null,
      "obs_log": null,
      "obs_placed": null,
      "party_id": 1,
      "party_size": 1,
      "performance_others": null,
      "permanent_buffs": [
        {
          "permanent_buff": 12,
          "stack_count": 0,
          "grant_time": 1044
        }
      ],
      "pings": null,
      "pred_vict": null,
      "purchase": null,
      "purchase_log": null,
      "randomed": null,
      "repicked": null,
      "roshans_killed": null,
      "rune_pickups": null,
      "runes": null,
      "runes_log": null,
      "sen": null,
      "sen_left_log": null,
      "sen_log": null,
      "sen_placed": null,
      "stuns": null,
      "teamfight_participation": null,
      "times": null,
      "tower_damage": 6419,
      "towers_killed": null,
      "xp_per_min": 1845,
      "xp_reasons": null,
      "xp_t": null,
      "start_time": 1669911519,
      "duration": 924,
      "cluster": 274,
      "lobby_type": 0,
      "game_mode": 23,
      "is_contributor": false,
      "patch": 51,
      "region": 3,
      "isRadiant": true,
      "total_gold": 23454,
      "total_xp": 28413,
      "kills_per_min": 0.7142857142857143,
      "kda": 17,
      "abandons": 0,
      "rank_tier": null,
      "is_subscriber": false,
      "cosmetics": [],
      "benchmarks": {
        "gold_per_min": {
          "raw": 1523,
          "pct": 1
        },
        "xp_per_min": {
          "raw": 1845,
          "pct": 1
        },
        "kills_per_min": {
          "raw": 0.7142857142857142,
          "pct": 1
        },
        "last_hits_per_min": {
          "raw": 7.532467532467532,
          "pct": 0.3939393939393939
        },
        "hero_damage_per_min": {
          "raw": 912.9870129870129,
          "pct": 0.7272727272727273
        },
        "hero_healing_per_min": {
          "raw": 459.93506493506493,
          "pct": 0.9393939393939394
        },
        "tower_damage": {
          "raw": 6419,
          "pct": 0.48484848484848486
        },
        "stuns_per_min": {
          "raw": 0,
          "pct": 0.3333333333333333
        },
        "lhten": {}
      }
    },
    {
      "player_slot": 3,
      "ability_targets": null,
      "ability_upgrades_arr": [
        5138,
        5140,
        5140,
        5138,
        5140,
        5141,
        5140,
        5138,
        5138,
        417,
        5139,
        5141,
        5139,
        5139,
        6524,
        5139,
        5141,
        555
      ],
      "ability_uses": null,
      "actions": null,
      "additional_units": null,
      "assists": 7,
      "backpack_0": 0,
      "backpack_1": 0,
      "backpack_2": 0,
      "backpack_3": null,
      "buyback_log": null,
      "camps_stacked": null,
      "connection_log": null,
      "creeps_stacked": null,
      "damage": null,
      "damage_inflictor": null,
      "damage_inflictor_received": null,
      "damage_taken": null,
      "damage_targets": null,
      "deaths": 3,
      "denies": 0,
      "dn_t": null,
      "firstblood_claimed": null,
      "gold": 2950,
      "gold_per_min": 944,
      "gold_reasons": null,
      "gold_spent": 12200,
      "gold_t": null,
      "hero_damage": 12285,
      "hero_healing": 2408,
      "hero_hits": null,
      "hero_id": 30,
      "item_0": 235,
      "item_1": 29,
      "item_2": 43,
      "item_3": 0,
      "item_4": 0,
      "item_5": 108,
      "item_neutral": 947,
      "item_uses": null,
      "kill_streaks": null,
      "killed": null,
      "killed_by": null,
      "kills": 7,
      "kills_log": null,
      "lane_pos": null,
      "last_hits": 21,
      "leaver_status": 0,
      "level": 21,
      "lh_t": null,
      "life_state": null,
      "max_hero_hit": null,
      "multi_kills": null,
      "net_worth": 14475,
      "obs": null,
      "obs_left_log": null,
      "obs_log": null,
      "obs_placed": null,
      "party_id": 2,
      "party_size": 2,
      "performance_others": null,
      "permanent_buffs": [
        {
          "permanent_buff": 12,
          "stack_count": 0,
          "grant_time": 825
        }
      ],
      "pings": null,
      "pred_vict": null,
      "purchase": null,
      "purchase_log": null,
      "randomed": null,
      "repicked": null,
      "roshans_killed": null,
      "rune_pickups": null,
      "runes": null,
      "runes_log": null,
      "sen": null,
      "sen_left_log": null,
      "sen_log": null,
      "sen_placed": null,
      "stuns": null,
      "teamfight_participation": null,
      "times": null,
      "tower_damage": 865,
      "towers_killed": null,
      "xp_per_min": 1595,
      "xp_reasons": null,
      "xp_t": null,
      "start_time": 1669911519,
      "duration": 924,
      "cluster": 274,
      "lobby_type": 0,
      "game_mode": 23,
      "is_contributor": false,
      "patch": 51,
      "region": 3,
      "isRadiant": true,
      "total_gold": 14537,
      "total_xp": 24563,
      "kills_per_min": 0.45454545454545453,
      "kda": 3,
      "abandons": 0,
      "rank_tier": null,
      "is_subscriber": false,
      "cosmetics": [],
      "benchmarks": {
        "gold_per_min": {
          "raw": 944,
          "pct": 1
        },
        "xp_per_min": {
          "raw": 1595,
          "pct": 1
        },
        "kills_per_min": {
          "raw": 0.4545454545454546,
          "pct": 1
        },
        "last_hits_per_min": {
          "raw": 1.3636363636363638,
          "pct": 0.6666666666666666
        },
        "hero_damage_per_min": {
          "raw": 797.7272727272727,
          "pct": 0.9487179487179487
        },
        "hero_healing_per_min": {
          "raw": 156.36363636363635,
          "pct": 0.8205128205128205
        },
        "tower_damage": {
          "raw": 865,
          "pct": 0.8717948717948718
        },
        "stuns_per_min": {
          "raw": 0,
          "pct": 0.02564102564102564
        },
        "lhten": {}
      }
    },
    {
      "player_slot": 4,
      "ability_targets": null,
      "ability_upgrades_arr": [
        5094,
        5095,
        5095,
        5096,
        5095,
        5097,
        5095,
        5096,
        5094,
        5096,
        6119,
        5097,
        5096,
        5094,
        5094,
        763,
        5097,
        734
      ],
      "ability_uses": null,
      "actions": null,
      "additional_units": null,
      "assists": 10,
      "backpack_0": 0,
      "backpack_1": 0,
      "backpack_2": 0,
      "backpack_3": null,
      "buyback_log": null,
      "camps_stacked": null,
      "connection_log": null,
      "creeps_stacked": null,
      "damage": null,
      "damage_inflictor": null,
      "damage_inflictor_received": null,
      "damage_taken": null,
      "damage_targets": null,
      "deaths": 3,
      "denies": 6,
      "dn_t": null,
      "firstblood_claimed": null,
      "gold": 4635,
      "gold_per_min": 1218,
      "gold_reasons": null,
      "gold_spent": 14725,
      "gold_t": null,
      "hero_damage": 12827,
      "hero_healing": 0,
      "hero_hits": null,
      "hero_id": 18,
      "item_0": 63,
      "item_1": 252,
      "item_2": 1,
      "item_3": 172,
      "item_4": 141,
      "item_5": 0,
      "item_neutral": 1077,
      "item_uses": null,
      "kill_streaks": null,
      "killed": null,
      "killed_by": null,
      "kills": 6,
      "kills_log": null,
      "lane_pos": null,
      "last_hits": 68,
      "leaver_status": 0,
      "level": 21,
      "lh_t": null,
      "life_state": null,
      "max_hero_hit": null,
      "multi_kills": null,
      "net_worth": 19210,
      "obs": null,
      "obs_left_log": null,
      "obs_log": null,
      "obs_placed": null,
      "party_id": 2,
      "party_size": 2,
      "performance_others": null,
      "permanent_buffs": [],
      "pings": null,
      "pred_vict": null,
      "purchase": null,
      "purchase_log": null,
      "randomed": null,
      "repicked": null,
      "roshans_killed": null,
      "rune_pickups": null,
      "runes": null,
      "runes_log": null,
      "sen": null,
      "sen_left_log": null,
      "sen_log": null,
      "sen_placed": null,
      "stuns": null,
      "teamfight_participation": null,
      "times": null,
      "tower_damage": 11425,
      "towers_killed": null,
      "xp_per_min": 1551,
      "xp_reasons": null,
      "xp_t": null,
      "start_time": 1669911519,
      "duration": 924,
      "cluster": 274,
      "lobby_type": 0,
      "game_mode": 23,
      "is_contributor": false,
      "patch": 51,
      "region": 3,
      "isRadiant": true,
      "total_gold": 18757,
      "total_xp": 23885,
      "kills_per_min": 0.38961038961038963,
      "kda": 4,
      "abandons": 0,
      "rank_tier": null,
      "is_subscriber": false,
      "cosmetics": [],
      "benchmarks": {
        "gold_per_min": {
          "raw": 1218,
          "pct": 1
        },
        "xp_per_min": {
          "raw": 1551,
          "pct": 1
        },
        "kills_per_min": {
          "raw": 0.38961038961038963,
          "pct": 0.875
        },
        "last_hits_per_min": {
          "raw": 4.415584415584416,
          "pct": 0.1875
        },
        "hero_damage_per_min": {
          "raw": 832.922077922078,
          "pct": 0.6875
        },
        "hero_healing_per_min": {
          "raw": 0,
          "pct": 1
        },
        "tower_damage": {
          "raw": 11425,
          "pct": 0.8125
        },
        "stuns_per_min": {
          "raw": 0,
          "pct": 0
        },
        "lhten": {}
      }
    },
    {
      "player_slot": 128,
      "ability_targets": null,
      "ability_upgrades_arr": [
        5426,
        5428,
        5428,
        5427,
        5428,
        5429,
        5428,
        5427,
        5427,
        5427,
        6618,
        5429,
        5426,
        5426
      ],
      "ability_uses": null,
      "actions": null,
      "additional_units": null,
      "assists": 0,
      "backpack_0": 0,
      "backpack_1": 0,
      "backpack_2": 0,
      "backpack_3": null,
      "buyback_log": null,
      "camps_stacked": null,
      "connection_log": null,
      "creeps_stacked": null,
      "damage": null,
      "damage_inflictor": null,
      "damage_inflictor_received": null,
      "damage_taken": null,
      "damage_targets": null,
      "deaths": 7,
      "denies": 0,
      "dn_t": null,
      "firstblood_claimed": null,
      "gold": 117,
      "gold_per_min": 379,
      "gold_reasons": null,
      "gold_spent": 6305,
      "gold_t": null,
      "hero_damage": 3593,
      "hero_healing": 0,
      "hero_hits": null,
      "hero_id": 81,
      "item_0": 73,
      "item_1": 50,
      "item_2": 44,
      "item_3": 252,
      "item_4": 216,
      "item_5": 0,
      "item_neutral": 0,
      "item_uses": null,
      "kill_streaks": null,
      "killed": null,
      "killed_by": null,
      "kills": 0,
      "kills_log": null,
      "lane_pos": null,
      "last_hits": 25,
      "leaver_status": 0,
      "level": 14,
      "lh_t": null,
      "life_state": null,
      "max_hero_hit": null,
      "multi_kills": null,
      "net_worth": 6277,
      "obs": null,
      "obs_left_log": null,
      "obs_log": null,
      "obs_placed": null,
      "party_id": 3,
      "party_size": 3,
      "performance_others": null,
      "permanent_buffs": [
        {
          "permanent_buff": 12,
          "stack_count": 0,
          "grant_time": 1068
        }
      ],
      "pings": null,
      "pred_vict": null,
      "purchase": null,
      "purchase_log": null,
      "randomed": null,
      "repicked": null,
      "roshans_killed": null,
      "rune_pickups": null,
      "runes": null,
      "runes_log": null,
      "sen": null,
      "sen_left_log": null,
      "sen_log": null,
      "sen_placed": null,
      "stuns": null,
      "teamfight_participation": null,
      "times": null,
      "tower_damage": 0,
      "towers_killed": null,
      "xp_per_min": 712,
      "xp_reasons": null,
      "xp_t": null,
      "start_time": 1669911519,
      "duration": 924,
      "cluster": 274,
      "lobby_type": 0,
      "game_mode": 23,
      "is_contributor": false,
      "patch": 51,
      "region": 3,
      "isRadiant": false,
      "total_gold": 5836,
      "total_xp": 10964,
      "kda": 0,
      "abandons": 0,
      "rank_tier": null,
      "is_subscriber": false,
      "cosmetics": [],
      "benchmarks": {
        "gold_per_min": {
          "raw": 379,
          "pct": 0
        },
        "xp_per_min": {
          "raw": 712,
          "pct": 0.391304347826087
        },
        "kills_per_min": {
          "raw": 0,
          "pct": 0
        },
        "last_hits_per_min": {
          "raw": 1.6233766233766234,
          "pct": 0
        },
        "hero_damage_per_min": {
          "raw": 233.31168831168833,
          "pct": 0
        },
        "hero_healing_per_min": {
          "raw": 0,
          "pct": 1
        },
        "tower_damage": {
          "raw": 0,
          "pct": 0
        },
        "stuns_per_min": {
          "raw": 0,
          "pct": 0
        },
        "lhten": {}
      }
    },
    {
      "player_slot": 129,
      "ability_targets": null,
      "ability_upgrades_arr": [
        5471,
        532,
        5473,
        5471,
        5471,
        532,
        5471,
        532,
        5473,
        5474,
        532,
        5474
      ],
      "ability_uses": null,
      "actions": null,
      "additional_units": null,
      "assists": 0,
      "backpack_0": 237,
      "backpack_1": 0,
      "backpack_2": 0,
      "backpack_3": null,
      "buyback_log": null,
      "camps_stacked": null,
      "connection_log": null,
      "creeps_stacked": null,
      "damage": null,
      "damage_inflictor": null,
      "damage_inflictor_received": null,
      "damage_taken": null,
      "damage_targets": null,
      "deaths": 7,
      "denies": 0,
      "dn_t": null,
      "firstblood_claimed": null,
      "gold": 1216,
      "gold_per_min": 273,
      "gold_reasons": null,
      "gold_spent": 3660,
      "gold_t": null,
      "hero_damage": 2622,
      "hero_healing": 0,
      "hero_hits": null,
      "hero_id": 90,
      "item_0": 59,
      "item_1": 77,
      "item_2": 57,
      "item_3": 180,
      "item_4": 216,
      "item_5": 44,
      "item_neutral": 0,
      "item_uses": null,
      "kill_streaks": null,
      "killed": null,
      "killed_by": null,
      "kills": 0,
      "kills_log": null,
      "lane_pos": null,
      "last_hits": 9,
      "leaver_status": 0,
      "level": 12,
      "lh_t": null,
      "life_state": null,
      "max_hero_hit": null,
      "multi_kills": null,
      "net_worth": 4971,
      "obs": null,
      "obs_left_log": null,
      "obs_log": null,
      "obs_placed": null,
      "party_id": 3,
      "party_size": 3,
      "performance_others": null,
      "permanent_buffs": [],
      "pings": null,
      "pred_vict": null,
      "purchase": null,
      "purchase_log": null,
      "randomed": null,
      "repicked": null,
      "roshans_killed": null,
      "rune_pickups": null,
      "runes": null,
      "runes_log": null,
      "sen": null,
      "sen_left_log": null,
      "sen_log": null,
      "sen_placed": null,
      "stuns": null,
      "teamfight_participation": null,
      "times": null,
      "tower_damage": 0,
      "towers_killed": null,
      "xp_per_min": 556,
      "xp_reasons": null,
      "xp_t": null,
      "start_time": 1669911519,
      "duration": 924,
      "cluster": 274,
      "lobby_type": 0,
      "game_mode": 23,
      "is_contributor": false,
      "patch": 51,
      "region": 3,
      "isRadiant": false,
      "total_gold": 4204,
      "total_xp": 8562,
      "kda": 0,
      "abandons": 0,
      "rank_tier": null,
      "is_subscriber": false,
      "cosmetics": [],
      "benchmarks": {
        "gold_per_min": {
          "raw": 273,
          "pct": 0.2
        },
        "xp_per_min": {
          "raw": 556,
          "pct": 0.5
        },
        "kills_per_min": {
          "raw": 0,
          "pct": 0.05
        },
        "last_hits_per_min": {
          "raw": 0.5844155844155844,
          "pct": 0.05
        },
        "hero_damage_per_min": {
          "raw": 170.25974025974025,
          "pct": 0.05
        },
        "hero_healing_per_min": {
          "raw": 0,
          "pct": 0.05
        },
        "tower_damage": {
          "raw": 0,
          "pct": 0.1
        },
        "stuns_per_min": {
          "raw": 0,
          "pct": 0.8
        },
        "lhten": {}
      }
    },
    {
      "player_slot": 130,
      "ability_targets": null,
      "ability_upgrades_arr": [
        5298,
        5297,
        5299,
        5298,
        5299,
        5300,
        5298,
        5299,
        5298,
        5299,
        5300,
        481,
        5297,
        5297,
        6661,
        5297
      ],
      "ability_uses": null,
      "actions": null,
      "additional_units": null,
      "assists": 4,
      "backpack_0": 0,
      "backpack_1": 0,
      "backpack_2": 0,
      "backpack_3": null,
      "buyback_log": null,
      "camps_stacked": null,
      "connection_log": null,
      "creeps_stacked": null,
      "damage": null,
      "damage_inflictor": null,
      "damage_inflictor_received": null,
      "damage_taken": null,
      "damage_targets": null,
      "deaths": 7,
      "denies": 0,
      "dn_t": null,
      "firstblood_claimed": null,
      "gold": 1127,
      "gold_per_min": 405,
      "gold_reasons": null,
      "gold_spent": 5705,
      "gold_t": null,
      "hero_damage": 10554,
      "hero_healing": 0,
      "hero_hits": null,
      "hero_id": 64,
      "item_0": 180,
      "item_1": 232,
      "item_2": 44,
      "item_3": 19,
      "item_4": 0,
      "item_5": 0,
      "item_neutral": 947,
      "item_uses": null,
      "kill_streaks": null,
      "killed": null,
      "killed_by": null,
      "kills": 1,
      "kills_log": null,
      "lane_pos": null,
      "last_hits": 25,
      "leaver_status": 0,
      "level": 16,
      "lh_t": null,
      "life_state": null,
      "max_hero_hit": null,
      "multi_kills": null,
      "net_worth": 6642,
      "obs": null,
      "obs_left_log": null,
      "obs_log": null,
      "obs_placed": null,
      "party_id": 3,
      "party_size": 3,
      "performance_others": null,
      "permanent_buffs": [
        {
          "permanent_buff": 12,
          "stack_count": 0,
          "grant_time": 940
        }
      ],
      "pings": null,
      "pred_vict": null,
      "purchase": null,
      "purchase_log": null,
      "randomed": null,
      "repicked": null,
      "roshans_killed": null,
      "rune_pickups": null,
      "runes": null,
      "runes_log": null,
      "sen": null,
      "sen_left_log": null,
      "sen_log": null,
      "sen_placed": null,
      "stuns": null,
      "teamfight_participation": null,
      "times": null,
      "tower_damage": 70,
      "towers_killed": null,
      "xp_per_min": 914,
      "xp_reasons": null,
      "xp_t": null,
      "start_time": 1669911519,
      "duration": 924,
      "cluster": 274,
      "lobby_type": 0,
      "game_mode": 23,
      "is_contributor": false,
      "patch": 51,
      "region": 3,
      "isRadiant": false,
      "total_gold": 6237,
      "total_xp": 14075,
      "kills_per_min": 0.06493506493506493,
      "kda": 0,
      "abandons": 0,
      "rank_tier": null,
      "is_subscriber": false,
      "cosmetics": [],
      "benchmarks": {
        "gold_per_min": {
          "raw": 405,
          "pct": 0.8833333333333333
        },
        "xp_per_min": {
          "raw": 914,
          "pct": 0.9666666666666667
        },
        "kills_per_min": {
          "raw": 0.06493506493506493,
          "pct": 0.31666666666666665
        },
        "last_hits_per_min": {
          "raw": 1.6233766233766234,
          "pct": 0.5666666666666667
        },
        "hero_damage_per_min": {
          "raw": 685.3246753246752,
          "pct": 0.85
        },
        "hero_healing_per_min": {
          "raw": 0,
          "pct": 0.7
        },
        "tower_damage": {
          "raw": 70,
          "pct": 0.11666666666666667
        },
        "stuns_per_min": {
          "raw": 0,
          "pct": 0.016666666666666666
        },
        "lhten": {}
      }
    },
    {
      "player_slot": 131,
      "ability_targets": null,
      "ability_upgrades_arr": [
        5024,
        5023,
        5025,
        5024,
        5025,
        5026,
        5025,
        5025,
        5024,
        5024,
        5023,
        5026,
        5023,
        5023,
        706,
        858
      ],
      "ability_uses": null,
      "actions": null,
      "additional_units": null,
      "assists": 2,
      "backpack_0": 0,
      "backpack_1": 0,
      "backpack_2": 0,
      "backpack_3": null,
      "buyback_log": null,
      "camps_stacked": null,
      "connection_log": null,
      "creeps_stacked": null,
      "damage": null,
      "damage_inflictor": null,
      "damage_inflictor_received": null,
      "damage_taken": null,
      "damage_targets": null,
      "deaths": 11,
      "denies": 2,
      "dn_t": null,
      "firstblood_claimed": null,
      "gold": 222,
      "gold_per_min": 523,
      "gold_reasons": null,
      "gold_spent": 8440,
      "gold_t": null,
      "hero_damage": 9019,
      "hero_healing": 390,
      "hero_hits": null,
      "hero_id": 7,
      "item_0": 215,
      "item_1": 180,
      "item_2": 149,
      "item_3": 485,
      "item_4": 1,
      "item_5": 0,
      "item_neutral": 945,
      "item_uses": null,
      "kill_streaks": null,
      "killed": null,
      "killed_by": null,
      "kills": 3,
      "kills_log": null,
      "lane_pos": null,
      "last_hits": 41,
      "leaver_status": 0,
      "level": 16,
      "lh_t": null,
      "life_state": null,
      "max_hero_hit": null,
      "multi_kills": null,
      "net_worth": 7822,
      "obs": null,
      "obs_left_log": null,
      "obs_log": null,
      "obs_placed": null,
      "party_id": 4,
      "party_size": 1,
      "performance_others": null,
      "permanent_buffs": [],
      "pings": null,
      "pred_vict": null,
      "purchase": null,
      "purchase_log": null,
      "randomed": null,
      "repicked": null,
      "roshans_killed": null,
      "rune_pickups": null,
      "runes": null,
      "runes_log": null,
      "sen": null,
      "sen_left_log": null,
      "sen_log": null,
      "sen_placed": null,
      "stuns": null,
      "teamfight_participation": null,
      "times": null,
      "tower_damage": 0,
      "towers_killed": null,
      "xp_per_min": 910,
      "xp_reasons": null,
      "xp_t": null,
      "start_time": 1669911519,
      "duration": 924,
      "cluster": 274,
      "lobby_type": 0,
      "game_mode": 23,
      "is_contributor": false,
      "patch": 51,
      "region": 3,
      "isRadiant": false,
      "total_gold": 8054,
      "total_xp": 14014,
      "kills_per_min": 0.19480519480519481,
      "kda": 0,
      "abandons": 0,
      "rank_tier": null,
      "is_subscriber": false,
      "cosmetics": [],
      "benchmarks": {
        "gold_per_min": {
          "raw": 523,
          "pct": 0.8333333333333334
        },
        "xp_per_min": {
          "raw": 910,
          "pct": 0.9666666666666667
        },
        "kills_per_min": {
          "raw": 0.19480519480519481,
          "pct": 0.7
        },
        "last_hits_per_min": {
          "raw": 2.6623376623376624,
          "pct": 0.5
        },
        "hero_damage_per_min": {
          "raw": 585.6493506493506,
          "pct": 0.6333333333333333
        },
        "hero_healing_per_min": {
          "raw": 25.324675324675322,
          "pct": 1
        },
        "tower_damage": {
          "raw": 0,
          "pct": 0.13333333333333333
        },
        "stuns_per_min": {
          "raw": 0,
          "pct": 0
        },
        "lhten": {}
      }
    },
    {
      "player_slot": 132,
      "ability_targets": null,
      "ability_upgrades_arr": [
        5019,
        343,
        5019,
        343,
        343,
        5022,
        5632,
        343,
        5019,
        5019,
        6209,
        5022,
        730,
        5632,
        5632,
        486
      ],
      "ability_uses": null,
      "actions": null,
      "additional_units": null,
      "assists": 0,
      "backpack_0": 0,
      "backpack_1": 0,
      "backpack_2": 0,
      "backpack_3": null,
      "buyback_log": null,
      "camps_stacked": null,
      "connection_log": null,
      "creeps_stacked": null,
      "damage": null,
      "damage_inflictor": null,
      "damage_inflictor_received": null,
      "damage_taken": null,
      "damage_targets": null,
      "deaths": 4,
      "denies": 6,
      "dn_t": null,
      "firstblood_claimed": null,
      "gold": 978,
      "gold_per_min": 640,
      "gold_reasons": null,
      "gold_spent": 9815,
      "gold_t": null,
      "hero_damage": 6326,
      "hero_healing": 0,
      "hero_hits": null,
      "hero_id": 6,
      "item_0": 236,
      "item_1": 147,
      "item_2": 63,
      "item_3": 75,
      "item_4": 0,
      "item_5": 36,
      "item_neutral": 349,
      "item_uses": null,
      "kill_streaks": null,
      "killed": null,
      "killed_by": null,
      "kills": 3,
      "kills_log": null,
      "lane_pos": null,
      "last_hits": 46,
      "leaver_status": 0,
      "level": 16,
      "lh_t": null,
      "life_state": null,
      "max_hero_hit": null,
      "multi_kills": null,
      "net_worth": 10033,
      "obs": null,
      "obs_left_log": null,
      "obs_log": null,
      "obs_placed": null,
      "party_id": 5,
      "party_size": 1,
      "performance_others": null,
      "permanent_buffs": [],
      "pings": null,
      "pred_vict": null,
      "purchase": null,
      "purchase_log": null,
      "randomed": null,
      "repicked": null,
      "roshans_killed": null,
      "rune_pickups": null,
      "runes": null,
      "runes_log": null,
      "sen": null,
      "sen_left_log": null,
      "sen_log": null,
      "sen_placed": null,
      "stuns": null,
      "teamfight_participation": null,
      "times": null,
      "tower_damage": 0,
      "towers_killed": null,
      "xp_per_min": 1007,
      "xp_reasons": null,
      "xp_t": null,
      "start_time": 1669911519,
      "duration": 924,
      "cluster": 274,
      "lobby_type": 0,
      "game_mode": 23,
      "is_contributor": false,
      "patch": 51,
      "region": 3,
      "isRadiant": false,
      "total_gold": 9856,
      "total_xp": 15507,
      "kills_per_min": 0.19480519480519481,
      "kda": 0,
      "abandons": 0,
      "rank_tier": null,
      "is_subscriber": false,
      "cosmetics": [],
      "benchmarks": {
        "gold_per_min": {
          "raw": 640,
          "pct": 0.5897435897435898
        },
        "xp_per_min": {
          "raw": 1007,
          "pct": 1
        },
        "kills_per_min": {
          "raw": 0.19480519480519481,
          "pct": 0.41025641025641024
        },
        "last_hits_per_min": {
          "raw": 2.987012987012987,
          "pct": 0
        },
        "hero_damage_per_min": {
          "raw": 410.7792207792208,
          "pct": 0.07692307692307693
        },
        "hero_healing_per_min": {
          "raw": 0,
          "pct": 0.9743589743589743
        },
        "tower_damage": {
          "raw": 0,
          "pct": 0.10256410256410256
        },
        "stuns_per_min": {
          "raw": 0,
          "pct": 0.9487179487179487
        },
        "lhten": {}
      }
    }
  ],
  "patch": 51,
  "region": 3
}