{
  "chat": null,
  "cluster": 191,
  "cosmetics": null,
  "dire_score": 56,
  "dire_team_id": null,
  "draft_timings": null,
  "duration": 2073,
  "engine": 1,
  "first_blood_time": 21,
  "game_mode": 22,
  "human_players": 10,
  "leagueid": 0,
  "lobby_type": 7,
  "match_seq_num": 5780352316,
  "negative_votes": 0,
  "objectives": null,
  "picks_bans": [
    {
      "is_pick": true,
      "hero_id": 5,
      "team": 1,
      "order": 0
    },
    {
      "is_pick": true,
      "hero_id": 84,
      "team": 1,
      "order": 1
    },
    {
      "is_pick": true,
      "hero_id": 100,
      "team": 0,
      "order": 2
    },
    {
      "is_pick": true,
      "hero_id": 75,
      "team": 0,
      "order": 3
    },
    {
      "is_pick": true,
      "hero_id": 21,
      "team": 0,
      "order": 4
    },
    {
      "is_pick": true,
      "hero_id": 51,
      "team": 1,
      "order": 5
    },
    {
      "is_pick": true,
      "hero_id": 18,
      "team": 0,
      "order": 6
    },
    {
      "is_pick": true,
      "hero_id": 12,
      "team": 1,
      "order": 7
    },
    {
      "is_pick": true,
      "hero_id": 11,
      "team": 1,
      "order": 8
    },
    {
      "is_pick": true,
      "hero_id": 94,
      "team": 0,
      "order": 9
    },
    {
      "is_pick": true,
      "hero_id": 25,
      "team": 1,
      "order": 10
    },
    {
      "is_pick": false,
      "hero_id": 114,
      "team": 0,
      "order": 11
    },
    {
      "is_pick": false,
      "hero_id": 104,
      "team": 0,
      "order": 12
    },
    {
      "is_pick": false,
      "hero_id": 10,
      "team": 0,
      "order": 13
    },
    {
      "is_pick": false,
      "hero_id": 47,
      "team": 0,
      "order": 14
    },
    {
      "is_pick": false,
      "hero_id": 99,
      "team": 0,
      "order": 15
    }
  ],
  "positive_votes": 0,
  "radiant_gold_adv": null,
  "radiant_score": 21,
  "radiant_team_id": null,
  "radiant_xp_adv": null,
  "skill": null,
  "start_time": 1669911953,
  "teamfights": null,
  "version": null,
  "replay_salt": 1745685604,
  "series_id": 0,
  "series_type": 0,
  "players": [
    {
      "player_slot": 0,
      "ability_targets": null,
      "ability_upgrades_arr": [
        5377,
        5379,
        5377,
        5379,
        5377,
        5380,
        5377,
        5379,
        5379,
        5378,
        5378,
        5906,
        5380,
        5378
      ],
      "ability_uses": null,
      "actions": null,
      "additional_units": null,
      "assists": 9,
      "backpack_0": 0,
      "backpack_1": 0,
      "backpack_2": 0,
      "backpack_3": null,
      "buyback_log": null,
      "camps_stacked": null,
      "connection_log": null,
      "creeps_stacked": null,
      "damage": null,
      "damage_inflictor": null,
      "damage_inflictor_received": null,
      "damage_taken": null,
      "damage_targets": null,
      "deaths": 12,
      "denies": 0,
      "dn_t": null,
      "firstblood_claimed": null,
      "gold": 953,
      "gold_per_min": 304,
      "gold_reasons": null,
      "gold_spent": 8500,
      "gold_t": null,
      "hero_damage": 17930,
      "hero_healing": 195,
      "hero_hits": null,
      "hero_id": 75,
      "item_0": 102,
      "item_1": 63,
      "item_2": 236,
      "item_3": 218,
      "item_4": 77,
      "item_5": 181,
      "item_neutral": 357,
      "item_uses": null,
      "kill_streaks": null,
      "killed": null,
      "killed_by": null,
      "kills": 5,
      "kills_log": null,
      "lane_pos": null,
      "last_hits": 34,
      "leaver_status": 0,
      "level": 14,
      "lh_t": null,
      "life_state": null,
      "max_hero_hit": null,
      "multi_kills": null,
      "net_worth": 7433,
      "obs": null,
      "obs_left_log": null,
      "obs_log": null,
      "obs_placed": null,
      "party_id": 0,
      "party_size": 1,
      "performance_others": null,
      "permanent_buffs": [
        {
          "permanent_buff": 3,
          "stack_count": 8,
          "grant_time": 1663
        }
      ],
      "pings": null,
      "pred_vict": null,
      "purchase": null,
      "purchase_log": null,
      "randomed": null,
      "repicked": null,
      "roshans_killed": null,
      "rune_pickups": null,
      "runes": null,
      "runes_log": null,
      "sen": null,
      "sen_left_log": null,
      "sen_log": null,
      "sen_placed": null,
      "stuns": null,
      "teamfight_participation": null,
      "times": null,
      "tower_damage": 0,
      "towers_killed": null,
      "xp_per_min": 352,
      "xp_reasons": null,
      "xp_t": null,
      "personaname": "sebirozy",
      "name": null,
      "last_login": null,
      "start_time": 1669911953,
      "duration": 2073,
      "cluster": 191,
      "lobby_type": 7,
      "game_mode": 22,
      "is_contributor": false,
      "patch": 51,
      "region": 9,
      "isRadiant": true,
      "total_gold": 10503,
      "total_xp": 12161,
      "kills_per_min": 0.14471780028943562,
      "kda": 1,
      "abandons": 0,
      "rank_tier": 21,
      "is_subscriber": false,
      "cosmetics": [],
      "benchmarks": {
        "gold_per_min": {
          "raw": 304,
          "pct": 0.509090909090909
        },
        "xp_per_min": {
          "raw": 352,
          "pct": 0.2909090909090909
        },
        "kills_per_min": {
          "raw": 0.1447178002894356,
          "pct": 0.6181818181818182
        },
        "last_hits_per_min": {
          "raw": 0.984081041968162,
          "pct": 0.2727272727272727
        },
        "hero_damage_per_min": {
          "raw": 518.9580318379161,
          "pct": 0.5818181818181818
        },
        "hero_healing_per_min": {
          "raw": 5.643994211287988,
          "pct": 0.9272727272727272
        },
        "tower_damage": {
          "raw": 0,
          "pct": 0.2909090909090909
        },
        "stuns_per_min": {
          "raw": 0,
          "pct": 0.8727272727272727
        },
        "lhten": {}
      }
    },
    {
      "player_slot": 1,
      "ability_targets": null,
      "ability_upgrades_arr": [
        5505,
        5506,
        5505,
        5504,
        5506,
        5505,
        5504,
        5505,
        5504,
        5504,
        5507,
        920,
        5506,
        5506,
        6392,
        5507,
        5507
      ],
      "ability_uses": null,
      "actions": null,
      "additional_units": null,
      "assists": 8,
      "backpack_0": 11,
      "backpack_1": 0,
      "backpack_2": 0,
      "backpack_3": null,
      "buyback_log": null,
      "camps_stacked": null,
      "connection_log": null,
      "creeps_stacked": null,
      "damage": null,
      "damage_inflictor": null,
      "damage_inflictor_received": null,
      "damage_taken": null,
      "damage_targets": null,
      "deaths": 7,
      "denies": 7,
      "dn_t": null,
      "firstblood_claimed": null,
      "gold": 2166,
      "gold_per_min": 452,
      "gold_reasons": null,
      "gold_spent": 11195,
      "gold_t": null,
      "hero_damage": 21923,
      "hero_healing": 0,
      "hero_hits": null,
      "hero_id": 94,
      "item_0": 63,
      "item_1": 36,
      "item_2": 147,
      "item_3": 75,
      "item_4": 236,
      "item_5": 24,
      "item_neutral": 1076,
      "item_uses": null,
      "kill_streaks": null,
      "killed": null,
      "killed_by": null,
      "kills": 2,
      "kills_log": null,
      "lane_pos": null,
      "last_hits": 185,
      "leaver_status": 0,
      "level": 19,
      "lh_t": null,
      "life_state": null,
      "max_hero_hit": null,
      "multi_kills": null,
      "net_worth": 13271,
      "obs": null,
      "obs_left_log": null,
      "obs_log": null,
      "obs_placed": null,
      "party_id": 1,
      "party_size": 1,
      "performance_others": null,
      "permanent_buffs": [],
      "pings": null,
      "pred_vict": null,
      "purchase": null,
      "purchase_log": null,
      "randomed": null,
      "repicked": null,
      "roshans_killed": null,
      "rune_pickups": null,
      "runes": null,
      "runes_log": null,
      "sen": null,
      "sen_left_log": null,
      "sen_log": null,
      "sen_placed": null,
      "stuns": null,
      "teamfight_participation": null,
      "times": null,
      "tower_damage": 780,
      "towers_killed": null,
      "xp_per_min": 568,
      "xp_reasons": null,
      "xp_t": null,
      "personaname": "Dj4Ks",
      "name": null,
      "last_login": null,
      "start_time": 1669911953,
      "duration": 2073,
      "cluster": 191,
      "lobby_type": 7,
      "game_mode": 22,
      "is_contributor": false,
      "patch": 51,
      "region": 9,
      "isRadiant": true,
      "total_gold": 15616,
      "total_xp": 19624,
      "kills_per_min": 0.057887120115774245,
      "kda": 1,
      "abandons": 0,
      "rank_tier": 21,
      "is_subscriber": false,
      "cosmetics": [],
      "benchmarks": {
        "gold_per_min": {
          "raw": 452,
          "pct": 0.2
        },
        "xp_per_min": {
          "raw": 568,
          "pct": 0.4
        },
        "kills_per_min": {
          "raw": 0.057887120115774245,
          "pct": 0.2
        },
        "last_hits_per_min": {
          "raw": 5.354558610709118,
          "pct": 0
        },
        "hero_damage_per_min": {
          "raw": 634.5296671490594,
          "pct": 0.4
        },
        "hero_healing_per_min": {
          "raw": 0,
          "pct": 1
        },
        "tower_damage": {
          "raw": 780,
          "pct": 0.2
        },
        "stuns_per_min": {
          "raw": 0,
          "pct": 0.2
        },
        "lhten": {}
      }
    },
    {
      "player_slot": 2,
      "ability_targets": null,
      "ability_upgrades_arr": [
        7322,
        5565,
        5565,
        5566,
        5565,
        5568,
        5565,
        5566,
        5566,
        414,
        5566,
        5568,
        7322,
        7322
      ],
      "ability_uses": null,
      "actions": null,
      "additional_units": null,
      "assists": 10,
      "backpack_0": 0,
      "backpack_1": 0,
      "backpack_2": 0,
      "backpack_3": null,
      "buyback_log": null,
      "camps_stacked": null,
      "connection_log": null,
      "creeps_stacked": null,
      "damage": null,
      "damage_inflictor": null,
      "damage_inflictor_received": null,
      "damage_taken": null,
      "damage_targets": null,
      "deaths": 14,
      "denies": 2,
      "dn_t": null,
      "firstblood_claimed": null,
      "gold": 1946,
      "gold_per_min": 258,
      "gold_reasons": null,
      "gold_spent": 6435,
      "gold_t": null,
      "hero_damage": 13535,
      "hero_healing": 0,
      "hero_hits": null,
      "hero_id": 100,
      "item_0": 1,
      "item_1": 50,
      "item_2": 42,
      "item_3": 181,
      "item_4": 36,
      "item_5": 188,
      "item_neutral": 840,
      "item_uses": null,
      "kill_streaks": null,
      "killed": null,
      "killed_by": null,
      "kills": 3,
      "kills_log": null,
      "lane_pos": null,
      "last_hits": 21,
      "leaver_status": 0,
      "level": 14,
      "lh_t": null,
      "life_state": null,
      "max_hero_hit": null,
      "multi_kills": null,
      "net_worth": 6571,
      "obs": null,
      "obs_left_log": null,
      "obs_log": null,
      "obs_placed": null,
      "party_id": 2,
      "party_size": 1,
      "performance_others": null,
      "permanent_buffs": [],
      "pings": null,
      "pred_vict": null,
      "purchase": null,
      "purchase_log": null,
      "randomed": null,
      "repicked": null,
      "roshans_killed": null,
      "rune_pickups": null,
      "runes": null,
      "runes_log": null,
      "sen": null,
      "sen_left_log": null,
      "sen_log": null,
      "sen_placed": null,
      "stuns": null,
      "teamfight_participation": null,
      "times": null,
      "tower_damage": 0,
      "towers_killed": null,
      "xp_per_min": 328,
      "xp_reasons": null,
      "xp_t": null,
      "personaname": "Slevin",
      "name": null,
      "last_login": null,
      "start_time": 1669911953,
      "duration": 2073,
      "cluster": 191,
      "lobby_type": 7,
      "game_mode": 22,
      "is_contributor": false,
      "patch": 51,
      "region": 9,
      "isRadiant": true,
      "total_gold": 8913,
      "total_xp": 11332,
      "kills_per_min": 0.08683068017366137,
      "kda": 0,
      "abandons": 0,
      "rank_tier": 14,
      "is_subscriber": false,
      "cosmetics": [],
      "benchmarks": {
        "gold_per_min": {
          "raw": 258,
          "pct": 0.22535211267605634
        },
        "xp_per_min": {
          "raw": 328,
          "pct": 0.09859154929577464
        },
        "kills_per_min": {
          "raw": 0.08683068017366136,
          "pct": 0.29577464788732394
        },
        "last_hits_per_min": {
          "raw": 0.6078147612156295,
          "pct": 0.1267605633802817
        },
        "hero_damage_per_min": {
          "raw": 391.7510853835022,
          "pct": 0.4647887323943662
        },
        "hero_healing_per_min": {
          "raw": 0,
          "pct": 0.7605633802816901
        },
        "tower_damage": {
          "raw": 0,
          "pct": 0.28169014084507044
        },
        "stuns_per_min": {
          "raw": 0,
          "pct": 0
        },
        "lhten": {}
      }
    },
    {
      "player_slot": 3,
      "ability_targets": null,
      "ability_upgrades_arr": [
        5094,
        5096,
        5094,
        5095,
        5095,
        5097,
        5095,
        5095,
        5096,
        6119,
        5096,
        5097,
        5096,
        5094,
        6911,
        5094,
        5097
      ],
      "ability_uses": null,
      "actions": null,
      "additional_units": null,
      "assists": 5,
      "backpack_0": 0,
      "backpack_1": 0,
      "backpack_2": 0,
      "backpack_3": null,
      "buyback_log": null,
      "camps_stacked": null,
      "connection_log": null,
      "creeps_stacked": null,
      "damage": null,
      "damage_inflictor": null,
      "damage_inflictor_received": null,
      "damage_taken": null,
      "damage_targets": null,
      "deaths": 10,
      "denies": 5,
      "dn_t": null,
      "firstblood_claimed": null,
      "gold": 316,
      "gold_per_min": 332,
      "gold_reasons": null,
      "gold_spent": 10945,
      "gold_t": null,
      "hero_damage": 12843,
      "hero_healing": 0,
      "hero_hits": null,
      "hero_id": 18,
      "item_0": 36,
      "item_1": 172,
      "item_2": 252,
      "item_3": 149,
      "item_4": 63,
      "item_5": 1,
      "item_neutral": 376,
      "item_uses": null,
      "kill_streaks": null,
      "killed": null,
      "killed_by": null,
      "kills": 3,
      "kills_log": null,
      "lane_pos": null,
      "last_hits": 127,
      "leaver_status": 0,
      "level": 18,
      "lh_t": null,
      "life_state": null,
      "max_hero_hit": null,
      "multi_kills": null,
      "net_worth": 10741,
      "obs": null,
      "obs_left_log": null,
      "obs_log": null,
      "obs_placed": null,
      "party_id": 3,
      "party_size": 1,
      "performance_others": null,
      "permanent_buffs": [
        {
          "permanent_buff": 6,
          "stack_count": 2,
          "grant_time": 907
        }
      ],
      "pings": null,
      "pred_vict": null,
      "purchase": null,
      "purchase_log": null,
      "randomed": null,
      "repicked": null,
      "roshans_killed": null,
      "rune_pickups": null,
      "runes": null,
      "runes_log": null,
      "sen": null,
      "sen_left_log": null,
      "sen_log": null,
      "sen_placed": null,
      "stuns": null,
      "teamfight_participation": null,
      "times": null,
      "tower_damage": 0,
      "towers_killed": null,
      "xp_per_min": 513,
      "xp_reasons": null,
      "xp_t": null,
      "start_time": 1669911953,
      "duration": 2073,
      "cluster": 191,
      "lobby_type": 7,
      "game_mode": 22,
      "is_contributor": false,
      "patch": 51,
      "region": 9,
      "isRadiant": true,
      "total_gold": 11470,
      "total_xp": 17724,
      "kills_per_min": 0.08683068017366137,
      "kda": 0,
      "abandons": 0,
      "rank_tier": null,
      "is_subscriber": false,
      "cosmetics": [],
      "benchmarks": {
        "gold_per_min": {
          "raw": 332,
          "pct": 0.1875
        },
        "xp_per_min": {
          "raw": 513,
          "pct": 0.1875
        },
        "kills_per_min": {
          "raw": 0.08683068017366136,
          "pct": 0.25
        },
        "last_hits_per_min": {
          "raw": 3.675832127351664,
          "pct": 0.1875
        },
        "hero_damage_per_min": {
          "raw": 371.7221418234443,
          "pct": 0.1875
        },
        "hero_healing_per_min": {
          "raw": 0,
          "pct": 1
        },
        "tower_damage": {
          "raw": 0,
          "pct": 0.125
        },
        "stuns_per_min": {
          "raw": 0,
          "pct": 0
        },
        "lhten": {}
      }
    },
    {
      "player_slot": 4,
      "ability_targets": null,
      "ability_upgrades_arr": [
        5131,
        5132,
        5131,
        5130,
        5131,
        5133,
        5131,
        5132,
        5132,
        5132,
        5130,
        5133,
        5130,
        5130,
        7890,
        6992,
        5133
      ],
      "ability_uses": null,
      "actions": null,
      "additional_units": null,
      "assists": 7,
      "backpack_0": 0,
      "backpack_1": 0,
      "backpack_2": 0,
      "backpack_3": null,
      "buyback_log": null,
      "camps_stacked": null,
      "connection_log": null,
      "creeps_stacked": null,
      "damage": null,
      "damage_inflictor": null,
      "damage_inflictor_received": null,
      "damage_taken": null,
      "damage_targets": null,
      "deaths": 13,
      "denies": 8,
      "dn_t": null,
      "firstblood_claimed": null,
      "gold": 1817,
      "gold_per_min": 387,
      "gold_reasons": null,
      "gold_spent": 9895,
      "gold_t": null,
      "hero_damage": 14196,
      "hero_healing": 0,
      "hero_hits": null,
      "hero_id": 21,
      "item_0": 50,
      "item_1": 77,
      "item_2": 36,
      "item_3": 166,
      "item_4": 1,
      "item_5": 149,
      "item_neutral": 306,
      "item_uses": null,
      "kill_streaks": null,
      "killed": null,
      "killed_by": null,
      "kills": 5,
      "kills_log": null,
      "lane_pos": null,
      "last_hits": 115,
      "leaver_status": 0,
      "level": 18,
      "lh_t": null,
      "life_state": null,
      "max_hero_hit": null,
      "multi_kills": null,
      "net_worth": 11372,
      "obs": null,
      "obs_left_log": null,
      "obs_log": null,
      "obs_placed": null,
      "party_id": 4,
      "party_size": 1,
      "performance_others": null,
      "permanent_buffs": [],
      "pings": null,
      "pred_vict": null,
      "purchase": null,
      "purchase_log": null,
      "randomed": null,
      "repicked": null,
      "roshans_killed": null,
      "rune_pickups": null,
      "runes": null,
      "runes_log": null,
      "sen": null,
      "sen_left_log": null,
      "sen_log": null,
      "sen_placed": null,
      "stuns": null,
      "teamfight_participation": null,
      "times": null,
      "tower_damage": 1384,
      "towers_killed": null,
      "xp_per_min": 537,
      "xp_reasons": null,
      "xp_t": null,
      "start_time": 1669911953,
      "duration": 2073,
      "cluster": 191,
      "lobby_type": 7,
      "game_mode": 22,
      "is_contributor": false,
      "patch": 51,
      "region": 9,
      "isRadiant": true,
      "total_gold": 13370,
      "total_xp": 18553,
      "kills_per_min": 0.14471780028943562,
      "kda": 0,
      "abandons": 0,
      "rank_tier": null,
      "is_subscriber": false,
      "cosmetics": [],
      "benchmarks": {
        "gold_per_min": {
          "raw": 387,
          "pct": 0.2
        },
        "xp_per_min": {
          "raw": 537,
          "pct": 0.275
        },
        "kills_per_min": {
          "raw": 0.1447178002894356,
          "pct": 0.2
        },
        "last_hits_per_min": {
          "raw": 3.328509406657019,
          "pct": 0.3
        },
        "hero_damage_per_min": {
          "raw": 410.8827785817656,
          "pct": 0.2
        },
        "hero_healing_per_min": {
          "raw": 0,
          "pct": 0.825
        },
        "tower_damage": {
          "raw": 1384,
          "pct": 0.35
        },
        "stuns_per_min": {
          "raw": 0,
          "pct": 0
        },
        "lhten": {}
      }
    },
    {
      "player_slot": 128,
      "ability_targets": null,
      "ability_upgrades_arr": [
        5237,
        5238,
        5237,
        5238,
        5237,
        5240,
        5237,
        5239,
        5239,
        5238,
        5238,
        5239,
        5240,
        5239,
        6512,
        850,
        5240,
        6364
      ],
      "ability_uses": null,
      "actions": null,
      "additional_units": null,
      "assists": 10,
      "backpack_0": 0,
      "backpack_1": 0,
      "backpack_2": 0,
      "backpack_3": null,
      "buyback_log": null,
      "camps_stacked": null,
      "connection_log": null,
      "creeps_stacked": null,
      "damage": null,
      "damage_inflictor": null,
      "damage_inflictor_received": null,
      "damage_taken": null,
      "damage_targets": null,
      "deaths": 6,
      "denies": 26,
      "dn_t": null,
      "firstblood_claimed": null,
      "gold": 490,
      "gold_per_min": 590,
      "gold_reasons": null,
      "gold_spent": 19450,
      "gold_t": null,
      "hero_damage": 20848,
      "hero_healing": 0,
      "hero_hits": null,
      "hero_id": 51,
      "item_0": 73,
      "item_1": 127,
      "item_2": 50,
      "item_3": 114,
      "item_4": 154,
      "item_5": 137,
      "item_neutral": 834,
      "item_uses": null,
      "kill_streaks": null,
      "killed": null,
      "killed_by": null,
      "kills": 10,
      "kills_log": null,
      "lane_pos": null,
      "last_hits": 221,
      "leaver_status": 0,
      "level": 22,
      "lh_t": null,
      "life_state": null,
      "max_hero_hit": null,
      "multi_kills": null,
      "net_worth": 18745,
      "obs": null,
      "obs_left_log": null,
      "obs_log": null,
      "obs_placed": null,
      "party_id": 5,
      "party_size": 1,
      "performance_others": null,
      "permanent_buffs": [
        {
          "permanent_buff": 6,
          "stack_count": 2,
          "grant_time": 919
        }
      ],
      "pings": null,
      "pred_vict": null,
      "purchase": null,
      "purchase_log": null,
      "randomed": null,
      "repicked": null,
      "roshans_killed": null,
      "rune_pickups": null,
      "runes": null,
      "runes_log": null,
      "sen": null,
      "sen_left_log": null,
      "sen_log": null,
      "sen_placed": null,
      "stuns": null,
      "teamfight_participation": null,
      "times": null,
      "tower_damage": 8681,
      "towers_killed": null,
      "xp_per_min": 778,
      "xp_reasons": null,
      "xp_t": null,
      "start_time": 1669911953,
      "duration": 2073,
      "cluster": 191,
      "lobby_type": 7,
      "game_mode": 22,
      "is_contributor": false,
      "patch": 51,
      "region": 9,
      "isRadiant": false,
      "total_gold": 20384,
      "total_xp": 26879,
      "kills_per_min": 0.28943560057887124,
      "kda": 2,
      "abandons": 0,
      "rank_tier": null,
      "is_subscriber": false,
      "cosmetics": [],
      "benchmarks": {
        "gold_per_min": {
          "raw": 590,
          "pct": 1
        },
        "xp_per_min": {
          "raw": 778,
          "pct": 0.9545454545454546
        },
        "kills_per_min": {
          "raw": 0.2894356005788712,
          "pct": 0.9318181818181818
        },
        "last_hits_per_min": {
          "raw": 6.396526772793053,
          "pct": 1
        },
        "hero_damage_per_min": {
          "raw": 603.4153400868306,
          "pct": 0.8636363636363636
        },
        "hero_healing_per_min": {
          "raw": 0,
          "pct": 0.8181818181818182
        },
        "tower_damage": {
          "raw": 8681,
          "pct": 0.9772727272727273
        },
        "stuns_per_min": {
          "raw": 0,
          "pct": 0
        },
        "lhten": {}
      }
    },
    {
      "player_slot": 129,
      "ability_targets": null,
      "ability_upgrades_arr": [
        5439,
        5438,
        5439,
        5440,
        5439,
        5441,
        5439,
        5440,
        5440,
        403,
        5440,
        5441,
        5438,
        5438,
        5438,
        5903,
        5441,
        6708
      ],
      "ability_uses": null,
      "actions": null,
      "additional_units": null,
      "assists": 27,
      "backpack_0": 0,
      "backpack_1": 0,
      "backpack_2": 0,
      "backpack_3": null,
      "buyback_log": null,
      "camps_stacked": null,
      "connection_log": null,
      "creeps_stacked": null,
      "damage": null,
      "damage_inflictor": null,
      "damage_inflictor_received": null,
      "damage_taken": null,
      "damage_targets": null,
      "deaths": 1,
      "denies": 15,
      "dn_t": null,
      "firstblood_claimed": null,
      "gold": 2606,
      "gold_per_min": 469,
      "gold_reasons": null,
      "gold_spent": 14985,
      "gold_t": null,
      "hero_damage": 28465,
      "hero_healing": 0,
      "hero_hits": null,
      "hero_id": 84,
      "item_0": 34,
      "item_1": 29,
      "item_2": 65,
      "item_3": 210,
      "item_4": 235,
      "item_5": 0,
      "item_neutral": 574,
      "item_uses": null,
      "kill_streaks": null,
      "killed": null,
      "killed_by": null,
      "kills": 4,
      "kills_log": null,
      "lane_pos": null,
      "last_hits": 74,
      "leaver_status": 0,
      "level": 21,
      "lh_t": null,
      "life_state": null,
      "max_hero_hit": null,
      "multi_kills": null,
      "net_worth": 15831,
      "obs": null,
      "obs_left_log": null,
      "obs_log": null,
      "obs_placed": null,
      "party_id": 6,
      "party_size": 1,
      "performance_others": null,
      "permanent_buffs": [
        {
          "permanent_buff": 6,
          "stack_count": 1,
          "grant_time": 1515
        },
        {
          "permanent_buff": 12,
          "stack_count": 0,
          "grant_time": 2231
        }
      ],
      "pings": null,
      "pred_vict": null,
      "purchase": null,
      "purchase_log": null,
      "randomed": null,
      "repicked": null,
      "roshans_killed": null,
      "rune_pickups": null,
      "runes": null,
      "runes_log": null,
      "sen": null,
      "sen_left_log": null,
      "sen_log": null,
      "sen_placed": null,
      "stuns": null,
      "teamfight_participation": null,
      "times": null,
      "tower_damage": 1048,
      "towers_killed": null,
      "xp_per_min": 738,
      "xp_reasons": null,
      "xp_t": null,
      "start_time": 1669911953,
      "duration": 2073,
      "cluster": 191,
      "lobby_type": 7,
      "game_mode": 22,
      "is_contributor": false,
      "patch": 51,
      "region": 9,
      "isRadiant": false,
      "total_gold": 16203,
      "total_xp": 25497,
      "kills_per_min": 0.11577424023154849,
      "kda": 15,
      "abandons": 0,
      "rank_tier": null,
      "is_subscriber": false,
      "cosmetics": [],
      "benchmarks": {
        "gold_per_min": {
          "raw": 469,
          "pct": 0.8333333333333334
        },
        "xp_per_min": {
          "raw": 738,
          "pct": 0.8055555555555556
        },
        "kills_per_min": {
          "raw": 0.11577424023154849,
          "pct": 0.6944444444444444
        },
        "last_hits_per_min": {
          "raw": 2.141823444283647,
          "pct": 0.7777777777777778
        },
        "hero_damage_per_min": {
          "raw": 823.8784370477568,
          "pct": 0.9722222222222222
        },
        "hero_healing_per_min": {
          "raw": 0,
          "pct": 0.8333333333333334
        },
        "tower_damage": {
          "raw": 1048,
          "pct": 0.75
        },
        "stuns_per_min": {
          "raw": 0,
          "pct": 0
        },
        "lhten": {}
      }
    },
    {
      "player_slot": 130,
      "ability_targets": null,
      "ability_upgrades_arr": [
        5127,
        5128,
        5127,
        5128,
        5127,
        5128,
        5129,
        5126,
        5128,
        5903,
        5127,
        5129,
        5126,
        5126,
        956,
        5126,
        5129
      ],
      "ability_uses": null,
      "actions": null,
      "additional_units": null,
      "assists": 18,
      "backpack_0": 0,
      "backpack_1": 0,
      "backpack_2": 0,
      "backpack_3": null,
      "buyback_log": null,
      "camps_stacked": null,
      "connection_log": null,
      "creeps_stacked": null,
      "damage": null,
      "damage_inflictor": null,
      "damage_inflictor_received": null,
      "damage_taken": null,
      "damage_targets": null,
      "deaths": 9,
      "denies": 1,
      "dn_t": null,
      "firstblood_claimed": null,
      "gold": 478,
      "gold_per_min": 366,
      "gold_reasons": null,
      "gold_spent": 13600,
      "gold_t": null,
      "hero_damage": 12592,
      "hero_healing": 252,
      "hero_hits": null,
      "hero_id": 5,
      "item_0": 102,
      "item_1": 254,
      "item_2": 1,
      "item_3": 0,
      "item_4": 0,
      "item_5": 214,
      "item_neutral": 675,
      "item_uses": null,
      "kill_streaks": null,
      "killed": null,
      "killed_by": null,
      "kills": 6,
      "kills_log": null,
      "lane_pos": null,
      "last_hits": 41,
      "leaver_status": 0,
      "level": 18,
      "lh_t": null,
      "life_state": null,
      "max_hero_hit": null,
      "multi_kills": null,
      "net_worth": 11203,
      "obs": null,
      "obs_left_log": null,
      "obs_log": null,
      "obs_placed": null,
      "party_id": 7,
      "party_size": 1,
      "performance_others": null,
      "permanent_buffs": [
        {
          "permanent_buff": 12,
          "stack_count": 0,
          "grant_time": 1701
        }
      ],
      "pings": null,
      "pred_vict": null,
      "purchase": null,
      "purchase_log": null,
      "randomed": null,
      "repicked": null,
      "roshans_killed": null,
      "rune_pickups": null,
      "runes": null,
      "runes_log": null,
      "sen": null,
      "sen_left_log": null,
      "sen_log": null,
      "sen_placed": null,
      "stuns": null,
      "teamfight_participation": null,
      "times": null,
      "tower_damage": 44,
      "towers_killed": null,
      "xp_per_min": 544,
      "xp_reasons": null,
      "xp_t": null,
      "start_time": 1669911953,
      "duration": 2073,
      "cluster": 191,
      "lobby_type": 7,
      "game_mode": 22,
      "is_contributor": false,
      "patch": 51,
      "region": 9,
      "isRadiant": false,
      "total_gold": 12645,
      "total_xp": 18795,
      "kills_per_min": 0.17366136034732274,
      "kda": 2,
      "abandons": 0,
      "rank_tier": null,
      "is_subscriber": false,
      "cosmetics": [],
      "benchmarks": {
        "gold_per_min": {
          "raw": 366,
          "pct": 0.925
        },
        "xp_per_min": {
          "raw": 544,
          "pct": 0.825
        },
        "kills_per_min": {
          "raw": 0.1736613603473227,
          "pct": 0.85
        },
        "last_hits_per_min": {
          "raw": 1.1866859623733719,
          "pct": 0.6
        },
        "hero_damage_per_min": {
          "raw": 364.4573082489146,
          "pct": 0.475
        },
        "hero_healing_per_min": {
          "raw": 7.293777134587555,
          "pct": 0.925
        },
        "tower_damage": {
          "raw": 44,
          "pct": 0.45
        },
        "stuns_per_min": {
          "raw": 0,
          "pct": 0.025
        },
        "lhten": {}
      }
    },
    {
      "player_slot": 131,
      "ability_targets": null,
      "ability_upgrades_arr": [
        5040,
        5042,
        5040,
        5042,
        5040,
        5043,
        5041,
        5040,
        5042,
        5960,
        5042,
        5043,
        5041,
        5041,
        6195,
        5041,
        5043,
        6313
      ],
      "ability_uses": null,
      "actions": null,
      "additional_units": null,
      "assists": 8,
      "backpack_0": 0,
      "backpack_1": 0,
      "backpack_2": 0,
      "backpack_3": null,
      "buyback_log": null,
      "camps_stacked": null,
      "connection_log": null,
      "creeps_stacked": null,
      "damage": null,
      "damage_inflictor": null,
      "damage_inflictor_received": null,
      "damage_taken": null,
      "damage_targets": null,
      "deaths": 5,
      "denies": 11,
      "dn_t": null,
      "firstblood_claimed": null,
      "gold": 4160,
      "gold_per_min": 692,
      "gold_reasons": null,
      "gold_spent": 18940,
      "gold_t": null,
      "hero_damage": 33586,
      "hero_healing": 0,
      "hero_hits": null,
      "hero_id": 25,
      "item_0": 249,
      "item_1": 36,
      "item_2": 41,
      "item_3": 156,
      "item_4": 116,
      "item_5": 48,
      "item_neutral": 288,
      "item_uses": null,
      "kill_streaks": null,
      "killed": null,
      "killed_by": null,
      "kills": 21,
      "kills_log": null,
      "lane_pos": null,
      "last_hits": 228,
      "leaver_status": 0,
      "level": 23,
      "lh_t": null,
      "life_state": null,
      "max_hero_hit": null,
      "multi_kills": null,
      "net_worth": 22335,
      "obs": null,
      "obs_left_log": null,
      "obs_log": null,
      "obs_placed": null,
      "party_id": 8,
      "party_size": 1,
      "performance_others": null,
      "permanent_buffs": [],
      "pings": null,
      "pred_vict": null,
      "purchase": null,
      "purchase_log": null,
      "randomed": null,
      "repicked": null,
      "roshans_killed": null,
      "rune_pickups": null,
      "runes": null,
      "runes_log": null,
      "sen": null,
      "sen_left_log": null,
      "sen_log": null,
      "sen_placed": null,
      "stuns": null,
      "teamfight_participation": null,
      "times": null,
      "tower_damage": 7862,
      "towers_killed": null,
      "xp_per_min": 899,
      "xp_reasons": null,
      "xp_t": null,
      "personaname": "Тяги Бархатные",
      "name": null,
      "last_login": null,
      "start_time": 1669911953,
      "duration": 2073,
      "cluster": 191,
      "lobby_type": 7,
      "game_mode": 22,
      "is_contributor": false,
      "patch": 51,
      "region": 9,
      "isRadiant": false,
      "total_gold": 23908,
      "total_xp": 31060,
      "kills_per_min": 0.6078147612156296,
      "kda": 4,
      "abandons": 0,
      "rank_tier": 22,
      "is_subscriber": false,
      "cosmetics": [],
      "benchmarks": {
        "gold_per_min": {
          "raw": 692,
          "pct": 0.8947368421052632
        },
        "xp_per_min": {
          "raw": 899,
          "pct": 0.9473684210526315
        },
        "kills_per_min": {
          "raw": 0.6078147612156295,
          "pct": 1
        },
        "last_hits_per_min": {
          "raw": 6.599131693198263,
          "pct": 0.3684210526315789
        },
        "hero_damage_per_min": {
          "raw": 972.0984081041969,
          "pct": 1
        },
        "hero_healing_per_min": {
          "raw": 0,
          "pct": 1
        },
        "tower_damage": {
          "raw": 7862,
          "pct": 0.8421052631578947
        },
        "stuns_per_min": {
          "raw": 0,
          "pct": 0
        },
        "lhten": {}
      }
    },
    {
      "player_slot": 132,
      "ability_targets": null,
      "ability_upgrades_arr": [
        5065,
        5068,
        5068,
        5066,
        5068,
        5067,
        5068,
        5065,
        5066,
        6400,
        5066,
        5067,
        5066,
        5065,
        563,
        5065,
        5067,
        6146,
        6850
      ],
      "ability_uses": null,
      "actions": null,
      "additional_units": null,
      "assists": 10,
      "backpack_0": 0,
      "backpack_1": 0,
      "backpack_2": 0,
      "backpack_3": null,
      "buyback_log": null,
      "camps_stacked": null,
      "connection_log": null,
      "creeps_stacked": null,
      "damage": null,
      "damage_inflictor": null,
      "damage_inflictor_received": null,
      "damage_taken": null,
      "damage_targets": null,
      "deaths": 0,
      "denies": 7,
      "dn_t": null,
      "firstblood_claimed": null,
      "gold": 1807,
      "gold_per_min": 726,
      "gold_reasons": null,
      "gold_spent": 23940,
      "gold_t": null,
      "hero_damage": 27247,
      "hero_healing": 0,
      "hero_hits": null,
      "hero_id": 12,
      "item_0": 250,
      "item_1": 174,
      "item_2": 147,
      "item_3": 63,
      "item_4": 208,
      "item_5": 36,
      "item_neutral": 828,
      "item_uses": null,
      "kill_streaks": null,
      "killed": null,
      "killed_by": null,
      "kills": 15,
      "kills_log": null,
      "lane_pos": null,
      "last_hits": 293,
      "leaver_status": 0,
      "level": 25,
      "lh_t": null,
      "life_state": null,
      "max_hero_hit": null,
      "multi_kills": null,
      "net_worth": 25407,
      "obs": null,
      "obs_left_log": null,
      "obs_log": null,
      "obs_placed": null,
      "party_id": 9,
      "party_size": 1,
      "performance_others": null,
      "permanent_buffs": [
        {
          "permanent_buff": 12,
          "stack_count": 0,
          "grant_time": 1868
        }
      ],
      "pings": null,
      "pred_vict": null,
      "purchase": null,
      "purchase_log": null,
      "randomed": null,
      "repicked": null,
      "roshans_killed": null,
      "rune_pickups": null,
      "runes": null,
      "runes_log": null,
      "sen": null,
      "sen_left_log": null,
      "sen_log": null,
      "sen_placed": null,
      "stuns": null,
      "teamfight_participation": null,
      "times": null,
      "tower_damage": 9392,
      "towers_killed": null,
      "xp_per_min": 1029,
      "xp_reasons": null,
      "xp_t": null,
      "start_time": 1669911953,
      "duration": 2073,
      "cluster": 191,
      "lobby_type": 7,
      "game_mode": 22,
      "is_contributor": false,
      "patch": 51,
      "region": 9,
      "isRadiant": false,
      "total_gold": 25083,
      "total_xp": 35551,
      "kills_per_min": 0.43415340086830684,
      "kda": 25,
      "abandons": 0,
      "rank_tier": null,
      "is_subscriber": false,
      "cosmetics": [],
      "benchmarks": {
        "gold_per_min": {
          "raw": 726,
          "pct": 1
        },
        "xp_per_min": {
          "raw": 1029,
          "pct": 1
        },
        "kills_per_min": {
          "raw": 0.4341534008683068,
          "pct": 1
        },
        "last_hits_per_min": {
          "raw": 8.480463096960925,
          "pct": 0.625
        },
        "hero_damage_per_min": {
          "raw": 788.6251808972504,
          "pct": 0.625
        },
        "hero_healing_per_min": {
          "raw": 0,
          "pct": 1
        },
        "tower_damage": {
          "raw": 9392,
          "pct": 0.875
        },
        "stuns_per_min": {
          "raw": 0,
          "pct": 0.625
        },
        "lhten": {}
      }
    }
  ],
  "patch": 51,
  "region": 9
}