{
  "chat": null,
  "cluster": 153,
  "cosmetics": null,
  "dire_score": 65,
  "dire_team_id": null,
  "draft_timings": null,
  "duration": 2571,
  "engine": 1,
  "first_blood_time": 104,
  "game_mode": 22,
  "human_players": 10,
  "leagueid": 0,
  "lobby_type": 0,
  "match_seq_num": 5780367628,
  "negative_votes": 0,
  "objectives": null,
  "picks_bans": [
    {
      "is_pick": true,
      "hero_id": 32,
      "team": 0,
      "order": 0
    },
    {
      "is_pick": true,
      "hero_id": 39,
      "team": 1,
      "order": 1
    },
    {
      "is_pick": true,
      "hero_id": 5,
      "team": 1,
      "order": 2
    },
    {
      "is_pick": true,
      "hero_id": 104,
      "team": 1,
      "order": 3
    },
    {
      "is_pick": true,
      "hero_id": 4,
      "team": 0,
      "order": 4
    },
    {
      "is_pick": true,
      "hero_id": 67,
      "team": 0,
      "order": 5
    },
    {
      "is_pick": true,
      "hero_id": 62,
      "team": 1,
      "order": 6
    },
    {
      "is_pick": true,
      "hero_id": 11,
      "team": 0,
      "order": 7
    },
    {
      "is_pick": true,
      "hero_id": 44,
      "team": 1,
      "order": 8
    },
    {
      "is_pick": false,
      "hero_id": 82,
      "team": 0,
      "order": 9
    },
    {
      "is_pick": false,
      "hero_id": 35,
      "team": 0,
      "order": 10
    }
  ],
  "positive_votes": 0,
  "radiant_gold_adv": null,
  "radiant_score": 51,
  "radiant_team_id": null,
  "radiant_xp_adv": null,
  "skill": null,
  "start_time": 1669912099,
  "teamfights": null,
  "version": null,
  "replay_salt": 582359525,
  "series_id": 0,
  "series_type": 0,
  "players": [
    {
      "player_slot": 0,
      "ability_targets": null,
      "ability_upgrades_arr": [
        5143,
        5145,
        5143,
        5142,
        5143,
        5144,
        5143,
        5142,
        5142,
        474,
        5142,
        5144,
        5145,
        5145,
        6865,
        5145,
        5144,
        795
      ],
      "ability_uses": null,
      "actions": null,
      "additional_units": null,
      "assists": 33,
      "backpack_0": 356,
      "backpack_1": 188,
      "backpack_2": 0,
      "backpack_3": null,
      "buyback_log": null,
      "camps_stacked": null,
      "connection_log": null,
      "creeps_stacked": null,
      "damage": null,
      "damage_inflictor": null,
      "damage_inflictor_received": null,
      "damage_taken": null,
      "damage_targets": null,
      "deaths": 13,
      "denies": 7,
      "dn_t": null,
      "firstblood_claimed": null,
      "gold": 2478,
      "gold_per_min": 297,
      "gold_reasons": null,
      "gold_spent": 8475,
      "gold_t": null,
      "hero_damage": 11557,
      "hero_healing": 195,
      "hero_hits": null,
      "hero_id": 32,
      "item_0": 218,
      "item_1": 39,
      "item_2": 36,
      "item_3": 180,
      "item_4": 216,
      "item_5": 100,
      "item_neutral": 289,
      "item_uses": null,
      "kill_streaks": null,
      "killed": null,
      "killed_by": null,
      "kills": 2,
      "kills_log": null,
      "lane_pos": null,
      "last_hits": 45,
      "leaver_status": 0,
      "level": 20,
      "lh_t": null,
      "life_state": null,
      "max_hero_hit": null,
      "multi_kills": null,
      "net_worth": 8603,
      "obs": null,
      "obs_left_log": null,
      "obs_log": null,
      "obs_placed": null,
      "party_id": 0,
      "party_size": 5,
      "performance_others": null,
      "permanent_buffs": [
        {
          "permanent_buff": 6,
          "stack_count": 1,
          "grant_time": 2037
        },
        {
          "permanent_buff": 12,
          "stack_count": 0,
          "grant_time": 1434
        }
      ],
      "pings": null,
      "pred_vict": null,
      "purchase": null,
      "purchase_log": null,
      "randomed": null,
      "repicked": null,
      "roshans_killed": null,
      "rune_pickups": null,
      "runes": null,
      "runes_log": null,
      "sen": null,
      "sen_left_log": null,
      "sen_log": null,
      "sen_placed": null,
      "stuns": null,
      "teamfight_participation": null,
      "times": null,
      "tower_damage": 0,
      "towers_killed": null,
      "xp_per_min": 524,
      "xp_reasons": null,
      "xp_t": null,
      "personaname": "I don't belong here",
      "name": null,
      "last_login": null,
      "start_time": 1669912099,
      "duration": 2571,
      "cluster": 153,
      "lobby_type": 0,
      "game_mode": 22,
      "is_contributor": false,
      "patch": 51,
      "region": 5,
      "isRadiant": true,
      "total_gold": 12726,
      "total_xp": 22453,
      "kills_per_min": 0.046674445740956826,
      "kda": 2,
      "abandons": 0,
      "rank_tier": 43,
      "is_subscriber": false,
      "cosmetics": [],
      "benchmarks": {
        "gold_per_min": {
          "raw": 297,
          "pct": 0.5625
        },
        "xp_per_min": {
          "raw": 524,
          "pct": 0.5
        },
        "kills_per_min": {
          "raw": 0.046674445740956826,
          "pct": 0.25
        },
        "last_hits_per_min": {
          "raw": 1.0501750291715286,
          "pct": 0.5
        },
        "hero_damage_per_min": {
          "raw": 269.70828471411903,
          "pct": 0.5625
        },
        "hero_healing_per_min": {
          "raw": 4.550758459743291,
          "pct": 0.9375
        },
        "tower_damage": {
          "raw": 0,
          "pct": 0.25
        },
        "stuns_per_min": {
          "raw": 0,
          "pct": 0.125
        },
        "lhten": {}
      }
    },
    {
      "player_slot": 1,
      "ability_targets": null,
      "ability_upgrades_arr": [
        5462,
        5464,
        5462,
        5464,
        5462,
        5465,
        5462,
        5463,
        5464,
        5464,
        5463,
        5465,
        5463,
        5463,
        5949,
        778,
        5465,
        6399,
        6814
      ],
      "ability_uses": null,
      "actions": null,
      "additional_units": null,
      "assists": 23,
      "backpack_0": 0,
      "backpack_1": 216,
      "backpack_2": 0,
      "backpack_3": null,
      "buyback_log": null,
      "camps_stacked": null,
      "connection_log": null,
      "creeps_stacked": null,
      "damage": null,
      "damage_inflictor": null,
      "damage_inflictor_received": null,
      "damage_taken": null,
      "damage_targets": null,
      "deaths": 12,
      "denies": 6,
      "dn_t": null,
      "firstblood_claimed": null,
      "gold": 1332,
      "gold_per_min": 357,
      "gold_reasons": null,
      "gold_spent": 11175,
      "gold_t": null,
      "hero_damage": 39861,
      "hero_healing": 0,
      "hero_hits": null,
      "hero_id": 88,
      "item_0": 36,
      "item_1": 204,
      "item_2": 180,
      "item_3": 593,
      "item_4": 0,
      "item_5": 42,
      "item_neutral": 357,
      "item_uses": null,
      "kill_streaks": null,
      "killed": null,
      "killed_by": null,
      "kills": 12,
      "kills_log": null,
      "lane_pos": null,
      "last_hits": 33,
      "leaver_status": 0,
      "level": 25,
      "lh_t": null,
      "life_state": null,
      "max_hero_hit": null,
      "multi_kills": null,
      "net_worth": 11197,
      "obs": null,
      "obs_left_log": null,
      "obs_log": null,
      "obs_placed": null,
      "party_id": 0,
      "party_size": 5,
      "performance_others": null,
      "permanent_buffs": [
        {
          "permanent_buff": 6,
          "stack_count": 1,
          "grant_time": 861
        }
      ],
      "pings": null,
      "pred_vict": null,
      "purchase": null,
      "purchase_log": null,
      "randomed": null,
      "repicked": null,
      "roshans_killed": null,
      "rune_pickups": null,
      "runes": null,
      "runes_log": null,
      "sen": null,
      "sen_left_log": null,
      "sen_log": null,
      "sen_placed": null,
      "stuns": null,
      "teamfight_participation": null,
      "times": null,
      "tower_damage": 0,
      "towers_killed": null,
      "xp_per_min": 830,
      "xp_reasons": null,
      "xp_t": null,
      "personaname": "jjy",
      "name": null,
      "last_login": "2023-01-12T18:42:49.328Z",
      "start_time": 1669912099,
      "duration": 2571,
      "cluster": 153,
      "lobby_type": 0,
      "game_mode": 22,
      "is_contributor": false,
      "patch": 51,
      "region": 5,
      "isRadiant": true,
      "total_gold": 15297,
      "total_xp": 35565,
      "kills_per_min": 0.28004667444574094,
      "kda": 2,
      "abandons": 0,
      "rank_tier": 64,
      "is_subscriber": false,
      "cosmetics": [],
      "benchmarks": {
        "gold_per_min": {
          "raw": 357,
          "pct": 0.7142857142857143
        },
        "xp_per_min": {
          "raw": 830,
          "pct": 1
        },
        "kills_per_min": {
          "raw": 0.28004667444574094,
          "pct": 1
        },
        "last_hits_per_min": {
          "raw": 0.7701283547257876,
          "pct": 0.14285714285714285
        },
        "hero_damage_per_min": {
          "raw": 930.2450408401401,
          "pct": 1
        },
        "hero_healing_per_min": {
          "raw": 0,
          "pct": 1
        },
        "tower_damage": {
          "raw": 0,
          "pct": 0.2857142857142857
        },
        "stuns_per_min": {
          "raw": 0,
          "pct": 0
        },
        "lhten": {}
      }
    },
    {
      "player_slot": 2,
      "ability_targets": null,
      "ability_upgrades_arr": [
        5334,
        5336,
        5334,
        5335,
        5334,
        5337,
        5334,
        5336,
        5336,
        5336,
        5335,
        5921,
        5335,
        5335,
        8040,
        5337,
        5337,
        6195,
        6903,
        6148,
        6900
      ],
      "ability_uses": null,
      "actions": null,
      "additional_units": null,
      "assists": 11,
      "backpack_0": 0,
      "backpack_1": 0,
      "backpack_2": 0,
      "backpack_3": null,
      "buyback_log": null,
      "camps_stacked": null,
      "connection_log": null,
      "creeps_stacked": null,
      "damage": null,
      "damage_inflictor": null,
      "damage_inflictor_received": null,
      "damage_taken": null,
      "damage_targets": null,
      "deaths": 10,
      "denies": 9,
      "dn_t": null,
      "firstblood_claimed": null,
      "gold": 67,
      "gold_per_min": 606,
      "gold_reasons": null,
      "gold_spent": 24415,
      "gold_t": null,
      "hero_damage": 46082,
      "hero_healing": 0,
      "hero_hits": null,
      "hero_id": 67,
      "item_0": 147,
      "item_1": 596,
      "item_2": 108,
      "item_3": 63,
      "item_4": 208,
      "item_5": 160,
      "item_neutral": 309,
      "item_uses": null,
      "kill_streaks": null,
      "killed": null,
      "killed_by": null,
      "kills": 15,
      "kills_log": null,
      "lane_pos": null,
      "last_hits": 238,
      "leaver_status": 0,
      "level": 28,
      "lh_t": null,
      "life_state": null,
      "max_hero_hit": null,
      "multi_kills": null,
      "net_worth": 23042,
      "obs": null,
      "obs_left_log": null,
      "obs_log": null,
      "obs_placed": null,
      "party_id": 0,
      "party_size": 5,
      "performance_others": null,
      "permanent_buffs": [
        {
          "permanent_buff": 6,
          "stack_count": 1,
          "grant_time": 1430
        }
      ],
      "pings": null,
      "pred_vict": null,
      "purchase": null,
      "purchase_log": null,
      "randomed": null,
      "repicked": null,
      "roshans_killed": null,
      "rune_pickups": null,
      "runes": null,
      "runes_log": null,
      "sen": null,
      "sen_left_log": null,
      "sen_log": null,
      "sen_placed": null,
      "stuns": null,
      "teamfight_participation": null,
      "times": null,
      "tower_damage": 0,
      "towers_killed": null,
      "xp_per_min": 1002,
      "xp_reasons": null,
      "xp_t": null,
      "start_time": 1669912099,
      "duration": 2571,
      "cluster": 153,
      "lobby_type": 0,
      "game_mode": 22,
      "is_contributor": false,
      "patch": 51,
      "region": 5,
      "isRadiant": true,
      "total_gold": 25967,
      "total_xp": 42935,
      "kills_per_min": 0.3500583430571762,
      "kda": 2,
      "abandons": 0,
      "rank_tier": null,
      "is_subscriber": false,
      "cosmetics": [],
      "benchmarks": {
        "gold_per_min": {
          "raw": 606,
          "pct": 0.5882352941176471
        },
        "xp_per_min": {
          "raw": 1002,
          "pct": 0.9705882352941176
        },
        "kills_per_min": {
          "raw": 0.3500583430571762,
          "pct": 0.9117647058823529
        },
        "last_hits_per_min": {
          "raw": 5.554259043173863,
          "pct": 0.14705882352941177
        },
        "hero_damage_per_min": {
          "raw": 1075.4259043173863,
          "pct": 0.6470588235294118
        },
        "hero_healing_per_min": {
          "raw": 0,
          "pct": 0.9705882352941176
        },
        "tower_damage": {
          "raw": 0,
          "pct": 0.17647058823529413
        },
        "stuns_per_min": {
          "raw": 0,
          "pct": 0.5882352941176471
        },
        "lhten": {}
      }
    },
    {
      "player_slot": 3,
      "ability_targets": null,
      "ability_upgrades_arr": [
        5059,
        5062,
        5059,
        5062,
        5059,
        5062,
        5059,
        5062,
        5064,
        5063,
        6016,
        5064,
        5063,
        5063,
        6875,
        5063,
        5064,
        6670
      ],
      "ability_uses": null,
      "actions": null,
      "additional_units": null,
      "assists": 18,
      "backpack_0": 75,
      "backpack_1": 0,
      "backpack_2": 362,
      "backpack_3": null,
      "buyback_log": null,
      "camps_stacked": null,
      "connection_log": null,
      "creeps_stacked": null,
      "damage": null,
      "damage_inflictor": null,
      "damage_inflictor_received": null,
      "damage_taken": null,
      "damage_targets": null,
      "deaths": 16,
      "denies": 31,
      "dn_t": null,
      "firstblood_claimed": null,
      "gold": 342,
      "gold_per_min": 519,
      "gold_reasons": null,
      "gold_spent": 17970,
      "gold_t": null,
      "hero_damage": 43477,
      "hero_healing": 0,
      "hero_hits": null,
      "hero_id": 11,
      "item_0": 36,
      "item_1": 135,
      "item_2": 48,
      "item_3": 172,
      "item_4": 116,
      "item_5": 236,
      "item_neutral": 288,
      "item_uses": null,
      "kill_streaks": null,
      "killed": null,
      "killed_by": null,
      "kills": 13,
      "kills_log": null,
      "lane_pos": null,
      "last_hits": 193,
      "leaver_status": 0,
      "level": 23,
      "lh_t": null,
      "life_state": null,
      "max_hero_hit": null,
      "multi_kills": null,
      "net_worth": 16497,
      "obs": null,
      "obs_left_log": null,
      "obs_log": null,
      "obs_placed": null,
      "party_id": 0,
      "party_size": 5,
      "performance_others": null,
      "permanent_buffs": [],
      "pings": null,
      "pred_vict": null,
      "purchase": null,
      "purchase_log": null,
      "randomed": null,
      "repicked": null,
      "roshans_killed": null,
      "rune_pickups": null,
      "runes": null,
      "runes_log": null,
      "sen": null,
      "sen_left_log": null,
      "sen_log": null,
      "sen_placed": null,
      "stuns": null,
      "teamfight_participation": null,
      "times": null,
      "tower_damage": 2193,
      "towers_killed": null,
      "xp_per_min": 722,
      "xp_reasons": null,
      "xp_t": null,
      "start_time": 1669912099,
      "duration": 2571,
      "cluster": 153,
      "lobby_type": 0,
      "game_mode": 22,
      "is_contributor": false,
      "patch": 51,
      "region": 5,
      "isRadiant": true,
      "total_gold": 22239,
      "total_xp": 30937,
      "kills_per_min": 0.30338389731621934,
      "kda": 1,
      "abandons": 0,
      "rank_tier": null,
      "is_subscriber": false,
      "cosmetics": [],
      "benchmarks": {
        "gold_per_min": {
          "raw": 519,
          "pct": 0.32
        },
        "xp_per_min": {
          "raw": 722,
          "pct": 0.5
        },
        "kills_per_min": {
          "raw": 0.30338389731621934,
          "pct": 0.68
        },
        "last_hits_per_min": {
          "raw": 4.504084014002333,
          "pct": 0.06
        },
        "hero_damage_per_min": {
          "raw": 1014.6324387397899,
          "pct": 0.88
        },
        "hero_healing_per_min": {
          "raw": 0,
          "pct": 0.88
        },
        "tower_damage": {
          "raw": 2193,
          "pct": 0.38
        },
        "stuns_per_min": {
          "raw": 0,
          "pct": 0.02
        },
        "lhten": {}
      }
    },
    {
      "player_slot": 4,
      "ability_targets": null,
      "ability_upgrades_arr": [
        5016,
        5017,
        5017,
        5015,
        5017,
        5018,
        5017,
        5015,
        5015,
        5016,
        482,
        5018,
        5015,
        5016,
        819,
        5016,
        5018,
        6357
      ],
      "ability_uses": null,
      "actions": null,
      "additional_units": null,
      "assists": 14,
      "backpack_0": 36,
      "backpack_1": 0,
      "backpack_2": 0,
      "backpack_3": null,
      "buyback_log": null,
      "camps_stacked": null,
      "connection_log": null,
      "creeps_stacked": null,
      "damage": null,
      "damage_inflictor": null,
      "damage_inflictor_received": null,
      "damage_taken": null,
      "damage_targets": null,
      "deaths": 14,
      "denies": 13,
      "dn_t": null,
      "firstblood_claimed": null,
      "gold": 225,
      "gold_per_min": 416,
      "gold_reasons": null,
      "gold_spent": 14555,
      "gold_t": null,
      "hero_damage": 22440,
      "hero_healing": 0,
      "hero_hits": null,
      "hero_id": 4,
      "item_0": 166,
      "item_1": 143,
      "item_2": 75,
      "item_3": 50,
      "item_4": 162,
      "item_5": 116,
      "item_neutral": 358,
      "item_uses": null,
      "kill_streaks": null,
      "killed": null,
      "killed_by": null,
      "kills": 9,
      "kills_log": null,
      "lane_pos": null,
      "last_hits": 152,
      "leaver_status": 0,
      "level": 20,
      "lh_t": null,
      "life_state": null,
      "max_hero_hit": null,
      "multi_kills": null,
      "net_worth": 14455,
      "obs": null,
      "obs_left_log": null,
      "obs_log": null,
      "obs_placed": null,
      "party_id": 0,
      "party_size": 5,
      "performance_others": null,
      "permanent_buffs": [
        {
          "permanent_buff": 6,
          "stack_count": 1,
          "grant_time": 2657
        }
      ],
      "pings": null,
      "pred_vict": null,
      "purchase": null,
      "purchase_log": null,
      "randomed": null,
      "repicked": null,
      "roshans_killed": null,
      "rune_pickups": null,
      "runes": null,
      "runes_log": null,
      "sen": null,
      "sen_left_log": null,
      "sen_log": null,
      "sen_placed": null,
      "stuns": null,
      "teamfight_participation": null,
      "times": null,
      "tower_damage": 40,
      "towers_killed": null,
      "xp_per_min": 516,
      "xp_reasons": null,
      "xp_t": null,
      "personaname": "tv/YuYuMeow",
      "name": null,
      "last_login": null,
      "start_time": 1669912099,
      "duration": 2571,
      "cluster": 153,
      "lobby_type": 0,
      "game_mode": 22,
      "is_contributor": false,
      "patch": 51,
      "region": 5,
      "isRadiant": true,
      "total_gold": 17825,
      "total_xp": 22110,
      "kills_per_min": 0.2100350058343057,
      "kda": 1,
      "abandons": 0,
      "rank_tier": 52,
      "is_subscriber": false,
      "cosmetics": [],
      "benchmarks": {
        "gold_per_min": {
          "raw": 416,
          "pct": 0.12
        },
        "xp_per_min": {
          "raw": 516,
          "pct": 0.12
        },
        "kills_per_min": {
          "raw": 0.21003500583430573,
          "pct": 0.48
        },
        "last_hits_per_min": {
          "raw": 3.547257876312719,
          "pct": 0
        },
        "hero_damage_per_min": {
          "raw": 523.6872812135356,
          "pct": 0.16
        },
        "hero_healing_per_min": {
          "raw": 0,
          "pct": 1
        },
        "tower_damage": {
          "raw": 40,
          "pct": 0.08
        },
        "stuns_per_min": {
          "raw": 0,
          "pct": 0.36
        },
        "lhten": {}
      }
    },
    {
      "player_slot": 128,
      "ability_targets": null,
      "ability_upgrades_arr": [
        5173,
        5175,
        5173,
        5174,
        5175,
        5176,
        5175,
        5175,
        5173,
        5173,
        437,
        5176,
        5174,
        5174,
        5174,
        629,
        5176,
        6856
      ],
      "ability_uses": null,
      "actions": null,
      "additional_units": null,
      "assists": 27,
      "backpack_0": 77,
      "backpack_1": 40,
      "backpack_2": 0,
      "backpack_3": null,
      "buyback_log": null,
      "camps_stacked": null,
      "connection_log": null,
      "creeps_stacked": null,
      "damage": null,
      "damage_inflictor": null,
      "damage_inflictor_received": null,
      "damage_taken": null,
      "damage_targets": null,
      "deaths": 13,
      "denies": 16,
      "dn_t": null,
      "firstblood_claimed": null,
      "gold": 373,
      "gold_per_min": 398,
      "gold_reasons": null,
      "gold_spent": 15555,
      "gold_t": null,
      "hero_damage": 18982,
      "hero_healing": 390,
      "hero_hits": null,
      "hero_id": 39,
      "item_0": 30,
      "item_1": 232,
      "item_2": 36,
      "item_3": 162,
      "item_4": 100,
      "item_5": 214,
      "item_neutral": 990,
      "item_uses": null,
      "kill_streaks": null,
      "killed": null,
      "killed_by": null,
      "kills": 4,
      "kills_log": null,
      "lane_pos": null,
      "last_hits": 105,
      "leaver_status": 0,
      "level": 23,
      "lh_t": null,
      "life_state": null,
      "max_hero_hit": null,
      "multi_kills": null,
      "net_worth": 13833,
      "obs": null,
      "obs_left_log": null,
      "obs_log": null,
      "obs_placed": null,
      "party_id": 1,
      "party_size": 5,
      "performance_others": null,
      "permanent_buffs": [
        {
          "permanent_buff": 6,
          "stack_count": 2,
          "grant_time": 824
        },
        {
          "permanent_buff": 12,
          "stack_count": 0,
          "grant_time": 1334
        }
      ],
      "pings": null,
      "pred_vict": null,
      "purchase": null,
      "purchase_log": null,
      "randomed": null,
      "repicked": null,
      "roshans_killed": null,
      "rune_pickups": null,
      "runes": null,
      "runes_log": null,
      "sen": null,
      "sen_left_log": null,
      "sen_log": null,
      "sen_placed": null,
      "stuns": null,
      "teamfight_participation": null,
      "times": null,
      "tower_damage": 699,
      "towers_killed": null,
      "xp_per_min": 686,
      "xp_reasons": null,
      "xp_t": null,
      "personaname": "Cat",
      "name": null,
      "last_login": "2020-08-08T15:01:08.543Z",
      "start_time": 1669912099,
      "duration": 2571,
      "cluster": 153,
      "lobby_type": 0,
      "game_mode": 22,
      "is_contributor": false,
      "patch": 51,
      "region": 5,
      "isRadiant": false,
      "total_gold": 17054,
      "total_xp": 29395,
      "kills_per_min": 0.09334889148191365,
      "kda": 2,
      "abandons": 0,
      "rank_tier": 43,
      "is_subscriber": false,
      "cosmetics": [],
      "benchmarks": {
        "gold_per_min": {
          "raw": 398,
          "pct": 0.21739130434782608
        },
        "xp_per_min": {
          "raw": 686,
          "pct": 0.43478260869565216
        },
        "kills_per_min": {
          "raw": 0.09334889148191365,
          "pct": 0.21739130434782608
        },
        "last_hits_per_min": {
          "raw": 2.4504084014002334,
          "pct": 0.08695652173913043
        },
        "hero_damage_per_min": {
          "raw": 442.98716452742127,
          "pct": 0.13043478260869565
        },
        "hero_healing_per_min": {
          "raw": 9.101516919486581,
          "pct": 1
        },
        "tower_damage": {
          "raw": 699,
          "pct": 0.43478260869565216
        },
        "stuns_per_min": {
          "raw": 0,
          "pct": 0.8260869565217391
        },
        "lhten": {}
      }
    },
    {
      "player_slot": 129,
      "ability_targets": null,
      "ability_upgrades_arr": [
        5595,
        5597,
        5597,
        5595,
        5596,
        5598,
        5597,
        5596,
        5596,
        5596,
        6218,
        5598,
        5597,
        5595,
        463,
        5595,
        5598,
        7395,
        925,
        6449,
        6671
      ],
      "ability_uses": null,
      "actions": null,
      "additional_units": null,
      "assists": 18,
      "backpack_0": 0,
      "backpack_1": 0,
      "backpack_2": 0,
      "backpack_3": null,
      "buyback_log": null,
      "camps_stacked": null,
      "connection_log": null,
      "creeps_stacked": null,
      "damage": null,
      "damage_inflictor": null,
      "damage_inflictor_received": null,
      "damage_taken": null,
      "damage_targets": null,
      "deaths": 8,
      "denies": 15,
      "dn_t": null,
      "firstblood_claimed": null,
      "gold": 5327,
      "gold_per_min": 675,
      "gold_reasons": null,
      "gold_spent": 22770,
      "gold_t": null,
      "hero_damage": 67270,
      "hero_healing": 1332,
      "hero_hits": null,
      "hero_id": 104,
      "item_0": 116,
      "item_1": 50,
      "item_2": 151,
      "item_3": 249,
      "item_4": 135,
      "item_5": 1,
      "item_neutral": 949,
      "item_uses": null,
      "kill_streaks": null,
      "killed": null,
      "killed_by": null,
      "kills": 26,
      "kills_log": null,
      "lane_pos": null,
      "last_hits": 179,
      "leaver_status": 0,
      "level": 28,
      "lh_t": null,
      "life_state": null,
      "max_hero_hit": null,
      "multi_kills": null,
      "net_worth": 26052,
      "obs": null,
      "obs_left_log": null,
      "obs_log": null,
      "obs_placed": null,
      "party_id": 1,
      "party_size": 5,
      "performance_others": null,
      "permanent_buffs": [
        {
          "permanent_buff": 5,
          "stack_count": 586,
          "grant_time": 940
        }
      ],
      "pings": null,
      "pred_vict": null,
      "purchase": null,
      "purchase_log": null,
      "randomed": null,
      "repicked": null,
      "roshans_killed": null,
      "rune_pickups": null,
      "runes": null,
      "runes_log": null,
      "sen": null,
      "sen_left_log": null,
      "sen_log": null,
      "sen_placed": null,
      "stuns": null,
      "teamfight_participation": null,
      "times": null,
      "tower_damage": 14530,
      "towers_killed": null,
      "xp_per_min": 938,
      "xp_reasons": null,
      "xp_t": null,
      "personaname": "Exort666",
      "name": null,
      "last_login": null,
      "start_time": 1669912099,
      "duration": 2571,
      "cluster": 153,
      "lobby_type": 0,
      "game_mode": 22,
      "is_contributor": false,
      "patch": 51,
      "region": 5,
      "isRadiant": false,
      "total_gold": 28923,
      "total_xp": 40193,
      "kills_per_min": 0.6067677946324387,
      "kda": 4,
      "abandons": 0,
      "rank_tier": 72,
      "is_subscriber": false,
      "cosmetics": [],
      "benchmarks": {
        "gold_per_min": {
          "raw": 675,
          "pct": 0.9032258064516129
        },
        "xp_per_min": {
          "raw": 938,
          "pct": 0.9354838709677419
        },
        "kills_per_min": {
          "raw": 0.6067677946324387,
          "pct": 0.967741935483871
        },
        "last_hits_per_min": {
          "raw": 4.177362893815636,
          "pct": 0.25806451612903225
        },
        "hero_damage_per_min": {
          "raw": 1569.894982497083,
          "pct": 1
        },
        "hero_healing_per_min": {
          "raw": 31.085180863477248,
          "pct": 0.6129032258064516
        },
        "tower_damage": {
          "raw": 14530,
          "pct": 0.967741935483871
        },
        "stuns_per_min": {
          "raw": 0,
          "pct": 0.03225806451612903
        },
        "lhten": {}
      }
    },
    {
      "player_slot": 130,
      "ability_targets": null,
      "ability_upgrades_arr": [
        5286,
        5285,
        5285,
        5286,
        5285,
        5288,
        5285,
        5287,
        5286,
        5286,
        484,
        5288,
        5287,
        5287,
        5287,
        876,
        5288,
        878,
        877
      ],
      "ability_uses": null,
      "actions": null,
      "additional_units": null,
      "assists": 28,
      "backpack_0": 0,
      "backpack_1": 0,
      "backpack_2": 41,
      "backpack_3": null,
      "buyback_log": null,
      "camps_stacked": null,
      "connection_log": null,
      "creeps_stacked": null,
      "damage": null,
      "damage_inflictor": null,
      "damage_inflictor_received": null,
      "damage_taken": null,
      "damage_targets": null,
      "deaths": 11,
      "denies": 7,
      "dn_t": null,
      "firstblood_claimed": null,
      "gold": 1094,
      "gold_per_min": 684,
      "gold_reasons": null,
      "gold_spent": 26615,
      "gold_t": null,
      "hero_damage": 50773,
      "hero_healing": 0,
      "hero_hits": null,
      "hero_id": 62,
      "item_0": 114,
      "item_1": 108,
      "item_2": 176,
      "item_3": 235,
      "item_4": 116,
      "item_5": 50,
      "item_neutral": 311,
      "item_uses": null,
      "kill_streaks": null,
      "killed": null,
      "killed_by": null,
      "kills": 14,
      "kills_log": null,
      "lane_pos": null,
      "last_hits": 68,
      "leaver_status": 0,
      "level": 25,
      "lh_t": null,
      "life_state": null,
      "max_hero_hit": null,
      "multi_kills": null,
      "net_worth": 26444,
      "obs": null,
      "obs_left_log": null,
      "obs_log": null,
      "obs_placed": null,
      "party_id": 1,
      "party_size": 5,
      "performance_others": null,
      "permanent_buffs": [
        {
          "permanent_buff": 10,
          "stack_count": 4007,
          "grant_time": 225
        }
      ],
      "pings": null,
      "pred_vict": null,
      "purchase": null,
      "purchase_log": null,
      "randomed": null,
      "repicked": null,
      "roshans_killed": null,
      "rune_pickups": null,
      "runes": null,
      "runes_log": null,
      "sen": null,
      "sen_left_log": null,
      "sen_log": null,
      "sen_placed": null,
      "stuns": null,
      "teamfight_participation": null,
      "times": null,
      "tower_damage": 837,
      "towers_killed": null,
      "xp_per_min": 881,
      "xp_reasons": null,
      "xp_t": null,
      "personaname": "X-XEO",
      "name": null,
      "last_login": null,
      "start_time": 1669912099,
      "duration": 2571,
      "cluster": 153,
      "lobby_type": 0,
      "game_mode": 22,
      "is_contributor": false,
      "patch": 51,
      "region": 5,
      "isRadiant": false,
      "total_gold": 29309,
      "total_xp": 37750,
      "kills_per_min": 0.3267211201866978,
      "kda": 3,
      "abandons": 0,
      "rank_tier": 64,
      "is_subscriber": false,
      "cosmetics": [],
      "benchmarks": {
        "gold_per_min": {
          "raw": 684,
          "pct": 0.9444444444444444
        },
        "xp_per_min": {
          "raw": 881,
          "pct": 1
        },
        "kills_per_min": {
          "raw": 0.32672112018669774,
          "pct": 0.8888888888888888
        },
        "last_hits_per_min": {
          "raw": 1.586931155192532,
          "pct": 0.4444444444444444
        },
        "hero_damage_per_min": {
          "raw": 1184.9008168028004,
          "pct": 1
        },
        "hero_healing_per_min": {
          "raw": 0,
          "pct": 0.9444444444444444
        },
        "tower_damage": {
          "raw": 837,
          "pct": 0.6666666666666666
        },
        "stuns_per_min": {
          "raw": 0,
          "pct": 0.1111111111111111
        },
        "lhten": {}
      }
    },
    {
      "player_slot": 131,
      "ability_targets": null,
      "ability_upgrades_arr": [
        5190,
        5191,
        5190,
        5191,
        5190,
        5193,
        5190,
        5191,
        5191,
        559,
        5192,
        5193,
        5192,
        5192,
        490,
        5192,
        5193,
        1074,
        6192,
        483
      ],
      "ability_uses": null,
      "actions": null,
      "additional_units": null,
      "assists": 14,
      "backpack_0": 0,
      "backpack_1": 0,
      "backpack_2": 0,
      "backpack_3": null,
      "buyback_log": null,
      "camps_stacked": null,
      "connection_log": null,
      "creeps_stacked": null,
      "damage": null,
      "damage_inflictor": null,
      "damage_inflictor_received": null,
      "damage_taken": null,
      "damage_targets": null,
      "deaths": 6,
      "denies": 5,
      "dn_t": null,
      "firstblood_claimed": null,
      "gold": 5720,
      "gold_per_min": 697,
      "gold_reasons": null,
      "gold_spent": 22845,
      "gold_t": null,
      "hero_damage": 31804,
      "hero_healing": 0,
      "hero_hits": null,
      "hero_id": 44,
      "item_0": 168,
      "item_1": 116,
      "item_2": 156,
      "item_3": 63,
      "item_4": 145,
      "item_5": 143,
      "item_neutral": 376,
      "item_uses": null,
      "kill_streaks": null,
      "killed": null,
      "killed_by": null,
      "kills": 16,
      "kills_log": null,
      "lane_pos": null,
      "last_hits": 320,
      "leaver_status": 0,
      "level": 27,
      "lh_t": null,
      "life_state": null,
      "max_hero_hit": null,
      "multi_kills": null,
      "net_worth": 28295,
      "obs": null,
      "obs_left_log": null,
      "obs_log": null,
      "obs_placed": null,
      "party_id": 1,
      "party_size": 5,
      "performance_others": null,
      "permanent_buffs": [
        {
          "permanent_buff": 12,
          "stack_count": 0,
          "grant_time": 1705
        }
      ],
      "pings": null,
      "pred_vict": null,
      "purchase": null,
      "purchase_log": null,
      "randomed": null,
      "repicked": null,
      "roshans_killed": null,
      "rune_pickups": null,
      "runes": null,
      "runes_log": null,
      "sen": null,
      "sen_left_log": null,
      "sen_log": null,
      "sen_placed": null,
      "stuns": null,
      "teamfight_participation": null,
      "times": null,
      "tower_damage": 7420,
      "towers_killed": null,
      "xp_per_min": 924,
      "xp_reasons": null,
      "xp_t": null,
      "start_time": 1669912099,
      "duration": 2571,
      "cluster": 153,
      "lobby_type": 0,
      "game_mode": 22,
      "is_contributor": false,
      "patch": 51,
      "region": 5,
      "isRadiant": false,
      "total_gold": 29866,
      "total_xp": 39593,
      "kills_per_min": 0.3733955659276546,
      "kda": 4,
      "abandons": 0,
      "rank_tier": null,
      "is_subscriber": false,
      "cosmetics": [],
      "benchmarks": {
        "gold_per_min": {
          "raw": 697,
          "pct": 0.7407407407407407
        },
        "xp_per_min": {
          "raw": 924,
          "pct": 0.7777777777777778
        },
        "kills_per_min": {
          "raw": 0.3733955659276546,
          "pct": 0.6666666666666666
        },
        "last_hits_per_min": {
          "raw": 7.467911318553091,
          "pct": 0.5555555555555556
        },
        "hero_damage_per_min": {
          "raw": 742.2170361726954,
          "pct": 0.4074074074074074
        },
        "hero_healing_per_min": {
          "raw": 0,
          "pct": 0.9629629629629629
        },
        "tower_damage": {
          "raw": 7420,
          "pct": 0.7407407407407407
        },
        "stuns_per_min": {
          "raw": 0,
          "pct": 0.4074074074074074
        },
        "lhten": {}
      }
    },
    {
      "player_slot": 132,
      "ability_targets": null,
      "ability_upgrades_arr": [
        5127,
        5128,
        5127,
        5126,
        5127,
        5129,
        5127,
        5126,
        5126,
        5903,
        5129,
        5126,
        5128,
        5128,
        956,
        5128,
        5129,
        6520
      ],
      "ability_uses": null,
      "actions": null,
      "additional_units": null,
      "assists": 21,
      "backpack_0": 0,
      "backpack_1": 0,
      "backpack_2": 0,
      "backpack_3": null,
      "buyback_log": null,
      "camps_stacked": null,
      "connection_log": null,
      "creeps_stacked": null,
      "damage": null,
      "damage_inflictor": null,
      "damage_inflictor_received": null,
      "damage_taken": null,
      "damage_targets": null,
      "deaths": 13,
      "denies": 9,
      "dn_t": null,
      "firstblood_claimed": null,
      "gold": 1038,
      "gold_per_min": 351,
      "gold_reasons": null,
      "gold_spent": 13300,
      "gold_t": null,
      "hero_damage": 13081,
      "hero_healing": 0,
      "hero_hits": null,
      "hero_id": 5,
      "item_0": 116,
      "item_1": 100,
      "item_2": 214,
      "item_3": 0,
      "item_4": 265,
      "item_5": 232,
      "item_neutral": 675,
      "item_uses": null,
      "kill_streaks": null,
      "killed": null,
      "killed_by": null,
      "kills": 5,
      "kills_log": null,
      "lane_pos": null,
      "last_hits": 55,
      "leaver_status": 0,
      "level": 22,
      "lh_t": null,
      "life_state": null,
      "max_hero_hit": null,
      "multi_kills": null,
      "net_worth": 11338,
      "obs": null,
      "obs_left_log": null,
      "obs_log": null,
      "obs_placed": null,
      "party_id": 1,
      "party_size": 5,
      "performance_others": null,
      "permanent_buffs": [
        {
          "permanent_buff": 6,
          "stack_count": 2,
          "grant_time": 2059
        }
      ],
      "pings": null,
      "pred_vict": null,
      "purchase": null,
      "purchase_log": null,
      "randomed": null,
      "repicked": null,
      "roshans_killed": null,
      "rune_pickups": null,
      "runes": null,
      "runes_log": null,
      "sen": null,
      "sen_left_log": null,
      "sen_log": null,
      "sen_placed": null,
      "stuns": null,
      "teamfight_participation": null,
      "times": null,
      "tower_damage": 207,
      "towers_killed": null,
      "xp_per_min": 652,
      "xp_reasons": null,
      "xp_t": null,
      "personaname": "Cô Bé Hờn Dỗi",
      "name": null,
      "last_login": null,
      "start_time": 1669912099,
      "duration": 2571,
      "cluster": 153,
      "lobby_type": 0,
      "game_mode": 22,
      "is_contributor": false,
      "patch": 51,
      "region": 5,
      "isRadiant": false,
      "total_gold": 15040,
      "total_xp": 27938,
      "kills_per_min": 0.11668611435239207,
      "kda": 1,
      "abandons": 0,
      "rank_tier": 51,
      "is_subscriber": false,
      "cosmetics": [],
      "benchmarks": {
        "gold_per_min": {
          "raw": 351,
          "pct": 0.9
        },
        "xp_per_min": {
          "raw": 652,
          "pct": 0.975
        },
        "kills_per_min": {
          "raw": 0.11668611435239205,
          "pct": 0.6
        },
        "last_hits_per_min": {
          "raw": 1.2835472578763125,
          "pct": 0.65
        },
        "hero_damage_per_min": {
          "raw": 305.2742123687281,
          "pct": 0.175
        },
        "hero_healing_per_min": {
          "raw": 0,
          "pct": 0.875
        },
        "tower_damage": {
          "raw": 207,
          "pct": 0.675
        },
        "stuns_per_min": {
          "raw": 0,
          "pct": 0.025
        },
        "lhten": {}
      }
    }
  ],
  "patch": 51,
  "region": 5
}