{
  "chat": null,
  "cluster": 184,
  "cosmetics": null,
  "dire_score": 62,
  "dire_team_id": null,
  "draft_timings": null,
  "duration": 4074,
  "engine": 1,
  "first_blood_time": 106,
  "game_mode": 22,
  "human_players": 10,
  "leagueid": 0,
  "lobby_type": 7,
  "match_seq_num": 5780418489,
  "negative_votes": 0,
  "objectives": null,
  "picks_bans": [
    {
      "is_pick": true,
      "hero_id": 128,
      "team": 0,
      "order": 0
    },
    {
      "is_pick": true,
      "hero_id": 85,
      "team": 0,
      "order": 1
    },
    {
      "is_pick": true,
      "hero_id": 53,
      "team": 1,
      "order": 2
    },
    {
      "is_pick": true,
      "hero_id": 68,
      "team": 1,
      "order": 3
    },
    {
      "is_pick": true,
      "hero_id": 34,
      "team": 1,
      "order": 4
    },
    {
      "is_pick": true,
      "hero_id": 56,
      "team": 0,
      "order": 5
    },
    {
      "is_pick": true,
      "hero_id": 103,
      "team": 1,
      "order": 6
    },
    {
      "is_pick": true,
      "hero_id": 83,
      "team": 0,
      "order": 7
    },
    {
      "is_pick": true,
      "hero_id": 69,
      "team": 0,
      "order": 8
    },
    {
      "is_pick": true,
      "hero_id": 35,
      "team": 1,
      "order": 9
    },
    {
      "is_pick": false,
      "hero_id": 113,
      "team": 0,
      "order": 10
    },
    {
      "is_pick": false,
      "hero_id": 101,
      "team": 0,
      "order": 11
    },
    {
      "is_pick": false,
      "hero_id": 75,
      "team": 0,
      "order": 12
    },
    {
      "is_pick": false,
      "hero_id": 54,
      "team": 0,
      "order": 13
    },
    {
      "is_pick": false,
      "hero_id": 1,
      "team": 0,
      "order": 14
    },
    {
      "is_pick": false,
      "hero_id": 65,
      "team": 1,
      "order": 15
    },
    {
      "is_pick": false,
      "hero_id": 135,
      "team": 1,
      "order": 16
    }
  ],
  "positive_votes": 0,
  "radiant_gold_adv": null,
  "radiant_score": 74,
  "radiant_team_id": null,
  "radiant_xp_adv": null,
  "skill": null,
  "start_time": 1669912610,
  "teamfights": null,
  "version": null,
  "replay_salt": 1458210207,
  "series_id": 0,
  "series_type": 0,
  "players": [
    {
      "player_slot": 0,
      "ability_targets": null,
      "ability_upgrades_arr": [
        5339,
        5340,
        5339,
        5340,
        5339,
        5342,
        5341,
        5339,
        5340,
        6369,
        5340,
        5342,
        5341,
        5341,
        7123,
        5341,
        5342,
        970,
        971,
        6370,
        6314,
        733,
        6073
      ],
      "ability_uses": null,
      "actions": null,
      "additional_units": null,
      "assists": 17,
      "backpack_0": 0,
      "backpack_1": 0,
      "backpack_2": 0,
      "backpack_3": null,
      "buyback_log": null,
      "camps_stacked": null,
      "connection_log": null,
      "creeps_stacked": null,
      "damage": null,
      "damage_inflictor": null,
      "damage_inflictor_received": null,
      "damage_taken": null,
      "damage_targets": null,
      "deaths": 12,
      "denies": 3,
      "dn_t": null,
      "firstblood_claimed": null,
      "gold": 2101,
      "gold_per_min": 589,
      "gold_reasons": null,
      "gold_spent": 35435,
      "gold_t": null,
      "hero_damage": 31909,
      "hero_healing": 0,
      "hero_hits": null,
      "hero_id": 69,
      "item_0": 110,
      "item_1": 119,
      "item_2": 116,
      "item_3": 50,
      "item_4": 235,
      "item_5": 604,
      "item_neutral": 371,
      "item_uses": null,
      "kill_streaks": null,
      "killed": null,
      "killed_by": null,
      "kills": 12,
      "kills_log": null,
      "lane_pos": null,
      "last_hits": 277,
      "leaver_status": 0,
      "level": 30,
      "lh_t": null,
      "life_state": null,
      "max_hero_hit": null,
      "multi_kills": null,
      "net_worth": 36876,
      "obs": null,
      "obs_left_log": null,
      "obs_log": null,
      "obs_placed": null,
      "party_id": 0,
      "party_size": 1,
      "performance_others": null,
      "permanent_buffs": [
        {
          "permanent_buff": 2,
          "stack_count": 0,
          "grant_time": 4075
        },
        {
          "permanent_buff": 12,
          "stack_count": 0,
          "grant_time": 2847
        }
      ],
      "pings": null,
      "pred_vict": null,
      "purchase": null,
      "purchase_log": null,
      "randomed": null,
      "repicked": null,
      "roshans_killed": null,
      "rune_pickups": null,
      "runes": null,
      "runes_log": null,
      "sen": null,
      "sen_left_log": null,
      "sen_log": null,
      "sen_placed": null,
      "stuns": null,
      "teamfight_participation": null,
      "times": null,
      "tower_damage": 3223,
      "towers_killed": null,
      "xp_per_min": 851,
      "xp_reasons": null,
      "xp_t": null,
      "personaname": "ГОЛОВА ТРАВА",
      "name": null,
      "last_login": null,
      "start_time": 1669912610,
      "duration": 4074,
      "cluster": 184,
      "lobby_type": 7,
      "game_mode": 22,
      "is_contributor": false,
      "patch": 51,
      "region": 8,
      "isRadiant": true,
      "total_gold": 39993,
      "total_xp": 57782,
      "kills_per_min": 0.1767304860088365,
      "kda": 2,
      "abandons": 0,
      "rank_tier": 25,
      "is_subscriber": false,
      "cosmetics": [],
      "benchmarks": {
        "gold_per_min": {
          "raw": 589,
          "pct": 0.37142857142857144
        },
        "xp_per_min": {
          "raw": 851,
          "pct": 0.9142857142857143
        },
        "kills_per_min": {
          "raw": 0.1767304860088365,
          "pct": 0.7142857142857143
        },
        "last_hits_per_min": {
          "raw": 4.079528718703976,
          "pct": 0.17142857142857143
        },
        "hero_damage_per_min": {
          "raw": 469.941089837997,
          "pct": 0.4857142857142857
        },
        "hero_healing_per_min": {
          "raw": 0,
          "pct": 0.8285714285714286
        },
        "tower_damage": {
          "raw": 3223,
          "pct": 0.8857142857142857
        },
        "stuns_per_min": {
          "raw": 0,
          "pct": 0.05714285714285714
        },
        "lhten": {}
      }
    },
    {
      "player_slot": 1,
      "ability_targets": null,
      "ability_upgrades_arr": [
        5260,
        5259,
        5260,
        5259,
        5259,
        5262,
        5261,
        5259,
        5261,
        6104,
        5261,
        5262,
        5261,
        5260,
        495,
        5260,
        5262,
        617,
        7878,
        523,
        6231,
        5944,
        6620
      ],
      "ability_uses": null,
      "actions": null,
      "additional_units": null,
      "assists": 13,
      "backpack_0": 0,
      "backpack_1": 0,
      "backpack_2": 0,
      "backpack_3": null,
      "buyback_log": null,
      "camps_stacked": null,
      "connection_log": null,
      "creeps_stacked": null,
      "damage": null,
      "damage_inflictor": null,
      "damage_inflictor_received": null,
      "damage_taken": null,
      "damage_targets": null,
      "deaths": 9,
      "denies": 21,
      "dn_t": null,
      "firstblood_claimed": null,
      "gold": 2844,
      "gold_per_min": 880,
      "gold_reasons": null,
      "gold_spent": 51075,
      "gold_t": null,
      "hero_damage": 135008,
      "hero_healing": 0,
      "hero_hits": null,
      "hero_id": 56,
      "item_0": 141,
      "item_1": 156,
      "item_2": 135,
      "item_3": 1466,
      "item_4": 116,
      "item_5": 0,
      "item_neutral": 372,
      "item_uses": null,
      "kill_streaks": null,
      "killed": null,
      "killed_by": null,
      "kills": 38,
      "kills_log": null,
      "lane_pos": null,
      "last_hits": 505,
      "leaver_status": 0,
      "level": 30,
      "lh_t": null,
      "life_state": null,
      "max_hero_hit": null,
      "multi_kills": null,
      "net_worth": 35519,
      "obs": null,
      "obs_left_log": null,
      "obs_log": null,
      "obs_placed": null,
      "party_id": 1,
      "party_size": 1,
      "performance_others": null,
      "permanent_buffs": [
        {
          "permanent_buff": 2,
          "stack_count": 0,
          "grant_time": 3538
        },
        {
          "permanent_buff": 12,
          "stack_count": 0,
          "grant_time": 1683
        }
      ],
      "pings": null,
      "pred_vict": null,
      "purchase": null,
      "purchase_log": null,
      "randomed": null,
      "repicked": null,
      "roshans_killed": null,
      "rune_pickups": null,
      "runes": null,
      "runes_log": null,
      "sen": null,
      "sen_left_log": null,
      "sen_log": null,
      "sen_placed": null,
      "stuns": null,
      "teamfight_participation": null,
      "times": null,
      "tower_damage": 10549,
      "towers_killed": null,
      "xp_per_min": 1065,
      "xp_reasons": null,
      "xp_t": null,
      "personaname": "Иван Бизнес",
      "name": null,
      "last_login": null,
      "start_time": 1669912610,
      "duration": 4074,
      "cluster": 184,
      "lobby_type": 7,
      "game_mode": 22,
      "is_contributor": false,
      "patch": 51,
      "region": 8,
      "isRadiant": true,
      "total_gold": 59752,
      "total_xp": 72313,
      "kills_per_min": 0.5596465390279822,
      "kda": 5,
      "abandons": 0,
      "rank_tier": 23,
      "is_subscriber": false,
      "cosmetics": [],
      "benchmarks": {
        "gold_per_min": {
          "raw": 880,
          "pct": 1
        },
        "xp_per_min": {
          "raw": 1065,
          "pct": 1
        },
        "kills_per_min": {
          "raw": 0.5596465390279823,
          "pct": 1
        },
        "last_hits_per_min": {
          "raw": 7.437407952871871,
          "pct": 0.4444444444444444
        },
        "hero_damage_per_min": {
          "raw": 1988.335787923417,
          "pct": 1
        },
        "hero_healing_per_min": {
          "raw": 0,
          "pct": 1
        },
        "tower_damage": {
          "raw": 10549,
          "pct": 0.5555555555555556
        },
        "stuns_per_min": {
          "raw": 0,
          "pct": 0.1111111111111111
        },
        "lhten": {}
      }
    },
    {
      "player_slot": 2,
      "ability_targets": null,
      "ability_upgrades_arr": [
        5444,
        5442,
        5444,
        5442,
        5442,
        5447,
        5442,
        5444,
        5444,
        813,
        5443,
        5447,
        5443,
        5443,
        6155,
        5443,
        5447,
        6420,
        449,
        807,
        616
      ],
      "ability_uses": null,
      "actions": null,
      "additional_units": null,
      "assists": 18,
      "backpack_0": 178,
      "backpack_1": 0,
      "backpack_2": 0,
      "backpack_3": null,
      "buyback_log": null,
      "camps_stacked": null,
      "connection_log": null,
      "creeps_stacked": null,
      "damage": null,
      "damage_inflictor": null,
      "damage_inflictor_received": null,
      "damage_taken": null,
      "damage_targets": null,
      "deaths": 20,
      "denies": 7,
      "dn_t": null,
      "firstblood_claimed": null,
      "gold": 1886,
      "gold_per_min": 491,
      "gold_reasons": null,
      "gold_spent": 26945,
      "gold_t": null,
      "hero_damage": 21544,
      "hero_healing": 1839,
      "hero_hits": null,
      "hero_id": 85,
      "item_0": 63,
      "item_1": 908,
      "item_2": 108,
      "item_3": 112,
      "item_4": 127,
      "item_5": 250,
      "item_neutral": 638,
      "item_uses": null,
      "kill_streaks": null,
      "killed": null,
      "killed_by": null,
      "kills": 5,
      "kills_log": null,
      "lane_pos": null,
      "last_hits": 382,
      "leaver_status": 0,
      "level": 28,
      "lh_t": null,
      "life_state": null,
      "max_hero_hit": null,
      "multi_kills": null,
      "net_worth": 27916,
      "obs": null,
      "obs_left_log": null,
      "obs_log": null,
      "obs_placed": null,
      "party_id": 2,
      "party_size": 1,
      "performance_others": null,
      "permanent_buffs": [
        {
          "permanent_buff": 6,
          "stack_count": 3,
          "grant_time": 2733
        },
        {
          "permanent_buff": 12,
          "stack_count": 0,
          "grant_time": 2783
        }
      ],
      "pings": null,
      "pred_vict": null,
      "purchase": null,
      "purchase_log": null,
      "randomed": null,
      "repicked": null,
      "roshans_killed": null,
      "rune_pickups": null,
      "runes": null,
      "runes_log": null,
      "sen": null,
      "sen_left_log": null,
      "sen_log": null,
      "sen_placed": null,
      "stuns": null,
      "teamfight_participation": null,
      "times": null,
      "tower_damage": 3576,
      "towers_killed": null,
      "xp_per_min": 666,
      "xp_reasons": null,
      "xp_t": null,
      "start_time": 1669912610,
      "duration": 4074,
      "cluster": 184,
      "lobby_type": 7,
      "game_mode": 22,
      "is_contributor": false,
      "patch": 51,
      "region": 8,
      "isRadiant": true,
      "total_gold": 33338,
      "total_xp": 45221,
      "kills_per_min": 0.07363770250368187,
      "kda": 1,
      "abandons": 0,
      "rank_tier": null,
      "is_subscriber": false,
      "cosmetics": [],
      "benchmarks": {
        "gold_per_min": {
          "raw": 491,
          "pct": 0.9333333333333333
        },
        "xp_per_min": {
          "raw": 666,
          "pct": 0.9166666666666666
        },
        "kills_per_min": {
          "raw": 0.07363770250368189,
          "pct": 0.4
        },
        "last_hits_per_min": {
          "raw": 5.625920471281296,
          "pct": 1
        },
        "hero_damage_per_min": {
          "raw": 317.2901325478645,
          "pct": 0.7833333333333333
        },
        "hero_healing_per_min": {
          "raw": 27.083946980854197,
          "pct": 0.15
        },
        "tower_damage": {
          "raw": 3576,
          "pct": 0.95
        },
        "stuns_per_min": {
          "raw": 0,
          "pct": 0.85
        },
        "lhten": {}
      }
    },
    {
      "player_slot": 3,
      "ability_targets": null,
      "ability_upgrades_arr": [
        338,
        5436,
        338,
        5436,
        338,
        5437,
        338,
        5436,
        5436,
        755,
        5435,
        5437,
        5435,
        5435,
        340,
        5435,
        5437,
        756,
        7115,
        339
      ],
      "ability_uses": null,
      "actions": null,
      "additional_units": null,
      "assists": 22,
      "backpack_0": 0,
      "backpack_1": 0,
      "backpack_2": 0,
      "backpack_3": null,
      "buyback_log": null,
      "camps_stacked": null,
      "connection_log": null,
      "creeps_stacked": null,
      "damage": null,
      "damage_inflictor": null,
      "damage_inflictor_received": null,
      "damage_taken": null,
      "damage_targets": null,
      "deaths": 12,
      "denies": 4,
      "dn_t": null,
      "firstblood_claimed": null,
      "gold": 2072,
      "gold_per_min": 324,
      "gold_reasons": null,
      "gold_spent": 18405,
      "gold_t": null,
      "hero_damage": 17628,
      "hero_healing": 3514,
      "hero_hits": null,
      "hero_id": 83,
      "item_0": 108,
      "item_1": 223,
      "item_2": 1,
      "item_3": 235,
      "item_4": 180,
      "item_5": 0,
      "item_neutral": 301,
      "item_uses": null,
      "kill_streaks": null,
      "killed": null,
      "killed_by": null,
      "kills": 5,
      "kills_log": null,
      "lane_pos": null,
      "last_hits": 109,
      "leaver_status": 0,
      "level": 27,
      "lh_t": null,
      "life_state": null,
      "max_hero_hit": null,
      "multi_kills": null,
      "net_worth": 20447,
      "obs": null,
      "obs_left_log": null,
      "obs_log": null,
      "obs_placed": null,
      "party_id": 3,
      "party_size": 1,
      "performance_others": null,
      "permanent_buffs": [
        {
          "permanent_buff": 6,
          "stack_count": 3,
          "grant_time": 831
        },
        {
          "permanent_buff": 12,
          "stack_count": 0,
          "grant_time": 2151
        }
      ],
      "pings": null,
      "pred_vict": null,
      "purchase": null,
      "purchase_log": null,
      "randomed": null,
      "repicked": null,
      "roshans_killed": null,
      "rune_pickups": null,
      "runes": null,
      "runes_log": null,
      "sen": null,
      "sen_left_log": null,
      "sen_log": null,
      "sen_placed": null,
      "stuns": null,
      "teamfight_participation": null,
      "times": null,
      "tower_damage": 2601,
      "towers_killed": null,
      "xp_per_min": 675,
      "xp_reasons": null,
      "xp_t": null,
      "personaname": "Lamakz",
      "name": null,
      "last_login": null,
      "start_time": 1669912610,
      "duration": 4074,
      "cluster": 184,
      "lobby_type": 7,
      "game_mode": 22,
      "is_contributor": false,
      "patch": 51,
      "region": 8,
      "isRadiant": true,
      "total_gold": 21999,
      "total_xp": 45832,
      "kills_per_min": 0.07363770250368187,
      "kda": 2,
      "abandons": 0,
      "rank_tier": 15,
      "is_subscriber": false,
      "cosmetics": [],
      "benchmarks": {
        "gold_per_min": {
          "raw": 324,
          "pct": 0.6206896551724138
        },
        "xp_per_min": {
          "raw": 675,
          "pct": 0.896551724137931
        },
        "kills_per_min": {
          "raw": 0.07363770250368189,
          "pct": 0.41379310344827586
        },
        "last_hits_per_min": {
          "raw": 1.605301914580265,
          "pct": 0.6896551724137931
        },
        "hero_damage_per_min": {
          "raw": 259.6170839469808,
          "pct": 0.27586206896551724
        },
        "hero_healing_per_min": {
          "raw": 51.75257731958763,
          "pct": 0
        },
        "tower_damage": {
          "raw": 2601,
          "pct": 0.8620689655172413
        },
        "stuns_per_min": {
          "raw": 0,
          "pct": 0
        },
        "lhten": {}
      }
    },
    {
      "player_slot": 4,
      "ability_targets": null,
      "ability_upgrades_arr": [
        6480,
        6483,
        6480,
        6483,
        6480,
        6482,
        6480,
        6483,
        6483,
        384,
        6488,
        6482,
        6488,
        6488,
        6489,
        6488,
        6482,
        989,
        6485,
        6479,
        6487,
        382
      ],
      "ability_uses": null,
      "actions": null,
      "additional_units": null,
      "assists": 16,
      "backpack_0": 31,
      "backpack_1": 102,
      "backpack_2": 0,
      "backpack_3": null,
      "buyback_log": null,
      "camps_stacked": null,
      "connection_log": null,
      "creeps_stacked": null,
      "damage": null,
      "damage_inflictor": null,
      "damage_inflictor_received": null,
      "damage_taken": null,
      "damage_targets": null,
      "deaths": 9,
      "denies": 6,
      "dn_t": null,
      "firstblood_claimed": null,
      "gold": 3784,
      "gold_per_min": 489,
      "gold_reasons": null,
      "gold_spent": 24975,
      "gold_t": null,
      "hero_damage": 28946,
      "hero_healing": 253,
      "hero_hits": null,
      "hero_id": 128,
      "item_0": 256,
      "item_1": 100,
      "item_2": 1,
      "item_3": 116,
      "item_4": 180,
      "item_5": 96,
      "item_neutral": 829,
      "item_uses": null,
      "kill_streaks": null,
      "killed": null,
      "killed_by": null,
      "kills": 14,
      "kills_log": null,
      "lane_pos": null,
      "last_hits": 328,
      "leaver_status": 0,
      "level": 29,
      "lh_t": null,
      "life_state": null,
      "max_hero_hit": null,
      "multi_kills": null,
      "net_worth": 26884,
      "obs": null,
      "obs_left_log": null,
      "obs_log": null,
      "obs_placed": null,
      "party_id": 4,
      "party_size": 1,
      "performance_others": null,
      "permanent_buffs": [
        {
          "permanent_buff": 12,
          "stack_count": 0,
          "grant_time": 1516
        }
      ],
      "pings": null,
      "pred_vict": null,
      "purchase": null,
      "purchase_log": null,
      "randomed": null,
      "repicked": null,
      "roshans_killed": null,
      "rune_pickups": null,
      "runes": null,
      "runes_log": null,
      "sen": null,
      "sen_left_log": null,
      "sen_log": null,
      "sen_placed": null,
      "stuns": null,
      "teamfight_participation": null,
      "times": null,
      "tower_damage": 2375,
      "towers_killed": null,
      "xp_per_min": 819,
      "xp_reasons": null,
      "xp_t": null,
      "personaname": "Guts",
      "name": null,
      "last_login": null,
      "start_time": 1669912610,
      "duration": 4074,
      "cluster": 184,
      "lobby_type": 7,
      "game_mode": 22,
      "is_contributor": false,
      "patch": 51,
      "region": 8,
      "isRadiant": true,
      "total_gold": 33203,
      "total_xp": 55610,
      "kills_per_min": 0.20618556701030927,
      "kda": 3,
      "abandons": 0,
      "rank_tier": 21,
      "is_subscriber": false,
      "cosmetics": [],
      "benchmarks": {
        "gold_per_min": {
          "raw": 489,
          "pct": 0.8837209302325582
        },
        "xp_per_min": {
          "raw": 819,
          "pct": 0.9883720930232558
        },
        "kills_per_min": {
          "raw": 0.20618556701030927,
          "pct": 0.7558139534883721
        },
        "last_hits_per_min": {
          "raw": 4.830633284241532,
          "pct": 0.8255813953488372
        },
        "hero_damage_per_min": {
          "raw": 426.3033873343152,
          "pct": 0.47674418604651164
        },
        "hero_healing_per_min": {
          "raw": 3.7260677466863035,
          "pct": 0.26744186046511625
        },
        "tower_damage": {
          "raw": 2375,
          "pct": 0.872093023255814
        },
        "stuns_per_min": {
          "raw": 0,
          "pct": 0
        },
        "lhten": {}
      }
    },
    {
      "player_slot": 128,
      "ability_targets": null,
      "ability_upgrades_arr": [
        5347,
        5345,
        5347,
        5345,
        5346,
        5348,
        5346,
        5347,
        5347,
        5346,
        5346,
        973,
        5348,
        5345,
        5345,
        6352,
        5348,
        6534,
        6810,
        7652,
        6214,
        6291
      ],
      "ability_uses": null,
      "actions": null,
      "additional_units": null,
      "assists": 33,
      "backpack_0": 0,
      "backpack_1": 0,
      "backpack_2": 0,
      "backpack_3": null,
      "buyback_log": null,
      "camps_stacked": null,
      "connection_log": null,
      "creeps_stacked": null,
      "damage": null,
      "damage_inflictor": null,
      "damage_inflictor_received": null,
      "damage_taken": null,
      "damage_targets": null,
      "deaths": 18,
      "denies": 2,
      "dn_t": null,
      "firstblood_claimed": null,
      "gold": 5040,
      "gold_per_min": 482,
      "gold_reasons": null,
      "gold_spent": 23525,
      "gold_t": null,
      "hero_damage": 43816,
      "hero_healing": 0,
      "hero_hits": null,
      "hero_id": 68,
      "item_0": 254,
      "item_1": 206,
      "item_2": 190,
      "item_3": 269,
      "item_4": 180,
      "item_5": 256,
      "item_neutral": 300,
      "item_uses": null,
      "kill_streaks": null,
      "killed": null,
      "killed_by": null,
      "kills": 11,
      "kills_log": null,
      "lane_pos": null,
      "last_hits": 180,
      "leaver_status": 0,
      "level": 29,
      "lh_t": null,
      "life_state": null,
      "max_hero_hit": null,
      "multi_kills": null,
      "net_worth": 25365,
      "obs": null,
      "obs_left_log": null,
      "obs_log": null,
      "obs_placed": null,
      "party_id": 5,
      "party_size": 1,
      "performance_others": null,
      "permanent_buffs": [
        {
          "permanent_buff": 2,
          "stack_count": 0,
          "grant_time": 3605
        },
        {
          "permanent_buff": 6,
          "stack_count": 4,
          "grant_time": 857
        },
        {
          "permanent_buff": 12,
          "stack_count": 0,
          "grant_time": 1312
        }
      ],
      "pings": null,
      "pred_vict": null,
      "purchase": null,
      "purchase_log": null,
      "randomed": null,
      "repicked": null,
      "roshans_killed": null,
      "rune_pickups": null,
      "runes": null,
      "runes_log": null,
      "sen": null,
      "sen_left_log": null,
      "sen_log": null,
      "sen_placed": null,
      "stuns": null,
      "teamfight_participation": null,
      "times": null,
      "tower_damage": 1585,
      "towers_killed": null,
      "xp_per_min": 651,
      "xp_reasons": null,
      "xp_t": null,
      "start_time": 1669912610,
      "duration": 4074,
      "cluster": 184,
      "lobby_type": 7,
      "game_mode": 22,
      "is_contributor": false,
      "patch": 51,
      "region": 8,
      "isRadiant": false,
      "total_gold": 32727,
      "total_xp": 44202,
      "kills_per_min": 0.16200294550810013,
      "kda": 2,
      "abandons": 0,
      "rank_tier": null,
      "is_subscriber": false,
      "cosmetics": [],
      "benchmarks": {
        "gold_per_min": {
          "raw": 482,
          "pct": 0.8571428571428571
        },
        "xp_per_min": {
          "raw": 651,
          "pct": 0.5714285714285714
        },
        "kills_per_min": {
          "raw": 0.16200294550810015,
          "pct": 0.5714285714285714
        },
        "last_hits_per_min": {
          "raw": 2.650957290132548,
          "pct": 0.7857142857142857
        },
        "hero_damage_per_min": {
          "raw": 645.3019145802651,
          "pct": 0.6428571428571429
        },
        "hero_healing_per_min": {
          "raw": 0,
          "pct": 0.7857142857142857
        },
        "tower_damage": {
          "raw": 1585,
          "pct": 0.7857142857142857
        },
        "stuns_per_min": {
          "raw": 0,
          "pct": 0
        },
        "lhten": {}
      }
    },
    {
      "player_slot": 129,
      "ability_targets": null,
      "ability_upgrades_arr": [
        5150,
        5151,
        5150,
        5151,
        5150,
        5153,
        5150,
        5151,
        5151,
        650,
        650,
        5153,
        650,
        800,
        765,
        650,
        5153,
        1069,
        6953,
        7898,
        8039,
        413,
        6152
      ],
      "ability_uses": null,
      "actions": null,
      "additional_units": null,
      "assists": 23,
      "backpack_0": 41,
      "backpack_1": 0,
      "backpack_2": 0,
      "backpack_3": null,
      "buyback_log": null,
      "camps_stacked": null,
      "connection_log": null,
      "creeps_stacked": null,
      "damage": null,
      "damage_inflictor": null,
      "damage_inflictor_received": null,
      "damage_taken": null,
      "damage_targets": null,
      "deaths": 11,
      "denies": 10,
      "dn_t": null,
      "firstblood_claimed": null,
      "gold": 3982,
      "gold_per_min": 677,
      "gold_reasons": null,
      "gold_spent": 34870,
      "gold_t": null,
      "hero_damage": 93402,
      "hero_healing": 0,
      "hero_hits": null,
      "hero_id": 34,
      "item_0": 116,
      "item_1": 600,
      "item_2": 235,
      "item_3": 96,
      "item_4": 176,
      "item_5": 119,
      "item_neutral": 374,
      "item_uses": null,
      "kill_streaks": null,
      "killed": null,
      "killed_by": null,
      "kills": 14,
      "kills_log": null,
      "lane_pos": null,
      "last_hits": 402,
      "leaver_status": 0,
      "level": 30,
      "lh_t": null,
      "life_state": null,
      "max_hero_hit": null,
      "multi_kills": null,
      "net_worth": 36757,
      "obs": null,
      "obs_left_log": null,
      "obs_log": null,
      "obs_placed": null,
      "party_id": 6,
      "party_size": 1,
      "performance_others": null,
      "permanent_buffs": [
        {
          "permanent_buff": 6,
          "stack_count": 1,
          "grant_time": 2039
        }
      ],
      "pings": null,
      "pred_vict": null,
      "purchase": null,
      "purchase_log": null,
      "randomed": null,
      "repicked": null,
      "roshans_killed": null,
      "rune_pickups": null,
      "runes": null,
      "runes_log": null,
      "sen": null,
      "sen_left_log": null,
      "sen_log": null,
      "sen_placed": null,
      "stuns": null,
      "teamfight_participation": null,
      "times": null,
      "tower_damage": 1108,
      "towers_killed": null,
      "xp_per_min": 923,
      "xp_reasons": null,
      "xp_t": null,
      "personaname": "srw^7",
      "name": null,
      "last_login": null,
      "start_time": 1669912610,
      "duration": 4074,
      "cluster": 184,
      "lobby_type": 7,
      "game_mode": 22,
      "is_contributor": false,
      "patch": 51,
      "region": 8,
      "isRadiant": false,
      "total_gold": 45968,
      "total_xp": 62671,
      "kills_per_min": 0.20618556701030927,
      "kda": 3,
      "abandons": 0,
      "rank_tier": 24,
      "is_subscriber": false,
      "cosmetics": [],
      "benchmarks": {
        "gold_per_min": {
          "raw": 677,
          "pct": 0.6923076923076923
        },
        "xp_per_min": {
          "raw": 923,
          "pct": 0.8461538461538461
        },
        "kills_per_min": {
          "raw": 0.20618556701030927,
          "pct": 0.38461538461538464
        },
        "last_hits_per_min": {
          "raw": 5.920471281296023,
          "pct": 0.6153846153846154
        },
        "hero_damage_per_min": {
          "raw": 1375.581737849779,
          "pct": 0.9230769230769231
        },
        "hero_healing_per_min": {
          "raw": 0,
          "pct": 0.6153846153846154
        },
        "tower_damage": {
          "raw": 1108,
          "pct": 0.9230769230769231
        },
        "stuns_per_min": {
          "raw": 0,
          "pct": 0.46153846153846156
        },
        "lhten": {}
      }
    },
    {
      "player_slot": 130,
      "ability_targets": null,
      "ability_upgrades_arr": [
        5154,
        5156,
        5155,
        5156,
        5156,
        5155,
        5155,
        5155,
        5157,
        928,
        5156,
        5157,
        5154,
        5154,
        5907,
        5154,
        5157,
        6896,
        5943,
        6897,
        7396,
        6305,
        6198
      ],
      "ability_uses": null,
      "actions": null,
      "additional_units": null,
      "assists": 12,
      "backpack_0": 63,
      "backpack_1": 0,
      "backpack_2": 263,
      "backpack_3": null,
      "buyback_log": null,
      "camps_stacked": null,
      "connection_log": null,
      "creeps_stacked": null,
      "damage": null,
      "damage_inflictor": null,
      "damage_inflictor_received": null,
      "damage_taken": null,
      "damage_targets": null,
      "deaths": 14,
      "denies": 30,
      "dn_t": null,
      "firstblood_claimed": null,
      "gold": 8159,
      "gold_per_min": 702,
      "gold_reasons": null,
      "gold_spent": 35875,
      "gold_t": null,
      "hero_damage": 54444,
      "hero_healing": 0,
      "hero_hits": null,
      "hero_id": 35,
      "item_0": 168,
      "item_1": 156,
      "item_2": 0,
      "item_3": 158,
      "item_4": 116,
      "item_5": 139,
      "item_neutral": 573,
      "item_uses": null,
      "kill_streaks": null,
      "killed": null,
      "killed_by": null,
      "kills": 19,
      "kills_log": null,
      "lane_pos": null,
      "last_hits": 529,
      "leaver_status": 0,
      "level": 30,
      "lh_t": null,
      "life_state": null,
      "max_hero_hit": null,
      "multi_kills": null,
      "net_worth": 42684,
      "obs": null,
      "obs_left_log": null,
      "obs_log": null,
      "obs_placed": null,
      "party_id": 7,
      "party_size": 1,
      "performance_others": null,
      "permanent_buffs": [
        {
          "permanent_buff": 1,
          "stack_count": 0,
          "grant_time": 3607
        },
        {
          "permanent_buff": 12,
          "stack_count": 0,
          "grant_time": 2971
        }
      ],
      "pings": null,
      "pred_vict": null,
      "purchase": null,
      "purchase_log": null,
      "randomed": null,
      "repicked": null,
      "roshans_killed": null,
      "rune_pickups": null,
      "runes": null,
      "runes_log": null,
      "sen": null,
      "sen_left_log": null,
      "sen_log": null,
      "sen_placed": null,
      "stuns": null,
      "teamfight_participation": null,
      "times": null,
      "tower_damage": 12585,
      "towers_killed": null,
      "xp_per_min": 851,
      "xp_reasons": null,
      "xp_t": null,
      "start_time": 1669912610,
      "duration": 4074,
      "cluster": 184,
      "lobby_type": 7,
      "game_mode": 22,
      "is_contributor": false,
      "patch": 51,
      "region": 8,
      "isRadiant": false,
      "total_gold": 47665,
      "total_xp": 57782,
      "kills_per_min": 0.2798232695139911,
      "kda": 2,
      "abandons": 0,
      "rank_tier": null,
      "is_subscriber": false,
      "cosmetics": [],
      "benchmarks": {
        "gold_per_min": {
          "raw": 702,
          "pct": 0.9259259259259259
        },
        "xp_per_min": {
          "raw": 851,
          "pct": 0.8148148148148148
        },
        "kills_per_min": {
          "raw": 0.27982326951399117,
          "pct": 0.6296296296296297
        },
        "last_hits_per_min": {
          "raw": 7.790868924889544,
          "pct": 0.6296296296296297
        },
        "hero_damage_per_min": {
          "raw": 801.8262150220913,
          "pct": 0.4074074074074074
        },
        "hero_healing_per_min": {
          "raw": 0,
          "pct": 0.9629629629629629
        },
        "tower_damage": {
          "raw": 12585,
          "pct": 0.8148148148148148
        },
        "stuns_per_min": {
          "raw": 0,
          "pct": 0.1111111111111111
        },
        "lhten": {}
      }
    },
    {
      "player_slot": 131,
      "ability_targets": null,
      "ability_upgrades_arr": [
        5591,
        5593,
        5591,
        5589,
        5593,
        5591,
        5593,
        5591,
        5594,
        5593,
        6016,
        5594,
        5589,
        5589,
        6171,
        5589,
        5594,
        6827,
        6720,
        917
      ],
      "ability_uses": null,
      "actions": null,
      "additional_units": null,
      "assists": 23,
      "backpack_0": 0,
      "backpack_1": 0,
      "backpack_2": 0,
      "backpack_3": null,
      "buyback_log": null,
      "camps_stacked": null,
      "connection_log": null,
      "creeps_stacked": null,
      "damage": null,
      "damage_inflictor": null,
      "damage_inflictor_received": null,
      "damage_taken": null,
      "damage_targets": null,
      "deaths": 14,
      "denies": 1,
      "dn_t": null,
      "firstblood_claimed": null,
      "gold": 3422,
      "gold_per_min": 504,
      "gold_reasons": null,
      "gold_spent": 24935,
      "gold_t": null,
      "hero_damage": 48915,
      "hero_healing": 0,
      "hero_hits": null,
      "hero_id": 103,
      "item_0": 252,
      "item_1": 141,
      "item_2": 156,
      "item_3": 63,
      "item_4": 108,
      "item_5": 168,
      "item_neutral": 678,
      "item_uses": null,
      "kill_streaks": null,
      "killed": null,
      "killed_by": null,
      "kills": 10,
      "kills_log": null,
      "lane_pos": null,
      "last_hits": 258,
      "leaver_status": 0,
      "level": 28,
      "lh_t": null,
      "life_state": null,
      "max_hero_hit": null,
      "multi_kills": null,
      "net_worth": 26622,
      "obs": null,
      "obs_left_log": null,
      "obs_log": null,
      "obs_placed": null,
      "party_id": 8,
      "party_size": 1,
      "performance_others": null,
      "permanent_buffs": [
        {
          "permanent_buff": 12,
          "stack_count": 0,
          "grant_time": 2162
        }
      ],
      "pings": null,
      "pred_vict": null,
      "purchase": null,
      "purchase_log": null,
      "randomed": null,
      "repicked": null,
      "roshans_killed": null,
      "rune_pickups": null,
      "runes": null,
      "runes_log": null,
      "sen": null,
      "sen_left_log": null,
      "sen_log": null,
      "sen_placed": null,
      "stuns": null,
      "teamfight_participation": null,
      "times": null,
      "tower_damage": 3463,
      "towers_killed": null,
      "xp_per_min": 646,
      "xp_reasons": null,
      "xp_t": null,
      "personaname": "Спирт",
      "name": null,
      "last_login": null,
      "start_time": 1669912610,
      "duration": 4074,
      "cluster": 184,
      "lobby_type": 7,
      "game_mode": 22,
      "is_contributor": false,
      "patch": 51,
      "region": 8,
      "isRadiant": false,
      "total_gold": 34221,
      "total_xp": 43863,
      "kills_per_min": 0.14727540500736375,
      "kda": 2,
      "abandons": 0,
      "rank_tier": 32,
      "is_subscriber": false,
      "cosmetics": [],
      "benchmarks": {
        "gold_per_min": {
          "raw": 504,
          "pct": 0.8
        },
        "xp_per_min": {
          "raw": 646,
          "pct": 0.6
        },
        "kills_per_min": {
          "raw": 0.14727540500736377,
          "pct": 0.8
        },
        "last_hits_per_min": {
          "raw": 3.799705449189985,
          "pct": 0.6
        },
        "hero_damage_per_min": {
          "raw": 720.3976435935199,
          "pct": 1
        },
        "hero_healing_per_min": {
          "raw": 0,
          "pct": 1
        },
        "tower_damage": {
          "raw": 3463,
          "pct": 0.6
        },
        "stuns_per_min": {
          "raw": 0,
          "pct": 0
        },
        "lhten": {}
      }
    },
    {
      "player_slot": 132,
      "ability_targets": null,
      "ability_upgrades_arr": [
        5247,
        5246,
        5247,
        5245,
        5247,
        5248,
        5247,
        5246,
        5246,
        470,
        5246,
        5248,
        5245,
        5245,
        6016,
        5245,
        5248,
        927,
        6084,
        926,
        6500
      ],
      "ability_uses": null,
      "actions": null,
      "additional_units": null,
      "assists": 21,
      "backpack_0": 0,
      "backpack_1": 40,
      "backpack_2": 0,
      "backpack_3": null,
      "buyback_log": null,
      "camps_stacked": null,
      "connection_log": null,
      "creeps_stacked": null,
      "damage": null,
      "damage_inflictor": null,
      "damage_inflictor_received": null,
      "damage_taken": null,
      "damage_targets": null,
      "deaths": 18,
      "denies": 10,
      "dn_t": null,
      "firstblood_claimed": null,
      "gold": 8606,
      "gold_per_min": 620,
      "gold_reasons": null,
      "gold_spent": 24640,
      "gold_t": null,
      "hero_damage": 29283,
      "hero_healing": 0,
      "hero_hits": null,
      "hero_id": 53,
      "item_0": 98,
      "item_1": 96,
      "item_2": 166,
      "item_3": 112,
      "item_4": 133,
      "item_5": 63,
      "item_neutral": 829,
      "item_uses": null,
      "kill_streaks": null,
      "killed": null,
      "killed_by": null,
      "kills": 7,
      "kills_log": null,
      "lane_pos": null,
      "last_hits": 397,
      "leaver_status": 0,
      "level": 28,
      "lh_t": null,
      "life_state": null,
      "max_hero_hit": null,
      "multi_kills": null,
      "net_worth": 34511,
      "obs": null,
      "obs_left_log": null,
      "obs_log": null,
      "obs_placed": null,
      "party_id": 9,
      "party_size": 1,
      "performance_others": null,
      "permanent_buffs": [
        {
          "permanent_buff": 6,
          "stack_count": 1,
          "grant_time": 3263
        },
        {
          "permanent_buff": 12,
          "stack_count": 0,
          "grant_time": 2688
        }
      ],
      "pings": null,
      "pred_vict": null,
      "purchase": null,
      "purchase_log": null,
      "randomed": null,
      "repicked": null,
      "roshans_killed": null,
      "rune_pickups": null,
      "runes": null,
      "runes_log": null,
      "sen": null,
      "sen_left_log": null,
      "sen_log": null,
      "sen_placed": null,
      "stuns": null,
      "teamfight_participation": null,
      "times": null,
      "tower_damage": 11155,
      "towers_killed": null,
      "xp_per_min": 677,
      "xp_reasons": null,
      "xp_t": null,
      "personaname": "555",
      "name": null,
      "last_login": null,
      "start_time": 1669912610,
      "duration": 4074,
      "cluster": 184,
      "lobby_type": 7,
      "game_mode": 22,
      "is_contributor": false,
      "patch": 51,
      "region": 8,
      "isRadiant": false,
      "total_gold": 42098,
      "total_xp": 45968,
      "kills_per_min": 0.10309278350515463,
      "kda": 1,
      "abandons": 0,
      "rank_tier": 22,
      "is_subscriber": false,
      "cosmetics": [],
      "benchmarks": {
        "gold_per_min": {
          "raw": 620,
          "pct": 0.38095238095238093
        },
        "xp_per_min": {
          "raw": 677,
          "pct": 0.4523809523809524
        },
        "kills_per_min": {
          "raw": 0.10309278350515463,
          "pct": 0.30952380952380953
        },
        "last_hits_per_min": {
          "raw": 5.846833578792341,
          "pct": 0.09523809523809523
        },
        "hero_damage_per_min": {
          "raw": 431.26656848306334,
          "pct": 0.11904761904761904
        },
        "hero_healing_per_min": {
          "raw": 0,
          "pct": 0.9761904761904762
        },
        "tower_damage": {
          "raw": 11155,
          "pct": 0.7380952380952381
        },
        "stuns_per_min": {
          "raw": 0,
          "pct": 0.30952380952380953
        },
        "lhten": {}
      }
    }
  ],
  "patch": 51,
  "region": 8
}