{
  "chat": null,
  "cluster": 181,
  "cosmetics": null,
  "dire_score": 63,
  "dire_team_id": null,
  "draft_timings": null,
  "duration": 2898,
  "engine": 1,
  "first_blood_time": 173,
  "game_mode": 22,
  "human_players": 10,
  "leagueid": 0,
  "lobby_type": 7,
  "match_seq_num": 5780373839,
  "negative_votes": 0,
  "objectives": null,
  "picks_bans": [
    {
      "is_pick": true,
      "hero_id": 30,
      "team": 1,
      "order": 0
    },
    {
      "is_pick": true,
      "hero_id": 21,
      "team": 1,
      "order": 1
    },
    {
      "is_pick": true,
      "hero_id": 57,
      "team": 0,
      "order": 2
    },
    {
      "is_pick": true,
      "hero_id": 7,
      "team": 0,
      "order": 3
    },
    {
      "is_pick": true,
      "hero_id": 4,
      "team": 1,
      "order": 4
    },
    {
      "is_pick": true,
      "hero_id": 52,
      "team": 0,
      "order": 5
    },
    {
      "is_pick": true,
      "hero_id": 99,
      "team": 1,
      "order": 6
    },
    {
      "is_pick": true,
      "hero_id": 56,
      "team": 0,
      "order": 7
    },
    {
      "is_pick": true,
      "hero_id": 64,
      "team": 1,
      "order": 8
    },
    {
      "is_pick": true,
      "hero_id": 14,
      "team": 0,
      "order": 9
    },
    {
      "is_pick": false,
      "hero_id": 72,
      "team": 0,
      "order": 10
    },
    {
      "is_pick": false,
      "hero_id": 93,
      "team": 0,
      "order": 11
    },
    {
      "is_pick": false,
      "hero_id": 1,
      "team": 0,
      "order": 12
    },
    {
      "is_pick": false,
      "hero_id": 26,
      "team": 0,
      "order": 13
    },
    {
      "is_pick": false,
      "hero_id": 59,
      "team": 0,
      "order": 14
    },
    {
      "is_pick": false,
      "hero_id": 113,
      "team": 1,
      "order": 15
    },
    {
      "is_pick": false,
      "hero_id": 74,
      "team": 1,
      "order": 16
    }
  ],
  "positive_votes": 0,
  "radiant_gold_adv": null,
  "radiant_score": 38,
  "radiant_team_id": null,
  "radiant_xp_adv": null,
  "skill": null,
  "start_time": 1669912016,
  "teamfights": null,
  "version": null,
  "replay_salt": 2068123190,
  "series_id": 0,
  "series_type": 0,
  "players": [
    {
      "player_slot": 0,
      "ability_targets": null,
      "ability_upgrades_arr": [
        895,
        656,
        5263,
        895,
        5263,
        5266,
        5263,
        5263,
        895,
        404,
        895,
        5266,
        656,
        656,
        501,
        656,
        5266
      ],
      "ability_uses": null,
      "actions": null,
      "additional_units": null,
      "assists": 10,
      "backpack_0": 40,
      "backpack_1": 181,
      "backpack_2": 22,
      "backpack_3": null,
      "buyback_log": null,
      "camps_stacked": null,
      "connection_log": null,
      "creeps_stacked": null,
      "damage": null,
      "damage_inflictor": null,
      "damage_inflictor_received": null,
      "damage_taken": null,
      "damage_targets": null,
      "deaths": 15,
      "denies": 1,
      "dn_t": null,
      "firstblood_claimed": null,
      "gold": 878,
      "gold_per_min": 251,
      "gold_reasons": null,
      "gold_spent": 11185,
      "gold_t": null,
      "hero_damage": 4330,
      "hero_healing": 7570,
      "hero_hits": null,
      "hero_id": 57,
      "item_0": 178,
      "item_1": 0,
      "item_2": 21,
      "item_3": 23,
      "item_4": 269,
      "item_5": 180,
      "item_neutral": 290,
      "item_uses": null,
      "kill_streaks": null,
      "killed": null,
      "killed_by": null,
      "kills": 0,
      "kills_log": null,
      "lane_pos": null,
      "last_hits": 15,
      "leaver_status": 0,
      "level": 19,
      "lh_t": null,
      "life_state": null,
      "max_hero_hit": null,
      "multi_kills": null,
      "net_worth": 8708,
      "obs": null,
      "obs_left_log": null,
      "obs_log": null,
      "obs_placed": null,
      "party_id": 0,
      "party_size": 1,
      "performance_others": null,
      "permanent_buffs": [],
      "pings": null,
      "pred_vict": null,
      "purchase": null,
      "purchase_log": null,
      "randomed": null,
      "repicked": null,
      "roshans_killed": null,
      "rune_pickups": null,
      "runes": null,
      "runes_log": null,
      "sen": null,
      "sen_left_log": null,
      "sen_log": null,
      "sen_placed": null,
      "stuns": null,
      "teamfight_participation": null,
      "times": null,
      "tower_damage": 0,
      "towers_killed": null,
      "xp_per_min": 402,
      "xp_reasons": null,
      "xp_t": null,
      "start_time": 1669912016,
      "duration": 2898,
      "cluster": 181,
      "lobby_type": 7,
      "game_mode": 22,
      "is_contributor": false,
      "patch": 51,
      "region": 8,
      "isRadiant": true,
      "total_gold": 12123,
      "total_xp": 19416,
      "kda": 0,
      "abandons": 0,
      "rank_tier": null,
      "is_subscriber": false,
      "cosmetics": [],
      "benchmarks": {
        "gold_per_min": {
          "raw": 251,
          "pct": 0.125
        },
        "xp_per_min": {
          "raw": 402,
          "pct": 0.25
        },
        "kills_per_min": {
          "raw": 0,
          "pct": 0.0625
        },
        "last_hits_per_min": {
          "raw": 0.3105590062111801,
          "pct": 0
        },
        "hero_damage_per_min": {
          "raw": 89.648033126294,
          "pct": 0.0625
        },
        "hero_healing_per_min": {
          "raw": 156.7287784679089,
          "pct": 0.375
        },
        "tower_damage": {
          "raw": 0,
          "pct": 0
        },
        "stuns_per_min": {
          "raw": 0,
          "pct": 0.9375
        },
        "lhten": {}
      }
    },
    {
      "player_slot": 1,
      "ability_targets": null,
      "ability_upgrades_arr": [
        5260,
        5259,
        5260,
        5260,
        5259,
        5262,
        5261,
        5260,
        5259,
        5261,
        5262,
        6104,
        5261,
        5259,
        495,
        5261,
        5262,
        5944,
        7878,
        523,
        6231
      ],
      "ability_uses": null,
      "actions": null,
      "additional_units": null,
      "assists": 8,
      "backpack_0": 56,
      "backpack_1": 0,
      "backpack_2": 0,
      "backpack_3": null,
      "buyback_log": null,
      "camps_stacked": null,
      "connection_log": null,
      "creeps_stacked": null,
      "damage": null,
      "damage_inflictor": null,
      "damage_inflictor_received": null,
      "damage_taken": null,
      "damage_targets": null,
      "deaths": 6,
      "denies": 11,
      "dn_t": null,
      "firstblood_claimed": null,
      "gold": 9172,
      "gold_per_min": 712,
      "gold_reasons": null,
      "gold_spent": 25120,
      "gold_t": null,
      "hero_damage": 55941,
      "hero_healing": 0,
      "hero_hits": null,
      "hero_id": 56,
      "item_0": 596,
      "item_1": 1466,
      "item_2": 141,
      "item_3": 116,
      "item_4": 135,
      "item_5": 63,
      "item_neutral": 638,
      "item_uses": null,
      "kill_streaks": null,
      "killed": null,
      "killed_by": null,
      "kills": 16,
      "kills_log": null,
      "lane_pos": null,
      "last_hits": 357,
      "leaver_status": 0,
      "level": 28,
      "lh_t": null,
      "life_state": null,
      "max_hero_hit": null,
      "multi_kills": null,
      "net_worth": 33047,
      "obs": null,
      "obs_left_log": null,
      "obs_log": null,
      "obs_placed": null,
      "party_id": 1,
      "party_size": 1,
      "performance_others": null,
      "permanent_buffs": [],
      "pings": null,
      "pred_vict": null,
      "purchase": null,
      "purchase_log": null,
      "randomed": null,
      "repicked": null,
      "roshans_killed": null,
      "rune_pickups": null,
      "runes": null,
      "runes_log": null,
      "sen": null,
      "sen_left_log": null,
      "sen_log": null,
      "sen_placed": null,
      "stuns": null,
      "teamfight_participation": null,
      "times": null,
      "tower_damage": 4163,
      "towers_killed": null,
      "xp_per_min": 849,
      "xp_reasons": null,
      "xp_t": null,
      "personaname": "Cougar1c",
      "name": null,
      "last_login": null,
      "start_time": 1669912016,
      "duration": 2898,
      "cluster": 181,
      "lobby_type": 7,
      "game_mode": 22,
      "is_contributor": false,
      "patch": 51,
      "region": 8,
      "isRadiant": true,
      "total_gold": 34389,
      "total_xp": 41006,
      "kills_per_min": 0.33126293995859213,
      "kda": 3,
      "abandons": 0,
      "rank_tier": 13,
      "is_subscriber": false,
      "cosmetics": [],
      "benchmarks": {
        "gold_per_min": {
          "raw": 712,
          "pct": 0.7777777777777778
        },
        "xp_per_min": {
          "raw": 849,
          "pct": 0.7777777777777778
        },
        "kills_per_min": {
          "raw": 0.33126293995859213,
          "pct": 0.4444444444444444
        },
        "last_hits_per_min": {
          "raw": 7.391304347826087,
          "pct": 0.4444444444444444
        },
        "hero_damage_per_min": {
          "raw": 1158.1987577639752,
          "pct": 0.8888888888888888
        },
        "hero_healing_per_min": {
          "raw": 0,
          "pct": 1
        },
        "tower_damage": {
          "raw": 4163,
          "pct": 0.3333333333333333
        },
        "stuns_per_min": {
          "raw": 0,
          "pct": 0.1111111111111111
        },
        "lhten": {}
      }
    },
    {
      "player_slot": 2,
      "ability_targets": null,
      "ability_upgrades_arr": [
        5241,
        5243,
        5241,
        5243,
        5241,
        5244,
        5241,
        5242,
        5242,
        509,
        5242,
        5244,
        5242,
        5243,
        5919,
        5243,
        5244,
        6672,
        6063
      ],
      "ability_uses": null,
      "actions": null,
      "additional_units": null,
      "assists": 11,
      "backpack_0": 40,
      "backpack_1": 0,
      "backpack_2": 0,
      "backpack_3": null,
      "buyback_log": null,
      "camps_stacked": null,
      "connection_log": null,
      "creeps_stacked": null,
      "damage": null,
      "damage_inflictor": null,
      "damage_inflictor_received": null,
      "damage_taken": null,
      "damage_targets": null,
      "deaths": 8,
      "denies": 18,
      "dn_t": null,
      "firstblood_claimed": null,
      "gold": 1047,
      "gold_per_min": 418,
      "gold_reasons": null,
      "gold_spent": 18100,
      "gold_t": null,
      "hero_damage": 38459,
      "hero_healing": 0,
      "hero_hits": null,
      "hero_id": 52,
      "item_0": 34,
      "item_1": 121,
      "item_2": 116,
      "item_3": 48,
      "item_4": 77,
      "item_5": 273,
      "item_neutral": 676,
      "item_uses": null,
      "kill_streaks": null,
      "killed": null,
      "killed_by": null,
      "kills": 8,
      "kills_log": null,
      "lane_pos": null,
      "last_hits": 167,
      "leaver_status": 0,
      "level": 25,
      "lh_t": null,
      "life_state": null,
      "max_hero_hit": null,
      "multi_kills": null,
      "net_worth": 18282,
      "obs": null,
      "obs_left_log": null,
      "obs_log": null,
      "obs_placed": null,
      "party_id": 2,
      "party_size": 1,
      "performance_others": null,
      "permanent_buffs": [
        {
          "permanent_buff": 6,
          "stack_count": 3,
          "grant_time": 881
        },
        {
          "permanent_buff": 12,
          "stack_count": 0,
          "grant_time": 1786
        }
      ],
      "pings": null,
      "pred_vict": null,
      "purchase": null,
      "purchase_log": null,
      "randomed": null,
      "repicked": null,
      "roshans_killed": null,
      "rune_pickups": null,
      "runes": null,
      "runes_log": null,
      "sen": null,
      "sen_left_log": null,
      "sen_log": null,
      "sen_placed": null,
      "stuns": null,
      "teamfight_participation": null,
      "times": null,
      "tower_damage": 778,
      "towers_killed": null,
      "xp_per_min": 768,
      "xp_reasons": null,
      "xp_t": null,
      "start_time": 1669912016,
      "duration": 2898,
      "cluster": 181,
      "lobby_type": 7,
      "game_mode": 22,
      "is_contributor": false,
      "patch": 51,
      "region": 8,
      "isRadiant": true,
      "total_gold": 20189,
      "total_xp": 37094,
      "kills_per_min": 0.16563146997929606,
      "kda": 2,
      "abandons": 0,
      "rank_tier": null,
      "is_subscriber": false,
      "cosmetics": [],
      "benchmarks": {
        "gold_per_min": {
          "raw": 418,
          "pct": 0.15625
        },
        "xp_per_min": {
          "raw": 768,
          "pct": 0.75
        },
        "kills_per_min": {
          "raw": 0.16563146997929606,
          "pct": 0.5
        },
        "last_hits_per_min": {
          "raw": 3.4575569358178058,
          "pct": 0.03125
        },
        "hero_damage_per_min": {
          "raw": 796.2525879917184,
          "pct": 0.65625
        },
        "hero_healing_per_min": {
          "raw": 0,
          "pct": 0.6875
        },
        "tower_damage": {
          "raw": 778,
          "pct": 0.15625
        },
        "stuns_per_min": {
          "raw": 0,
          "pct": 0
        },
        "lhten": {}
      }
    },
    {
      "player_slot": 3,
      "ability_targets": null,
      "ability_upgrades_arr": [
        5075,
        5076,
        5075,
        5076,
        5076,
        5077,
        5074,
        5076,
        5074,
        7142,
        5074,
        5077,
        5074,
        5075,
        6565,
        5075,
        5077,
        408
      ],
      "ability_uses": null,
      "actions": null,
      "additional_units": null,
      "assists": 14,
      "backpack_0": 0,
      "backpack_1": 0,
      "backpack_2": 0,
      "backpack_3": null,
      "buyback_log": null,
      "camps_stacked": null,
      "connection_log": null,
      "creeps_stacked": null,
      "damage": null,
      "damage_inflictor": null,
      "damage_inflictor_received": null,
      "damage_taken": null,
      "damage_targets": null,
      "deaths": 15,
      "denies": 7,
      "dn_t": null,
      "firstblood_claimed": null,
      "gold": 2055,
      "gold_per_min": 348,
      "gold_reasons": null,
      "gold_spent": 11910,
      "gold_t": null,
      "hero_damage": 21837,
      "hero_healing": 0,
      "hero_hits": null,
      "hero_id": 14,
      "item_0": 473,
      "item_1": 50,
      "item_2": 1,
      "item_3": 108,
      "item_4": 125,
      "item_5": 73,
      "item_neutral": 0,
      "item_uses": null,
      "kill_streaks": null,
      "killed": null,
      "killed_by": null,
      "kills": 10,
      "kills_log": null,
      "lane_pos": null,
      "last_hits": 55,
      "leaver_status": 0,
      "level": 23,
      "lh_t": null,
      "life_state": null,
      "max_hero_hit": null,
      "multi_kills": null,
      "net_worth": 13115,
      "obs": null,
      "obs_left_log": null,
      "obs_log": null,
      "obs_placed": null,
      "party_id": 3,
      "party_size": 1,
      "performance_others": null,
      "permanent_buffs": [
        {
          "permanent_buff": 4,
          "stack_count": 20,
          "grant_time": 628
        }
      ],
      "pings": null,
      "pred_vict": null,
      "purchase": null,
      "purchase_log": null,
      "randomed": null,
      "repicked": null,
      "roshans_killed": null,
      "rune_pickups": null,
      "runes": null,
      "runes_log": null,
      "sen": null,
      "sen_left_log": null,
      "sen_log": null,
      "sen_placed": null,
      "stuns": null,
      "teamfight_participation": null,
      "times": null,
      "tower_damage": 0,
      "towers_killed": null,
      "xp_per_min": 596,
      "xp_reasons": null,
      "xp_t": null,
      "personaname": "likechik<3",
      "name": null,
      "last_login": null,
      "start_time": 1669912016,
      "duration": 2898,
      "cluster": 181,
      "lobby_type": 7,
      "game_mode": 22,
      "is_contributor": false,
      "patch": 51,
      "region": 8,
      "isRadiant": true,
      "total_gold": 16808,
      "total_xp": 28786,
      "kills_per_min": 0.2070393374741201,
      "kda": 1,
      "abandons": 0,
      "rank_tier": 13,
      "is_subscriber": false,
      "cosmetics": [],
      "benchmarks": {
        "gold_per_min": {
          "raw": 348,
          "pct": 0.3392857142857143
        },
        "xp_per_min": {
          "raw": 596,
          "pct": 0.48214285714285715
        },
        "kills_per_min": {
          "raw": 0.20703933747412007,
          "pct": 0.625
        },
        "last_hits_per_min": {
          "raw": 1.1387163561076605,
          "pct": 0.08928571428571429
        },
        "hero_damage_per_min": {
          "raw": 452.111801242236,
          "pct": 0.44642857142857145
        },
        "hero_healing_per_min": {
          "raw": 0,
          "pct": 0.6428571428571429
        },
        "tower_damage": {
          "raw": 0,
          "pct": 0.30357142857142855
        },
        "stuns_per_min": {
          "raw": 0,
          "pct": 0
        },
        "lhten": {}
      }
    },
    {
      "player_slot": 4,
      "ability_targets": null,
      "ability_upgrades_arr": [
        5023,
        5024,
        5025,
        5025,
        5025,
        5026,
        5025,
        5023,
        5023,
        744,
        5023,
        5026,
        5024,
        5024,
        858,
        5024,
        5026,
        6425
      ],
      "ability_uses": null,
      "actions": null,
      "additional_units": null,
      "assists": 9,
      "backpack_0": 23,
      "backpack_1": 0,
      "backpack_2": 0,
      "backpack_3": null,
      "buyback_log": null,
      "camps_stacked": null,
      "connection_log": null,
      "creeps_stacked": null,
      "damage": null,
      "damage_inflictor": null,
      "damage_inflictor_received": null,
      "damage_taken": null,
      "damage_targets": null,
      "deaths": 19,
      "denies": 1,
      "dn_t": null,
      "firstblood_claimed": null,
      "gold": 711,
      "gold_per_min": 302,
      "gold_reasons": null,
      "gold_spent": 14695,
      "gold_t": null,
      "hero_damage": 20712,
      "hero_healing": 195,
      "hero_hits": null,
      "hero_id": 7,
      "item_0": 214,
      "item_1": 100,
      "item_2": 40,
      "item_3": 108,
      "item_4": 593,
      "item_5": 36,
      "item_neutral": 834,
      "item_uses": null,
      "kill_streaks": null,
      "killed": null,
      "killed_by": null,
      "kills": 3,
      "kills_log": null,
      "lane_pos": null,
      "last_hits": 105,
      "leaver_status": 0,
      "level": 21,
      "lh_t": null,
      "life_state": null,
      "max_hero_hit": null,
      "multi_kills": null,
      "net_worth": 12791,
      "obs": null,
      "obs_left_log": null,
      "obs_log": null,
      "obs_placed": null,
      "party_id": 4,
      "party_size": 1,
      "performance_others": null,
      "permanent_buffs": [
        {
          "permanent_buff": 6,
          "stack_count": 1,
          "grant_time": 2746
        },
        {
          "permanent_buff": 12,
          "stack_count": 0,
          "grant_time": 2717
        }
      ],
      "pings": null,
      "pred_vict": null,
      "purchase": null,
      "purchase_log": null,
      "randomed": null,
      "repicked": null,
      "roshans_killed": null,
      "rune_pickups": null,
      "runes": null,
      "runes_log": null,
      "sen": null,
      "sen_left_log": null,
      "sen_log": null,
      "sen_placed": null,
      "stuns": null,
      "teamfight_participation": null,
      "times": null,
      "tower_damage": 43,
      "towers_killed": null,
      "xp_per_min": 519,
      "xp_reasons": null,
      "xp_t": null,
      "start_time": 1669912016,
      "duration": 2898,
      "cluster": 181,
      "lobby_type": 7,
      "game_mode": 22,
      "is_contributor": false,
      "patch": 51,
      "region": 8,
      "isRadiant": true,
      "total_gold": 14586,
      "total_xp": 25067,
      "kills_per_min": 0.06211180124223603,
      "kda": 0,
      "abandons": 0,
      "rank_tier": null,
      "is_subscriber": false,
      "cosmetics": [],
      "benchmarks": {
        "gold_per_min": {
          "raw": 302,
          "pct": 0.16666666666666666
        },
        "xp_per_min": {
          "raw": 519,
          "pct": 0.43333333333333335
        },
        "kills_per_min": {
          "raw": 0.06211180124223603,
          "pct": 0.23333333333333334
        },
        "last_hits_per_min": {
          "raw": 2.1739130434782608,
          "pct": 0.43333333333333335
        },
        "hero_damage_per_min": {
          "raw": 428.8198757763975,
          "pct": 0.3
        },
        "hero_healing_per_min": {
          "raw": 4.037267080745341,
          "pct": 1
        },
        "tower_damage": {
          "raw": 43,
          "pct": 0.16666666666666666
        },
        "stuns_per_min": {
          "raw": 0,
          "pct": 0
        },
        "lhten": {}
      }
    },
    {
      "player_slot": 128,
      "ability_targets": null,
      "ability_upgrades_arr": [
        5016,
        5017,
        5017,
        5016,
        5017,
        5018,
        5017,
        5015,
        5015,
        5015,
        5015,
        482,
        5018,
        5016,
        819,
        5016,
        5018,
        6357,
        905,
        818
      ],
      "ability_uses": null,
      "actions": null,
      "additional_units": null,
      "assists": 8,
      "backpack_0": 725,
      "backpack_1": 50,
      "backpack_2": 0,
      "backpack_3": null,
      "buyback_log": null,
      "camps_stacked": null,
      "connection_log": null,
      "creeps_stacked": null,
      "damage": null,
      "damage_inflictor": null,
      "damage_inflictor_received": null,
      "damage_taken": null,
      "damage_targets": null,
      "deaths": 6,
      "denies": 20,
      "dn_t": null,
      "firstblood_claimed": null,
      "gold": 2668,
      "gold_per_min": 622,
      "gold_reasons": null,
      "gold_spent": 27070,
      "gold_t": null,
      "hero_damage": 42483,
      "hero_healing": 0,
      "hero_hits": null,
      "hero_id": 4,
      "item_0": 117,
      "item_1": 160,
      "item_2": 158,
      "item_3": 116,
      "item_4": 156,
      "item_5": 143,
      "item_neutral": 381,
      "item_uses": null,
      "kill_streaks": null,
      "killed": null,
      "killed_by": null,
      "kills": 20,
      "kills_log": null,
      "lane_pos": null,
      "last_hits": 344,
      "leaver_status": 0,
      "level": 27,
      "lh_t": null,
      "life_state": null,
      "max_hero_hit": null,
      "multi_kills": null,
      "net_worth": 28443,
      "obs": null,
      "obs_left_log": null,
      "obs_log": null,
      "obs_placed": null,
      "party_id": 5,
      "party_size": 1,
      "performance_others": null,
      "permanent_buffs": [
        {
          "permanent_buff": 12,
          "stack_count": 0,
          "grant_time": 1659
        }
      ],
      "pings": null,
      "pred_vict": null,
      "purchase": null,
      "purchase_log": null,
      "randomed": null,
      "repicked": null,
      "roshans_killed": null,
      "rune_pickups": null,
      "runes": null,
      "runes_log": null,
      "sen": null,
      "sen_left_log": null,
      "sen_log": null,
      "sen_placed": null,
      "stuns": null,
      "teamfight_participation": null,
      "times": null,
      "tower_damage": 5570,
      "towers_killed": null,
      "xp_per_min": 838,
      "xp_reasons": null,
      "xp_t": null,
      "start_time": 1669912016,
      "duration": 2898,
      "cluster": 181,
      "lobby_type": 7,
      "game_mode": 22,
      "is_contributor": false,
      "patch": 51,
      "region": 8,
      "isRadiant": false,
      "total_gold": 30042,
      "total_xp": 40475,
      "kills_per_min": 0.4140786749482402,
      "kda": 4,
      "abandons": 0,
      "rank_tier": null,
      "is_subscriber": false,
      "cosmetics": [],
      "benchmarks": {
        "gold_per_min": {
          "raw": 622,
          "pct": 0.6
        },
        "xp_per_min": {
          "raw": 838,
          "pct": 0.8
        },
        "kills_per_min": {
          "raw": 0.41407867494824013,
          "pct": 0.92
        },
        "last_hits_per_min": {
          "raw": 7.12215320910973,
          "pct": 0.48
        },
        "hero_damage_per_min": {
          "raw": 879.5652173913044,
          "pct": 0.8
        },
        "hero_healing_per_min": {
          "raw": 0,
          "pct": 1
        },
        "tower_damage": {
          "raw": 5570,
          "pct": 0.72
        },
        "stuns_per_min": {
          "raw": 0,
          "pct": 0.36
        },
        "lhten": {}
      }
    },
    {
      "player_slot": 129,
      "ability_targets": null,
      "ability_upgrades_arr": [
        5138,
        5140,
        5140,
        5138,
        5140,
        5141,
        5138,
        5139,
        5140,
        417,
        5138,
        5141,
        5139,
        5139,
        6524,
        5139,
        5141,
        555
      ],
      "ability_uses": null,
      "actions": null,
      "additional_units": null,
      "assists": 16,
      "backpack_0": 77,
      "backpack_1": 0,
      "backpack_2": 0,
      "backpack_3": null,
      "buyback_log": null,
      "camps_stacked": null,
      "connection_log": null,
      "creeps_stacked": null,
      "damage": null,
      "damage_inflictor": null,
      "damage_inflictor_received": null,
      "damage_taken": null,
      "damage_targets": null,
      "deaths": 11,
      "denies": 4,
      "dn_t": null,
      "firstblood_claimed": null,
      "gold": 564,
      "gold_per_min": 449,
      "gold_reasons": null,
      "gold_spent": 19155,
      "gold_t": null,
      "hero_damage": 61869,
      "hero_healing": 132,
      "hero_hits": null,
      "hero_id": 30,
      "item_0": 41,
      "item_1": 108,
      "item_2": 48,
      "item_3": 116,
      "item_4": 254,
      "item_5": 40,
      "item_neutral": 840,
      "item_uses": null,
      "kill_streaks": null,
      "killed": null,
      "killed_by": null,
      "kills": 20,
      "kills_log": null,
      "lane_pos": null,
      "last_hits": 115,
      "leaver_status": 0,
      "level": 24,
      "lh_t": null,
      "life_state": null,
      "max_hero_hit": null,
      "multi_kills": null,
      "net_worth": 15924,
      "obs": null,
      "obs_left_log": null,
      "obs_log": null,
      "obs_placed": null,
      "party_id": 6,
      "party_size": 1,
      "performance_others": null,
      "permanent_buffs": [
        {
          "permanent_buff": 12,
          "stack_count": 0,
          "grant_time": 1319
        }
      ],
      "pings": null,
      "pred_vict": null,
      "purchase": null,
      "purchase_log": null,
      "randomed": null,
      "repicked": null,
      "roshans_killed": null,
      "rune_pickups": null,
      "runes": null,
      "runes_log": null,
      "sen": null,
      "sen_left_log": null,
      "sen_log": null,
      "sen_placed": null,
      "stuns": null,
      "teamfight_participation": null,
      "times": null,
      "tower_damage": 1892,
      "towers_killed": null,
      "xp_per_min": 701,
      "xp_reasons": null,
      "xp_t": null,
      "start_time": 1669912016,
      "duration": 2898,
      "cluster": 181,
      "lobby_type": 7,
      "game_mode": 22,
      "is_contributor": false,
      "patch": 51,
      "region": 8,
      "isRadiant": false,
      "total_gold": 21686,
      "total_xp": 33858,
      "kills_per_min": 0.4140786749482402,
      "kda": 3,
      "abandons": 0,
      "rank_tier": null,
      "is_subscriber": false,
      "cosmetics": [],
      "benchmarks": {
        "gold_per_min": {
          "raw": 449,
          "pct": 0.9487179487179487
        },
        "xp_per_min": {
          "raw": 701,
          "pct": 0.8974358974358975
        },
        "kills_per_min": {
          "raw": 0.41407867494824013,
          "pct": 1
        },
        "last_hits_per_min": {
          "raw": 2.380952380952381,
          "pct": 0.8717948717948718
        },
        "hero_damage_per_min": {
          "raw": 1280.9316770186335,
          "pct": 1
        },
        "hero_healing_per_min": {
          "raw": 2.732919254658385,
          "pct": 0.05128205128205128
        },
        "tower_damage": {
          "raw": 1892,
          "pct": 0.9743589743589743
        },
        "stuns_per_min": {
          "raw": 0,
          "pct": 0.02564102564102564
        },
        "lhten": {}
      }
    },
    {
      "player_slot": 130,
      "ability_targets": null,
      "ability_upgrades_arr": [
        5549,
        5550,
        5549,
        5550,
        5549,
        5551,
        5549,
        5548,
        5550,
        7132,
        5550,
        5551,
        5548,
        5548,
        1079,
        5548,
        5551,
        6079,
        434,
        5938,
        1078,
        6360
      ],
      "ability_uses": null,
      "actions": null,
      "additional_units": null,
      "assists": 28,
      "backpack_0": 50,
      "backpack_1": 0,
      "backpack_2": 0,
      "backpack_3": null,
      "buyback_log": null,
      "camps_stacked": null,
      "connection_log": null,
      "creeps_stacked": null,
      "damage": null,
      "damage_inflictor": null,
      "damage_inflictor_received": null,
      "damage_taken": null,
      "damage_targets": null,
      "deaths": 3,
      "denies": 15,
      "dn_t": null,
      "firstblood_claimed": null,
      "gold": 878,
      "gold_per_min": 650,
      "gold_reasons": null,
      "gold_spent": 32345,
      "gold_t": null,
      "hero_damage": 84273,
      "hero_healing": 0,
      "hero_hits": null,
      "hero_id": 99,
      "item_0": 127,
      "item_1": 226,
      "item_2": 692,
      "item_3": 114,
      "item_4": 114,
      "item_5": 137,
      "item_neutral": 825,
      "item_uses": null,
      "kill_streaks": null,
      "killed": null,
      "killed_by": null,
      "kills": 12,
      "kills_log": null,
      "lane_pos": null,
      "last_hits": 327,
      "leaver_status": 0,
      "level": 29,
      "lh_t": null,
      "life_state": null,
      "max_hero_hit": null,
      "multi_kills": null,
      "net_worth": 26778,
      "obs": null,
      "obs_left_log": null,
      "obs_log": null,
      "obs_placed": null,
      "party_id": 7,
      "party_size": 1,
      "performance_others": null,
      "permanent_buffs": [
        {
          "permanent_buff": 6,
          "stack_count": 4,
          "grant_time": 880
        }
      ],
      "pings": null,
      "pred_vict": null,
      "purchase": null,
      "purchase_log": null,
      "randomed": null,
      "repicked": null,
      "roshans_killed": null,
      "rune_pickups": null,
      "runes": null,
      "runes_log": null,
      "sen": null,
      "sen_left_log": null,
      "sen_log": null,
      "sen_placed": null,
      "stuns": null,
      "teamfight_participation": null,
      "times": null,
      "tower_damage": 12507,
      "towers_killed": null,
      "xp_per_min": 839,
      "xp_reasons": null,
      "xp_t": null,
      "start_time": 1669912016,
      "duration": 2898,
      "cluster": 181,
      "lobby_type": 7,
      "game_mode": 22,
      "is_contributor": false,
      "patch": 51,
      "region": 8,
      "isRadiant": false,
      "total_gold": 31395,
      "total_xp": 40523,
      "kills_per_min": 0.24844720496894412,
      "kda": 10,
      "abandons": 0,
      "rank_tier": null,
      "is_subscriber": false,
      "cosmetics": [],
      "benchmarks": {
        "gold_per_min": {
          "raw": 650,
          "pct": 0.9285714285714286
        },
        "xp_per_min": {
          "raw": 839,
          "pct": 0.8571428571428571
        },
        "kills_per_min": {
          "raw": 0.24844720496894412,
          "pct": 0.9285714285714286
        },
        "last_hits_per_min": {
          "raw": 6.770186335403727,
          "pct": 0.6428571428571429
        },
        "hero_damage_per_min": {
          "raw": 1744.782608695652,
          "pct": 1
        },
        "hero_healing_per_min": {
          "raw": 0,
          "pct": 1
        },
        "tower_damage": {
          "raw": 12507,
          "pct": 1
        },
        "stuns_per_min": {
          "raw": 0,
          "pct": 0.7142857142857143
        },
        "lhten": {}
      }
    },
    {
      "player_slot": 131,
      "ability_targets": null,
      "ability_upgrades_arr": [
        5131,
        5132,
        5130,
        5130,
        5130,
        5133,
        5130,
        5132,
        5132,
        6144,
        5132,
        5133,
        5131,
        5131,
        6992,
        5131,
        5133,
        7889
      ],
      "ability_uses": null,
      "actions": null,
      "additional_units": null,
      "assists": 20,
      "backpack_0": 0,
      "backpack_1": 0,
      "backpack_2": 0,
      "backpack_3": null,
      "buyback_log": null,
      "camps_stacked": null,
      "connection_log": null,
      "creeps_stacked": null,
      "damage": null,
      "damage_inflictor": null,
      "damage_inflictor_received": null,
      "damage_taken": null,
      "damage_targets": null,
      "deaths": 6,
      "denies": 0,
      "dn_t": null,
      "firstblood_claimed": null,
      "gold": 680,
      "gold_per_min": 426,
      "gold_reasons": null,
      "gold_spent": 19350,
      "gold_t": null,
      "hero_damage": 28762,
      "hero_healing": 0,
      "hero_hits": null,
      "hero_id": 21,
      "item_0": 166,
      "item_1": 0,
      "item_2": 277,
      "item_3": 141,
      "item_4": 123,
      "item_5": 63,
      "item_neutral": 288,
      "item_uses": null,
      "kill_streaks": null,
      "killed": null,
      "killed_by": null,
      "kills": 5,
      "kills_log": null,
      "lane_pos": null,
      "last_hits": 155,
      "leaver_status": 0,
      "level": 24,
      "lh_t": null,
      "life_state": null,
      "max_hero_hit": null,
      "multi_kills": null,
      "net_worth": 18730,
      "obs": null,
      "obs_left_log": null,
      "obs_log": null,
      "obs_placed": null,
      "party_id": 8,
      "party_size": 1,
      "performance_others": null,
      "permanent_buffs": [],
      "pings": null,
      "pred_vict": null,
      "purchase": null,
      "purchase_log": null,
      "randomed": null,
      "repicked": null,
      "roshans_killed": null,
      "rune_pickups": null,
      "runes": null,
      "runes_log": null,
      "sen": null,
      "sen_left_log": null,
      "sen_log": null,
      "sen_placed": null,
      "stuns": null,
      "teamfight_participation": null,
      "times": null,
      "tower_damage": 3387,
      "towers_killed": null,
      "xp_per_min": 686,
      "xp_reasons": null,
      "xp_t": null,
      "start_time": 1669912016,
      "duration": 2898,
      "cluster": 181,
      "lobby_type": 7,
      "game_mode": 22,
      "is_contributor": false,
      "patch": 51,
      "region": 8,
      "isRadiant": false,
      "total_gold": 20575,
      "total_xp": 33133,
      "kills_per_min": 0.10351966873706005,
      "kda": 3,
      "abandons": 0,
      "rank_tier": null,
      "is_subscriber": false,
      "cosmetics": [],
      "benchmarks": {
        "gold_per_min": {
          "raw": 426,
          "pct": 0.35
        },
        "xp_per_min": {
          "raw": 686,
          "pct": 0.475
        },
        "kills_per_min": {
          "raw": 0.10351966873706003,
          "pct": 0.075
        },
        "last_hits_per_min": {
          "raw": 3.209109730848861,
          "pct": 0.3
        },
        "hero_damage_per_min": {
          "raw": 595.4865424430642,
          "pct": 0.45
        },
        "hero_healing_per_min": {
          "raw": 0,
          "pct": 0.825
        },
        "tower_damage": {
          "raw": 3387,
          "pct": 0.6
        },
        "stuns_per_min": {
          "raw": 0,
          "pct": 0
        },
        "lhten": {}
      }
    },
    {
      "player_slot": 132,
      "ability_targets": null,
      "ability_upgrades_arr": [
        5297,
        5299,
        5298,
        5297,
        5297,
        5300,
        5299,
        5298,
        5298,
        481,
        5299,
        5300,
        5298,
        5299,
        6661,
        5297,
        5300,
        542
      ],
      "ability_uses": null,
      "actions": null,
      "additional_units": null,
      "assists": 21,
      "backpack_0": 190,
      "backpack_1": 233,
      "backpack_2": 0,
      "backpack_3": null,
      "buyback_log": null,
      "camps_stacked": null,
      "connection_log": null,
      "creeps_stacked": null,
      "damage": null,
      "damage_inflictor": null,
      "damage_inflictor_received": null,
      "damage_taken": null,
      "damage_targets": null,
      "deaths": 12,
      "denies": 8,
      "dn_t": null,
      "firstblood_claimed": null,
      "gold": 41,
      "gold_per_min": 319,
      "gold_reasons": null,
      "gold_spent": 14165,
      "gold_t": null,
      "hero_damage": 21758,
      "hero_healing": 1232,
      "hero_hits": null,
      "hero_id": 64,
      "item_0": 180,
      "item_1": 79,
      "item_2": 100,
      "item_3": 0,
      "item_4": 254,
      "item_5": 214,
      "item_neutral": 335,
      "item_uses": null,
      "kill_streaks": null,
      "killed": null,
      "killed_by": null,
      "kills": 6,
      "kills_log": null,
      "lane_pos": null,
      "last_hits": 56,
      "leaver_status": 0,
      "level": 21,
      "lh_t": null,
      "life_state": null,
      "max_hero_hit": null,
      "multi_kills": null,
      "net_worth": 13916,
      "obs": null,
      "obs_left_log": null,
      "obs_log": null,
      "obs_placed": null,
      "party_id": 9,
      "party_size": 1,
      "performance_others": null,
      "permanent_buffs": [
        {
          "permanent_buff": 12,
          "stack_count": 0,
          "grant_time": 2688
        }
      ],
      "pings": null,
      "pred_vict": null,
      "purchase": null,
      "purchase_log": null,
      "randomed": null,
      "repicked": null,
      "roshans_killed": null,
      "rune_pickups": null,
      "runes": null,
      "runes_log": null,
      "sen": null,
      "sen_left_log": null,
      "sen_log": null,
      "sen_placed": null,
      "stuns": null,
      "teamfight_participation": null,
      "times": null,
      "tower_damage": 2500,
      "towers_killed": null,
      "xp_per_min": 500,
      "xp_reasons": null,
      "xp_t": null,
      "start_time": 1669912016,
      "duration": 2898,
      "cluster": 181,
      "lobby_type": 7,
      "game_mode": 22,
      "is_contributor": false,
      "patch": 51,
      "region": 8,
      "isRadiant": false,
      "total_gold": 15407,
      "total_xp": 24150,
      "kills_per_min": 0.12422360248447206,
      "kda": 2,
      "abandons": 0,
      "rank_tier": null,
      "is_subscriber": false,
      "cosmetics": [],
      "benchmarks": {
        "gold_per_min": {
          "raw": 319,
          "pct": 0.55
        },
        "xp_per_min": {
          "raw": 500,
          "pct": 0.6166666666666667
        },
        "kills_per_min": {
          "raw": 0.12422360248447206,
          "pct": 0.6666666666666666
        },
        "last_hits_per_min": {
          "raw": 1.1594202898550725,
          "pct": 0.35
        },
        "hero_damage_per_min": {
          "raw": 450.4761904761905,
          "pct": 0.5333333333333333
        },
        "hero_healing_per_min": {
          "raw": 25.507246376811594,
          "pct": 0.95
        },
        "tower_damage": {
          "raw": 2500,
          "pct": 0.75
        },
        "stuns_per_min": {
          "raw": 0,
          "pct": 0.016666666666666666
        },
        "lhten": {}
      }
    }
  ],
  "patch": 51,
  "region": 8
}