{
  "chat": null,
  "cluster": 181,
  "cosmetics": null,
  "dire_score": 32,
  "dire_team_id": null,
  "draft_timings": null,
  "duration": 1097,
  "engine": 1,
  "first_blood_time": 160,
  "game_mode": 23,
  "human_players": 10,
  "leagueid": 0,
  "lobby_type": 0,
  "match_seq_num": 5780346192,
  "negative_votes": 0,
  "objectives": null,
  "picks_bans": null,
  "positive_votes": 0,
  "radiant_gold_adv": null,
  "radiant_score": 12,
  "radiant_team_id": null,
  "radiant_xp_adv": null,
  "skill": null,
  "start_time": 1669912790,
  "teamfights": null,
  "version": null,
  "replay_salt": 219370375,
  "series_id": 0,
  "series_type": 0,
  "players": [
    {
      "player_slot": 0,
      "ability_targets": null,
      "ability_upgrades_arr": [
        5059,
        5062,
        5059,
        5062,
        5063,
        5064,
        5061,
        5061,
        5062,
        5063,
        5062,
        5064,
        5063,
        5063,
        6016,
        5064,
        6070,
        6670
      ],
      "ability_uses": null,
      "actions": null,
      "additional_units": null,
      "assists": 3,
      "backpack_0": 2,
      "backpack_1": 0,
      "backpack_2": 0,
      "backpack_3": null,
      "buyback_log": null,
      "camps_stacked": null,
      "connection_log": null,
      "creeps_stacked": null,
      "damage": null,
      "damage_inflictor": null,
      "damage_inflictor_received": null,
      "damage_taken": null,
      "damage_targets": null,
      "deaths": 6,
      "denies": 0,
      "dn_t": null,
      "firstblood_claimed": null,
      "gold": 211,
      "gold_per_min": 631,
      "gold_reasons": null,
      "gold_spent": 11995,
      "gold_t": null,
      "hero_damage": 15614,
      "hero_healing": 0,
      "hero_hits": null,
      "hero_id": 11,
      "item_0": 152,
      "item_1": 3,
      "item_2": 569,
      "item_3": 168,
      "item_4": 36,
      "item_5": 63,
      "item_neutral": 349,
      "item_uses": null,
      "kill_streaks": null,
      "killed": null,
      "killed_by": null,
      "kills": 2,
      "kills_log": null,
      "lane_pos": null,
      "last_hits": 58,
      "leaver_status": 0,
      "level": 21,
      "lh_t": null,
      "life_state": null,
      "max_hero_hit": null,
      "multi_kills": null,
      "net_worth": 11036,
      "obs": null,
      "obs_left_log": null,
      "obs_log": null,
      "obs_placed": null,
      "party_id": 0,
      "party_size": 1,
      "performance_others": null,
      "permanent_buffs": [],
      "pings": null,
      "pred_vict": null,
      "purchase": null,
      "purchase_log": null,
      "randomed": null,
      "repicked": null,
      "roshans_killed": null,
      "rune_pickups": null,
      "runes": null,
      "runes_log": null,
      "sen": null,
      "sen_left_log": null,
      "sen_log": null,
      "sen_placed": null,
      "stuns": null,
      "teamfight_participation": null,
      "times": null,
      "tower_damage": 119,
      "towers_killed": null,
      "xp_per_min": 1417,
      "xp_reasons": null,
      "xp_t": null,
      "start_time": 1669912790,
      "duration": 1097,
      "cluster": 181,
      "lobby_type": 0,
      "game_mode": 23,
      "is_contributor": false,
      "patch": 51,
      "region": 8,
      "isRadiant": true,
      "total_gold": 11536,
      "total_xp": 25907,
      "kills_per_min": 0.10938924339106654,
      "kda": 0,
      "abandons": 0,
      "rank_tier": null,
      "is_subscriber": false,
      "cosmetics": [],
      "benchmarks": {
        "gold_per_min": {
          "raw": 631,
          "pct": 0.6
        },
        "xp_per_min": {
          "raw": 1417,
          "pct": 1
        },
        "kills_per_min": {
          "raw": 0.10938924339106654,
          "pct": 0.24
        },
        "last_hits_per_min": {
          "raw": 3.17228805834093,
          "pct": 0.02
        },
        "hero_damage_per_min": {
          "raw": 854.0018231540565,
          "pct": 0.8
        },
        "hero_healing_per_min": {
          "raw": 0,
          "pct": 0.88
        },
        "tower_damage": {
          "raw": 119,
          "pct": 0.1
        },
        "stuns_per_min": {
          "raw": 0,
          "pct": 0.02
        },
        "lhten": {}
      }
    },
    {
      "player_slot": 1,
      "ability_targets": null,
      "ability_upgrades_arr": [
        5297,
        5299,
        5297,
        5299,
        5297,
        5300,
        5298,
        5299,
        481,
        5297,
        5299,
        5300,
        5298,
        5298,
        5298,
        6661
      ],
      "ability_uses": null,
      "actions": null,
      "additional_units": null,
      "assists": 2,
      "backpack_0": 0,
      "backpack_1": 0,
      "backpack_2": 0,
      "backpack_3": null,
      "buyback_log": null,
      "camps_stacked": null,
      "connection_log": null,
      "creeps_stacked": null,
      "damage": null,
      "damage_inflictor": null,
      "damage_inflictor_received": null,
      "damage_taken": null,
      "damage_targets": null,
      "deaths": 7,
      "denies": 2,
      "dn_t": null,
      "firstblood_claimed": null,
      "gold": 1466,
      "gold_per_min": 528,
      "gold_reasons": null,
      "gold_spent": 8990,
      "gold_t": null,
      "hero_damage": 10780,
      "hero_healing": 0,
      "hero_hits": null,
      "hero_id": 64,
      "item_0": 216,
      "item_1": 232,
      "item_2": 180,
      "item_3": 108,
      "item_4": 0,
      "item_5": 0,
      "item_neutral": 1076,
      "item_uses": null,
      "kill_streaks": null,
      "killed": null,
      "killed_by": null,
      "kills": 3,
      "kills_log": null,
      "lane_pos": null,
      "last_hits": 24,
      "leaver_status": 0,
      "level": 17,
      "lh_t": null,
      "life_state": null,
      "max_hero_hit": null,
      "multi_kills": null,
      "net_worth": 9406,
      "obs": null,
      "obs_left_log": null,
      "obs_log": null,
      "obs_placed": null,
      "party_id": 1,
      "party_size": 2,
      "performance_others": null,
      "permanent_buffs": [],
      "pings": null,
      "pred_vict": null,
      "purchase": null,
      "purchase_log": null,
      "randomed": null,
      "repicked": null,
      "roshans_killed": null,
      "rune_pickups": null,
      "runes": null,
      "runes_log": null,
      "sen": null,
      "sen_left_log": null,
      "sen_log": null,
      "sen_placed": null,
      "stuns": null,
      "teamfight_participation": null,
      "times": null,
      "tower_damage": 567,
      "towers_killed": null,
      "xp_per_min": 857,
      "xp_reasons": null,
      "xp_t": null,
      "personaname": "99BiRd99",
      "name": null,
      "last_login": null,
      "start_time": 1669912790,
      "duration": 1097,
      "cluster": 181,
      "lobby_type": 0,
      "game_mode": 23,
      "is_contributor": false,
      "patch": 51,
      "region": 8,
      "isRadiant": true,
      "total_gold": 9653,
      "total_xp": 15668,
      "kills_per_min": 0.1640838650865998,
      "kda": 0,
      "abandons": 0,
      "rank_tier": null,
      "is_subscriber": false,
      "cosmetics": [],
      "benchmarks": {
        "gold_per_min": {
          "raw": 528,
          "pct": 0.9666666666666667
        },
        "xp_per_min": {
          "raw": 857,
          "pct": 0.9666666666666667
        },
        "kills_per_min": {
          "raw": 0.16408386508659983,
          "pct": 0.8666666666666667
        },
        "last_hits_per_min": {
          "raw": 1.3126709206927987,
          "pct": 0.4666666666666667
        },
        "hero_damage_per_min": {
          "raw": 589.6080218778487,
          "pct": 0.7833333333333333
        },
        "hero_healing_per_min": {
          "raw": 0,
          "pct": 0.7
        },
        "tower_damage": {
          "raw": 567,
          "pct": 0.4166666666666667
        },
        "stuns_per_min": {
          "raw": 0,
          "pct": 0.016666666666666666
        },
        "lhten": {}
      }
    },
    {
      "player_slot": 2,
      "ability_targets": null,
      "ability_upgrades_arr": [
        5442,
        5443,
        5442,
        5444,
        5442,
        5447,
        5442,
        5443,
        5443,
        5443,
        813,
        5447,
        5444,
        5444,
        5444,
        616,
        5447
      ],
      "ability_uses": null,
      "actions": null,
      "additional_units": null,
      "assists": 5,
      "backpack_0": 0,
      "backpack_1": 0,
      "backpack_2": 0,
      "backpack_3": null,
      "buyback_log": null,
      "camps_stacked": null,
      "connection_log": null,
      "creeps_stacked": null,
      "damage": null,
      "damage_inflictor": null,
      "damage_inflictor_received": null,
      "damage_taken": null,
      "damage_targets": null,
      "deaths": 5,
      "denies": 9,
      "dn_t": null,
      "firstblood_claimed": null,
      "gold": 1608,
      "gold_per_min": 681,
      "gold_reasons": null,
      "gold_spent": 12470,
      "gold_t": null,
      "hero_damage": 9461,
      "hero_healing": 66,
      "hero_hits": null,
      "hero_id": 85,
      "item_0": 42,
      "item_1": 127,
      "item_2": 242,
      "item_3": 1,
      "item_4": 180,
      "item_5": 60,
      "item_neutral": 990,
      "item_uses": null,
      "kill_streaks": null,
      "killed": null,
      "killed_by": null,
      "kills": 2,
      "kills_log": null,
      "lane_pos": null,
      "last_hits": 49,
      "leaver_status": 0,
      "level": 19,
      "lh_t": null,
      "life_state": null,
      "max_hero_hit": null,
      "multi_kills": null,
      "net_worth": 12158,
      "obs": null,
      "obs_left_log": null,
      "obs_log": null,
      "obs_placed": null,
      "party_id": 1,
      "party_size": 2,
      "performance_others": null,
      "permanent_buffs": [],
      "pings": null,
      "pred_vict": null,
      "purchase": null,
      "purchase_log": null,
      "randomed": null,
      "repicked": null,
      "roshans_killed": null,
      "rune_pickups": null,
      "runes": null,
      "runes_log": null,
      "sen": null,
      "sen_left_log": null,
      "sen_log": null,
      "sen_placed": null,
      "stuns": null,
      "teamfight_participation": null,
      "times": null,
      "tower_damage": 271,
      "towers_killed": null,
      "xp_per_min": 1060,
      "xp_reasons": null,
      "xp_t": null,
      "start_time": 1669912790,
      "duration": 1097,
      "cluster": 181,
      "lobby_type": 0,
      "game_mode": 23,
      "is_contributor": false,
      "patch": 51,
      "region": 8,
      "isRadiant": true,
      "total_gold": 12450,
      "total_xp": 19380,
      "kills_per_min": 0.10938924339106654,
      "kda": 1,
      "abandons": 0,
      "rank_tier": null,
      "is_subscriber": false,
      "cosmetics": [],
      "benchmarks": {
        "gold_per_min": {
          "raw": 681,
          "pct": 1
        },
        "xp_per_min": {
          "raw": 1060,
          "pct": 1
        },
        "kills_per_min": {
          "raw": 0.10938924339106654,
          "pct": 0.6166666666666667
        },
        "last_hits_per_min": {
          "raw": 2.68003646308113,
          "pct": 0.8333333333333334
        },
        "hero_damage_per_min": {
          "raw": 517.4658158614403,
          "pct": 0.9833333333333333
        },
        "hero_healing_per_min": {
          "raw": 3.609845031905196,
          "pct": 0.05
        },
        "tower_damage": {
          "raw": 271,
          "pct": 0.6
        },
        "stuns_per_min": {
          "raw": 0,
          "pct": 0.85
        },
        "lhten": {}
      }
    },
    {
      "player_slot": 3,
      "ability_targets": null,
      "ability_upgrades_arr": [
        5275,
        5277,
        5277,
        5275,
        5275,
        5278,
        5276,
        5275,
        5277,
        5277,
        5276,
        816,
        5278,
        5276,
        1048,
        5276,
        5278,
        6080
      ],
      "ability_uses": null,
      "actions": null,
      "additional_units": null,
      "assists": 5,
      "backpack_0": 0,
      "backpack_1": 0,
      "backpack_2": 0,
      "backpack_3": null,
      "buyback_log": null,
      "camps_stacked": null,
      "connection_log": null,
      "creeps_stacked": null,
      "damage": null,
      "damage_inflictor": null,
      "damage_inflictor_received": null,
      "damage_taken": null,
      "damage_targets": null,
      "deaths": 7,
      "denies": 6,
      "dn_t": null,
      "firstblood_claimed": null,
      "gold": 1697,
      "gold_per_min": 663,
      "gold_reasons": null,
      "gold_spent": 11045,
      "gold_t": null,
      "hero_damage": 11139,
      "hero_healing": 0,
      "hero_hits": null,
      "hero_id": 60,
      "item_0": 50,
      "item_1": 36,
      "item_2": 158,
      "item_3": 11,
      "item_4": 143,
      "item_5": 43,
      "item_neutral": 355,
      "item_uses": null,
      "kill_streaks": null,
      "killed": null,
      "killed_by": null,
      "kills": 3,
      "kills_log": null,
      "lane_pos": null,
      "last_hits": 42,
      "leaver_status": 0,
      "level": 20,
      "lh_t": null,
      "life_state": null,
      "max_hero_hit": null,
      "multi_kills": null,
      "net_worth": 12272,
      "obs": null,
      "obs_left_log": null,
      "obs_log": null,
      "obs_placed": null,
      "party_id": 2,
      "party_size": 2,
      "performance_others": null,
      "permanent_buffs": [],
      "pings": null,
      "pred_vict": null,
      "purchase": null,
      "purchase_log": null,
      "randomed": null,
      "repicked": null,
      "roshans_killed": null,
      "rune_pickups": null,
      "runes": null,
      "runes_log": null,
      "sen": null,
      "sen_left_log": null,
      "sen_log": null,
      "sen_placed": null,
      "stuns": null,
      "teamfight_participation": null,
      "times": null,
      "tower_damage": 592,
      "towers_killed": null,
      "xp_per_min": 1169,
      "xp_reasons": null,
      "xp_t": null,
      "personaname": "Pro100",
      "name": null,
      "last_login": null,
      "start_time": 1669912790,
      "duration": 1097,
      "cluster": 181,
      "lobby_type": 0,
      "game_mode": 23,
      "is_contributor": false,
      "patch": 51,
      "region": 8,
      "isRadiant": true,
      "total_gold": 12121,
      "total_xp": 21373,
      "kills_per_min": 0.1640838650865998,
      "kda": 1,
      "abandons": 0,
      "rank_tier": 33,
      "is_subscriber": false,
      "cosmetics": [],
      "benchmarks": {
        "gold_per_min": {
          "raw": 663,
          "pct": 1
        },
        "xp_per_min": {
          "raw": 1169,
          "pct": 1
        },
        "kills_per_min": {
          "raw": 0.16408386508659983,
          "pct": 0.3333333333333333
        },
        "last_hits_per_min": {
          "raw": 2.2971741112123976,
          "pct": 0
        },
        "hero_damage_per_min": {
          "raw": 609.2433910665451,
          "pct": 0.6666666666666666
        },
        "hero_healing_per_min": {
          "raw": 0,
          "pct": 1
        },
        "tower_damage": {
          "raw": 592,
          "pct": 0.4444444444444444
        },
        "stuns_per_min": {
          "raw": 0,
          "pct": 0
        },
        "lhten": {}
      }
    },
    {
      "player_slot": 4,
      "ability_targets": null,
      "ability_upgrades_arr": [
        5127,
        5128,
        5128,
        5126,
        5127,
        5129,
        5128,
        5126,
        5127,
        5129,
        5903,
        5128,
        5126,
        5127,
        956,
        5126,
        5129,
        6520
      ],
      "ability_uses": null,
      "actions": null,
      "additional_units": null,
      "assists": 6,
      "backpack_0": 0,
      "backpack_1": 0,
      "backpack_2": 0,
      "backpack_3": null,
      "buyback_log": null,
      "camps_stacked": null,
      "connection_log": null,
      "creeps_stacked": null,
      "damage": null,
      "damage_inflictor": null,
      "damage_inflictor_received": null,
      "damage_taken": null,
      "damage_targets": null,
      "deaths": 7,
      "denies": 0,
      "dn_t": null,
      "firstblood_claimed": null,
      "gold": 430,
      "gold_per_min": 396,
      "gold_reasons": null,
      "gold_spent": 7420,
      "gold_t": null,
      "hero_damage": 10211,
      "hero_healing": 0,
      "hero_hits": null,
      "hero_id": 5,
      "item_0": 214,
      "item_1": 254,
      "item_2": 1,
      "item_3": 44,
      "item_4": 39,
      "item_5": 0,
      "item_neutral": 589,
      "item_uses": null,
      "kill_streaks": null,
      "killed": null,
      "killed_by": null,
      "kills": 2,
      "kills_log": null,
      "lane_pos": null,
      "last_hits": 6,
      "leaver_status": 0,
      "level": 20,
      "lh_t": null,
      "life_state": null,
      "max_hero_hit": null,
      "multi_kills": null,
      "net_worth": 7245,
      "obs": null,
      "obs_left_log": null,
      "obs_log": null,
      "obs_placed": null,
      "party_id": 2,
      "party_size": 2,
      "performance_others": null,
      "permanent_buffs": [
        {
          "permanent_buff": 6,
          "stack_count": 1,
          "grant_time": 808
        },
        {
          "permanent_buff": 12,
          "stack_count": 0,
          "grant_time": 833
        }
      ],
      "pings": null,
      "pred_vict": null,
      "purchase": null,
      "purchase_log": null,
      "randomed": null,
      "repicked": null,
      "roshans_killed": null,
      "rune_pickups": null,
      "runes": null,
      "runes_log": null,
      "sen": null,
      "sen_left_log": null,
      "sen_log": null,
      "sen_placed": null,
      "stuns": null,
      "teamfight_participation": null,
      "times": null,
      "tower_damage": 138,
      "towers_killed": null,
      "xp_per_min": 1169,
      "xp_reasons": null,
      "xp_t": null,
      "personaname": "Оби Кеноби,,",
      "name": null,
      "last_login": null,
      "start_time": 1669912790,
      "duration": 1097,
      "cluster": 181,
      "lobby_type": 0,
      "game_mode": 23,
      "is_contributor": false,
      "patch": 51,
      "region": 8,
      "isRadiant": true,
      "total_gold": 7240,
      "total_xp": 21373,
      "kills_per_min": 0.10938924339106654,
      "kda": 1,
      "abandons": 0,
      "rank_tier": null,
      "is_subscriber": false,
      "cosmetics": [],
      "benchmarks": {
        "gold_per_min": {
          "raw": 396,
          "pct": 0.95
        },
        "xp_per_min": {
          "raw": 1169,
          "pct": 1
        },
        "kills_per_min": {
          "raw": 0.10938924339106654,
          "pct": 0.55
        },
        "last_hits_per_min": {
          "raw": 0.32816773017319967,
          "pct": 0.05
        },
        "hero_damage_per_min": {
          "raw": 558.4867821330902,
          "pct": 1
        },
        "hero_healing_per_min": {
          "raw": 0,
          "pct": 0.875
        },
        "tower_damage": {
          "raw": 138,
          "pct": 0.55
        },
        "stuns_per_min": {
          "raw": 0,
          "pct": 0.025
        },
        "lhten": {}
      }
    },
    {
      "player_slot": 128,
      "ability_targets": null,
      "ability_upgrades_arr": [
        8429,
        8158,
        8429,
        9501,
        8429,
        8106,
        8429,
        8158,
        9501,
        8158,
        9501,
        8106,
        8158,
        9501,
        9513,
        1075,
        8106,
        7011
      ],
      "ability_uses": null,
      "actions": null,
      "additional_units": null,
      "assists": 6,
      "backpack_0": 8,
      "backpack_1": 0,
      "backpack_2": 0,
      "backpack_3": null,
      "buyback_log": null,
      "camps_stacked": null,
      "connection_log": null,
      "creeps_stacked": null,
      "damage": null,
      "damage_inflictor": null,
      "damage_inflictor_received": null,
      "damage_taken": null,
      "damage_targets": null,
      "deaths": 3,
      "denies": 2,
      "dn_t": null,
      "firstblood_claimed": null,
      "gold": 894,
      "gold_per_min": 966,
      "gold_reasons": null,
      "gold_spent": 17715,
      "gold_t": null,
      "hero_damage": 3985,
      "hero_healing": 195,
      "hero_hits": null,
      "hero_id": 123,
      "item_0": 158,
      "item_1": 75,
      "item_2": 36,
      "item_3": 147,
      "item_4": 236,
      "item_5": 63,
      "item_neutral": 574,
      "item_uses": null,
      "kill_streaks": null,
      "killed": null,
      "killed_by": null,
      "kills": 1,
      "kills_log": null,
      "lane_pos": null,
      "last_hits": 106,
      "leaver_status": 0,
      "level": 23,
      "lh_t": null,
      "life_state": null,
      "max_hero_hit": null,
      "multi_kills": null,
      "net_worth": 17049,
      "obs": null,
      "obs_left_log": null,
      "obs_log": null,
      "obs_placed": null,
      "party_id": 3,
      "party_size": 1,
      "performance_others": null,
      "permanent_buffs": [],
      "pings": null,
      "pred_vict": null,
      "purchase": null,
      "purchase_log": null,
      "randomed": null,
      "repicked": null,
      "roshans_killed": null,
      "rune_pickups": null,
      "runes": null,
      "runes_log": null,
      "sen": null,
      "sen_left_log": null,
      "sen_log": null,
      "sen_placed": null,
      "stuns": null,
      "teamfight_participation": null,
      "times": null,
      "tower_damage": 2070,
      "towers_killed": null,
      "xp_per_min": 1690,
      "xp_reasons": null,
      "xp_t": null,
      "start_time": 1669912790,
      "duration": 1097,
      "cluster": 181,
      "lobby_type": 0,
      "game_mode": 23,
      "is_contributor": false,
      "patch": 51,
      "region": 8,
      "isRadiant": false,
      "total_gold": 17661,
      "total_xp": 30898,
      "kills_per_min": 0.05469462169553327,
      "kda": 1,
      "abandons": 0,
      "rank_tier": null,
      "is_subscriber": false,
      "cosmetics": [],
      "benchmarks": {
        "gold_per_min": {
          "raw": 966,
          "pct": 1
        },
        "xp_per_min": {
          "raw": 1690,
          "pct": 1
        },
        "kills_per_min": {
          "raw": 0.05469462169553327,
          "pct": 0.1206896551724138
        },
        "last_hits_per_min": {
          "raw": 5.797629899726527,
          "pct": 0.9655172413793104
        },
        "hero_damage_per_min": {
          "raw": 217.9580674567001,
          "pct": 0.034482758620689655
        },
        "hero_healing_per_min": {
          "raw": 10.665451230628987,
          "pct": 0.9655172413793104
        },
        "tower_damage": {
          "raw": 2070,
          "pct": 0.9137931034482759
        },
        "stuns_per_min": {
          "raw": 0,
          "pct": 0.017241379310344827
        },
        "lhten": {}
      }
    },
    {
      "player_slot": 129,
      "ability_targets": null,
      "ability_upgrades_arr": [
        5237,
        5238,
        5237,
        5239,
        5237,
        5240,
        5237,
        5239,
        5239,
        850,
        5239,
        5240,
        5238,
        5238,
        6512,
        5238,
        5240,
        7028,
        614
      ],
      "ability_uses": null,
      "actions": null,
      "additional_units": null,
      "assists": 15,
      "backpack_0": 0,
      "backpack_1": 0,
      "backpack_2": 0,
      "backpack_3": null,
      "buyback_log": null,
      "camps_stacked": null,
      "connection_log": null,
      "creeps_stacked": null,
      "damage": null,
      "damage_inflictor": null,
      "damage_inflictor_received": null,
      "damage_taken": null,
      "damage_targets": null,
      "deaths": 5,
      "denies": 6,
      "dn_t": null,
      "firstblood_claimed": null,
      "gold": 1157,
      "gold_per_min": 709,
      "gold_reasons": null,
      "gold_spent": 12475,
      "gold_t": null,
      "hero_damage": 8692,
      "hero_healing": 480,
      "hero_hits": null,
      "hero_id": 51,
      "item_0": 114,
      "item_1": 0,
      "item_2": 214,
      "item_3": 267,
      "item_4": 131,
      "item_5": 0,
      "item_neutral": 680,
      "item_uses": null,
      "kill_streaks": null,
      "killed": null,
      "killed_by": null,
      "kills": 2,
      "kills_log": null,
      "lane_pos": null,
      "last_hits": 15,
      "leaver_status": 0,
      "level": 25,
      "lh_t": null,
      "life_state": null,
      "max_hero_hit": null,
      "multi_kills": null,
      "net_worth": 13062,
      "obs": null,
      "obs_left_log": null,
      "obs_log": null,
      "obs_placed": null,
      "party_id": 4,
      "party_size": 3,
      "performance_others": null,
      "permanent_buffs": [
        {
          "permanent_buff": 12,
          "stack_count": 0,
          "grant_time": 984
        }
      ],
      "pings": null,
      "pred_vict": null,
      "purchase": null,
      "purchase_log": null,
      "randomed": null,
      "repicked": null,
      "roshans_killed": null,
      "rune_pickups": null,
      "runes": null,
      "runes_log": null,
      "sen": null,
      "sen_left_log": null,
      "sen_log": null,
      "sen_placed": null,
      "stuns": null,
      "teamfight_participation": null,
      "times": null,
      "tower_damage": 1011,
      "towers_killed": null,
      "xp_per_min": 1948,
      "xp_reasons": null,
      "xp_t": null,
      "start_time": 1669912790,
      "duration": 1097,
      "cluster": 181,
      "lobby_type": 0,
      "game_mode": 23,
      "is_contributor": false,
      "patch": 51,
      "region": 8,
      "isRadiant": false,
      "total_gold": 12962,
      "total_xp": 35615,
      "kills_per_min": 0.10938924339106654,
      "kda": 2,
      "abandons": 0,
      "rank_tier": null,
      "is_subscriber": false,
      "cosmetics": [],
      "benchmarks": {
        "gold_per_min": {
          "raw": 709,
          "pct": 1
        },
        "xp_per_min": {
          "raw": 1948,
          "pct": 1
        },
        "kills_per_min": {
          "raw": 0.10938924339106654,
          "pct": 0.4772727272727273
        },
        "last_hits_per_min": {
          "raw": 0.8204193254329991,
          "pct": 0.20454545454545456
        },
        "hero_damage_per_min": {
          "raw": 475.4056517775752,
          "pct": 0.6590909090909091
        },
        "hero_healing_per_min": {
          "raw": 26.25341841385597,
          "pct": 1
        },
        "tower_damage": {
          "raw": 1011,
          "pct": 0.8181818181818182
        },
        "stuns_per_min": {
          "raw": 0,
          "pct": 0
        },
        "lhten": {}
      }
    },
    {
      "player_slot": 130,
      "ability_targets": null,
      "ability_upgrades_arr": [
        5256,
        5255,
        5256,
        5257,
        5256,
        5258,
        5256,
        5257,
        5257,
        5257,
        5255,
        5258,
        5255,
        5255,
        560,
        513,
        5258,
        6047
      ],
      "ability_uses": null,
      "actions": null,
      "additional_units": null,
      "assists": 16,
      "backpack_0": 0,
      "backpack_1": 0,
      "backpack_2": 0,
      "backpack_3": null,
      "buyback_log": null,
      "camps_stacked": null,
      "connection_log": null,
      "creeps_stacked": null,
      "damage": null,
      "damage_inflictor": null,
      "damage_inflictor_received": null,
      "damage_taken": null,
      "damage_targets": null,
      "deaths": 0,
      "denies": 0,
      "dn_t": null,
      "firstblood_claimed": null,
      "gold": 1995,
      "gold_per_min": 817,
      "gold_reasons": null,
      "gold_spent": 13555,
      "gold_t": null,
      "hero_damage": 15094,
      "hero_healing": 0,
      "hero_hits": null,
      "hero_id": 55,
      "item_0": 77,
      "item_1": 108,
      "item_2": 77,
      "item_3": 180,
      "item_4": 259,
      "item_5": 1,
      "item_neutral": 675,
      "item_uses": null,
      "kill_streaks": null,
      "killed": null,
      "killed_by": null,
      "kills": 3,
      "kills_log": null,
      "lane_pos": null,
      "last_hits": 59,
      "leaver_status": 0,
      "level": 24,
      "lh_t": null,
      "life_state": null,
      "max_hero_hit": null,
      "multi_kills": null,
      "net_worth": 14305,
      "obs": null,
      "obs_left_log": null,
      "obs_log": null,
      "obs_placed": null,
      "party_id": 4,
      "party_size": 3,
      "performance_others": null,
      "permanent_buffs": [
        {
          "permanent_buff": 6,
          "stack_count": 1,
          "grant_time": 864
        },
        {
          "permanent_buff": 12,
          "stack_count": 0,
          "grant_time": 797
        }
      ],
      "pings": null,
      "pred_vict": null,
      "purchase": null,
      "purchase_log": null,
      "randomed": null,
      "repicked": null,
      "roshans_killed": null,
      "rune_pickups": null,
      "runes": null,
      "runes_log": null,
      "sen": null,
      "sen_left_log": null,
      "sen_log": null,
      "sen_placed": null,
      "stuns": null,
      "teamfight_participation": null,
      "times": null,
      "tower_damage": 249,
      "towers_killed": null,
      "xp_per_min": 1728,
      "xp_reasons": null,
      "xp_t": null,
      "start_time": 1669912790,
      "duration": 1097,
      "cluster": 181,
      "lobby_type": 0,
      "game_mode": 23,
      "is_contributor": false,
      "patch": 51,
      "region": 8,
      "isRadiant": false,
      "total_gold": 14937,
      "total_xp": 31593,
      "kills_per_min": 0.1640838650865998,
      "kda": 19,
      "abandons": 0,
      "rank_tier": null,
      "is_subscriber": false,
      "cosmetics": [],
      "benchmarks": {
        "gold_per_min": {
          "raw": 817,
          "pct": 1
        },
        "xp_per_min": {
          "raw": 1728,
          "pct": 1
        },
        "kills_per_min": {
          "raw": 0.16408386508659983,
          "pct": 0.7
        },
        "last_hits_per_min": {
          "raw": 3.226982680036463,
          "pct": 0.1
        },
        "hero_damage_per_min": {
          "raw": 825.5606198723792,
          "pct": 0.9
        },
        "hero_healing_per_min": {
          "raw": 0,
          "pct": 0.2
        },
        "tower_damage": {
          "raw": 249,
          "pct": 0.3
        },
        "stuns_per_min": {
          "raw": 0,
          "pct": 0
        },
        "lhten": {}
      }
    },
    {
      "player_slot": 131,
      "ability_targets": null,
      "ability_upgrades_arr": [
        5055,
        5053,
        5055,
        5052,
        5052,
        5052,
        5052,
        5053,
        5053,
        5053,
        5055,
        5055,
        5057,
        5057,
        6062,
        7060,
        5057,
        6840,
        6383,
        6138,
        5929
      ],
      "ability_uses": null,
      "actions": null,
      "additional_units": null,
      "assists": 2,
      "backpack_0": 108,
      "backpack_1": 0,
      "backpack_2": 0,
      "backpack_3": null,
      "buyback_log": null,
      "camps_stacked": null,
      "connection_log": null,
      "creeps_stacked": null,
      "damage": null,
      "damage_inflictor": null,
      "damage_inflictor_received": null,
      "damage_taken": null,
      "damage_targets": null,
      "deaths": 1,
      "denies": 23,
      "dn_t": null,
      "firstblood_claimed": null,
      "gold": 100,
      "gold_per_min": 1808,
      "gold_reasons": null,
      "gold_spent": 33850,
      "gold_t": null,
      "hero_damage": 29597,
      "hero_healing": 0,
      "hero_hits": null,
      "hero_id": 10,
      "item_0": 160,
      "item_1": 147,
      "item_2": 63,
      "item_3": 141,
      "item_4": 116,
      "item_5": 156,
      "item_neutral": 828,
      "item_uses": null,
      "kill_streaks": null,
      "killed": null,
      "killed_by": null,
      "kills": 20,
      "kills_log": null,
      "lane_pos": null,
      "last_hits": 124,
      "leaver_status": 0,
      "level": 28,
      "lh_t": null,
      "life_state": null,
      "max_hero_hit": null,
      "multi_kills": null,
      "net_worth": 32950,
      "obs": null,
      "obs_left_log": null,
      "obs_log": null,
      "obs_placed": null,
      "party_id": 4,
      "party_size": 3,
      "performance_others": null,
      "permanent_buffs": [
        {
          "permanent_buff": 12,
          "stack_count": 0,
          "grant_time": 981
        }
      ],
      "pings": null,
      "pred_vict": null,
      "purchase": null,
      "purchase_log": null,
      "randomed": null,
      "repicked": null,
      "roshans_killed": null,
      "rune_pickups": null,
      "runes": null,
      "runes_log": null,
      "sen": null,
      "sen_left_log": null,
      "sen_log": null,
      "sen_placed": null,
      "stuns": null,
      "teamfight_participation": null,
      "times": null,
      "tower_damage": 17422,
      "towers_killed": null,
      "xp_per_min": 2294,
      "xp_reasons": null,
      "xp_t": null,
      "personaname": "<3",
      "name": null,
      "last_login": null,
      "start_time": 1669912790,
      "duration": 1097,
      "cluster": 181,
      "lobby_type": 0,
      "game_mode": 23,
      "is_contributor": false,
      "patch": 51,
      "region": 8,
      "isRadiant": false,
      "total_gold": 33056,
      "total_xp": 41941,
      "kills_per_min": 1.0938924339106653,
      "kda": 11,
      "abandons": 0,
      "rank_tier": 31,
      "is_subscriber": false,
      "cosmetics": [],
      "benchmarks": {
        "gold_per_min": {
          "raw": 1808,
          "pct": 1
        },
        "xp_per_min": {
          "raw": 2294,
          "pct": 1
        },
        "kills_per_min": {
          "raw": 1.0938924339106655,
          "pct": 1
        },
        "last_hits_per_min": {
          "raw": 6.782133090246125,
          "pct": 0.1724137931034483
        },
        "hero_damage_per_min": {
          "raw": 1618.7967183226983,
          "pct": 1
        },
        "hero_healing_per_min": {
          "raw": 0,
          "pct": 0.896551724137931
        },
        "tower_damage": {
          "raw": 17422,
          "pct": 0.6896551724137931
        },
        "stuns_per_min": {
          "raw": 0,
          "pct": 0.10344827586206896
        },
        "lhten": {}
      }
    },
    {
      "player_slot": 132,
      "ability_targets": null,
      "ability_upgrades_arr": [
        5597,
        5596,
        5595,
        5597,
        5595,
        5595,
        5598,
        5595,
        5597,
        6218,
        5596,
        5598,
        5597,
        5596,
        463,
        5596,
        5598,
        7395
      ],
      "ability_uses": null,
      "actions": null,
      "additional_units": null,
      "assists": 12,
      "backpack_0": 0,
      "backpack_1": 0,
      "backpack_2": 0,
      "backpack_3": null,
      "buyback_log": null,
      "camps_stacked": null,
      "connection_log": null,
      "creeps_stacked": null,
      "damage": null,
      "damage_inflictor": null,
      "damage_inflictor_received": null,
      "damage_taken": null,
      "damage_targets": null,
      "deaths": 3,
      "denies": 9,
      "dn_t": null,
      "firstblood_claimed": null,
      "gold": 733,
      "gold_per_min": 1111,
      "gold_reasons": null,
      "gold_spent": 20680,
      "gold_t": null,
      "hero_damage": 13807,
      "hero_healing": 3162,
      "hero_hits": null,
      "hero_id": 104,
      "item_0": 127,
      "item_1": 1,
      "item_2": 50,
      "item_3": 168,
      "item_4": 0,
      "item_5": 112,
      "item_neutral": 376,
      "item_uses": null,
      "kill_streaks": null,
      "killed": null,
      "killed_by": null,
      "kills": 6,
      "kills_log": null,
      "lane_pos": null,
      "last_hits": 74,
      "leaver_status": 0,
      "level": 23,
      "lh_t": null,
      "life_state": null,
      "max_hero_hit": null,
      "multi_kills": null,
      "net_worth": 20458,
      "obs": null,
      "obs_left_log": null,
      "obs_log": null,
      "obs_placed": null,
      "party_id": 5,
      "party_size": 1,
      "performance_others": null,
      "permanent_buffs": [
        {
          "permanent_buff": 5,
          "stack_count": 150,
          "grant_time": 580
        }
      ],
      "pings": null,
      "pred_vict": null,
      "purchase": null,
      "purchase_log": null,
      "randomed": null,
      "repicked": null,
      "roshans_killed": null,
      "rune_pickups": null,
      "runes": null,
      "runes_log": null,
      "sen": null,
      "sen_left_log": null,
      "sen_log": null,
      "sen_placed": null,
      "stuns": null,
      "teamfight_participation": null,
      "times": null,
      "tower_damage": 5725,
      "towers_killed": null,
      "xp_per_min": 1688,
      "xp_reasons": null,
      "xp_t": null,
      "start_time": 1669912790,
      "duration": 1097,
      "cluster": 181,
      "lobby_type": 0,
      "game_mode": 23,
      "is_contributor": false,
      "patch": 51,
      "region": 8,
      "isRadiant": false,
      "total_gold": 20312,
      "total_xp": 30862,
      "kills_per_min": 0.3281677301731996,
      "kda": 4,
      "abandons": 0,
      "rank_tier": null,
      "is_subscriber": false,
      "cosmetics": [],
      "benchmarks": {
        "gold_per_min": {
          "raw": 1111,
          "pct": 1
        },
        "xp_per_min": {
          "raw": 1688,
          "pct": 1
        },
        "kills_per_min": {
          "raw": 0.32816773017319967,
          "pct": 0.8709677419354839
        },
        "last_hits_per_min": {
          "raw": 4.047402005469462,
          "pct": 0.16129032258064516
        },
        "hero_damage_per_min": {
          "raw": 755.1686417502278,
          "pct": 0.7741935483870968
        },
        "hero_healing_per_min": {
          "raw": 172.9443938012762,
          "pct": 1
        },
        "tower_damage": {
          "raw": 5725,
          "pct": 0.6774193548387096
        },
        "stuns_per_min": {
          "raw": 0,
          "pct": 0.03225806451612903
        },
        "lhten": {}
      }
    }
  ],
  "patch": 51,
  "region": 8
}