{
  "chat": null,
  "cluster": 152,
  "cosmetics": null,
  "dire_score": 39,
  "dire_team_id": null,
  "draft_timings": null,
  "duration": 1981,
  "engine": 1,
  "first_blood_time": 0,
  "game_mode": 23,
  "human_players": 10,
  "leagueid": 0,
  "lobby_type": 0,
  "match_seq_num": 5780335974,
  "negative_votes": 0,
  "objectives": null,
  "picks_bans": null,
  "positive_votes": 0,
  "radiant_gold_adv": null,
  "radiant_score": 56,
  "radiant_team_id": null,
  "radiant_xp_adv": null,
  "skill": null,
  "start_time": 1669911500,
  "teamfights": null,
  "version": null,
  "replay_salt": 69331511,
  "series_id": 0,
  "series_type": 0,
  "players": [
    {
      "player_slot": 0,
      "ability_targets": null,
      "ability_upgrades_arr": [
        5138,
        5139,
        5140,
        5140,
        5138,
        5141,
        5138,
        5138,
        5140,
        5140,
        5139,
        5141,
        5139,
        5139,
        6524,
        417,
        5141,
        5998,
        6996,
        6995,
        5993,
        555
      ],
      "ability_uses": null,
      "actions": null,
      "additional_units": null,
      "assists": 17,
      "backpack_0": 0,
      "backpack_1": 0,
      "backpack_2": 0,
      "backpack_3": null,
      "buyback_log": null,
      "camps_stacked": null,
      "connection_log": null,
      "creeps_stacked": null,
      "damage": null,
      "damage_inflictor": null,
      "damage_inflictor_received": null,
      "damage_taken": null,
      "damage_targets": null,
      "deaths": 10,
      "denies": 0,
      "dn_t": null,
      "firstblood_claimed": null,
      "gold": 3493,
      "gold_per_min": 859,
      "gold_reasons": null,
      "gold_spent": 22865,
      "gold_t": null,
      "hero_damage": 18865,
      "hero_healing": 11912,
      "hero_hits": null,
      "hero_id": 30,
      "item_0": 116,
      "item_1": 218,
      "item_2": 108,
      "item_3": 180,
      "item_4": 256,
      "item_5": 235,
      "item_neutral": 311,
      "item_uses": null,
      "kill_streaks": null,
      "killed": null,
      "killed_by": null,
      "kills": 12,
      "kills_log": null,
      "lane_pos": null,
      "last_hits": 45,
      "leaver_status": 0,
      "level": 29,
      "lh_t": null,
      "life_state": null,
      "max_hero_hit": null,
      "multi_kills": null,
      "net_worth": 23018,
      "obs": null,
      "obs_left_log": null,
      "obs_log": null,
      "obs_placed": null,
      "party_id": 0,
      "party_size": 5,
      "performance_others": null,
      "permanent_buffs": [
        {
          "permanent_buff": 12,
          "stack_count": 0,
          "grant_time": 1218
        }
      ],
      "pings": null,
      "pred_vict": null,
      "purchase": null,
      "purchase_log": null,
      "randomed": null,
      "repicked": null,
      "roshans_killed": null,
      "rune_pickups": null,
      "runes": null,
      "runes_log": null,
      "sen": null,
      "sen_left_log": null,
      "sen_log": null,
      "sen_placed": null,
      "stuns": null,
      "teamfight_participation": null,
      "times": null,
      "tower_damage": 1152,
      "towers_killed": null,
      "xp_per_min": 1806,
      "xp_reasons": null,
      "xp_t": null,
      "personaname": "';..;'",
      "name": null,
      "last_login": null,
      "start_time": 1669911500,
      "duration": 1981,
      "cluster": 152,
      "lobby_type": 0,
      "game_mode": 23,
      "is_contributor": false,
      "patch": 51,
      "region": 5,
      "isRadiant": true,
      "total_gold": 28361,
      "total_xp": 59628,
      "kills_per_min": 0.3634528016153458,
      "kda": 2,
      "abandons": 0,
      "rank_tier": 25,
      "is_subscriber": false,
      "cosmetics": [],
      "benchmarks": {
        "gold_per_min": {
          "raw": 859,
          "pct": 1
        },
        "xp_per_min": {
          "raw": 1806,
          "pct": 1
        },
        "kills_per_min": {
          "raw": 0.36345280161534577,
          "pct": 1
        },
        "last_hits_per_min": {
          "raw": 1.3629480060575467,
          "pct": 0.6666666666666666
        },
        "hero_damage_per_min": {
          "raw": 571.3780918727915,
          "pct": 0.6410256410256411
        },
        "hero_healing_per_min": {
          "raw": 360.7874810701666,
          "pct": 0.9743589743589743
        },
        "tower_damage": {
          "raw": 1152,
          "pct": 0.9230769230769231
        },
        "stuns_per_min": {
          "raw": 0,
          "pct": 0.02564102564102564
        },
        "lhten": {}
      }
    },
    {
      "player_slot": 1,
      "ability_targets": null,
      "ability_upgrades_arr": [
        5178,
        5179,
        5180,
        5178,
        5179,
        5181,
        5180,
        5180,
        5178,
        5179,
        5178,
        5181,
        5179,
        5180,
        6979,
        5181,
        6532,
        1083,
        6058,
        859,
        811
      ],
      "ability_uses": null,
      "actions": null,
      "additional_units": null,
      "assists": 29,
      "backpack_0": 39,
      "backpack_1": 0,
      "backpack_2": 309,
      "backpack_3": null,
      "buyback_log": null,
      "camps_stacked": null,
      "connection_log": null,
      "creeps_stacked": null,
      "damage": null,
      "damage_inflictor": null,
      "damage_inflictor_received": null,
      "damage_taken": null,
      "damage_targets": null,
      "deaths": 12,
      "denies": 5,
      "dn_t": null,
      "firstblood_claimed": null,
      "gold": 12031,
      "gold_per_min": 950,
      "gold_reasons": null,
      "gold_spent": 19945,
      "gold_t": null,
      "hero_damage": 25879,
      "hero_healing": 1373,
      "hero_hits": null,
      "hero_id": 40,
      "item_0": 231,
      "item_1": 96,
      "item_2": 235,
      "item_3": 102,
      "item_4": 11,
      "item_5": 30,
      "item_neutral": 990,
      "item_uses": null,
      "kill_streaks": null,
      "killed": null,
      "killed_by": null,
      "kills": 5,
      "kills_log": null,
      "lane_pos": null,
      "last_hits": 77,
      "leaver_status": 0,
      "level": 30,
      "lh_t": null,
      "life_state": null,
      "max_hero_hit": null,
      "multi_kills": null,
      "net_worth": 31331,
      "obs": null,
      "obs_left_log": null,
      "obs_log": null,
      "obs_placed": null,
      "party_id": 0,
      "party_size": 5,
      "performance_others": null,
      "permanent_buffs": [
        {
          "permanent_buff": 6,
          "stack_count": 1,
          "grant_time": 1557
        }
      ],
      "pings": null,
      "pred_vict": null,
      "purchase": null,
      "purchase_log": null,
      "randomed": null,
      "repicked": null,
      "roshans_killed": null,
      "rune_pickups": null,
      "runes": null,
      "runes_log": null,
      "sen": null,
      "sen_left_log": null,
      "sen_log": null,
      "sen_placed": null,
      "stuns": null,
      "teamfight_participation": null,
      "times": null,
      "tower_damage": 3068,
      "towers_killed": null,
      "xp_per_min": 1634,
      "xp_reasons": null,
      "xp_t": null,
      "personaname": "(>_<)",
      "name": null,
      "last_login": null,
      "start_time": 1669911500,
      "duration": 1981,
      "cluster": 152,
      "lobby_type": 0,
      "game_mode": 23,
      "is_contributor": false,
      "patch": 51,
      "region": 5,
      "isRadiant": true,
      "total_gold": 31365,
      "total_xp": 53949,
      "kills_per_min": 0.1514386673397274,
      "kda": 2,
      "abandons": 0,
      "rank_tier": null,
      "is_subscriber": false,
      "cosmetics": [],
      "benchmarks": {
        "gold_per_min": {
          "raw": 950,
          "pct": 1
        },
        "xp_per_min": {
          "raw": 1634,
          "pct": 1
        },
        "kills_per_min": {
          "raw": 0.1514386673397274,
          "pct": 0.625
        },
        "last_hits_per_min": {
          "raw": 2.332155477031802,
          "pct": 0.125
        },
        "hero_damage_per_min": {
          "raw": 783.8162544169611,
          "pct": 0.375
        },
        "hero_healing_per_min": {
          "raw": 41.58505805148914,
          "pct": 0.75
        },
        "tower_damage": {
          "raw": 3068,
          "pct": 1
        },
        "stuns_per_min": {
          "raw": 0,
          "pct": 0.625
        },
        "lhten": {}
      }
    },
    {
      "player_slot": 2,
      "ability_targets": null,
      "ability_upgrades_arr": [
        6344,
        7307,
        6344,
        6461,
        6344,
        6343,
        6344,
        7307,
        7307,
        1054,
        7307,
        6343,
        6461,
        9135,
        6461,
        6461,
        6343,
        9060,
        9062,
        9063,
        6463,
        1053
      ],
      "ability_uses": null,
      "actions": null,
      "additional_units": null,
      "assists": 24,
      "backpack_0": 0,
      "backpack_1": 0,
      "backpack_2": 116,
      "backpack_3": null,
      "buyback_log": null,
      "camps_stacked": null,
      "connection_log": null,
      "creeps_stacked": null,
      "damage": null,
      "damage_inflictor": null,
      "damage_inflictor_received": null,
      "damage_taken": null,
      "damage_targets": null,
      "deaths": 6,
      "denies": 3,
      "dn_t": null,
      "firstblood_claimed": null,
      "gold": 4989,
      "gold_per_min": 998,
      "gold_reasons": null,
      "gold_spent": 28985,
      "gold_t": null,
      "hero_damage": 24408,
      "hero_healing": 0,
      "hero_hits": null,
      "hero_id": 120,
      "item_0": 208,
      "item_1": 48,
      "item_2": 133,
      "item_3": 135,
      "item_4": 160,
      "item_5": 108,
      "item_neutral": 381,
      "item_uses": null,
      "kill_streaks": null,
      "killed": null,
      "killed_by": null,
      "kills": 6,
      "kills_log": null,
      "lane_pos": null,
      "last_hits": 102,
      "leaver_status": 0,
      "level": 30,
      "lh_t": null,
      "life_state": null,
      "max_hero_hit": null,
      "multi_kills": null,
      "net_worth": 38214,
      "obs": null,
      "obs_left_log": null,
      "obs_log": null,
      "obs_placed": null,
      "party_id": 0,
      "party_size": 5,
      "performance_others": null,
      "permanent_buffs": [],
      "pings": null,
      "pred_vict": null,
      "purchase": null,
      "purchase_log": null,
      "randomed": null,
      "repicked": null,
      "roshans_killed": null,
      "rune_pickups": null,
      "runes": null,
      "runes_log": null,
      "sen": null,
      "sen_left_log": null,
      "sen_log": null,
      "sen_placed": null,
      "stuns": null,
      "teamfight_participation": null,
      "times": null,
      "tower_damage": 4639,
      "towers_killed": null,
      "xp_per_min": 1926,
      "xp_reasons": null,
      "xp_t": null,
      "personaname": "Flyline",
      "name": null,
      "last_login": null,
      "start_time": 1669911500,
      "duration": 1981,
      "cluster": 152,
      "lobby_type": 0,
      "game_mode": 23,
      "is_contributor": false,
      "patch": 51,
      "region": 5,
      "isRadiant": true,
      "total_gold": 32950,
      "total_xp": 63590,
      "kills_per_min": 0.1817264008076729,
      "kda": 4,
      "abandons": 0,
      "rank_tier": null,
      "is_subscriber": false,
      "cosmetics": [],
      "benchmarks": {
        "gold_per_min": {
          "raw": 998,
          "pct": 1
        },
        "xp_per_min": {
          "raw": 1926,
          "pct": 1
        },
        "kills_per_min": {
          "raw": 0.18172640080767288,
          "pct": 0.45454545454545453
        },
        "last_hits_per_min": {
          "raw": 3.0893488137304392,
          "pct": 0
        },
        "hero_damage_per_min": {
          "raw": 739.2629984856133,
          "pct": 0.6363636363636364
        },
        "hero_healing_per_min": {
          "raw": 0,
          "pct": 0.8484848484848485
        },
        "tower_damage": {
          "raw": 4639,
          "pct": 1
        },
        "stuns_per_min": {
          "raw": 0,
          "pct": 0
        },
        "lhten": {}
      }
    },
    {
      "player_slot": 3,
      "ability_targets": null,
      "ability_upgrades_arr": [
        5075,
        5076,
        5076,
        5074,
        5076,
        5077,
        5076,
        5074,
        5074,
        5931,
        5074,
        5077,
        5075,
        5075,
        6565,
        5075,
        5077,
        408,
        6506,
        7142,
        507,
        332,
        6023
      ],
      "ability_uses": null,
      "actions": null,
      "additional_units": null,
      "assists": 19,
      "backpack_0": 0,
      "backpack_1": 0,
      "backpack_2": 0,
      "backpack_3": null,
      "buyback_log": null,
      "camps_stacked": null,
      "connection_log": null,
      "creeps_stacked": null,
      "damage": null,
      "damage_inflictor": null,
      "damage_inflictor_received": null,
      "damage_taken": null,
      "damage_targets": null,
      "deaths": 3,
      "denies": 12,
      "dn_t": null,
      "firstblood_claimed": null,
      "gold": 5370,
      "gold_per_min": 1498,
      "gold_reasons": null,
      "gold_spent": 39215,
      "gold_t": null,
      "hero_damage": 69966,
      "hero_healing": 0,
      "hero_hits": null,
      "hero_id": 14,
      "item_0": 600,
      "item_1": 226,
      "item_2": 116,
      "item_3": 220,
      "item_4": 121,
      "item_5": 273,
      "item_neutral": 335,
      "item_uses": null,
      "kill_streaks": null,
      "killed": null,
      "killed_by": null,
      "kills": 25,
      "kills_log": null,
      "lane_pos": null,
      "last_hits": 127,
      "leaver_status": 0,
      "level": 30,
      "lh_t": null,
      "life_state": null,
      "max_hero_hit": null,
      "multi_kills": null,
      "net_worth": 40270,
      "obs": null,
      "obs_left_log": null,
      "obs_log": null,
      "obs_placed": null,
      "party_id": 0,
      "party_size": 5,
      "performance_others": null,
      "permanent_buffs": [
        {
          "permanent_buff": 2,
          "stack_count": 0,
          "grant_time": 1069
        },
        {
          "permanent_buff": 4,
          "stack_count": 44,
          "grant_time": 256
        },
        {
          "permanent_buff": 12,
          "stack_count": 0,
          "grant_time": 1728
        }
      ],
      "pings": null,
      "pred_vict": null,
      "purchase": null,
      "purchase_log": null,
      "randomed": null,
      "repicked": null,
      "roshans_killed": null,
      "rune_pickups": null,
      "runes": null,
      "runes_log": null,
      "sen": null,
      "sen_left_log": null,
      "sen_log": null,
      "sen_placed": null,
      "stuns": null,
      "teamfight_participation": null,
      "times": null,
      "tower_damage": 6719,
      "towers_killed": null,
      "xp_per_min": 2548,
      "xp_reasons": null,
      "xp_t": null,
      "personaname": "#aesthetic",
      "name": null,
      "last_login": null,
      "start_time": 1669911500,
      "duration": 1981,
      "cluster": 152,
      "lobby_type": 0,
      "game_mode": 23,
      "is_contributor": false,
      "patch": 51,
      "region": 5,
      "isRadiant": true,
      "total_gold": 49458,
      "total_xp": 84126,
      "kills_per_min": 0.7571933366986371,
      "kda": 11,
      "abandons": 0,
      "rank_tier": null,
      "is_subscriber": false,
      "cosmetics": [],
      "benchmarks": {
        "gold_per_min": {
          "raw": 1498,
          "pct": 1
        },
        "xp_per_min": {
          "raw": 2548,
          "pct": 1
        },
        "kills_per_min": {
          "raw": 0.7571933366986371,
          "pct": 0.9821428571428571
        },
        "last_hits_per_min": {
          "raw": 3.8465421504290767,
          "pct": 0.5714285714285714
        },
        "hero_damage_per_min": {
          "raw": 2119.1115598182737,
          "pct": 1
        },
        "hero_healing_per_min": {
          "raw": 0,
          "pct": 0.6428571428571429
        },
        "tower_damage": {
          "raw": 6719,
          "pct": 0.9821428571428571
        },
        "stuns_per_min": {
          "raw": 0,
          "pct": 0
        },
        "lhten": {}
      }
    },
    {
      "player_slot": 4,
      "ability_targets": null,
      "ability_upgrades_arr": [
        5044,
        5046,
        5044,
        5045,
        5044,
        5047,
        5044,
        5046,
        5046,
        6600,
        5046,
        5047,
        5045,
        5045,
        781,
        5045,
        5047,
        541,
        6678,
        465,
        777,
        401,
        1084
      ],
      "ability_uses": null,
      "actions": null,
      "additional_units": null,
      "assists": 20,
      "backpack_0": 0,
      "backpack_1": 0,
      "backpack_2": 0,
      "backpack_3": null,
      "buyback_log": null,
      "camps_stacked": null,
      "connection_log": null,
      "creeps_stacked": null,
      "damage": null,
      "damage_inflictor": null,
      "damage_inflictor_received": null,
      "damage_taken": null,
      "damage_targets": null,
      "deaths": 8,
      "denies": 0,
      "dn_t": null,
      "firstblood_claimed": null,
      "gold": 2117,
      "gold_per_min": 863,
      "gold_reasons": null,
      "gold_spent": 26985,
      "gold_t": null,
      "hero_damage": 18201,
      "hero_healing": 0,
      "hero_hits": null,
      "hero_id": 26,
      "item_0": 604,
      "item_1": 214,
      "item_2": 235,
      "item_3": 36,
      "item_4": 256,
      "item_5": 102,
      "item_neutral": 946,
      "item_uses": null,
      "kill_streaks": null,
      "killed": null,
      "killed_by": null,
      "kills": 8,
      "kills_log": null,
      "lane_pos": null,
      "last_hits": 44,
      "leaver_status": 0,
      "level": 30,
      "lh_t": null,
      "life_state": null,
      "max_hero_hit": null,
      "multi_kills": null,
      "net_worth": 27967,
      "obs": null,
      "obs_left_log": null,
      "obs_log": null,
      "obs_placed": null,
      "party_id": 0,
      "party_size": 5,
      "performance_others": null,
      "permanent_buffs": [
        {
          "permanent_buff": 2,
          "stack_count": 0,
          "grant_time": 1565
        },
        {
          "permanent_buff": 6,
          "stack_count": 1,
          "grant_time": 916
        },
        {
          "permanent_buff": 7,
          "stack_count": 8,
          "grant_time": 493
        },
        {
          "permanent_buff": 12,
          "stack_count": 0,
          "grant_time": 1218
        }
      ],
      "pings": null,
      "pred_vict": null,
      "purchase": null,
      "purchase_log": null,
      "randomed": null,
      "repicked": null,
      "roshans_killed": null,
      "rune_pickups": null,
      "runes": null,
      "runes_log": null,
      "sen": null,
      "sen_left_log": null,
      "sen_log": null,
      "sen_placed": null,
      "stuns": null,
      "teamfight_participation": null,
      "times": null,
      "tower_damage": 1913,
      "towers_killed": null,
      "xp_per_min": 1638,
      "xp_reasons": null,
      "xp_t": null,
      "start_time": 1669911500,
      "duration": 1981,
      "cluster": 152,
      "lobby_type": 0,
      "game_mode": 23,
      "is_contributor": false,
      "patch": 51,
      "region": 5,
      "isRadiant": true,
      "total_gold": 28493,
      "total_xp": 54081,
      "kills_per_min": 0.24230186774356385,
      "kda": 3,
      "abandons": 0,
      "rank_tier": null,
      "is_subscriber": false,
      "cosmetics": [],
      "benchmarks": {
        "gold_per_min": {
          "raw": 863,
          "pct": 1
        },
        "xp_per_min": {
          "raw": 1638,
          "pct": 1
        },
        "kills_per_min": {
          "raw": 0.24230186774356385,
          "pct": 0.90625
        },
        "last_hits_per_min": {
          "raw": 1.3326602725896013,
          "pct": 0.71875
        },
        "hero_damage_per_min": {
          "raw": 551.2670368500758,
          "pct": 0.96875
        },
        "hero_healing_per_min": {
          "raw": 0,
          "pct": 0.84375
        },
        "tower_damage": {
          "raw": 1913,
          "pct": 0.96875
        },
        "stuns_per_min": {
          "raw": 0,
          "pct": 0
        },
        "lhten": {}
      }
    },
    {
      "player_slot": 128,
      "ability_targets": null,
      "ability_upgrades_arr": [
        5471,
        5473,
        5471,
        532,
        5471,
        5474,
        5471,
        5473,
        5473,
        5473,
        532,
        5474,
        532,
        532,
        881,
        657,
        5474,
        664,
        624,
        1046,
        527,
        804,
        6217
      ],
      "ability_uses": null,
      "actions": null,
      "additional_units": null,
      "assists": 15,
      "backpack_0": 0,
      "backpack_1": 0,
      "backpack_2": 0,
      "backpack_3": null,
      "buyback_log": null,
      "camps_stacked": null,
      "connection_log": null,
      "creeps_stacked": null,
      "damage": null,
      "damage_inflictor": null,
      "damage_inflictor_received": null,
      "damage_taken": null,
      "damage_targets": null,
      "deaths": 13,
      "denies": 0,
      "dn_t": null,
      "firstblood_claimed": null,
      "gold": 1604,
      "gold_per_min": 662,
      "gold_reasons": null,
      "gold_spent": 21090,
      "gold_t": null,
      "hero_damage": 17976,
      "hero_healing": 2023,
      "hero_hits": null,
      "hero_id": 90,
      "item_0": 176,
      "item_1": 220,
      "item_2": 108,
      "item_3": 96,
      "item_4": 218,
      "item_5": 77,
      "item_neutral": 306,
      "item_uses": null,
      "kill_streaks": null,
      "killed": null,
      "killed_by": null,
      "kills": 4,
      "kills_log": null,
      "lane_pos": null,
      "last_hits": 49,
      "leaver_status": 0,
      "level": 30,
      "lh_t": null,
      "life_state": null,
      "max_hero_hit": null,
      "multi_kills": null,
      "net_worth": 22684,
      "obs": null,
      "obs_left_log": null,
      "obs_log": null,
      "obs_placed": null,
      "party_id": 1,
      "party_size": 5,
      "performance_others": null,
      "permanent_buffs": [
        {
          "permanent_buff": 6,
          "stack_count": 1,
          "grant_time": 871
        },
        {
          "permanent_buff": 12,
          "stack_count": 0,
          "grant_time": 1903
        }
      ],
      "pings": null,
      "pred_vict": null,
      "purchase": null,
      "purchase_log": null,
      "randomed": null,
      "repicked": null,
      "roshans_killed": null,
      "rune_pickups": null,
      "runes": null,
      "runes_log": null,
      "sen": null,
      "sen_left_log": null,
      "sen_log": null,
      "sen_placed": null,
      "stuns": null,
      "teamfight_participation": null,
      "times": null,
      "tower_damage": 177,
      "towers_killed": null,
      "xp_per_min": 1811,
      "xp_reasons": null,
      "xp_t": null,
      "personaname": "PEW PEW PEW",
      "name": null,
      "last_login": null,
      "start_time": 1669911500,
      "duration": 1981,
      "cluster": 152,
      "lobby_type": 0,
      "game_mode": 23,
      "is_contributor": false,
      "patch": 51,
      "region": 5,
      "isRadiant": false,
      "total_gold": 21857,
      "total_xp": 59793,
      "kills_per_min": 0.12115093387178193,
      "kda": 1,
      "abandons": 0,
      "rank_tier": null,
      "is_subscriber": false,
      "cosmetics": [],
      "benchmarks": {
        "gold_per_min": {
          "raw": 662,
          "pct": 0.85
        },
        "xp_per_min": {
          "raw": 1811,
          "pct": 1
        },
        "kills_per_min": {
          "raw": 0.12115093387178193,
          "pct": 0.55
        },
        "last_hits_per_min": {
          "raw": 1.4840989399293285,
          "pct": 0.05
        },
        "hero_damage_per_min": {
          "raw": 544.452296819788,
          "pct": 0.55
        },
        "hero_healing_per_min": {
          "raw": 61.272084805653705,
          "pct": 0.3
        },
        "tower_damage": {
          "raw": 177,
          "pct": 0.35
        },
        "stuns_per_min": {
          "raw": 0,
          "pct": 0.8
        },
        "lhten": {}
      }
    },
    {
      "player_slot": 129,
      "ability_targets": null,
      "ability_upgrades_arr": [
        338,
        5435,
        5436,
        338,
        338,
        5437,
        338,
        5436,
        5436,
        5436,
        339,
        5437,
        5435,
        5435,
        5435,
        340,
        5437,
        756,
        342,
        755
      ],
      "ability_uses": null,
      "actions": null,
      "additional_units": null,
      "assists": 19,
      "backpack_0": 43,
      "backpack_1": 0,
      "backpack_2": 0,
      "backpack_3": null,
      "buyback_log": null,
      "camps_stacked": null,
      "connection_log": null,
      "creeps_stacked": null,
      "damage": null,
      "damage_inflictor": null,
      "damage_inflictor_received": null,
      "damage_taken": null,
      "damage_targets": null,
      "deaths": 13,
      "denies": 0,
      "dn_t": null,
      "firstblood_claimed": null,
      "gold": 2050,
      "gold_per_min": 668,
      "gold_reasons": null,
      "gold_spent": 17215,
      "gold_t": null,
      "hero_damage": 17151,
      "hero_healing": 1977,
      "hero_hits": null,
      "hero_id": 83,
      "item_0": 1,
      "item_1": 127,
      "item_2": 110,
      "item_3": 108,
      "item_4": 180,
      "item_5": 188,
      "item_neutral": 336,
      "item_uses": null,
      "kill_streaks": null,
      "killed": null,
      "killed_by": null,
      "kills": 3,
      "kills_log": null,
      "lane_pos": null,
      "last_hits": 19,
      "leaver_status": 0,
      "level": 27,
      "lh_t": null,
      "life_state": null,
      "max_hero_hit": null,
      "multi_kills": null,
      "net_worth": 18400,
      "obs": null,
      "obs_left_log": null,
      "obs_log": null,
      "obs_placed": null,
      "party_id": 1,
      "party_size": 5,
      "performance_others": null,
      "permanent_buffs": [
        {
          "permanent_buff": 12,
          "stack_count": 0,
          "grant_time": 796
        }
      ],
      "pings": null,
      "pred_vict": null,
      "purchase": null,
      "purchase_log": null,
      "randomed": null,
      "repicked": null,
      "roshans_killed": null,
      "rune_pickups": null,
      "runes": null,
      "runes_log": null,
      "sen": null,
      "sen_left_log": null,
      "sen_log": null,
      "sen_placed": null,
      "stuns": null,
      "teamfight_participation": null,
      "times": null,
      "tower_damage": 0,
      "towers_killed": null,
      "xp_per_min": 1639,
      "xp_reasons": null,
      "xp_t": null,
      "personaname": "Damacus",
      "name": null,
      "last_login": null,
      "start_time": 1669911500,
      "duration": 1981,
      "cluster": 152,
      "lobby_type": 0,
      "game_mode": 23,
      "is_contributor": false,
      "patch": 51,
      "region": 5,
      "isRadiant": false,
      "total_gold": 22055,
      "total_xp": 54114,
      "kills_per_min": 0.09086320040383646,
      "kda": 1,
      "abandons": 0,
      "rank_tier": 43,
      "is_subscriber": false,
      "cosmetics": [],
      "benchmarks": {
        "gold_per_min": {
          "raw": 668,
          "pct": 1
        },
        "xp_per_min": {
          "raw": 1639,
          "pct": 1
        },
        "kills_per_min": {
          "raw": 0.09086320040383644,
          "pct": 0.5172413793103449
        },
        "last_hits_per_min": {
          "raw": 0.5754669358909642,
          "pct": 0.034482758620689655
        },
        "hero_damage_per_min": {
          "raw": 519.464916708733,
          "pct": 0.9310344827586207
        },
        "hero_healing_per_min": {
          "raw": 59.87884906612822,
          "pct": 0.06896551724137931
        },
        "tower_damage": {
          "raw": 0,
          "pct": 0.2413793103448276
        },
        "stuns_per_min": {
          "raw": 0,
          "pct": 0
        },
        "lhten": {}
      }
    },
    {
      "player_slot": 130,
      "ability_targets": null,
      "ability_upgrades_arr": [
        5154,
        5155,
        5155,
        5154,
        5155,
        5157,
        5155,
        5154,
        928,
        5154,
        5156,
        5157,
        5156,
        5156,
        5156,
        5907,
        5157,
        6305,
        5943,
        6897,
        7396
      ],
      "ability_uses": null,
      "actions": null,
      "additional_units": null,
      "assists": 9,
      "backpack_0": 0,
      "backpack_1": 0,
      "backpack_2": 0,
      "backpack_3": null,
      "buyback_log": null,
      "camps_stacked": null,
      "connection_log": null,
      "creeps_stacked": null,
      "damage": null,
      "damage_inflictor": null,
      "damage_inflictor_received": null,
      "damage_taken": null,
      "damage_targets": null,
      "deaths": 15,
      "denies": 3,
      "dn_t": null,
      "firstblood_claimed": null,
      "gold": 5468,
      "gold_per_min": 851,
      "gold_reasons": null,
      "gold_spent": 28445,
      "gold_t": null,
      "hero_damage": 44400,
      "hero_healing": 0,
      "hero_hits": null,
      "hero_id": 35,
      "item_0": 168,
      "item_1": 236,
      "item_2": 63,
      "item_3": 158,
      "item_4": 141,
      "item_5": 247,
      "item_neutral": 288,
      "item_uses": null,
      "kill_streaks": null,
      "killed": null,
      "killed_by": null,
      "kills": 8,
      "kills_log": null,
      "lane_pos": null,
      "last_hits": 89,
      "leaver_status": 0,
      "level": 28,
      "lh_t": null,
      "life_state": null,
      "max_hero_hit": null,
      "multi_kills": null,
      "net_worth": 27018,
      "obs": null,
      "obs_left_log": null,
      "obs_log": null,
      "obs_placed": null,
      "party_id": 1,
      "party_size": 5,
      "performance_others": null,
      "permanent_buffs": [],
      "pings": null,
      "pred_vict": null,
      "purchase": null,
      "purchase_log": null,
      "randomed": null,
      "repicked": null,
      "roshans_killed": null,
      "rune_pickups": null,
      "runes": null,
      "runes_log": null,
      "sen": null,
      "sen_left_log": null,
      "sen_log": null,
      "sen_placed": null,
      "stuns": null,
      "teamfight_participation": null,
      "times": null,
      "tower_damage": 455,
      "towers_killed": null,
      "xp_per_min": 1811,
      "xp_reasons": null,
      "xp_t": null,
      "personaname": "Fluffy",
      "name": null,
      "last_login": null,
      "start_time": 1669911500,
      "duration": 1981,
      "cluster": 152,
      "lobby_type": 0,
      "game_mode": 23,
      "is_contributor": false,
      "patch": 51,
      "region": 5,
      "isRadiant": false,
      "total_gold": 28097,
      "total_xp": 59793,
      "kills_per_min": 0.24230186774356385,
      "kda": 1,
      "abandons": 0,
      "rank_tier": 15,
      "is_subscriber": false,
      "cosmetics": [],
      "benchmarks": {
        "gold_per_min": {
          "raw": 851,
          "pct": 1
        },
        "xp_per_min": {
          "raw": 1811,
          "pct": 1
        },
        "kills_per_min": {
          "raw": 0.24230186774356385,
          "pct": 0.5185185185185185
        },
        "last_hits_per_min": {
          "raw": 2.695608278647148,
          "pct": 0.037037037037037035
        },
        "hero_damage_per_min": {
          "raw": 1344.7753659767793,
          "pct": 1
        },
        "hero_healing_per_min": {
          "raw": 0,
          "pct": 0.9629629629629629
        },
        "tower_damage": {
          "raw": 455,
          "pct": 0.14814814814814814
        },
        "stuns_per_min": {
          "raw": 0,
          "pct": 0.1111111111111111
        },
        "lhten": {}
      }
    },
    {
      "player_slot": 131,
      "ability_targets": null,
      "ability_upgrades_arr": [
        5143,
        5142,
        5143,
        5145,
        5143,
        5144,
        5143,
        5145,
        5145,
        5145,
        5144,
        5142,
        5142,
        474,
        5142,
        6865,
        5144,
        6330,
        347,
        6193,
        782,
        795,
        6867
      ],
      "ability_uses": null,
      "actions": null,
      "additional_units": null,
      "assists": 22,
      "backpack_0": 0,
      "backpack_1": 0,
      "backpack_2": 0,
      "backpack_3": null,
      "buyback_log": null,
      "camps_stacked": null,
      "connection_log": null,
      "creeps_stacked": null,
      "damage": null,
      "damage_inflictor": null,
      "damage_inflictor_received": null,
      "damage_taken": null,
      "damage_targets": null,
      "deaths": 6,
      "denies": 6,
      "dn_t": null,
      "firstblood_claimed": null,
      "gold": 7728,
      "gold_per_min": 1328,
      "gold_reasons": null,
      "gold_spent": 37580,
      "gold_t": null,
      "hero_damage": 51987,
      "hero_healing": 0,
      "hero_hits": null,
      "hero_id": 32,
      "item_0": 174,
      "item_1": 0,
      "item_2": 48,
      "item_3": 116,
      "item_4": 168,
      "item_5": 160,
      "item_neutral": 376,
      "item_uses": null,
      "kill_streaks": null,
      "killed": null,
      "killed_by": null,
      "kills": 11,
      "kills_log": null,
      "lane_pos": null,
      "last_hits": 154,
      "leaver_status": 0,
      "level": 30,
      "lh_t": null,
      "life_state": null,
      "max_hero_hit": null,
      "multi_kills": null,
      "net_worth": 31378,
      "obs": null,
      "obs_left_log": null,
      "obs_log": null,
      "obs_placed": null,
      "party_id": 1,
      "party_size": 5,
      "performance_others": null,
      "permanent_buffs": [
        {
          "permanent_buff": 2,
          "stack_count": 0,
          "grant_time": 1784
        },
        {
          "permanent_buff": 6,
          "stack_count": 1,
          "grant_time": 1448
        }
      ],
      "pings": null,
      "pred_vict": null,
      "purchase": null,
      "purchase_log": null,
      "randomed": null,
      "repicked": null,
      "roshans_killed": null,
      "rune_pickups": null,
      "runes": null,
      "runes_log": null,
      "sen": null,
      "sen_left_log": null,
      "sen_log": null,
      "sen_placed": null,
      "stuns": null,
      "teamfight_participation": null,
      "times": null,
      "tower_damage": 0,
      "towers_killed": null,
      "xp_per_min": 2002,
      "xp_reasons": null,
      "xp_t": null,
      "personaname": "Jem",
      "name": null,
      "last_login": null,
      "start_time": 1669911500,
      "duration": 1981,
      "cluster": 152,
      "lobby_type": 0,
      "game_mode": 23,
      "is_contributor": false,
      "patch": 51,
      "region": 5,
      "isRadiant": false,
      "total_gold": 43846,
      "total_xp": 66099,
      "kills_per_min": 0.3331650681474003,
      "kda": 4,
      "abandons": 0,
      "rank_tier": 33,
      "is_subscriber": false,
      "cosmetics": [],
      "benchmarks": {
        "gold_per_min": {
          "raw": 1328,
          "pct": 1
        },
        "xp_per_min": {
          "raw": 2002,
          "pct": 1
        },
        "kills_per_min": {
          "raw": 0.3331650681474003,
          "pct": 0.6875
        },
        "last_hits_per_min": {
          "raw": 4.664310954063604,
          "pct": 0.9375
        },
        "hero_damage_per_min": {
          "raw": 1574.5683997980818,
          "pct": 1
        },
        "hero_healing_per_min": {
          "raw": 0,
          "pct": 0.6875
        },
        "tower_damage": {
          "raw": 0,
          "pct": 0.25
        },
        "stuns_per_min": {
          "raw": 0,
          "pct": 0.125
        },
        "lhten": {}
      }
    },
    {
      "player_slot": 132,
      "ability_targets": null,
      "ability_upgrades_arr": [
        5048,
        5050,
        5051,
        5051,
        5051,
        5049,
        5051,
        5050,
        5050,
        817,
        5049,
        5050,
        5048,
        6013,
        5048,
        5048,
        5049,
        6692,
        6397,
        6242,
        702,
        6164,
        823
      ],
      "ability_uses": null,
      "actions": null,
      "additional_units": null,
      "assists": 14,
      "backpack_0": 0,
      "backpack_1": 0,
      "backpack_2": 0,
      "backpack_3": null,
      "buyback_log": null,
      "camps_stacked": null,
      "connection_log": null,
      "creeps_stacked": null,
      "damage": null,
      "damage_inflictor": null,
      "damage_inflictor_received": null,
      "damage_taken": null,
      "damage_targets": null,
      "deaths": 9,
      "denies": 3,
      "dn_t": null,
      "firstblood_claimed": null,
      "gold": 4146,
      "gold_per_min": 983,
      "gold_reasons": null,
      "gold_spent": 29525,
      "gold_t": null,
      "hero_damage": 36860,
      "hero_healing": 0,
      "hero_hits": null,
      "hero_id": 9,
      "item_0": 116,
      "item_1": 263,
      "item_2": 1466,
      "item_3": 156,
      "item_4": 63,
      "item_5": 141,
      "item_neutral": 309,
      "item_uses": null,
      "kill_streaks": null,
      "killed": null,
      "killed_by": null,
      "kills": 12,
      "kills_log": null,
      "lane_pos": null,
      "last_hits": 69,
      "leaver_status": 0,
      "level": 30,
      "lh_t": null,
      "life_state": null,
      "max_hero_hit": null,
      "multi_kills": null,
      "net_worth": 31896,
      "obs": null,
      "obs_left_log": null,
      "obs_log": null,
      "obs_placed": null,
      "party_id": 1,
      "party_size": 5,
      "performance_others": null,
      "permanent_buffs": [
        {
          "permanent_buff": 12,
          "stack_count": 0,
          "grant_time": 1200
        }
      ],
      "pings": null,
      "pred_vict": null,
      "purchase": null,
      "purchase_log": null,
      "randomed": null,
      "repicked": null,
      "roshans_killed": null,
      "rune_pickups": null,
      "runes": null,
      "runes_log": null,
      "sen": null,
      "sen_left_log": null,
      "sen_log": null,
      "sen_placed": null,
      "stuns": null,
      "teamfight_participation": null,
      "times": null,
      "tower_damage": 0,
      "towers_killed": null,
      "xp_per_min": 1811,
      "xp_reasons": null,
      "xp_t": null,
      "start_time": 1669911500,
      "duration": 1981,
      "cluster": 152,
      "lobby_type": 0,
      "game_mode": 23,
      "is_contributor": false,
      "patch": 51,
      "region": 5,
      "isRadiant": false,
      "total_gold": 32455,
      "total_xp": 59793,
      "kills_per_min": 0.3634528016153458,
      "kda": 2,
      "abandons": 0,
      "rank_tier": null,
      "is_subscriber": false,
      "cosmetics": [],
      "benchmarks": {
        "gold_per_min": {
          "raw": 983,
          "pct": 1
        },
        "xp_per_min": {
          "raw": 1811,
          "pct": 1
        },
        "kills_per_min": {
          "raw": 0.36345280161534577,
          "pct": 1
        },
        "last_hits_per_min": {
          "raw": 2.0898536092882383,
          "pct": 0.6363636363636364
        },
        "hero_damage_per_min": {
          "raw": 1116.4058556284706,
          "pct": 1
        },
        "hero_healing_per_min": {
          "raw": 0,
          "pct": 0.4909090909090909
        },
        "tower_damage": {
          "raw": 0,
          "pct": 0.10909090909090909
        },
        "stuns_per_min": {
          "raw": 0,
          "pct": 0
        },
        "lhten": {}
      }
    }
  ],
  "patch": 51,
  "region": 5
}