{
  "chat": null,
  "cluster": 227,
  "cosmetics": null,
  "dire_score": 38,
  "dire_team_id": null,
  "draft_timings": null,
  "duration": 2026,
  "engine": 1,
  "first_blood_time": 0,
  "game_mode": 22,
  "human_players": 10,
  "leagueid": 0,
  "lobby_type": 7,
  "match_seq_num": 5780366962,
  "negative_votes": 0,
  "objectives": null,
  "picks_bans": [
    {
      "is_pick": true,
      "hero_id": 93,
      "team": 0,
      "order": 0
    },
    {
      "is_pick": true,
      "hero_id": 83,
      "team": 0,
      "order": 1
    },
    {
      "is_pick": true,
      "hero_id": 14,
      "team": 1,
      "order": 2
    },
    {
      "is_pick": true,
      "hero_id": 64,
      "team": 1,
      "order": 3
    },
    {
      "is_pick": true,
      "hero_id": 39,
      "team": 0,
      "order": 4
    },
    {
      "is_pick": true,
      "hero_id": 40,
      "team": 0,
      "order": 5
    },
    {
      "is_pick": true,
      "hero_id": 104,
      "team": 1,
      "order": 6
    },
    {
      "is_pick": true,
      "hero_id": 44,
      "team": 1,
      "order": 7
    },
    {
      "is_pick": true,
      "hero_id": 11,
      "team": 1,
      "order": 8
    },
    {
      "is_pick": true,
      "hero_id": 29,
      "team": 0,
      "order": 9
    },
    {
      "is_pick": false,
      "hero_id": 75,
      "team": 0,
      "order": 10
    },
    {
      "is_pick": false,
      "hero_id": 1,
      "team": 0,
      "order": 11
    },
    {
      "is_pick": false,
      "hero_id": 105,
      "team": 0,
      "order": 12
    },
    {
      "is_pick": false,
      "hero_id": 62,
      "team": 0,
      "order": 13
    }
  ],
  "positive_votes": 0,
  "radiant_gold_adv": null,
  "radiant_score": 24,
  "radiant_team_id": null,
  "radiant_xp_adv": null,
  "skill": null,
  "start_time": 1669912604,
  "teamfights": null,
  "version": null,
  "replay_salt": 1681007028,
  "series_id": 0,
  "series_type": 0,
  "players": [
    {
      "player_slot": 0,
      "ability_targets": null,
      "ability_upgrades_arr": [
        5178,
        5179,
        5180,
        5180,
        5180,
        5181,
        5180,
        5179,
        5179,
        6979,
        5179,
        5181,
        5178,
        5178
      ],
      "ability_uses": null,
      "actions": null,
      "additional_units": null,
      "assists": 11,
      "backpack_0": 0,
      "backpack_1": 0,
      "backpack_2": 0,
      "backpack_3": null,
      "buyback_log": null,
      "camps_stacked": null,
      "connection_log": null,
      "creeps_stacked": null,
      "damage": null,
      "damage_inflictor": null,
      "damage_inflictor_received": null,
      "damage_taken": null,
      "damage_targets": null,
      "deaths": 8,
      "denies": 2,
      "dn_t": null,
      "firstblood_claimed": null,
      "gold": 1290,
      "gold_per_min": 230,
      "gold_reasons": null,
      "gold_spent": 6585,
      "gold_t": null,
      "hero_damage": 16146,
      "hero_healing": 180,
      "hero_hits": null,
      "hero_id": 40,
      "item_0": 102,
      "item_1": 92,
      "item_2": 218,
      "item_3": 214,
      "item_4": 57,
      "item_5": 0,
      "item_neutral": 840,
      "item_uses": null,
      "kill_streaks": null,
      "killed": null,
      "killed_by": null,
      "kills": 0,
      "kills_log": null,
      "lane_pos": null,
      "last_hits": 54,
      "leaver_status": 0,
      "level": 15,
      "lh_t": null,
      "life_state": null,
      "max_hero_hit": null,
      "multi_kills": null,
      "net_worth": 6370,
      "obs": null,
      "obs_left_log": null,
      "obs_log": null,
      "obs_placed": null,
      "party_id": 0,
      "party_size": 1,
      "performance_others": null,
      "permanent_buffs": [],
      "pings": null,
      "pred_vict": null,
      "purchase": null,
      "purchase_log": null,
      "randomed": null,
      "repicked": null,
      "roshans_killed": null,
      "rune_pickups": null,
      "runes": null,
      "runes_log": null,
      "sen": null,
      "sen_left_log": null,
      "sen_log": null,
      "sen_placed": null,
      "stuns": null,
      "teamfight_participation": null,
      "times": null,
      "tower_damage": 100,
      "towers_killed": null,
      "xp_per_min": 391,
      "xp_reasons": null,
      "xp_t": null,
      "personaname": "小鬼",
      "name": null,
      "last_login": null,
      "start_time": 1669912604,
      "duration": 2026,
      "cluster": 227,
      "lobby_type": 7,
      "game_mode": 22,
      "is_contributor": false,
      "patch": 51,
      "region": 20,
      "isRadiant": true,
      "total_gold": 7766,
      "total_xp": 13202,
      "kda": 1,
      "abandons": 0,
      "rank_tier": 25,
      "is_subscriber": false,
      "cosmetics": [],
      "benchmarks": {
        "gold_per_min": {
          "raw": 230,
          "pct": 0
        },
        "xp_per_min": {
          "raw": 391,
          "pct": 0.125
        },
        "kills_per_min": {
          "raw": 0,
          "pct": 0.125
        },
        "last_hits_per_min": {
          "raw": 1.5992102665350445,
          "pct": 0
        },
        "hero_damage_per_min": {
          "raw": 478.16386969397826,
          "pct": 0.125
        },
        "hero_healing_per_min": {
          "raw": 5.330700888450148,
          "pct": 0.375
        },
        "tower_damage": {
          "raw": 100,
          "pct": 0.25
        },
        "stuns_per_min": {
          "raw": 0,
          "pct": 0.625
        },
        "lhten": {}
      }
    },
    {
      "player_slot": 1,
      "ability_targets": null,
      "ability_upgrades_arr": [
        5496,
        5495,
        5494,
        5494,
        5494,
        5497,
        5494,
        5495,
        5495,
        821,
        5495,
        5497,
        5496,
        5496,
        5496,
        6892
      ],
      "ability_uses": null,
      "actions": null,
      "additional_units": null,
      "assists": 1,
      "backpack_0": 11,
      "backpack_1": 36,
      "backpack_2": 43,
      "backpack_3": null,
      "buyback_log": null,
      "camps_stacked": null,
      "connection_log": null,
      "creeps_stacked": null,
      "damage": null,
      "damage_inflictor": null,
      "damage_inflictor_received": null,
      "damage_taken": null,
      "damage_targets": null,
      "deaths": 13,
      "denies": 16,
      "dn_t": null,
      "firstblood_claimed": null,
      "gold": 1654,
      "gold_per_min": 342,
      "gold_reasons": null,
      "gold_spent": 8885,
      "gold_t": null,
      "hero_damage": 10496,
      "hero_healing": 0,
      "hero_hits": null,
      "hero_id": 93,
      "item_0": 22,
      "item_1": 596,
      "item_2": 174,
      "item_3": 75,
      "item_4": 60,
      "item_5": 63,
      "item_neutral": 331,
      "item_uses": null,
      "kill_streaks": null,
      "killed": null,
      "killed_by": null,
      "kills": 6,
      "kills_log": null,
      "lane_pos": null,
      "last_hits": 140,
      "leaver_status": 0,
      "level": 16,
      "lh_t": null,
      "life_state": null,
      "max_hero_hit": null,
      "multi_kills": null,
      "net_worth": 10084,
      "obs": null,
      "obs_left_log": null,
      "obs_log": null,
      "obs_placed": null,
      "party_id": 1,
      "party_size": 1,
      "performance_others": null,
      "permanent_buffs": [
        {
          "permanent_buff": 6,
          "stack_count": 1,
          "grant_time": 837
        },
        {
          "permanent_buff": 8,
          "stack_count": 8,
          "grant_time": 378
        }
      ],
      "pings": null,
      "pred_vict": null,
      "purchase": null,
      "purchase_log": null,
      "randomed": null,
      "repicked": null,
      "roshans_killed": null,
      "rune_pickups": null,
      "runes": null,
      "runes_log": null,
      "sen": null,
      "sen_left_log": null,
      "sen_log": null,
      "sen_placed": null,
      "stuns": null,
      "teamfight_participation": null,
      "times": null,
      "tower_damage": 0,
      "towers_killed": null,
      "xp_per_min": 424,
      "xp_reasons": null,
      "xp_t": null,
      "start_time": 1669912604,
      "duration": 2026,
      "cluster": 227,
      "lobby_type": 7,
      "game_mode": 22,
      "is_contributor": false,
      "patch": 51,
      "region": 20,
      "isRadiant": true,
      "total_gold": 11548,
      "total_xp": 14317,
      "kills_per_min": 0.17769002961500494,
      "kda": 0,
      "abandons": 0,
      "rank_tier": null,
      "is_subscriber": false,
      "cosmetics": [],
      "benchmarks": {
        "gold_per_min": {
          "raw": 342,
          "pct": 0.023255813953488372
        },
        "xp_per_min": {
          "raw": 424,
          "pct": 0.046511627906976744
        },
        "kills_per_min": {
          "raw": 0.17769002961500494,
          "pct": 0.3953488372093023
        },
        "last_hits_per_min": {
          "raw": 4.146100691016781,
          "pct": 0.023255813953488372
        },
        "hero_damage_per_min": {
          "raw": 310.8390918065153,
          "pct": 0.20930232558139536
        },
        "hero_healing_per_min": {
          "raw": 0,
          "pct": 1
        },
        "tower_damage": {
          "raw": 0,
          "pct": 0.09302325581395349
        },
        "stuns_per_min": {
          "raw": 0,
          "pct": 0.6744186046511628
        },
        "lhten": {}
      }
    },
    {
      "player_slot": 2,
      "ability_targets": null,
      "ability_upgrades_arr": [
        338,
        5435,
        338,
        5435,
        338,
        5437,
        338,
        5435,
        5435,
        5436,
        5436,
        5437,
        755,
        5436,
        340,
        5436,
        5437
      ],
      "ability_uses": null,
      "actions": null,
      "additional_units": null,
      "assists": 6,
      "backpack_0": 0,
      "backpack_1": 0,
      "backpack_2": 0,
      "backpack_3": null,
      "buyback_log": null,
      "camps_stacked": null,
      "connection_log": null,
      "creeps_stacked": null,
      "damage": null,
      "damage_inflictor": null,
      "damage_inflictor_received": null,
      "damage_taken": null,
      "damage_targets": null,
      "deaths": 2,
      "denies": 3,
      "dn_t": null,
      "firstblood_claimed": null,
      "gold": 1319,
      "gold_per_min": 341,
      "gold_reasons": null,
      "gold_spent": 11135,
      "gold_t": null,
      "hero_damage": 23375,
      "hero_healing": 2505,
      "hero_hits": null,
      "hero_id": 83,
      "item_0": 223,
      "item_1": 216,
      "item_2": 108,
      "item_3": 180,
      "item_4": 34,
      "item_5": 39,
      "item_neutral": 356,
      "item_uses": null,
      "kill_streaks": null,
      "killed": null,
      "killed_by": null,
      "kills": 8,
      "kills_log": null,
      "lane_pos": null,
      "last_hits": 88,
      "leaver_status": 0,
      "level": 19,
      "lh_t": null,
      "life_state": null,
      "max_hero_hit": null,
      "multi_kills": null,
      "net_worth": 10834,
      "obs": null,
      "obs_left_log": null,
      "obs_log": null,
      "obs_placed": null,
      "party_id": 2,
      "party_size": 1,
      "performance_others": null,
      "permanent_buffs": [
        {
          "permanent_buff": 6,
          "stack_count": 1,
          "grant_time": 1458
        },
        {
          "permanent_buff": 12,
          "stack_count": 0,
          "grant_time": 1164
        }
      ],
      "pings": null,
      "pred_vict": null,
      "purchase": null,
      "purchase_log": null,
      "randomed": null,
      "repicked": null,
      "roshans_killed": null,
      "rune_pickups": null,
      "runes": null,
      "runes_log": null,
      "sen": null,
      "sen_left_log": null,
      "sen_log": null,
      "sen_placed": null,
      "stuns": null,
      "teamfight_participation": null,
      "times": null,
      "tower_damage": 92,
      "towers_killed": null,
      "xp_per_min": 586,
      "xp_reasons": null,
      "xp_t": null,
      "personaname": "你的老婆我的爱",
      "name": null,
      "last_login": null,
      "start_time": 1669912604,
      "duration": 2026,
      "cluster": 227,
      "lobby_type": 7,
      "game_mode": 22,
      "is_contributor": false,
      "patch": 51,
      "region": 20,
      "isRadiant": true,
      "total_gold": 11514,
      "total_xp": 19787,
      "kills_per_min": 0.23692003948667326,
      "kda": 4,
      "abandons": 0,
      "rank_tier": 43,
      "is_subscriber": false,
      "cosmetics": [],
      "benchmarks": {
        "gold_per_min": {
          "raw": 341,
          "pct": 0.7586206896551724
        },
        "xp_per_min": {
          "raw": 586,
          "pct": 0.6896551724137931
        },
        "kills_per_min": {
          "raw": 0.23692003948667323,
          "pct": 0.9655172413793104
        },
        "last_hits_per_min": {
          "raw": 2.606120434353406,
          "pct": 0.9310344827586207
        },
        "hero_damage_per_min": {
          "raw": 692.2507403751234,
          "pct": 1
        },
        "hero_healing_per_min": {
          "raw": 74.18558736426456,
          "pct": 0.1724137931034483
        },
        "tower_damage": {
          "raw": 92,
          "pct": 0.41379310344827586
        },
        "stuns_per_min": {
          "raw": 0,
          "pct": 0
        },
        "lhten": {}
      }
    },
    {
      "player_slot": 3,
      "ability_targets": null,
      "ability_upgrades_arr": [
        5173,
        5174,
        5173,
        5175,
        5175,
        5176,
        5175,
        5175,
        5174,
        437,
        5174,
        5174,
        5176,
        5173,
        5907,
        5173,
        5176
      ],
      "ability_uses": null,
      "actions": null,
      "additional_units": null,
      "assists": 9,
      "backpack_0": 0,
      "backpack_1": 0,
      "backpack_2": 0,
      "backpack_3": null,
      "buyback_log": null,
      "camps_stacked": null,
      "connection_log": null,
      "creeps_stacked": null,
      "damage": null,
      "damage_inflictor": null,
      "damage_inflictor_received": null,
      "damage_taken": null,
      "damage_targets": null,
      "deaths": 6,
      "denies": 9,
      "dn_t": null,
      "firstblood_claimed": null,
      "gold": 869,
      "gold_per_min": 373,
      "gold_reasons": null,
      "gold_spent": 10820,
      "gold_t": null,
      "hero_damage": 18636,
      "hero_healing": 0,
      "hero_hits": null,
      "hero_id": 39,
      "item_0": 41,
      "item_1": 23,
      "item_2": 63,
      "item_3": 36,
      "item_4": 123,
      "item_5": 77,
      "item_neutral": 288,
      "item_uses": null,
      "kill_streaks": null,
      "killed": null,
      "killed_by": null,
      "kills": 7,
      "kills_log": null,
      "lane_pos": null,
      "last_hits": 130,
      "leaver_status": 0,
      "level": 18,
      "lh_t": null,
      "life_state": null,
      "max_hero_hit": null,
      "multi_kills": null,
      "net_worth": 10999,
      "obs": null,
      "obs_left_log": null,
      "obs_log": null,
      "obs_placed": null,
      "party_id": 3,
      "party_size": 1,
      "performance_others": null,
      "permanent_buffs": [
        {
          "permanent_buff": 6,
          "stack_count": 1,
          "grant_time": 2057
        },
        {
          "permanent_buff": 12,
          "stack_count": 0,
          "grant_time": 1796
        }
      ],
      "pings": null,
      "pred_vict": null,
      "purchase": null,
      "purchase_log": null,
      "randomed": null,
      "repicked": null,
      "roshans_killed": null,
      "rune_pickups": null,
      "runes": null,
      "runes_log": null,
      "sen": null,
      "sen_left_log": null,
      "sen_log": null,
      "sen_placed": null,
      "stuns": null,
      "teamfight_participation": null,
      "times": null,
      "tower_damage": 773,
      "towers_killed": null,
      "xp_per_min": 520,
      "xp_reasons": null,
      "xp_t": null,
      "start_time": 1669912604,
      "duration": 2026,
      "cluster": 227,
      "lobby_type": 7,
      "game_mode": 22,
      "is_contributor": false,
      "patch": 51,
      "region": 20,
      "isRadiant": true,
      "total_gold": 12594,
      "total_xp": 17558,
      "kills_per_min": 0.2073050345508391,
      "kda": 2,
      "abandons": 0,
      "rank_tier": null,
      "is_subscriber": false,
      "cosmetics": [],
      "benchmarks": {
        "gold_per_min": {
          "raw": 373,
          "pct": 0.17391304347826086
        },
        "xp_per_min": {
          "raw": 520,
          "pct": 0.13043478260869565
        },
        "kills_per_min": {
          "raw": 0.2073050345508391,
          "pct": 0.5652173913043478
        },
        "last_hits_per_min": {
          "raw": 3.84995064165844,
          "pct": 0.13043478260869565
        },
        "hero_damage_per_min": {
          "raw": 551.9052319842053,
          "pct": 0.17391304347826086
        },
        "hero_healing_per_min": {
          "raw": 0,
          "pct": 0.8695652173913043
        },
        "tower_damage": {
          "raw": 773,
          "pct": 0.43478260869565216
        },
        "stuns_per_min": {
          "raw": 0,
          "pct": 0.8260869565217391
        },
        "lhten": {}
      }
    },
    {
      "player_slot": 4,
      "ability_targets": null,
      "ability_upgrades_arr": [
        5120,
        5119,
        5118,
        5120,
        5120,
        5121,
        5120,
        5119,
        5119,
        963,
        5118,
        5118,
        5121,
        5118,
        6946,
        5119
      ],
      "ability_uses": null,
      "actions": null,
      "additional_units": null,
      "assists": 11,
      "backpack_0": 0,
      "backpack_1": 0,
      "backpack_2": 0,
      "backpack_3": null,
      "buyback_log": null,
      "camps_stacked": null,
      "connection_log": null,
      "creeps_stacked": null,
      "damage": null,
      "damage_inflictor": null,
      "damage_inflictor_received": null,
      "damage_taken": null,
      "damage_targets": null,
      "deaths": 9,
      "denies": 3,
      "dn_t": null,
      "firstblood_claimed": null,
      "gold": 1172,
      "gold_per_min": 341,
      "gold_reasons": null,
      "gold_spent": 9915,
      "gold_t": null,
      "hero_damage": 12185,
      "hero_healing": 1384,
      "hero_hits": null,
      "hero_id": 29,
      "item_0": 90,
      "item_1": 50,
      "item_2": 908,
      "item_3": 0,
      "item_4": 34,
      "item_5": 0,
      "item_neutral": 577,
      "item_uses": null,
      "kill_streaks": null,
      "killed": null,
      "killed_by": null,
      "kills": 2,
      "kills_log": null,
      "lane_pos": null,
      "last_hits": 123,
      "leaver_status": 0,
      "level": 16,
      "lh_t": null,
      "life_state": null,
      "max_hero_hit": null,
      "multi_kills": null,
      "net_worth": 10497,
      "obs": null,
      "obs_left_log": null,
      "obs_log": null,
      "obs_placed": null,
      "party_id": 4,
      "party_size": 1,
      "performance_others": null,
      "permanent_buffs": [],
      "pings": null,
      "pred_vict": null,
      "purchase": null,
      "purchase_log": null,
      "randomed": null,
      "repicked": null,
      "roshans_killed": null,
      "rune_pickups": null,
      "runes": null,
      "runes_log": null,
      "sen": null,
      "sen_left_log": null,
      "sen_log": null,
      "sen_placed": null,
      "stuns": null,
      "teamfight_participation": null,
      "times": null,
      "tower_damage": 394,
      "towers_killed": null,
      "xp_per_min": 417,
      "xp_reasons": null,
      "xp_t": null,
      "personaname": "1",
      "name": null,
      "last_login": null,
      "start_time": 1669912604,
      "duration": 2026,
      "cluster": 227,
      "lobby_type": 7,
      "game_mode": 22,
      "is_contributor": false,
      "patch": 51,
      "region": 20,
      "isRadiant": true,
      "total_gold": 11514,
      "total_xp": 14080,
      "kills_per_min": 0.059230009871668314,
      "kda": 1,
      "abandons": 0,
      "rank_tier": 35,
      "is_subscriber": false,
      "cosmetics": [],
      "benchmarks": {
        "gold_per_min": {
          "raw": 341,
          "pct": 0.1
        },
        "xp_per_min": {
          "raw": 417,
          "pct": 0.1
        },
        "kills_per_min": {
          "raw": 0.05923000987166831,
          "pct": 0.2
        },
        "last_hits_per_min": {
          "raw": 3.6426456071076014,
          "pct": 0.25
        },
        "hero_damage_per_min": {
          "raw": 360.85883514313923,
          "pct": 0.25
        },
        "hero_healing_per_min": {
          "raw": 40.98716683119447,
          "pct": 0.6
        },
        "tower_damage": {
          "raw": 394,
          "pct": 0.2
        },
        "stuns_per_min": {
          "raw": 0,
          "pct": 0
        },
        "lhten": {}
      }
    },
    {
      "player_slot": 128,
      "ability_targets": null,
      "ability_upgrades_arr": [
        5297,
        5299,
        5298,
        5297,
        5297,
        5300,
        5298,
        5298,
        5297,
        1040,
        5298,
        5300,
        5299,
        5299,
        6423
      ],
      "ability_uses": null,
      "actions": null,
      "additional_units": null,
      "assists": 13,
      "backpack_0": 0,
      "backpack_1": 0,
      "backpack_2": 0,
      "backpack_3": null,
      "buyback_log": null,
      "camps_stacked": null,
      "connection_log": null,
      "creeps_stacked": null,
      "damage": null,
      "damage_inflictor": null,
      "damage_inflictor_received": null,
      "damage_taken": null,
      "damage_targets": null,
      "deaths": 9,
      "denies": 1,
      "dn_t": null,
      "firstblood_claimed": null,
      "gold": 82,
      "gold_per_min": 281,
      "gold_reasons": null,
      "gold_spent": 9550,
      "gold_t": null,
      "hero_damage": 9452,
      "hero_healing": 0,
      "hero_hits": null,
      "hero_id": 64,
      "item_0": 100,
      "item_1": 21,
      "item_2": 11,
      "item_3": 60,
      "item_4": 214,
      "item_5": 23,
      "item_neutral": 676,
      "item_uses": null,
      "kill_streaks": null,
      "killed": null,
      "killed_by": null,
      "kills": 1,
      "kills_log": null,
      "lane_pos": null,
      "last_hits": 47,
      "leaver_status": 0,
      "level": 15,
      "lh_t": null,
      "life_state": null,
      "max_hero_hit": null,
      "multi_kills": null,
      "net_worth": 8132,
      "obs": null,
      "obs_left_log": null,
      "obs_log": null,
      "obs_placed": null,
      "party_id": 5,
      "party_size": 1,
      "performance_others": null,
      "permanent_buffs": [],
      "pings": null,
      "pred_vict": null,
      "purchase": null,
      "purchase_log": null,
      "randomed": null,
      "repicked": null,
      "roshans_killed": null,
      "rune_pickups": null,
      "runes": null,
      "runes_log": null,
      "sen": null,
      "sen_left_log": null,
      "sen_log": null,
      "sen_placed": null,
      "stuns": null,
      "teamfight_participation": null,
      "times": null,
      "tower_damage": 381,
      "towers_killed": null,
      "xp_per_min": 379,
      "xp_reasons": null,
      "xp_t": null,
      "start_time": 1669912604,
      "duration": 2026,
      "cluster": 227,
      "lobby_type": 7,
      "game_mode": 22,
      "is_contributor": false,
      "patch": 51,
      "region": 20,
      "isRadiant": false,
      "total_gold": 9488,
      "total_xp": 12797,
      "kills_per_min": 0.029615004935834157,
      "kda": 1,
      "abandons": 0,
      "rank_tier": null,
      "is_subscriber": false,
      "cosmetics": [],
      "benchmarks": {
        "gold_per_min": {
          "raw": 281,
          "pct": 0.45
        },
        "xp_per_min": {
          "raw": 379,
          "pct": 0.38333333333333336
        },
        "kills_per_min": {
          "raw": 0.029615004935834154,
          "pct": 0.13333333333333333
        },
        "last_hits_per_min": {
          "raw": 1.3919052319842053,
          "pct": 0.5166666666666667
        },
        "hero_damage_per_min": {
          "raw": 279.92102665350444,
          "pct": 0.11666666666666667
        },
        "hero_healing_per_min": {
          "raw": 0,
          "pct": 0.7
        },
        "tower_damage": {
          "raw": 381,
          "pct": 0.35
        },
        "stuns_per_min": {
          "raw": 0,
          "pct": 0.016666666666666666
        },
        "lhten": {}
      }
    },
    {
      "player_slot": 129,
      "ability_targets": null,
      "ability_upgrades_arr": [
        5075,
        5076,
        5076,
        5075,
        5076,
        5077,
        5076,
        5075,
        5075,
        7142,
        5074,
        5077,
        5074,
        5074,
        6565,
        5074,
        5077
      ],
      "ability_uses": null,
      "actions": null,
      "additional_units": null,
      "assists": 12,
      "backpack_0": 0,
      "backpack_1": 0,
      "backpack_2": 0,
      "backpack_3": null,
      "buyback_log": null,
      "camps_stacked": null,
      "connection_log": null,
      "creeps_stacked": null,
      "damage": null,
      "damage_inflictor": null,
      "damage_inflictor_received": null,
      "damage_taken": null,
      "damage_targets": null,
      "deaths": 7,
      "denies": 5,
      "dn_t": null,
      "firstblood_claimed": null,
      "gold": 882,
      "gold_per_min": 401,
      "gold_reasons": null,
      "gold_spent": 12170,
      "gold_t": null,
      "hero_damage": 10513,
      "hero_healing": 2838,
      "hero_hits": null,
      "hero_id": 14,
      "item_0": 1,
      "item_1": 131,
      "item_2": 40,
      "item_3": 37,
      "item_4": 48,
      "item_5": 125,
      "item_neutral": 574,
      "item_uses": null,
      "kill_streaks": null,
      "killed": null,
      "killed_by": null,
      "kills": 5,
      "kills_log": null,
      "lane_pos": null,
      "last_hits": 126,
      "leaver_status": 0,
      "level": 19,
      "lh_t": null,
      "life_state": null,
      "max_hero_hit": null,
      "multi_kills": null,
      "net_worth": 11937,
      "obs": null,
      "obs_left_log": null,
      "obs_log": null,
      "obs_placed": null,
      "party_id": 6,
      "party_size": 1,
      "performance_others": null,
      "permanent_buffs": [
        {
          "permanent_buff": 4,
          "stack_count": 14,
          "grant_time": 1341
        },
        {
          "permanent_buff": 12,
          "stack_count": 0,
          "grant_time": 2210
        }
      ],
      "pings": null,
      "pred_vict": null,
      "purchase": null,
      "purchase_log": null,
      "randomed": null,
      "repicked": null,
      "roshans_killed": null,
      "rune_pickups": null,
      "runes": null,
      "runes_log": null,
      "sen": null,
      "sen_left_log": null,
      "sen_log": null,
      "sen_placed": null,
      "stuns": null,
      "teamfight_participation": null,
      "times": null,
      "tower_damage": 119,
      "towers_killed": null,
      "xp_per_min": 576,
      "xp_reasons": null,
      "xp_t": null,
      "start_time": 1669912604,
      "duration": 2026,
      "cluster": 227,
      "lobby_type": 7,
      "game_mode": 22,
      "is_contributor": false,
      "patch": 51,
      "region": 20,
      "isRadiant": false,
      "total_gold": 13540,
      "total_xp": 19449,
      "kills_per_min": 0.14807502467917077,
      "kda": 2,
      "abandons": 0,
      "rank_tier": null,
      "is_subscriber": false,
      "cosmetics": [],
      "benchmarks": {
        "gold_per_min": {
          "raw": 401,
          "pct": 0.4642857142857143
        },
        "xp_per_min": {
          "raw": 576,
          "pct": 0.44642857142857145
        },
        "kills_per_min": {
          "raw": 0.14807502467917077,
          "pct": 0.39285714285714285
        },
        "last_hits_per_min": {
          "raw": 3.731490621915104,
          "pct": 0.5178571428571429
        },
        "hero_damage_per_min": {
          "raw": 311.3425468904245,
          "pct": 0.14285714285714285
        },
        "hero_healing_per_min": {
          "raw": 84.04738400789734,
          "pct": 0.9285714285714286
        },
        "tower_damage": {
          "raw": 119,
          "pct": 0.3392857142857143
        },
        "stuns_per_min": {
          "raw": 0,
          "pct": 0
        },
        "lhten": {}
      }
    },
    {
      "player_slot": 130,
      "ability_targets": null,
      "ability_upgrades_arr": [
        5190,
        5191,
        5190,
        5192,
        5190,
        5193,
        5190,
        5191,
        5191,
        5191,
        483,
        5193,
        5192,
        5192,
        490,
        5192,
        5193,
        1074
      ],
      "ability_uses": null,
      "actions": null,
      "additional_units": null,
      "assists": 9,
      "backpack_0": 34,
      "backpack_1": 0,
      "backpack_2": 0,
      "backpack_3": null,
      "buyback_log": null,
      "camps_stacked": null,
      "connection_log": null,
      "creeps_stacked": null,
      "damage": null,
      "damage_inflictor": null,
      "damage_inflictor_received": null,
      "damage_taken": null,
      "damage_targets": null,
      "deaths": 2,
      "denies": 7,
      "dn_t": null,
      "firstblood_claimed": null,
      "gold": 3467,
      "gold_per_min": 720,
      "gold_reasons": null,
      "gold_spent": 21180,
      "gold_t": null,
      "hero_damage": 15839,
      "hero_healing": 0,
      "hero_hits": null,
      "hero_id": 44,
      "item_0": 147,
      "item_1": 116,
      "item_2": 145,
      "item_3": 143,
      "item_4": 168,
      "item_5": 63,
      "item_neutral": 376,
      "item_uses": null,
      "kill_streaks": null,
      "killed": null,
      "killed_by": null,
      "kills": 7,
      "kills_log": null,
      "lane_pos": null,
      "last_hits": 353,
      "leaver_status": 0,
      "level": 24,
      "lh_t": null,
      "life_state": null,
      "max_hero_hit": null,
      "multi_kills": null,
      "net_worth": 24192,
      "obs": null,
      "obs_left_log": null,
      "obs_log": null,
      "obs_placed": null,
      "party_id": 7,
      "party_size": 1,
      "performance_others": null,
      "permanent_buffs": [],
      "pings": null,
      "pred_vict": null,
      "purchase": null,
      "purchase_log": null,
      "randomed": null,
      "repicked": null,
      "roshans_killed": null,
      "rune_pickups": null,
      "runes": null,
      "runes_log": null,
      "sen": null,
      "sen_left_log": null,
      "sen_log": null,
      "sen_placed": null,
      "stuns": null,
      "teamfight_participation": null,
      "times": null,
      "tower_damage": 10335,
      "towers_killed": null,
      "xp_per_min": 947,
      "xp_reasons": null,
      "xp_t": null,
      "start_time": 1669912604,
      "duration": 2026,
      "cluster": 227,
      "lobby_type": 7,
      "game_mode": 22,
      "is_contributor": false,
      "patch": 51,
      "region": 20,
      "isRadiant": false,
      "total_gold": 24312,
      "total_xp": 31977,
      "kills_per_min": 0.2073050345508391,
      "kda": 5,
      "abandons": 0,
      "rank_tier": null,
      "is_subscriber": false,
      "cosmetics": [],
      "benchmarks": {
        "gold_per_min": {
          "raw": 720,
          "pct": 0.7777777777777778
        },
        "xp_per_min": {
          "raw": 947,
          "pct": 0.8518518518518519
        },
        "kills_per_min": {
          "raw": 0.2073050345508391,
          "pct": 0.3333333333333333
        },
        "last_hits_per_min": {
          "raw": 10.454096742349458,
          "pct": 1
        },
        "hero_damage_per_min": {
          "raw": 469.0720631786772,
          "pct": 0.18518518518518517
        },
        "hero_healing_per_min": {
          "raw": 0,
          "pct": 0.9629629629629629
        },
        "tower_damage": {
          "raw": 10335,
          "pct": 0.8148148148148148
        },
        "stuns_per_min": {
          "raw": 0,
          "pct": 0.4074074074074074
        },
        "lhten": {}
      }
    },
    {
      "player_slot": 131,
      "ability_targets": null,
      "ability_upgrades_arr": [
        5595,
        5597,
        5597,
        5596,
        5595,
        5598,
        5597,
        5597,
        5596,
        6218,
        5595,
        5598,
        5596,
        5595,
        463,
        5596,
        5598,
        6526
      ],
      "ability_uses": null,
      "actions": null,
      "additional_units": null,
      "assists": 11,
      "backpack_0": 0,
      "backpack_1": 0,
      "backpack_2": 0,
      "backpack_3": null,
      "buyback_log": null,
      "camps_stacked": null,
      "connection_log": null,
      "creeps_stacked": null,
      "damage": null,
      "damage_inflictor": null,
      "damage_inflictor_received": null,
      "damage_taken": null,
      "damage_targets": null,
      "deaths": 3,
      "denies": 8,
      "dn_t": null,
      "firstblood_claimed": null,
      "gold": 3791,
      "gold_per_min": 644,
      "gold_reasons": null,
      "gold_spent": 17865,
      "gold_t": null,
      "hero_damage": 29479,
      "hero_healing": 1401,
      "hero_hits": null,
      "hero_id": 104,
      "item_0": 1,
      "item_1": 127,
      "item_2": 249,
      "item_3": 116,
      "item_4": 40,
      "item_5": 48,
      "item_neutral": 947,
      "item_uses": null,
      "kill_streaks": null,
      "killed": null,
      "killed_by": null,
      "kills": 15,
      "kills_log": null,
      "lane_pos": null,
      "last_hits": 222,
      "leaver_status": 0,
      "level": 24,
      "lh_t": null,
      "life_state": null,
      "max_hero_hit": null,
      "multi_kills": null,
      "net_worth": 20221,
      "obs": null,
      "obs_left_log": null,
      "obs_log": null,
      "obs_placed": null,
      "party_id": 8,
      "party_size": 1,
      "performance_others": null,
      "permanent_buffs": [
        {
          "permanent_buff": 5,
          "stack_count": 406,
          "grant_time": 674
        },
        {
          "permanent_buff": 6,
          "stack_count": 1,
          "grant_time": 1448
        }
      ],
      "pings": null,
      "pred_vict": null,
      "purchase": null,
      "purchase_log": null,
      "randomed": null,
      "repicked": null,
      "roshans_killed": null,
      "rune_pickups": null,
      "runes": null,
      "runes_log": null,
      "sen": null,
      "sen_left_log": null,
      "sen_log": null,
      "sen_placed": null,
      "stuns": null,
      "teamfight_participation": null,
      "times": null,
      "tower_damage": 11179,
      "towers_killed": null,
      "xp_per_min": 936,
      "xp_reasons": null,
      "xp_t": null,
      "start_time": 1669912604,
      "duration": 2026,
      "cluster": 227,
      "lobby_type": 7,
      "game_mode": 22,
      "is_contributor": false,
      "patch": 51,
      "region": 20,
      "isRadiant": false,
      "total_gold": 21745,
      "total_xp": 31605,
      "kills_per_min": 0.4442250740375124,
      "kda": 6,
      "abandons": 0,
      "rank_tier": null,
      "is_subscriber": false,
      "cosmetics": [],
      "benchmarks": {
        "gold_per_min": {
          "raw": 644,
          "pct": 0.9032258064516129
        },
        "xp_per_min": {
          "raw": 936,
          "pct": 0.9354838709677419
        },
        "kills_per_min": {
          "raw": 0.4442250740375124,
          "pct": 0.967741935483871
        },
        "last_hits_per_min": {
          "raw": 6.574531095755183,
          "pct": 0.967741935483871
        },
        "hero_damage_per_min": {
          "raw": 873.0207305034551,
          "pct": 0.8387096774193549
        },
        "hero_healing_per_min": {
          "raw": 41.49062191510365,
          "pct": 0.7096774193548387
        },
        "tower_damage": {
          "raw": 11179,
          "pct": 0.967741935483871
        },
        "stuns_per_min": {
          "raw": 0,
          "pct": 0.03225806451612903
        },
        "lhten": {}
      }
    },
    {
      "player_slot": 132,
      "ability_targets": null,
      "ability_upgrades_arr": [
        5059,
        5062,
        5060,
        5062,
        5059,
        5064,
        5060,
        5062,
        5062,
        6016,
        5063,
        5064,
        5063,
        5063,
        6070,
        5063,
        5064,
        6670
      ],
      "ability_uses": null,
      "actions": null,
      "additional_units": null,
      "assists": 5,
      "backpack_0": 41,
      "backpack_1": 0,
      "backpack_2": 0,
      "backpack_3": null,
      "buyback_log": null,
      "camps_stacked": null,
      "connection_log": null,
      "creeps_stacked": null,
      "damage": null,
      "damage_inflictor": null,
      "damage_inflictor_received": null,
      "damage_taken": null,
      "damage_targets": null,
      "deaths": 3,
      "denies": 32,
      "dn_t": null,
      "firstblood_claimed": null,
      "gold": 4433,
      "gold_per_min": 632,
      "gold_reasons": null,
      "gold_spent": 19245,
      "gold_t": null,
      "hero_damage": 24739,
      "hero_healing": 0,
      "hero_hits": null,
      "hero_id": 11,
      "item_0": 63,
      "item_1": 249,
      "item_2": 117,
      "item_3": 116,
      "item_4": 36,
      "item_5": 236,
      "item_neutral": 1076,
      "item_uses": null,
      "kill_streaks": null,
      "killed": null,
      "killed_by": null,
      "kills": 9,
      "kills_log": null,
      "lane_pos": null,
      "last_hits": 288,
      "leaver_status": 0,
      "level": 22,
      "lh_t": null,
      "life_state": null,
      "max_hero_hit": null,
      "multi_kills": null,
      "net_worth": 19958,
      "obs": null,
      "obs_left_log": null,
      "obs_log": null,
      "obs_placed": null,
      "party_id": 9,
      "party_size": 1,
      "performance_others": null,
      "permanent_buffs": [
        {
          "permanent_buff": 6,
          "stack_count": 1,
          "grant_time": 1079
        },
        {
          "permanent_buff": 12,
          "stack_count": 0,
          "grant_time": 1570
        }
      ],
      "pings": null,
      "pred_vict": null,
      "purchase": null,
      "purchase_log": null,
      "randomed": null,
      "repicked": null,
      "roshans_killed": null,
      "rune_pickups": null,
      "runes": null,
      "runes_log": null,
      "sen": null,
      "sen_left_log": null,
      "sen_log": null,
      "sen_placed": null,
      "stuns": null,
      "teamfight_participation": null,
      "times": null,
      "tower_damage": 10817,
      "towers_killed": null,
      "xp_per_min": 829,
      "xp_reasons": null,
      "xp_t": null,
      "personaname": "中军猎手",
      "name": null,
      "last_login": null,
      "start_time": 1669912604,
      "duration": 2026,
      "cluster": 227,
      "lobby_type": 7,
      "game_mode": 22,
      "is_contributor": false,
      "patch": 51,
      "region": 20,
      "isRadiant": false,
      "total_gold": 21340,
      "total_xp": 27992,
      "kills_per_min": 0.2665350444225074,
      "kda": 3,
      "abandons": 0,
      "rank_tier": 44,
      "is_subscriber": false,
      "cosmetics": [],
      "benchmarks": {
        "gold_per_min": {
          "raw": 632,
          "pct": 0.6
        },
        "xp_per_min": {
          "raw": 829,
          "pct": 0.74
        },
        "kills_per_min": {
          "raw": 0.2665350444225074,
          "pct": 0.64
        },
        "last_hits_per_min": {
          "raw": 8.529121421520237,
          "pct": 0.72
        },
        "hero_damage_per_min": {
          "raw": 732.6456071076011,
          "pct": 0.66
        },
        "hero_healing_per_min": {
          "raw": 0,
          "pct": 0.88
        },
        "tower_damage": {
          "raw": 10817,
          "pct": 0.74
        },
        "stuns_per_min": {
          "raw": 0,
          "pct": 0.02
        },
        "lhten": {}
      }
    }
  ],
  "patch": 51,
  "region": 20
}