{
  "chat": null,
  "cluster": 151,
  "cosmetics": null,
  "dire_score": 22,
  "dire_team_id": null,
  "draft_timings": null,
  "duration": 1925,
  "engine": 1,
  "first_blood_time": 156,
  "game_mode": 23,
  "human_players": 10,
  "leagueid": 0,
  "lobby_type": 0,
  "match_seq_num": 5780352925,
  "negative_votes": 0,
  "objectives": null,
  "picks_bans": null,
  "positive_votes": 0,
  "radiant_gold_adv": null,
  "radiant_score": 47,
  "radiant_team_id": null,
  "radiant_xp_adv": null,
  "skill": null,
  "start_time": 1669912212,
  "teamfights": null,
  "version": null,
  "replay_salt": 502186592,
  "series_id": 0,
  "series_type": 0,
  "players": [
    {
      "player_slot": 0,
      "ability_targets": null,
      "ability_upgrades_arr": [
        5190,
        5191,
        5190,
        5192,
        5191,
        5193,
        5190,
        5191,
        5192,
        5193,
        483,
        5191,
        5190,
        5192,
        490,
        5192,
        5193,
        1074,
        6847,
        559,
        6848,
        491,
        6192
      ],
      "ability_uses": null,
      "actions": null,
      "additional_units": null,
      "assists": 19,
      "backpack_0": 0,
      "backpack_1": 0,
      "backpack_2": 39,
      "backpack_3": null,
      "buyback_log": null,
      "camps_stacked": null,
      "connection_log": null,
      "creeps_stacked": null,
      "damage": null,
      "damage_inflictor": null,
      "damage_inflictor_received": null,
      "damage_taken": null,
      "damage_targets": null,
      "deaths": 2,
      "denies": 4,
      "dn_t": null,
      "firstblood_claimed": null,
      "gold": 11844,
      "gold_per_min": 1451,
      "gold_reasons": null,
      "gold_spent": 35450,
      "gold_t": null,
      "hero_damage": 46027,
      "hero_healing": 0,
      "hero_hits": null,
      "hero_id": 44,
      "item_0": 116,
      "item_1": 168,
      "item_2": 135,
      "item_3": 145,
      "item_4": 123,
      "item_5": 48,
      "item_neutral": 362,
      "item_uses": null,
      "kill_streaks": null,
      "killed": null,
      "killed_by": null,
      "kills": 13,
      "kills_log": null,
      "lane_pos": null,
      "last_hits": 174,
      "leaver_status": 0,
      "level": 30,
      "lh_t": null,
      "life_state": null,
      "max_hero_hit": null,
      "multi_kills": null,
      "net_worth": 46769,
      "obs": null,
      "obs_left_log": null,
      "obs_log": null,
      "obs_placed": null,
      "party_id": 0,
      "party_size": 2,
      "performance_others": null,
      "permanent_buffs": [
        {
          "permanent_buff": 1,
          "stack_count": 0,
          "grant_time": 1919
        },
        {
          "permanent_buff": 2,
          "stack_count": 0,
          "grant_time": 1782
        },
        {
          "permanent_buff": 12,
          "stack_count": 0,
          "grant_time": 1631
        }
      ],
      "pings": null,
      "pred_vict": null,
      "purchase": null,
      "purchase_log": null,
      "randomed": null,
      "repicked": null,
      "roshans_killed": null,
      "rune_pickups": null,
      "runes": null,
      "runes_log": null,
      "sen": null,
      "sen_left_log": null,
      "sen_log": null,
      "sen_placed": null,
      "stuns": null,
      "teamfight_participation": null,
      "times": null,
      "tower_damage": 8996,
      "towers_killed": null,
      "xp_per_min": 1696,
      "xp_reasons": null,
      "xp_t": null,
      "personaname": "91",
      "name": null,
      "last_login": null,
      "start_time": 1669912212,
      "duration": 1925,
      "cluster": 151,
      "lobby_type": 0,
      "game_mode": 23,
      "is_contributor": false,
      "patch": 51,
      "region": 5,
      "isRadiant": true,
      "total_gold": 46552,
      "total_xp": 54413,
      "kills_per_min": 0.40519480519480516,
      "kda": 10,
      "abandons": 0,
      "rank_tier": 33,
      "is_subscriber": false,
      "cosmetics": [],
      "benchmarks": {
        "gold_per_min": {
          "raw": 1451,
          "pct": 1
        },
        "xp_per_min": {
          "raw": 1696,
          "pct": 1
        },
        "kills_per_min": {
          "raw": 0.4051948051948052,
          "pct": 0.6666666666666666
        },
        "last_hits_per_min": {
          "raw": 5.423376623376623,
          "pct": 0.2222222222222222
        },
        "hero_damage_per_min": {
          "raw": 1434.6077922077923,
          "pct": 0.9629629629629629
        },
        "hero_healing_per_min": {
          "raw": 0,
          "pct": 0.9629629629629629
        },
        "tower_damage": {
          "raw": 8996,
          "pct": 0.7777777777777778
        },
        "stuns_per_min": {
          "raw": 0,
          "pct": 0.4074074074074074
        },
        "lhten": {}
      }
    },
    {
      "player_slot": 1,
      "ability_targets": null,
      "ability_upgrades_arr": [
        5237,
        5238,
        5237,
        5238,
        5238,
        5240,
        5239,
        5239,
        5238,
        5239,
        5237,
        5240,
        5239,
        5237,
        1080,
        6512,
        5240,
        7028,
        614,
        850,
        502,
        6364,
        5977
      ],
      "ability_uses": null,
      "actions": null,
      "additional_units": null,
      "assists": 30,
      "backpack_0": 48,
      "backpack_1": 574,
      "backpack_2": 0,
      "backpack_3": null,
      "buyback_log": null,
      "camps_stacked": null,
      "connection_log": null,
      "creeps_stacked": null,
      "damage": null,
      "damage_inflictor": null,
      "damage_inflictor_received": null,
      "damage_taken": null,
      "damage_targets": null,
      "deaths": 5,
      "denies": 19,
      "dn_t": null,
      "firstblood_claimed": null,
      "gold": 5098,
      "gold_per_min": 858,
      "gold_reasons": null,
      "gold_spent": 23100,
      "gold_t": null,
      "hero_damage": 24137,
      "hero_healing": 240,
      "hero_hits": null,
      "hero_id": 51,
      "item_0": 267,
      "item_1": 210,
      "item_2": 225,
      "item_3": 0,
      "item_4": 114,
      "item_5": 127,
      "item_neutral": 291,
      "item_uses": null,
      "kill_streaks": null,
      "killed": null,
      "killed_by": null,
      "kills": 4,
      "kills_log": null,
      "lane_pos": null,
      "last_hits": 37,
      "leaver_status": 0,
      "level": 30,
      "lh_t": null,
      "life_state": null,
      "max_hero_hit": null,
      "multi_kills": null,
      "net_worth": 27353,
      "obs": null,
      "obs_left_log": null,
      "obs_log": null,
      "obs_placed": null,
      "party_id": 0,
      "party_size": 2,
      "performance_others": null,
      "permanent_buffs": [
        {
          "permanent_buff": 12,
          "stack_count": 0,
          "grant_time": 1684
        }
      ],
      "pings": null,
      "pred_vict": null,
      "purchase": null,
      "purchase_log": null,
      "randomed": null,
      "repicked": null,
      "roshans_killed": null,
      "rune_pickups": null,
      "runes": null,
      "runes_log": null,
      "sen": null,
      "sen_left_log": null,
      "sen_log": null,
      "sen_placed": null,
      "stuns": null,
      "teamfight_participation": null,
      "times": null,
      "tower_damage": 3564,
      "towers_killed": null,
      "xp_per_min": 1564,
      "xp_reasons": null,
      "xp_t": null,
      "personaname": "PUTIN ina mo TANGINATOKYO",
      "name": null,
      "last_login": null,
      "start_time": 1669912212,
      "duration": 1925,
      "cluster": 151,
      "lobby_type": 0,
      "game_mode": 23,
      "is_contributor": false,
      "patch": 51,
      "region": 5,
      "isRadiant": true,
      "total_gold": 27527,
      "total_xp": 50178,
      "kills_per_min": 0.12467532467532466,
      "kda": 5,
      "abandons": 0,
      "rank_tier": 42,
      "is_subscriber": false,
      "cosmetics": [],
      "benchmarks": {
        "gold_per_min": {
          "raw": 858,
          "pct": 1
        },
        "xp_per_min": {
          "raw": 1564,
          "pct": 1
        },
        "kills_per_min": {
          "raw": 0.12467532467532468,
          "pct": 0.5227272727272727
        },
        "last_hits_per_min": {
          "raw": 1.1532467532467532,
          "pct": 0.3409090909090909
        },
        "hero_damage_per_min": {
          "raw": 752.3220779220778,
          "pct": 0.9545454545454546
        },
        "hero_healing_per_min": {
          "raw": 7.48051948051948,
          "pct": 0.9318181818181818
        },
        "tower_damage": {
          "raw": 3564,
          "pct": 0.9545454545454546
        },
        "stuns_per_min": {
          "raw": 0,
          "pct": 0
        },
        "lhten": {}
      }
    },
    {
      "player_slot": 2,
      "ability_targets": null,
      "ability_upgrades_arr": [
        5130,
        5131,
        5132,
        5131,
        5131,
        5133,
        5131,
        5130,
        5130,
        7890,
        5130,
        5133,
        5132,
        5132,
        6992,
        5132,
        5133,
        7889,
        6413,
        6144,
        6562,
        7062,
        1071
      ],
      "ability_uses": null,
      "actions": null,
      "additional_units": null,
      "assists": 19,
      "backpack_0": 216,
      "backpack_1": 0,
      "backpack_2": 0,
      "backpack_3": null,
      "buyback_log": null,
      "camps_stacked": null,
      "connection_log": null,
      "creeps_stacked": null,
      "damage": null,
      "damage_inflictor": null,
      "damage_inflictor_received": null,
      "damage_taken": null,
      "damage_targets": null,
      "deaths": 4,
      "denies": 8,
      "dn_t": null,
      "firstblood_claimed": null,
      "gold": 2969,
      "gold_per_min": 1168,
      "gold_reasons": null,
      "gold_spent": 35505,
      "gold_t": null,
      "hero_damage": 25286,
      "hero_healing": 0,
      "hero_hits": null,
      "hero_id": 21,
      "item_0": 50,
      "item_1": 250,
      "item_2": 135,
      "item_3": 123,
      "item_4": 116,
      "item_5": 158,
      "item_neutral": 366,
      "item_uses": null,
      "kill_streaks": null,
      "killed": null,
      "killed_by": null,
      "kills": 14,
      "kills_log": null,
      "lane_pos": null,
      "last_hits": 117,
      "leaver_status": 0,
      "level": 30,
      "lh_t": null,
      "life_state": null,
      "max_hero_hit": null,
      "multi_kills": null,
      "net_worth": 36559,
      "obs": null,
      "obs_left_log": null,
      "obs_log": null,
      "obs_placed": null,
      "party_id": 1,
      "party_size": 1,
      "performance_others": null,
      "permanent_buffs": [
        {
          "permanent_buff": 2,
          "stack_count": 0,
          "grant_time": 2031
        }
      ],
      "pings": null,
      "pred_vict": null,
      "purchase": null,
      "purchase_log": null,
      "randomed": null,
      "repicked": null,
      "roshans_killed": null,
      "rune_pickups": null,
      "runes": null,
      "runes_log": null,
      "sen": null,
      "sen_left_log": null,
      "sen_log": null,
      "sen_placed": null,
      "stuns": null,
      "teamfight_participation": null,
      "times": null,
      "tower_damage": 4072,
      "towers_killed": null,
      "xp_per_min": 1568,
      "xp_reasons": null,
      "xp_t": null,
      "personaname": "Dreamer",
      "name": null,
      "last_login": null,
      "start_time": 1669912212,
      "duration": 1925,
      "cluster": 151,
      "lobby_type": 0,
      "game_mode": 23,
      "is_contributor": false,
      "patch": 51,
      "region": 5,
      "isRadiant": true,
      "total_gold": 37473,
      "total_xp": 50306,
      "kills_per_min": 0.43636363636363634,
      "kda": 6,
      "abandons": 0,
      "rank_tier": 31,
      "is_subscriber": false,
      "cosmetics": [],
      "benchmarks": {
        "gold_per_min": {
          "raw": 1168,
          "pct": 1
        },
        "xp_per_min": {
          "raw": 1568,
          "pct": 1
        },
        "kills_per_min": {
          "raw": 0.43636363636363634,
          "pct": 0.925
        },
        "last_hits_per_min": {
          "raw": 3.6467532467532466,
          "pct": 0.3
        },
        "hero_damage_per_min": {
          "raw": 788.135064935065,
          "pct": 0.7
        },
        "hero_healing_per_min": {
          "raw": 0,
          "pct": 0.825
        },
        "tower_damage": {
          "raw": 4072,
          "pct": 0.675
        },
        "stuns_per_min": {
          "raw": 0,
          "pct": 0
        },
        "lhten": {}
      }
    },
    {
      "player_slot": 3,
      "ability_targets": null,
      "ability_upgrades_arr": [
        5155,
        5156,
        5155,
        5156,
        5155,
        5156,
        5155,
        5154,
        5156,
        928,
        5154,
        5157,
        5157,
        5154,
        7396,
        6305,
        5154,
        5157,
        6198,
        6897,
        5907,
        6896,
        5943
      ],
      "ability_uses": null,
      "actions": null,
      "additional_units": null,
      "assists": 16,
      "backpack_0": 0,
      "backpack_1": 0,
      "backpack_2": 0,
      "backpack_3": null,
      "buyback_log": null,
      "camps_stacked": null,
      "connection_log": null,
      "creeps_stacked": null,
      "damage": null,
      "damage_inflictor": null,
      "damage_inflictor_received": null,
      "damage_taken": null,
      "damage_targets": null,
      "deaths": 5,
      "denies": 13,
      "dn_t": null,
      "firstblood_claimed": null,
      "gold": 7272,
      "gold_per_min": 1382,
      "gold_reasons": null,
      "gold_spent": 40275,
      "gold_t": null,
      "hero_damage": 44087,
      "hero_healing": 0,
      "hero_hits": null,
      "hero_id": 35,
      "item_0": 263,
      "item_1": 50,
      "item_2": 247,
      "item_3": 247,
      "item_4": 141,
      "item_5": 133,
      "item_neutral": 301,
      "item_uses": null,
      "kill_streaks": null,
      "killed": null,
      "killed_by": null,
      "kills": 10,
      "kills_log": null,
      "lane_pos": null,
      "last_hits": 210,
      "leaver_status": 0,
      "level": 30,
      "lh_t": null,
      "life_state": null,
      "max_hero_hit": null,
      "multi_kills": null,
      "net_worth": 36422,
      "obs": null,
      "obs_left_log": null,
      "obs_log": null,
      "obs_placed": null,
      "party_id": 2,
      "party_size": 2,
      "performance_others": null,
      "permanent_buffs": [
        {
          "permanent_buff": 1,
          "stack_count": 0,
          "grant_time": 1605
        }
      ],
      "pings": null,
      "pred_vict": null,
      "purchase": null,
      "purchase_log": null,
      "randomed": null,
      "repicked": null,
      "roshans_killed": null,
      "rune_pickups": null,
      "runes": null,
      "runes_log": null,
      "sen": null,
      "sen_left_log": null,
      "sen_log": null,
      "sen_placed": null,
      "stuns": null,
      "teamfight_participation": null,
      "times": null,
      "tower_damage": 3208,
      "towers_killed": null,
      "xp_per_min": 1993,
      "xp_reasons": null,
      "xp_t": null,
      "personaname": "goodbye my love.",
      "name": null,
      "last_login": null,
      "start_time": 1669912212,
      "duration": 1925,
      "cluster": 151,
      "lobby_type": 0,
      "game_mode": 23,
      "is_contributor": false,
      "patch": 51,
      "region": 5,
      "isRadiant": true,
      "total_gold": 44339,
      "total_xp": 63942,
      "kills_per_min": 0.3116883116883117,
      "kda": 4,
      "abandons": 0,
      "rank_tier": 22,
      "is_subscriber": false,
      "cosmetics": [],
      "benchmarks": {
        "gold_per_min": {
          "raw": 1382,
          "pct": 1
        },
        "xp_per_min": {
          "raw": 1993,
          "pct": 1
        },
        "kills_per_min": {
          "raw": 0.3116883116883117,
          "pct": 0.6666666666666666
        },
        "last_hits_per_min": {
          "raw": 6.545454545454545,
          "pct": 0.3333333333333333
        },
        "hero_damage_per_min": {
          "raw": 1374.1402597402596,
          "pct": 1
        },
        "hero_healing_per_min": {
          "raw": 0,
          "pct": 0.9629629629629629
        },
        "tower_damage": {
          "raw": 3208,
          "pct": 0.37037037037037035
        },
        "stuns_per_min": {
          "raw": 0,
          "pct": 0.1111111111111111
        },
        "lhten": {}
      }
    },
    {
      "player_slot": 4,
      "ability_targets": null,
      "ability_upgrades_arr": [
        5031,
        5032,
        5031,
        5033,
        5031,
        5035,
        5031,
        5033,
        5033,
        745,
        5033,
        5035,
        5032,
        5032,
        766,
        5032,
        5035,
        6089,
        6666,
        1015,
        6253,
        6667,
        7131
      ],
      "ability_uses": null,
      "actions": null,
      "additional_units": null,
      "assists": 24,
      "backpack_0": 0,
      "backpack_1": 0,
      "backpack_2": 0,
      "backpack_3": null,
      "buyback_log": null,
      "camps_stacked": null,
      "connection_log": null,
      "creeps_stacked": null,
      "damage": null,
      "damage_inflictor": null,
      "damage_inflictor_received": null,
      "damage_taken": null,
      "damage_targets": null,
      "deaths": 6,
      "denies": 1,
      "dn_t": null,
      "firstblood_claimed": null,
      "gold": 2238,
      "gold_per_min": 720,
      "gold_reasons": null,
      "gold_spent": 21500,
      "gold_t": null,
      "hero_damage": 13343,
      "hero_healing": 0,
      "hero_hits": null,
      "hero_id": 23,
      "item_0": 108,
      "item_1": 180,
      "item_2": 119,
      "item_3": 1,
      "item_4": 110,
      "item_5": 0,
      "item_neutral": 311,
      "item_uses": null,
      "kill_streaks": null,
      "killed": null,
      "killed_by": null,
      "kills": 4,
      "kills_log": null,
      "lane_pos": null,
      "last_hits": 27,
      "leaver_status": 0,
      "level": 30,
      "lh_t": null,
      "life_state": null,
      "max_hero_hit": null,
      "multi_kills": null,
      "net_worth": 21338,
      "obs": null,
      "obs_left_log": null,
      "obs_log": null,
      "obs_placed": null,
      "party_id": 2,
      "party_size": 2,
      "performance_others": null,
      "permanent_buffs": [
        {
          "permanent_buff": 6,
          "stack_count": 2,
          "grant_time": 1111
        },
        {
          "permanent_buff": 12,
          "stack_count": 0,
          "grant_time": 1236
        }
      ],
      "pings": null,
      "pred_vict": null,
      "purchase": null,
      "purchase_log": null,
      "randomed": null,
      "repicked": null,
      "roshans_killed": null,
      "rune_pickups": null,
      "runes": null,
      "runes_log": null,
      "sen": null,
      "sen_left_log": null,
      "sen_log": null,
      "sen_placed": null,
      "stuns": null,
      "teamfight_participation": null,
      "times": null,
      "tower_damage": 1204,
      "towers_killed": null,
      "xp_per_min": 1595,
      "xp_reasons": null,
      "xp_t": null,
      "personaname": "Bell-sama",
      "name": null,
      "last_login": null,
      "start_time": 1669912212,
      "duration": 1925,
      "cluster": 151,
      "lobby_type": 0,
      "game_mode": 23,
      "is_contributor": false,
      "patch": 51,
      "region": 5,
      "isRadiant": true,
      "total_gold": 23100,
      "total_xp": 51172,
      "kills_per_min": 0.12467532467532466,
      "kda": 4,
      "abandons": 0,
      "rank_tier": 32,
      "is_subscriber": false,
      "cosmetics": [],
      "benchmarks": {
        "gold_per_min": {
          "raw": 720,
          "pct": 0.9411764705882353
        },
        "xp_per_min": {
          "raw": 1595,
          "pct": 1
        },
        "kills_per_min": {
          "raw": 0.12467532467532468,
          "pct": 0.4117647058823529
        },
        "last_hits_per_min": {
          "raw": 0.8415584415584416,
          "pct": 0.058823529411764705
        },
        "hero_damage_per_min": {
          "raw": 415.8857142857143,
          "pct": 0.11764705882352941
        },
        "hero_healing_per_min": {
          "raw": 0,
          "pct": 0.8235294117647058
        },
        "tower_damage": {
          "raw": 1204,
          "pct": 0.5882352941176471
        },
        "stuns_per_min": {
          "raw": 0,
          "pct": 0.058823529411764705
        },
        "lhten": {}
      }
    },
    {
      "player_slot": 128,
      "ability_targets": null,
      "ability_upgrades_arr": [
        5062,
        5059,
        5062,
        5059,
        5062,
        5059,
        5059,
        5062,
        5064,
        6016,
        5064,
        5063,
        5063,
        5063,
        6875,
        5063,
        5064,
        815,
        1072,
        6070,
        999,
        6670,
        929
      ],
      "ability_uses": null,
      "actions": null,
      "additional_units": null,
      "assists": 6,
      "backpack_0": 0,
      "backpack_1": 0,
      "backpack_2": 0,
      "backpack_3": null,
      "buyback_log": null,
      "camps_stacked": null,
      "connection_log": null,
      "creeps_stacked": null,
      "damage": null,
      "damage_inflictor": null,
      "damage_inflictor_received": null,
      "damage_taken": null,
      "damage_targets": null,
      "deaths": 7,
      "denies": 6,
      "dn_t": null,
      "firstblood_claimed": null,
      "gold": 1353,
      "gold_per_min": 1082,
      "gold_reasons": null,
      "gold_spent": 34690,
      "gold_t": null,
      "hero_damage": 25780,
      "hero_healing": 0,
      "hero_hits": null,
      "hero_id": 11,
      "item_0": 116,
      "item_1": 48,
      "item_2": 604,
      "item_3": 135,
      "item_4": 100,
      "item_5": 123,
      "item_neutral": 336,
      "item_uses": null,
      "kill_streaks": null,
      "killed": null,
      "killed_by": null,
      "kills": 8,
      "kills_log": null,
      "lane_pos": null,
      "last_hits": 173,
      "leaver_status": 0,
      "level": 30,
      "lh_t": null,
      "life_state": null,
      "max_hero_hit": null,
      "multi_kills": null,
      "net_worth": 34203,
      "obs": null,
      "obs_left_log": null,
      "obs_log": null,
      "obs_placed": null,
      "party_id": 3,
      "party_size": 1,
      "performance_others": null,
      "permanent_buffs": [
        {
          "permanent_buff": 2,
          "stack_count": 0,
          "grant_time": 1872
        },
        {
          "permanent_buff": 12,
          "stack_count": 0,
          "grant_time": 769
        }
      ],
      "pings": null,
      "pred_vict": null,
      "purchase": null,
      "purchase_log": null,
      "randomed": null,
      "repicked": null,
      "roshans_killed": null,
      "rune_pickups": null,
      "runes": null,
      "runes_log": null,
      "sen": null,
      "sen_left_log": null,
      "sen_log": null,
      "sen_placed": null,
      "stuns": null,
      "teamfight_participation": null,
      "times": null,
      "tower_damage": 176,
      "towers_killed": null,
      "xp_per_min": 1636,
      "xp_reasons": null,
      "xp_t": null,
      "start_time": 1669912212,
      "duration": 1925,
      "cluster": 151,
      "lobby_type": 0,
      "game_mode": 23,
      "is_contributor": false,
      "patch": 51,
      "region": 5,
      "isRadiant": false,
      "total_gold": 34714,
      "total_xp": 52488,
      "kills_per_min": 0.24935064935064932,
      "kda": 1,
      "abandons": 0,
      "rank_tier": null,
      "is_subscriber": false,
      "cosmetics": [],
      "benchmarks": {
        "gold_per_min": {
          "raw": 1082,
          "pct": 1
        },
        "xp_per_min": {
          "raw": 1636,
          "pct": 1
        },
        "kills_per_min": {
          "raw": 0.24935064935064935,
          "pct": 0.62
        },
        "last_hits_per_min": {
          "raw": 5.392207792207792,
          "pct": 0.16
        },
        "hero_damage_per_min": {
          "raw": 803.5324675324675,
          "pct": 0.76
        },
        "hero_healing_per_min": {
          "raw": 0,
          "pct": 0.88
        },
        "tower_damage": {
          "raw": 176,
          "pct": 0.1
        },
        "stuns_per_min": {
          "raw": 0,
          "pct": 0.02
        },
        "lhten": {}
      }
    },
    {
      "player_slot": 129,
      "ability_targets": null,
      "ability_upgrades_arr": [
        5150,
        5151,
        5150,
        650,
        5150,
        5153,
        5151,
        5151,
        5150,
        650,
        5151,
        5153,
        800,
        765,
        650,
        650,
        5153,
        1069,
        6953,
        7898
      ],
      "ability_uses": null,
      "actions": null,
      "additional_units": null,
      "assists": 6,
      "backpack_0": 0,
      "backpack_1": 0,
      "backpack_2": 0,
      "backpack_3": null,
      "buyback_log": null,
      "camps_stacked": null,
      "connection_log": null,
      "creeps_stacked": null,
      "damage": null,
      "damage_inflictor": null,
      "damage_inflictor_received": null,
      "damage_taken": null,
      "damage_targets": null,
      "deaths": 11,
      "denies": 3,
      "dn_t": null,
      "firstblood_claimed": null,
      "gold": 1722,
      "gold_per_min": 660,
      "gold_reasons": null,
      "gold_spent": 15195,
      "gold_t": null,
      "hero_damage": 26644,
      "hero_healing": 0,
      "hero_hits": null,
      "hero_id": 34,
      "item_0": 176,
      "item_1": 0,
      "item_2": 600,
      "item_3": 88,
      "item_4": 0,
      "item_5": 232,
      "item_neutral": 362,
      "item_uses": null,
      "kill_streaks": null,
      "killed": null,
      "killed_by": null,
      "kills": 4,
      "kills_log": null,
      "lane_pos": null,
      "last_hits": 47,
      "leaver_status": 0,
      "level": 27,
      "lh_t": null,
      "life_state": null,
      "max_hero_hit": null,
      "multi_kills": null,
      "net_worth": 15972,
      "obs": null,
      "obs_left_log": null,
      "obs_log": null,
      "obs_placed": null,
      "party_id": 4,
      "party_size": 3,
      "performance_others": null,
      "permanent_buffs": [],
      "pings": null,
      "pred_vict": null,
      "purchase": null,
      "purchase_log": null,
      "randomed": null,
      "repicked": null,
      "roshans_killed": null,
      "rune_pickups": null,
      "runes": null,
      "runes_log": null,
      "sen": null,
      "sen_left_log": null,
      "sen_log": null,
      "sen_placed": null,
      "stuns": null,
      "teamfight_participation": null,
      "times": null,
      "tower_damage": 24,
      "towers_killed": null,
      "xp_per_min": 1534,
      "xp_reasons": null,
      "xp_t": null,
      "personaname": "Shank_BG",
      "name": null,
      "last_login": null,
      "start_time": 1669912212,
      "duration": 1925,
      "cluster": 151,
      "lobby_type": 0,
      "game_mode": 23,
      "is_contributor": false,
      "patch": 51,
      "region": 5,
      "isRadiant": false,
      "total_gold": 21175,
      "total_xp": 49215,
      "kills_per_min": 0.12467532467532466,
      "kda": 0,
      "abandons": 0,
      "rank_tier": 33,
      "is_subscriber": false,
      "cosmetics": [],
      "benchmarks": {
        "gold_per_min": {
          "raw": 660,
          "pct": 0.6923076923076923
        },
        "xp_per_min": {
          "raw": 1534,
          "pct": 1
        },
        "kills_per_min": {
          "raw": 0.12467532467532468,
          "pct": 0.23076923076923078
        },
        "last_hits_per_min": {
          "raw": 1.464935064935065,
          "pct": 0
        },
        "hero_damage_per_min": {
          "raw": 830.4623376623376,
          "pct": 0.23076923076923078
        },
        "hero_healing_per_min": {
          "raw": 0,
          "pct": 0.6153846153846154
        },
        "tower_damage": {
          "raw": 24,
          "pct": 0.5384615384615384
        },
        "stuns_per_min": {
          "raw": 0,
          "pct": 0.46153846153846156
        },
        "lhten": {}
      }
    },
    {
      "player_slot": 130,
      "ability_targets": null,
      "ability_upgrades_arr": [
        5028,
        5027,
        5028,
        5029,
        5028,
        5030,
        5028,
        5029,
        5029,
        730,
        5030,
        5921,
        5029,
        5027,
        5027,
        5027,
        628,
        5030,
        915,
        1013,
        6105
      ],
      "ability_uses": null,
      "actions": null,
      "additional_units": null,
      "assists": 5,
      "backpack_0": 51,
      "backpack_1": 485,
      "backpack_2": 0,
      "backpack_3": null,
      "buyback_log": null,
      "camps_stacked": null,
      "connection_log": null,
      "creeps_stacked": null,
      "damage": null,
      "damage_inflictor": null,
      "damage_inflictor_received": null,
      "damage_taken": null,
      "damage_targets": null,
      "deaths": 10,
      "denies": 7,
      "dn_t": null,
      "firstblood_claimed": null,
      "gold": 662,
      "gold_per_min": 721,
      "gold_reasons": null,
      "gold_spent": 26065,
      "gold_t": null,
      "hero_damage": 20172,
      "hero_healing": 789,
      "hero_hits": null,
      "hero_id": 8,
      "item_0": 1,
      "item_1": 7,
      "item_2": 147,
      "item_3": 50,
      "item_4": 143,
      "item_5": 158,
      "item_neutral": 292,
      "item_uses": null,
      "kill_streaks": null,
      "killed": null,
      "killed_by": null,
      "kills": 5,
      "kills_log": null,
      "lane_pos": null,
      "last_hits": 100,
      "leaver_status": 0,
      "level": 27,
      "lh_t": null,
      "life_state": null,
      "max_hero_hit": null,
      "multi_kills": null,
      "net_worth": 21887,
      "obs": null,
      "obs_left_log": null,
      "obs_log": null,
      "obs_placed": null,
      "party_id": 4,
      "party_size": 3,
      "performance_others": null,
      "permanent_buffs": [],
      "pings": null,
      "pred_vict": null,
      "purchase": null,
      "purchase_log": null,
      "randomed": null,
      "repicked": null,
      "roshans_killed": null,
      "rune_pickups": null,
      "runes": null,
      "runes_log": null,
      "sen": null,
      "sen_left_log": null,
      "sen_log": null,
      "sen_placed": null,
      "stuns": null,
      "teamfight_participation": null,
      "times": null,
      "tower_damage": 1310,
      "towers_killed": null,
      "xp_per_min": 1461,
      "xp_reasons": null,
      "xp_t": null,
      "start_time": 1669912212,
      "duration": 1925,
      "cluster": 151,
      "lobby_type": 0,
      "game_mode": 23,
      "is_contributor": false,
      "patch": 51,
      "region": 5,
      "isRadiant": false,
      "total_gold": 23132,
      "total_xp": 46873,
      "kills_per_min": 0.15584415584415584,
      "kda": 0,
      "abandons": 0,
      "rank_tier": null,
      "is_subscriber": false,
      "cosmetics": [],
      "benchmarks": {
        "gold_per_min": {
          "raw": 721,
          "pct": 0.7272727272727273
        },
        "xp_per_min": {
          "raw": 1461,
          "pct": 1
        },
        "kills_per_min": {
          "raw": 0.15584415584415584,
          "pct": 0.21212121212121213
        },
        "last_hits_per_min": {
          "raw": 3.116883116883117,
          "pct": 0
        },
        "hero_damage_per_min": {
          "raw": 628.7376623376623,
          "pct": 0.3939393939393939
        },
        "hero_healing_per_min": {
          "raw": 24.592207792207795,
          "pct": 0.09090909090909091
        },
        "tower_damage": {
          "raw": 1310,
          "pct": 0.30303030303030304
        },
        "stuns_per_min": {
          "raw": 0,
          "pct": 0.3333333333333333
        },
        "lhten": {}
      }
    },
    {
      "player_slot": 131,
      "ability_targets": null,
      "ability_upgrades_arr": [
        5120,
        5119,
        5120,
        5119,
        5120,
        5121,
        5118,
        5120,
        963,
        5119,
        5119,
        5121,
        5118,
        5118,
        6946,
        5118,
        5121,
        6947,
        7979,
        754,
        6945,
        964
      ],
      "ability_uses": null,
      "actions": null,
      "additional_units": null,
      "assists": 13,
      "backpack_0": 218,
      "backpack_1": 0,
      "backpack_2": 0,
      "backpack_3": null,
      "buyback_log": null,
      "camps_stacked": null,
      "connection_log": null,
      "creeps_stacked": null,
      "damage": null,
      "damage_inflictor": null,
      "damage_inflictor_received": null,
      "damage_taken": null,
      "damage_targets": null,
      "deaths": 8,
      "denies": 1,
      "dn_t": null,
      "firstblood_claimed": null,
      "gold": 4691,
      "gold_per_min": 840,
      "gold_reasons": null,
      "gold_spent": 23090,
      "gold_t": null,
      "hero_damage": 25009,
      "hero_healing": 0,
      "hero_hits": null,
      "hero_id": 29,
      "item_0": 1,
      "item_1": 127,
      "item_2": 226,
      "item_3": 110,
      "item_4": 48,
      "item_5": 114,
      "item_neutral": 834,
      "item_uses": null,
      "kill_streaks": null,
      "killed": null,
      "killed_by": null,
      "kills": 2,
      "kills_log": null,
      "lane_pos": null,
      "last_hits": 105,
      "leaver_status": 0,
      "level": 29,
      "lh_t": null,
      "life_state": null,
      "max_hero_hit": null,
      "multi_kills": null,
      "net_worth": 26891,
      "obs": null,
      "obs_left_log": null,
      "obs_log": null,
      "obs_placed": null,
      "party_id": 4,
      "party_size": 3,
      "performance_others": null,
      "permanent_buffs": [
        {
          "permanent_buff": 6,
          "stack_count": 1,
          "grant_time": 1177
        },
        {
          "permanent_buff": 12,
          "stack_count": 0,
          "grant_time": 1996
        }
      ],
      "pings": null,
      "pred_vict": null,
      "purchase": null,
      "purchase_log": null,
      "randomed": null,
      "repicked": null,
      "roshans_killed": null,
      "rune_pickups": null,
      "runes": null,
      "runes_log": null,
      "sen": null,
      "sen_left_log": null,
      "sen_log": null,
      "sen_placed": null,
      "stuns": null,
      "teamfight_participation": null,
      "times": null,
      "tower_damage": 127,
      "towers_killed": null,
      "xp_per_min": 1566,
      "xp_reasons": null,
      "xp_t": null,
      "start_time": 1669912212,
      "duration": 1925,
      "cluster": 151,
      "lobby_type": 0,
      "game_mode": 23,
      "is_contributor": false,
      "patch": 51,
      "region": 5,
      "isRadiant": false,
      "total_gold": 26950,
      "total_xp": 50242,
      "kills_per_min": 0.06233766233766233,
      "kda": 1,
      "abandons": 0,
      "rank_tier": null,
      "is_subscriber": false,
      "cosmetics": [],
      "benchmarks": {
        "gold_per_min": {
          "raw": 840,
          "pct": 1
        },
        "xp_per_min": {
          "raw": 1566,
          "pct": 1
        },
        "kills_per_min": {
          "raw": 0.06233766233766234,
          "pct": 0.2
        },
        "last_hits_per_min": {
          "raw": 3.2727272727272725,
          "pct": 0.2
        },
        "hero_damage_per_min": {
          "raw": 779.5012987012988,
          "pct": 1
        },
        "hero_healing_per_min": {
          "raw": 0,
          "pct": 0.6
        },
        "tower_damage": {
          "raw": 127,
          "pct": 0.15
        },
        "stuns_per_min": {
          "raw": 0,
          "pct": 0
        },
        "lhten": {}
      }
    },
    {
      "player_slot": 132,
      "ability_targets": null,
      "ability_upgrades_arr": [
        5079,
        5078,
        5080,
        5078,
        5080,
        5081,
        5079,
        5079,
        5078,
        5079,
        6877,
        5080,
        5081,
        5080,
        6295,
        5078,
        5081,
        760,
        6521,
        468
      ],
      "ability_uses": null,
      "actions": null,
      "additional_units": null,
      "assists": 15,
      "backpack_0": 16,
      "backpack_1": 0,
      "backpack_2": 0,
      "backpack_3": null,
      "buyback_log": null,
      "camps_stacked": null,
      "connection_log": null,
      "creeps_stacked": null,
      "damage": null,
      "damage_inflictor": null,
      "damage_inflictor_received": null,
      "damage_taken": null,
      "damage_targets": null,
      "deaths": 11,
      "denies": 2,
      "dn_t": null,
      "firstblood_claimed": null,
      "gold": 3658,
      "gold_per_min": 747,
      "gold_reasons": null,
      "gold_spent": 21580,
      "gold_t": null,
      "hero_damage": 15875,
      "hero_healing": 0,
      "hero_hits": null,
      "hero_id": 27,
      "item_0": 108,
      "item_1": 254,
      "item_2": 100,
      "item_3": 48,
      "item_4": 235,
      "item_5": 1,
      "item_neutral": 212,
      "item_uses": null,
      "kill_streaks": null,
      "killed": null,
      "killed_by": null,
      "kills": 2,
      "kills_log": null,
      "lane_pos": null,
      "last_hits": 108,
      "leaver_status": 0,
      "level": 27,
      "lh_t": null,
      "life_state": null,
      "max_hero_hit": null,
      "multi_kills": null,
      "net_worth": 24008,
      "obs": null,
      "obs_left_log": null,
      "obs_log": null,
      "obs_placed": null,
      "party_id": 5,
      "party_size": 1,
      "performance_others": null,
      "permanent_buffs": [
        {
          "permanent_buff": 12,
          "stack_count": 0,
          "grant_time": 1051
        }
      ],
      "pings": null,
      "pred_vict": null,
      "purchase": null,
      "purchase_log": null,
      "randomed": null,
      "repicked": null,
      "roshans_killed": null,
      "rune_pickups": null,
      "runes": null,
      "runes_log": null,
      "sen": null,
      "sen_left_log": null,
      "sen_log": null,
      "sen_placed": null,
      "stuns": null,
      "teamfight_participation": null,
      "times": null,
      "tower_damage": 0,
      "towers_killed": null,
      "xp_per_min": 1331,
      "xp_reasons": null,
      "xp_t": null,
      "personaname": "Trashtalker~",
      "name": null,
      "last_login": null,
      "start_time": 1669912212,
      "duration": 1925,
      "cluster": 151,
      "lobby_type": 0,
      "game_mode": 23,
      "is_contributor": false,
      "patch": 51,
      "region": 5,
      "isRadiant": false,
      "total_gold": 23966,
      "total_xp": 42702,
      "kills_per_min": 0.06233766233766233,
      "kda": 1,
      "abandons": 0,
      "rank_tier": 41,
      "is_subscriber": false,
      "cosmetics": [],
      "benchmarks": {
        "gold_per_min": {
          "raw": 747,
          "pct": 1
        },
        "xp_per_min": {
          "raw": 1331,
          "pct": 1
        },
        "kills_per_min": {
          "raw": 0.06233766233766234,
          "pct": 0.16666666666666666
        },
        "last_hits_per_min": {
          "raw": 3.3662337662337665,
          "pct": 0.8888888888888888
        },
        "hero_damage_per_min": {
          "raw": 494.80519480519484,
          "pct": 0.8888888888888888
        },
        "hero_healing_per_min": {
          "raw": 0,
          "pct": 0.7777777777777778
        },
        "tower_damage": {
          "raw": 0,
          "pct": 0.1111111111111111
        },
        "stuns_per_min": {
          "raw": 0,
          "pct": 0
        },
        "lhten": {}
      }
    }
  ],
  "patch": 51,
  "region": 5
}