{
  "chat": null,
  "cluster": 346,
  "cosmetics": null,
  "dire_score": 45,
  "dire_team_id": null,
  "draft_timings": null,
  "duration": 2357,
  "engine": 1,
  "first_blood_time": 128,
  "game_mode": 22,
  "human_players": 10,
  "leagueid": 0,
  "lobby_type": 7,
  "match_seq_num": 5780357369,
  "negative_votes": 0,
  "objectives": null,
  "picks_bans": [
    {
      "is_pick": true,
      "hero_id": 84,
      "team": 1,
      "order": 0
    },
    {
      "is_pick": true,
      "hero_id": 129,
      "team": 0,
      "order": 1
    },
    {
      "is_pick": true,
      "hero_id": 136,
      "team": 1,
      "order": 2
    },
    {
      "is_pick": true,
      "hero_id": 25,
      "team": 0,
      "order": 3
    },
    {
      "is_pick": true,
      "hero_id": 2,
      "team": 1,
      "order": 4
    },
    {
      "is_pick": true,
      "hero_id": 44,
      "team": 1,
      "order": 5
    },
    {
      "is_pick": true,
      "hero_id": 51,
      "team": 0,
      "order": 6
    },
    {
      "is_pick": true,
      "hero_id": 11,
      "team": 0,
      "order": 7
    },
    {
      "is_pick": true,
      "hero_id": 114,
      "team": 0,
      "order": 8
    },
    {
      "is_pick": true,
      "hero_id": 21,
      "team": 1,
      "order": 9
    },
    {
      "is_pick": false,
      "hero_id": 14,
      "team": 0,
      "order": 10
    },
    {
      "is_pick": false,
      "hero_id": 70,
      "team": 0,
      "order": 11
    },
    {
      "is_pick": false,
      "hero_id": 128,
      "team": 0,
      "order": 12
    }
  ],
  "positive_votes": 0,
  "radiant_gold_adv": null,
  "radiant_score": 39,
  "radiant_team_id": null,
  "radiant_xp_adv": null,
  "skill": null,
  "start_time": 1669911891,
  "teamfights": null,
  "version": null,
  "replay_salt": 573245183,
  "series_id": 0,
  "series_type": 0,
  "players": [
    {
      "player_slot": 0,
      "ability_targets": null,
      "ability_upgrades_arr": [
        5041,
        5040,
        5040,
        5042,
        5040,
        5043,
        5040,
        5042,
        5042,
        6212,
        5042,
        5043,
        5041,
        5041,
        6388,
        5041,
        5043,
        6313
      ],
      "ability_uses": null,
      "actions": null,
      "additional_units": null,
      "assists": 14,
      "backpack_0": 0,
      "backpack_1": 0,
      "backpack_2": 0,
      "backpack_3": null,
      "buyback_log": null,
      "camps_stacked": null,
      "connection_log": null,
      "creeps_stacked": null,
      "damage": null,
      "damage_inflictor": null,
      "damage_inflictor_received": null,
      "damage_taken": null,
      "damage_targets": null,
      "deaths": 9,
      "denies": 7,
      "dn_t": null,
      "firstblood_claimed": null,
      "gold": 587,
      "gold_per_min": 408,
      "gold_reasons": null,
      "gold_spent": 15150,
      "gold_t": null,
      "hero_damage": 28564,
      "hero_healing": 0,
      "hero_hits": null,
      "hero_id": 25,
      "item_0": 100,
      "item_1": 218,
      "item_2": 188,
      "item_3": 48,
      "item_4": 0,
      "item_5": 249,
      "item_neutral": 675,
      "item_uses": null,
      "kill_streaks": null,
      "killed": null,
      "killed_by": null,
      "kills": 9,
      "kills_log": null,
      "lane_pos": null,
      "last_hits": 143,
      "leaver_status": 0,
      "level": 20,
      "lh_t": null,
      "life_state": null,
      "max_hero_hit": null,
      "multi_kills": null,
      "net_worth": 12862,
      "obs": null,
      "obs_left_log": null,
      "obs_log": null,
      "obs_placed": null,
      "party_id": 0,
      "party_size": 1,
      "performance_others": null,
      "permanent_buffs": [
        {
          "permanent_buff": 6,
          "stack_count": 1,
          "grant_time": 1501
        },
        {
          "permanent_buff": 12,
          "stack_count": 0,
          "grant_time": 1831
        }
      ],
      "pings": null,
      "pred_vict": null,
      "purchase": null,
      "purchase_log": null,
      "randomed": null,
      "repicked": null,
      "roshans_killed": null,
      "rune_pickups": null,
      "runes": null,
      "runes_log": null,
      "sen": null,
      "sen_left_log": null,
      "sen_log": null,
      "sen_placed": null,
      "stuns": null,
      "teamfight_participation": null,
      "times": null,
      "tower_damage": 1621,
      "towers_killed": null,
      "xp_per_min": 591,
      "xp_reasons": null,
      "xp_t": null,
      "start_time": 1669911891,
      "duration": 2357,
      "cluster": 346,
      "lobby_type": 7,
      "game_mode": 22,
      "is_contributor": false,
      "patch": 51,
      "region": 38,
      "isRadiant": true,
      "total_gold": 16027,
      "total_xp": 23216,
      "kills_per_min": 0.22910479422995333,
      "kda": 2,
      "abandons": 0,
      "rank_tier": null,
      "is_subscriber": false,
      "cosmetics": [],
      "benchmarks": {
        "gold_per_min": {
          "raw": 408,
          "pct": 0.21052631578947367
        },
        "xp_per_min": {
          "raw": 591,
          "pct": 0.3684210526315789
        },
        "kills_per_min": {
          "raw": 0.22910479422995333,
          "pct": 0.7368421052631579
        },
        "last_hits_per_min": {
          "raw": 3.6402206194314806,
          "pct": 0.15789473684210525
        },
        "hero_damage_per_min": {
          "raw": 727.1277047093763,
          "pct": 0.8421052631578947
        },
        "hero_healing_per_min": {
          "raw": 0,
          "pct": 1
        },
        "tower_damage": {
          "raw": 1621,
          "pct": 0.47368421052631576
        },
        "stuns_per_min": {
          "raw": 0,
          "pct": 0
        },
        "lhten": {}
      }
    },
    {
      "player_slot": 1,
      "ability_targets": null,
      "ability_upgrades_arr": [
        6583,
        6495,
        6495,
        6583,
        6583,
        6598,
        6495,
        6583,
        6495,
        1020,
        6582,
        6598,
        6582,
        6582,
        6759,
        6582,
        6598,
        6584
      ],
      "ability_uses": null,
      "actions": null,
      "additional_units": null,
      "assists": 20,
      "backpack_0": 0,
      "backpack_1": 0,
      "backpack_2": 0,
      "backpack_3": null,
      "buyback_log": null,
      "camps_stacked": null,
      "connection_log": null,
      "creeps_stacked": null,
      "damage": null,
      "damage_inflictor": null,
      "damage_inflictor_received": null,
      "damage_taken": null,
      "damage_targets": null,
      "deaths": 8,
      "denies": 5,
      "dn_t": null,
      "firstblood_claimed": null,
      "gold": 1183,
      "gold_per_min": 343,
      "gold_reasons": null,
      "gold_spent": 10725,
      "gold_t": null,
      "hero_damage": 20009,
      "hero_healing": 0,
      "hero_hits": null,
      "hero_id": 129,
      "item_0": 168,
      "item_1": 1,
      "item_2": 50,
      "item_3": 73,
      "item_4": 178,
      "item_5": 485,
      "item_neutral": 381,
      "item_uses": null,
      "kill_streaks": null,
      "killed": null,
      "killed_by": null,
      "kills": 7,
      "kills_log": null,
      "lane_pos": null,
      "last_hits": 91,
      "leaver_status": 0,
      "level": 20,
      "lh_t": null,
      "life_state": null,
      "max_hero_hit": null,
      "multi_kills": null,
      "net_worth": 10893,
      "obs": null,
      "obs_left_log": null,
      "obs_log": null,
      "obs_placed": null,
      "party_id": 1,
      "party_size": 1,
      "performance_others": null,
      "permanent_buffs": [
        {
          "permanent_buff": 6,
          "stack_count": 1,
          "grant_time": 2105
        }
      ],
      "pings": null,
      "pred_vict": null,
      "purchase": null,
      "purchase_log": null,
      "randomed": null,
      "repicked": null,
      "roshans_killed": null,
      "rune_pickups": null,
      "runes": null,
      "runes_log": null,
      "sen": null,
      "sen_left_log": null,
      "sen_log": null,
      "sen_placed": null,
      "stuns": null,
      "teamfight_participation": null,
      "times": null,
      "tower_damage": 334,
      "towers_killed": null,
      "xp_per_min": 551,
      "xp_reasons": null,
      "xp_t": null,
      "start_time": 1669911891,
      "duration": 2357,
      "cluster": 346,
      "lobby_type": 7,
      "game_mode": 22,
      "is_contributor": false,
      "patch": 51,
      "region": 38,
      "isRadiant": true,
      "total_gold": 13474,
      "total_xp": 21645,
      "kills_per_min": 0.17819261773440814,
      "kda": 3,
      "abandons": 0,
      "rank_tier": null,
      "is_subscriber": false,
      "cosmetics": [],
      "benchmarks": {
        "gold_per_min": {
          "raw": 343,
          "pct": 0.13636363636363635
        },
        "xp_per_min": {
          "raw": 551,
          "pct": 0.45454545454545453
        },
        "kills_per_min": {
          "raw": 0.17819261773440814,
          "pct": 0.6590909090909091
        },
        "last_hits_per_min": {
          "raw": 2.316504030547306,
          "pct": 0.022727272727272728
        },
        "hero_damage_per_min": {
          "raw": 509.3508697496818,
          "pct": 0.5681818181818182
        },
        "hero_healing_per_min": {
          "raw": 0,
          "pct": 0.9545454545454546
        },
        "tower_damage": {
          "raw": 334,
          "pct": 0.25
        },
        "stuns_per_min": {
          "raw": 0,
          "pct": 0.022727272727272728
        },
        "lhten": {}
      }
    },
    {
      "player_slot": 2,
      "ability_targets": null,
      "ability_upgrades_arr": [
        5237,
        5238,
        5237,
        5238,
        5237,
        5240,
        5237,
        5238,
        5238,
        5239,
        5239,
        5240,
        5239,
        5239,
        502,
        850,
        5240,
        7028
      ],
      "ability_uses": null,
      "actions": null,
      "additional_units": null,
      "assists": 18,
      "backpack_0": 0,
      "backpack_1": 0,
      "backpack_2": 0,
      "backpack_3": null,
      "buyback_log": null,
      "camps_stacked": null,
      "connection_log": null,
      "creeps_stacked": null,
      "damage": null,
      "damage_inflictor": null,
      "damage_inflictor_received": null,
      "damage_taken": null,
      "damage_targets": null,
      "deaths": 9,
      "denies": 29,
      "dn_t": null,
      "firstblood_claimed": null,
      "gold": 261,
      "gold_per_min": 332,
      "gold_reasons": null,
      "gold_spent": 12135,
      "gold_t": null,
      "hero_damage": 26750,
      "hero_healing": 1531,
      "hero_hits": null,
      "hero_id": 51,
      "item_0": 127,
      "item_1": 214,
      "item_2": 244,
      "item_3": 176,
      "item_4": 79,
      "item_5": 178,
      "item_neutral": 825,
      "item_uses": null,
      "kill_streaks": null,
      "killed": null,
      "killed_by": null,
      "kills": 7,
      "kills_log": null,
      "lane_pos": null,
      "last_hits": 102,
      "leaver_status": 0,
      "level": 21,
      "lh_t": null,
      "life_state": null,
      "max_hero_hit": null,
      "multi_kills": null,
      "net_worth": 11016,
      "obs": null,
      "obs_left_log": null,
      "obs_log": null,
      "obs_placed": null,
      "party_id": 2,
      "party_size": 1,
      "performance_others": null,
      "permanent_buffs": [
        {
          "permanent_buff": 6,
          "stack_count": 1,
          "grant_time": 905
        }
      ],
      "pings": null,
      "pred_vict": null,
      "purchase": null,
      "purchase_log": null,
      "randomed": null,
      "repicked": null,
      "roshans_killed": null,
      "rune_pickups": null,
      "runes": null,
      "runes_log": null,
      "sen": null,
      "sen_left_log": null,
      "sen_log": null,
      "sen_placed": null,
      "stuns": null,
      "teamfight_participation": null,
      "times": null,
      "tower_damage": 289,
      "towers_killed": null,
      "xp_per_min": 650,
      "xp_reasons": null,
      "xp_t": null,
      "start_time": 1669911891,
      "duration": 2357,
      "cluster": 346,
      "lobby_type": 7,
      "game_mode": 22,
      "is_contributor": false,
      "patch": 51,
      "region": 38,
      "isRadiant": true,
      "total_gold": 13042,
      "total_xp": 25534,
      "kills_per_min": 0.17819261773440814,
      "kda": 2,
      "abandons": 0,
      "rank_tier": null,
      "is_subscriber": false,
      "cosmetics": [],
      "benchmarks": {
        "gold_per_min": {
          "raw": 332,
          "pct": 0.7272727272727273
        },
        "xp_per_min": {
          "raw": 650,
          "pct": 0.9090909090909091
        },
        "kills_per_min": {
          "raw": 0.17819261773440814,
          "pct": 0.7272727272727273
        },
        "last_hits_per_min": {
          "raw": 2.5965210012728046,
          "pct": 0.8409090909090909
        },
        "hero_damage_per_min": {
          "raw": 680.9503606279169,
          "pct": 0.9090909090909091
        },
        "hero_healing_per_min": {
          "raw": 38.97327110733984,
          "pct": 1
        },
        "tower_damage": {
          "raw": 289,
          "pct": 0.7045454545454546
        },
        "stuns_per_min": {
          "raw": 0,
          "pct": 0
        },
        "lhten": {}
      }
    },
    {
      "player_slot": 3,
      "ability_targets": null,
      "ability_upgrades_arr": [
        5723,
        5716,
        5723,
        5716,
        5723,
        5721,
        5723,
        5716,
        5725,
        5716,
        748,
        5725,
        5721,
        5721,
        7038,
        5721,
        5725,
        802
      ],
      "ability_uses": null,
      "actions": null,
      "additional_units": null,
      "assists": 10,
      "backpack_0": 11,
      "backpack_1": 44,
      "backpack_2": 0,
      "backpack_3": null,
      "buyback_log": null,
      "camps_stacked": null,
      "connection_log": null,
      "creeps_stacked": null,
      "damage": null,
      "damage_inflictor": null,
      "damage_inflictor_received": null,
      "damage_taken": null,
      "damage_targets": null,
      "deaths": 11,
      "denies": 26,
      "dn_t": null,
      "firstblood_claimed": null,
      "gold": 2318,
      "gold_per_min": 502,
      "gold_reasons": null,
      "gold_spent": 14605,
      "gold_t": null,
      "hero_damage": 18448,
      "hero_healing": 0,
      "hero_hits": null,
      "hero_id": 114,
      "item_0": 63,
      "item_1": 166,
      "item_2": 116,
      "item_3": 51,
      "item_4": 569,
      "item_5": 252,
      "item_neutral": 949,
      "item_uses": null,
      "kill_streaks": null,
      "killed": null,
      "killed_by": null,
      "kills": 4,
      "kills_log": null,
      "lane_pos": null,
      "last_hits": 265,
      "leaver_status": 0,
      "level": 20,
      "lh_t": null,
      "life_state": null,
      "max_hero_hit": null,
      "multi_kills": null,
      "net_worth": 16383,
      "obs": null,
      "obs_left_log": null,
      "obs_log": null,
      "obs_placed": null,
      "party_id": 3,
      "party_size": 1,
      "performance_others": null,
      "permanent_buffs": [],
      "pings": null,
      "pred_vict": null,
      "purchase": null,
      "purchase_log": null,
      "randomed": null,
      "repicked": null,
      "roshans_killed": null,
      "rune_pickups": null,
      "runes": null,
      "runes_log": null,
      "sen": null,
      "sen_left_log": null,
      "sen_log": null,
      "sen_placed": null,
      "stuns": null,
      "teamfight_participation": null,
      "times": null,
      "tower_damage": 1089,
      "towers_killed": null,
      "xp_per_min": 572,
      "xp_reasons": null,
      "xp_t": null,
      "personaname": "1",
      "name": null,
      "last_login": "2022-05-21T00:08:45.188Z",
      "start_time": 1669911891,
      "duration": 2357,
      "cluster": 346,
      "lobby_type": 7,
      "game_mode": 22,
      "is_contributor": false,
      "patch": 51,
      "region": 38,
      "isRadiant": true,
      "total_gold": 19720,
      "total_xp": 22470,
      "kills_per_min": 0.10182435299109037,
      "kda": 1,
      "abandons": 0,
      "rank_tier": 55,
      "is_subscriber": false,
      "cosmetics": [],
      "benchmarks": {
        "gold_per_min": {
          "raw": 502,
          "pct": 0.3902439024390244
        },
        "xp_per_min": {
          "raw": 572,
          "pct": 0.3170731707317073
        },
        "kills_per_min": {
          "raw": 0.10182435299109037,
          "pct": 0.2682926829268293
        },
        "last_hits_per_min": {
          "raw": 6.745863385659737,
          "pct": 0.4878048780487805
        },
        "hero_damage_per_min": {
          "raw": 469.6139159949088,
          "pct": 0.3902439024390244
        },
        "hero_healing_per_min": {
          "raw": 0,
          "pct": 1
        },
        "tower_damage": {
          "raw": 1089,
          "pct": 0.3902439024390244
        },
        "stuns_per_min": {
          "raw": 0,
          "pct": 0.024390243902439025
        },
        "lhten": {}
      }
    },
    {
      "player_slot": 4,
      "ability_targets": null,
      "ability_upgrades_arr": [
        5059,
        5062,
        5059,
        5062,
        5059,
        5062,
        5059,
        5062,
        5064,
        5063,
        5063,
        5064,
        5063,
        6016,
        6070,
        5063,
        5064,
        815
      ],
      "ability_uses": null,
      "actions": null,
      "additional_units": null,
      "assists": 6,
      "backpack_0": 0,
      "backpack_1": 42,
      "backpack_2": 41,
      "backpack_3": null,
      "buyback_log": null,
      "camps_stacked": null,
      "connection_log": null,
      "creeps_stacked": null,
      "damage": null,
      "damage_inflictor": null,
      "damage_inflictor_received": null,
      "damage_taken": null,
      "damage_targets": null,
      "deaths": 8,
      "denies": 22,
      "dn_t": null,
      "firstblood_claimed": null,
      "gold": 1416,
      "gold_per_min": 568,
      "gold_reasons": null,
      "gold_spent": 20855,
      "gold_t": null,
      "hero_damage": 23780,
      "hero_healing": 110,
      "hero_hits": null,
      "hero_id": 11,
      "item_0": 63,
      "item_1": 36,
      "item_2": 1,
      "item_3": 116,
      "item_4": 263,
      "item_5": 152,
      "item_neutral": 577,
      "item_uses": null,
      "kill_streaks": null,
      "killed": null,
      "killed_by": null,
      "kills": 11,
      "kills_log": null,
      "lane_pos": null,
      "last_hits": 291,
      "leaver_status": 0,
      "level": 22,
      "lh_t": null,
      "life_state": null,
      "max_hero_hit": null,
      "multi_kills": null,
      "net_worth": 19191,
      "obs": null,
      "obs_left_log": null,
      "obs_log": null,
      "obs_placed": null,
      "party_id": 4,
      "party_size": 1,
      "performance_others": null,
      "permanent_buffs": [
        {
          "permanent_buff": 12,
          "stack_count": 0,
          "grant_time": 1416
        }
      ],
      "pings": null,
      "pred_vict": null,
      "purchase": null,
      "purchase_log": null,
      "randomed": null,
      "repicked": null,
      "roshans_killed": null,
      "rune_pickups": null,
      "runes": null,
      "runes_log": null,
      "sen": null,
      "sen_left_log": null,
      "sen_log": null,
      "sen_placed": null,
      "stuns": null,
      "teamfight_participation": null,
      "times": null,
      "tower_damage": 4395,
      "towers_killed": null,
      "xp_per_min": 690,
      "xp_reasons": null,
      "xp_t": null,
      "personaname": "APRENDIENDO A JUGAR.giordota.com",
      "name": null,
      "last_login": null,
      "start_time": 1669911891,
      "duration": 2357,
      "cluster": 346,
      "lobby_type": 7,
      "game_mode": 22,
      "is_contributor": false,
      "patch": 51,
      "region": 38,
      "isRadiant": true,
      "total_gold": 22312,
      "total_xp": 27105,
      "kills_per_min": 0.2800169707254985,
      "kda": 1,
      "abandons": 0,
      "rank_tier": 63,
      "is_subscriber": false,
      "cosmetics": [],
      "benchmarks": {
        "gold_per_min": {
          "raw": 568,
          "pct": 0.52
        },
        "xp_per_min": {
          "raw": 690,
          "pct": 0.44
        },
        "kills_per_min": {
          "raw": 0.2800169707254985,
          "pct": 0.64
        },
        "last_hits_per_min": {
          "raw": 7.407721680101824,
          "pct": 0.44
        },
        "hero_damage_per_min": {
          "raw": 605.3457785320322,
          "pct": 0.4
        },
        "hero_healing_per_min": {
          "raw": 2.800169707254985,
          "pct": 0.92
        },
        "tower_damage": {
          "raw": 4395,
          "pct": 0.48
        },
        "stuns_per_min": {
          "raw": 0,
          "pct": 0.02
        },
        "lhten": {}
      }
    },
    {
      "player_slot": 128,
      "ability_targets": null,
      "ability_upgrades_arr": [
        5008,
        5009,
        5008,
        5009,
        5007,
        5010,
        5009,
        5008,
        5008,
        5009,
        5007,
        5010,
        5007,
        5007,
        670,
        974,
        5010,
        562
      ],
      "ability_uses": null,
      "actions": null,
      "additional_units": null,
      "assists": 16,
      "backpack_0": 0,
      "backpack_1": 0,
      "backpack_2": 0,
      "backpack_3": null,
      "buyback_log": null,
      "camps_stacked": null,
      "connection_log": null,
      "creeps_stacked": null,
      "damage": null,
      "damage_inflictor": null,
      "damage_inflictor_received": null,
      "damage_taken": null,
      "damage_targets": null,
      "deaths": 12,
      "denies": 5,
      "dn_t": null,
      "firstblood_claimed": null,
      "gold": 1629,
      "gold_per_min": 513,
      "gold_reasons": null,
      "gold_spent": 18475,
      "gold_t": null,
      "hero_damage": 19344,
      "hero_healing": 0,
      "hero_hits": null,
      "hero_id": 2,
      "item_0": 1,
      "item_1": 127,
      "item_2": 50,
      "item_3": 116,
      "item_4": 114,
      "item_5": 0,
      "item_neutral": 949,
      "item_uses": null,
      "kill_streaks": null,
      "killed": null,
      "killed_by": null,
      "kills": 8,
      "kills_log": null,
      "lane_pos": null,
      "last_hits": 164,
      "leaver_status": 0,
      "level": 23,
      "lh_t": null,
      "life_state": null,
      "max_hero_hit": null,
      "multi_kills": null,
      "net_worth": 18029,
      "obs": null,
      "obs_left_log": null,
      "obs_log": null,
      "obs_placed": null,
      "party_id": 5,
      "party_size": 1,
      "performance_others": null,
      "permanent_buffs": [
        {
          "permanent_buff": 6,
          "stack_count": 1,
          "grant_time": 1493
        },
        {
          "permanent_buff": 12,
          "stack_count": 0,
          "grant_time": 2407
        },
        {
          "permanent_buff": 13,
          "stack_count": 3,
          "grant_time": 1095
        }
      ],
      "pings": null,
      "pred_vict": null,
      "purchase": null,
      "purchase_log": null,
      "randomed": null,
      "repicked": null,
      "roshans_killed": null,
      "rune_pickups": null,
      "runes": null,
      "runes_log": null,
      "sen": null,
      "sen_left_log": null,
      "sen_log": null,
      "sen_placed": null,
      "stuns": null,
      "teamfight_participation": null,
      "times": null,
      "tower_damage": 822,
      "towers_killed": null,
      "xp_per_min": 728,
      "xp_reasons": null,
      "xp_t": null,
      "start_time": 1669911891,
      "duration": 2357,
      "cluster": 346,
      "lobby_type": 7,
      "game_mode": 22,
      "is_contributor": false,
      "patch": 51,
      "region": 38,
      "isRadiant": false,
      "total_gold": 20152,
      "total_xp": 28598,
      "kills_per_min": 0.20364870598218074,
      "kda": 1,
      "abandons": 0,
      "rank_tier": null,
      "is_subscriber": false,
      "cosmetics": [],
      "benchmarks": {
        "gold_per_min": {
          "raw": 513,
          "pct": 0.5652173913043478
        },
        "xp_per_min": {
          "raw": 728,
          "pct": 0.6086956521739131
        },
        "kills_per_min": {
          "raw": 0.20364870598218074,
          "pct": 0.5217391304347826
        },
        "last_hits_per_min": {
          "raw": 4.174798472634705,
          "pct": 0.2608695652173913
        },
        "hero_damage_per_min": {
          "raw": 492.42257106491303,
          "pct": 0.43478260869565216
        },
        "hero_healing_per_min": {
          "raw": 0,
          "pct": 0.9130434782608695
        },
        "tower_damage": {
          "raw": 822,
          "pct": 0.391304347826087
        },
        "stuns_per_min": {
          "raw": 0,
          "pct": 0
        },
        "lhten": {}
      }
    },
    {
      "player_slot": 129,
      "ability_targets": null,
      "ability_upgrades_arr": [
        5439,
        5438,
        5439,
        5440,
        5439,
        5441,
        5438,
        5439,
        5438,
        5438,
        403,
        5441,
        5440,
        5440,
        5903,
        5440,
        5441,
        6183
      ],
      "ability_uses": null,
      "actions": null,
      "additional_units": null,
      "assists": 21,
      "backpack_0": 0,
      "backpack_1": 0,
      "backpack_2": 0,
      "backpack_3": null,
      "buyback_log": null,
      "camps_stacked": null,
      "connection_log": null,
      "creeps_stacked": null,
      "damage": null,
      "damage_inflictor": null,
      "damage_inflictor_received": null,
      "damage_taken": null,
      "damage_targets": null,
      "deaths": 6,
      "denies": 4,
      "dn_t": null,
      "firstblood_claimed": null,
      "gold": 1121,
      "gold_per_min": 377,
      "gold_reasons": null,
      "gold_spent": 14140,
      "gold_t": null,
      "hero_damage": 24949,
      "hero_healing": 0,
      "hero_hits": null,
      "hero_id": 84,
      "item_0": 254,
      "item_1": 102,
      "item_2": 40,
      "item_3": 214,
      "item_4": 36,
      "item_5": 235,
      "item_neutral": 290,
      "item_uses": null,
      "kill_streaks": null,
      "killed": null,
      "killed_by": null,
      "kills": 4,
      "kills_log": null,
      "lane_pos": null,
      "last_hits": 36,
      "leaver_status": 0,
      "level": 22,
      "lh_t": null,
      "life_state": null,
      "max_hero_hit": null,
      "multi_kills": null,
      "net_worth": 13501,
      "obs": null,
      "obs_left_log": null,
      "obs_log": null,
      "obs_placed": null,
      "party_id": 6,
      "party_size": 1,
      "performance_others": null,
      "permanent_buffs": [
        {
          "permanent_buff": 12,
          "stack_count": 0,
          "grant_time": 2281
        }
      ],
      "pings": null,
      "pred_vict": null,
      "purchase": null,
      "purchase_log": null,
      "randomed": null,
      "repicked": null,
      "roshans_killed": null,
      "rune_pickups": null,
      "runes": null,
      "runes_log": null,
      "sen": null,
      "sen_left_log": null,
      "sen_log": null,
      "sen_placed": null,
      "stuns": null,
      "teamfight_participation": null,
      "times": null,
      "tower_damage": 294,
      "towers_killed": null,
      "xp_per_min": 672,
      "xp_reasons": null,
      "xp_t": null,
      "start_time": 1669911891,
      "duration": 2357,
      "cluster": 346,
      "lobby_type": 7,
      "game_mode": 22,
      "is_contributor": false,
      "patch": 51,
      "region": 38,
      "isRadiant": false,
      "total_gold": 14809,
      "total_xp": 26398,
      "kills_per_min": 0.10182435299109037,
      "kda": 3,
      "abandons": 0,
      "rank_tier": null,
      "is_subscriber": false,
      "cosmetics": [],
      "benchmarks": {
        "gold_per_min": {
          "raw": 377,
          "pct": 0.7222222222222222
        },
        "xp_per_min": {
          "raw": 672,
          "pct": 0.6944444444444444
        },
        "kills_per_min": {
          "raw": 0.10182435299109037,
          "pct": 0.6388888888888888
        },
        "last_hits_per_min": {
          "raw": 0.9164191769198133,
          "pct": 0.3611111111111111
        },
        "hero_damage_per_min": {
          "raw": 635.1039456936784,
          "pct": 0.8333333333333334
        },
        "hero_healing_per_min": {
          "raw": 0,
          "pct": 0.8333333333333334
        },
        "tower_damage": {
          "raw": 294,
          "pct": 0.5833333333333334
        },
        "stuns_per_min": {
          "raw": 0,
          "pct": 0
        },
        "lhten": {}
      }
    },
    {
      "player_slot": 130,
      "ability_targets": null,
      "ability_upgrades_arr": [
        8235,
        8192,
        8235,
        8192,
        8235,
        8198,
        8234,
        8235,
        8234,
        8234,
        8234,
        8198,
        8192,
        8192,
        8243,
        8245,
        8198,
        8238
      ],
      "ability_uses": null,
      "actions": null,
      "additional_units": null,
      "assists": 25,
      "backpack_0": 0,
      "backpack_1": 0,
      "backpack_2": 0,
      "backpack_3": null,
      "buyback_log": null,
      "camps_stacked": null,
      "connection_log": null,
      "creeps_stacked": null,
      "damage": null,
      "damage_inflictor": null,
      "damage_inflictor_received": null,
      "damage_taken": null,
      "damage_targets": null,
      "deaths": 9,
      "denies": 2,
      "dn_t": null,
      "firstblood_claimed": null,
      "gold": 130,
      "gold_per_min": 440,
      "gold_reasons": null,
      "gold_spent": 16565,
      "gold_t": null,
      "hero_damage": 14267,
      "hero_healing": 3469,
      "hero_hits": null,
      "hero_id": 136,
      "item_0": 232,
      "item_1": 116,
      "item_2": 143,
      "item_3": 48,
      "item_4": 0,
      "item_5": 0,
      "item_neutral": 381,
      "item_uses": null,
      "kill_streaks": null,
      "killed": null,
      "killed_by": null,
      "kills": 4,
      "kills_log": null,
      "lane_pos": null,
      "last_hits": 85,
      "leaver_status": 0,
      "level": 23,
      "lh_t": null,
      "life_state": null,
      "max_hero_hit": null,
      "multi_kills": null,
      "net_worth": 11830,
      "obs": null,
      "obs_left_log": null,
      "obs_log": null,
      "obs_placed": null,
      "party_id": 7,
      "party_size": 1,
      "performance_others": null,
      "permanent_buffs": [
        {
          "permanent_buff": 6,
          "stack_count": 1,
          "grant_time": 874
        }
      ],
      "pings": null,
      "pred_vict": null,
      "purchase": null,
      "purchase_log": null,
      "randomed": null,
      "repicked": null,
      "roshans_killed": null,
      "rune_pickups": null,
      "runes": null,
      "runes_log": null,
      "sen": null,
      "sen_left_log": null,
      "sen_log": null,
      "sen_placed": null,
      "stuns": null,
      "teamfight_participation": null,
      "times": null,
      "tower_damage": 6765,
      "towers_killed": null,
      "xp_per_min": 752,
      "xp_reasons": null,
      "xp_t": null,
      "personaname": "Lord Lisma",
      "name": null,
      "last_login": null,
      "start_time": 1669911891,
      "duration": 2357,
      "cluster": 346,
      "lobby_type": 7,
      "game_mode": 22,
      "is_contributor": false,
      "patch": 51,
      "region": 38,
      "isRadiant": false,
      "total_gold": 17284,
      "total_xp": 29541,
      "kills_per_min": 0.10182435299109037,
      "kda": 2,
      "abandons": 0,
      "rank_tier": 65,
      "is_subscriber": false,
      "cosmetics": [],
      "benchmarks": {
        "gold_per_min": {
          "raw": 440,
          "pct": 0.4782608695652174
        },
        "xp_per_min": {
          "raw": 752,
          "pct": 0.782608695652174
        },
        "kills_per_min": {
          "raw": 0.10182435299109037,
          "pct": 0.2608695652173913
        },
        "last_hits_per_min": {
          "raw": 2.1637675010606703,
          "pct": 0.30434782608695654
        },
        "hero_damage_per_min": {
          "raw": 363.1820110309716,
          "pct": 0.391304347826087
        },
        "hero_healing_per_min": {
          "raw": 88.30717013152312,
          "pct": 0.8695652173913043
        },
        "tower_damage": {
          "raw": 6765,
          "pct": 0.8695652173913043
        },
        "stuns_per_min": {
          "raw": 0,
          "pct": 0
        },
        "lhten": {}
      }
    },
    {
      "player_slot": 131,
      "ability_targets": null,
      "ability_upgrades_arr": [
        5190,
        5191,
        5190,
        5192,
        5190,
        5193,
        5190,
        5191,
        5191,
        5192,
        5191,
        5193,
        5192,
        5192,
        490,
        559,
        5193,
        1074,
        6847,
        483
      ],
      "ability_uses": null,
      "actions": null,
      "additional_units": null,
      "assists": 12,
      "backpack_0": 34,
      "backpack_1": 0,
      "backpack_2": 0,
      "backpack_3": null,
      "buyback_log": null,
      "camps_stacked": null,
      "connection_log": null,
      "creeps_stacked": null,
      "damage": null,
      "damage_inflictor": null,
      "damage_inflictor_received": null,
      "damage_taken": null,
      "damage_targets": null,
      "deaths": 5,
      "denies": 8,
      "dn_t": null,
      "firstblood_claimed": null,
      "gold": 9770,
      "gold_per_min": 807,
      "gold_reasons": null,
      "gold_spent": 22840,
      "gold_t": null,
      "hero_damage": 41568,
      "hero_healing": 0,
      "hero_hits": null,
      "hero_id": 44,
      "item_0": 168,
      "item_1": 63,
      "item_2": 145,
      "item_3": 116,
      "item_4": 208,
      "item_5": 117,
      "item_neutral": 573,
      "item_uses": null,
      "kill_streaks": null,
      "killed": null,
      "killed_by": null,
      "kills": 18,
      "kills_log": null,
      "lane_pos": null,
      "last_hits": 399,
      "leaver_status": 0,
      "level": 27,
      "lh_t": null,
      "life_state": null,
      "max_hero_hit": null,
      "multi_kills": null,
      "net_worth": 30870,
      "obs": null,
      "obs_left_log": null,
      "obs_log": null,
      "obs_placed": null,
      "party_id": 8,
      "party_size": 1,
      "performance_others": null,
      "permanent_buffs": [
        {
          "permanent_buff": 12,
          "stack_count": 0,
          "grant_time": 2005
        }
      ],
      "pings": null,
      "pred_vict": null,
      "purchase": null,
      "purchase_log": null,
      "randomed": null,
      "repicked": null,
      "roshans_killed": null,
      "rune_pickups": null,
      "runes": null,
      "runes_log": null,
      "sen": null,
      "sen_left_log": null,
      "sen_log": null,
      "sen_placed": null,
      "stuns": null,
      "teamfight_participation": null,
      "times": null,
      "tower_damage": 22544,
      "towers_killed": null,
      "xp_per_min": 1003,
      "xp_reasons": null,
      "xp_t": null,
      "start_time": 1669911891,
      "duration": 2357,
      "cluster": 346,
      "lobby_type": 7,
      "game_mode": 22,
      "is_contributor": false,
      "patch": 51,
      "region": 38,
      "isRadiant": false,
      "total_gold": 31701,
      "total_xp": 39401,
      "kills_per_min": 0.45820958845990667,
      "kda": 5,
      "abandons": 0,
      "rank_tier": null,
      "is_subscriber": false,
      "cosmetics": [],
      "benchmarks": {
        "gold_per_min": {
          "raw": 807,
          "pct": 0.8888888888888888
        },
        "xp_per_min": {
          "raw": 1003,
          "pct": 1
        },
        "kills_per_min": {
          "raw": 0.45820958845990667,
          "pct": 0.8148148148148148
        },
        "last_hits_per_min": {
          "raw": 10.156979210861264,
          "pct": 0.8888888888888888
        },
        "hero_damage_per_min": {
          "raw": 1058.158676283411,
          "pct": 0.8518518518518519
        },
        "hero_healing_per_min": {
          "raw": 0,
          "pct": 0.9629629629629629
        },
        "tower_damage": {
          "raw": 22544,
          "pct": 1
        },
        "stuns_per_min": {
          "raw": 0,
          "pct": 0.4074074074074074
        },
        "lhten": {}
      }
    },
    {
      "player_slot": 132,
      "ability_targets": null,
      "ability_upgrades_arr": [
        5131,
        5132,
        5132,
        5130,
        5131,
        5133,
        5132,
        5132,
        5130,
        5130,
        5130,
        5133,
        5131,
        6144,
        5131,
        6992,
        5133,
        7889
      ],
      "ability_uses": null,
      "actions": null,
      "additional_units": null,
      "assists": 16,
      "backpack_0": 36,
      "backpack_1": 41,
      "backpack_2": 0,
      "backpack_3": null,
      "buyback_log": null,
      "camps_stacked": null,
      "connection_log": null,
      "creeps_stacked": null,
      "damage": null,
      "damage_inflictor": null,
      "damage_inflictor_received": null,
      "damage_taken": null,
      "damage_targets": null,
      "deaths": 7,
      "denies": 8,
      "dn_t": null,
      "firstblood_claimed": null,
      "gold": 839,
      "gold_per_min": 549,
      "gold_reasons": null,
      "gold_spent": 20165,
      "gold_t": null,
      "hero_damage": 25411,
      "hero_healing": 110,
      "hero_hits": null,
      "hero_id": 21,
      "item_0": 108,
      "item_1": 166,
      "item_2": 116,
      "item_3": 1,
      "item_4": 29,
      "item_5": 135,
      "item_neutral": 309,
      "item_uses": null,
      "kill_streaks": null,
      "killed": null,
      "killed_by": null,
      "kills": 11,
      "kills_log": null,
      "lane_pos": null,
      "last_hits": 166,
      "leaver_status": 0,
      "level": 24,
      "lh_t": null,
      "life_state": null,
      "max_hero_hit": null,
      "multi_kills": null,
      "net_worth": 20739,
      "obs": null,
      "obs_left_log": null,
      "obs_log": null,
      "obs_placed": null,
      "party_id": 9,
      "party_size": 1,
      "performance_others": null,
      "permanent_buffs": [
        {
          "permanent_buff": 6,
          "stack_count": 1,
          "grant_time": 2112
        }
      ],
      "pings": null,
      "pred_vict": null,
      "purchase": null,
      "purchase_log": null,
      "randomed": null,
      "repicked": null,
      "roshans_killed": null,
      "rune_pickups": null,
      "runes": null,
      "runes_log": null,
      "sen": null,
      "sen_left_log": null,
      "sen_log": null,
      "sen_placed": null,
      "stuns": null,
      "teamfight_participation": null,
      "times": null,
      "tower_damage": 4455,
      "towers_killed": null,
      "xp_per_min": 857,
      "xp_reasons": null,
      "xp_t": null,
      "start_time": 1669911891,
      "duration": 2357,
      "cluster": 346,
      "lobby_type": 7,
      "game_mode": 22,
      "is_contributor": false,
      "patch": 51,
      "region": 38,
      "isRadiant": false,
      "total_gold": 21566,
      "total_xp": 33665,
      "kills_per_min": 0.2800169707254985,
      "kda": 3,
      "abandons": 0,
      "rank_tier": null,
      "is_subscriber": false,
      "cosmetics": [],
      "benchmarks": {
        "gold_per_min": {
          "raw": 549,
          "pct": 0.725
        },
        "xp_per_min": {
          "raw": 857,
          "pct": 0.925
        },
        "kills_per_min": {
          "raw": 0.2800169707254985,
          "pct": 0.675
        },
        "last_hits_per_min": {
          "raw": 4.22571064913025,
          "pct": 0.425
        },
        "hero_damage_per_min": {
          "raw": 646.8646584641493,
          "pct": 0.475
        },
        "hero_healing_per_min": {
          "raw": 2.800169707254985,
          "pct": 0.925
        },
        "tower_damage": {
          "raw": 4455,
          "pct": 0.725
        },
        "stuns_per_min": {
          "raw": 0,
          "pct": 0
        },
        "lhten": {}
      }
    }
  ],
  "patch": 51,
  "region": 38
}