{
  "chat": null,
  "cluster": 153,
  "cosmetics": null,
  "dire_score": 45,
  "dire_team_id": null,
  "draft_timings": null,
  "duration": 2074,
  "engine": 1,
  "first_blood_time": 100,
  "game_mode": 23,
  "human_players": 10,
  "leagueid": 0,
  "lobby_type": 0,
  "match_seq_num": 5780372435,
  "negative_votes": 0,
  "objectives": null,
  "picks_bans": null,
  "positive_votes": 0,
  "radiant_gold_adv": null,
  "radiant_score": 39,
  "radiant_team_id": null,
  "radiant_xp_adv": null,
  "skill": null,
  "start_time": 1669912835,
  "teamfights": null,
  "version": null,
  "replay_salt": 625445703,
  "series_id": 0,
  "series_type": 0,
  "players": [
    {
      "player_slot": 0,
      "ability_targets": null,
      "ability_upgrades_arr": [
        5075,
        5076,
        5074,
        5075,
        5075,
        5077,
        5075,
        5076,
        5076,
        5076,
        7142,
        5077,
        507,
        5074,
        730,
        5074,
        5077,
        5074,
        332,
        6506,
        5931,
        6565,
        408,
        6023
      ],
      "ability_uses": null,
      "actions": null,
      "additional_units": null,
      "assists": 18,
      "backpack_0": 0,
      "backpack_1": 0,
      "backpack_2": 0,
      "backpack_3": null,
      "buyback_log": null,
      "camps_stacked": null,
      "connection_log": null,
      "creeps_stacked": null,
      "damage": null,
      "damage_inflictor": null,
      "damage_inflictor_received": null,
      "damage_taken": null,
      "damage_targets": null,
      "deaths": 9,
      "denies": 3,
      "dn_t": null,
      "firstblood_claimed": null,
      "gold": 4339,
      "gold_per_min": 943,
      "gold_reasons": null,
      "gold_spent": 29080,
      "gold_t": null,
      "hero_damage": 30895,
      "hero_healing": 0,
      "hero_hits": null,
      "hero_id": 14,
      "item_0": 114,
      "item_1": 90,
      "item_2": 127,
      "item_3": 600,
      "item_4": 235,
      "item_5": 931,
      "item_neutral": 0,
      "item_uses": null,
      "kill_streaks": null,
      "killed": null,
      "killed_by": null,
      "kills": 9,
      "kills_log": null,
      "lane_pos": null,
      "last_hits": 38,
      "leaver_status": 0,
      "level": 30,
      "lh_t": null,
      "life_state": null,
      "max_hero_hit": null,
      "multi_kills": null,
      "net_worth": 32464,
      "obs": null,
      "obs_left_log": null,
      "obs_log": null,
      "obs_placed": null,
      "party_id": 0,
      "party_size": 1,
      "performance_others": null,
      "permanent_buffs": [
        {
          "permanent_buff": 4,
          "stack_count": 16,
          "grant_time": 286
        },
        {
          "permanent_buff": 12,
          "stack_count": 0,
          "grant_time": 2208
        }
      ],
      "pings": null,
      "pred_vict": null,
      "purchase": null,
      "purchase_log": null,
      "randomed": null,
      "repicked": null,
      "roshans_killed": null,
      "rune_pickups": null,
      "runes": null,
      "runes_log": null,
      "sen": null,
      "sen_left_log": null,
      "sen_log": null,
      "sen_placed": null,
      "stuns": null,
      "teamfight_participation": null,
      "times": null,
      "tower_damage": 1338,
      "towers_killed": null,
      "xp_per_min": 1500,
      "xp_reasons": null,
      "xp_t": null,
      "start_time": 1669912835,
      "duration": 2074,
      "cluster": 153,
      "lobby_type": 0,
      "game_mode": 23,
      "is_contributor": false,
      "patch": 51,
      "region": 5,
      "isRadiant": true,
      "total_gold": 32596,
      "total_xp": 51850,
      "kills_per_min": 0.26036644165863065,
      "kda": 2,
      "abandons": 0,
      "rank_tier": null,
      "is_subscriber": false,
      "cosmetics": [],
      "benchmarks": {
        "gold_per_min": {
          "raw": 943,
          "pct": 1
        },
        "xp_per_min": {
          "raw": 1500,
          "pct": 1
        },
        "kills_per_min": {
          "raw": 0.26036644165863065,
          "pct": 0.7678571428571429
        },
        "last_hits_per_min": {
          "raw": 1.0993249758919963,
          "pct": 0.08928571428571429
        },
        "hero_damage_per_min": {
          "raw": 893.7801350048215,
          "pct": 0.875
        },
        "hero_healing_per_min": {
          "raw": 0,
          "pct": 0.6428571428571429
        },
        "tower_damage": {
          "raw": 1338,
          "pct": 0.8392857142857143
        },
        "stuns_per_min": {
          "raw": 0,
          "pct": 0
        },
        "lhten": {}
      }
    },
    {
      "player_slot": 1,
      "ability_targets": null,
      "ability_upgrades_arr": [
        5359,
        5357,
        5359,
        5358,
        5359,
        5360,
        5359,
        5358,
        5358,
        5358,
        6975,
        5360,
        5357,
        5357,
        1062,
        5357,
        5360,
        6973,
        424,
        758,
        6926,
        6132,
        1063
      ],
      "ability_uses": null,
      "actions": null,
      "additional_units": null,
      "assists": 17,
      "backpack_0": 0,
      "backpack_1": 0,
      "backpack_2": 0,
      "backpack_3": null,
      "buyback_log": null,
      "camps_stacked": null,
      "connection_log": null,
      "creeps_stacked": null,
      "damage": null,
      "damage_inflictor": null,
      "damage_inflictor_received": null,
      "damage_taken": null,
      "damage_targets": null,
      "deaths": 13,
      "denies": 5,
      "dn_t": null,
      "firstblood_claimed": null,
      "gold": 3620,
      "gold_per_min": 873,
      "gold_reasons": null,
      "gold_spent": 27930,
      "gold_t": null,
      "hero_damage": 29100,
      "hero_healing": 0,
      "hero_hits": null,
      "hero_id": 70,
      "item_0": 154,
      "item_1": 208,
      "item_2": 116,
      "item_3": 1,
      "item_4": 48,
      "item_5": 160,
      "item_neutral": 381,
      "item_uses": null,
      "kill_streaks": null,
      "killed": null,
      "killed_by": null,
      "kills": 5,
      "kills_log": null,
      "lane_pos": null,
      "last_hits": 81,
      "leaver_status": 0,
      "level": 30,
      "lh_t": null,
      "life_state": null,
      "max_hero_hit": null,
      "multi_kills": null,
      "net_worth": 29470,
      "obs": null,
      "obs_left_log": null,
      "obs_log": null,
      "obs_placed": null,
      "party_id": 1,
      "party_size": 1,
      "performance_others": null,
      "permanent_buffs": [
        {
          "permanent_buff": 12,
          "stack_count": 0,
          "grant_time": 1376
        }
      ],
      "pings": null,
      "pred_vict": null,
      "purchase": null,
      "purchase_log": null,
      "randomed": null,
      "repicked": null,
      "roshans_killed": null,
      "rune_pickups": null,
      "runes": null,
      "runes_log": null,
      "sen": null,
      "sen_left_log": null,
      "sen_log": null,
      "sen_placed": null,
      "stuns": null,
      "teamfight_participation": null,
      "times": null,
      "tower_damage": 1174,
      "towers_killed": null,
      "xp_per_min": 1624,
      "xp_reasons": null,
      "xp_t": null,
      "personaname": "vago mundo",
      "name": null,
      "last_login": "2016-11-08T10:24:29.270Z",
      "start_time": 1669912835,
      "duration": 2074,
      "cluster": 153,
      "lobby_type": 0,
      "game_mode": 23,
      "is_contributor": false,
      "patch": 51,
      "region": 5,
      "isRadiant": true,
      "total_gold": 30176,
      "total_xp": 56136,
      "kills_per_min": 0.1446480231436837,
      "kda": 1,
      "abandons": 0,
      "rank_tier": 22,
      "is_subscriber": false,
      "cosmetics": [],
      "benchmarks": {
        "gold_per_min": {
          "raw": 873,
          "pct": 0.975609756097561
        },
        "xp_per_min": {
          "raw": 1624,
          "pct": 1
        },
        "kills_per_min": {
          "raw": 0.1446480231436837,
          "pct": 0.1951219512195122
        },
        "last_hits_per_min": {
          "raw": 2.343297974927676,
          "pct": 0
        },
        "hero_damage_per_min": {
          "raw": 841.8514946962391,
          "pct": 0.7317073170731707
        },
        "hero_healing_per_min": {
          "raw": 0,
          "pct": 1
        },
        "tower_damage": {
          "raw": 1174,
          "pct": 0.43902439024390244
        },
        "stuns_per_min": {
          "raw": 0,
          "pct": 0.34146341463414637
        },
        "lhten": {}
      }
    },
    {
      "player_slot": 2,
      "ability_targets": null,
      "ability_upgrades_arr": [
        5009,
        5008,
        5009,
        5007,
        5009,
        5010,
        5009,
        5007,
        5008,
        9401,
        5007,
        5010,
        5007,
        5008,
        6991,
        5008,
        5010,
        562,
        6608,
        974,
        670,
        6815,
        6102
      ],
      "ability_uses": null,
      "actions": null,
      "additional_units": null,
      "assists": 13,
      "backpack_0": 0,
      "backpack_1": 48,
      "backpack_2": 0,
      "backpack_3": null,
      "buyback_log": null,
      "camps_stacked": null,
      "connection_log": null,
      "creeps_stacked": null,
      "damage": null,
      "damage_inflictor": null,
      "damage_inflictor_received": null,
      "damage_taken": null,
      "damage_targets": null,
      "deaths": 5,
      "denies": 10,
      "dn_t": null,
      "firstblood_claimed": null,
      "gold": 19972,
      "gold_per_min": 1254,
      "gold_reasons": null,
      "gold_spent": 26370,
      "gold_t": null,
      "hero_damage": 32295,
      "hero_healing": 0,
      "hero_hits": null,
      "hero_id": 2,
      "item_0": 127,
      "item_1": 116,
      "item_2": 117,
      "item_3": 114,
      "item_4": 273,
      "item_5": 1,
      "item_neutral": 364,
      "item_uses": null,
      "kill_streaks": null,
      "killed": null,
      "killed_by": null,
      "kills": 10,
      "kills_log": null,
      "lane_pos": null,
      "last_hits": 161,
      "leaver_status": 0,
      "level": 30,
      "lh_t": null,
      "life_state": null,
      "max_hero_hit": null,
      "multi_kills": null,
      "net_worth": 41372,
      "obs": null,
      "obs_left_log": null,
      "obs_log": null,
      "obs_placed": null,
      "party_id": 2,
      "party_size": 1,
      "performance_others": null,
      "permanent_buffs": [
        {
          "permanent_buff": 6,
          "stack_count": 2,
          "grant_time": 842
        },
        {
          "permanent_buff": 12,
          "stack_count": 0,
          "grant_time": 1077
        },
        {
          "permanent_buff": 13,
          "stack_count": 4,
          "grant_time": 1292
        }
      ],
      "pings": null,
      "pred_vict": null,
      "purchase": null,
      "purchase_log": null,
      "randomed": null,
      "repicked": null,
      "roshans_killed": null,
      "rune_pickups": null,
      "runes": null,
      "runes_log": null,
      "sen": null,
      "sen_left_log": null,
      "sen_log": null,
      "sen_placed": null,
      "stuns": null,
      "teamfight_participation": null,
      "times": null,
      "tower_damage": 3883,
      "towers_killed": null,
      "xp_per_min": 1645,
      "xp_reasons": null,
      "xp_t": null,
      "start_time": 1669912835,
      "duration": 2074,
      "cluster": 153,
      "lobby_type": 0,
      "game_mode": 23,
      "is_contributor": false,
      "patch": 51,
      "region": 5,
      "isRadiant": true,
      "total_gold": 43346,
      "total_xp": 56862,
      "kills_per_min": 0.2892960462873674,
      "kda": 3,
      "abandons": 0,
      "rank_tier": null,
      "is_subscriber": false,
      "cosmetics": [],
      "benchmarks": {
        "gold_per_min": {
          "raw": 1254,
          "pct": 1
        },
        "xp_per_min": {
          "raw": 1645,
          "pct": 1
        },
        "kills_per_min": {
          "raw": 0.2892960462873674,
          "pct": 0.6521739130434783
        },
        "last_hits_per_min": {
          "raw": 4.657666345226615,
          "pct": 0.391304347826087
        },
        "hero_damage_per_min": {
          "raw": 934.281581485053,
          "pct": 0.9130434782608695
        },
        "hero_healing_per_min": {
          "raw": 0,
          "pct": 0.9130434782608695
        },
        "tower_damage": {
          "raw": 3883,
          "pct": 0.9130434782608695
        },
        "stuns_per_min": {
          "raw": 0,
          "pct": 0
        },
        "lhten": {}
      }
    },
    {
      "player_slot": 3,
      "ability_targets": null,
      "ability_upgrades_arr": [
        5179,
        5178,
        5179,
        5180,
        5179,
        5181,
        5179,
        5180,
        5180,
        5180,
        5181,
        5178,
        6979,
        5178,
        5178,
        6532,
        5181,
        6980,
        6058,
        859,
        811,
        1083,
        6981
      ],
      "ability_uses": null,
      "actions": null,
      "additional_units": null,
      "assists": 17,
      "backpack_0": 41,
      "backpack_1": 42,
      "backpack_2": 0,
      "backpack_3": null,
      "buyback_log": null,
      "camps_stacked": null,
      "connection_log": null,
      "creeps_stacked": null,
      "damage": null,
      "damage_inflictor": null,
      "damage_inflictor_received": null,
      "damage_taken": null,
      "damage_targets": null,
      "deaths": 11,
      "denies": 6,
      "dn_t": null,
      "firstblood_claimed": null,
      "gold": 9776,
      "gold_per_min": 1210,
      "gold_reasons": null,
      "gold_spent": 33020,
      "gold_t": null,
      "hero_damage": 48391,
      "hero_healing": 0,
      "hero_hits": null,
      "hero_id": 40,
      "item_0": 600,
      "item_1": 116,
      "item_2": 1466,
      "item_3": 256,
      "item_4": 119,
      "item_5": 29,
      "item_neutral": 309,
      "item_uses": null,
      "kill_streaks": null,
      "killed": null,
      "killed_by": null,
      "kills": 9,
      "kills_log": null,
      "lane_pos": null,
      "last_hits": 130,
      "leaver_status": 0,
      "level": 30,
      "lh_t": null,
      "life_state": null,
      "max_hero_hit": null,
      "multi_kills": null,
      "net_worth": 41601,
      "obs": null,
      "obs_left_log": null,
      "obs_log": null,
      "obs_placed": null,
      "party_id": 3,
      "party_size": 1,
      "performance_others": null,
      "permanent_buffs": [
        {
          "permanent_buff": 2,
          "stack_count": 0,
          "grant_time": 1836
        }
      ],
      "pings": null,
      "pred_vict": null,
      "purchase": null,
      "purchase_log": null,
      "randomed": null,
      "repicked": null,
      "roshans_killed": null,
      "rune_pickups": null,
      "runes": null,
      "runes_log": null,
      "sen": null,
      "sen_left_log": null,
      "sen_log": null,
      "sen_placed": null,
      "stuns": null,
      "teamfight_participation": null,
      "times": null,
      "tower_damage": 5579,
      "towers_killed": null,
      "xp_per_min": 1475,
      "xp_reasons": null,
      "xp_t": null,
      "start_time": 1669912835,
      "duration": 2074,
      "cluster": 153,
      "lobby_type": 0,
      "game_mode": 23,
      "is_contributor": false,
      "patch": 51,
      "region": 5,
      "isRadiant": true,
      "total_gold": 41825,
      "total_xp": 50985,
      "kills_per_min": 0.26036644165863065,
      "kda": 2,
      "abandons": 0,
      "rank_tier": null,
      "is_subscriber": false,
      "cosmetics": [],
      "benchmarks": {
        "gold_per_min": {
          "raw": 1210,
          "pct": 1
        },
        "xp_per_min": {
          "raw": 1475,
          "pct": 1
        },
        "kills_per_min": {
          "raw": 0.26036644165863065,
          "pct": 1
        },
        "last_hits_per_min": {
          "raw": 3.760848601735776,
          "pct": 0.75
        },
        "hero_damage_per_min": {
          "raw": 1399.9324975891996,
          "pct": 1
        },
        "hero_healing_per_min": {
          "raw": 0,
          "pct": 0.375
        },
        "tower_damage": {
          "raw": 5579,
          "pct": 1
        },
        "stuns_per_min": {
          "raw": 0,
          "pct": 0.625
        },
        "lhten": {}
      }
    },
    {
      "player_slot": 4,
      "ability_targets": null,
      "ability_upgrades_arr": [
        5048,
        5051,
        5051,
        5050,
        5051,
        5049,
        5051,
        5048,
        5048,
        6397,
        5050,
        5050,
        5050,
        5048,
        6013,
        5049,
        5049,
        6164,
        6242,
        817,
        702,
        6692
      ],
      "ability_uses": null,
      "actions": null,
      "additional_units": null,
      "assists": 14,
      "backpack_0": 42,
      "backpack_1": 0,
      "backpack_2": 0,
      "backpack_3": null,
      "buyback_log": null,
      "camps_stacked": null,
      "connection_log": null,
      "creeps_stacked": null,
      "damage": null,
      "damage_inflictor": null,
      "damage_inflictor_received": null,
      "damage_taken": null,
      "damage_targets": null,
      "deaths": 8,
      "denies": 1,
      "dn_t": null,
      "firstblood_claimed": null,
      "gold": 5318,
      "gold_per_min": 895,
      "gold_reasons": null,
      "gold_spent": 26965,
      "gold_t": null,
      "hero_damage": 24700,
      "hero_healing": 0,
      "hero_hits": null,
      "hero_id": 9,
      "item_0": 174,
      "item_1": 147,
      "item_2": 116,
      "item_3": 139,
      "item_4": 158,
      "item_5": 50,
      "item_neutral": 362,
      "item_uses": null,
      "kill_streaks": null,
      "killed": null,
      "killed_by": null,
      "kills": 6,
      "kills_log": null,
      "lane_pos": null,
      "last_hits": 82,
      "leaver_status": 0,
      "level": 29,
      "lh_t": null,
      "life_state": null,
      "max_hero_hit": null,
      "multi_kills": null,
      "net_worth": 28743,
      "obs": null,
      "obs_left_log": null,
      "obs_log": null,
      "obs_placed": null,
      "party_id": 4,
      "party_size": 1,
      "performance_others": null,
      "permanent_buffs": [],
      "pings": null,
      "pred_vict": null,
      "purchase": null,
      "purchase_log": null,
      "randomed": null,
      "repicked": null,
      "roshans_killed": null,
      "rune_pickups": null,
      "runes": null,
      "runes_log": null,
      "sen": null,
      "sen_left_log": null,
      "sen_log": null,
      "sen_placed": null,
      "stuns": null,
      "teamfight_participation": null,
      "times": null,
      "tower_damage": 4942,
      "towers_killed": null,
      "xp_per_min": 1624,
      "xp_reasons": null,
      "xp_t": null,
      "start_time": 1669912835,
      "duration": 2074,
      "cluster": 153,
      "lobby_type": 0,
      "game_mode": 23,
      "is_contributor": false,
      "patch": 51,
      "region": 5,
      "isRadiant": true,
      "total_gold": 30937,
      "total_xp": 56136,
      "kills_per_min": 0.17357762777242042,
      "kda": 2,
      "abandons": 0,
      "rank_tier": null,
      "is_subscriber": false,
      "cosmetics": [],
      "benchmarks": {
        "gold_per_min": {
          "raw": 895,
          "pct": 1
        },
        "xp_per_min": {
          "raw": 1624,
          "pct": 1
        },
        "kills_per_min": {
          "raw": 0.17357762777242045,
          "pct": 0.7272727272727273
        },
        "last_hits_per_min": {
          "raw": 2.3722275795564127,
          "pct": 0.7272727272727273
        },
        "hero_damage_per_min": {
          "raw": 714.5612343297975,
          "pct": 0.9272727272727272
        },
        "hero_healing_per_min": {
          "raw": 0,
          "pct": 0.4909090909090909
        },
        "tower_damage": {
          "raw": 4942,
          "pct": 0.9818181818181818
        },
        "stuns_per_min": {
          "raw": 0,
          "pct": 0
        },
        "lhten": {}
      }
    },
    {
      "player_slot": 128,
      "ability_targets": null,
      "ability_upgrades_arr": [
        7701,
        6470,
        7710,
        7710,
        7701,
        7705,
        7710,
        6470,
        7701,
        7710,
        7705,
        7707,
        7701,
        6470,
        6470,
        1070,
        7705,
        7706,
        7714,
        6926,
        7713,
        7709,
        7708
      ],
      "ability_uses": null,
      "actions": null,
      "additional_units": null,
      "assists": 25,
      "backpack_0": 0,
      "backpack_1": 0,
      "backpack_2": 0,
      "backpack_3": null,
      "buyback_log": null,
      "camps_stacked": null,
      "connection_log": null,
      "creeps_stacked": null,
      "damage": null,
      "damage_inflictor": null,
      "damage_inflictor_received": null,
      "damage_taken": null,
      "damage_targets": null,
      "deaths": 7,
      "denies": 2,
      "dn_t": null,
      "firstblood_claimed": null,
      "gold": 3163,
      "gold_per_min": 923,
      "gold_reasons": null,
      "gold_spent": 23530,
      "gold_t": null,
      "hero_damage": 26748,
      "hero_healing": 0,
      "hero_hits": null,
      "hero_id": 126,
      "item_0": 116,
      "item_1": 48,
      "item_2": 41,
      "item_3": 108,
      "item_4": 100,
      "item_5": 235,
      "item_neutral": 374,
      "item_uses": null,
      "kill_streaks": null,
      "killed": null,
      "killed_by": null,
      "kills": 5,
      "kills_log": null,
      "lane_pos": null,
      "last_hits": 34,
      "leaver_status": 0,
      "level": 30,
      "lh_t": null,
      "life_state": null,
      "max_hero_hit": null,
      "multi_kills": null,
      "net_worth": 24088,
      "obs": null,
      "obs_left_log": null,
      "obs_log": null,
      "obs_placed": null,
      "party_id": 5,
      "party_size": 1,
      "performance_others": null,
      "permanent_buffs": [
        {
          "permanent_buff": 6,
          "stack_count": 2,
          "grant_time": 922
        },
        {
          "permanent_buff": 12,
          "stack_count": 0,
          "grant_time": 900
        }
      ],
      "pings": null,
      "pred_vict": null,
      "purchase": null,
      "purchase_log": null,
      "randomed": null,
      "repicked": null,
      "roshans_killed": null,
      "rune_pickups": null,
      "runes": null,
      "runes_log": null,
      "sen": null,
      "sen_left_log": null,
      "sen_log": null,
      "sen_placed": null,
      "stuns": null,
      "teamfight_participation": null,
      "times": null,
      "tower_damage": 33,
      "towers_killed": null,
      "xp_per_min": 1499,
      "xp_reasons": null,
      "xp_t": null,
      "start_time": 1669912835,
      "duration": 2074,
      "cluster": 153,
      "lobby_type": 0,
      "game_mode": 23,
      "is_contributor": false,
      "patch": 51,
      "region": 5,
      "isRadiant": false,
      "total_gold": 31905,
      "total_xp": 51815,
      "kills_per_min": 0.1446480231436837,
      "kda": 3,
      "abandons": 0,
      "rank_tier": null,
      "is_subscriber": false,
      "cosmetics": [],
      "benchmarks": {
        "gold_per_min": {
          "raw": 923,
          "pct": 1
        },
        "xp_per_min": {
          "raw": 1499,
          "pct": 1
        },
        "kills_per_min": {
          "raw": 0.1446480231436837,
          "pct": 0.07142857142857142
        },
        "last_hits_per_min": {
          "raw": 0.9836065573770493,
          "pct": 0
        },
        "hero_damage_per_min": {
          "raw": 773.8090646094504,
          "pct": 0.42857142857142855
        },
        "hero_healing_per_min": {
          "raw": 0,
          "pct": 0.6428571428571429
        },
        "tower_damage": {
          "raw": 33,
          "pct": 0.07142857142857142
        },
        "stuns_per_min": {
          "raw": 0,
          "pct": 0.6428571428571429
        },
        "lhten": {}
      }
    },
    {
      "player_slot": 129,
      "ability_targets": null,
      "ability_upgrades_arr": [
        5127,
        5126,
        5128,
        5126,
        5126,
        5129,
        5126,
        5127,
        5127,
        5903,
        5127,
        5128,
        5128,
        5128,
        5129,
        5129,
        956,
        6520,
        6072,
        772,
        7654,
        6622,
        6234
      ],
      "ability_uses": null,
      "actions": null,
      "additional_units": null,
      "assists": 15,
      "backpack_0": 0,
      "backpack_1": 0,
      "backpack_2": 0,
      "backpack_3": null,
      "buyback_log": null,
      "camps_stacked": null,
      "connection_log": null,
      "creeps_stacked": null,
      "damage": null,
      "damage_inflictor": null,
      "damage_inflictor_received": null,
      "damage_taken": null,
      "damage_targets": null,
      "deaths": 8,
      "denies": 0,
      "dn_t": null,
      "firstblood_claimed": null,
      "gold": 3393,
      "gold_per_min": 780,
      "gold_reasons": null,
      "gold_spent": 26905,
      "gold_t": null,
      "hero_damage": 28862,
      "hero_healing": 0,
      "hero_hits": null,
      "hero_id": 5,
      "item_0": 176,
      "item_1": 692,
      "item_2": 116,
      "item_3": 108,
      "item_4": 256,
      "item_5": 214,
      "item_neutral": 300,
      "item_uses": null,
      "kill_streaks": null,
      "killed": null,
      "killed_by": null,
      "kills": 4,
      "kills_log": null,
      "lane_pos": null,
      "last_hits": 51,
      "leaver_status": 0,
      "level": 30,
      "lh_t": null,
      "life_state": null,
      "max_hero_hit": null,
      "multi_kills": null,
      "net_worth": 24918,
      "obs": null,
      "obs_left_log": null,
      "obs_log": null,
      "obs_placed": null,
      "party_id": 6,
      "party_size": 1,
      "performance_others": null,
      "permanent_buffs": [
        {
          "permanent_buff": 12,
          "stack_count": 0,
          "grant_time": 1120
        }
      ],
      "pings": null,
      "pred_vict": null,
      "purchase": null,
      "purchase_log": null,
      "randomed": null,
      "repicked": null,
      "roshans_killed": null,
      "rune_pickups": null,
      "runes": null,
      "runes_log": null,
      "sen": null,
      "sen_left_log": null,
      "sen_log": null,
      "sen_placed": null,
      "stuns": null,
      "teamfight_participation": null,
      "times": null,
      "tower_damage": 318,
      "towers_killed": null,
      "xp_per_min": 1521,
      "xp_reasons": null,
      "xp_t": null,
      "start_time": 1669912835,
      "duration": 2074,
      "cluster": 153,
      "lobby_type": 0,
      "game_mode": 23,
      "is_contributor": false,
      "patch": 51,
      "region": 5,
      "isRadiant": false,
      "total_gold": 26962,
      "total_xp": 52575,
      "kills_per_min": 0.11571841851494695,
      "kda": 2,
      "abandons": 0,
      "rank_tier": null,
      "is_subscriber": false,
      "cosmetics": [],
      "benchmarks": {
        "gold_per_min": {
          "raw": 780,
          "pct": 1
        },
        "xp_per_min": {
          "raw": 1521,
          "pct": 1
        },
        "kills_per_min": {
          "raw": 0.11571841851494696,
          "pct": 0.55
        },
        "last_hits_per_min": {
          "raw": 1.4754098360655736,
          "pct": 0.675
        },
        "hero_damage_per_min": {
          "raw": 834.9662487945998,
          "pct": 1
        },
        "hero_healing_per_min": {
          "raw": 0,
          "pct": 0.875
        },
        "tower_damage": {
          "raw": 318,
          "pct": 0.75
        },
        "stuns_per_min": {
          "raw": 0,
          "pct": 0.025
        },
        "lhten": {}
      }
    },
    {
      "player_slot": 130,
      "ability_targets": null,
      "ability_upgrades_arr": [
        5023,
        5025,
        5024,
        5024,
        5024,
        5026,
        5024,
        5025,
        5025,
        5025,
        5023,
        5026,
        5023,
        5023,
        706,
        918,
        5026,
        6425,
        6035,
        744,
        858,
        6511,
        8041
      ],
      "ability_uses": null,
      "actions": null,
      "additional_units": null,
      "assists": 8,
      "backpack_0": 0,
      "backpack_1": 0,
      "backpack_2": 0,
      "backpack_3": null,
      "buyback_log": null,
      "camps_stacked": null,
      "connection_log": null,
      "creeps_stacked": null,
      "damage": null,
      "damage_inflictor": null,
      "damage_inflictor_received": null,
      "damage_taken": null,
      "damage_targets": null,
      "deaths": 6,
      "denies": 2,
      "dn_t": null,
      "firstblood_claimed": null,
      "gold": 8340,
      "gold_per_min": 1166,
      "gold_reasons": null,
      "gold_spent": 33350,
      "gold_t": null,
      "hero_damage": 39417,
      "hero_healing": 0,
      "hero_hits": null,
      "hero_id": 7,
      "item_0": 42,
      "item_1": 141,
      "item_2": 141,
      "item_3": 249,
      "item_4": 48,
      "item_5": 141,
      "item_neutral": 638,
      "item_uses": null,
      "kill_streaks": null,
      "killed": null,
      "killed_by": null,
      "kills": 12,
      "kills_log": null,
      "lane_pos": null,
      "last_hits": 119,
      "leaver_status": 0,
      "level": 30,
      "lh_t": null,
      "life_state": null,
      "max_hero_hit": null,
      "multi_kills": null,
      "net_worth": 38940,
      "obs": null,
      "obs_left_log": null,
      "obs_log": null,
      "obs_placed": null,
      "party_id": 7,
      "party_size": 1,
      "performance_others": null,
      "permanent_buffs": [
        {
          "permanent_buff": 2,
          "stack_count": 0,
          "grant_time": 1478
        },
        {
          "permanent_buff": 12,
          "stack_count": 0,
          "grant_time": 1476
        }
      ],
      "pings": null,
      "pred_vict": null,
      "purchase": null,
      "purchase_log": null,
      "randomed": null,
      "repicked": null,
      "roshans_killed": null,
      "rune_pickups": null,
      "runes": null,
      "runes_log": null,
      "sen": null,
      "sen_left_log": null,
      "sen_log": null,
      "sen_placed": null,
      "stuns": null,
      "teamfight_participation": null,
      "times": null,
      "tower_damage": 1138,
      "towers_killed": null,
      "xp_per_min": 1747,
      "xp_reasons": null,
      "xp_t": null,
      "start_time": 1669912835,
      "duration": 2074,
      "cluster": 153,
      "lobby_type": 0,
      "game_mode": 23,
      "is_contributor": false,
      "patch": 51,
      "region": 5,
      "isRadiant": false,
      "total_gold": 40304,
      "total_xp": 60387,
      "kills_per_min": 0.34715525554484084,
      "kda": 2,
      "abandons": 0,
      "rank_tier": null,
      "is_subscriber": false,
      "cosmetics": [],
      "benchmarks": {
        "gold_per_min": {
          "raw": 1166,
          "pct": 1
        },
        "xp_per_min": {
          "raw": 1747,
          "pct": 1
        },
        "kills_per_min": {
          "raw": 0.3471552555448409,
          "pct": 0.9
        },
        "last_hits_per_min": {
          "raw": 3.4426229508196724,
          "pct": 0.6666666666666666
        },
        "hero_damage_per_min": {
          "raw": 1140.318225650916,
          "pct": 1
        },
        "hero_healing_per_min": {
          "raw": 0,
          "pct": 0.8666666666666667
        },
        "tower_damage": {
          "raw": 1138,
          "pct": 0.6333333333333333
        },
        "stuns_per_min": {
          "raw": 0,
          "pct": 0
        },
        "lhten": {}
      }
    },
    {
      "player_slot": 131,
      "ability_targets": null,
      "ability_upgrades_arr": [
        5223,
        5224,
        5222,
        5222,
        5224,
        5225,
        5222,
        5222,
        5223,
        847,
        5223,
        5225,
        5223,
        5224,
        6127,
        5224,
        5225,
        848,
        6682,
        7047,
        770,
        6180,
        7055
      ],
      "ability_uses": null,
      "actions": null,
      "additional_units": null,
      "assists": 12,
      "backpack_0": 0,
      "backpack_1": 0,
      "backpack_2": 0,
      "backpack_3": null,
      "buyback_log": null,
      "camps_stacked": null,
      "connection_log": null,
      "creeps_stacked": null,
      "damage": null,
      "damage_inflictor": null,
      "damage_inflictor_received": null,
      "damage_taken": null,
      "damage_targets": null,
      "deaths": 8,
      "denies": 1,
      "dn_t": null,
      "firstblood_claimed": null,
      "gold": 5743,
      "gold_per_min": 1319,
      "gold_reasons": null,
      "gold_spent": 34400,
      "gold_t": null,
      "hero_damage": 35984,
      "hero_healing": 0,
      "hero_hits": null,
      "hero_id": 48,
      "item_0": 263,
      "item_1": 156,
      "item_2": 147,
      "item_3": 116,
      "item_4": 139,
      "item_5": 160,
      "item_neutral": 372,
      "item_uses": null,
      "kill_streaks": null,
      "killed": null,
      "killed_by": null,
      "kills": 9,
      "kills_log": null,
      "lane_pos": null,
      "last_hits": 221,
      "leaver_status": 0,
      "level": 30,
      "lh_t": null,
      "life_state": null,
      "max_hero_hit": null,
      "multi_kills": null,
      "net_worth": 39568,
      "obs": null,
      "obs_left_log": null,
      "obs_log": null,
      "obs_placed": null,
      "party_id": 8,
      "party_size": 1,
      "performance_others": null,
      "permanent_buffs": [
        {
          "permanent_buff": 1,
          "stack_count": 0,
          "grant_time": 2043
        },
        {
          "permanent_buff": 12,
          "stack_count": 0,
          "grant_time": 2111
        }
      ],
      "pings": null,
      "pred_vict": null,
      "purchase": null,
      "purchase_log": null,
      "randomed": null,
      "repicked": null,
      "roshans_killed": null,
      "rune_pickups": null,
      "runes": null,
      "runes_log": null,
      "sen": null,
      "sen_left_log": null,
      "sen_log": null,
      "sen_placed": null,
      "stuns": null,
      "teamfight_participation": null,
      "times": null,
      "tower_damage": 959,
      "towers_killed": null,
      "xp_per_min": 1563,
      "xp_reasons": null,
      "xp_t": null,
      "start_time": 1669912835,
      "duration": 2074,
      "cluster": 153,
      "lobby_type": 0,
      "game_mode": 23,
      "is_contributor": false,
      "patch": 51,
      "region": 5,
      "isRadiant": false,
      "total_gold": 45593,
      "total_xp": 54027,
      "kills_per_min": 0.26036644165863065,
      "kda": 2,
      "abandons": 0,
      "rank_tier": null,
      "is_subscriber": false,
      "cosmetics": [],
      "benchmarks": {
        "gold_per_min": {
          "raw": 1319,
          "pct": 1
        },
        "xp_per_min": {
          "raw": 1563,
          "pct": 1
        },
        "kills_per_min": {
          "raw": 0.26036644165863065,
          "pct": 0.7058823529411765
        },
        "last_hits_per_min": {
          "raw": 6.393442622950819,
          "pct": 0.17647058823529413
        },
        "hero_damage_per_min": {
          "raw": 1041.0028929604628,
          "pct": 0.8235294117647058
        },
        "hero_healing_per_min": {
          "raw": 0,
          "pct": 1
        },
        "tower_damage": {
          "raw": 959,
          "pct": 0.29411764705882354
        },
        "stuns_per_min": {
          "raw": 0,
          "pct": 0
        },
        "lhten": {}
      }
    },
    {
      "player_slot": 132,
      "ability_targets": null,
      "ability_upgrades_arr": [
        5143,
        5145,
        5145,
        5143,
        5142,
        5144,
        5143,
        5145,
        5143,
        6193,
        5145,
        5144,
        5142,
        5142,
        6865,
        5142,
        5144,
        795,
        347,
        474,
        782,
        6330,
        6867
      ],
      "ability_uses": null,
      "actions": null,
      "additional_units": null,
      "assists": 18,
      "backpack_0": 0,
      "backpack_1": 0,
      "backpack_2": 0,
      "backpack_3": null,
      "buyback_log": null,
      "camps_stacked": null,
      "connection_log": null,
      "creeps_stacked": null,
      "damage": null,
      "damage_inflictor": null,
      "damage_inflictor_received": null,
      "damage_taken": null,
      "damage_targets": null,
      "deaths": 10,
      "denies": 5,
      "dn_t": null,
      "firstblood_claimed": null,
      "gold": 2104,
      "gold_per_min": 881,
      "gold_reasons": null,
      "gold_spent": 30305,
      "gold_t": null,
      "hero_damage": 41742,
      "hero_healing": 0,
      "hero_hits": null,
      "hero_id": 32,
      "item_0": 168,
      "item_1": 208,
      "item_2": 141,
      "item_3": 174,
      "item_4": 220,
      "item_5": 154,
      "item_neutral": 362,
      "item_uses": null,
      "kill_streaks": null,
      "killed": null,
      "killed_by": null,
      "kills": 12,
      "kills_log": null,
      "lane_pos": null,
      "last_hits": 51,
      "leaver_status": 0,
      "level": 30,
      "lh_t": null,
      "life_state": null,
      "max_hero_hit": null,
      "multi_kills": null,
      "net_worth": 29504,
      "obs": null,
      "obs_left_log": null,
      "obs_log": null,
      "obs_placed": null,
      "party_id": 9,
      "party_size": 1,
      "performance_others": null,
      "permanent_buffs": [
        {
          "permanent_buff": 12,
          "stack_count": 0,
          "grant_time": 1078
        }
      ],
      "pings": null,
      "pred_vict": null,
      "purchase": null,
      "purchase_log": null,
      "randomed": null,
      "repicked": null,
      "roshans_killed": null,
      "rune_pickups": null,
      "runes": null,
      "runes_log": null,
      "sen": null,
      "sen_left_log": null,
      "sen_log": null,
      "sen_placed": null,
      "stuns": null,
      "teamfight_participation": null,
      "times": null,
      "tower_damage": 518,
      "towers_killed": null,
      "xp_per_min": 1664,
      "xp_reasons": null,
      "xp_t": null,
      "start_time": 1669912835,
      "duration": 2074,
      "cluster": 153,
      "lobby_type": 0,
      "game_mode": 23,
      "is_contributor": false,
      "patch": 51,
      "region": 5,
      "isRadiant": false,
      "total_gold": 30453,
      "total_xp": 57518,
      "kills_per_min": 0.34715525554484084,
      "kda": 2,
      "abandons": 0,
      "rank_tier": null,
      "is_subscriber": false,
      "cosmetics": [],
      "benchmarks": {
        "gold_per_min": {
          "raw": 881,
          "pct": 1
        },
        "xp_per_min": {
          "raw": 1664,
          "pct": 1
        },
        "kills_per_min": {
          "raw": 0.3471552555448409,
          "pct": 0.6875
        },
        "last_hits_per_min": {
          "raw": 1.4754098360655736,
          "pct": 0.625
        },
        "hero_damage_per_min": {
          "raw": 1207.579556412729,
          "pct": 0.9375
        },
        "hero_healing_per_min": {
          "raw": 0,
          "pct": 0.6875
        },
        "tower_damage": {
          "raw": 518,
          "pct": 0.5
        },
        "stuns_per_min": {
          "raw": 0,
          "pct": 0.125
        },
        "lhten": {}
      }
    }
  ],
  "patch": 51,
  "region": 5
}