{
  "chat": null,
  "cluster": 152,
  "cosmetics": null,
  "dire_score": 42,
  "dire_team_id": null,
  "draft_timings": null,
  "duration": 2508,
  "engine": 1,
  "first_blood_time": 370,
  "game_mode": 22,
  "human_players": 10,
  "leagueid": 0,
  "lobby_type": 0,
  "match_seq_num": 5780346296,
  "negative_votes": 0,
  "objectives": null,
  "picks_bans": [
    {
      "is_pick": true,
      "hero_id": 47,
      "team": 0,
      "order": 0
    },
    {
      "is_pick": true,
      "hero_id": 102,
      "team": 0,
      "order": 1
    },
    {
      "is_pick": true,
      "hero_id": 11,
      "team": 1,
      "order": 2
    },
    {
      "is_pick": true,
      "hero_id": 76,
      "team": 1,
      "order": 3
    },
    {
      "is_pick": true,
      "hero_id": 101,
      "team": 1,
      "order": 4
    },
    {
      "is_pick": true,
      "hero_id": 37,
      "team": 1,
      "order": 5
    },
    {
      "is_pick": true,
      "hero_id": 60,
      "team": 0,
      "order": 6
    },
    {
      "is_pick": true,
      "hero_id": 1,
      "team": 0,
      "order": 7
    },
    {
      "is_pick": true,
      "hero_id": 15,
      "team": 1,
      "order": 8
    },
    {
      "is_pick": true,
      "hero_id": 4,
      "team": 0,
      "order": 9
    },
    {
      "is_pick": false,
      "hero_id": 35,
      "team": 0,
      "order": 10
    },
    {
      "is_pick": false,
      "hero_id": 44,
      "team": 0,
      "order": 11
    },
    {
      "is_pick": false,
      "hero_id": 6,
      "team": 0,
      "order": 12
    },
    {
      "is_pick": false,
      "hero_id": 75,
      "team": 0,
      "order": 13
    }
  ],
  "positive_votes": 0,
  "radiant_gold_adv": null,
  "radiant_score": 17,
  "radiant_team_id": null,
  "radiant_xp_adv": null,
  "skill": null,
  "start_time": 1669911300,
  "teamfights": null,
  "version": null,
  "replay_salt": 1778970341,
  "series_id": 0,
  "series_type": 0,
  "players": [
    {
      "player_slot": 0,
      "ability_targets": null,
      "ability_upgrades_arr": [
        5275,
        5277,
        5275,
        5276,
        5277,
        5278,
        5275,
        5275,
        5277,
        5277,
        505,
        5278,
        5276,
        5276,
        480,
        5276,
        5278,
        6080
      ],
      "ability_uses": null,
      "actions": null,
      "additional_units": null,
      "assists": 5,
      "backpack_0": 36,
      "backpack_1": 178,
      "backpack_2": 73,
      "backpack_3": null,
      "buyback_log": null,
      "camps_stacked": null,
      "connection_log": null,
      "creeps_stacked": null,
      "damage": null,
      "damage_inflictor": null,
      "damage_inflictor_received": null,
      "damage_taken": null,
      "damage_targets": null,
      "deaths": 3,
      "denies": 18,
      "dn_t": null,
      "firstblood_claimed": null,
      "gold": 513,
      "gold_per_min": 410,
      "gold_reasons": null,
      "gold_spent": 17440,
      "gold_t": null,
      "hero_damage": 12696,
      "hero_healing": 0,
      "hero_hits": null,
      "hero_id": 60,
      "item_0": 50,
      "item_1": 1,
      "item_2": 116,
      "item_3": 143,
      "item_4": 252,
      "item_5": 26,
      "item_neutral": 834,
      "item_uses": null,
      "kill_streaks": null,
      "killed": null,
      "killed_by": null,
      "kills": 5,
      "kills_log": null,
      "lane_pos": null,
      "last_hits": 179,
      "leaver_status": 0,
      "level": 22,
      "lh_t": null,
      "life_state": null,
      "max_hero_hit": null,
      "multi_kills": null,
      "net_worth": 16398,
      "obs": null,
      "obs_left_log": null,
      "obs_log": null,
      "obs_placed": null,
      "party_id": 0,
      "party_size": 1,
      "performance_others": null,
      "permanent_buffs": [],
      "pings": null,
      "pred_vict": null,
      "purchase": null,
      "purchase_log": null,
      "randomed": null,
      "repicked": null,
      "roshans_killed": null,
      "rune_pickups": null,
      "runes": null,
      "runes_log": null,
      "sen": null,
      "sen_left_log": null,
      "sen_log": null,
      "sen_placed": null,
      "stuns": null,
      "teamfight_participation": null,
      "times": null,
      "tower_damage": 722,
      "towers_killed": null,
      "xp_per_min": 657,
      "xp_reasons": null,
      "xp_t": null,
      "start_time": 1669911300,
      "duration": 2508,
      "cluster": 152,
      "lobby_type": 0,
      "game_mode": 22,
      "is_contributor": false,
      "patch": 51,
      "region": 5,
      "isRadiant": true,
      "total_gold": 17138,
      "total_xp": 27462,
      "kills_per_min": 0.11961722488038279,
      "kda": 2,
      "abandons": 0,
      "rank_tier": null,
      "is_subscriber": false,
      "cosmetics": [],
      "benchmarks": {
        "gold_per_min": {
          "raw": 410,
          "pct": 0.4444444444444444
        },
        "xp_per_min": {
          "raw": 657,
          "pct": 0.5555555555555556
        },
        "kills_per_min": {
          "raw": 0.11961722488038276,
          "pct": 0.2222222222222222
        },
        "last_hits_per_min": {
          "raw": 4.282296650717703,
          "pct": 0.4444444444444444
        },
        "hero_damage_per_min": {
          "raw": 303.73205741626793,
          "pct": 0.2222222222222222
        },
        "hero_healing_per_min": {
          "raw": 0,
          "pct": 1
        },
        "tower_damage": {
          "raw": 722,
          "pct": 0.5555555555555556
        },
        "stuns_per_min": {
          "raw": 0,
          "pct": 0
        },
        "lhten": {}
      }
    },
    {
      "player_slot": 1,
      "ability_targets": null,
      "ability_upgrades_arr": [
        5003,
        5004,
        5003,
        5004,
        5003,
        5006,
        5003,
        7314,
        5004,
        6012,
        5004,
        5006,
        7314,
        7314,
        966,
        7314,
        5006,
        6606,
        6607
      ],
      "ability_uses": null,
      "actions": null,
      "additional_units": null,
      "assists": 1,
      "backpack_0": 0,
      "backpack_1": 0,
      "backpack_2": 39,
      "backpack_3": null,
      "buyback_log": null,
      "camps_stacked": null,
      "connection_log": null,
      "creeps_stacked": null,
      "damage": null,
      "damage_inflictor": null,
      "damage_inflictor_received": null,
      "damage_taken": null,
      "damage_targets": null,
      "deaths": 3,
      "denies": 7,
      "dn_t": null,
      "firstblood_claimed": null,
      "gold": 1665,
      "gold_per_min": 601,
      "gold_reasons": null,
      "gold_spent": 24745,
      "gold_t": null,
      "hero_damage": 24192,
      "hero_healing": 0,
      "hero_hits": null,
      "hero_id": 1,
      "item_0": 208,
      "item_1": 123,
      "item_2": 147,
      "item_3": 145,
      "item_4": 63,
      "item_5": 218,
      "item_neutral": 376,
      "item_uses": null,
      "kill_streaks": null,
      "killed": null,
      "killed_by": null,
      "kills": 10,
      "kills_log": null,
      "lane_pos": null,
      "last_hits": 340,
      "leaver_status": 0,
      "level": 25,
      "lh_t": null,
      "life_state": null,
      "max_hero_hit": null,
      "multi_kills": null,
      "net_worth": 23215,
      "obs": null,
      "obs_left_log": null,
      "obs_log": null,
      "obs_placed": null,
      "party_id": 1,
      "party_size": 1,
      "performance_others": null,
      "permanent_buffs": [
        {
          "permanent_buff": 6,
          "stack_count": 1,
          "grant_time": 1453
        }
      ],
      "pings": null,
      "pred_vict": null,
      "purchase": null,
      "purchase_log": null,
      "randomed": null,
      "repicked": null,
      "roshans_killed": null,
      "rune_pickups": null,
      "runes": null,
      "runes_log": null,
      "sen": null,
      "sen_left_log": null,
      "sen_log": null,
      "sen_placed": null,
      "stuns": null,
      "teamfight_participation": null,
      "times": null,
      "tower_damage": 134,
      "towers_killed": null,
      "xp_per_min": 905,
      "xp_reasons": null,
      "xp_t": null,
      "start_time": 1669911300,
      "duration": 2508,
      "cluster": 152,
      "lobby_type": 0,
      "game_mode": 22,
      "is_contributor": false,
      "patch": 51,
      "region": 5,
      "isRadiant": true,
      "total_gold": 25121,
      "total_xp": 37829,
      "kills_per_min": 0.23923444976076558,
      "kda": 2,
      "abandons": 0,
      "rank_tier": null,
      "is_subscriber": false,
      "cosmetics": [],
      "benchmarks": {
        "gold_per_min": {
          "raw": 601,
          "pct": 0.36363636363636365
        },
        "xp_per_min": {
          "raw": 905,
          "pct": 0.7272727272727273
        },
        "kills_per_min": {
          "raw": 0.23923444976076552,
          "pct": 0.6363636363636364
        },
        "last_hits_per_min": {
          "raw": 8.133971291866029,
          "pct": 0.3333333333333333
        },
        "hero_damage_per_min": {
          "raw": 578.7559808612441,
          "pct": 0.5757575757575758
        },
        "hero_healing_per_min": {
          "raw": 0,
          "pct": 0.9696969696969697
        },
        "tower_damage": {
          "raw": 134,
          "pct": 0.12121212121212122
        },
        "stuns_per_min": {
          "raw": 0,
          "pct": 0
        },
        "lhten": {}
      }
    },
    {
      "player_slot": 2,
      "ability_targets": null,
      "ability_upgrades_arr": [
        5218,
        5219,
        5220,
        5218,
        5219,
        5221,
        5218,
        5219,
        5220,
        5218,
        5220,
        5221,
        5219,
        5220
      ],
      "ability_uses": null,
      "actions": null,
      "additional_units": null,
      "assists": 5,
      "backpack_0": 0,
      "backpack_1": 0,
      "backpack_2": 0,
      "backpack_3": null,
      "buyback_log": null,
      "camps_stacked": null,
      "connection_log": null,
      "creeps_stacked": null,
      "damage": null,
      "damage_inflictor": null,
      "damage_inflictor_received": null,
      "damage_taken": null,
      "damage_targets": null,
      "deaths": 13,
      "denies": 0,
      "dn_t": null,
      "firstblood_claimed": null,
      "gold": 776,
      "gold_per_min": 239,
      "gold_reasons": null,
      "gold_spent": 8035,
      "gold_t": null,
      "hero_damage": 11855,
      "hero_healing": 0,
      "hero_hits": null,
      "hero_id": 47,
      "item_0": 36,
      "item_1": 206,
      "item_2": 48,
      "item_3": 41,
      "item_4": 21,
      "item_5": 0,
      "item_neutral": 0,
      "item_uses": null,
      "kill_streaks": null,
      "killed": null,
      "killed_by": null,
      "kills": 0,
      "kills_log": null,
      "lane_pos": null,
      "last_hits": 85,
      "leaver_status": 0,
      "level": 14,
      "lh_t": null,
      "life_state": null,
      "max_hero_hit": null,
      "multi_kills": null,
      "net_worth": 8151,
      "obs": null,
      "obs_left_log": null,
      "obs_log": null,
      "obs_placed": null,
      "party_id": 2,
      "party_size": 1,
      "performance_others": null,
      "permanent_buffs": [],
      "pings": null,
      "pred_vict": null,
      "purchase": null,
      "purchase_log": null,
      "randomed": null,
      "repicked": null,
      "roshans_killed": null,
      "rune_pickups": null,
      "runes": null,
      "runes_log": null,
      "sen": null,
      "sen_left_log": null,
      "sen_log": null,
      "sen_placed": null,
      "stuns": null,
      "teamfight_participation": null,
      "times": null,
      "tower_damage": 171,
      "towers_killed": null,
      "xp_per_min": 275,
      "xp_reasons": null,
      "xp_t": null,
      "start_time": 1669911300,
      "duration": 2508,
      "cluster": 152,
      "lobby_type": 0,
      "game_mode": 22,
      "is_contributor": false,
      "patch": 51,
      "region": 5,
      "isRadiant": true,
      "total_gold": 9990,
      "total_xp": 11495,
      "kda": 0,
      "abandons": 0,
      "rank_tier": null,
      "is_subscriber": false,
      "cosmetics": [],
      "benchmarks": {
        "gold_per_min": {
          "raw": 239,
          "pct": 0
        },
        "xp_per_min": {
          "raw": 275,
          "pct": 0
        },
        "kills_per_min": {
          "raw": 0,
          "pct": 0
        },
        "last_hits_per_min": {
          "raw": 2.0334928229665072,
          "pct": 0
        },
        "hero_damage_per_min": {
          "raw": 283.6124401913876,
          "pct": 0.05
        },
        "hero_healing_per_min": {
          "raw": 0,
          "pct": 0.85
        },
        "tower_damage": {
          "raw": 171,
          "pct": 0.05
        },
        "stuns_per_min": {
          "raw": 0,
          "pct": 0.5
        },
        "lhten": {}
      }
    },
    {
      "player_slot": 3,
      "ability_targets": null,
      "ability_upgrades_arr": [
        5585,
        5586,
        5587,
        5587,
        5587,
        5588,
        5587,
        5586,
        5585,
        5585,
        972,
        5588,
        5585
      ],
      "ability_uses": null,
      "actions": null,
      "additional_units": null,
      "assists": 1,
      "backpack_0": 355,
      "backpack_1": 306,
      "backpack_2": 358,
      "backpack_3": null,
      "buyback_log": null,
      "camps_stacked": null,
      "connection_log": null,
      "creeps_stacked": null,
      "damage": null,
      "damage_inflictor": null,
      "damage_inflictor_received": null,
      "damage_taken": null,
      "damage_targets": null,
      "deaths": 13,
      "denies": 0,
      "dn_t": null,
      "firstblood_claimed": null,
      "gold": 1443,
      "gold_per_min": 176,
      "gold_reasons": null,
      "gold_spent": 5600,
      "gold_t": null,
      "hero_damage": 2565,
      "hero_healing": 0,
      "hero_hits": null,
      "hero_id": 102,
      "item_0": 21,
      "item_1": 27,
      "item_2": 244,
      "item_3": 593,
      "item_4": 20,
      "item_5": 28,
      "item_neutral": 838,
      "item_uses": null,
      "kill_streaks": null,
      "killed": null,
      "killed_by": null,
      "kills": 1,
      "kills_log": null,
      "lane_pos": null,
      "last_hits": 41,
      "leaver_status": 0,
      "level": 13,
      "lh_t": null,
      "life_state": null,
      "max_hero_hit": null,
      "multi_kills": null,
      "net_worth": 5178,
      "obs": null,
      "obs_left_log": null,
      "obs_log": null,
      "obs_placed": null,
      "party_id": 3,
      "party_size": 1,
      "performance_others": null,
      "permanent_buffs": [],
      "pings": null,
      "pred_vict": null,
      "purchase": null,
      "purchase_log": null,
      "randomed": null,
      "repicked": null,
      "roshans_killed": null,
      "rune_pickups": null,
      "runes": null,
      "runes_log": null,
      "sen": null,
      "sen_left_log": null,
      "sen_log": null,
      "sen_placed": null,
      "stuns": null,
      "teamfight_participation": null,
      "times": null,
      "tower_damage": 176,
      "towers_killed": null,
      "xp_per_min": 245,
      "xp_reasons": null,
      "xp_t": null,
      "start_time": 1669911300,
      "duration": 2508,
      "cluster": 152,
      "lobby_type": 0,
      "game_mode": 22,
      "is_contributor": false,
      "patch": 51,
      "region": 5,
      "isRadiant": true,
      "total_gold": 7356,
      "total_xp": 10241,
      "kills_per_min": 0.023923444976076555,
      "kda": 0,
      "abandons": 0,
      "rank_tier": null,
      "is_subscriber": false,
      "cosmetics": [],
      "benchmarks": {
        "gold_per_min": {
          "raw": 176,
          "pct": 0.019230769230769232
        },
        "xp_per_min": {
          "raw": 245,
          "pct": 0.019230769230769232
        },
        "kills_per_min": {
          "raw": 0.023923444976076555,
          "pct": 0.07692307692307693
        },
        "last_hits_per_min": {
          "raw": 0.9808612440191388,
          "pct": 0.07692307692307693
        },
        "hero_damage_per_min": {
          "raw": 61.36363636363636,
          "pct": 0
        },
        "hero_healing_per_min": {
          "raw": 0,
          "pct": 0.36538461538461536
        },
        "tower_damage": {
          "raw": 176,
          "pct": 0.17307692307692307
        },
        "stuns_per_min": {
          "raw": 0,
          "pct": 0.6153846153846154
        },
        "lhten": {}
      }
    },
    {
      "player_slot": 4,
      "ability_targets": null,
      "ability_upgrades_arr": [
        5016,
        5017,
        5017,
        5015,
        5017,
        5018,
        5017,
        5016,
        5016,
        5015,
        5016,
        5018,
        482,
        5015,
        5015,
        819,
        5018,
        6357
      ],
      "ability_uses": null,
      "actions": null,
      "additional_units": null,
      "assists": 3,
      "backpack_0": 0,
      "backpack_1": 0,
      "backpack_2": 0,
      "backpack_3": null,
      "buyback_log": null,
      "camps_stacked": null,
      "connection_log": null,
      "creeps_stacked": null,
      "damage": null,
      "damage_inflictor": null,
      "damage_inflictor_received": null,
      "damage_taken": null,
      "damage_targets": null,
      "deaths": 10,
      "denies": 3,
      "dn_t": null,
      "firstblood_claimed": null,
      "gold": 32,
      "gold_per_min": 340,
      "gold_reasons": null,
      "gold_spent": 12890,
      "gold_t": null,
      "hero_damage": 12287,
      "hero_healing": 0,
      "hero_hits": null,
      "hero_id": 4,
      "item_0": 36,
      "item_1": 50,
      "item_2": 152,
      "item_3": 14,
      "item_4": 166,
      "item_5": 116,
      "item_neutral": 638,
      "item_uses": null,
      "kill_streaks": null,
      "killed": null,
      "killed_by": null,
      "kills": 1,
      "kills_log": null,
      "lane_pos": null,
      "last_hits": 207,
      "leaver_status": 0,
      "level": 20,
      "lh_t": null,
      "life_state": null,
      "max_hero_hit": null,
      "multi_kills": null,
      "net_worth": 11872,
      "obs": null,
      "obs_left_log": null,
      "obs_log": null,
      "obs_placed": null,
      "party_id": 4,
      "party_size": 1,
      "performance_others": null,
      "permanent_buffs": [
        {
          "permanent_buff": 6,
          "stack_count": 2,
          "grant_time": 874
        }
      ],
      "pings": null,
      "pred_vict": null,
      "purchase": null,
      "purchase_log": null,
      "randomed": null,
      "repicked": null,
      "roshans_killed": null,
      "rune_pickups": null,
      "runes": null,
      "runes_log": null,
      "sen": null,
      "sen_left_log": null,
      "sen_log": null,
      "sen_placed": null,
      "stuns": null,
      "teamfight_participation": null,
      "times": null,
      "tower_damage": 994,
      "towers_killed": null,
      "xp_per_min": 517,
      "xp_reasons": null,
      "xp_t": null,
      "start_time": 1669911300,
      "duration": 2508,
      "cluster": 152,
      "lobby_type": 0,
      "game_mode": 22,
      "is_contributor": false,
      "patch": 51,
      "region": 5,
      "isRadiant": true,
      "total_gold": 14212,
      "total_xp": 21610,
      "kills_per_min": 0.023923444976076555,
      "kda": 0,
      "abandons": 0,
      "rank_tier": null,
      "is_subscriber": false,
      "cosmetics": [],
      "benchmarks": {
        "gold_per_min": {
          "raw": 340,
          "pct": 0
        },
        "xp_per_min": {
          "raw": 517,
          "pct": 0.12
        },
        "kills_per_min": {
          "raw": 0.023923444976076555,
          "pct": 0
        },
        "last_hits_per_min": {
          "raw": 4.952153110047847,
          "pct": 0.12
        },
        "hero_damage_per_min": {
          "raw": 293.9473684210526,
          "pct": 0
        },
        "hero_healing_per_min": {
          "raw": 0,
          "pct": 1
        },
        "tower_damage": {
          "raw": 994,
          "pct": 0.32
        },
        "stuns_per_min": {
          "raw": 0,
          "pct": 0.36
        },
        "lhten": {}
      }
    },
    {
      "player_slot": 128,
      "ability_targets": null,
      "ability_upgrades_arr": [
        5163,
        5162,
        5163,
        5162,
        5162,
        5165,
        5163,
        5163,
        5162,
        6982,
        5164,
        5165,
        5164,
        5164,
        845,
        5164,
        5165
      ],
      "ability_uses": null,
      "actions": null,
      "additional_units": null,
      "assists": 16,
      "backpack_0": 0,
      "backpack_1": 0,
      "backpack_2": 0,
      "backpack_3": null,
      "buyback_log": null,
      "camps_stacked": null,
      "connection_log": null,
      "creeps_stacked": null,
      "damage": null,
      "damage_inflictor": null,
      "damage_inflictor_received": null,
      "damage_taken": null,
      "damage_targets": null,
      "deaths": 6,
      "denies": 3,
      "dn_t": null,
      "firstblood_claimed": null,
      "gold": 1212,
      "gold_per_min": 371,
      "gold_reasons": null,
      "gold_spent": 13950,
      "gold_t": null,
      "hero_damage": 18822,
      "hero_healing": 5040,
      "hero_hits": null,
      "hero_id": 37,
      "item_0": 180,
      "item_1": 110,
      "item_2": 108,
      "item_3": 206,
      "item_4": 0,
      "item_5": 0,
      "item_neutral": 289,
      "item_uses": null,
      "kill_streaks": null,
      "killed": null,
      "killed_by": null,
      "kills": 5,
      "kills_log": null,
      "lane_pos": null,
      "last_hits": 101,
      "leaver_status": 0,
      "level": 20,
      "lh_t": null,
      "life_state": null,
      "max_hero_hit": null,
      "multi_kills": null,
      "net_worth": 14662,
      "obs": null,
      "obs_left_log": null,
      "obs_log": null,
      "obs_placed": null,
      "party_id": 5,
      "party_size": 1,
      "performance_others": null,
      "permanent_buffs": [],
      "pings": null,
      "pred_vict": null,
      "purchase": null,
      "purchase_log": null,
      "randomed": null,
      "repicked": null,
      "roshans_killed": null,
      "rune_pickups": null,
      "runes": null,
      "runes_log": null,
      "sen": null,
      "sen_left_log": null,
      "sen_log": null,
      "sen_placed": null,
      "stuns": null,
      "teamfight_participation": null,
      "times": null,
      "tower_damage": 7054,
      "towers_killed": null,
      "xp_per_min": 526,
      "xp_reasons": null,
      "xp_t": null,
      "start_time": 1669911300,
      "duration": 2508,
      "cluster": 152,
      "lobby_type": 0,
      "game_mode": 22,
      "is_contributor": false,
      "patch": 51,
      "region": 5,
      "isRadiant": false,
      "total_gold": 15507,
      "total_xp": 21986,
      "kills_per_min": 0.11961722488038279,
      "kda": 3,
      "abandons": 0,
      "rank_tier": null,
      "is_subscriber": false,
      "cosmetics": [],
      "benchmarks": {
        "gold_per_min": {
          "raw": 371,
          "pct": 0.7647058823529411
        },
        "xp_per_min": {
          "raw": 526,
          "pct": 0.5882352941176471
        },
        "kills_per_min": {
          "raw": 0.11961722488038276,
          "pct": 0.7058823529411765
        },
        "last_hits_per_min": {
          "raw": 2.416267942583732,
          "pct": 0.7647058823529411
        },
        "hero_damage_per_min": {
          "raw": 450.2870813397129,
          "pct": 0.23529411764705882
        },
        "hero_healing_per_min": {
          "raw": 120.57416267942583,
          "pct": 0.29411764705882354
        },
        "tower_damage": {
          "raw": 7054,
          "pct": 1
        },
        "stuns_per_min": {
          "raw": 0,
          "pct": 0
        },
        "lhten": {}
      }
    },
    {
      "player_slot": 129,
      "ability_targets": null,
      "ability_upgrades_arr": [
        5083,
        5082,
        5083,
        5082,
        5082,
        5085,
        5082,
        5084,
        5083,
        7386,
        5083,
        5085,
        5084,
        5084,
        6281,
        5084,
        5085,
        567
      ],
      "ability_uses": null,
      "actions": null,
      "additional_units": null,
      "assists": 11,
      "backpack_0": 0,
      "backpack_1": 0,
      "backpack_2": 0,
      "backpack_3": null,
      "buyback_log": null,
      "camps_stacked": null,
      "connection_log": null,
      "creeps_stacked": null,
      "damage": null,
      "damage_inflictor": null,
      "damage_inflictor_received": null,
      "damage_taken": null,
      "damage_targets": null,
      "deaths": 1,
      "denies": 13,
      "dn_t": null,
      "firstblood_claimed": null,
      "gold": 3651,
      "gold_per_min": 501,
      "gold_reasons": null,
      "gold_spent": 17810,
      "gold_t": null,
      "hero_damage": 22440,
      "hero_healing": 0,
      "hero_hits": null,
      "hero_id": 15,
      "item_0": 36,
      "item_1": 596,
      "item_2": 210,
      "item_3": 116,
      "item_4": 63,
      "item_5": 154,
      "item_neutral": 676,
      "item_uses": null,
      "kill_streaks": null,
      "killed": null,
      "killed_by": null,
      "kills": 6,
      "kills_log": null,
      "lane_pos": null,
      "last_hits": 215,
      "leaver_status": 0,
      "level": 23,
      "lh_t": null,
      "life_state": null,
      "max_hero_hit": null,
      "multi_kills": null,
      "net_worth": 19826,
      "obs": null,
      "obs_left_log": null,
      "obs_log": null,
      "obs_placed": null,
      "party_id": 6,
      "party_size": 1,
      "performance_others": null,
      "permanent_buffs": [
        {
          "permanent_buff": 6,
          "stack_count": 2,
          "grant_time": 919
        },
        {
          "permanent_buff": 12,
          "stack_count": 0,
          "grant_time": 2557
        }
      ],
      "pings": null,
      "pred_vict": null,
      "purchase": null,
      "purchase_log": null,
      "randomed": null,
      "repicked": null,
      "roshans_killed": null,
      "rune_pickups": null,
      "runes": null,
      "runes_log": null,
      "sen": null,
      "sen_left_log": null,
      "sen_log": null,
      "sen_placed": null,
      "stuns": null,
      "teamfight_participation": null,
      "times": null,
      "tower_damage": 7766,
      "towers_killed": null,
      "xp_per_min": 714,
      "xp_reasons": null,
      "xp_t": null,
      "start_time": 1669911300,
      "duration": 2508,
      "cluster": 152,
      "lobby_type": 0,
      "game_mode": 22,
      "is_contributor": false,
      "patch": 51,
      "region": 5,
      "isRadiant": false,
      "total_gold": 20941,
      "total_xp": 29845,
      "kills_per_min": 0.14354066985645933,
      "kda": 8,
      "abandons": 0,
      "rank_tier": null,
      "is_subscriber": false,
      "cosmetics": [],
      "benchmarks": {
        "gold_per_min": {
          "raw": 501,
          "pct": 0.36363636363636365
        },
        "xp_per_min": {
          "raw": 714,
          "pct": 0.2727272727272727
        },
        "kills_per_min": {
          "raw": 0.14354066985645933,
          "pct": 0.2727272727272727
        },
        "last_hits_per_min": {
          "raw": 5.143540669856459,
          "pct": 0.45454545454545453
        },
        "hero_damage_per_min": {
          "raw": 536.8421052631579,
          "pct": 0.2727272727272727
        },
        "hero_healing_per_min": {
          "raw": 0,
          "pct": 1
        },
        "tower_damage": {
          "raw": 7766,
          "pct": 0.8181818181818182
        },
        "stuns_per_min": {
          "raw": 0,
          "pct": 0.5454545454545454
        },
        "lhten": {}
      }
    },
    {
      "player_slot": 130,
      "ability_targets": null,
      "ability_upgrades_arr": [
        5582,
        5581,
        5581,
        5583,
        5582,
        5584,
        5581,
        5581,
        5583,
        5925,
        5583,
        5584,
        5583,
        5582,
        6181,
        5582,
        5584
      ],
      "ability_uses": null,
      "actions": null,
      "additional_units": null,
      "assists": 15,
      "backpack_0": 77,
      "backpack_1": 0,
      "backpack_2": 0,
      "backpack_3": null,
      "buyback_log": null,
      "camps_stacked": null,
      "connection_log": null,
      "creeps_stacked": null,
      "damage": null,
      "damage_inflictor": null,
      "damage_inflictor_received": null,
      "damage_taken": null,
      "damage_targets": null,
      "deaths": 5,
      "denies": 7,
      "dn_t": null,
      "firstblood_claimed": null,
      "gold": 1014,
      "gold_per_min": 277,
      "gold_reasons": null,
      "gold_spent": 10445,
      "gold_t": null,
      "hero_damage": 16510,
      "hero_healing": 0,
      "hero_hits": null,
      "hero_id": 101,
      "item_0": 29,
      "item_1": 0,
      "item_2": 77,
      "item_3": 176,
      "item_4": 206,
      "item_5": 218,
      "item_neutral": 675,
      "item_uses": null,
      "kill_streaks": null,
      "killed": null,
      "killed_by": null,
      "kills": 5,
      "kills_log": null,
      "lane_pos": null,
      "last_hits": 28,
      "leaver_status": 0,
      "level": 18,
      "lh_t": null,
      "life_state": null,
      "max_hero_hit": null,
      "multi_kills": null,
      "net_worth": 9974,
      "obs": null,
      "obs_left_log": null,
      "obs_log": null,
      "obs_placed": null,
      "party_id": 7,
      "party_size": 1,
      "performance_others": null,
      "permanent_buffs": [],
      "pings": null,
      "pred_vict": null,
      "purchase": null,
      "purchase_log": null,
      "randomed": null,
      "repicked": null,
      "roshans_killed": null,
      "rune_pickups": null,
      "runes": null,
      "runes_log": null,
      "sen": null,
      "sen_left_log": null,
      "sen_log": null,
      "sen_placed": null,
      "stuns": null,
      "teamfight_participation": null,
      "times": null,
      "tower_damage": 2644,
      "towers_killed": null,
      "xp_per_min": 463,
      "xp_reasons": null,
      "xp_t": null,
      "start_time": 1669911300,
      "duration": 2508,
      "cluster": 152,
      "lobby_type": 0,
      "game_mode": 22,
      "is_contributor": false,
      "patch": 51,
      "region": 5,
      "isRadiant": false,
      "total_gold": 11578,
      "total_xp": 19353,
      "kills_per_min": 0.11961722488038279,
      "kda": 3,
      "abandons": 0,
      "rank_tier": null,
      "is_subscriber": false,
      "cosmetics": [],
      "benchmarks": {
        "gold_per_min": {
          "raw": 277,
          "pct": 0.5757575757575758
        },
        "xp_per_min": {
          "raw": 463,
          "pct": 0.5757575757575758
        },
        "kills_per_min": {
          "raw": 0.11961722488038276,
          "pct": 0.42424242424242425
        },
        "last_hits_per_min": {
          "raw": 0.6698564593301435,
          "pct": 0.30303030303030304
        },
        "hero_damage_per_min": {
          "raw": 394.9760765550239,
          "pct": 0.24242424242424243
        },
        "hero_healing_per_min": {
          "raw": 0,
          "pct": 0.8787878787878788
        },
        "tower_damage": {
          "raw": 2644,
          "pct": 1
        },
        "stuns_per_min": {
          "raw": 0,
          "pct": 0.5757575757575758
        },
        "lhten": {}
      }
    },
    {
      "player_slot": 131,
      "ability_targets": null,
      "ability_upgrades_arr": [
        5392,
        5684,
        5392,
        5684,
        5392,
        5394,
        5392,
        5391,
        5391,
        5906,
        5391,
        5394,
        5391,
        5684,
        957,
        5684,
        5394,
        7375,
        750
      ],
      "ability_uses": null,
      "actions": null,
      "additional_units": null,
      "assists": 7,
      "backpack_0": 0,
      "backpack_1": 0,
      "backpack_2": 0,
      "backpack_3": null,
      "buyback_log": null,
      "camps_stacked": null,
      "connection_log": null,
      "creeps_stacked": null,
      "damage": null,
      "damage_inflictor": null,
      "damage_inflictor_received": null,
      "damage_taken": null,
      "damage_targets": null,
      "deaths": 1,
      "denies": 36,
      "dn_t": null,
      "firstblood_claimed": null,
      "gold": 2200,
      "gold_per_min": 597,
      "gold_reasons": null,
      "gold_spent": 23530,
      "gold_t": null,
      "hero_damage": 33165,
      "hero_healing": 0,
      "hero_hits": null,
      "hero_id": 76,
      "item_0": 1,
      "item_1": 58,
      "item_2": 29,
      "item_3": 110,
      "item_4": 108,
      "item_5": 235,
      "item_neutral": 311,
      "item_uses": null,
      "kill_streaks": null,
      "killed": null,
      "killed_by": null,
      "kills": 13,
      "kills_log": null,
      "lane_pos": null,
      "last_hits": 251,
      "leaver_status": 0,
      "level": 26,
      "lh_t": null,
      "life_state": null,
      "max_hero_hit": null,
      "multi_kills": null,
      "net_worth": 24025,
      "obs": null,
      "obs_left_log": null,
      "obs_log": null,
      "obs_placed": null,
      "party_id": 8,
      "party_size": 1,
      "performance_others": null,
      "permanent_buffs": [
        {
          "permanent_buff": 6,
          "stack_count": 1,
          "grant_time": 1610
        },
        {
          "permanent_buff": 12,
          "stack_count": 0,
          "grant_time": 1503
        }
      ],
      "pings": null,
      "pred_vict": null,
      "purchase": null,
      "purchase_log": null,
      "randomed": null,
      "repicked": null,
      "roshans_killed": null,
      "rune_pickups": null,
      "runes": null,
      "runes_log": null,
      "sen": null,
      "sen_left_log": null,
      "sen_log": null,
      "sen_placed": null,
      "stuns": null,
      "teamfight_participation": null,
      "times": null,
      "tower_damage": 3786,
      "towers_killed": null,
      "xp_per_min": 916,
      "xp_reasons": null,
      "xp_t": null,
      "start_time": 1669911300,
      "duration": 2508,
      "cluster": 152,
      "lobby_type": 0,
      "game_mode": 22,
      "is_contributor": false,
      "patch": 51,
      "region": 5,
      "isRadiant": false,
      "total_gold": 24954,
      "total_xp": 38288,
      "kills_per_min": 0.31100478468899523,
      "kda": 10,
      "abandons": 0,
      "rank_tier": null,
      "is_subscriber": false,
      "cosmetics": [],
      "benchmarks": {
        "gold_per_min": {
          "raw": 597,
          "pct": 0.9354838709677419
        },
        "xp_per_min": {
          "raw": 916,
          "pct": 0.967741935483871
        },
        "kills_per_min": {
          "raw": 0.31100478468899523,
          "pct": 0.8064516129032258
        },
        "last_hits_per_min": {
          "raw": 6.0047846889952154,
          "pct": 0.7419354838709677
        },
        "hero_damage_per_min": {
          "raw": 793.421052631579,
          "pct": 0.7419354838709677
        },
        "hero_healing_per_min": {
          "raw": 0,
          "pct": 1
        },
        "tower_damage": {
          "raw": 3786,
          "pct": 0.7419354838709677
        },
        "stuns_per_min": {
          "raw": 0,
          "pct": 0.03225806451612903
        },
        "lhten": {}
      }
    },
    {
      "player_slot": 132,
      "ability_targets": null,
      "ability_upgrades_arr": [
        5059,
        5062,
        5062,
        5059,
        5059,
        5062,
        5062,
        5064,
        5059,
        6016,
        5063,
        5064,
        5063,
        5063,
        5063,
        6875,
        5064,
        6670
      ],
      "ability_uses": null,
      "actions": null,
      "additional_units": null,
      "assists": 6,
      "backpack_0": 828,
      "backpack_1": 0,
      "backpack_2": 0,
      "backpack_3": null,
      "buyback_log": null,
      "camps_stacked": null,
      "connection_log": null,
      "creeps_stacked": null,
      "damage": null,
      "damage_inflictor": null,
      "damage_inflictor_received": null,
      "damage_taken": null,
      "damage_targets": null,
      "deaths": 4,
      "denies": 31,
      "dn_t": null,
      "firstblood_claimed": null,
      "gold": 2192,
      "gold_per_min": 565,
      "gold_reasons": null,
      "gold_spent": 21390,
      "gold_t": null,
      "hero_damage": 29783,
      "hero_healing": 0,
      "hero_hits": null,
      "hero_id": 11,
      "item_0": 263,
      "item_1": 249,
      "item_2": 116,
      "item_3": 63,
      "item_4": 14,
      "item_5": 156,
      "item_neutral": 638,
      "item_uses": null,
      "kill_streaks": null,
      "killed": null,
      "killed_by": null,
      "kills": 13,
      "kills_log": null,
      "lane_pos": null,
      "last_hits": 253,
      "leaver_status": 0,
      "level": 23,
      "lh_t": null,
      "life_state": null,
      "max_hero_hit": null,
      "multi_kills": null,
      "net_worth": 23032,
      "obs": null,
      "obs_left_log": null,
      "obs_log": null,
      "obs_placed": null,
      "party_id": 9,
      "party_size": 1,
      "performance_others": null,
      "permanent_buffs": [],
      "pings": null,
      "pred_vict": null,
      "purchase": null,
      "purchase_log": null,
      "randomed": null,
      "repicked": null,
      "roshans_killed": null,
      "rune_pickups": null,
      "runes": null,
      "runes_log": null,
      "sen": null,
      "sen_left_log": null,
      "sen_log": null,
      "sen_placed": null,
      "stuns": null,
      "teamfight_participation": null,
      "times": null,
      "tower_damage": 6533,
      "towers_killed": null,
      "xp_per_min": 744,
      "xp_reasons": null,
      "xp_t": null,
      "start_time": 1669911300,
      "duration": 2508,
      "cluster": 152,
      "lobby_type": 0,
      "game_mode": 22,
      "is_contributor": false,
      "patch": 51,
      "region": 5,
      "isRadiant": false,
      "total_gold": 23617,
      "total_xp": 31099,
      "kills_per_min": 0.31100478468899523,
      "kda": 3,
      "abandons": 0,
      "rank_tier": null,
      "is_subscriber": false,
      "cosmetics": [],
      "benchmarks": {
        "gold_per_min": {
          "raw": 565,
          "pct": 0.52
        },
        "xp_per_min": {
          "raw": 744,
          "pct": 0.56
        },
        "kills_per_min": {
          "raw": 0.31100478468899523,
          "pct": 0.7
        },
        "last_hits_per_min": {
          "raw": 6.052631578947368,
          "pct": 0.2
        },
        "hero_damage_per_min": {
          "raw": 712.5119617224881,
          "pct": 0.64
        },
        "hero_healing_per_min": {
          "raw": 0,
          "pct": 0.88
        },
        "tower_damage": {
          "raw": 6533,
          "pct": 0.6
        },
        "stuns_per_min": {
          "raw": 0,
          "pct": 0.02
        },
        "lhten": {}
      }
    }
  ],
  "patch": 51,
  "region": 5
}