{
  "chat": null,
  "cluster": 188,
  "cosmetics": null,
  "dire_score": 37,
  "dire_team_id": null,
  "draft_timings": null,
  "duration": 1367,
  "engine": 1,
  "first_blood_time": 164,
  "game_mode": 23,
  "human_players": 10,
  "leagueid": 0,
  "lobby_type": 0,
  "match_seq_num": 5780318877,
  "negative_votes": 0,
  "objectives": null,
  "picks_bans": null,
  "positive_votes": 0,
  "radiant_gold_adv": null,
  "radiant_score": 15,
  "radiant_team_id": null,
  "radiant_xp_adv": null,
  "skill": null,
  "start_time": 1669911445,
  "teamfights": null,
  "version": null,
  "replay_salt": 1626502021,
  "series_id": 0,
  "series_type": 0,
  "players": [
    {
      "player_slot": 0,
      "ability_targets": null,
      "ability_upgrades_arr": [
        5024,
        5025,
        5024,
        5023,
        5025,
        5026,
        5025,
        5025,
        5024,
        744,
        5024,
        5026,
        5023,
        5023,
        858,
        5023,
        5026,
        6511
      ],
      "ability_uses": null,
      "actions": null,
      "additional_units": null,
      "assists": 9,
      "backpack_0": 0,
      "backpack_1": 0,
      "backpack_2": 0,
      "backpack_3": null,
      "buyback_log": null,
      "camps_stacked": null,
      "connection_log": null,
      "creeps_stacked": null,
      "damage": null,
      "damage_inflictor": null,
      "damage_inflictor_received": null,
      "damage_taken": null,
      "damage_targets": null,
      "deaths": 6,
      "denies": 1,
      "dn_t": null,
      "firstblood_claimed": null,
      "gold": 1054,
      "gold_per_min": 647,
      "gold_reasons": null,
      "gold_spent": 14415,
      "gold_t": null,
      "hero_damage": 11383,
      "hero_healing": 0,
      "hero_hits": null,
      "hero_id": 7,
      "item_0": 73,
      "item_1": 1,
      "item_2": 188,
      "item_3": 232,
      "item_4": 108,
      "item_5": 48,
      "item_neutral": 364,
      "item_uses": null,
      "kill_streaks": null,
      "killed": null,
      "killed_by": null,
      "kills": 3,
      "kills_log": null,
      "lane_pos": null,
      "last_hits": 65,
      "leaver_status": 0,
      "level": 24,
      "lh_t": null,
      "life_state": null,
      "max_hero_hit": null,
      "multi_kills": null,
      "net_worth": 14234,
      "obs": null,
      "obs_left_log": null,
      "obs_log": null,
      "obs_placed": null,
      "party_id": 0,
      "party_size": 1,
      "performance_others": null,
      "permanent_buffs": [
        {
          "permanent_buff": 6,
          "stack_count": 1,
          "grant_time": 1430
        },
        {
          "permanent_buff": 12,
          "stack_count": 0,
          "grant_time": 803
        }
      ],
      "pings": null,
      "pred_vict": null,
      "purchase": null,
      "purchase_log": null,
      "randomed": null,
      "repicked": null,
      "roshans_killed": null,
      "rune_pickups": null,
      "runes": null,
      "runes_log": null,
      "sen": null,
      "sen_left_log": null,
      "sen_log": null,
      "sen_placed": null,
      "stuns": null,
      "teamfight_participation": null,
      "times": null,
      "tower_damage": 67,
      "towers_killed": null,
      "xp_per_min": 1470,
      "xp_reasons": null,
      "xp_t": null,
      "start_time": 1669911445,
      "duration": 1367,
      "cluster": 188,
      "lobby_type": 0,
      "game_mode": 23,
      "is_contributor": false,
      "patch": 51,
      "region": 8,
      "isRadiant": true,
      "total_gold": 14740,
      "total_xp": 33491,
      "kills_per_min": 0.13167520117044623,
      "kda": 1,
      "abandons": 0,
      "rank_tier": null,
      "is_subscriber": false,
      "cosmetics": [],
      "benchmarks": {
        "gold_per_min": {
          "raw": 647,
          "pct": 0.9666666666666667
        },
        "xp_per_min": {
          "raw": 1470,
          "pct": 1
        },
        "kills_per_min": {
          "raw": 0.13167520117044623,
          "pct": 0.5
        },
        "last_hits_per_min": {
          "raw": 2.852962692026335,
          "pct": 0.6
        },
        "hero_damage_per_min": {
          "raw": 499.6196049743965,
          "pct": 0.4666666666666667
        },
        "hero_healing_per_min": {
          "raw": 0,
          "pct": 0.8666666666666667
        },
        "tower_damage": {
          "raw": 67,
          "pct": 0.16666666666666666
        },
        "stuns_per_min": {
          "raw": 0,
          "pct": 0
        },
        "lhten": {}
      }
    },
    {
      "player_slot": 1,
      "ability_targets": null,
      "ability_upgrades_arr": [
        5218,
        5220,
        5218,
        5220,
        5218,
        5221,
        5219,
        5218,
        5220,
        6820,
        5221,
        5219,
        5219,
        5219,
        717,
        5220,
        5221,
        984
      ],
      "ability_uses": null,
      "actions": null,
      "additional_units": null,
      "assists": 6,
      "backpack_0": 0,
      "backpack_1": 0,
      "backpack_2": 0,
      "backpack_3": null,
      "buyback_log": null,
      "camps_stacked": null,
      "connection_log": null,
      "creeps_stacked": null,
      "damage": null,
      "damage_inflictor": null,
      "damage_inflictor_received": null,
      "damage_taken": null,
      "damage_targets": null,
      "deaths": 8,
      "denies": 3,
      "dn_t": null,
      "firstblood_claimed": null,
      "gold": 2289,
      "gold_per_min": 426,
      "gold_reasons": null,
      "gold_spent": 8095,
      "gold_t": null,
      "hero_damage": 9938,
      "hero_healing": 0,
      "hero_hits": null,
      "hero_id": 47,
      "item_0": 0,
      "item_1": 216,
      "item_2": 63,
      "item_3": 206,
      "item_4": 0,
      "item_5": 21,
      "item_neutral": 357,
      "item_uses": null,
      "kill_streaks": null,
      "killed": null,
      "killed_by": null,
      "kills": 2,
      "kills_log": null,
      "lane_pos": null,
      "last_hits": 16,
      "leaver_status": 0,
      "level": 22,
      "lh_t": null,
      "life_state": null,
      "max_hero_hit": null,
      "multi_kills": null,
      "net_worth": 9004,
      "obs": null,
      "obs_left_log": null,
      "obs_log": null,
      "obs_placed": null,
      "party_id": 1,
      "party_size": 1,
      "performance_others": null,
      "permanent_buffs": [
        {
          "permanent_buff": 12,
          "stack_count": 0,
          "grant_time": 1117
        }
      ],
      "pings": null,
      "pred_vict": null,
      "purchase": null,
      "purchase_log": null,
      "randomed": null,
      "repicked": null,
      "roshans_killed": null,
      "rune_pickups": null,
      "runes": null,
      "runes_log": null,
      "sen": null,
      "sen_left_log": null,
      "sen_log": null,
      "sen_placed": null,
      "stuns": null,
      "teamfight_participation": null,
      "times": null,
      "tower_damage": 97,
      "towers_killed": null,
      "xp_per_min": 1235,
      "xp_reasons": null,
      "xp_t": null,
      "start_time": 1669911445,
      "duration": 1367,
      "cluster": 188,
      "lobby_type": 0,
      "game_mode": 23,
      "is_contributor": false,
      "patch": 51,
      "region": 8,
      "isRadiant": true,
      "total_gold": 9705,
      "total_xp": 28137,
      "kills_per_min": 0.08778346744696415,
      "kda": 0,
      "abandons": 0,
      "rank_tier": null,
      "is_subscriber": false,
      "cosmetics": [],
      "benchmarks": {
        "gold_per_min": {
          "raw": 426,
          "pct": 0.25
        },
        "xp_per_min": {
          "raw": 1235,
          "pct": 1
        },
        "kills_per_min": {
          "raw": 0.08778346744696416,
          "pct": 0.2
        },
        "last_hits_per_min": {
          "raw": 0.7022677395757133,
          "pct": 0
        },
        "hero_damage_per_min": {
          "raw": 436.1960497439649,
          "pct": 0.05
        },
        "hero_healing_per_min": {
          "raw": 0,
          "pct": 0.85
        },
        "tower_damage": {
          "raw": 97,
          "pct": 0.05
        },
        "stuns_per_min": {
          "raw": 0,
          "pct": 0.5
        },
        "lhten": {}
      }
    },
    {
      "player_slot": 2,
      "ability_targets": null,
      "ability_upgrades_arr": [
        5716,
        5723,
        5721,
        5723,
        5721,
        5723,
        5725,
        5721,
        5721,
        5723,
        5716,
        5725,
        748,
        5716,
        5716,
        6421,
        5725,
        802
      ],
      "ability_uses": null,
      "actions": null,
      "additional_units": null,
      "assists": 6,
      "backpack_0": 0,
      "backpack_1": 0,
      "backpack_2": 0,
      "backpack_3": null,
      "buyback_log": null,
      "camps_stacked": null,
      "connection_log": null,
      "creeps_stacked": null,
      "damage": null,
      "damage_inflictor": null,
      "damage_inflictor_received": null,
      "damage_taken": null,
      "damage_targets": null,
      "deaths": 8,
      "denies": 10,
      "dn_t": null,
      "firstblood_claimed": null,
      "gold": 1341,
      "gold_per_min": 734,
      "gold_reasons": null,
      "gold_spent": 16295,
      "gold_t": null,
      "hero_damage": 24673,
      "hero_healing": 0,
      "hero_hits": null,
      "hero_id": 114,
      "item_0": 26,
      "item_1": 112,
      "item_2": 116,
      "item_3": 143,
      "item_4": 569,
      "item_5": 50,
      "item_neutral": 828,
      "item_uses": null,
      "kill_streaks": null,
      "killed": null,
      "killed_by": null,
      "kills": 6,
      "kills_log": null,
      "lane_pos": null,
      "last_hits": 65,
      "leaver_status": 0,
      "level": 22,
      "lh_t": null,
      "life_state": null,
      "max_hero_hit": null,
      "multi_kills": null,
      "net_worth": 16716,
      "obs": null,
      "obs_left_log": null,
      "obs_log": null,
      "obs_placed": null,
      "party_id": 2,
      "party_size": 3,
      "performance_others": null,
      "permanent_buffs": [
        {
          "permanent_buff": 6,
          "stack_count": 1,
          "grant_time": 877
        }
      ],
      "pings": null,
      "pred_vict": null,
      "purchase": null,
      "purchase_log": null,
      "randomed": null,
      "repicked": null,
      "roshans_killed": null,
      "rune_pickups": null,
      "runes": null,
      "runes_log": null,
      "sen": null,
      "sen_left_log": null,
      "sen_log": null,
      "sen_placed": null,
      "stuns": null,
      "teamfight_participation": null,
      "times": null,
      "tower_damage": 0,
      "towers_killed": null,
      "xp_per_min": 1249,
      "xp_reasons": null,
      "xp_t": null,
      "start_time": 1669911445,
      "duration": 1367,
      "cluster": 188,
      "lobby_type": 0,
      "game_mode": 23,
      "is_contributor": false,
      "patch": 51,
      "region": 8,
      "isRadiant": true,
      "total_gold": 16722,
      "total_xp": 28456,
      "kills_per_min": 0.26335040234089246,
      "kda": 1,
      "abandons": 0,
      "rank_tier": null,
      "is_subscriber": false,
      "cosmetics": [],
      "benchmarks": {
        "gold_per_min": {
          "raw": 734,
          "pct": 0.8536585365853658
        },
        "xp_per_min": {
          "raw": 1249,
          "pct": 1
        },
        "kills_per_min": {
          "raw": 0.26335040234089246,
          "pct": 0.6585365853658537
        },
        "last_hits_per_min": {
          "raw": 2.852962692026335,
          "pct": 0.21951219512195122
        },
        "hero_damage_per_min": {
          "raw": 1082.9407461594733,
          "pct": 0.926829268292683
        },
        "hero_healing_per_min": {
          "raw": 0,
          "pct": 1
        },
        "tower_damage": {
          "raw": 0,
          "pct": 0.1951219512195122
        },
        "stuns_per_min": {
          "raw": 0,
          "pct": 0.024390243902439025
        },
        "lhten": {}
      }
    },
    {
      "player_slot": 3,
      "ability_targets": null,
      "ability_upgrades_arr": [
        5339,
        5340,
        5339,
        5340,
        5342,
        5339,
        5339,
        5340,
        5340,
        5341,
        6369,
        5342,
        5341,
        6314,
        5341,
        5342,
        970,
        971
      ],
      "ability_uses": null,
      "actions": null,
      "additional_units": null,
      "assists": 2,
      "backpack_0": 88,
      "backpack_1": 0,
      "backpack_2": 0,
      "backpack_3": null,
      "buyback_log": null,
      "camps_stacked": null,
      "connection_log": null,
      "creeps_stacked": null,
      "damage": null,
      "damage_inflictor": null,
      "damage_inflictor_received": null,
      "damage_taken": null,
      "damage_targets": null,
      "deaths": 6,
      "denies": 1,
      "dn_t": null,
      "firstblood_claimed": null,
      "gold": 407,
      "gold_per_min": 917,
      "gold_reasons": null,
      "gold_spent": 21265,
      "gold_t": null,
      "hero_damage": 11641,
      "hero_healing": 0,
      "hero_hits": null,
      "hero_id": 69,
      "item_0": 50,
      "item_1": 65,
      "item_2": 116,
      "item_3": 137,
      "item_4": 108,
      "item_5": 86,
      "item_neutral": 825,
      "item_uses": null,
      "kill_streaks": null,
      "killed": null,
      "killed_by": null,
      "kills": 1,
      "kills_log": null,
      "lane_pos": null,
      "last_hits": 90,
      "leaver_status": 0,
      "level": 25,
      "lh_t": null,
      "life_state": null,
      "max_hero_hit": null,
      "multi_kills": null,
      "net_worth": 19757,
      "obs": null,
      "obs_left_log": null,
      "obs_log": null,
      "obs_placed": null,
      "party_id": 2,
      "party_size": 3,
      "performance_others": null,
      "permanent_buffs": [
        {
          "permanent_buff": 12,
          "stack_count": 0,
          "grant_time": 1314
        }
      ],
      "pings": null,
      "pred_vict": null,
      "purchase": null,
      "purchase_log": null,
      "randomed": null,
      "repicked": null,
      "roshans_killed": null,
      "rune_pickups": null,
      "runes": null,
      "runes_log": null,
      "sen": null,
      "sen_left_log": null,
      "sen_log": null,
      "sen_placed": null,
      "stuns": null,
      "teamfight_participation": null,
      "times": null,
      "tower_damage": 0,
      "towers_killed": null,
      "xp_per_min": 1575,
      "xp_reasons": null,
      "xp_t": null,
      "start_time": 1669911445,
      "duration": 1367,
      "cluster": 188,
      "lobby_type": 0,
      "game_mode": 23,
      "is_contributor": false,
      "patch": 51,
      "region": 8,
      "isRadiant": true,
      "total_gold": 20892,
      "total_xp": 35883,
      "kills_per_min": 0.043891733723482075,
      "kda": 0,
      "abandons": 0,
      "rank_tier": null,
      "is_subscriber": false,
      "cosmetics": [],
      "benchmarks": {
        "gold_per_min": {
          "raw": 917,
          "pct": 1
        },
        "xp_per_min": {
          "raw": 1575,
          "pct": 1
        },
        "kills_per_min": {
          "raw": 0.04389173372348208,
          "pct": 0.14285714285714285
        },
        "last_hits_per_min": {
          "raw": 3.950256035113387,
          "pct": 0.14285714285714285
        },
        "hero_damage_per_min": {
          "raw": 510.9436722750549,
          "pct": 0.5142857142857142
        },
        "hero_healing_per_min": {
          "raw": 0,
          "pct": 0.8285714285714286
        },
        "tower_damage": {
          "raw": 0,
          "pct": 0.14285714285714285
        },
        "stuns_per_min": {
          "raw": 0,
          "pct": 0.05714285714285714
        },
        "lhten": {}
      }
    },
    {
      "player_slot": 4,
      "ability_targets": null,
      "ability_upgrades_arr": [
        5154,
        5155,
        5154,
        5156,
        5154,
        5157,
        5154,
        5155,
        5156,
        928,
        5155,
        5157,
        5156,
        5155,
        7396,
        5156,
        5157,
        6305
      ],
      "ability_uses": null,
      "actions": null,
      "additional_units": null,
      "assists": 9,
      "backpack_0": 0,
      "backpack_1": 0,
      "backpack_2": 0,
      "backpack_3": null,
      "buyback_log": null,
      "camps_stacked": null,
      "connection_log": null,
      "creeps_stacked": null,
      "damage": null,
      "damage_inflictor": null,
      "damage_inflictor_received": null,
      "damage_taken": null,
      "damage_targets": null,
      "deaths": 9,
      "denies": 3,
      "dn_t": null,
      "firstblood_claimed": null,
      "gold": 1752,
      "gold_per_min": 639,
      "gold_reasons": null,
      "gold_spent": 13420,
      "gold_t": null,
      "hero_damage": 20537,
      "hero_healing": 0,
      "hero_hits": null,
      "hero_id": 35,
      "item_0": 176,
      "item_1": 75,
      "item_2": 29,
      "item_3": 108,
      "item_4": 232,
      "item_5": 60,
      "item_neutral": 675,
      "item_uses": null,
      "kill_streaks": null,
      "killed": null,
      "killed_by": null,
      "kills": 2,
      "kills_log": null,
      "lane_pos": null,
      "last_hits": 57,
      "leaver_status": 0,
      "level": 23,
      "lh_t": null,
      "life_state": null,
      "max_hero_hit": null,
      "multi_kills": null,
      "net_worth": 15082,
      "obs": null,
      "obs_left_log": null,
      "obs_log": null,
      "obs_placed": null,
      "party_id": 2,
      "party_size": 3,
      "performance_others": null,
      "permanent_buffs": [],
      "pings": null,
      "pred_vict": null,
      "purchase": null,
      "purchase_log": null,
      "randomed": null,
      "repicked": null,
      "roshans_killed": null,
      "rune_pickups": null,
      "runes": null,
      "runes_log": null,
      "sen": null,
      "sen_left_log": null,
      "sen_log": null,
      "sen_placed": null,
      "stuns": null,
      "teamfight_participation": null,
      "times": null,
      "tower_damage": 379,
      "towers_killed": null,
      "xp_per_min": 1334,
      "xp_reasons": null,
      "xp_t": null,
      "start_time": 1669911445,
      "duration": 1367,
      "cluster": 188,
      "lobby_type": 0,
      "game_mode": 23,
      "is_contributor": false,
      "patch": 51,
      "region": 8,
      "isRadiant": true,
      "total_gold": 14558,
      "total_xp": 30392,
      "kills_per_min": 0.08778346744696415,
      "kda": 1,
      "abandons": 0,
      "rank_tier": null,
      "is_subscriber": false,
      "cosmetics": [],
      "benchmarks": {
        "gold_per_min": {
          "raw": 639,
          "pct": 0.5925925925925926
        },
        "xp_per_min": {
          "raw": 1334,
          "pct": 1
        },
        "kills_per_min": {
          "raw": 0.08778346744696416,
          "pct": 0.1111111111111111
        },
        "last_hits_per_min": {
          "raw": 2.5018288222384784,
          "pct": 0.037037037037037035
        },
        "hero_damage_per_min": {
          "raw": 901.4045354791514,
          "pct": 0.48148148148148145
        },
        "hero_healing_per_min": {
          "raw": 0,
          "pct": 0.9629629629629629
        },
        "tower_damage": {
          "raw": 379,
          "pct": 0.1111111111111111
        },
        "stuns_per_min": {
          "raw": 0,
          "pct": 0.1111111111111111
        },
        "lhten": {}
      }
    },
    {
      "player_slot": 128,
      "ability_targets": null,
      "ability_upgrades_arr": [
        5075,
        5076,
        5076,
        5074,
        5076,
        5077,
        5076,
        5074,
        5074,
        5074,
        7142,
        5077,
        5075,
        5075,
        6565,
        5075,
        5077,
        730,
        408,
        6506
      ],
      "ability_uses": null,
      "actions": null,
      "additional_units": null,
      "assists": 9,
      "backpack_0": 0,
      "backpack_1": 0,
      "backpack_2": 0,
      "backpack_3": null,
      "buyback_log": null,
      "camps_stacked": null,
      "connection_log": null,
      "creeps_stacked": null,
      "damage": null,
      "damage_inflictor": null,
      "damage_inflictor_received": null,
      "damage_taken": null,
      "damage_targets": null,
      "deaths": 3,
      "denies": 8,
      "dn_t": null,
      "firstblood_claimed": null,
      "gold": 2324,
      "gold_per_min": 1011,
      "gold_reasons": null,
      "gold_spent": 21340,
      "gold_t": null,
      "hero_damage": 15876,
      "hero_healing": 21,
      "hero_hits": null,
      "hero_id": 14,
      "item_0": 108,
      "item_1": 73,
      "item_2": 600,
      "item_3": 50,
      "item_4": 114,
      "item_5": 37,
      "item_neutral": 364,
      "item_uses": null,
      "kill_streaks": null,
      "killed": null,
      "killed_by": null,
      "kills": 4,
      "kills_log": null,
      "lane_pos": null,
      "last_hits": 113,
      "leaver_status": 0,
      "level": 26,
      "lh_t": null,
      "life_state": null,
      "max_hero_hit": null,
      "multi_kills": null,
      "net_worth": 22029,
      "obs": null,
      "obs_left_log": null,
      "obs_log": null,
      "obs_placed": null,
      "party_id": 3,
      "party_size": 2,
      "performance_others": null,
      "permanent_buffs": [
        {
          "permanent_buff": 4,
          "stack_count": 9,
          "grant_time": 337
        }
      ],
      "pings": null,
      "pred_vict": null,
      "purchase": null,
      "purchase_log": null,
      "randomed": null,
      "repicked": null,
      "roshans_killed": null,
      "rune_pickups": null,
      "runes": null,
      "runes_log": null,
      "sen": null,
      "sen_left_log": null,
      "sen_log": null,
      "sen_placed": null,
      "stuns": null,
      "teamfight_participation": null,
      "times": null,
      "tower_damage": 1177,
      "towers_killed": null,
      "xp_per_min": 1612,
      "xp_reasons": null,
      "xp_t": null,
      "start_time": 1669911445,
      "duration": 1367,
      "cluster": 188,
      "lobby_type": 0,
      "game_mode": 23,
      "is_contributor": false,
      "patch": 51,
      "region": 8,
      "isRadiant": false,
      "total_gold": 23033,
      "total_xp": 36726,
      "kills_per_min": 0.1755669348939283,
      "kda": 3,
      "abandons": 0,
      "rank_tier": null,
      "is_subscriber": false,
      "cosmetics": [],
      "benchmarks": {
        "gold_per_min": {
          "raw": 1011,
          "pct": 1
        },
        "xp_per_min": {
          "raw": 1612,
          "pct": 1
        },
        "kills_per_min": {
          "raw": 0.17556693489392833,
          "pct": 0.44642857142857145
        },
        "last_hits_per_min": {
          "raw": 4.959765910753474,
          "pct": 0.6964285714285714
        },
        "hero_damage_per_min": {
          "raw": 696.8251645940014,
          "pct": 0.7321428571428571
        },
        "hero_healing_per_min": {
          "raw": 0.9217264081931236,
          "pct": 0.6428571428571429
        },
        "tower_damage": {
          "raw": 1177,
          "pct": 0.8392857142857143
        },
        "stuns_per_min": {
          "raw": 0,
          "pct": 0
        },
        "lhten": {}
      }
    },
    {
      "player_slot": 129,
      "ability_targets": null,
      "ability_upgrades_arr": [
        5685,
        5090,
        5685,
        5090,
        5090,
        5093,
        5685,
        5685,
        1089,
        5090,
        5091,
        5093,
        5091,
        5091,
        6628,
        5091,
        5093,
        5976,
        698,
        5939,
        6367
      ],
      "ability_uses": null,
      "actions": null,
      "additional_units": null,
      "assists": 17,
      "backpack_0": 0,
      "backpack_1": 0,
      "backpack_2": 0,
      "backpack_3": null,
      "buyback_log": null,
      "camps_stacked": null,
      "connection_log": null,
      "creeps_stacked": null,
      "damage": null,
      "damage_inflictor": null,
      "damage_inflictor_received": null,
      "damage_taken": null,
      "damage_targets": null,
      "deaths": 1,
      "denies": 4,
      "dn_t": null,
      "firstblood_claimed": null,
      "gold": 3532,
      "gold_per_min": 1215,
      "gold_reasons": null,
      "gold_spent": 25245,
      "gold_t": null,
      "hero_damage": 15852,
      "hero_healing": 0,
      "hero_hits": null,
      "hero_id": 43,
      "item_0": 235,
      "item_1": 100,
      "item_2": 254,
      "item_3": 50,
      "item_4": 96,
      "item_5": 176,
      "item_neutral": 335,
      "item_uses": null,
      "kill_streaks": null,
      "killed": null,
      "killed_by": null,
      "kills": 10,
      "kills_log": null,
      "lane_pos": null,
      "last_hits": 70,
      "leaver_status": 0,
      "level": 28,
      "lh_t": null,
      "life_state": null,
      "max_hero_hit": null,
      "multi_kills": null,
      "net_worth": 26807,
      "obs": null,
      "obs_left_log": null,
      "obs_log": null,
      "obs_placed": null,
      "party_id": 3,
      "party_size": 2,
      "performance_others": null,
      "permanent_buffs": [
        {
          "permanent_buff": 12,
          "stack_count": 0,
          "grant_time": 1045
        }
      ],
      "pings": null,
      "pred_vict": null,
      "purchase": null,
      "purchase_log": null,
      "randomed": null,
      "repicked": null,
      "roshans_killed": null,
      "rune_pickups": null,
      "runes": null,
      "runes_log": null,
      "sen": null,
      "sen_left_log": null,
      "sen_log": null,
      "sen_placed": null,
      "stuns": null,
      "teamfight_participation": null,
      "times": null,
      "tower_damage": 11134,
      "towers_killed": null,
      "xp_per_min": 1973,
      "xp_reasons": null,
      "xp_t": null,
      "personaname": "THE_BESTолочь",
      "name": null,
      "last_login": null,
      "start_time": 1669911445,
      "duration": 1367,
      "cluster": 188,
      "lobby_type": 0,
      "game_mode": 23,
      "is_contributor": false,
      "patch": 51,
      "region": 8,
      "isRadiant": false,
      "total_gold": 27681,
      "total_xp": 44951,
      "kills_per_min": 0.43891733723482074,
      "kda": 13,
      "abandons": 0,
      "rank_tier": null,
      "is_subscriber": false,
      "cosmetics": [],
      "benchmarks": {
        "gold_per_min": {
          "raw": 1215,
          "pct": 1
        },
        "xp_per_min": {
          "raw": 1973,
          "pct": 1
        },
        "kills_per_min": {
          "raw": 0.4389173372348208,
          "pct": 1
        },
        "last_hits_per_min": {
          "raw": 3.0724213606437454,
          "pct": 0.045454545454545456
        },
        "hero_damage_per_min": {
          "raw": 695.7717629846379,
          "pct": 0.7727272727272727
        },
        "hero_healing_per_min": {
          "raw": 0,
          "pct": 0.36363636363636365
        },
        "tower_damage": {
          "raw": 11134,
          "pct": 0.9545454545454546
        },
        "stuns_per_min": {
          "raw": 0,
          "pct": 0.4772727272727273
        },
        "lhten": {}
      }
    },
    {
      "player_slot": 130,
      "ability_targets": null,
      "ability_upgrades_arr": [
        7322,
        5566,
        7322,
        5565,
        7322,
        5568,
        7322,
        5566,
        5566,
        414,
        5566,
        5568,
        5565,
        5565,
        5565,
        6411,
        5568,
        6194,
        6962
      ],
      "ability_uses": null,
      "actions": null,
      "additional_units": null,
      "assists": 13,
      "backpack_0": 0,
      "backpack_1": 0,
      "backpack_2": 0,
      "backpack_3": null,
      "buyback_log": null,
      "camps_stacked": null,
      "connection_log": null,
      "creeps_stacked": null,
      "damage": null,
      "damage_inflictor": null,
      "damage_inflictor_received": null,
      "damage_taken": null,
      "damage_targets": null,
      "deaths": 5,
      "denies": 4,
      "dn_t": null,
      "firstblood_claimed": null,
      "gold": 2976,
      "gold_per_min": 895,
      "gold_reasons": null,
      "gold_spent": 18955,
      "gold_t": null,
      "hero_damage": 14451,
      "hero_healing": 0,
      "hero_hits": null,
      "hero_id": 100,
      "item_0": 569,
      "item_1": 114,
      "item_2": 229,
      "item_3": 1,
      "item_4": 210,
      "item_5": 63,
      "item_neutral": 381,
      "item_uses": null,
      "kill_streaks": null,
      "killed": null,
      "killed_by": null,
      "kills": 5,
      "kills_log": null,
      "lane_pos": null,
      "last_hits": 57,
      "leaver_status": 0,
      "level": 27,
      "lh_t": null,
      "life_state": null,
      "max_hero_hit": null,
      "multi_kills": null,
      "net_worth": 20226,
      "obs": null,
      "obs_left_log": null,
      "obs_log": null,
      "obs_placed": null,
      "party_id": 4,
      "party_size": 2,
      "performance_others": null,
      "permanent_buffs": [
        {
          "permanent_buff": 12,
          "stack_count": 0,
          "grant_time": 1356
        }
      ],
      "pings": null,
      "pred_vict": null,
      "purchase": null,
      "purchase_log": null,
      "randomed": null,
      "repicked": null,
      "roshans_killed": null,
      "rune_pickups": null,
      "runes": null,
      "runes_log": null,
      "sen": null,
      "sen_left_log": null,
      "sen_log": null,
      "sen_placed": null,
      "stuns": null,
      "teamfight_participation": null,
      "times": null,
      "tower_damage": 5631,
      "towers_killed": null,
      "xp_per_min": 1719,
      "xp_reasons": null,
      "xp_t": null,
      "start_time": 1669911445,
      "duration": 1367,
      "cluster": 188,
      "lobby_type": 0,
      "game_mode": 23,
      "is_contributor": false,
      "patch": 51,
      "region": 8,
      "isRadiant": false,
      "total_gold": 20391,
      "total_xp": 39164,
      "kills_per_min": 0.21945866861741037,
      "kda": 3,
      "abandons": 0,
      "rank_tier": null,
      "is_subscriber": false,
      "cosmetics": [],
      "benchmarks": {
        "gold_per_min": {
          "raw": 895,
          "pct": 1
        },
        "xp_per_min": {
          "raw": 1719,
          "pct": 1
        },
        "kills_per_min": {
          "raw": 0.2194586686174104,
          "pct": 0.7605633802816901
        },
        "last_hits_per_min": {
          "raw": 2.5018288222384784,
          "pct": 0.5915492957746479
        },
        "hero_damage_per_min": {
          "raw": 634.2794440380395,
          "pct": 0.8309859154929577
        },
        "hero_healing_per_min": {
          "raw": 0,
          "pct": 0.7605633802816901
        },
        "tower_damage": {
          "raw": 5631,
          "pct": 1
        },
        "stuns_per_min": {
          "raw": 0,
          "pct": 0
        },
        "lhten": {}
      }
    },
    {
      "player_slot": 131,
      "ability_targets": null,
      "ability_upgrades_arr": [
        5028,
        5027,
        5028,
        5027,
        5028,
        5030,
        5027,
        5028,
        5027,
        5029,
        5029,
        5030,
        5029,
        6105,
        5029,
        7394,
        5030,
        7021,
        1013,
        5921,
        628
      ],
      "ability_uses": null,
      "actions": null,
      "additional_units": null,
      "assists": 8,
      "backpack_0": 0,
      "backpack_1": 0,
      "backpack_2": 0,
      "backpack_3": null,
      "buyback_log": null,
      "camps_stacked": null,
      "connection_log": null,
      "creeps_stacked": null,
      "damage": null,
      "damage_inflictor": null,
      "damage_inflictor_received": null,
      "damage_taken": null,
      "damage_targets": null,
      "deaths": 0,
      "denies": 6,
      "dn_t": null,
      "firstblood_claimed": null,
      "gold": 5351,
      "gold_per_min": 1544,
      "gold_reasons": null,
      "gold_spent": 31425,
      "gold_t": null,
      "hero_damage": 24407,
      "hero_healing": 9743,
      "hero_hits": null,
      "hero_id": 8,
      "item_0": 176,
      "item_1": 277,
      "item_2": 600,
      "item_3": 96,
      "item_4": 137,
      "item_5": 50,
      "item_neutral": 676,
      "item_uses": null,
      "kill_streaks": null,
      "killed": null,
      "killed_by": null,
      "kills": 15,
      "kills_log": null,
      "lane_pos": null,
      "last_hits": 158,
      "leaver_status": 0,
      "level": 28,
      "lh_t": null,
      "life_state": null,
      "max_hero_hit": null,
      "multi_kills": null,
      "net_worth": 34626,
      "obs": null,
      "obs_left_log": null,
      "obs_log": null,
      "obs_placed": null,
      "party_id": 4,
      "party_size": 2,
      "performance_others": null,
      "permanent_buffs": [
        {
          "permanent_buff": 12,
          "stack_count": 0,
          "grant_time": 1228
        }
      ],
      "pings": null,
      "pred_vict": null,
      "purchase": null,
      "purchase_log": null,
      "randomed": null,
      "repicked": null,
      "roshans_killed": null,
      "rune_pickups": null,
      "runes": null,
      "runes_log": null,
      "sen": null,
      "sen_left_log": null,
      "sen_log": null,
      "sen_placed": null,
      "stuns": null,
      "teamfight_participation": null,
      "times": null,
      "tower_damage": 4487,
      "towers_killed": null,
      "xp_per_min": 1941,
      "xp_reasons": null,
      "xp_t": null,
      "personaname": "グ能everlasting hate能グ",
      "name": null,
      "last_login": null,
      "start_time": 1669911445,
      "duration": 1367,
      "cluster": 188,
      "lobby_type": 0,
      "game_mode": 23,
      "is_contributor": false,
      "patch": 51,
      "region": 8,
      "isRadiant": false,
      "total_gold": 35177,
      "total_xp": 44222,
      "kills_per_min": 0.6583760058522311,
      "kda": 23,
      "abandons": 0,
      "rank_tier": 51,
      "is_subscriber": false,
      "cosmetics": [],
      "benchmarks": {
        "gold_per_min": {
          "raw": 1544,
          "pct": 1
        },
        "xp_per_min": {
          "raw": 1941,
          "pct": 1
        },
        "kills_per_min": {
          "raw": 0.6583760058522311,
          "pct": 1
        },
        "last_hits_per_min": {
          "raw": 6.934893928310168,
          "pct": 0.30303030303030304
        },
        "hero_damage_per_min": {
          "raw": 1071.2655449890271,
          "pct": 0.7272727272727273
        },
        "hero_healing_per_min": {
          "raw": 427.6371616678859,
          "pct": 0.9393939393939394
        },
        "tower_damage": {
          "raw": 4487,
          "pct": 0.36363636363636365
        },
        "stuns_per_min": {
          "raw": 0,
          "pct": 0.3333333333333333
        },
        "lhten": {}
      }
    },
    {
      "player_slot": 132,
      "ability_targets": null,
      "ability_upgrades_arr": [
        5458,
        5460,
        5458,
        5459,
        5458,
        5461,
        5459,
        5458,
        5459,
        5459,
        6368,
        5461,
        517,
        5460,
        5460,
        5460,
        5461,
        6215
      ],
      "ability_uses": null,
      "actions": null,
      "additional_units": null,
      "assists": 11,
      "backpack_0": 0,
      "backpack_1": 0,
      "backpack_2": 0,
      "backpack_3": null,
      "buyback_log": null,
      "camps_stacked": null,
      "connection_log": null,
      "creeps_stacked": null,
      "damage": null,
      "damage_inflictor": null,
      "damage_inflictor_received": null,
      "damage_taken": null,
      "damage_targets": null,
      "deaths": 6,
      "denies": 0,
      "dn_t": null,
      "firstblood_claimed": null,
      "gold": 1824,
      "gold_per_min": 664,
      "gold_reasons": null,
      "gold_spent": 13920,
      "gold_t": null,
      "hero_damage": 10458,
      "hero_healing": 0,
      "hero_hits": null,
      "hero_id": 87,
      "item_0": 188,
      "item_1": 254,
      "item_2": 36,
      "item_3": 180,
      "item_4": 256,
      "item_5": 108,
      "item_neutral": 675,
      "item_uses": null,
      "kill_streaks": null,
      "killed": null,
      "killed_by": null,
      "kills": 3,
      "kills_log": null,
      "lane_pos": null,
      "last_hits": 18,
      "leaver_status": 0,
      "level": 24,
      "lh_t": null,
      "life_state": null,
      "max_hero_hit": null,
      "multi_kills": null,
      "net_worth": 14274,
      "obs": null,
      "obs_left_log": null,
      "obs_log": null,
      "obs_placed": null,
      "party_id": 5,
      "party_size": 1,
      "performance_others": null,
      "permanent_buffs": [
        {
          "permanent_buff": 6,
          "stack_count": 2,
          "grant_time": 938
        },
        {
          "permanent_buff": 12,
          "stack_count": 0,
          "grant_time": 1526
        }
      ],
      "pings": null,
      "pred_vict": null,
      "purchase": null,
      "purchase_log": null,
      "randomed": null,
      "repicked": null,
      "roshans_killed": null,
      "rune_pickups": null,
      "runes": null,
      "runes_log": null,
      "sen": null,
      "sen_left_log": null,
      "sen_log": null,
      "sen_placed": null,
      "stuns": null,
      "teamfight_participation": null,
      "times": null,
      "tower_damage": 1711,
      "towers_killed": null,
      "xp_per_min": 1384,
      "xp_reasons": null,
      "xp_t": null,
      "personaname": "immoral (不道徳)",
      "name": null,
      "last_login": "2021-11-26T08:37:37.831Z",
      "start_time": 1669911445,
      "duration": 1367,
      "cluster": 188,
      "lobby_type": 0,
      "game_mode": 23,
      "is_contributor": false,
      "patch": 51,
      "region": 8,
      "isRadiant": false,
      "total_gold": 15128,
      "total_xp": 31532,
      "kills_per_min": 0.13167520117044623,
      "kda": 2,
      "abandons": 0,
      "rank_tier": 52,
      "is_subscriber": false,
      "cosmetics": [],
      "benchmarks": {
        "gold_per_min": {
          "raw": 664,
          "pct": 1
        },
        "xp_per_min": {
          "raw": 1384,
          "pct": 1
        },
        "kills_per_min": {
          "raw": 0.13167520117044623,
          "pct": 0.8421052631578947
        },
        "last_hits_per_min": {
          "raw": 0.7900512070226774,
          "pct": 0.5789473684210527
        },
        "hero_damage_per_min": {
          "raw": 459.01975128017557,
          "pct": 0.9122807017543859
        },
        "hero_healing_per_min": {
          "raw": 0,
          "pct": 0.8070175438596491
        },
        "tower_damage": {
          "raw": 1711,
          "pct": 0.9649122807017544
        },
        "stuns_per_min": {
          "raw": 0,
          "pct": 1
        },
        "lhten": {}
      }
    }
  ],
  "patch": 51,
  "region": 8
}