{
  "chat": null,
  "cluster": 184,
  "cosmetics": null,
  "dire_score": 22,
  "dire_team_id": null,
  "draft_timings": null,
  "duration": 1290,
  "engine": 1,
  "first_blood_time": 98,
  "game_mode": 23,
  "human_players": 10,
  "leagueid": 0,
  "lobby_type": 0,
  "match_seq_num": 5780321066,
  "negative_votes": 0,
  "objectives": null,
  "picks_bans": null,
  "positive_votes": 0,
  "radiant_gold_adv": null,
  "radiant_score": 43,
  "radiant_team_id": null,
  "radiant_xp_adv": null,
  "skill": null,
  "start_time": 1669911636,
  "teamfights": null,
  "version": null,
  "replay_salt": 965458262,
  "series_id": 0,
  "series_type": 0,
  "players": [
    {
      "player_slot": 0,
      "ability_targets": null,
      "ability_upgrades_arr": [
        5107,
        5106,
        5106,
        5107,
        5107,
        5106,
        5107,
        5109,
        5106,
        5918,
        5108,
        5109,
        5108,
        6937,
        6937,
        6153,
        5109,
        7005,
        6932,
        6137,
        753,
        718
      ],
      "ability_uses": null,
      "actions": null,
      "additional_units": null,
      "assists": 17,
      "backpack_0": 16,
      "backpack_1": 75,
      "backpack_2": 0,
      "backpack_3": null,
      "buyback_log": null,
      "camps_stacked": null,
      "connection_log": null,
      "creeps_stacked": null,
      "damage": null,
      "damage_inflictor": null,
      "damage_inflictor_received": null,
      "damage_taken": null,
      "damage_targets": null,
      "deaths": 2,
      "denies": 1,
      "dn_t": null,
      "firstblood_claimed": null,
      "gold": 2715,
      "gold_per_min": 977,
      "gold_reasons": null,
      "gold_spent": 18885,
      "gold_t": null,
      "hero_damage": 12010,
      "hero_healing": 0,
      "hero_hits": null,
      "hero_id": 19,
      "item_0": 249,
      "item_1": 50,
      "item_2": 34,
      "item_3": 1,
      "item_4": 112,
      "item_5": 252,
      "item_neutral": 573,
      "item_uses": null,
      "kill_streaks": null,
      "killed": null,
      "killed_by": null,
      "kills": 2,
      "kills_log": null,
      "lane_pos": null,
      "last_hits": 57,
      "leaver_status": 0,
      "level": 29,
      "lh_t": null,
      "life_state": null,
      "max_hero_hit": null,
      "multi_kills": null,
      "net_worth": 20395,
      "obs": null,
      "obs_left_log": null,
      "obs_log": null,
      "obs_placed": null,
      "party_id": 0,
      "party_size": 1,
      "performance_others": null,
      "permanent_buffs": [],
      "pings": null,
      "pred_vict": null,
      "purchase": null,
      "purchase_log": null,
      "randomed": null,
      "repicked": null,
      "roshans_killed": null,
      "rune_pickups": null,
      "runes": null,
      "runes_log": null,
      "sen": null,
      "sen_left_log": null,
      "sen_log": null,
      "sen_placed": null,
      "stuns": null,
      "teamfight_participation": null,
      "times": null,
      "tower_damage": 1279,
      "towers_killed": null,
      "xp_per_min": 1836,
      "xp_reasons": null,
      "xp_t": null,
      "personaname": "Cафронов",
      "name": null,
      "last_login": "2022-08-27T22:17:14.509Z",
      "start_time": 1669911636,
      "duration": 1290,
      "cluster": 184,
      "lobby_type": 0,
      "game_mode": 23,
      "is_contributor": false,
      "patch": 51,
      "region": 8,
      "isRadiant": true,
      "total_gold": 21005,
      "total_xp": 39474,
      "kills_per_min": 0.09302325581395349,
      "kda": 6,
      "abandons": 0,
      "rank_tier": 33,
      "is_subscriber": false,
      "cosmetics": [],
      "benchmarks": {
        "gold_per_min": {
          "raw": 977,
          "pct": 1
        },
        "xp_per_min": {
          "raw": 1836,
          "pct": 1
        },
        "kills_per_min": {
          "raw": 0.09302325581395349,
          "pct": 0.4823529411764706
        },
        "last_hits_per_min": {
          "raw": 2.6511627906976742,
          "pct": 0.6235294117647059
        },
        "hero_damage_per_min": {
          "raw": 558.6046511627908,
          "pct": 0.6588235294117647
        },
        "hero_healing_per_min": {
          "raw": 0,
          "pct": 0.8941176470588236
        },
        "tower_damage": {
          "raw": 1279,
          "pct": 0.7058823529411765
        },
        "stuns_per_min": {
          "raw": 0,
          "pct": 0
        },
        "lhten": {}
      }
    },
    {
      "player_slot": 1,
      "ability_targets": null,
      "ability_upgrades_arr": [
        5604,
        5605,
        5603,
        5604,
        5605,
        5606,
        5604,
        5604,
        5605,
        6172,
        5605,
        5606,
        5603,
        5603,
        6647,
        5603,
        5606,
        353,
        7050
      ],
      "ability_uses": null,
      "actions": null,
      "additional_units": null,
      "assists": 10,
      "backpack_0": 0,
      "backpack_1": 0,
      "backpack_2": 0,
      "backpack_3": null,
      "buyback_log": null,
      "camps_stacked": null,
      "connection_log": null,
      "creeps_stacked": null,
      "damage": null,
      "damage_inflictor": null,
      "damage_inflictor_received": null,
      "damage_taken": null,
      "damage_targets": null,
      "deaths": 8,
      "denies": 3,
      "dn_t": null,
      "firstblood_claimed": null,
      "gold": 860,
      "gold_per_min": 929,
      "gold_reasons": null,
      "gold_spent": 20065,
      "gold_t": null,
      "hero_damage": 13971,
      "hero_healing": 0,
      "hero_hits": null,
      "hero_id": 106,
      "item_0": 141,
      "item_1": 116,
      "item_2": 41,
      "item_3": 108,
      "item_4": 50,
      "item_5": 168,
      "item_neutral": 355,
      "item_uses": null,
      "kill_streaks": null,
      "killed": null,
      "killed_by": null,
      "kills": 4,
      "kills_log": null,
      "lane_pos": null,
      "last_hits": 79,
      "leaver_status": 0,
      "level": 25,
      "lh_t": null,
      "life_state": null,
      "max_hero_hit": null,
      "multi_kills": null,
      "net_worth": 20035,
      "obs": null,
      "obs_left_log": null,
      "obs_log": null,
      "obs_placed": null,
      "party_id": 1,
      "party_size": 1,
      "performance_others": null,
      "permanent_buffs": [],
      "pings": null,
      "pred_vict": null,
      "purchase": null,
      "purchase_log": null,
      "randomed": null,
      "repicked": null,
      "roshans_killed": null,
      "rune_pickups": null,
      "runes": null,
      "runes_log": null,
      "sen": null,
      "sen_left_log": null,
      "sen_log": null,
      "sen_placed": null,
      "stuns": null,
      "teamfight_participation": null,
      "times": null,
      "tower_damage": 525,
      "towers_killed": null,
      "xp_per_min": 1709,
      "xp_reasons": null,
      "xp_t": null,
      "start_time": 1669911636,
      "duration": 1290,
      "cluster": 184,
      "lobby_type": 0,
      "game_mode": 23,
      "is_contributor": false,
      "patch": 51,
      "region": 8,
      "isRadiant": true,
      "total_gold": 19973,
      "total_xp": 36743,
      "kills_per_min": 0.18604651162790697,
      "kda": 1,
      "abandons": 0,
      "rank_tier": null,
      "is_subscriber": false,
      "cosmetics": [],
      "benchmarks": {
        "gold_per_min": {
          "raw": 929,
          "pct": 0.9841269841269841
        },
        "xp_per_min": {
          "raw": 1709,
          "pct": 1
        },
        "kills_per_min": {
          "raw": 0.18604651162790697,
          "pct": 0.30158730158730157
        },
        "last_hits_per_min": {
          "raw": 3.6744186046511627,
          "pct": 0.047619047619047616
        },
        "hero_damage_per_min": {
          "raw": 649.8139534883721,
          "pct": 0.1746031746031746
        },
        "hero_healing_per_min": {
          "raw": 0,
          "pct": 0.6349206349206349
        },
        "tower_damage": {
          "raw": 525,
          "pct": 0.2857142857142857
        },
        "stuns_per_min": {
          "raw": 0,
          "pct": 0
        },
        "lhten": {}
      }
    },
    {
      "player_slot": 2,
      "ability_targets": null,
      "ability_upgrades_arr": [
        5008,
        5009,
        5009,
        5007,
        5009,
        5010,
        5009,
        5007,
        5007,
        974,
        5010,
        5007,
        5008,
        5008,
        6991,
        5008,
        5010,
        562,
        6608,
        9401,
        670,
        6815,
        6102
      ],
      "ability_uses": null,
      "actions": null,
      "additional_units": null,
      "assists": 13,
      "backpack_0": 0,
      "backpack_1": 0,
      "backpack_2": 0,
      "backpack_3": null,
      "buyback_log": null,
      "camps_stacked": null,
      "connection_log": null,
      "creeps_stacked": null,
      "damage": null,
      "damage_inflictor": null,
      "damage_inflictor_received": null,
      "damage_taken": null,
      "damage_targets": null,
      "deaths": 2,
      "denies": 6,
      "dn_t": null,
      "firstblood_claimed": null,
      "gold": 4307,
      "gold_per_min": 1501,
      "gold_reasons": null,
      "gold_spent": 28835,
      "gold_t": null,
      "hero_damage": 35540,
      "hero_healing": 0,
      "hero_hits": null,
      "hero_id": 2,
      "item_0": 127,
      "item_1": 114,
      "item_2": 116,
      "item_3": 90,
      "item_4": 48,
      "item_5": 1,
      "item_neutral": 680,
      "item_uses": null,
      "kill_streaks": null,
      "killed": null,
      "killed_by": null,
      "kills": 15,
      "kills_log": null,
      "lane_pos": null,
      "last_hits": 85,
      "leaver_status": 0,
      "level": 30,
      "lh_t": null,
      "life_state": null,
      "max_hero_hit": null,
      "multi_kills": null,
      "net_worth": 30882,
      "obs": null,
      "obs_left_log": null,
      "obs_log": null,
      "obs_placed": null,
      "party_id": 2,
      "party_size": 1,
      "performance_others": null,
      "permanent_buffs": [
        {
          "permanent_buff": 2,
          "stack_count": 0,
          "grant_time": 1360
        },
        {
          "permanent_buff": 6,
          "stack_count": 1,
          "grant_time": 825
        },
        {
          "permanent_buff": 12,
          "stack_count": 0,
          "grant_time": 812
        },
        {
          "permanent_buff": 13,
          "stack_count": 12,
          "grant_time": 413
        }
      ],
      "pings": null,
      "pred_vict": null,
      "purchase": null,
      "purchase_log": null,
      "randomed": null,
      "repicked": null,
      "roshans_killed": null,
      "rune_pickups": null,
      "runes": null,
      "runes_log": null,
      "sen": null,
      "sen_left_log": null,
      "sen_log": null,
      "sen_placed": null,
      "stuns": null,
      "teamfight_participation": null,
      "times": null,
      "tower_damage": 1266,
      "towers_killed": null,
      "xp_per_min": 2419,
      "xp_reasons": null,
      "xp_t": null,
      "start_time": 1669911636,
      "duration": 1290,
      "cluster": 184,
      "lobby_type": 0,
      "game_mode": 23,
      "is_contributor": false,
      "patch": 51,
      "region": 8,
      "isRadiant": true,
      "total_gold": 32271,
      "total_xp": 52008,
      "kills_per_min": 0.6976744186046512,
      "kda": 9,
      "abandons": 0,
      "rank_tier": null,
      "is_subscriber": false,
      "cosmetics": [],
      "benchmarks": {
        "gold_per_min": {
          "raw": 1501,
          "pct": 1
        },
        "xp_per_min": {
          "raw": 2419,
          "pct": 1
        },
        "kills_per_min": {
          "raw": 0.6976744186046512,
          "pct": 1
        },
        "last_hits_per_min": {
          "raw": 3.9534883720930236,
          "pct": 0.2608695652173913
        },
        "hero_damage_per_min": {
          "raw": 1653.0232558139535,
          "pct": 1
        },
        "hero_healing_per_min": {
          "raw": 0,
          "pct": 0.9130434782608695
        },
        "tower_damage": {
          "raw": 1266,
          "pct": 0.4782608695652174
        },
        "stuns_per_min": {
          "raw": 0,
          "pct": 0
        },
        "lhten": {}
      }
    },
    {
      "player_slot": 3,
      "ability_targets": null,
      "ability_upgrades_arr": [
        5028,
        5029,
        5028,
        5027,
        5028,
        5030,
        5028,
        5029,
        5029,
        5921,
        5029,
        5030,
        5027,
        5027,
        7394,
        5027,
        5030,
        7021,
        1013,
        6105,
        628
      ],
      "ability_uses": null,
      "actions": null,
      "additional_units": null,
      "assists": 8,
      "backpack_0": 0,
      "backpack_1": 0,
      "backpack_2": 0,
      "backpack_3": null,
      "buyback_log": null,
      "camps_stacked": null,
      "connection_log": null,
      "creeps_stacked": null,
      "damage": null,
      "damage_inflictor": null,
      "damage_inflictor_received": null,
      "damage_taken": null,
      "damage_targets": null,
      "deaths": 6,
      "denies": 1,
      "dn_t": null,
      "firstblood_claimed": null,
      "gold": 1418,
      "gold_per_min": 1585,
      "gold_reasons": null,
      "gold_spent": 35150,
      "gold_t": null,
      "hero_damage": 29036,
      "hero_healing": 3257,
      "hero_hits": null,
      "hero_id": 8,
      "item_0": 158,
      "item_1": 247,
      "item_2": 143,
      "item_3": 135,
      "item_4": 147,
      "item_5": 50,
      "item_neutral": 309,
      "item_uses": null,
      "kill_streaks": null,
      "killed": null,
      "killed_by": null,
      "kills": 11,
      "kills_log": null,
      "lane_pos": null,
      "last_hits": 110,
      "leaver_status": 0,
      "level": 28,
      "lh_t": null,
      "life_state": null,
      "max_hero_hit": null,
      "multi_kills": null,
      "net_worth": 32368,
      "obs": null,
      "obs_left_log": null,
      "obs_log": null,
      "obs_placed": null,
      "party_id": 3,
      "party_size": 1,
      "performance_others": null,
      "permanent_buffs": [
        {
          "permanent_buff": 2,
          "stack_count": 0,
          "grant_time": 1418
        },
        {
          "permanent_buff": 12,
          "stack_count": 0,
          "grant_time": 854
        }
      ],
      "pings": null,
      "pred_vict": null,
      "purchase": null,
      "purchase_log": null,
      "randomed": null,
      "repicked": null,
      "roshans_killed": null,
      "rune_pickups": null,
      "runes": null,
      "runes_log": null,
      "sen": null,
      "sen_left_log": null,
      "sen_log": null,
      "sen_placed": null,
      "stuns": null,
      "teamfight_participation": null,
      "times": null,
      "tower_damage": 8738,
      "towers_killed": null,
      "xp_per_min": 2004,
      "xp_reasons": null,
      "xp_t": null,
      "personaname": "деловая колбаса",
      "name": null,
      "last_login": "2022-06-23T10:26:45.023Z",
      "start_time": 1669911636,
      "duration": 1290,
      "cluster": 184,
      "lobby_type": 0,
      "game_mode": 23,
      "is_contributor": false,
      "patch": 51,
      "region": 8,
      "isRadiant": true,
      "total_gold": 34077,
      "total_xp": 43086,
      "kills_per_min": 0.5116279069767442,
      "kda": 2,
      "abandons": 0,
      "rank_tier": 42,
      "is_subscriber": false,
      "cosmetics": [],
      "benchmarks": {
        "gold_per_min": {
          "raw": 1585,
          "pct": 1
        },
        "xp_per_min": {
          "raw": 2004,
          "pct": 1
        },
        "kills_per_min": {
          "raw": 0.5116279069767442,
          "pct": 0.9090909090909091
        },
        "last_hits_per_min": {
          "raw": 5.116279069767442,
          "pct": 0
        },
        "hero_damage_per_min": {
          "raw": 1350.5116279069766,
          "pct": 0.9696969696969697
        },
        "hero_healing_per_min": {
          "raw": 151.48837209302326,
          "pct": 0.5757575757575758
        },
        "tower_damage": {
          "raw": 8738,
          "pct": 0.6363636363636364
        },
        "stuns_per_min": {
          "raw": 0,
          "pct": 0.3333333333333333
        },
        "lhten": {}
      }
    },
    {
      "player_slot": 4,
      "ability_targets": null,
      "ability_upgrades_arr": [
        6339,
        6341,
        6341,
        6342,
        6341,
        8340,
        6341,
        6339,
        514,
        6339,
        6339,
        8340,
        6342,
        6342,
        780,
        6342,
        8340,
        6464,
        6037,
        515,
        7655
      ],
      "ability_uses": null,
      "actions": null,
      "additional_units": null,
      "assists": 13,
      "backpack_0": 0,
      "backpack_1": 188,
      "backpack_2": 0,
      "backpack_3": null,
      "buyback_log": null,
      "camps_stacked": null,
      "connection_log": null,
      "creeps_stacked": null,
      "damage": null,
      "damage_inflictor": null,
      "damage_inflictor_received": null,
      "damage_taken": null,
      "damage_targets": null,
      "deaths": 4,
      "denies": 2,
      "dn_t": null,
      "firstblood_claimed": null,
      "gold": 4678,
      "gold_per_min": 1089,
      "gold_reasons": null,
      "gold_spent": 19350,
      "gold_t": null,
      "hero_damage": 18228,
      "hero_healing": 0,
      "hero_hits": null,
      "hero_id": 119,
      "item_0": 1,
      "item_1": 180,
      "item_2": 108,
      "item_3": 235,
      "item_4": 100,
      "item_5": 36,
      "item_neutral": 571,
      "item_uses": null,
      "kill_streaks": null,
      "killed": null,
      "killed_by": null,
      "kills": 10,
      "kills_log": null,
      "lane_pos": null,
      "last_hits": 22,
      "leaver_status": 0,
      "level": 28,
      "lh_t": null,
      "life_state": null,
      "max_hero_hit": null,
      "multi_kills": null,
      "net_worth": 22528,
      "obs": null,
      "obs_left_log": null,
      "obs_log": null,
      "obs_placed": null,
      "party_id": 4,
      "party_size": 1,
      "performance_others": null,
      "permanent_buffs": [
        {
          "permanent_buff": 12,
          "stack_count": 0,
          "grant_time": 1100
        }
      ],
      "pings": null,
      "pred_vict": null,
      "purchase": null,
      "purchase_log": null,
      "randomed": null,
      "repicked": null,
      "roshans_killed": null,
      "rune_pickups": null,
      "runes": null,
      "runes_log": null,
      "sen": null,
      "sen_left_log": null,
      "sen_log": null,
      "sen_placed": null,
      "stuns": null,
      "teamfight_participation": null,
      "times": null,
      "tower_damage": 4349,
      "towers_killed": null,
      "xp_per_min": 2136,
      "xp_reasons": null,
      "xp_t": null,
      "personaname": "Floshers",
      "name": null,
      "last_login": null,
      "start_time": 1669911636,
      "duration": 1290,
      "cluster": 184,
      "lobby_type": 0,
      "game_mode": 23,
      "is_contributor": false,
      "patch": 51,
      "region": 8,
      "isRadiant": true,
      "total_gold": 23413,
      "total_xp": 45924,
      "kills_per_min": 0.46511627906976744,
      "kda": 4,
      "abandons": 0,
      "rank_tier": 31,
      "is_subscriber": false,
      "cosmetics": [],
      "benchmarks": {
        "gold_per_min": {
          "raw": 1089,
          "pct": 1
        },
        "xp_per_min": {
          "raw": 2136,
          "pct": 1
        },
        "kills_per_min": {
          "raw": 0.46511627906976744,
          "pct": 1
        },
        "last_hits_per_min": {
          "raw": 1.0232558139534884,
          "pct": 0.4782608695652174
        },
        "hero_damage_per_min": {
          "raw": 847.813953488372,
          "pct": 1
        },
        "hero_healing_per_min": {
          "raw": 0,
          "pct": 0.8695652173913043
        },
        "tower_damage": {
          "raw": 4349,
          "pct": 1
        },
        "stuns_per_min": {
          "raw": 0,
          "pct": 0
        },
        "lhten": {}
      }
    },
    {
      "player_slot": 128,
      "ability_targets": null,
      "ability_upgrades_arr": [
        5062,
        5059,
        5059,
        5062,
        5059,
        5064,
        5059,
        5062,
        5062,
        6016,
        5063,
        5064,
        5063,
        5063,
        6070,
        5063,
        5064,
        6670
      ],
      "ability_uses": null,
      "actions": null,
      "additional_units": null,
      "assists": 2,
      "backpack_0": 0,
      "backpack_1": 0,
      "backpack_2": 0,
      "backpack_3": null,
      "buyback_log": null,
      "camps_stacked": null,
      "connection_log": null,
      "creeps_stacked": null,
      "damage": null,
      "damage_inflictor": null,
      "damage_inflictor_received": null,
      "damage_taken": null,
      "damage_targets": null,
      "deaths": 10,
      "denies": 8,
      "dn_t": null,
      "firstblood_claimed": null,
      "gold": 2043,
      "gold_per_min": 850,
      "gold_reasons": null,
      "gold_spent": 18120,
      "gold_t": null,
      "hero_damage": 15281,
      "hero_healing": 0,
      "hero_hits": null,
      "hero_id": 11,
      "item_0": 108,
      "item_1": 40,
      "item_2": 48,
      "item_3": 1,
      "item_4": 116,
      "item_5": 100,
      "item_neutral": 381,
      "item_uses": null,
      "kill_streaks": null,
      "killed": null,
      "killed_by": null,
      "kills": 6,
      "kills_log": null,
      "lane_pos": null,
      "last_hits": 75,
      "leaver_status": 0,
      "level": 23,
      "lh_t": null,
      "life_state": null,
      "max_hero_hit": null,
      "multi_kills": null,
      "net_worth": 17848,
      "obs": null,
      "obs_left_log": null,
      "obs_log": null,
      "obs_placed": null,
      "party_id": 5,
      "party_size": 1,
      "performance_others": null,
      "permanent_buffs": [],
      "pings": null,
      "pred_vict": null,
      "purchase": null,
      "purchase_log": null,
      "randomed": null,
      "repicked": null,
      "roshans_killed": null,
      "rune_pickups": null,
      "runes": null,
      "runes_log": null,
      "sen": null,
      "sen_left_log": null,
      "sen_log": null,
      "sen_placed": null,
      "stuns": null,
      "teamfight_participation": null,
      "times": null,
      "tower_damage": 277,
      "towers_killed": null,
      "xp_per_min": 1457,
      "xp_reasons": null,
      "xp_t": null,
      "personaname": "ЗАПРЕТИ СТОНИК МН",
      "name": null,
      "last_login": null,
      "start_time": 1669911636,
      "duration": 1290,
      "cluster": 184,
      "lobby_type": 0,
      "game_mode": 23,
      "is_contributor": false,
      "patch": 51,
      "region": 8,
      "isRadiant": false,
      "total_gold": 18275,
      "total_xp": 31325,
      "kills_per_min": 0.27906976744186046,
      "kda": 0,
      "abandons": 0,
      "rank_tier": 32,
      "is_subscriber": false,
      "cosmetics": [],
      "benchmarks": {
        "gold_per_min": {
          "raw": 850,
          "pct": 1
        },
        "xp_per_min": {
          "raw": 1457,
          "pct": 1
        },
        "kills_per_min": {
          "raw": 0.27906976744186046,
          "pct": 0.64
        },
        "last_hits_per_min": {
          "raw": 3.488372093023256,
          "pct": 0.04
        },
        "hero_damage_per_min": {
          "raw": 710.7441860465117,
          "pct": 0.62
        },
        "hero_healing_per_min": {
          "raw": 0,
          "pct": 0.88
        },
        "tower_damage": {
          "raw": 277,
          "pct": 0.12
        },
        "stuns_per_min": {
          "raw": 0,
          "pct": 0.02
        },
        "lhten": {}
      }
    },
    {
      "player_slot": 129,
      "ability_targets": null,
      "ability_upgrades_arr": [
        5412,
        7309,
        7309,
        5412,
        5412,
        7309,
        7309,
        5412,
        5414,
        423,
        5415,
        5414,
        5415,
        5414,
        5414,
        6268,
        5415,
        7036,
        7382
      ],
      "ability_uses": null,
      "actions": null,
      "additional_units": [
        {
          "unitname": "spirit_bear",
          "item_0": 168,
          "item_1": 181,
          "item_2": 172,
          "item_3": 11,
          "item_4": 50,
          "item_5": 166,
          "backpack_0": 0,
          "backpack_1": 0,
          "backpack_2": 0,
          "item_neutral": 0
        }
      ],
      "assists": 2,
      "backpack_0": 0,
      "backpack_1": 0,
      "backpack_2": 0,
      "backpack_3": null,
      "buyback_log": null,
      "camps_stacked": null,
      "connection_log": null,
      "creeps_stacked": null,
      "damage": null,
      "damage_inflictor": null,
      "damage_inflictor_received": null,
      "damage_taken": null,
      "damage_targets": null,
      "deaths": 7,
      "denies": 0,
      "dn_t": null,
      "firstblood_claimed": null,
      "gold": 495,
      "gold_per_min": 651,
      "gold_reasons": null,
      "gold_spent": 14115,
      "gold_t": null,
      "hero_damage": 1526,
      "hero_healing": 0,
      "hero_hits": null,
      "hero_id": 80,
      "item_0": 8,
      "item_1": 244,
      "item_2": 17,
      "item_3": 0,
      "item_4": 0,
      "item_5": 0,
      "item_neutral": 306,
      "item_uses": null,
      "kill_streaks": null,
      "killed": null,
      "killed_by": null,
      "kills": 0,
      "kills_log": null,
      "lane_pos": null,
      "last_hits": 101,
      "leaver_status": 1,
      "level": 26,
      "lh_t": null,
      "life_state": null,
      "max_hero_hit": null,
      "multi_kills": null,
      "net_worth": 14245,
      "obs": null,
      "obs_left_log": null,
      "obs_log": null,
      "obs_placed": null,
      "party_id": 6,
      "party_size": 1,
      "performance_others": null,
      "permanent_buffs": [
        {
          "permanent_buff": 6,
          "stack_count": 1,
          "grant_time": 825
        },
        {
          "permanent_buff": 12,
          "stack_count": 0,
          "grant_time": 1279
        }
      ],
      "pings": null,
      "pred_vict": null,
      "purchase": null,
      "purchase_log": null,
      "randomed": null,
      "repicked": null,
      "roshans_killed": null,
      "rune_pickups": null,
      "runes": null,
      "runes_log": null,
      "sen": null,
      "sen_left_log": null,
      "sen_log": null,
      "sen_placed": null,
      "stuns": null,
      "teamfight_participation": null,
      "times": null,
      "tower_damage": 2020,
      "towers_killed": null,
      "xp_per_min": 1960,
      "xp_reasons": null,
      "xp_t": null,
      "personaname": "Kitagawa",
      "name": null,
      "last_login": "2023-02-01T08:52:41.234Z",
      "start_time": 1669911636,
      "duration": 1290,
      "cluster": 184,
      "lobby_type": 0,
      "game_mode": 23,
      "is_contributor": false,
      "patch": 51,
      "region": 8,
      "isRadiant": false,
      "total_gold": 13996,
      "total_xp": 42140,
      "kda": 0,
      "abandons": 0,
      "rank_tier": 34,
      "is_subscriber": false,
      "cosmetics": [],
      "benchmarks": {
        "gold_per_min": {
          "raw": 651,
          "pct": 0.6666666666666666
        },
        "xp_per_min": {
          "raw": 1960,
          "pct": 1
        },
        "kills_per_min": {
          "raw": 0,
          "pct": 0
        },
        "last_hits_per_min": {
          "raw": 4.6976744186046515,
          "pct": 0.08333333333333333
        },
        "hero_damage_per_min": {
          "raw": 70.97674418604652,
          "pct": 0
        },
        "hero_healing_per_min": {
          "raw": 0,
          "pct": 0.9166666666666666
        },
        "tower_damage": {
          "raw": 2020,
          "pct": 0.16666666666666666
        },
        "stuns_per_min": {
          "raw": 0,
          "pct": 0
        },
        "lhten": {}
      }
    },
    {
      "player_slot": 130,
      "ability_targets": null,
      "ability_upgrades_arr": [
        5428,
        5426,
        5427,
        5428,
        5428,
        5429,
        5428,
        5427,
        5427,
        871,
        5427,
        5429,
        5426,
        5426,
        870,
        5426,
        5429,
        6133
      ],
      "ability_uses": null,
      "actions": null,
      "additional_units": null,
      "assists": 7,
      "backpack_0": 0,
      "backpack_1": 0,
      "backpack_2": 0,
      "backpack_3": null,
      "buyback_log": null,
      "camps_stacked": null,
      "connection_log": null,
      "creeps_stacked": null,
      "damage": null,
      "damage_inflictor": null,
      "damage_inflictor_received": null,
      "damage_taken": null,
      "damage_targets": null,
      "deaths": 8,
      "denies": 15,
      "dn_t": null,
      "firstblood_claimed": null,
      "gold": 2763,
      "gold_per_min": 695,
      "gold_reasons": null,
      "gold_spent": 12795,
      "gold_t": null,
      "hero_damage": 11342,
      "hero_healing": 0,
      "hero_hits": null,
      "hero_id": 81,
      "item_0": 36,
      "item_1": 147,
      "item_2": 116,
      "item_3": 11,
      "item_4": 63,
      "item_5": 73,
      "item_neutral": 358,
      "item_uses": null,
      "kill_streaks": null,
      "killed": null,
      "killed_by": null,
      "kills": 1,
      "kills_log": null,
      "lane_pos": null,
      "last_hits": 53,
      "leaver_status": 0,
      "level": 24,
      "lh_t": null,
      "life_state": null,
      "max_hero_hit": null,
      "multi_kills": null,
      "net_worth": 15568,
      "obs": null,
      "obs_left_log": null,
      "obs_log": null,
      "obs_placed": null,
      "party_id": 7,
      "party_size": 1,
      "performance_others": null,
      "permanent_buffs": [
        {
          "permanent_buff": 12,
          "stack_count": 0,
          "grant_time": 772
        }
      ],
      "pings": null,
      "pred_vict": null,
      "purchase": null,
      "purchase_log": null,
      "randomed": null,
      "repicked": null,
      "roshans_killed": null,
      "rune_pickups": null,
      "runes": null,
      "runes_log": null,
      "sen": null,
      "sen_left_log": null,
      "sen_log": null,
      "sen_placed": null,
      "stuns": null,
      "teamfight_participation": null,
      "times": null,
      "tower_damage": 603,
      "towers_killed": null,
      "xp_per_min": 1565,
      "xp_reasons": null,
      "xp_t": null,
      "personaname": "15 cm Panzerwerfer 42 auf Sf",
      "name": null,
      "last_login": null,
      "start_time": 1669911636,
      "duration": 1290,
      "cluster": 184,
      "lobby_type": 0,
      "game_mode": 23,
      "is_contributor": false,
      "patch": 51,
      "region": 8,
      "isRadiant": false,
      "total_gold": 14942,
      "total_xp": 33647,
      "kills_per_min": 0.046511627906976744,
      "kda": 0,
      "abandons": 0,
      "rank_tier": null,
      "is_subscriber": false,
      "cosmetics": [],
      "benchmarks": {
        "gold_per_min": {
          "raw": 695,
          "pct": 0.782608695652174
        },
        "xp_per_min": {
          "raw": 1565,
          "pct": 1
        },
        "kills_per_min": {
          "raw": 0.046511627906976744,
          "pct": 0.08695652173913043
        },
        "last_hits_per_min": {
          "raw": 2.4651162790697674,
          "pct": 0
        },
        "hero_damage_per_min": {
          "raw": 527.5348837209302,
          "pct": 0.30434782608695654
        },
        "hero_healing_per_min": {
          "raw": 0,
          "pct": 1
        },
        "tower_damage": {
          "raw": 603,
          "pct": 0.13043478260869565
        },
        "stuns_per_min": {
          "raw": 0,
          "pct": 0
        },
        "lhten": {}
      }
    },
    {
      "player_slot": 131,
      "ability_targets": null,
      "ability_upgrades_arr": [
        5182,
        5184,
        5182,
        5184,
        5182,
        5185,
        5182,
        5184,
        5184,
        867,
        730,
        5185,
        5691,
        730,
        7388,
        730,
        730,
        5185,
        6128,
        730,
        730,
        730,
        5691,
        5691,
        6651
      ],
      "ability_uses": null,
      "actions": null,
      "additional_units": null,
      "assists": 6,
      "backpack_0": 0,
      "backpack_1": 0,
      "backpack_2": 0,
      "backpack_3": null,
      "buyback_log": null,
      "camps_stacked": null,
      "connection_log": null,
      "creeps_stacked": null,
      "damage": null,
      "damage_inflictor": null,
      "damage_inflictor_received": null,
      "damage_taken": null,
      "damage_targets": null,
      "deaths": 8,
      "denies": 1,
      "dn_t": null,
      "firstblood_claimed": null,
      "gold": 3789,
      "gold_per_min": 1014,
      "gold_reasons": null,
      "gold_spent": 18655,
      "gold_t": null,
      "hero_damage": 14725,
      "hero_healing": 0,
      "hero_hits": null,
      "hero_id": 41,
      "item_0": 158,
      "item_1": 141,
      "item_2": 172,
      "item_3": 247,
      "item_4": 63,
      "item_5": 36,
      "item_neutral": 331,
      "item_uses": null,
      "kill_streaks": null,
      "killed": null,
      "killed_by": null,
      "kills": 4,
      "kills_log": null,
      "lane_pos": null,
      "last_hits": 73,
      "leaver_status": 0,
      "level": 27,
      "lh_t": null,
      "life_state": null,
      "max_hero_hit": null,
      "multi_kills": null,
      "net_worth": 22164,
      "obs": null,
      "obs_left_log": null,
      "obs_log": null,
      "obs_placed": null,
      "party_id": 8,
      "party_size": 1,
      "performance_others": null,
      "permanent_buffs": [],
      "pings": null,
      "pred_vict": null,
      "purchase": null,
      "purchase_log": null,
      "randomed": null,
      "repicked": null,
      "roshans_killed": null,
      "rune_pickups": null,
      "runes": null,
      "runes_log": null,
      "sen": null,
      "sen_left_log": null,
      "sen_log": null,
      "sen_placed": null,
      "stuns": null,
      "teamfight_participation": null,
      "times": null,
      "tower_damage": 0,
      "towers_killed": null,
      "xp_per_min": 1881,
      "xp_reasons": null,
      "xp_t": null,
      "personaname": "колдырь",
      "name": null,
      "last_login": null,
      "start_time": 1669911636,
      "duration": 1290,
      "cluster": 184,
      "lobby_type": 0,
      "game_mode": 23,
      "is_contributor": false,
      "patch": 51,
      "region": 8,
      "isRadiant": false,
      "total_gold": 21801,
      "total_xp": 40441,
      "kills_per_min": 0.18604651162790697,
      "kda": 1,
      "abandons": 0,
      "rank_tier": 32,
      "is_subscriber": false,
      "cosmetics": [],
      "benchmarks": {
        "gold_per_min": {
          "raw": 1014,
          "pct": 1
        },
        "xp_per_min": {
          "raw": 1881,
          "pct": 1
        },
        "kills_per_min": {
          "raw": 0.18604651162790697,
          "pct": 0.4666666666666667
        },
        "last_hits_per_min": {
          "raw": 3.395348837209302,
          "pct": 0.03333333333333333
        },
        "hero_damage_per_min": {
          "raw": 684.8837209302326,
          "pct": 0.6333333333333333
        },
        "hero_healing_per_min": {
          "raw": 0,
          "pct": 1
        },
        "tower_damage": {
          "raw": 0,
          "pct": 0.2
        },
        "stuns_per_min": {
          "raw": 0,
          "pct": 0.03333333333333333
        },
        "lhten": {}
      }
    },
    {
      "player_slot": 132,
      "ability_targets": null,
      "ability_upgrades_arr": [
        5138,
        5140,
        5140,
        5138,
        5140,
        5141,
        5140,
        5138,
        6995,
        5138,
        5139,
        5141,
        5139,
        5139,
        6524,
        5139,
        5141,
        5998,
        6996,
        417,
        5993
      ],
      "ability_uses": null,
      "actions": null,
      "additional_units": null,
      "assists": 3,
      "backpack_0": 0,
      "backpack_1": 0,
      "backpack_2": 0,
      "backpack_3": null,
      "buyback_log": null,
      "camps_stacked": null,
      "connection_log": null,
      "creeps_stacked": null,
      "damage": null,
      "damage_inflictor": null,
      "damage_inflictor_received": null,
      "damage_taken": null,
      "damage_targets": null,
      "deaths": 10,
      "denies": 4,
      "dn_t": null,
      "firstblood_claimed": null,
      "gold": 1360,
      "gold_per_min": 965,
      "gold_reasons": null,
      "gold_spent": 16480,
      "gold_t": null,
      "hero_damage": 30032,
      "hero_healing": 158,
      "hero_hits": null,
      "hero_id": 30,
      "item_0": 36,
      "item_1": 108,
      "item_2": 48,
      "item_3": 235,
      "item_4": 0,
      "item_5": 1,
      "item_neutral": 990,
      "item_uses": null,
      "kill_streaks": null,
      "killed": null,
      "killed_by": null,
      "kills": 11,
      "kills_log": null,
      "lane_pos": null,
      "last_hits": 15,
      "leaver_status": 0,
      "level": 28,
      "lh_t": null,
      "life_state": null,
      "max_hero_hit": null,
      "multi_kills": null,
      "net_worth": 17435,
      "obs": null,
      "obs_left_log": null,
      "obs_log": null,
      "obs_placed": null,
      "party_id": 9,
      "party_size": 1,
      "performance_others": null,
      "permanent_buffs": [
        {
          "permanent_buff": 12,
          "stack_count": 0,
          "grant_time": 774
        }
      ],
      "pings": null,
      "pred_vict": null,
      "purchase": null,
      "purchase_log": null,
      "randomed": null,
      "repicked": null,
      "roshans_killed": null,
      "rune_pickups": null,
      "runes": null,
      "runes_log": null,
      "sen": null,
      "sen_left_log": null,
      "sen_log": null,
      "sen_placed": null,
      "stuns": null,
      "teamfight_participation": null,
      "times": null,
      "tower_damage": 0,
      "towers_killed": null,
      "xp_per_min": 1981,
      "xp_reasons": null,
      "xp_t": null,
      "start_time": 1669911636,
      "duration": 1290,
      "cluster": 184,
      "lobby_type": 0,
      "game_mode": 23,
      "is_contributor": false,
      "patch": 51,
      "region": 8,
      "isRadiant": false,
      "total_gold": 20747,
      "total_xp": 42591,
      "kills_per_min": 0.5116279069767442,
      "kda": 1,
      "abandons": 0,
      "rank_tier": null,
      "is_subscriber": false,
      "cosmetics": [],
      "benchmarks": {
        "gold_per_min": {
          "raw": 965,
          "pct": 1
        },
        "xp_per_min": {
          "raw": 1981,
          "pct": 1
        },
        "kills_per_min": {
          "raw": 0.5116279069767442,
          "pct": 1
        },
        "last_hits_per_min": {
          "raw": 0.6976744186046512,
          "pct": 0.15384615384615385
        },
        "hero_damage_per_min": {
          "raw": 1396.8372093023256,
          "pct": 1
        },
        "hero_healing_per_min": {
          "raw": 7.348837209302325,
          "pct": 0.10256410256410256
        },
        "tower_damage": {
          "raw": 0,
          "pct": 0.3076923076923077
        },
        "stuns_per_min": {
          "raw": 0,
          "pct": 0.02564102564102564
        },
        "lhten": {}
      }
    }
  ],
  "patch": 51,
  "region": 8
}