{
  "chat": null,
  "cluster": 184,
  "cosmetics": null,
  "dire_score": 45,
  "dire_team_id": null,
  "draft_timings": null,
  "duration": 2087,
  "engine": 1,
  "first_blood_time": 173,
  "game_mode": 22,
  "human_players": 10,
  "leagueid": 0,
  "lobby_type": 7,
  "match_seq_num": 5780338576,
  "negative_votes": 0,
  "objectives": null,
  "picks_bans": [
    {
      "is_pick": true,
      "hero_id": 105,
      "team": 1,
      "order": 0
    },
    {
      "is_pick": true,
      "hero_id": 14,
      "team": 1,
      "order": 1
    },
    {
      "is_pick": true,
      "hero_id": 79,
      "team": 0,
      "order": 2
    },
    {
      "is_pick": true,
      "hero_id": 31,
      "team": 0,
      "order": 3
    },
    {
      "is_pick": true,
      "hero_id": 23,
      "team": 1,
      "order": 4
    },
    {
      "is_pick": true,
      "hero_id": 114,
      "team": 0,
      "order": 5
    },
    {
      "is_pick": true,
      "hero_id": 56,
      "team": 0,
      "order": 6
    },
    {
      "is_pick": true,
      "hero_id": 13,
      "team": 1,
      "order": 7
    },
    {
      "is_pick": true,
      "hero_id": 41,
      "team": 0,
      "order": 8
    },
    {
      "is_pick": true,
      "hero_id": 10,
      "team": 1,
      "order": 9
    },
    {
      "is_pick": false,
      "hero_id": 113,
      "team": 0,
      "order": 10
    },
    {
      "is_pick": false,
      "hero_id": 30,
      "team": 0,
      "order": 11
    },
    {
      "is_pick": false,
      "hero_id": 5,
      "team": 0,
      "order": 12
    },
    {
      "is_pick": false,
      "hero_id": 89,
      "team": 0,
      "order": 13
    },
    {
      "is_pick": false,
      "hero_id": 59,
      "team": 0,
      "order": 14
    },
    {
      "is_pick": false,
      "hero_id": 8,
      "team": 1,
      "order": 15
    },
    {
      "is_pick": false,
      "hero_id": 99,
      "team": 1,
      "order": 16
    },
    {
      "is_pick": false,
      "hero_id": 12,
      "team": 1,
      "order": 17
    },
    {
      "is_pick": false,
      "hero_id": 75,
      "team": 1,
      "order": 18
    }
  ],
  "positive_votes": 0,
  "radiant_gold_adv": null,
  "radiant_score": 18,
  "radiant_team_id": null,
  "radiant_xp_adv": null,
  "skill": null,
  "start_time": 1669911358,
  "teamfights": null,
  "version": null,
  "replay_salt": 1039017147,
  "series_id": 0,
  "series_type": 0,
  "players": [
    {
      "player_slot": 0,
      "ability_targets": null,
      "ability_upgrades_arr": [
        5723,
        5716,
        5723,
        5721,
        5723,
        5725,
        5723,
        5721,
        5721,
        982,
        5721,
        5725,
        5716,
        5716,
        7038,
        5716
      ],
      "ability_uses": null,
      "actions": null,
      "additional_units": null,
      "assists": 2,
      "backpack_0": 0,
      "backpack_1": 0,
      "backpack_2": 0,
      "backpack_3": null,
      "buyback_log": null,
      "camps_stacked": null,
      "connection_log": null,
      "creeps_stacked": null,
      "damage": null,
      "damage_inflictor": null,
      "damage_inflictor_received": null,
      "damage_taken": null,
      "damage_targets": null,
      "deaths": 9,
      "denies": 14,
      "dn_t": null,
      "firstblood_claimed": null,
      "gold": 941,
      "gold_per_min": 350,
      "gold_reasons": null,
      "gold_spent": 10385,
      "gold_t": null,
      "hero_damage": 11231,
      "hero_healing": 0,
      "hero_hits": null,
      "hero_id": 114,
      "item_0": 145,
      "item_1": 17,
      "item_2": 116,
      "item_3": 63,
      "item_4": 0,
      "item_5": 0,
      "item_neutral": 331,
      "item_uses": null,
      "kill_streaks": null,
      "killed": null,
      "killed_by": null,
      "kills": 2,
      "kills_log": null,
      "lane_pos": null,
      "last_hits": 154,
      "leaver_status": 0,
      "level": 16,
      "lh_t": null,
      "life_state": null,
      "max_hero_hit": null,
      "multi_kills": null,
      "net_worth": 11041,
      "obs": null,
      "obs_left_log": null,
      "obs_log": null,
      "obs_placed": null,
      "party_id": 0,
      "party_size": 2,
      "performance_others": null,
      "permanent_buffs": [],
      "pings": null,
      "pred_vict": null,
      "purchase": null,
      "purchase_log": null,
      "randomed": null,
      "repicked": null,
      "roshans_killed": null,
      "rune_pickups": null,
      "runes": null,
      "runes_log": null,
      "sen": null,
      "sen_left_log": null,
      "sen_log": null,
      "sen_placed": null,
      "stuns": null,
      "teamfight_participation": null,
      "times": null,
      "tower_damage": 253,
      "towers_killed": null,
      "xp_per_min": 419,
      "xp_reasons": null,
      "xp_t": null,
      "personaname": "GrimmChill",
      "name": null,
      "last_login": null,
      "start_time": 1669911358,
      "duration": 2087,
      "cluster": 184,
      "lobby_type": 7,
      "game_mode": 22,
      "is_contributor": false,
      "patch": 51,
      "region": 8,
      "isRadiant": true,
      "total_gold": 12174,
      "total_xp": 14574,
      "kills_per_min": 0.057498802108289414,
      "kda": 0,
      "abandons": 0,
      "rank_tier": 15,
      "is_subscriber": false,
      "cosmetics": [],
      "benchmarks": {
        "gold_per_min": {
          "raw": 350,
          "pct": 0.1951219512195122
        },
        "xp_per_min": {
          "raw": 419,
          "pct": 0.12195121951219512
        },
        "kills_per_min": {
          "raw": 0.057498802108289414,
          "pct": 0.12195121951219512
        },
        "last_hits_per_min": {
          "raw": 4.427407762338285,
          "pct": 0.24390243902439024
        },
        "hero_damage_per_min": {
          "raw": 322.8845232390992,
          "pct": 0.14634146341463414
        },
        "hero_healing_per_min": {
          "raw": 0,
          "pct": 1
        },
        "tower_damage": {
          "raw": 253,
          "pct": 0.21951219512195122
        },
        "stuns_per_min": {
          "raw": 0,
          "pct": 0.024390243902439025
        },
        "lhten": {}
      }
    },
    {
      "player_slot": 1,
      "ability_targets": null,
      "ability_upgrades_arr": [
        5423,
        5421,
        5423,
        1001,
        5423,
        5425,
        5423,
        5421,
        5421,
        5928,
        5421,
        5425,
        1001,
        1001
      ],
      "ability_uses": null,
      "actions": null,
      "additional_units": null,
      "assists": 2,
      "backpack_0": 0,
      "backpack_1": 0,
      "backpack_2": 0,
      "backpack_3": null,
      "buyback_log": null,
      "camps_stacked": null,
      "connection_log": null,
      "creeps_stacked": null,
      "damage": null,
      "damage_inflictor": null,
      "damage_inflictor_received": null,
      "damage_taken": null,
      "damage_targets": null,
      "deaths": 12,
      "denies": 1,
      "dn_t": null,
      "firstblood_claimed": null,
      "gold": 614,
      "gold_per_min": 240,
      "gold_reasons": null,
      "gold_spent": 7385,
      "gold_t": null,
      "hero_damage": 8254,
      "hero_healing": 0,
      "hero_hits": null,
      "hero_id": 79,
      "item_0": 36,
      "item_1": 102,
      "item_2": 180,
      "item_3": 15,
      "item_4": 232,
      "item_5": 20,
      "item_neutral": 349,
      "item_uses": null,
      "kill_streaks": null,
      "killed": null,
      "killed_by": null,
      "kills": 2,
      "kills_log": null,
      "lane_pos": null,
      "last_hits": 56,
      "leaver_status": 0,
      "level": 14,
      "lh_t": null,
      "life_state": null,
      "max_hero_hit": null,
      "multi_kills": null,
      "net_worth": 7234,
      "obs": null,
      "obs_left_log": null,
      "obs_log": null,
      "obs_placed": null,
      "party_id": 0,
      "party_size": 2,
      "performance_others": null,
      "permanent_buffs": [],
      "pings": null,
      "pred_vict": null,
      "purchase": null,
      "purchase_log": null,
      "randomed": null,
      "repicked": null,
      "roshans_killed": null,
      "rune_pickups": null,
      "runes": null,
      "runes_log": null,
      "sen": null,
      "sen_left_log": null,
      "sen_log": null,
      "sen_placed": null,
      "stuns": null,
      "teamfight_participation": null,
      "times": null,
      "tower_damage": 243,
      "towers_killed": null,
      "xp_per_min": 352,
      "xp_reasons": null,
      "xp_t": null,
      "start_time": 1669911358,
      "duration": 2087,
      "cluster": 184,
      "lobby_type": 7,
      "game_mode": 22,
      "is_contributor": false,
      "patch": 51,
      "region": 8,
      "isRadiant": true,
      "total_gold": 8348,
      "total_xp": 12243,
      "kills_per_min": 0.057498802108289414,
      "kda": 0,
      "abandons": 0,
      "rank_tier": null,
      "is_subscriber": false,
      "cosmetics": [],
      "benchmarks": {
        "gold_per_min": {
          "raw": 240,
          "pct": 0.18181818181818182
        },
        "xp_per_min": {
          "raw": 352,
          "pct": 0.2727272727272727
        },
        "kills_per_min": {
          "raw": 0.057498802108289414,
          "pct": 0
        },
        "last_hits_per_min": {
          "raw": 1.6099664590321034,
          "pct": 0.5454545454545454
        },
        "hero_damage_per_min": {
          "raw": 237.2975563009104,
          "pct": 0
        },
        "hero_healing_per_min": {
          "raw": 0,
          "pct": 0.18181818181818182
        },
        "tower_damage": {
          "raw": 243,
          "pct": 0.5454545454545454
        },
        "stuns_per_min": {
          "raw": 0,
          "pct": 0
        },
        "lhten": {}
      }
    },
    {
      "player_slot": 2,
      "ability_targets": null,
      "ability_upgrades_arr": [
        5134,
        5136,
        5134,
        5136,
        7325,
        5137,
        5136,
        5136,
        5134,
        775,
        5134,
        5137,
        7325,
        7325
      ],
      "ability_uses": null,
      "actions": null,
      "additional_units": null,
      "assists": 6,
      "backpack_0": 0,
      "backpack_1": 0,
      "backpack_2": 0,
      "backpack_3": null,
      "buyback_log": null,
      "camps_stacked": null,
      "connection_log": null,
      "creeps_stacked": null,
      "damage": null,
      "damage_inflictor": null,
      "damage_inflictor_received": null,
      "damage_taken": null,
      "damage_targets": null,
      "deaths": 14,
      "denies": 1,
      "dn_t": null,
      "firstblood_claimed": null,
      "gold": 1264,
      "gold_per_min": 237,
      "gold_reasons": null,
      "gold_spent": 7020,
      "gold_t": null,
      "hero_damage": 11698,
      "hero_healing": 0,
      "hero_hits": null,
      "hero_id": 31,
      "item_0": 38,
      "item_1": 218,
      "item_2": 36,
      "item_3": 0,
      "item_4": 29,
      "item_5": 232,
      "item_neutral": 589,
      "item_uses": null,
      "kill_streaks": null,
      "killed": null,
      "killed_by": null,
      "kills": 2,
      "kills_log": null,
      "lane_pos": null,
      "last_hits": 60,
      "leaver_status": 0,
      "level": 14,
      "lh_t": null,
      "life_state": null,
      "max_hero_hit": null,
      "multi_kills": null,
      "net_worth": 6189,
      "obs": null,
      "obs_left_log": null,
      "obs_log": null,
      "obs_placed": null,
      "party_id": 1,
      "party_size": 1,
      "performance_others": null,
      "permanent_buffs": [
        {
          "permanent_buff": 6,
          "stack_count": 1,
          "grant_time": 2076
        },
        {
          "permanent_buff": 12,
          "stack_count": 0,
          "grant_time": 1948
        }
      ],
      "pings": null,
      "pred_vict": null,
      "purchase": null,
      "purchase_log": null,
      "randomed": null,
      "repicked": null,
      "roshans_killed": null,
      "rune_pickups": null,
      "runes": null,
      "runes_log": null,
      "sen": null,
      "sen_left_log": null,
      "sen_log": null,
      "sen_placed": null,
      "stuns": null,
      "teamfight_participation": null,
      "times": null,
      "tower_damage": 0,
      "towers_killed": null,
      "xp_per_min": 351,
      "xp_reasons": null,
      "xp_t": null,
      "start_time": 1669911358,
      "duration": 2087,
      "cluster": 184,
      "lobby_type": 7,
      "game_mode": 22,
      "is_contributor": false,
      "patch": 51,
      "region": 8,
      "isRadiant": true,
      "total_gold": 8243,
      "total_xp": 12208,
      "kills_per_min": 0.057498802108289414,
      "kda": 0,
      "abandons": 0,
      "rank_tier": null,
      "is_subscriber": false,
      "cosmetics": [],
      "benchmarks": {
        "gold_per_min": {
          "raw": 237,
          "pct": 0.07407407407407407
        },
        "xp_per_min": {
          "raw": 351,
          "pct": 0.18518518518518517
        },
        "kills_per_min": {
          "raw": 0.057498802108289414,
          "pct": 0.3333333333333333
        },
        "last_hits_per_min": {
          "raw": 1.7249640632486825,
          "pct": 0.9259259259259259
        },
        "hero_damage_per_min": {
          "raw": 336.31049353138474,
          "pct": 0.1111111111111111
        },
        "hero_healing_per_min": {
          "raw": 0,
          "pct": 0.8148148148148148
        },
        "tower_damage": {
          "raw": 0,
          "pct": 0.3333333333333333
        },
        "stuns_per_min": {
          "raw": 0,
          "pct": 0
        },
        "lhten": {}
      }
    },
    {
      "player_slot": 3,
      "ability_targets": null,
      "ability_upgrades_arr": [
        5260,
        5259,
        5260,
        5261,
        5260,
        5262,
        5260,
        5259,
        5259,
        6104,
        5259,
        5262,
        5261,
        5261,
        495,
        5261,
        5262,
        617
      ],
      "ability_uses": null,
      "actions": null,
      "additional_units": null,
      "assists": 2,
      "backpack_0": 41,
      "backpack_1": 0,
      "backpack_2": 0,
      "backpack_3": null,
      "buyback_log": null,
      "camps_stacked": null,
      "connection_log": null,
      "creeps_stacked": null,
      "damage": null,
      "damage_inflictor": null,
      "damage_inflictor_received": null,
      "damage_taken": null,
      "damage_targets": null,
      "deaths": 5,
      "denies": 17,
      "dn_t": null,
      "firstblood_claimed": null,
      "gold": 132,
      "gold_per_min": 484,
      "gold_reasons": null,
      "gold_spent": 14845,
      "gold_t": null,
      "hero_damage": 31801,
      "hero_healing": 0,
      "hero_hits": null,
      "hero_id": 56,
      "item_0": 149,
      "item_1": 1466,
      "item_2": 88,
      "item_3": 75,
      "item_4": 63,
      "item_5": 236,
      "item_neutral": 309,
      "item_uses": null,
      "kill_streaks": null,
      "killed": null,
      "killed_by": null,
      "kills": 8,
      "kills_log": null,
      "lane_pos": null,
      "last_hits": 207,
      "leaver_status": 0,
      "level": 22,
      "lh_t": null,
      "life_state": null,
      "max_hero_hit": null,
      "multi_kills": null,
      "net_worth": 14537,
      "obs": null,
      "obs_left_log": null,
      "obs_log": null,
      "obs_placed": null,
      "party_id": 2,
      "party_size": 2,
      "performance_others": null,
      "permanent_buffs": [
        {
          "permanent_buff": 12,
          "stack_count": 0,
          "grant_time": 2008
        }
      ],
      "pings": null,
      "pred_vict": null,
      "purchase": null,
      "purchase_log": null,
      "randomed": null,
      "repicked": null,
      "roshans_killed": null,
      "rune_pickups": null,
      "runes": null,
      "runes_log": null,
      "sen": null,
      "sen_left_log": null,
      "sen_log": null,
      "sen_placed": null,
      "stuns": null,
      "teamfight_participation": null,
      "times": null,
      "tower_damage": 1455,
      "towers_killed": null,
      "xp_per_min": 763,
      "xp_reasons": null,
      "xp_t": null,
      "personaname": "H",
      "name": null,
      "last_login": null,
      "start_time": 1669911358,
      "duration": 2087,
      "cluster": 184,
      "lobby_type": 7,
      "game_mode": 22,
      "is_contributor": false,
      "patch": 51,
      "region": 8,
      "isRadiant": true,
      "total_gold": 16835,
      "total_xp": 26539,
      "kills_per_min": 0.22999520843315766,
      "kda": 1,
      "abandons": 0,
      "rank_tier": 24,
      "is_subscriber": false,
      "cosmetics": [],
      "benchmarks": {
        "gold_per_min": {
          "raw": 484,
          "pct": 0.1111111111111111
        },
        "xp_per_min": {
          "raw": 763,
          "pct": 0.3333333333333333
        },
        "kills_per_min": {
          "raw": 0.22999520843315766,
          "pct": 0.3333333333333333
        },
        "last_hits_per_min": {
          "raw": 5.951126018207954,
          "pct": 0.3333333333333333
        },
        "hero_damage_per_min": {
          "raw": 914.2597029228557,
          "pct": 0.4444444444444444
        },
        "hero_healing_per_min": {
          "raw": 0,
          "pct": 1
        },
        "tower_damage": {
          "raw": 1455,
          "pct": 0.1111111111111111
        },
        "stuns_per_min": {
          "raw": 0,
          "pct": 0.1111111111111111
        },
        "lhten": {}
      }
    },
    {
      "player_slot": 4,
      "ability_targets": null,
      "ability_upgrades_arr": [
        5182,
        5184,
        5184,
        5182,
        5184,
        5185,
        5184,
        5182,
        5182,
        867,
        5691,
        5185,
        5691,
        5691,
        7388,
        5691,
        5185
      ],
      "ability_uses": null,
      "actions": null,
      "additional_units": null,
      "assists": 5,
      "backpack_0": 0,
      "backpack_1": 0,
      "backpack_2": 0,
      "backpack_3": null,
      "buyback_log": null,
      "camps_stacked": null,
      "connection_log": null,
      "creeps_stacked": null,
      "damage": null,
      "damage_inflictor": null,
      "damage_inflictor_received": null,
      "damage_taken": null,
      "damage_targets": null,
      "deaths": 5,
      "denies": 11,
      "dn_t": null,
      "firstblood_claimed": null,
      "gold": 688,
      "gold_per_min": 391,
      "gold_reasons": null,
      "gold_spent": 12550,
      "gold_t": null,
      "hero_damage": 11088,
      "hero_healing": 0,
      "hero_hits": null,
      "hero_id": 41,
      "item_0": 75,
      "item_1": 166,
      "item_2": 63,
      "item_3": 11,
      "item_4": 172,
      "item_5": 116,
      "item_neutral": 828,
      "item_uses": null,
      "kill_streaks": null,
      "killed": null,
      "killed_by": null,
      "kills": 4,
      "kills_log": null,
      "lane_pos": null,
      "last_hits": 184,
      "leaver_status": 0,
      "level": 19,
      "lh_t": null,
      "life_state": null,
      "max_hero_hit": null,
      "multi_kills": null,
      "net_worth": 12718,
      "obs": null,
      "obs_left_log": null,
      "obs_log": null,
      "obs_placed": null,
      "party_id": 2,
      "party_size": 2,
      "performance_others": null,
      "permanent_buffs": [
        {
          "permanent_buff": 6,
          "stack_count": 2,
          "grant_time": 1051
        },
        {
          "permanent_buff": 12,
          "stack_count": 0,
          "grant_time": 2231
        }
      ],
      "pings": null,
      "pred_vict": null,
      "purchase": null,
      "purchase_log": null,
      "randomed": null,
      "repicked": null,
      "roshans_killed": null,
      "rune_pickups": null,
      "runes": null,
      "runes_log": null,
      "sen": null,
      "sen_left_log": null,
      "sen_log": null,
      "sen_placed": null,
      "stuns": null,
      "teamfight_participation": null,
      "times": null,
      "tower_damage": 0,
      "towers_killed": null,
      "xp_per_min": 583,
      "xp_reasons": null,
      "xp_t": null,
      "start_time": 1669911358,
      "duration": 2087,
      "cluster": 184,
      "lobby_type": 7,
      "game_mode": 22,
      "is_contributor": false,
      "patch": 51,
      "region": 8,
      "isRadiant": true,
      "total_gold": 13600,
      "total_xp": 20278,
      "kills_per_min": 0.11499760421657883,
      "kda": 1,
      "abandons": 0,
      "rank_tier": null,
      "is_subscriber": false,
      "cosmetics": [],
      "benchmarks": {
        "gold_per_min": {
          "raw": 391,
          "pct": 0.06666666666666667
        },
        "xp_per_min": {
          "raw": 583,
          "pct": 0.2
        },
        "kills_per_min": {
          "raw": 0.11499760421657883,
          "pct": 0.2
        },
        "last_hits_per_min": {
          "raw": 5.289889793962626,
          "pct": 0.13333333333333333
        },
        "hero_damage_per_min": {
          "raw": 318.7733588883565,
          "pct": 0.1
        },
        "hero_healing_per_min": {
          "raw": 0,
          "pct": 1
        },
        "tower_damage": {
          "raw": 0,
          "pct": 0.2
        },
        "stuns_per_min": {
          "raw": 0,
          "pct": 0.03333333333333333
        },
        "lhten": {}
      }
    },
    {
      "player_slot": 128,
      "ability_targets": null,
      "ability_upgrades_arr": [
        879,
        5601,
        879,
        886,
        879,
        5599,
        879,
        5601,
        5601,
        6997,
        5601,
        5599,
        886,
        886
      ],
      "ability_uses": null,
      "actions": null,
      "additional_units": null,
      "assists": 14,
      "backpack_0": 0,
      "backpack_1": 0,
      "backpack_2": 0,
      "backpack_3": null,
      "buyback_log": null,
      "camps_stacked": null,
      "connection_log": null,
      "creeps_stacked": null,
      "damage": null,
      "damage_inflictor": null,
      "damage_inflictor_received": null,
      "damage_taken": null,
      "damage_targets": null,
      "deaths": 5,
      "denies": 1,
      "dn_t": null,
      "firstblood_claimed": null,
      "gold": 692,
      "gold_per_min": 270,
      "gold_reasons": null,
      "gold_spent": 8805,
      "gold_t": null,
      "hero_damage": 19464,
      "hero_healing": 0,
      "hero_hits": null,
      "hero_id": 105,
      "item_0": 180,
      "item_1": 0,
      "item_2": 77,
      "item_3": 0,
      "item_4": 0,
      "item_5": 176,
      "item_neutral": 990,
      "item_uses": null,
      "kill_streaks": null,
      "killed": null,
      "killed_by": null,
      "kills": 7,
      "kills_log": null,
      "lane_pos": null,
      "last_hits": 30,
      "leaver_status": 0,
      "level": 14,
      "lh_t": null,
      "life_state": null,
      "max_hero_hit": null,
      "multi_kills": null,
      "net_worth": 8547,
      "obs": null,
      "obs_left_log": null,
      "obs_log": null,
      "obs_placed": null,
      "party_id": 3,
      "party_size": 1,
      "performance_others": null,
      "permanent_buffs": [
        {
          "permanent_buff": 12,
          "stack_count": 0,
          "grant_time": 1552
        }
      ],
      "pings": null,
      "pred_vict": null,
      "purchase": null,
      "purchase_log": null,
      "randomed": null,
      "repicked": null,
      "roshans_killed": null,
      "rune_pickups": null,
      "runes": null,
      "runes_log": null,
      "sen": null,
      "sen_left_log": null,
      "sen_log": null,
      "sen_placed": null,
      "stuns": null,
      "teamfight_participation": null,
      "times": null,
      "tower_damage": 131,
      "towers_killed": null,
      "xp_per_min": 352,
      "xp_reasons": null,
      "xp_t": null,
      "start_time": 1669911358,
      "duration": 2087,
      "cluster": 184,
      "lobby_type": 7,
      "game_mode": 22,
      "is_contributor": false,
      "patch": 51,
      "region": 8,
      "isRadiant": false,
      "total_gold": 9391,
      "total_xp": 12243,
      "kills_per_min": 0.20124580737901296,
      "kda": 3,
      "abandons": 0,
      "rank_tier": null,
      "is_subscriber": false,
      "cosmetics": [],
      "benchmarks": {
        "gold_per_min": {
          "raw": 270,
          "pct": 0.125
        },
        "xp_per_min": {
          "raw": 352,
          "pct": 0.125
        },
        "kills_per_min": {
          "raw": 0.20124580737901293,
          "pct": 0.65625
        },
        "last_hits_per_min": {
          "raw": 0.8624820316243412,
          "pct": 0.0625
        },
        "hero_damage_per_min": {
          "raw": 559.5783421178726,
          "pct": 0.25
        },
        "hero_healing_per_min": {
          "raw": 0,
          "pct": 0.78125
        },
        "tower_damage": {
          "raw": 131,
          "pct": 0.21875
        },
        "stuns_per_min": {
          "raw": 0,
          "pct": 0.0625
        },
        "lhten": {}
      }
    },
    {
      "player_slot": 129,
      "ability_targets": null,
      "ability_upgrades_arr": [
        5069,
        5072,
        5069,
        5071,
        5069,
        5073,
        5069,
        5071,
        5071,
        1057,
        5071,
        5072,
        5073,
        5072,
        5072,
        6219,
        5073
      ],
      "ability_uses": null,
      "actions": null,
      "additional_units": null,
      "assists": 9,
      "backpack_0": 0,
      "backpack_1": 0,
      "backpack_2": 0,
      "backpack_3": null,
      "buyback_log": null,
      "camps_stacked": null,
      "connection_log": null,
      "creeps_stacked": null,
      "damage": null,
      "damage_inflictor": null,
      "damage_inflictor_received": null,
      "damage_taken": null,
      "damage_targets": null,
      "deaths": 5,
      "denies": 4,
      "dn_t": null,
      "firstblood_claimed": null,
      "gold": 3588,
      "gold_per_min": 397,
      "gold_reasons": null,
      "gold_spent": 9895,
      "gold_t": null,
      "hero_damage": 13298,
      "hero_healing": 0,
      "hero_hits": null,
      "hero_id": 13,
      "item_0": 41,
      "item_1": 1,
      "item_2": 65,
      "item_3": 63,
      "item_4": 534,
      "item_5": 0,
      "item_neutral": 288,
      "item_uses": null,
      "kill_streaks": null,
      "killed": null,
      "killed_by": null,
      "kills": 4,
      "kills_log": null,
      "lane_pos": null,
      "last_hits": 132,
      "leaver_status": 0,
      "level": 19,
      "lh_t": null,
      "life_state": null,
      "max_hero_hit": null,
      "multi_kills": null,
      "net_worth": 12713,
      "obs": null,
      "obs_left_log": null,
      "obs_log": null,
      "obs_placed": null,
      "party_id": 4,
      "party_size": 3,
      "performance_others": null,
      "permanent_buffs": [],
      "pings": null,
      "pred_vict": null,
      "purchase": null,
      "purchase_log": null,
      "randomed": null,
      "repicked": null,
      "roshans_killed": null,
      "rune_pickups": null,
      "runes": null,
      "runes_log": null,
      "sen": null,
      "sen_left_log": null,
      "sen_log": null,
      "sen_placed": null,
      "stuns": null,
      "teamfight_participation": null,
      "times": null,
      "tower_damage": 1421,
      "towers_killed": null,
      "xp_per_min": 592,
      "xp_reasons": null,
      "xp_t": null,
      "personaname": "6",
      "name": null,
      "last_login": null,
      "start_time": 1669911358,
      "duration": 2087,
      "cluster": 184,
      "lobby_type": 7,
      "game_mode": 22,
      "is_contributor": false,
      "patch": 51,
      "region": 8,
      "isRadiant": false,
      "total_gold": 13808,
      "total_xp": 20591,
      "kills_per_min": 0.11499760421657883,
      "kda": 2,
      "abandons": 0,
      "rank_tier": 21,
      "is_subscriber": false,
      "cosmetics": [],
      "benchmarks": {
        "gold_per_min": {
          "raw": 397,
          "pct": 0.08333333333333333
        },
        "xp_per_min": {
          "raw": 592,
          "pct": 0.25
        },
        "kills_per_min": {
          "raw": 0.11499760421657883,
          "pct": 0.25
        },
        "last_hits_per_min": {
          "raw": 3.7949209391471013,
          "pct": 0.041666666666666664
        },
        "hero_damage_per_min": {
          "raw": 382.3095352180163,
          "pct": 0.041666666666666664
        },
        "hero_healing_per_min": {
          "raw": 0,
          "pct": 0.8333333333333334
        },
        "tower_damage": {
          "raw": 1421,
          "pct": 0.625
        },
        "stuns_per_min": {
          "raw": 0,
          "pct": 0
        },
        "lhten": {}
      }
    },
    {
      "player_slot": 130,
      "ability_targets": null,
      "ability_upgrades_arr": [
        5055,
        5053,
        5052,
        5052,
        5055,
        5052,
        5055,
        5052,
        5053,
        5053,
        5053,
        5055,
        6062,
        5057,
        5929,
        5057,
        5057,
        6840,
        6383
      ],
      "ability_uses": null,
      "actions": null,
      "additional_units": null,
      "assists": 6,
      "backpack_0": 0,
      "backpack_1": 0,
      "backpack_2": 0,
      "backpack_3": null,
      "buyback_log": null,
      "camps_stacked": null,
      "connection_log": null,
      "creeps_stacked": null,
      "damage": null,
      "damage_inflictor": null,
      "damage_inflictor_received": null,
      "damage_taken": null,
      "damage_targets": null,
      "deaths": 1,
      "denies": 3,
      "dn_t": null,
      "firstblood_claimed": null,
      "gold": 5404,
      "gold_per_min": 683,
      "gold_reasons": null,
      "gold_spent": 19175,
      "gold_t": null,
      "hero_damage": 24277,
      "hero_healing": 0,
      "hero_hits": null,
      "hero_id": 10,
      "item_0": 156,
      "item_1": 63,
      "item_2": 36,
      "item_3": 154,
      "item_4": 596,
      "item_5": 139,
      "item_neutral": 577,
      "item_uses": null,
      "kill_streaks": null,
      "killed": null,
      "killed_by": null,
      "kills": 17,
      "kills_log": null,
      "lane_pos": null,
      "last_hits": 306,
      "leaver_status": 0,
      "level": 26,
      "lh_t": null,
      "life_state": null,
      "max_hero_hit": null,
      "multi_kills": null,
      "net_worth": 23904,
      "obs": null,
      "obs_left_log": null,
      "obs_log": null,
      "obs_placed": null,
      "party_id": 4,
      "party_size": 3,
      "performance_others": null,
      "permanent_buffs": [
        {
          "permanent_buff": 12,
          "stack_count": 0,
          "grant_time": 2140
        }
      ],
      "pings": null,
      "pred_vict": null,
      "purchase": null,
      "purchase_log": null,
      "randomed": null,
      "repicked": null,
      "roshans_killed": null,
      "rune_pickups": null,
      "runes": null,
      "runes_log": null,
      "sen": null,
      "sen_left_log": null,
      "sen_log": null,
      "sen_placed": null,
      "stuns": null,
      "teamfight_participation": null,
      "times": null,
      "tower_damage": 15187,
      "towers_killed": null,
      "xp_per_min": 1009,
      "xp_reasons": null,
      "xp_t": null,
      "start_time": 1669911358,
      "duration": 2087,
      "cluster": 184,
      "lobby_type": 7,
      "game_mode": 22,
      "is_contributor": false,
      "patch": 51,
      "region": 8,
      "isRadiant": false,
      "total_gold": 23757,
      "total_xp": 35096,
      "kills_per_min": 0.48873981792046,
      "kda": 11,
      "abandons": 0,
      "rank_tier": null,
      "is_subscriber": false,
      "cosmetics": [],
      "benchmarks": {
        "gold_per_min": {
          "raw": 683,
          "pct": 0.4482758620689655
        },
        "xp_per_min": {
          "raw": 1009,
          "pct": 1
        },
        "kills_per_min": {
          "raw": 0.48873981792045995,
          "pct": 0.9655172413793104
        },
        "last_hits_per_min": {
          "raw": 8.79731672256828,
          "pct": 0.3793103448275862
        },
        "hero_damage_per_min": {
          "raw": 697.949209391471,
          "pct": 0.5862068965517241
        },
        "hero_healing_per_min": {
          "raw": 0,
          "pct": 0.896551724137931
        },
        "tower_damage": {
          "raw": 15187,
          "pct": 0.6206896551724138
        },
        "stuns_per_min": {
          "raw": 0,
          "pct": 0.10344827586206896
        },
        "lhten": {}
      }
    },
    {
      "player_slot": 131,
      "ability_targets": null,
      "ability_upgrades_arr": [
        5032,
        5031,
        5032,
        5033,
        5032,
        5035,
        5032,
        5033,
        5033,
        5033,
        5031,
        5035,
        5031,
        1015,
        6253,
        5031,
        5035,
        6667
      ],
      "ability_uses": null,
      "actions": null,
      "additional_units": null,
      "assists": 10,
      "backpack_0": 0,
      "backpack_1": 0,
      "backpack_2": 0,
      "backpack_3": null,
      "buyback_log": null,
      "camps_stacked": null,
      "connection_log": null,
      "creeps_stacked": null,
      "damage": null,
      "damage_inflictor": null,
      "damage_inflictor_received": null,
      "damage_taken": null,
      "damage_targets": null,
      "deaths": 3,
      "denies": 7,
      "dn_t": null,
      "firstblood_claimed": null,
      "gold": 688,
      "gold_per_min": 560,
      "gold_reasons": null,
      "gold_spent": 19245,
      "gold_t": null,
      "hero_damage": 14493,
      "hero_healing": 0,
      "hero_hits": null,
      "hero_id": 23,
      "item_0": 50,
      "item_1": 249,
      "item_2": 116,
      "item_3": 141,
      "item_4": 73,
      "item_5": 0,
      "item_neutral": 573,
      "item_uses": null,
      "kill_streaks": null,
      "killed": null,
      "killed_by": null,
      "kills": 3,
      "kills_log": null,
      "lane_pos": null,
      "last_hits": 303,
      "leaver_status": 0,
      "level": 21,
      "lh_t": null,
      "life_state": null,
      "max_hero_hit": null,
      "multi_kills": null,
      "net_worth": 17343,
      "obs": null,
      "obs_left_log": null,
      "obs_log": null,
      "obs_placed": null,
      "party_id": 4,
      "party_size": 3,
      "performance_others": null,
      "permanent_buffs": [],
      "pings": null,
      "pred_vict": null,
      "purchase": null,
      "purchase_log": null,
      "randomed": null,
      "repicked": null,
      "roshans_killed": null,
      "rune_pickups": null,
      "runes": null,
      "runes_log": null,
      "sen": null,
      "sen_left_log": null,
      "sen_log": null,
      "sen_placed": null,
      "stuns": null,
      "teamfight_participation": null,
      "times": null,
      "tower_damage": 1633,
      "towers_killed": null,
      "xp_per_min": 689,
      "xp_reasons": null,
      "xp_t": null,
      "personaname": "Tendo",
      "name": null,
      "last_login": "2021-12-29T09:27:24.600Z",
      "start_time": 1669911358,
      "duration": 2087,
      "cluster": 184,
      "lobby_type": 7,
      "game_mode": 22,
      "is_contributor": false,
      "patch": 51,
      "region": 8,
      "isRadiant": false,
      "total_gold": 19478,
      "total_xp": 23965,
      "kills_per_min": 0.08624820316243412,
      "kda": 3,
      "abandons": 0,
      "rank_tier": 22,
      "is_subscriber": false,
      "cosmetics": [],
      "benchmarks": {
        "gold_per_min": {
          "raw": 560,
          "pct": 0.5882352941176471
        },
        "xp_per_min": {
          "raw": 689,
          "pct": 0.4117647058823529
        },
        "kills_per_min": {
          "raw": 0.08624820316243412,
          "pct": 0.23529411764705882
        },
        "last_hits_per_min": {
          "raw": 8.711068519405845,
          "pct": 0.7647058823529411
        },
        "hero_damage_per_min": {
          "raw": 416.6650694777192,
          "pct": 0.11764705882352941
        },
        "hero_healing_per_min": {
          "raw": 0,
          "pct": 0.8235294117647058
        },
        "tower_damage": {
          "raw": 1633,
          "pct": 0.7058823529411765
        },
        "stuns_per_min": {
          "raw": 0,
          "pct": 0.058823529411764705
        },
        "lhten": {}
      }
    },
    {
      "player_slot": 132,
      "ability_targets": null,
      "ability_upgrades_arr": [
        5075,
        5076,
        5075,
        5076,
        5075,
        5077,
        5075,
        5076,
        5076,
        7142,
        5074,
        5077,
        5074,
        5074,
        6565,
        5074,
        5077,
        408
      ],
      "ability_uses": null,
      "actions": null,
      "additional_units": null,
      "assists": 17,
      "backpack_0": 0,
      "backpack_1": 0,
      "backpack_2": 0,
      "backpack_3": null,
      "buyback_log": null,
      "camps_stacked": null,
      "connection_log": null,
      "creeps_stacked": null,
      "damage": null,
      "damage_inflictor": null,
      "damage_inflictor_received": null,
      "damage_taken": null,
      "damage_targets": null,
      "deaths": 5,
      "denies": 1,
      "dn_t": null,
      "firstblood_claimed": null,
      "gold": 520,
      "gold_per_min": 448,
      "gold_reasons": null,
      "gold_spent": 15055,
      "gold_t": null,
      "hero_damage": 19939,
      "hero_healing": 0,
      "hero_hits": null,
      "hero_id": 14,
      "item_0": 1,
      "item_1": 131,
      "item_2": 114,
      "item_3": 43,
      "item_4": 214,
      "item_5": 0,
      "item_neutral": 376,
      "item_uses": null,
      "kill_streaks": null,
      "killed": null,
      "killed_by": null,
      "kills": 13,
      "kills_log": null,
      "lane_pos": null,
      "last_hits": 102,
      "leaver_status": 0,
      "level": 21,
      "lh_t": null,
      "life_state": null,
      "max_hero_hit": null,
      "multi_kills": null,
      "net_worth": 13795,
      "obs": null,
      "obs_left_log": null,
      "obs_log": null,
      "obs_placed": null,
      "party_id": 5,
      "party_size": 1,
      "performance_others": null,
      "permanent_buffs": [
        {
          "permanent_buff": 4,
          "stack_count": 23,
          "grant_time": 1316
        },
        {
          "permanent_buff": 6,
          "stack_count": 3,
          "grant_time": 1093
        }
      ],
      "pings": null,
      "pred_vict": null,
      "purchase": null,
      "purchase_log": null,
      "randomed": null,
      "repicked": null,
      "roshans_killed": null,
      "rune_pickups": null,
      "runes": null,
      "runes_log": null,
      "sen": null,
      "sen_left_log": null,
      "sen_log": null,
      "sen_placed": null,
      "stuns": null,
      "teamfight_participation": null,
      "times": null,
      "tower_damage": 554,
      "towers_killed": null,
      "xp_per_min": 697,
      "xp_reasons": null,
      "xp_t": null,
      "start_time": 1669911358,
      "duration": 2087,
      "cluster": 184,
      "lobby_type": 7,
      "game_mode": 22,
      "is_contributor": false,
      "patch": 51,
      "region": 8,
      "isRadiant": false,
      "total_gold": 15582,
      "total_xp": 24243,
      "kills_per_min": 0.37374221370388117,
      "kda": 5,
      "abandons": 0,
      "rank_tier": null,
      "is_subscriber": false,
      "cosmetics": [],
      "benchmarks": {
        "gold_per_min": {
          "raw": 448,
          "pct": 0.6607142857142857
        },
        "xp_per_min": {
          "raw": 697,
          "pct": 0.625
        },
        "kills_per_min": {
          "raw": 0.37374221370388117,
          "pct": 0.9464285714285714
        },
        "last_hits_per_min": {
          "raw": 2.93243890752276,
          "pct": 0.44642857142857145
        },
        "hero_damage_per_min": {
          "raw": 573.2343076185913,
          "pct": 0.5535714285714286
        },
        "hero_healing_per_min": {
          "raw": 0,
          "pct": 0.6428571428571429
        },
        "tower_damage": {
          "raw": 554,
          "pct": 0.5892857142857143
        },
        "stuns_per_min": {
          "raw": 0,
          "pct": 0
        },
        "lhten": {}
      }
    }
  ],
  "patch": 51,
  "region": 8
}