{
  "chat": null,
  "cluster": 251,
  "cosmetics": null,
  "dire_score": 33,
  "dire_team_id": null,
  "draft_timings": null,
  "duration": 1932,
  "engine": 1,
  "first_blood_time": 0,
  "game_mode": 22,
  "human_players": 10,
  "leagueid": 0,
  "lobby_type": 7,
  "match_seq_num": 5780333348,
  "negative_votes": 0,
  "objectives": null,
  "picks_bans": [
    {
      "is_pick": true,
      "hero_id": 29,
      "team": 1,
      "order": 0
    },
    {
      "is_pick": true,
      "hero_id": 121,
      "team": 0,
      "order": 1
    },
    {
      "is_pick": true,
      "hero_id": 31,
      "team": 1,
      "order": 2
    },
    {
      "is_pick": true,
      "hero_id": 86,
      "team": 0,
      "order": 3
    },
    {
      "is_pick": true,
      "hero_id": 8,
      "team": 1,
      "order": 4
    },
    {
      "is_pick": true,
      "hero_id": 2,
      "team": 1,
      "order": 5
    },
    {
      "is_pick": true,
      "hero_id": 46,
      "team": 0,
      "order": 6
    },
    {
      "is_pick": true,
      "hero_id": 44,
      "team": 0,
      "order": 7
    },
    {
      "is_pick": true,
      "hero_id": 81,
      "team": 1,
      "order": 8
    },
    {
      "is_pick": true,
      "hero_id": 104,
      "team": 0,
      "order": 9
    },
    {
      "is_pick": true,
      "hero_id": 70,
      "team": 1,
      "order": 10
    },
    {
      "is_pick": false,
      "hero_id": 70,
      "team": 0,
      "order": 11
    },
    {
      "is_pick": false,
      "hero_id": 41,
      "team": 0,
      "order": 12
    },
    {
      "is_pick": false,
      "hero_id": 44,
      "team": 0,
      "order": 13
    },
    {
      "is_pick": false,
      "hero_id": 1,
      "team": 0,
      "order": 14
    }
  ],
  "positive_votes": 0,
  "radiant_gold_adv": null,
  "radiant_score": 59,
  "radiant_team_id": null,
  "radiant_xp_adv": null,
  "skill": null,
  "start_time": 1669911355,
  "teamfights": null,
  "version": null,
  "replay_salt": 2116646959,
  "series_id": 0,
  "series_type": 0,
  "players": [
    {
      "player_slot": 0,
      "ability_targets": null,
      "ability_upgrades_arr": [
        5595,
        5597,
        5595,
        5596,
        5595,
        5598,
        5595,
        5597,
        5597,
        6218,
        5597,
        5598,
        5596,
        5596,
        463,
        5596,
        5598
      ],
      "ability_uses": null,
      "actions": null,
      "additional_units": null,
      "assists": 11,
      "backpack_0": 0,
      "backpack_1": 0,
      "backpack_2": 0,
      "backpack_3": null,
      "buyback_log": null,
      "camps_stacked": null,
      "connection_log": null,
      "creeps_stacked": null,
      "damage": null,
      "damage_inflictor": null,
      "damage_inflictor_received": null,
      "damage_taken": null,
      "damage_targets": null,
      "deaths": 7,
      "denies": 13,
      "dn_t": null,
      "firstblood_claimed": null,
      "gold": 1605,
      "gold_per_min": 572,
      "gold_reasons": null,
      "gold_spent": 15820,
      "gold_t": null,
      "hero_damage": 21815,
      "hero_healing": 720,
      "hero_hits": null,
      "hero_id": 104,
      "item_0": 1,
      "item_1": 127,
      "item_2": 116,
      "item_3": 112,
      "item_4": 73,
      "item_5": 50,
      "item_neutral": 309,
      "item_uses": null,
      "kill_streaks": null,
      "killed": null,
      "killed_by": null,
      "kills": 13,
      "kills_log": null,
      "lane_pos": null,
      "last_hits": 190,
      "leaver_status": 0,
      "level": 20,
      "lh_t": null,
      "life_state": null,
      "max_hero_hit": null,
      "multi_kills": null,
      "net_worth": 17235,
      "obs": null,
      "obs_left_log": null,
      "obs_log": null,
      "obs_placed": null,
      "party_id": 0,
      "party_size": 1,
      "performance_others": null,
      "permanent_buffs": [
        {
          "permanent_buff": 5,
          "stack_count": 216,
          "grant_time": 753
        }
      ],
      "pings": null,
      "pred_vict": null,
      "purchase": null,
      "purchase_log": null,
      "randomed": null,
      "repicked": null,
      "roshans_killed": null,
      "rune_pickups": null,
      "runes": null,
      "runes_log": null,
      "sen": null,
      "sen_left_log": null,
      "sen_log": null,
      "sen_placed": null,
      "stuns": null,
      "teamfight_participation": null,
      "times": null,
      "tower_damage": 6961,
      "towers_killed": null,
      "xp_per_min": 665,
      "xp_reasons": null,
      "xp_t": null,
      "start_time": 1669911355,
      "duration": 1932,
      "cluster": 251,
      "lobby_type": 7,
      "game_mode": 22,
      "is_contributor": false,
      "patch": 51,
      "region": 15,
      "isRadiant": true,
      "total_gold": 18418,
      "total_xp": 21413,
      "kills_per_min": 0.40372670807453415,
      "kda": 3,
      "abandons": 0,
      "rank_tier": null,
      "is_subscriber": false,
      "cosmetics": [],
      "benchmarks": {
        "gold_per_min": {
          "raw": 572,
          "pct": 0.8387096774193549
        },
        "xp_per_min": {
          "raw": 665,
          "pct": 0.5161290322580645
        },
        "kills_per_min": {
          "raw": 0.4037267080745342,
          "pct": 0.967741935483871
        },
        "last_hits_per_min": {
          "raw": 5.900621118012422,
          "pct": 0.8709677419354839
        },
        "hero_damage_per_min": {
          "raw": 677.4844720496894,
          "pct": 0.5806451612903226
        },
        "hero_healing_per_min": {
          "raw": 22.360248447204967,
          "pct": 0.5161290322580645
        },
        "tower_damage": {
          "raw": 6961,
          "pct": 0.7741935483870968
        },
        "stuns_per_min": {
          "raw": 0,
          "pct": 0.03225806451612903
        },
        "lhten": {}
      }
    },
    {
      "player_slot": 1,
      "ability_targets": null,
      "ability_upgrades_arr": [
        5450,
        5448,
        5450,
        7320,
        5450,
        5452,
        5450,
        5448,
        5448,
        5448,
        6862,
        5452,
        7320,
        7320,
        518,
        7320,
        5452
      ],
      "ability_uses": null,
      "actions": null,
      "additional_units": null,
      "assists": 38,
      "backpack_0": 0,
      "backpack_1": 0,
      "backpack_2": 0,
      "backpack_3": null,
      "buyback_log": null,
      "camps_stacked": null,
      "connection_log": null,
      "creeps_stacked": null,
      "damage": null,
      "damage_inflictor": null,
      "damage_inflictor_received": null,
      "damage_taken": null,
      "damage_targets": null,
      "deaths": 7,
      "denies": 5,
      "dn_t": null,
      "firstblood_claimed": null,
      "gold": 3652,
      "gold_per_min": 382,
      "gold_reasons": null,
      "gold_spent": 8530,
      "gold_t": null,
      "hero_damage": 26418,
      "hero_healing": 980,
      "hero_hits": null,
      "hero_id": 86,
      "item_0": 77,
      "item_1": 180,
      "item_2": 267,
      "item_3": 36,
      "item_4": 232,
      "item_5": 77,
      "item_neutral": 675,
      "item_uses": null,
      "kill_streaks": null,
      "killed": null,
      "killed_by": null,
      "kills": 8,
      "kills_log": null,
      "lane_pos": null,
      "last_hits": 30,
      "leaver_status": 0,
      "level": 20,
      "lh_t": null,
      "life_state": null,
      "max_hero_hit": null,
      "multi_kills": null,
      "net_worth": 11767,
      "obs": null,
      "obs_left_log": null,
      "obs_log": null,
      "obs_placed": null,
      "party_id": 1,
      "party_size": 1,
      "performance_others": null,
      "permanent_buffs": [
        {
          "permanent_buff": 6,
          "stack_count": 1,
          "grant_time": 1932
        }
      ],
      "pings": null,
      "pred_vict": null,
      "purchase": null,
      "purchase_log": null,
      "randomed": null,
      "repicked": null,
      "roshans_killed": null,
      "rune_pickups": null,
      "runes": null,
      "runes_log": null,
      "sen": null,
      "sen_left_log": null,
      "sen_log": null,
      "sen_placed": null,
      "stuns": null,
      "teamfight_participation": null,
      "times": null,
      "tower_damage": 2526,
      "towers_killed": null,
      "xp_per_min": 701,
      "xp_reasons": null,
      "xp_t": null,
      "personaname": "Просто Мундыр )",
      "name": null,
      "last_login": null,
      "start_time": 1669911355,
      "duration": 1932,
      "cluster": 251,
      "lobby_type": 7,
      "game_mode": 22,
      "is_contributor": false,
      "patch": 51,
      "region": 15,
      "isRadiant": true,
      "total_gold": 12300,
      "total_xp": 22572,
      "kills_per_min": 0.24844720496894407,
      "kda": 5,
      "abandons": 0,
      "rank_tier": 25,
      "is_subscriber": false,
      "cosmetics": [],
      "benchmarks": {
        "gold_per_min": {
          "raw": 382,
          "pct": 0.7862068965517242
        },
        "xp_per_min": {
          "raw": 701,
          "pct": 0.9586206896551724
        },
        "kills_per_min": {
          "raw": 0.24844720496894412,
          "pct": 0.8896551724137931
        },
        "last_hits_per_min": {
          "raw": 0.9316770186335404,
          "pct": 0.034482758620689655
        },
        "hero_damage_per_min": {
          "raw": 820.4347826086957,
          "pct": 0.9586206896551724
        },
        "hero_healing_per_min": {
          "raw": 30.434782608695656,
          "pct": 0.9517241379310345
        },
        "tower_damage": {
          "raw": 2526,
          "pct": 0.9793103448275862
        },
        "stuns_per_min": {
          "raw": 0,
          "pct": 0
        },
        "lhten": {}
      }
    },
    {
      "player_slot": 2,
      "ability_targets": null,
      "ability_upgrades_arr": [
        5190,
        5191,
        5190,
        5192,
        5190,
        5193,
        5190,
        5191,
        5191,
        483,
        5191,
        5193,
        5192,
        5192,
        490,
        5192,
        5193,
        1074
      ],
      "ability_uses": null,
      "actions": null,
      "additional_units": null,
      "assists": 15,
      "backpack_0": 0,
      "backpack_1": 0,
      "backpack_2": 0,
      "backpack_3": null,
      "buyback_log": null,
      "camps_stacked": null,
      "connection_log": null,
      "creeps_stacked": null,
      "damage": null,
      "damage_inflictor": null,
      "damage_inflictor_received": null,
      "damage_taken": null,
      "damage_targets": null,
      "deaths": 7,
      "denies": 14,
      "dn_t": null,
      "firstblood_claimed": null,
      "gold": 932,
      "gold_per_min": 586,
      "gold_reasons": null,
      "gold_spent": 17280,
      "gold_t": null,
      "hero_damage": 28592,
      "hero_healing": 0,
      "hero_hits": null,
      "hero_id": 44,
      "item_0": 50,
      "item_1": 116,
      "item_2": 143,
      "item_3": 168,
      "item_4": 145,
      "item_5": 75,
      "item_neutral": 212,
      "item_uses": null,
      "kill_streaks": null,
      "killed": null,
      "killed_by": null,
      "kills": 20,
      "kills_log": null,
      "lane_pos": null,
      "last_hits": 133,
      "leaver_status": 0,
      "level": 20,
      "lh_t": null,
      "life_state": null,
      "max_hero_hit": null,
      "multi_kills": null,
      "net_worth": 17562,
      "obs": null,
      "obs_left_log": null,
      "obs_log": null,
      "obs_placed": null,
      "party_id": 2,
      "party_size": 1,
      "performance_others": null,
      "permanent_buffs": [
        {
          "permanent_buff": 6,
          "stack_count": 1,
          "grant_time": 905
        }
      ],
      "pings": null,
      "pred_vict": null,
      "purchase": null,
      "purchase_log": null,
      "randomed": null,
      "repicked": null,
      "roshans_killed": null,
      "rune_pickups": null,
      "runes": null,
      "runes_log": null,
      "sen": null,
      "sen_left_log": null,
      "sen_log": null,
      "sen_placed": null,
      "stuns": null,
      "teamfight_participation": null,
      "times": null,
      "tower_damage": 3954,
      "towers_killed": null,
      "xp_per_min": 693,
      "xp_reasons": null,
      "xp_t": null,
      "start_time": 1669911355,
      "duration": 1932,
      "cluster": 251,
      "lobby_type": 7,
      "game_mode": 22,
      "is_contributor": false,
      "patch": 51,
      "region": 15,
      "isRadiant": true,
      "total_gold": 18869,
      "total_xp": 22314,
      "kills_per_min": 0.6211180124223602,
      "kda": 4,
      "abandons": 0,
      "rank_tier": null,
      "is_subscriber": false,
      "cosmetics": [],
      "benchmarks": {
        "gold_per_min": {
          "raw": 586,
          "pct": 0.4074074074074074
        },
        "xp_per_min": {
          "raw": 693,
          "pct": 0.2962962962962963
        },
        "kills_per_min": {
          "raw": 0.6211180124223602,
          "pct": 0.9259259259259259
        },
        "last_hits_per_min": {
          "raw": 4.130434782608695,
          "pct": 0.07407407407407407
        },
        "hero_damage_per_min": {
          "raw": 887.9503105590062,
          "pct": 0.6666666666666666
        },
        "hero_healing_per_min": {
          "raw": 0,
          "pct": 0.9629629629629629
        },
        "tower_damage": {
          "raw": 3954,
          "pct": 0.48148148148148145
        },
        "stuns_per_min": {
          "raw": 0,
          "pct": 0.4074074074074074
        },
        "lhten": {}
      }
    },
    {
      "player_slot": 3,
      "ability_targets": null,
      "ability_upgrades_arr": [
        8007,
        8006,
        8006,
        8007,
        8006,
        6491,
        8000,
        8007,
        8007,
        774,
        8006,
        6491,
        8000,
        8000,
        508,
        8000,
        6491,
        8004
      ],
      "ability_uses": null,
      "actions": null,
      "additional_units": null,
      "assists": 34,
      "backpack_0": 0,
      "backpack_1": 0,
      "backpack_2": 0,
      "backpack_3": null,
      "buyback_log": null,
      "camps_stacked": null,
      "connection_log": null,
      "creeps_stacked": null,
      "damage": null,
      "damage_inflictor": null,
      "damage_inflictor_received": null,
      "damage_taken": null,
      "damage_targets": null,
      "deaths": 7,
      "denies": 3,
      "dn_t": null,
      "firstblood_claimed": null,
      "gold": 2457,
      "gold_per_min": 402,
      "gold_reasons": null,
      "gold_spent": 11060,
      "gold_t": null,
      "hero_damage": 19804,
      "hero_healing": 195,
      "hero_hits": null,
      "hero_id": 121,
      "item_0": 206,
      "item_1": 0,
      "item_2": 0,
      "item_3": 36,
      "item_4": 180,
      "item_5": 176,
      "item_neutral": 0,
      "item_uses": null,
      "kill_streaks": null,
      "killed": null,
      "killed_by": null,
      "kills": 8,
      "kills_log": null,
      "lane_pos": null,
      "last_hits": 42,
      "leaver_status": 0,
      "level": 21,
      "lh_t": null,
      "life_state": null,
      "max_hero_hit": null,
      "multi_kills": null,
      "net_worth": 11707,
      "obs": null,
      "obs_left_log": null,
      "obs_log": null,
      "obs_placed": null,
      "party_id": 3,
      "party_size": 1,
      "performance_others": null,
      "permanent_buffs": [],
      "pings": null,
      "pred_vict": null,
      "purchase": null,
      "purchase_log": null,
      "randomed": null,
      "repicked": null,
      "roshans_killed": null,
      "rune_pickups": null,
      "runes": null,
      "runes_log": null,
      "sen": null,
      "sen_left_log": null,
      "sen_log": null,
      "sen_placed": null,
      "stuns": null,
      "teamfight_participation": null,
      "times": null,
      "tower_damage": 1939,
      "towers_killed": null,
      "xp_per_min": 800,
      "xp_reasons": null,
      "xp_t": null,
      "start_time": 1669911355,
      "duration": 1932,
      "cluster": 251,
      "lobby_type": 7,
      "game_mode": 22,
      "is_contributor": false,
      "patch": 51,
      "region": 15,
      "isRadiant": true,
      "total_gold": 12944,
      "total_xp": 25760,
      "kills_per_min": 0.24844720496894407,
      "kda": 5,
      "abandons": 0,
      "rank_tier": null,
      "is_subscriber": false,
      "cosmetics": [],
      "benchmarks": {
        "gold_per_min": {
          "raw": 402,
          "pct": 0.9166666666666666
        },
        "xp_per_min": {
          "raw": 800,
          "pct": 1
        },
        "kills_per_min": {
          "raw": 0.24844720496894412,
          "pct": 0.8333333333333334
        },
        "last_hits_per_min": {
          "raw": 1.3043478260869565,
          "pct": 0.6666666666666666
        },
        "hero_damage_per_min": {
          "raw": 615.0310559006211,
          "pct": 1
        },
        "hero_healing_per_min": {
          "raw": 6.055900621118012,
          "pct": 0.5833333333333334
        },
        "tower_damage": {
          "raw": 1939,
          "pct": 1
        },
        "stuns_per_min": {
          "raw": 0,
          "pct": 0
        },
        "lhten": {}
      }
    },
    {
      "player_slot": 4,
      "ability_targets": null,
      "ability_upgrades_arr": [
        5196,
        5194,
        5196,
        5194,
        5196,
        5197,
        5194,
        5195,
        5194,
        1059,
        5195,
        5196,
        5197,
        5195,
        757,
        5195,
        5197,
        6939
      ],
      "ability_uses": null,
      "actions": null,
      "additional_units": null,
      "assists": 24,
      "backpack_0": 16,
      "backpack_1": 0,
      "backpack_2": 0,
      "backpack_3": null,
      "buyback_log": null,
      "camps_stacked": null,
      "connection_log": null,
      "creeps_stacked": null,
      "damage": null,
      "damage_inflictor": null,
      "damage_inflictor_received": null,
      "damage_taken": null,
      "damage_targets": null,
      "deaths": 5,
      "denies": 8,
      "dn_t": null,
      "firstblood_claimed": null,
      "gold": 5638,
      "gold_per_min": 594,
      "gold_reasons": null,
      "gold_spent": 13275,
      "gold_t": null,
      "hero_damage": 19537,
      "hero_healing": 0,
      "hero_hits": null,
      "hero_id": 46,
      "item_0": 263,
      "item_1": 75,
      "item_2": 63,
      "item_3": 100,
      "item_4": 168,
      "item_5": 75,
      "item_neutral": 838,
      "item_uses": null,
      "kill_streaks": null,
      "killed": null,
      "killed_by": null,
      "kills": 8,
      "kills_log": null,
      "lane_pos": null,
      "last_hits": 193,
      "leaver_status": 0,
      "level": 23,
      "lh_t": null,
      "life_state": null,
      "max_hero_hit": null,
      "multi_kills": null,
      "net_worth": 18873,
      "obs": null,
      "obs_left_log": null,
      "obs_log": null,
      "obs_placed": null,
      "party_id": 4,
      "party_size": 1,
      "performance_others": null,
      "permanent_buffs": [],
      "pings": null,
      "pred_vict": null,
      "purchase": null,
      "purchase_log": null,
      "randomed": null,
      "repicked": null,
      "roshans_killed": null,
      "rune_pickups": null,
      "runes": null,
      "runes_log": null,
      "sen": null,
      "sen_left_log": null,
      "sen_log": null,
      "sen_placed": null,
      "stuns": null,
      "teamfight_participation": null,
      "times": null,
      "tower_damage": 12070,
      "towers_killed": null,
      "xp_per_min": 925,
      "xp_reasons": null,
      "xp_t": null,
      "start_time": 1669911355,
      "duration": 1932,
      "cluster": 251,
      "lobby_type": 7,
      "game_mode": 22,
      "is_contributor": false,
      "patch": 51,
      "region": 15,
      "isRadiant": true,
      "total_gold": 19126,
      "total_xp": 29785,
      "kills_per_min": 0.24844720496894407,
      "kda": 5,
      "abandons": 0,
      "rank_tier": null,
      "is_subscriber": false,
      "cosmetics": [],
      "benchmarks": {
        "gold_per_min": {
          "raw": 594,
          "pct": 0.41379310344827586
        },
        "xp_per_min": {
          "raw": 925,
          "pct": 0.9310344827586207
        },
        "kills_per_min": {
          "raw": 0.24844720496894412,
          "pct": 0.5172413793103449
        },
        "last_hits_per_min": {
          "raw": 5.9937888198757765,
          "pct": 0.06896551724137931
        },
        "hero_damage_per_min": {
          "raw": 606.7391304347826,
          "pct": 0.41379310344827586
        },
        "hero_healing_per_min": {
          "raw": 0,
          "pct": 0.9655172413793104
        },
        "tower_damage": {
          "raw": 12070,
          "pct": 0.7241379310344828
        },
        "stuns_per_min": {
          "raw": 0,
          "pct": 1
        },
        "lhten": {}
      }
    },
    {
      "player_slot": 128,
      "ability_targets": null,
      "ability_upgrades_arr": [
        5136,
        7325,
        5134,
        7325,
        7325,
        5137,
        5136,
        5136,
        530,
        7325,
        5136,
        5137,
        5134,
        5134
      ],
      "ability_uses": null,
      "actions": null,
      "additional_units": null,
      "assists": 12,
      "backpack_0": 589,
      "backpack_1": 0,
      "backpack_2": 0,
      "backpack_3": null,
      "buyback_log": null,
      "camps_stacked": null,
      "connection_log": null,
      "creeps_stacked": null,
      "damage": null,
      "damage_inflictor": null,
      "damage_inflictor_received": null,
      "damage_taken": null,
      "damage_targets": null,
      "deaths": 16,
      "denies": 0,
      "dn_t": null,
      "firstblood_claimed": null,
      "gold": 653,
      "gold_per_min": 283,
      "gold_reasons": null,
      "gold_spent": 6975,
      "gold_t": null,
      "hero_damage": 10688,
      "hero_healing": 0,
      "hero_hits": null,
      "hero_id": 31,
      "item_0": 180,
      "item_1": 102,
      "item_2": 94,
      "item_3": 88,
      "item_4": 69,
      "item_5": 43,
      "item_neutral": 290,
      "item_uses": null,
      "kill_streaks": null,
      "killed": null,
      "killed_by": null,
      "kills": 1,
      "kills_log": null,
      "lane_pos": null,
      "last_hits": 58,
      "leaver_status": 0,
      "level": 14,
      "lh_t": null,
      "life_state": null,
      "max_hero_hit": null,
      "multi_kills": null,
      "net_worth": 6703,
      "obs": null,
      "obs_left_log": null,
      "obs_log": null,
      "obs_placed": null,
      "party_id": 5,
      "party_size": 1,
      "performance_others": null,
      "permanent_buffs": [
        {
          "permanent_buff": 6,
          "stack_count": 1,
          "grant_time": 1614
        }
      ],
      "pings": null,
      "pred_vict": null,
      "purchase": null,
      "purchase_log": null,
      "randomed": null,
      "repicked": null,
      "roshans_killed": null,
      "rune_pickups": null,
      "runes": null,
      "runes_log": null,
      "sen": null,
      "sen_left_log": null,
      "sen_log": null,
      "sen_placed": null,
      "stuns": null,
      "teamfight_participation": null,
      "times": null,
      "tower_damage": 0,
      "towers_killed": null,
      "xp_per_min": 371,
      "xp_reasons": null,
      "xp_t": null,
      "start_time": 1669911355,
      "duration": 1932,
      "cluster": 251,
      "lobby_type": 7,
      "game_mode": 22,
      "is_contributor": false,
      "patch": 51,
      "region": 15,
      "isRadiant": false,
      "total_gold": 9112,
      "total_xp": 11946,
      "kills_per_min": 0.03105590062111801,
      "kda": 0,
      "abandons": 0,
      "rank_tier": null,
      "is_subscriber": false,
      "cosmetics": [],
      "benchmarks": {
        "gold_per_min": {
          "raw": 283,
          "pct": 0.4074074074074074
        },
        "xp_per_min": {
          "raw": 371,
          "pct": 0.2222222222222222
        },
        "kills_per_min": {
          "raw": 0.031055900621118016,
          "pct": 0.14814814814814814
        },
        "last_hits_per_min": {
          "raw": 1.8012422360248448,
          "pct": 0.9259259259259259
        },
        "hero_damage_per_min": {
          "raw": 331.9254658385093,
          "pct": 0.1111111111111111
        },
        "hero_healing_per_min": {
          "raw": 0,
          "pct": 0.8148148148148148
        },
        "tower_damage": {
          "raw": 0,
          "pct": 0.3333333333333333
        },
        "stuns_per_min": {
          "raw": 0,
          "pct": 0
        },
        "lhten": {}
      }
    },
    {
      "player_slot": 129,
      "ability_targets": null,
      "ability_upgrades_arr": [
        5428,
        5426,
        5428,
        5427,
        5428,
        5429,
        5427,
        5427,
        5428,
        5427,
        871,
        5429,
        5426,
        5426,
        5426,
        872,
        5429,
        6133
      ],
      "ability_uses": null,
      "actions": null,
      "additional_units": null,
      "assists": 9,
      "backpack_0": 0,
      "backpack_1": 675,
      "backpack_2": 0,
      "backpack_3": null,
      "buyback_log": null,
      "camps_stacked": null,
      "connection_log": null,
      "creeps_stacked": null,
      "damage": null,
      "damage_inflictor": null,
      "damage_inflictor_received": null,
      "damage_taken": null,
      "damage_targets": null,
      "deaths": 7,
      "denies": 13,
      "dn_t": null,
      "firstblood_claimed": null,
      "gold": 229,
      "gold_per_min": 541,
      "gold_reasons": null,
      "gold_spent": 16530,
      "gold_t": null,
      "hero_damage": 18016,
      "hero_healing": 0,
      "hero_hits": null,
      "hero_id": 81,
      "item_0": 252,
      "item_1": 151,
      "item_2": 112,
      "item_3": 143,
      "item_4": 63,
      "item_5": 36,
      "item_neutral": 828,
      "item_uses": null,
      "kill_streaks": null,
      "killed": null,
      "killed_by": null,
      "kills": 11,
      "kills_log": null,
      "lane_pos": null,
      "last_hits": 190,
      "leaver_status": 0,
      "level": 21,
      "lh_t": null,
      "life_state": null,
      "max_hero_hit": null,
      "multi_kills": null,
      "net_worth": 16479,
      "obs": null,
      "obs_left_log": null,
      "obs_log": null,
      "obs_placed": null,
      "party_id": 6,
      "party_size": 1,
      "performance_others": null,
      "permanent_buffs": [
        {
          "permanent_buff": 12,
          "stack_count": 0,
          "grant_time": 1601
        }
      ],
      "pings": null,
      "pred_vict": null,
      "purchase": null,
      "purchase_log": null,
      "randomed": null,
      "repicked": null,
      "roshans_killed": null,
      "rune_pickups": null,
      "runes": null,
      "runes_log": null,
      "sen": null,
      "sen_left_log": null,
      "sen_log": null,
      "sen_placed": null,
      "stuns": null,
      "teamfight_participation": null,
      "times": null,
      "tower_damage": 187,
      "towers_killed": null,
      "xp_per_min": 776,
      "xp_reasons": null,
      "xp_t": null,
      "start_time": 1669911355,
      "duration": 1932,
      "cluster": 251,
      "lobby_type": 7,
      "game_mode": 22,
      "is_contributor": false,
      "patch": 51,
      "region": 15,
      "isRadiant": false,
      "total_gold": 17420,
      "total_xp": 24987,
      "kills_per_min": 0.3416149068322981,
      "kda": 2,
      "abandons": 0,
      "rank_tier": null,
      "is_subscriber": false,
      "cosmetics": [],
      "benchmarks": {
        "gold_per_min": {
          "raw": 541,
          "pct": 0.43478260869565216
        },
        "xp_per_min": {
          "raw": 776,
          "pct": 0.6521739130434783
        },
        "kills_per_min": {
          "raw": 0.3416149068322981,
          "pct": 0.6521739130434783
        },
        "last_hits_per_min": {
          "raw": 5.900621118012422,
          "pct": 0.34782608695652173
        },
        "hero_damage_per_min": {
          "raw": 559.5031055900621,
          "pct": 0.34782608695652173
        },
        "hero_healing_per_min": {
          "raw": 0,
          "pct": 1
        },
        "tower_damage": {
          "raw": 187,
          "pct": 0.08695652173913043
        },
        "stuns_per_min": {
          "raw": 0,
          "pct": 0
        },
        "lhten": {}
      }
    },
    {
      "player_slot": 130,
      "ability_targets": null,
      "ability_upgrades_arr": [
        5359,
        5358,
        5359,
        5357,
        5359,
        5360,
        5359,
        5358,
        5358,
        5358,
        5357,
        5360,
        5357,
        5357,
        1062,
        6975,
        5360,
        6132
      ],
      "ability_uses": null,
      "actions": null,
      "additional_units": null,
      "assists": 7,
      "backpack_0": 11,
      "backpack_1": 0,
      "backpack_2": 0,
      "backpack_3": null,
      "buyback_log": null,
      "camps_stacked": null,
      "connection_log": null,
      "creeps_stacked": null,
      "damage": null,
      "damage_inflictor": null,
      "damage_inflictor_received": null,
      "damage_taken": null,
      "damage_targets": null,
      "deaths": 12,
      "denies": 9,
      "dn_t": null,
      "firstblood_claimed": null,
      "gold": 167,
      "gold_per_min": 496,
      "gold_reasons": null,
      "gold_spent": 14055,
      "gold_t": null,
      "hero_damage": 26606,
      "hero_healing": 0,
      "hero_hits": null,
      "hero_id": 70,
      "item_0": 1,
      "item_1": 50,
      "item_2": 51,
      "item_3": 143,
      "item_4": 174,
      "item_5": 26,
      "item_neutral": 577,
      "item_uses": null,
      "kill_streaks": null,
      "killed": null,
      "killed_by": null,
      "kills": 16,
      "kills_log": null,
      "lane_pos": null,
      "last_hits": 120,
      "leaver_status": 0,
      "level": 21,
      "lh_t": null,
      "life_state": null,
      "max_hero_hit": null,
      "multi_kills": null,
      "net_worth": 12592,
      "obs": null,
      "obs_left_log": null,
      "obs_log": null,
      "obs_placed": null,
      "party_id": 7,
      "party_size": 1,
      "performance_others": null,
      "permanent_buffs": [
        {
          "permanent_buff": 6,
          "stack_count": 1,
          "grant_time": 968
        }
      ],
      "pings": null,
      "pred_vict": null,
      "purchase": null,
      "purchase_log": null,
      "randomed": null,
      "repicked": null,
      "roshans_killed": null,
      "rune_pickups": null,
      "runes": null,
      "runes_log": null,
      "sen": null,
      "sen_left_log": null,
      "sen_log": null,
      "sen_placed": null,
      "stuns": null,
      "teamfight_participation": null,
      "times": null,
      "tower_damage": 200,
      "towers_killed": null,
      "xp_per_min": 764,
      "xp_reasons": null,
      "xp_t": null,
      "start_time": 1669911355,
      "duration": 1932,
      "cluster": 251,
      "lobby_type": 7,
      "game_mode": 22,
      "is_contributor": false,
      "patch": 51,
      "region": 15,
      "isRadiant": false,
      "total_gold": 15971,
      "total_xp": 24600,
      "kills_per_min": 0.49689440993788814,
      "kda": 1,
      "abandons": 0,
      "rank_tier": null,
      "is_subscriber": false,
      "cosmetics": [],
      "benchmarks": {
        "gold_per_min": {
          "raw": 496,
          "pct": 0.1951219512195122
        },
        "xp_per_min": {
          "raw": 764,
          "pct": 0.5609756097560976
        },
        "kills_per_min": {
          "raw": 0.49689440993788825,
          "pct": 0.8780487804878049
        },
        "last_hits_per_min": {
          "raw": 3.7267080745341614,
          "pct": 0
        },
        "hero_damage_per_min": {
          "raw": 826.2732919254659,
          "pct": 0.6829268292682927
        },
        "hero_healing_per_min": {
          "raw": 0,
          "pct": 1
        },
        "tower_damage": {
          "raw": 200,
          "pct": 0.2926829268292683
        },
        "stuns_per_min": {
          "raw": 0,
          "pct": 0.34146341463414637
        },
        "lhten": {}
      }
    },
    {
      "player_slot": 131,
      "ability_targets": null,
      "ability_upgrades_arr": [
        5118,
        5119,
        5119,
        5118,
        5118,
        5121,
        5118,
        5119,
        5119,
        754,
        5120,
        5121,
        5120,
        5120
      ],
      "ability_uses": null,
      "actions": null,
      "additional_units": null,
      "assists": 16,
      "backpack_0": 0,
      "backpack_1": 0,
      "backpack_2": 0,
      "backpack_3": null,
      "buyback_log": null,
      "camps_stacked": null,
      "connection_log": null,
      "creeps_stacked": null,
      "damage": null,
      "damage_inflictor": null,
      "damage_inflictor_received": null,
      "damage_taken": null,
      "damage_targets": null,
      "deaths": 13,
      "denies": 0,
      "dn_t": null,
      "firstblood_claimed": null,
      "gold": 1040,
      "gold_per_min": 254,
      "gold_reasons": null,
      "gold_spent": 7020,
      "gold_t": null,
      "hero_damage": 8668,
      "hero_healing": 282,
      "hero_hits": null,
      "hero_id": 29,
      "item_0": 180,
      "item_1": 56,
      "item_2": 40,
      "item_3": 92,
      "item_4": 1,
      "item_5": 0,
      "item_neutral": 680,
      "item_uses": null,
      "kill_streaks": null,
      "killed": null,
      "killed_by": null,
      "kills": 2,
      "kills_log": null,
      "lane_pos": null,
      "last_hits": 19,
      "leaver_status": 0,
      "level": 14,
      "lh_t": null,
      "life_state": null,
      "max_hero_hit": null,
      "multi_kills": null,
      "net_worth": 6375,
      "obs": null,
      "obs_left_log": null,
      "obs_log": null,
      "obs_placed": null,
      "party_id": 8,
      "party_size": 1,
      "performance_others": null,
      "permanent_buffs": [],
      "pings": null,
      "pred_vict": null,
      "purchase": null,
      "purchase_log": null,
      "randomed": null,
      "repicked": null,
      "roshans_killed": null,
      "rune_pickups": null,
      "runes": null,
      "runes_log": null,
      "sen": null,
      "sen_left_log": null,
      "sen_log": null,
      "sen_placed": null,
      "stuns": null,
      "teamfight_participation": null,
      "times": null,
      "tower_damage": 0,
      "towers_killed": null,
      "xp_per_min": 364,
      "xp_reasons": null,
      "xp_t": null,
      "start_time": 1669911355,
      "duration": 1932,
      "cluster": 251,
      "lobby_type": 7,
      "game_mode": 22,
      "is_contributor": false,
      "patch": 51,
      "region": 15,
      "isRadiant": false,
      "total_gold": 8178,
      "total_xp": 11720,
      "kills_per_min": 0.06211180124223602,
      "kda": 1,
      "abandons": 0,
      "rank_tier": null,
      "is_subscriber": false,
      "cosmetics": [],
      "benchmarks": {
        "gold_per_min": {
          "raw": 254,
          "pct": 0
        },
        "xp_per_min": {
          "raw": 364,
          "pct": 0.05
        },
        "kills_per_min": {
          "raw": 0.06211180124223603,
          "pct": 0.2
        },
        "last_hits_per_min": {
          "raw": 0.5900621118012422,
          "pct": 0
        },
        "hero_damage_per_min": {
          "raw": 269.1925465838509,
          "pct": 0.1
        },
        "hero_healing_per_min": {
          "raw": 8.75776397515528,
          "pct": 0.6
        },
        "tower_damage": {
          "raw": 0,
          "pct": 0.1
        },
        "stuns_per_min": {
          "raw": 0,
          "pct": 0
        },
        "lhten": {}
      }
    },
    {
      "player_slot": 132,
      "ability_targets": null,
      "ability_upgrades_arr": [
        5027,
        5028,
        5028,
        5029,
        5028,
        5030,
        5027,
        5028,
        5027,
        5027,
        5921,
        5030,
        5029,
        5029,
        5029,
        7394,
        5030
      ],
      "ability_uses": null,
      "actions": null,
      "additional_units": null,
      "assists": 10,
      "backpack_0": 11,
      "backpack_1": 38,
      "backpack_2": 0,
      "backpack_3": null,
      "buyback_log": null,
      "camps_stacked": null,
      "connection_log": null,
      "creeps_stacked": null,
      "damage": null,
      "damage_inflictor": null,
      "damage_inflictor_received": null,
      "damage_taken": null,
      "damage_targets": null,
      "deaths": 11,
      "denies": 3,
      "dn_t": null,
      "firstblood_claimed": null,
      "gold": 429,
      "gold_per_min": 439,
      "gold_reasons": null,
      "gold_spent": 11135,
      "gold_t": null,
      "hero_damage": 15248,
      "hero_healing": 2540,
      "hero_hits": null,
      "hero_id": 8,
      "item_0": 166,
      "item_1": 50,
      "item_2": 172,
      "item_3": 1,
      "item_4": 36,
      "item_5": 75,
      "item_neutral": 381,
      "item_uses": null,
      "kill_streaks": null,
      "killed": null,
      "killed_by": null,
      "kills": 3,
      "kills_log": null,
      "lane_pos": null,
      "last_hits": 204,
      "leaver_status": 0,
      "level": 18,
      "lh_t": null,
      "life_state": null,
      "max_hero_hit": null,
      "multi_kills": null,
      "net_worth": 11159,
      "obs": null,
      "obs_left_log": null,
      "obs_log": null,
      "obs_placed": null,
      "party_id": 9,
      "party_size": 1,
      "performance_others": null,
      "permanent_buffs": [
        {
          "permanent_buff": 12,
          "stack_count": 0,
          "grant_time": 1945
        }
      ],
      "pings": null,
      "pred_vict": null,
      "purchase": null,
      "purchase_log": null,
      "randomed": null,
      "repicked": null,
      "roshans_killed": null,
      "rune_pickups": null,
      "runes": null,
      "runes_log": null,
      "sen": null,
      "sen_left_log": null,
      "sen_log": null,
      "sen_placed": null,
      "stuns": null,
      "teamfight_participation": null,
      "times": null,
      "tower_damage": 1219,
      "towers_killed": null,
      "xp_per_min": 582,
      "xp_reasons": null,
      "xp_t": null,
      "personaname": "4 BURROS, CONMIGO 5 godota2.com",
      "name": null,
      "last_login": null,
      "start_time": 1669911355,
      "duration": 1932,
      "cluster": 251,
      "lobby_type": 7,
      "game_mode": 22,
      "is_contributor": false,
      "patch": 51,
      "region": 15,
      "isRadiant": false,
      "total_gold": 14135,
      "total_xp": 18740,
      "kills_per_min": 0.09316770186335403,
      "kda": 1,
      "abandons": 0,
      "rank_tier": 34,
      "is_subscriber": false,
      "cosmetics": [],
      "benchmarks": {
        "gold_per_min": {
          "raw": 439,
          "pct": 0.12121212121212122
        },
        "xp_per_min": {
          "raw": 582,
          "pct": 0.21212121212121213
        },
        "kills_per_min": {
          "raw": 0.09316770186335403,
          "pct": 0.09090909090909091
        },
        "last_hits_per_min": {
          "raw": 6.3354037267080745,
          "pct": 0.15151515151515152
        },
        "hero_damage_per_min": {
          "raw": 473.5403726708074,
          "pct": 0.12121212121212122
        },
        "hero_healing_per_min": {
          "raw": 78.88198757763975,
          "pct": 0.3939393939393939
        },
        "tower_damage": {
          "raw": 1219,
          "pct": 0.30303030303030304
        },
        "stuns_per_min": {
          "raw": 0,
          "pct": 0.3333333333333333
        },
        "lhten": {}
      }
    }
  ],
  "patch": 51,
  "region": 15
}