{
  "chat": null,
  "cluster": 227,
  "cosmetics": null,
  "dire_score": 43,
  "dire_team_id": null,
  "draft_timings": null,
  "duration": 1589,
  "engine": 1,
  "first_blood_time": 34,
  "game_mode": 23,
  "human_players": 10,
  "leagueid": 0,
  "lobby_type": 0,
  "match_seq_num": 5780320133,
  "negative_votes": 0,
  "objectives": null,
  "picks_bans": null,
  "positive_votes": 0,
  "radiant_gold_adv": null,
  "radiant_score": 26,
  "radiant_team_id": null,
  "radiant_xp_adv": null,
  "skill": null,
  "start_time": 1669911299,
  "teamfights": null,
  "version": null,
  "replay_salt": 1706950385,
  "series_id": 0,
  "series_type": 0,
  "players": [
    {
      "player_slot": 0,
      "ability_targets": null,
      "ability_upgrades_arr": [
        5526,
        5524,
        5525,
        5526,
        5524,
        5527,
        5524,
        5524,
        5526,
        5525,
        7132,
        5527,
        5525,
        5525,
        5949,
        5526,
        5527,
        447,
        6949
      ],
      "ability_uses": null,
      "actions": null,
      "additional_units": null,
      "assists": 8,
      "backpack_0": 0,
      "backpack_1": 0,
      "backpack_2": 0,
      "backpack_3": null,
      "buyback_log": null,
      "camps_stacked": null,
      "connection_log": null,
      "creeps_stacked": null,
      "damage": null,
      "damage_inflictor": null,
      "damage_inflictor_received": null,
      "damage_taken": null,
      "damage_targets": null,
      "deaths": 9,
      "denies": 2,
      "dn_t": null,
      "firstblood_claimed": null,
      "gold": 2923,
      "gold_per_min": 761,
      "gold_reasons": null,
      "gold_spent": 17955,
      "gold_t": null,
      "hero_damage": 17793,
      "hero_healing": 0,
      "hero_hits": null,
      "hero_id": 98,
      "item_0": 273,
      "item_1": 123,
      "item_2": 108,
      "item_3": 100,
      "item_4": 180,
      "item_5": 43,
      "item_neutral": 381,
      "item_uses": null,
      "kill_streaks": null,
      "killed": null,
      "killed_by": null,
      "kills": 2,
      "kills_log": null,
      "lane_pos": null,
      "last_hits": 101,
      "leaver_status": 0,
      "level": 27,
      "lh_t": null,
      "life_state": null,
      "max_hero_hit": null,
      "multi_kills": null,
      "net_worth": 20098,
      "obs": null,
      "obs_left_log": null,
      "obs_log": null,
      "obs_placed": null,
      "party_id": 0,
      "party_size": 1,
      "performance_others": null,
      "permanent_buffs": [
        {
          "permanent_buff": 6,
          "stack_count": 2,
          "grant_time": 867
        }
      ],
      "pings": null,
      "pred_vict": null,
      "purchase": null,
      "purchase_log": null,
      "randomed": null,
      "repicked": null,
      "roshans_killed": null,
      "rune_pickups": null,
      "runes": null,
      "runes_log": null,
      "sen": null,
      "sen_left_log": null,
      "sen_log": null,
      "sen_placed": null,
      "stuns": null,
      "teamfight_participation": null,
      "times": null,
      "tower_damage": 40,
      "towers_killed": null,
      "xp_per_min": 1421,
      "xp_reasons": null,
      "xp_t": null,
      "personaname": "混沌体",
      "name": null,
      "last_login": null,
      "start_time": 1669911299,
      "duration": 1589,
      "cluster": 227,
      "lobby_type": 0,
      "game_mode": 23,
      "is_contributor": false,
      "patch": 51,
      "region": 20,
      "isRadiant": true,
      "total_gold": 20153,
      "total_xp": 37632,
      "kills_per_min": 0.07551919446192573,
      "kda": 1,
      "abandons": 0,
      "rank_tier": 34,
      "is_subscriber": false,
      "cosmetics": [],
      "benchmarks": {
        "gold_per_min": {
          "raw": 761,
          "pct": 1
        },
        "xp_per_min": {
          "raw": 1421,
          "pct": 1
        },
        "kills_per_min": {
          "raw": 0.07551919446192575,
          "pct": 0.3333333333333333
        },
        "last_hits_per_min": {
          "raw": 3.81371932032725,
          "pct": 0.1
        },
        "hero_damage_per_min": {
          "raw": 671.8565135305223,
          "pct": 0.7333333333333333
        },
        "hero_healing_per_min": {
          "raw": 0,
          "pct": 0.9333333333333333
        },
        "tower_damage": {
          "raw": 40,
          "pct": 0.2
        },
        "stuns_per_min": {
          "raw": 0,
          "pct": 0.7
        },
        "lhten": {}
      }
    },
    {
      "player_slot": 1,
      "ability_targets": null,
      "ability_upgrades_arr": [
        5723,
        5716,
        5721,
        5716,
        5723,
        5716,
        5721,
        5721,
        5721,
        5716,
        5723,
        5725,
        748,
        5723,
        7038,
        5725,
        5725,
        822,
        7025,
        982
      ],
      "ability_uses": null,
      "actions": null,
      "additional_units": null,
      "assists": 9,
      "backpack_0": 0,
      "backpack_1": 0,
      "backpack_2": 0,
      "backpack_3": null,
      "buyback_log": null,
      "camps_stacked": null,
      "connection_log": null,
      "creeps_stacked": null,
      "damage": null,
      "damage_inflictor": null,
      "damage_inflictor_received": null,
      "damage_taken": null,
      "damage_targets": null,
      "deaths": 9,
      "denies": 6,
      "dn_t": null,
      "firstblood_claimed": null,
      "gold": 8745,
      "gold_per_min": 1185,
      "gold_reasons": null,
      "gold_spent": 23525,
      "gold_t": null,
      "hero_damage": 46055,
      "hero_healing": 0,
      "hero_hits": null,
      "hero_id": 114,
      "item_0": 569,
      "item_1": 250,
      "item_2": 108,
      "item_3": 48,
      "item_4": 123,
      "item_5": 145,
      "item_neutral": 309,
      "item_uses": null,
      "kill_streaks": null,
      "killed": null,
      "killed_by": null,
      "kills": 9,
      "kills_log": null,
      "lane_pos": null,
      "last_hits": 146,
      "leaver_status": 0,
      "level": 29,
      "lh_t": null,
      "life_state": null,
      "max_hero_hit": null,
      "multi_kills": null,
      "net_worth": 31870,
      "obs": null,
      "obs_left_log": null,
      "obs_log": null,
      "obs_placed": null,
      "party_id": 1,
      "party_size": 4,
      "performance_others": null,
      "permanent_buffs": [],
      "pings": null,
      "pred_vict": null,
      "purchase": null,
      "purchase_log": null,
      "randomed": null,
      "repicked": null,
      "roshans_killed": null,
      "rune_pickups": null,
      "runes": null,
      "runes_log": null,
      "sen": null,
      "sen_left_log": null,
      "sen_log": null,
      "sen_placed": null,
      "stuns": null,
      "teamfight_participation": null,
      "times": null,
      "tower_damage": 1138,
      "towers_killed": null,
      "xp_per_min": 1500,
      "xp_reasons": null,
      "xp_t": null,
      "personaname": "devil hunter",
      "name": null,
      "last_login": null,
      "start_time": 1669911299,
      "duration": 1589,
      "cluster": 227,
      "lobby_type": 0,
      "game_mode": 23,
      "is_contributor": false,
      "patch": 51,
      "region": 20,
      "isRadiant": true,
      "total_gold": 31382,
      "total_xp": 39725,
      "kills_per_min": 0.3398363750786658,
      "kda": 1,
      "abandons": 0,
      "rank_tier": 51,
      "is_subscriber": false,
      "cosmetics": [],
      "benchmarks": {
        "gold_per_min": {
          "raw": 1185,
          "pct": 1
        },
        "xp_per_min": {
          "raw": 1500,
          "pct": 1
        },
        "kills_per_min": {
          "raw": 0.3398363750786658,
          "pct": 0.8536585365853658
        },
        "last_hits_per_min": {
          "raw": 5.51290119572058,
          "pct": 0.3170731707317073
        },
        "hero_damage_per_min": {
          "raw": 1739.0182504719949,
          "pct": 1
        },
        "hero_healing_per_min": {
          "raw": 0,
          "pct": 1
        },
        "tower_damage": {
          "raw": 1138,
          "pct": 0.3902439024390244
        },
        "stuns_per_min": {
          "raw": 0,
          "pct": 0.024390243902439025
        },
        "lhten": {}
      }
    },
    {
      "player_slot": 2,
      "ability_targets": null,
      "ability_upgrades_arr": [
        5182,
        5184,
        5691,
        5184,
        5184,
        5185,
        5184,
        5182,
        5182,
        5182,
        867,
        5185,
        5691,
        5691,
        7388,
        5691,
        5185,
        6128,
        6651,
        856,
        868
      ],
      "ability_uses": null,
      "actions": null,
      "additional_units": null,
      "assists": 15,
      "backpack_0": 0,
      "backpack_1": 0,
      "backpack_2": 0,
      "backpack_3": null,
      "buyback_log": null,
      "camps_stacked": null,
      "connection_log": null,
      "creeps_stacked": null,
      "damage": null,
      "damage_inflictor": null,
      "damage_inflictor_received": null,
      "damage_taken": null,
      "damage_targets": null,
      "deaths": 9,
      "denies": 12,
      "dn_t": null,
      "firstblood_claimed": null,
      "gold": 3086,
      "gold_per_min": 952,
      "gold_reasons": null,
      "gold_spent": 22815,
      "gold_t": null,
      "hero_damage": 20283,
      "hero_healing": 0,
      "hero_hits": null,
      "hero_id": 41,
      "item_0": 116,
      "item_1": 172,
      "item_2": 158,
      "item_3": 63,
      "item_4": 141,
      "item_5": 123,
      "item_neutral": 362,
      "item_uses": null,
      "kill_streaks": null,
      "killed": null,
      "killed_by": null,
      "kills": 8,
      "kills_log": null,
      "lane_pos": null,
      "last_hits": 79,
      "leaver_status": 0,
      "level": 28,
      "lh_t": null,
      "life_state": null,
      "max_hero_hit": null,
      "multi_kills": null,
      "net_worth": 25761,
      "obs": null,
      "obs_left_log": null,
      "obs_log": null,
      "obs_placed": null,
      "party_id": 1,
      "party_size": 4,
      "performance_others": null,
      "permanent_buffs": [],
      "pings": null,
      "pred_vict": null,
      "purchase": null,
      "purchase_log": null,
      "randomed": null,
      "repicked": null,
      "roshans_killed": null,
      "rune_pickups": null,
      "runes": null,
      "runes_log": null,
      "sen": null,
      "sen_left_log": null,
      "sen_log": null,
      "sen_placed": null,
      "stuns": null,
      "teamfight_participation": null,
      "times": null,
      "tower_damage": 990,
      "towers_killed": null,
      "xp_per_min": 1618,
      "xp_reasons": null,
      "xp_t": null,
      "start_time": 1669911299,
      "duration": 1589,
      "cluster": 227,
      "lobby_type": 0,
      "game_mode": 23,
      "is_contributor": false,
      "patch": 51,
      "region": 20,
      "isRadiant": true,
      "total_gold": 25212,
      "total_xp": 42850,
      "kills_per_min": 0.3020767778477029,
      "kda": 2,
      "abandons": 0,
      "rank_tier": null,
      "is_subscriber": false,
      "cosmetics": [],
      "benchmarks": {
        "gold_per_min": {
          "raw": 952,
          "pct": 1
        },
        "xp_per_min": {
          "raw": 1618,
          "pct": 1
        },
        "kills_per_min": {
          "raw": 0.302076777847703,
          "pct": 0.7666666666666667
        },
        "last_hits_per_min": {
          "raw": 2.983008181246067,
          "pct": 0.03333333333333333
        },
        "hero_damage_per_min": {
          "raw": 765.8779106356199,
          "pct": 0.7
        },
        "hero_healing_per_min": {
          "raw": 0,
          "pct": 1
        },
        "tower_damage": {
          "raw": 990,
          "pct": 0.3333333333333333
        },
        "stuns_per_min": {
          "raw": 0,
          "pct": 0.03333333333333333
        },
        "lhten": {}
      }
    },
    {
      "player_slot": 3,
      "ability_targets": null,
      "ability_upgrades_arr": [
        5639,
        5637,
        5638,
        5639,
        5639,
        5640,
        5639,
        5637,
        5637,
        791,
        5637,
        5640,
        5638,
        5638,
        5638,
        405,
        5640,
        681,
        544
      ],
      "ability_uses": null,
      "actions": null,
      "additional_units": null,
      "assists": 11,
      "backpack_0": 216,
      "backpack_1": 0,
      "backpack_2": 0,
      "backpack_3": null,
      "buyback_log": null,
      "camps_stacked": null,
      "connection_log": null,
      "creeps_stacked": null,
      "damage": null,
      "damage_inflictor": null,
      "damage_inflictor_received": null,
      "damage_taken": null,
      "damage_targets": null,
      "deaths": 11,
      "denies": 2,
      "dn_t": null,
      "firstblood_claimed": null,
      "gold": 2440,
      "gold_per_min": 511,
      "gold_reasons": null,
      "gold_spent": 11710,
      "gold_t": null,
      "hero_damage": 6509,
      "hero_healing": 2300,
      "hero_hits": null,
      "hero_id": 111,
      "item_0": 180,
      "item_1": 226,
      "item_2": 232,
      "item_3": 0,
      "item_4": 42,
      "item_5": 102,
      "item_neutral": 288,
      "item_uses": null,
      "kill_streaks": null,
      "killed": null,
      "killed_by": null,
      "kills": 3,
      "kills_log": null,
      "lane_pos": null,
      "last_hits": 21,
      "leaver_status": 0,
      "level": 26,
      "lh_t": null,
      "life_state": null,
      "max_hero_hit": null,
      "multi_kills": null,
      "net_worth": 13630,
      "obs": null,
      "obs_left_log": null,
      "obs_log": null,
      "obs_placed": null,
      "party_id": 1,
      "party_size": 4,
      "performance_others": null,
      "permanent_buffs": [
        {
          "permanent_buff": 12,
          "stack_count": 0,
          "grant_time": 1007
        }
      ],
      "pings": null,
      "pred_vict": null,
      "purchase": null,
      "purchase_log": null,
      "randomed": null,
      "repicked": null,
      "roshans_killed": null,
      "rune_pickups": null,
      "runes": null,
      "runes_log": null,
      "sen": null,
      "sen_left_log": null,
      "sen_log": null,
      "sen_placed": null,
      "stuns": null,
      "teamfight_participation": null,
      "times": null,
      "tower_damage": 21,
      "towers_killed": null,
      "xp_per_min": 1411,
      "xp_reasons": null,
      "xp_t": null,
      "start_time": 1669911299,
      "duration": 1589,
      "cluster": 227,
      "lobby_type": 0,
      "game_mode": 23,
      "is_contributor": false,
      "patch": 51,
      "region": 20,
      "isRadiant": true,
      "total_gold": 13532,
      "total_xp": 37367,
      "kills_per_min": 0.11327879169288861,
      "kda": 1,
      "abandons": 0,
      "rank_tier": null,
      "is_subscriber": false,
      "cosmetics": [],
      "benchmarks": {
        "gold_per_min": {
          "raw": 511,
          "pct": 0.9333333333333333
        },
        "xp_per_min": {
          "raw": 1411,
          "pct": 1
        },
        "kills_per_min": {
          "raw": 0.11327879169288861,
          "pct": 0.7333333333333333
        },
        "last_hits_per_min": {
          "raw": 0.7929515418502203,
          "pct": 0.26666666666666666
        },
        "hero_damage_per_min": {
          "raw": 245.77721837633732,
          "pct": 0.3333333333333333
        },
        "hero_healing_per_min": {
          "raw": 86.8470736312146,
          "pct": 0.4666666666666667
        },
        "tower_damage": {
          "raw": 21,
          "pct": 0.3333333333333333
        },
        "stuns_per_min": {
          "raw": 0,
          "pct": 0.06666666666666667
        },
        "lhten": {}
      }
    },
    {
      "player_slot": 4,
      "ability_targets": null,
      "ability_upgrades_arr": [
        5162,
        5163,
        5162,
        5163,
        5162,
        5165,
        5162,
        5163,
        5163,
        6982,
        5164,
        5165,
        5164,
        5164,
        845,
        5164,
        5165,
        6505
      ],
      "ability_uses": null,
      "actions": null,
      "additional_units": null,
      "assists": 3,
      "backpack_0": 0,
      "backpack_1": 0,
      "backpack_2": 0,
      "backpack_3": null,
      "buyback_log": null,
      "camps_stacked": null,
      "connection_log": null,
      "creeps_stacked": null,
      "damage": null,
      "damage_inflictor": null,
      "damage_inflictor_received": null,
      "damage_taken": null,
      "damage_targets": null,
      "deaths": 5,
      "denies": 1,
      "dn_t": null,
      "firstblood_claimed": null,
      "gold": 1362,
      "gold_per_min": 533,
      "gold_reasons": null,
      "gold_spent": 13420,
      "gold_t": null,
      "hero_damage": 17326,
      "hero_healing": 500,
      "hero_hits": null,
      "hero_id": 37,
      "item_0": 180,
      "item_1": 244,
      "item_2": 254,
      "item_3": 110,
      "item_4": 108,
      "item_5": 43,
      "item_neutral": 834,
      "item_uses": null,
      "kill_streaks": null,
      "killed": null,
      "killed_by": null,
      "kills": 4,
      "kills_log": null,
      "lane_pos": null,
      "last_hits": 42,
      "leaver_status": 0,
      "level": 24,
      "lh_t": null,
      "life_state": null,
      "max_hero_hit": null,
      "multi_kills": null,
      "net_worth": 14112,
      "obs": null,
      "obs_left_log": null,
      "obs_log": null,
      "obs_placed": null,
      "party_id": 1,
      "party_size": 4,
      "performance_others": null,
      "permanent_buffs": [],
      "pings": null,
      "pred_vict": null,
      "purchase": null,
      "purchase_log": null,
      "randomed": null,
      "repicked": null,
      "roshans_killed": null,
      "rune_pickups": null,
      "runes": null,
      "runes_log": null,
      "sen": null,
      "sen_left_log": null,
      "sen_log": null,
      "sen_placed": null,
      "stuns": null,
      "teamfight_participation": null,
      "times": null,
      "tower_damage": 179,
      "towers_killed": null,
      "xp_per_min": 1294,
      "xp_reasons": null,
      "xp_t": null,
      "start_time": 1669911299,
      "duration": 1589,
      "cluster": 227,
      "lobby_type": 0,
      "game_mode": 23,
      "is_contributor": false,
      "patch": 51,
      "region": 20,
      "isRadiant": true,
      "total_gold": 14115,
      "total_xp": 34269,
      "kills_per_min": 0.15103838892385146,
      "kda": 1,
      "abandons": 0,
      "rank_tier": null,
      "is_subscriber": false,
      "cosmetics": [],
      "benchmarks": {
        "gold_per_min": {
          "raw": 533,
          "pct": 0.9411764705882353
        },
        "xp_per_min": {
          "raw": 1294,
          "pct": 1
        },
        "kills_per_min": {
          "raw": 0.1510383889238515,
          "pct": 0.9411764705882353
        },
        "last_hits_per_min": {
          "raw": 1.5859030837004406,
          "pct": 0.5294117647058824
        },
        "hero_damage_per_min": {
          "raw": 654.2227816236627,
          "pct": 0.7058823529411765
        },
        "hero_healing_per_min": {
          "raw": 18.879798615481434,
          "pct": 0
        },
        "tower_damage": {
          "raw": 179,
          "pct": 0.11764705882352941
        },
        "stuns_per_min": {
          "raw": 0,
          "pct": 0
        },
        "lhten": {}
      }
    },
    {
      "player_slot": 128,
      "ability_targets": null,
      "ability_upgrades_arr": [
        5158,
        5159,
        5160,
        5158,
        5158,
        5161,
        5158,
        5159,
        820,
        5159,
        5159,
        5161,
        5160,
        5160,
        7111,
        5160,
        5161,
        350,
        6010,
        1049,
        7110
      ],
      "ability_uses": null,
      "actions": null,
      "additional_units": null,
      "assists": 18,
      "backpack_0": 0,
      "backpack_1": 0,
      "backpack_2": 0,
      "backpack_3": null,
      "buyback_log": null,
      "camps_stacked": null,
      "connection_log": null,
      "creeps_stacked": null,
      "damage": null,
      "damage_inflictor": null,
      "damage_inflictor_received": null,
      "damage_taken": null,
      "damage_targets": null,
      "deaths": 6,
      "denies": 3,
      "dn_t": null,
      "firstblood_claimed": null,
      "gold": 4767,
      "gold_per_min": 966,
      "gold_reasons": null,
      "gold_spent": 21435,
      "gold_t": null,
      "hero_damage": 18677,
      "hero_healing": 6680,
      "hero_hits": null,
      "hero_id": 36,
      "item_0": 231,
      "item_1": 77,
      "item_2": 137,
      "item_3": 108,
      "item_4": 119,
      "item_5": 0,
      "item_neutral": 837,
      "item_uses": null,
      "kill_streaks": null,
      "killed": null,
      "killed_by": null,
      "kills": 4,
      "kills_log": null,
      "lane_pos": null,
      "last_hits": 113,
      "leaver_status": 0,
      "level": 28,
      "lh_t": null,
      "life_state": null,
      "max_hero_hit": null,
      "multi_kills": null,
      "net_worth": 25922,
      "obs": null,
      "obs_left_log": null,
      "obs_log": null,
      "obs_placed": null,
      "party_id": 2,
      "party_size": 4,
      "performance_others": null,
      "permanent_buffs": [
        {
          "permanent_buff": 12,
          "stack_count": 0,
          "grant_time": 1199
        },
        {
          "permanent_buff": 14,
          "stack_count": 2,
          "grant_time": 633
        }
      ],
      "pings": null,
      "pred_vict": null,
      "purchase": null,
      "purchase_log": null,
      "randomed": null,
      "repicked": null,
      "roshans_killed": null,
      "rune_pickups": null,
      "runes": null,
      "runes_log": null,
      "sen": null,
      "sen_left_log": null,
      "sen_log": null,
      "sen_placed": null,
      "stuns": null,
      "teamfight_participation": null,
      "times": null,
      "tower_damage": 1802,
      "towers_killed": null,
      "xp_per_min": 1612,
      "xp_reasons": null,
      "xp_t": null,
      "personaname": "怎么可以活下来",
      "name": null,
      "last_login": null,
      "start_time": 1669911299,
      "duration": 1589,
      "cluster": 227,
      "lobby_type": 0,
      "game_mode": 23,
      "is_contributor": false,
      "patch": 51,
      "region": 20,
      "isRadiant": false,
      "total_gold": 25582,
      "total_xp": 42691,
      "kills_per_min": 0.15103838892385146,
      "kda": 3,
      "abandons": 0,
      "rank_tier": null,
      "is_subscriber": false,
      "cosmetics": [],
      "benchmarks": {
        "gold_per_min": {
          "raw": 966,
          "pct": 1
        },
        "xp_per_min": {
          "raw": 1612,
          "pct": 1
        },
        "kills_per_min": {
          "raw": 0.1510383889238515,
          "pct": 0.15384615384615385
        },
        "last_hits_per_min": {
          "raw": 4.266834487098804,
          "pct": 0.23076923076923078
        },
        "hero_damage_per_min": {
          "raw": 705.2359974826935,
          "pct": 0.5384615384615384
        },
        "hero_healing_per_min": {
          "raw": 252.23410950283198,
          "pct": 0.8461538461538461
        },
        "tower_damage": {
          "raw": 1802,
          "pct": 0.6923076923076923
        },
        "stuns_per_min": {
          "raw": 0,
          "pct": 0
        },
        "lhten": {}
      }
    },
    {
      "player_slot": 129,
      "ability_targets": null,
      "ability_upgrades_arr": [
        5353,
        5355,
        7301,
        5355,
        5355,
        5356,
        5355,
        5353,
        5931,
        5353,
        5356,
        5353,
        7301,
        7301,
        7301,
        5940,
        5356,
        6149,
        6905,
        7022,
        6296
      ],
      "ability_uses": null,
      "actions": null,
      "additional_units": null,
      "assists": 19,
      "backpack_0": 0,
      "backpack_1": 0,
      "backpack_2": 0,
      "backpack_3": null,
      "buyback_log": null,
      "camps_stacked": null,
      "connection_log": null,
      "creeps_stacked": null,
      "damage": null,
      "damage_inflictor": null,
      "damage_inflictor_received": null,
      "damage_taken": null,
      "damage_targets": null,
      "deaths": 6,
      "denies": 0,
      "dn_t": null,
      "firstblood_claimed": null,
      "gold": 4331,
      "gold_per_min": 890,
      "gold_reasons": null,
      "gold_spent": 20865,
      "gold_t": null,
      "hero_damage": 9577,
      "hero_healing": 0,
      "hero_hits": null,
      "hero_id": 71,
      "item_0": 116,
      "item_1": 112,
      "item_2": 154,
      "item_3": 114,
      "item_4": 0,
      "item_5": 63,
      "item_neutral": 331,
      "item_uses": null,
      "kill_streaks": null,
      "killed": null,
      "killed_by": null,
      "kills": 2,
      "kills_log": null,
      "lane_pos": null,
      "last_hits": 70,
      "leaver_status": 0,
      "level": 29,
      "lh_t": null,
      "life_state": null,
      "max_hero_hit": null,
      "multi_kills": null,
      "net_worth": 24106,
      "obs": null,
      "obs_left_log": null,
      "obs_log": null,
      "obs_placed": null,
      "party_id": 2,
      "party_size": 4,
      "performance_others": null,
      "permanent_buffs": [],
      "pings": null,
      "pred_vict": null,
      "purchase": null,
      "purchase_log": null,
      "randomed": null,
      "repicked": null,
      "roshans_killed": null,
      "rune_pickups": null,
      "runes": null,
      "runes_log": null,
      "sen": null,
      "sen_left_log": null,
      "sen_log": null,
      "sen_placed": null,
      "stuns": null,
      "teamfight_participation": null,
      "times": null,
      "tower_damage": 2241,
      "towers_killed": null,
      "xp_per_min": 1471,
      "xp_reasons": null,
      "xp_t": null,
      "start_time": 1669911299,
      "duration": 1589,
      "cluster": 227,
      "lobby_type": 0,
      "game_mode": 23,
      "is_contributor": false,
      "patch": 51,
      "region": 20,
      "isRadiant": false,
      "total_gold": 23570,
      "total_xp": 38956,
      "kills_per_min": 0.07551919446192573,
      "kda": 3,
      "abandons": 0,
      "rank_tier": null,
      "is_subscriber": false,
      "cosmetics": [],
      "benchmarks": {
        "gold_per_min": {
          "raw": 890,
          "pct": 1
        },
        "xp_per_min": {
          "raw": 1471,
          "pct": 1
        },
        "kills_per_min": {
          "raw": 0.07551919446192575,
          "pct": 0.225
        },
        "last_hits_per_min": {
          "raw": 2.643171806167401,
          "pct": 0.275
        },
        "hero_damage_per_min": {
          "raw": 361.62366268093143,
          "pct": 0.5
        },
        "hero_healing_per_min": {
          "raw": 0,
          "pct": 0.925
        },
        "tower_damage": {
          "raw": 2241,
          "pct": 0.85
        },
        "stuns_per_min": {
          "raw": 0,
          "pct": 0
        },
        "lhten": {}
      }
    },
    {
      "player_slot": 130,
      "ability_targets": null,
      "ability_upgrades_arr": [
        5495,
        5496,
        5494,
        5494,
        5494,
        5497,
        5494,
        5496,
        5495,
        5495,
        5495,
        5497,
        5496,
        821,
        6892,
        5496,
        5497,
        814,
        6894,
        6147,
        921,
        892,
        6893
      ],
      "ability_uses": null,
      "actions": null,
      "additional_units": null,
      "assists": 11,
      "backpack_0": 0,
      "backpack_1": 0,
      "backpack_2": 0,
      "backpack_3": null,
      "buyback_log": null,
      "camps_stacked": null,
      "connection_log": null,
      "creeps_stacked": null,
      "damage": null,
      "damage_inflictor": null,
      "damage_inflictor_received": null,
      "damage_taken": null,
      "damage_targets": null,
      "deaths": 2,
      "denies": 4,
      "dn_t": null,
      "firstblood_claimed": null,
      "gold": 12445,
      "gold_per_min": 1827,
      "gold_reasons": null,
      "gold_spent": 36965,
      "gold_t": null,
      "hero_damage": 54690,
      "hero_healing": 0,
      "hero_hits": null,
      "hero_id": 93,
      "item_0": 249,
      "item_1": 250,
      "item_2": 208,
      "item_3": 252,
      "item_4": 160,
      "item_5": 63,
      "item_neutral": 376,
      "item_uses": null,
      "kill_streaks": null,
      "killed": null,
      "killed_by": null,
      "kills": 24,
      "kills_log": null,
      "lane_pos": null,
      "last_hits": 147,
      "leaver_status": 0,
      "level": 30,
      "lh_t": null,
      "life_state": null,
      "max_hero_hit": null,
      "multi_kills": null,
      "net_worth": 47445,
      "obs": null,
      "obs_left_log": null,
      "obs_log": null,
      "obs_placed": null,
      "party_id": 2,
      "party_size": 4,
      "performance_others": null,
      "permanent_buffs": [
        {
          "permanent_buff": 2,
          "stack_count": 0,
          "grant_time": 1613
        },
        {
          "permanent_buff": 8,
          "stack_count": 30,
          "grant_time": 368
        },
        {
          "permanent_buff": 12,
          "stack_count": 0,
          "grant_time": 909
        }
      ],
      "pings": null,
      "pred_vict": null,
      "purchase": null,
      "purchase_log": null,
      "randomed": null,
      "repicked": null,
      "roshans_killed": null,
      "rune_pickups": null,
      "runes": null,
      "runes_log": null,
      "sen": null,
      "sen_left_log": null,
      "sen_log": null,
      "sen_placed": null,
      "stuns": null,
      "teamfight_participation": null,
      "times": null,
      "tower_damage": 12263,
      "towers_killed": null,
      "xp_per_min": 1800,
      "xp_reasons": null,
      "xp_t": null,
      "personaname": "疯求了哇",
      "name": null,
      "last_login": null,
      "start_time": 1669911299,
      "duration": 1589,
      "cluster": 227,
      "lobby_type": 0,
      "game_mode": 23,
      "is_contributor": false,
      "patch": 51,
      "region": 20,
      "isRadiant": false,
      "total_gold": 48385,
      "total_xp": 47670,
      "kills_per_min": 0.9062303335431089,
      "kda": 11,
      "abandons": 0,
      "rank_tier": 52,
      "is_subscriber": false,
      "cosmetics": [],
      "benchmarks": {
        "gold_per_min": {
          "raw": 1827,
          "pct": 1
        },
        "xp_per_min": {
          "raw": 1800,
          "pct": 1
        },
        "kills_per_min": {
          "raw": 0.9062303335431089,
          "pct": 1
        },
        "last_hits_per_min": {
          "raw": 5.5506607929515415,
          "pct": 0.20930232558139536
        },
        "hero_damage_per_min": {
          "raw": 2065.0723725613593,
          "pct": 1
        },
        "hero_healing_per_min": {
          "raw": 0,
          "pct": 1
        },
        "tower_damage": {
          "raw": 12263,
          "pct": 0.8837209302325582
        },
        "stuns_per_min": {
          "raw": 0,
          "pct": 0.6744186046511628
        },
        "lhten": {}
      }
    },
    {
      "player_slot": 131,
      "ability_targets": null,
      "ability_upgrades_arr": [
        5044,
        5046,
        5044,
        5045,
        5044,
        5047,
        5044,
        5046,
        5046,
        5046,
        5047,
        5045,
        5045,
        5045,
        781,
        6600,
        5047,
        541,
        6678
      ],
      "ability_uses": null,
      "actions": null,
      "additional_units": null,
      "assists": 13,
      "backpack_0": 39,
      "backpack_1": 0,
      "backpack_2": 0,
      "backpack_3": null,
      "buyback_log": null,
      "camps_stacked": null,
      "connection_log": null,
      "creeps_stacked": null,
      "damage": null,
      "damage_inflictor": null,
      "damage_inflictor_received": null,
      "damage_taken": null,
      "damage_targets": null,
      "deaths": 6,
      "denies": 7,
      "dn_t": null,
      "firstblood_claimed": null,
      "gold": 1370,
      "gold_per_min": 846,
      "gold_reasons": null,
      "gold_spent": 21870,
      "gold_t": null,
      "hero_damage": 11123,
      "hero_healing": 0,
      "hero_hits": null,
      "hero_id": 26,
      "item_0": 610,
      "item_1": 1,
      "item_2": 108,
      "item_3": 176,
      "item_4": 214,
      "item_5": 36,
      "item_neutral": 675,
      "item_uses": null,
      "kill_streaks": null,
      "killed": null,
      "killed_by": null,
      "kills": 6,
      "kills_log": null,
      "lane_pos": null,
      "last_hits": 38,
      "leaver_status": 0,
      "level": 26,
      "lh_t": null,
      "life_state": null,
      "max_hero_hit": null,
      "multi_kills": null,
      "net_worth": 22170,
      "obs": null,
      "obs_left_log": null,
      "obs_log": null,
      "obs_placed": null,
      "party_id": 2,
      "party_size": 4,
      "performance_others": null,
      "permanent_buffs": [
        {
          "permanent_buff": 7,
          "stack_count": 7,
          "grant_time": 351
        },
        {
          "permanent_buff": 12,
          "stack_count": 0,
          "grant_time": 981
        }
      ],
      "pings": null,
      "pred_vict": null,
      "purchase": null,
      "purchase_log": null,
      "randomed": null,
      "repicked": null,
      "roshans_killed": null,
      "rune_pickups": null,
      "runes": null,
      "runes_log": null,
      "sen": null,
      "sen_left_log": null,
      "sen_log": null,
      "sen_placed": null,
      "stuns": null,
      "teamfight_participation": null,
      "times": null,
      "tower_damage": 67,
      "towers_killed": null,
      "xp_per_min": 1682,
      "xp_reasons": null,
      "xp_t": null,
      "personaname": "皆尽",
      "name": null,
      "last_login": null,
      "start_time": 1669911299,
      "duration": 1589,
      "cluster": 227,
      "lobby_type": 0,
      "game_mode": 23,
      "is_contributor": false,
      "patch": 51,
      "region": 20,
      "isRadiant": false,
      "total_gold": 22404,
      "total_xp": 44544,
      "kills_per_min": 0.22655758338577722,
      "kda": 2,
      "abandons": 0,
      "rank_tier": 34,
      "is_subscriber": false,
      "cosmetics": [],
      "benchmarks": {
        "gold_per_min": {
          "raw": 846,
          "pct": 1
        },
        "xp_per_min": {
          "raw": 1682,
          "pct": 1
        },
        "kills_per_min": {
          "raw": 0.22655758338577722,
          "pct": 0.875
        },
        "last_hits_per_min": {
          "raw": 1.434864694776589,
          "pct": 0.78125
        },
        "hero_damage_per_min": {
          "raw": 420,
          "pct": 0.90625
        },
        "hero_healing_per_min": {
          "raw": 0,
          "pct": 0.84375
        },
        "tower_damage": {
          "raw": 67,
          "pct": 0.46875
        },
        "stuns_per_min": {
          "raw": 0,
          "pct": 0
        },
        "lhten": {}
      }
    },
    {
      "player_slot": 132,
      "ability_targets": null,
      "ability_upgrades_arr": [
        5076,
        5075,
        5076,
        5074,
        5076,
        5077,
        5076,
        5074,
        5074,
        5074,
        7142,
        5077,
        5075,
        5075,
        6565,
        5075,
        5077,
        332,
        6023,
        5931,
        507
      ],
      "ability_uses": null,
      "actions": null,
      "additional_units": null,
      "assists": 19,
      "backpack_0": 0,
      "backpack_1": 0,
      "backpack_2": 0,
      "backpack_3": null,
      "buyback_log": null,
      "camps_stacked": null,
      "connection_log": null,
      "creeps_stacked": null,
      "damage": null,
      "damage_inflictor": null,
      "damage_inflictor_received": null,
      "damage_taken": null,
      "damage_targets": null,
      "deaths": 6,
      "denies": 5,
      "dn_t": null,
      "firstblood_claimed": null,
      "gold": 1988,
      "gold_per_min": 846,
      "gold_reasons": null,
      "gold_spent": 21195,
      "gold_t": null,
      "hero_damage": 12145,
      "hero_healing": 655,
      "hero_hits": null,
      "hero_id": 14,
      "item_0": 127,
      "item_1": 1466,
      "item_2": 1,
      "item_3": 235,
      "item_4": 48,
      "item_5": 0,
      "item_neutral": 311,
      "item_uses": null,
      "kill_streaks": null,
      "killed": null,
      "killed_by": null,
      "kills": 6,
      "kills_log": null,
      "lane_pos": null,
      "last_hits": 48,
      "leaver_status": 0,
      "level": 28,
      "lh_t": null,
      "life_state": null,
      "max_hero_hit": null,
      "multi_kills": null,
      "net_worth": 21663,
      "obs": null,
      "obs_left_log": null,
      "obs_log": null,
      "obs_placed": null,
      "party_id": 3,
      "party_size": 1,
      "performance_others": null,
      "permanent_buffs": [
        {
          "permanent_buff": 4,
          "stack_count": 18,
          "grant_time": 332
        },
        {
          "permanent_buff": 6,
          "stack_count": 2,
          "grant_time": 900
        },
        {
          "permanent_buff": 12,
          "stack_count": 0,
          "grant_time": 1271
        }
      ],
      "pings": null,
      "pred_vict": null,
      "purchase": null,
      "purchase_log": null,
      "randomed": null,
      "repicked": null,
      "roshans_killed": null,
      "rune_pickups": null,
      "runes": null,
      "runes_log": null,
      "sen": null,
      "sen_left_log": null,
      "sen_log": null,
      "sen_placed": null,
      "stuns": null,
      "teamfight_participation": null,
      "times": null,
      "tower_damage": 246,
      "towers_killed": null,
      "xp_per_min": 1632,
      "xp_reasons": null,
      "xp_t": null,
      "personaname": "aodumiao",
      "name": null,
      "last_login": null,
      "start_time": 1669911299,
      "duration": 1589,
      "cluster": 227,
      "lobby_type": 0,
      "game_mode": 23,
      "is_contributor": false,
      "patch": 51,
      "region": 20,
      "isRadiant": false,
      "total_gold": 22404,
      "total_xp": 43220,
      "kills_per_min": 0.22655758338577722,
      "kda": 3,
      "abandons": 0,
      "rank_tier": null,
      "is_subscriber": false,
      "cosmetics": [],
      "benchmarks": {
        "gold_per_min": {
          "raw": 846,
          "pct": 1
        },
        "xp_per_min": {
          "raw": 1632,
          "pct": 1
        },
        "kills_per_min": {
          "raw": 0.22655758338577722,
          "pct": 0.7321428571428571
        },
        "last_hits_per_min": {
          "raw": 1.8124606670862178,
          "pct": 0.25
        },
        "hero_damage_per_min": {
          "raw": 458.59030837004406,
          "pct": 0.44642857142857145
        },
        "hero_healing_per_min": {
          "raw": 24.73253618628068,
          "pct": 0.8035714285714286
        },
        "tower_damage": {
          "raw": 246,
          "pct": 0.44642857142857145
        },
        "stuns_per_min": {
          "raw": 0,
          "pct": 0
        },
        "lhten": {}
      }
    }
  ],
  "patch": 51,
  "region": 20
}