{
  "chat": null,
  "cluster": 181,
  "cosmetics": null,
  "dire_score": 49,
  "dire_team_id": null,
  "draft_timings": null,
  "duration": 3262,
  "engine": 1,
  "first_blood_time": 98,
  "game_mode": 22,
  "human_players": 10,
  "leagueid": 0,
  "lobby_type": 0,
  "match_seq_num": 5780369474,
  "negative_votes": 0,
  "objectives": null,
  "picks_bans": [
    {
      "is_pick": true,
      "hero_id": 64,
      "team": 1,
      "order": 0
    },
    {
      "is_pick": true,
      "hero_id": 128,
      "team": 1,
      "order": 1
    },
    {
      "is_pick": true,
      "hero_id": 68,
      "team": 0,
      "order": 2
    },
    {
      "is_pick": true,
      "hero_id": 40,
      "team": 0,
      "order": 3
    },
    {
      "is_pick": true,
      "hero_id": 109,
      "team": 0,
      "order": 4
    },
    {
      "is_pick": true,
      "hero_id": 34,
      "team": 0,
      "order": 5
    },
    {
      "is_pick": true,
      "hero_id": 84,
      "team": 1,
      "order": 6
    },
    {
      "is_pick": true,
      "hero_id": 70,
      "team": 1,
      "order": 7
    },
    {
      "is_pick": true,
      "hero_id": 101,
      "team": 1,
      "order": 8
    },
    {
      "is_pick": true,
      "hero_id": 63,
      "team": 0,
      "order": 9
    },
    {
      "is_pick": false,
      "hero_id": 136,
      "team": 0,
      "order": 10
    },
    {
      "is_pick": false,
      "hero_id": 113,
      "team": 0,
      "order": 11
    },
    {
      "is_pick": false,
      "hero_id": 22,
      "team": 0,
      "order": 12
    },
    {
      "is_pick": false,
      "hero_id": 108,
      "team": 0,
      "order": 13
    },
    {
      "is_pick": false,
      "hero_id": 2,
      "team": 0,
      "order": 14
    }
  ],
  "positive_votes": 0,
  "radiant_gold_adv": null,
  "radiant_score": 45,
  "radiant_team_id": null,
  "radiant_xp_adv": null,
  "skill": null,
  "start_time": 1669911475,
  "teamfights": null,
  "version": null,
  "replay_salt": 1407273015,
  "series_id": 0,
  "series_type": 0,
  "players": [
    {
      "player_slot": 0,
      "ability_targets": null,
      "ability_upgrades_arr": [
        5290,
        5291,
        5289,
        5290,
        5290,
        5292,
        5290,
        5291,
        5289,
        5291,
        5291,
        5292,
        5289,
        5289,
        6989,
        6200,
        5292,
        6131,
        6990,
        6250
      ],
      "ability_uses": null,
      "actions": null,
      "additional_units": null,
      "assists": 14,
      "backpack_0": 0,
      "backpack_1": 36,
      "backpack_2": 0,
      "backpack_3": null,
      "buyback_log": null,
      "camps_stacked": null,
      "connection_log": null,
      "creeps_stacked": null,
      "damage": null,
      "damage_inflictor": null,
      "damage_inflictor_received": null,
      "damage_taken": null,
      "damage_targets": null,
      "deaths": 9,
      "denies": 18,
      "dn_t": null,
      "firstblood_claimed": null,
      "gold": 5732,
      "gold_per_min": 580,
      "gold_reasons": null,
      "gold_spent": 24675,
      "gold_t": null,
      "hero_damage": 28767,
      "hero_healing": 0,
      "hero_hits": null,
      "hero_id": 63,
      "item_0": 63,
      "item_1": 116,
      "item_2": 263,
      "item_3": 123,
      "item_4": 160,
      "item_5": 166,
      "item_neutral": 362,
      "item_uses": null,
      "kill_streaks": null,
      "killed": null,
      "killed_by": null,
      "kills": 9,
      "kills_log": null,
      "lane_pos": null,
      "last_hits": 353,
      "leaver_status": 0,
      "level": 27,
      "lh_t": null,
      "life_state": null,
      "max_hero_hit": null,
      "multi_kills": null,
      "net_worth": 28782,
      "obs": null,
      "obs_left_log": null,
      "obs_log": null,
      "obs_placed": null,
      "party_id": 0,
      "party_size": 1,
      "performance_others": null,
      "permanent_buffs": [],
      "pings": null,
      "pred_vict": null,
      "purchase": null,
      "purchase_log": null,
      "randomed": null,
      "repicked": null,
      "roshans_killed": null,
      "rune_pickups": null,
      "runes": null,
      "runes_log": null,
      "sen": null,
      "sen_left_log": null,
      "sen_log": null,
      "sen_placed": null,
      "stuns": null,
      "teamfight_participation": null,
      "times": null,
      "tower_damage": 15460,
      "towers_killed": null,
      "xp_per_min": 723,
      "xp_reasons": null,
      "xp_t": null,
      "personaname": "Sαntànα",
      "name": null,
      "last_login": null,
      "start_time": 1669911475,
      "duration": 3262,
      "cluster": 181,
      "lobby_type": 0,
      "game_mode": 22,
      "is_contributor": false,
      "patch": 51,
      "region": 8,
      "isRadiant": true,
      "total_gold": 31532,
      "total_xp": 39307,
      "kills_per_min": 0.16554261189454322,
      "kda": 2,
      "abandons": 0,
      "rank_tier": 52,
      "is_subscriber": false,
      "cosmetics": [],
      "benchmarks": {
        "gold_per_min": {
          "raw": 580,
          "pct": 0.6666666666666666
        },
        "xp_per_min": {
          "raw": 723,
          "pct": 0.5333333333333333
        },
        "kills_per_min": {
          "raw": 0.16554261189454322,
          "pct": 0.4666666666666667
        },
        "last_hits_per_min": {
          "raw": 6.4929491109748625,
          "pct": 0.6
        },
        "hero_damage_per_min": {
          "raw": 529.1293684855917,
          "pct": 0.3333333333333333
        },
        "hero_healing_per_min": {
          "raw": 0,
          "pct": 0.9333333333333333
        },
        "tower_damage": {
          "raw": 15460,
          "pct": 1
        },
        "stuns_per_min": {
          "raw": 0,
          "pct": 0.5333333333333333
        },
        "lhten": {}
      }
    },
    {
      "player_slot": 1,
      "ability_targets": null,
      "ability_upgrades_arr": [
        5347,
        5345,
        5347,
        5345,
        5345,
        5348,
        5345,
        5346,
        5346,
        973,
        5346,
        5348,
        5346,
        5347,
        6352,
        5347,
        5348,
        6534,
        7106
      ],
      "ability_uses": null,
      "actions": null,
      "additional_units": null,
      "assists": 18,
      "backpack_0": 0,
      "backpack_1": 0,
      "backpack_2": 0,
      "backpack_3": null,
      "buyback_log": null,
      "camps_stacked": null,
      "connection_log": null,
      "creeps_stacked": null,
      "damage": null,
      "damage_inflictor": null,
      "damage_inflictor_received": null,
      "damage_taken": null,
      "damage_targets": null,
      "deaths": 7,
      "denies": 6,
      "dn_t": null,
      "firstblood_claimed": null,
      "gold": 6348,
      "gold_per_min": 475,
      "gold_reasons": null,
      "gold_spent": 18430,
      "gold_t": null,
      "hero_damage": 23959,
      "hero_healing": 0,
      "hero_hits": null,
      "hero_id": 68,
      "item_0": 254,
      "item_1": 226,
      "item_2": 96,
      "item_3": 29,
      "item_4": 218,
      "item_5": 102,
      "item_neutral": 585,
      "item_uses": null,
      "kill_streaks": null,
      "killed": null,
      "killed_by": null,
      "kills": 9,
      "kills_log": null,
      "lane_pos": null,
      "last_hits": 124,
      "leaver_status": 0,
      "level": 26,
      "lh_t": null,
      "life_state": null,
      "max_hero_hit": null,
      "multi_kills": null,
      "net_worth": 22173,
      "obs": null,
      "obs_left_log": null,
      "obs_log": null,
      "obs_placed": null,
      "party_id": 1,
      "party_size": 3,
      "performance_others": null,
      "permanent_buffs": [
        {
          "permanent_buff": 6,
          "stack_count": 4,
          "grant_time": 856
        },
        {
          "permanent_buff": 12,
          "stack_count": 0,
          "grant_time": 1642
        }
      ],
      "pings": null,
      "pred_vict": null,
      "purchase": null,
      "purchase_log": null,
      "randomed": null,
      "repicked": null,
      "roshans_killed": null,
      "rune_pickups": null,
      "runes": null,
      "runes_log": null,
      "sen": null,
      "sen_left_log": null,
      "sen_log": null,
      "sen_placed": null,
      "stuns": null,
      "teamfight_participation": null,
      "times": null,
      "tower_damage": 933,
      "towers_killed": null,
      "xp_per_min": 718,
      "xp_reasons": null,
      "xp_t": null,
      "personaname": "ТУГОСЕРЯ",
      "name": null,
      "last_login": null,
      "start_time": 1669911475,
      "duration": 3262,
      "cluster": 181,
      "lobby_type": 0,
      "game_mode": 22,
      "is_contributor": false,
      "patch": 51,
      "region": 8,
      "isRadiant": true,
      "total_gold": 25824,
      "total_xp": 39035,
      "kills_per_min": 0.16554261189454322,
      "kda": 3,
      "abandons": 0,
      "rank_tier": 52,
      "is_subscriber": false,
      "cosmetics": [],
      "benchmarks": {
        "gold_per_min": {
          "raw": 475,
          "pct": 0.8571428571428571
        },
        "xp_per_min": {
          "raw": 718,
          "pct": 0.7857142857142857
        },
        "kills_per_min": {
          "raw": 0.16554261189454322,
          "pct": 0.5714285714285714
        },
        "last_hits_per_min": {
          "raw": 2.280809319435929,
          "pct": 0.7857142857142857
        },
        "hero_damage_per_min": {
          "raw": 440.6928264868179,
          "pct": 0.42857142857142855
        },
        "hero_healing_per_min": {
          "raw": 0,
          "pct": 0.7857142857142857
        },
        "tower_damage": {
          "raw": 933,
          "pct": 0.5714285714285714
        },
        "stuns_per_min": {
          "raw": 0,
          "pct": 0
        },
        "lhten": {}
      }
    },
    {
      "player_slot": 2,
      "ability_targets": null,
      "ability_upgrades_arr": [
        5150,
        5151,
        5150,
        5151,
        5150,
        5153,
        5150,
        5151,
        5151,
        800,
        650,
        5153,
        650,
        650,
        765,
        650,
        5153,
        1069,
        6953,
        7898,
        8039,
        413,
        6152
      ],
      "ability_uses": null,
      "actions": null,
      "additional_units": null,
      "assists": 16,
      "backpack_0": 41,
      "backpack_1": 0,
      "backpack_2": 0,
      "backpack_3": null,
      "buyback_log": null,
      "camps_stacked": null,
      "connection_log": null,
      "creeps_stacked": null,
      "damage": null,
      "damage_inflictor": null,
      "damage_inflictor_received": null,
      "damage_taken": null,
      "damage_targets": null,
      "deaths": 6,
      "denies": 6,
      "dn_t": null,
      "firstblood_claimed": null,
      "gold": 10677,
      "gold_per_min": 857,
      "gold_reasons": null,
      "gold_spent": 34750,
      "gold_t": null,
      "hero_damage": 85367,
      "hero_healing": 0,
      "hero_hits": null,
      "hero_id": 34,
      "item_0": 116,
      "item_1": 178,
      "item_2": 96,
      "item_3": 600,
      "item_4": 235,
      "item_5": 119,
      "item_neutral": 300,
      "item_uses": null,
      "kill_streaks": null,
      "killed": null,
      "killed_by": null,
      "kills": 20,
      "kills_log": null,
      "lane_pos": null,
      "last_hits": 473,
      "leaver_status": 0,
      "level": 30,
      "lh_t": null,
      "life_state": null,
      "max_hero_hit": null,
      "multi_kills": null,
      "net_worth": 44757,
      "obs": null,
      "obs_left_log": null,
      "obs_log": null,
      "obs_placed": null,
      "party_id": 1,
      "party_size": 3,
      "performance_others": null,
      "permanent_buffs": [
        {
          "permanent_buff": 2,
          "stack_count": 0,
          "grant_time": 2779
        }
      ],
      "pings": null,
      "pred_vict": null,
      "purchase": null,
      "purchase_log": null,
      "randomed": null,
      "repicked": null,
      "roshans_killed": null,
      "rune_pickups": null,
      "runes": null,
      "runes_log": null,
      "sen": null,
      "sen_left_log": null,
      "sen_log": null,
      "sen_placed": null,
      "stuns": null,
      "teamfight_participation": null,
      "times": null,
      "tower_damage": 1053,
      "towers_killed": null,
      "xp_per_min": 956,
      "xp_reasons": null,
      "xp_t": null,
      "personaname": ":)",
      "name": null,
      "last_login": "2021-08-15T15:23:36.005Z",
      "start_time": 1669911475,
      "duration": 3262,
      "cluster": 181,
      "lobby_type": 0,
      "game_mode": 22,
      "is_contributor": false,
      "patch": 51,
      "region": 8,
      "isRadiant": true,
      "total_gold": 46592,
      "total_xp": 51974,
      "kills_per_min": 0.3678724708767627,
      "kda": 5,
      "abandons": 0,
      "rank_tier": 45,
      "is_subscriber": false,
      "cosmetics": [],
      "benchmarks": {
        "gold_per_min": {
          "raw": 857,
          "pct": 1
        },
        "xp_per_min": {
          "raw": 956,
          "pct": 0.9230769230769231
        },
        "kills_per_min": {
          "raw": 0.3678724708767627,
          "pct": 0.6923076923076923
        },
        "last_hits_per_min": {
          "raw": 8.700183936235439,
          "pct": 0.9230769230769231
        },
        "hero_damage_per_min": {
          "raw": 1570.20846106683,
          "pct": 1
        },
        "hero_healing_per_min": {
          "raw": 0,
          "pct": 0.6153846153846154
        },
        "tower_damage": {
          "raw": 1053,
          "pct": 0.9230769230769231
        },
        "stuns_per_min": {
          "raw": 0,
          "pct": 0.46153846153846156
        },
        "lhten": {}
      }
    },
    {
      "player_slot": 3,
      "ability_targets": null,
      "ability_upgrades_arr": [
        5178,
        5179,
        5179,
        5178,
        5178,
        5181,
        5180,
        5178,
        5179,
        859,
        5179,
        5181,
        5180,
        5180,
        6532,
        5180,
        5181,
        1083
      ],
      "ability_uses": null,
      "actions": null,
      "additional_units": null,
      "assists": 18,
      "backpack_0": 216,
      "backpack_1": 216,
      "backpack_2": 0,
      "backpack_3": null,
      "buyback_log": null,
      "camps_stacked": null,
      "connection_log": null,
      "creeps_stacked": null,
      "damage": null,
      "damage_inflictor": null,
      "damage_inflictor_received": null,
      "damage_taken": null,
      "damage_targets": null,
      "deaths": 15,
      "denies": 5,
      "dn_t": null,
      "firstblood_claimed": null,
      "gold": 2129,
      "gold_per_min": 317,
      "gold_reasons": null,
      "gold_spent": 12485,
      "gold_t": null,
      "hero_damage": 17283,
      "hero_healing": 102,
      "hero_hits": null,
      "hero_id": 40,
      "item_0": 180,
      "item_1": 127,
      "item_2": 102,
      "item_3": 39,
      "item_4": 58,
      "item_5": 256,
      "item_neutral": 335,
      "item_uses": null,
      "kill_streaks": null,
      "killed": null,
      "killed_by": null,
      "kills": 1,
      "kills_log": null,
      "lane_pos": null,
      "last_hits": 111,
      "leaver_status": 0,
      "level": 21,
      "lh_t": null,
      "life_state": null,
      "max_hero_hit": null,
      "multi_kills": null,
      "net_worth": 15144,
      "obs": null,
      "obs_left_log": null,
      "obs_log": null,
      "obs_placed": null,
      "party_id": 1,
      "party_size": 3,
      "performance_others": null,
      "permanent_buffs": [
        {
          "permanent_buff": 12,
          "stack_count": 0,
          "grant_time": 3100
        }
      ],
      "pings": null,
      "pred_vict": null,
      "purchase": null,
      "purchase_log": null,
      "randomed": null,
      "repicked": null,
      "roshans_killed": null,
      "rune_pickups": null,
      "runes": null,
      "runes_log": null,
      "sen": null,
      "sen_left_log": null,
      "sen_log": null,
      "sen_placed": null,
      "stuns": null,
      "teamfight_participation": null,
      "times": null,
      "tower_damage": 1285,
      "towers_killed": null,
      "xp_per_min": 449,
      "xp_reasons": null,
      "xp_t": null,
      "start_time": 1669911475,
      "duration": 3262,
      "cluster": 181,
      "lobby_type": 0,
      "game_mode": 22,
      "is_contributor": false,
      "patch": 51,
      "region": 8,
      "isRadiant": true,
      "total_gold": 17234,
      "total_xp": 24410,
      "kills_per_min": 0.018393623543838136,
      "kda": 1,
      "abandons": 0,
      "rank_tier": null,
      "is_subscriber": false,
      "cosmetics": [],
      "benchmarks": {
        "gold_per_min": {
          "raw": 317,
          "pct": 0.125
        },
        "xp_per_min": {
          "raw": 449,
          "pct": 0.25
        },
        "kills_per_min": {
          "raw": 0.018393623543838136,
          "pct": 0.125
        },
        "last_hits_per_min": {
          "raw": 2.041692213366033,
          "pct": 0
        },
        "hero_damage_per_min": {
          "raw": 317.89699570815446,
          "pct": 0
        },
        "hero_healing_per_min": {
          "raw": 1.8761496014714898,
          "pct": 0.375
        },
        "tower_damage": {
          "raw": 1285,
          "pct": 0.5
        },
        "stuns_per_min": {
          "raw": 0,
          "pct": 0.625
        },
        "lhten": {}
      }
    },
    {
      "player_slot": 4,
      "ability_targets": null,
      "ability_upgrades_arr": [
        5621,
        5619,
        5621,
        5620,
        5620,
        5620,
        5620,
        5622,
        5621,
        7861,
        5621,
        5622,
        5619,
        5619,
        5993,
        5619,
        5622,
        479,
        6107
      ],
      "ability_uses": null,
      "actions": null,
      "additional_units": null,
      "assists": 7,
      "backpack_0": 0,
      "backpack_1": 0,
      "backpack_2": 0,
      "backpack_3": null,
      "buyback_log": null,
      "camps_stacked": null,
      "connection_log": null,
      "creeps_stacked": null,
      "damage": null,
      "damage_inflictor": null,
      "damage_inflictor_received": null,
      "damage_taken": null,
      "damage_targets": null,
      "deaths": 12,
      "denies": 5,
      "dn_t": null,
      "firstblood_claimed": null,
      "gold": 5483,
      "gold_per_min": 551,
      "gold_reasons": null,
      "gold_spent": 22550,
      "gold_t": null,
      "hero_damage": 20660,
      "hero_healing": 0,
      "hero_hits": null,
      "hero_id": 109,
      "item_0": 75,
      "item_1": 147,
      "item_2": 116,
      "item_3": 156,
      "item_4": 63,
      "item_5": 160,
      "item_neutral": 638,
      "item_uses": null,
      "kill_streaks": null,
      "killed": null,
      "killed_by": null,
      "kills": 6,
      "kills_log": null,
      "lane_pos": null,
      "last_hits": 367,
      "leaver_status": 0,
      "level": 26,
      "lh_t": null,
      "life_state": null,
      "max_hero_hit": null,
      "multi_kills": null,
      "net_worth": 26488,
      "obs": null,
      "obs_left_log": null,
      "obs_log": null,
      "obs_placed": null,
      "party_id": 2,
      "party_size": 1,
      "performance_others": null,
      "permanent_buffs": [
        {
          "permanent_buff": 6,
          "stack_count": 1,
          "grant_time": 3324
        }
      ],
      "pings": null,
      "pred_vict": null,
      "purchase": null,
      "purchase_log": null,
      "randomed": null,
      "repicked": null,
      "roshans_killed": null,
      "rune_pickups": null,
      "runes": null,
      "runes_log": null,
      "sen": null,
      "sen_left_log": null,
      "sen_log": null,
      "sen_placed": null,
      "stuns": null,
      "teamfight_participation": null,
      "times": null,
      "tower_damage": 13659,
      "towers_killed": null,
      "xp_per_min": 687,
      "xp_reasons": null,
      "xp_t": null,
      "personaname": "60кгЯРОСТИ",
      "name": null,
      "last_login": null,
      "start_time": 1669911475,
      "duration": 3262,
      "cluster": 181,
      "lobby_type": 0,
      "game_mode": 22,
      "is_contributor": false,
      "patch": 51,
      "region": 8,
      "isRadiant": true,
      "total_gold": 29956,
      "total_xp": 37349,
      "kills_per_min": 0.11036174126302882,
      "kda": 1,
      "abandons": 0,
      "rank_tier": 41,
      "is_subscriber": false,
      "cosmetics": [],
      "benchmarks": {
        "gold_per_min": {
          "raw": 551,
          "pct": 0.09090909090909091
        },
        "xp_per_min": {
          "raw": 687,
          "pct": 0.5454545454545454
        },
        "kills_per_min": {
          "raw": 0.1103617412630288,
          "pct": 0.3181818181818182
        },
        "last_hits_per_min": {
          "raw": 6.750459840588596,
          "pct": 0.09090909090909091
        },
        "hero_damage_per_min": {
          "raw": 380.0122624156959,
          "pct": 0.18181818181818182
        },
        "hero_healing_per_min": {
          "raw": 0,
          "pct": 0.9090909090909091
        },
        "tower_damage": {
          "raw": 13659,
          "pct": 0.6363636363636364
        },
        "stuns_per_min": {
          "raw": 0,
          "pct": 0.8636363636363636
        },
        "lhten": {}
      }
    },
    {
      "player_slot": 128,
      "ability_targets": null,
      "ability_upgrades_arr": [
        6480,
        6488,
        6488,
        6483,
        6488,
        6482,
        6488,
        6480,
        6480,
        6479,
        6480,
        6482,
        6483,
        6483,
        6487,
        6483,
        6482,
        382,
        500,
        384,
        6489,
        989
      ],
      "ability_uses": null,
      "actions": null,
      "additional_units": null,
      "assists": 6,
      "backpack_0": 116,
      "backpack_1": 48,
      "backpack_2": 0,
      "backpack_3": null,
      "buyback_log": null,
      "camps_stacked": null,
      "connection_log": null,
      "creeps_stacked": null,
      "damage": null,
      "damage_inflictor": null,
      "damage_inflictor_received": null,
      "damage_taken": null,
      "damage_targets": null,
      "deaths": 3,
      "denies": 15,
      "dn_t": null,
      "firstblood_claimed": null,
      "gold": 3225,
      "gold_per_min": 755,
      "gold_reasons": null,
      "gold_spent": 37760,
      "gold_t": null,
      "hero_damage": 36449,
      "hero_healing": 481,
      "hero_hits": null,
      "hero_id": 128,
      "item_0": 1466,
      "item_1": 135,
      "item_2": 160,
      "item_3": 263,
      "item_4": 141,
      "item_5": 168,
      "item_neutral": 573,
      "item_uses": null,
      "kill_streaks": null,
      "killed": null,
      "killed_by": null,
      "kills": 16,
      "kills_log": null,
      "lane_pos": null,
      "last_hits": 518,
      "leaver_status": 0,
      "level": 29,
      "lh_t": null,
      "life_state": null,
      "max_hero_hit": null,
      "multi_kills": null,
      "net_worth": 39300,
      "obs": null,
      "obs_left_log": null,
      "obs_log": null,
      "obs_placed": null,
      "party_id": 3,
      "party_size": 2,
      "performance_others": null,
      "permanent_buffs": [],
      "pings": null,
      "pred_vict": null,
      "purchase": null,
      "purchase_log": null,
      "randomed": null,
      "repicked": null,
      "roshans_killed": null,
      "rune_pickups": null,
      "runes": null,
      "runes_log": null,
      "sen": null,
      "sen_left_log": null,
      "sen_log": null,
      "sen_placed": null,
      "stuns": null,
      "teamfight_participation": null,
      "times": null,
      "tower_damage": 7041,
      "towers_killed": null,
      "xp_per_min": 961,
      "xp_reasons": null,
      "xp_t": null,
      "personaname": "kenny_mina",
      "name": null,
      "last_login": "2022-02-22T17:37:45.098Z",
      "start_time": 1669911475,
      "duration": 3262,
      "cluster": 181,
      "lobby_type": 0,
      "game_mode": 22,
      "is_contributor": false,
      "patch": 51,
      "region": 8,
      "isRadiant": false,
      "total_gold": 41046,
      "total_xp": 52246,
      "kills_per_min": 0.29429797670141017,
      "kda": 5,
      "abandons": 0,
      "rank_tier": 51,
      "is_subscriber": false,
      "cosmetics": [],
      "benchmarks": {
        "gold_per_min": {
          "raw": 755,
          "pct": 0.9883720930232558
        },
        "xp_per_min": {
          "raw": 961,
          "pct": 0.9883720930232558
        },
        "kills_per_min": {
          "raw": 0.29429797670141017,
          "pct": 0.8953488372093024
        },
        "last_hits_per_min": {
          "raw": 9.527896995708154,
          "pct": 1
        },
        "hero_damage_per_min": {
          "raw": 670.4291845493563,
          "pct": 0.872093023255814
        },
        "hero_healing_per_min": {
          "raw": 8.847332924586144,
          "pct": 0.38372093023255816
        },
        "tower_damage": {
          "raw": 7041,
          "pct": 0.9883720930232558
        },
        "stuns_per_min": {
          "raw": 0,
          "pct": 0
        },
        "lhten": {}
      }
    },
    {
      "player_slot": 129,
      "ability_targets": null,
      "ability_upgrades_arr": [
        5297,
        5299,
        5297,
        5298,
        5297,
        5300,
        5297,
        5298,
        5298,
        481,
        5298,
        5300,
        5299,
        5299,
        6661,
        5299,
        5300,
        6064
      ],
      "ability_uses": null,
      "actions": null,
      "additional_units": null,
      "assists": 18,
      "backpack_0": 188,
      "backpack_1": 0,
      "backpack_2": 0,
      "backpack_3": null,
      "buyback_log": null,
      "camps_stacked": null,
      "connection_log": null,
      "creeps_stacked": null,
      "damage": null,
      "damage_inflictor": null,
      "damage_inflictor_received": null,
      "damage_taken": null,
      "damage_targets": null,
      "deaths": 12,
      "denies": 6,
      "dn_t": null,
      "firstblood_claimed": null,
      "gold": 1702,
      "gold_per_min": 307,
      "gold_reasons": null,
      "gold_spent": 11255,
      "gold_t": null,
      "hero_damage": 16463,
      "hero_healing": 0,
      "hero_hits": null,
      "hero_id": 64,
      "item_0": 36,
      "item_1": 180,
      "item_2": 102,
      "item_3": 108,
      "item_4": 40,
      "item_5": 218,
      "item_neutral": 837,
      "item_uses": null,
      "kill_streaks": null,
      "killed": null,
      "killed_by": null,
      "kills": 2,
      "kills_log": null,
      "lane_pos": null,
      "last_hits": 77,
      "leaver_status": 0,
      "level": 22,
      "lh_t": null,
      "life_state": null,
      "max_hero_hit": null,
      "multi_kills": null,
      "net_worth": 11582,
      "obs": null,
      "obs_left_log": null,
      "obs_log": null,
      "obs_placed": null,
      "party_id": 3,
      "party_size": 2,
      "performance_others": null,
      "permanent_buffs": [
        {
          "permanent_buff": 6,
          "stack_count": 2,
          "grant_time": 2113
        },
        {
          "permanent_buff": 12,
          "stack_count": 0,
          "grant_time": 1285
        }
      ],
      "pings": null,
      "pred_vict": null,
      "purchase": null,
      "purchase_log": null,
      "randomed": null,
      "repicked": null,
      "roshans_killed": null,
      "rune_pickups": null,
      "runes": null,
      "runes_log": null,
      "sen": null,
      "sen_left_log": null,
      "sen_log": null,
      "sen_placed": null,
      "stuns": null,
      "teamfight_participation": null,
      "times": null,
      "tower_damage": 140,
      "towers_killed": null,
      "xp_per_min": 515,
      "xp_reasons": null,
      "xp_t": null,
      "personaname": "vi vi",
      "name": null,
      "last_login": "2022-02-22T17:41:09.100Z",
      "start_time": 1669911475,
      "duration": 3262,
      "cluster": 181,
      "lobby_type": 0,
      "game_mode": 22,
      "is_contributor": false,
      "patch": 51,
      "region": 8,
      "isRadiant": false,
      "total_gold": 16690,
      "total_xp": 27998,
      "kills_per_min": 0.03678724708767627,
      "kda": 1,
      "abandons": 0,
      "rank_tier": 44,
      "is_subscriber": false,
      "cosmetics": [],
      "benchmarks": {
        "gold_per_min": {
          "raw": 307,
          "pct": 0.5333333333333333
        },
        "xp_per_min": {
          "raw": 515,
          "pct": 0.6333333333333333
        },
        "kills_per_min": {
          "raw": 0.03678724708767627,
          "pct": 0.18333333333333332
        },
        "last_hits_per_min": {
          "raw": 1.4163090128755367,
          "pct": 0.5166666666666667
        },
        "hero_damage_per_min": {
          "raw": 302.81422440220723,
          "pct": 0.15
        },
        "hero_healing_per_min": {
          "raw": 0,
          "pct": 0.7
        },
        "tower_damage": {
          "raw": 140,
          "pct": 0.16666666666666666
        },
        "stuns_per_min": {
          "raw": 0,
          "pct": 0.016666666666666666
        },
        "lhten": {}
      }
    },
    {
      "player_slot": 130,
      "ability_targets": null,
      "ability_upgrades_arr": [
        5581,
        5582,
        5581,
        5583,
        5581,
        5584,
        5581,
        5583,
        5583,
        5583,
        5582,
        5584,
        5582,
        5582,
        6884,
        5925,
        5584,
        6885,
        411,
        6034,
        6181,
        6886
      ],
      "ability_uses": null,
      "actions": null,
      "additional_units": null,
      "assists": 10,
      "backpack_0": 41,
      "backpack_1": 0,
      "backpack_2": 0,
      "backpack_3": null,
      "buyback_log": null,
      "camps_stacked": null,
      "connection_log": null,
      "creeps_stacked": null,
      "damage": null,
      "damage_inflictor": null,
      "damage_inflictor_received": null,
      "damage_taken": null,
      "damage_targets": null,
      "deaths": 12,
      "denies": 16,
      "dn_t": null,
      "firstblood_claimed": null,
      "gold": 3655,
      "gold_per_min": 667,
      "gold_reasons": null,
      "gold_spent": 27740,
      "gold_t": null,
      "hero_damage": 50844,
      "hero_healing": 0,
      "hero_hits": null,
      "hero_id": 101,
      "item_0": 48,
      "item_1": 1,
      "item_2": 96,
      "item_3": 116,
      "item_4": 1466,
      "item_5": 108,
      "item_neutral": 335,
      "item_uses": null,
      "kill_streaks": null,
      "killed": null,
      "killed_by": null,
      "kills": 20,
      "kills_log": null,
      "lane_pos": null,
      "last_hits": 336,
      "leaver_status": 0,
      "level": 29,
      "lh_t": null,
      "life_state": null,
      "max_hero_hit": null,
      "multi_kills": null,
      "net_worth": 29255,
      "obs": null,
      "obs_left_log": null,
      "obs_log": null,
      "obs_placed": null,
      "party_id": 4,
      "party_size": 1,
      "performance_others": null,
      "permanent_buffs": [
        {
          "permanent_buff": 6,
          "stack_count": 1,
          "grant_time": 892
        }
      ],
      "pings": null,
      "pred_vict": null,
      "purchase": null,
      "purchase_log": null,
      "randomed": null,
      "repicked": null,
      "roshans_killed": null,
      "rune_pickups": null,
      "runes": null,
      "runes_log": null,
      "sen": null,
      "sen_left_log": null,
      "sen_log": null,
      "sen_placed": null,
      "stuns": null,
      "teamfight_participation": null,
      "times": null,
      "tower_damage": 680,
      "towers_killed": null,
      "xp_per_min": 842,
      "xp_reasons": null,
      "xp_t": null,
      "start_time": 1669911475,
      "duration": 3262,
      "cluster": 181,
      "lobby_type": 0,
      "game_mode": 22,
      "is_contributor": false,
      "patch": 51,
      "region": 8,
      "isRadiant": false,
      "total_gold": 36262,
      "total_xp": 45776,
      "kills_per_min": 0.3678724708767627,
      "kda": 2,
      "abandons": 0,
      "rank_tier": null,
      "is_subscriber": false,
      "cosmetics": [],
      "benchmarks": {
        "gold_per_min": {
          "raw": 667,
          "pct": 1
        },
        "xp_per_min": {
          "raw": 842,
          "pct": 1
        },
        "kills_per_min": {
          "raw": 0.3678724708767627,
          "pct": 1
        },
        "last_hits_per_min": {
          "raw": 6.180257510729613,
          "pct": 1
        },
        "hero_damage_per_min": {
          "raw": 935.2053954629062,
          "pct": 0.9696969696969697
        },
        "hero_healing_per_min": {
          "raw": 0,
          "pct": 0.8787878787878788
        },
        "tower_damage": {
          "raw": 680,
          "pct": 0.9090909090909091
        },
        "stuns_per_min": {
          "raw": 0,
          "pct": 0.5757575757575758
        },
        "lhten": {}
      }
    },
    {
      "player_slot": 131,
      "ability_targets": null,
      "ability_upgrades_arr": [
        5359,
        5357,
        5359,
        5358,
        5359,
        5360,
        5359,
        5358,
        5357,
        5358,
        5358,
        5360,
        6975,
        5357,
        758,
        5357,
        5360,
        6132,
        424,
        6926
      ],
      "ability_uses": null,
      "actions": null,
      "additional_units": null,
      "assists": 7,
      "backpack_0": 6,
      "backpack_1": 0,
      "backpack_2": 0,
      "backpack_3": null,
      "buyback_log": null,
      "camps_stacked": null,
      "connection_log": null,
      "creeps_stacked": null,
      "damage": null,
      "damage_inflictor": null,
      "damage_inflictor_received": null,
      "damage_taken": null,
      "damage_targets": null,
      "deaths": 6,
      "denies": 11,
      "dn_t": null,
      "firstblood_claimed": null,
      "gold": 3412,
      "gold_per_min": 564,
      "gold_reasons": null,
      "gold_spent": 23825,
      "gold_t": null,
      "hero_damage": 25560,
      "hero_healing": 0,
      "hero_hits": null,
      "hero_id": 70,
      "item_0": 116,
      "item_1": 1,
      "item_2": 208,
      "item_3": 63,
      "item_4": 156,
      "item_5": 65,
      "item_neutral": 309,
      "item_uses": null,
      "kill_streaks": null,
      "killed": null,
      "killed_by": null,
      "kills": 11,
      "kills_log": null,
      "lane_pos": null,
      "last_hits": 383,
      "leaver_status": 0,
      "level": 27,
      "lh_t": null,
      "life_state": null,
      "max_hero_hit": null,
      "multi_kills": null,
      "net_worth": 25587,
      "obs": null,
      "obs_left_log": null,
      "obs_log": null,
      "obs_placed": null,
      "party_id": 5,
      "party_size": 2,
      "performance_others": null,
      "permanent_buffs": [],
      "pings": null,
      "pred_vict": null,
      "purchase": null,
      "purchase_log": null,
      "randomed": null,
      "repicked": null,
      "roshans_killed": null,
      "rune_pickups": null,
      "runes": null,
      "runes_log": null,
      "sen": null,
      "sen_left_log": null,
      "sen_log": null,
      "sen_placed": null,
      "stuns": null,
      "teamfight_participation": null,
      "times": null,
      "tower_damage": 2788,
      "towers_killed": null,
      "xp_per_min": 832,
      "xp_reasons": null,
      "xp_t": null,
      "personaname": "люблю скайрим <3",
      "name": null,
      "last_login": null,
      "start_time": 1669911475,
      "duration": 3262,
      "cluster": 181,
      "lobby_type": 0,
      "game_mode": 22,
      "is_contributor": false,
      "patch": 51,
      "region": 8,
      "isRadiant": false,
      "total_gold": 30662,
      "total_xp": 45233,
      "kills_per_min": 0.2023298589822195,
      "kda": 2,
      "abandons": 0,
      "rank_tier": 64,
      "is_subscriber": false,
      "cosmetics": [],
      "benchmarks": {
        "gold_per_min": {
          "raw": 564,
          "pct": 0.3902439024390244
        },
        "xp_per_min": {
          "raw": 832,
          "pct": 0.6341463414634146
        },
        "kills_per_min": {
          "raw": 0.2023298589822195,
          "pct": 0.43902439024390244
        },
        "last_hits_per_min": {
          "raw": 7.044757817290006,
          "pct": 0.2926829268292683
        },
        "hero_damage_per_min": {
          "raw": 470.14101778050275,
          "pct": 0.24390243902439024
        },
        "hero_healing_per_min": {
          "raw": 0,
          "pct": 1
        },
        "tower_damage": {
          "raw": 2788,
          "pct": 0.6097560975609756
        },
        "stuns_per_min": {
          "raw": 0,
          "pct": 0.34146341463414637
        },
        "lhten": {}
      }
    },
    {
      "player_slot": 132,
      "ability_targets": null,
      "ability_upgrades_arr": [
        5439,
        5438,
        5439,
        5438,
        5439,
        5441,
        5439,
        5438,
        5440,
        403,
        5438,
        5441,
        5440,
        5440,
        5903,
        5440,
        5441,
        6708
      ],
      "ability_uses": null,
      "actions": null,
      "additional_units": null,
      "assists": 21,
      "backpack_0": 0,
      "backpack_1": 0,
      "backpack_2": 0,
      "backpack_3": null,
      "buyback_log": null,
      "camps_stacked": null,
      "connection_log": null,
      "creeps_stacked": null,
      "damage": null,
      "damage_inflictor": null,
      "damage_inflictor_received": null,
      "damage_taken": null,
      "damage_targets": null,
      "deaths": 12,
      "denies": 2,
      "dn_t": null,
      "firstblood_claimed": null,
      "gold": 706,
      "gold_per_min": 314,
      "gold_reasons": null,
      "gold_spent": 14285,
      "gold_t": null,
      "hero_damage": 17882,
      "hero_healing": 195,
      "hero_hits": null,
      "hero_id": 84,
      "item_0": 96,
      "item_1": 180,
      "item_2": 254,
      "item_3": 36,
      "item_4": 232,
      "item_5": 0,
      "item_neutral": 825,
      "item_uses": null,
      "kill_streaks": null,
      "killed": null,
      "killed_by": null,
      "kills": 0,
      "kills_log": null,
      "lane_pos": null,
      "last_hits": 118,
      "leaver_status": 0,
      "level": 22,
      "lh_t": null,
      "life_state": null,
      "max_hero_hit": null,
      "multi_kills": null,
      "net_worth": 12556,
      "obs": null,
      "obs_left_log": null,
      "obs_log": null,
      "obs_placed": null,
      "party_id": 5,
      "party_size": 2,
      "performance_others": null,
      "permanent_buffs": [
        {
          "permanent_buff": 6,
          "stack_count": 2,
          "grant_time": 1458
        }
      ],
      "pings": null,
      "pred_vict": null,
      "purchase": null,
      "purchase_log": null,
      "randomed": null,
      "repicked": null,
      "roshans_killed": null,
      "rune_pickups": null,
      "runes": null,
      "runes_log": null,
      "sen": null,
      "sen_left_log": null,
      "sen_log": null,
      "sen_placed": null,
      "stuns": null,
      "teamfight_participation": null,
      "times": null,
      "tower_damage": 0,
      "towers_killed": null,
      "xp_per_min": 489,
      "xp_reasons": null,
      "xp_t": null,
      "personaname": "RZ",
      "name": null,
      "last_login": null,
      "start_time": 1669911475,
      "duration": 3262,
      "cluster": 181,
      "lobby_type": 0,
      "game_mode": 22,
      "is_contributor": false,
      "patch": 51,
      "region": 8,
      "isRadiant": false,
      "total_gold": 17071,
      "total_xp": 26585,
      "kda": 1,
      "abandons": 0,
      "rank_tier": 25,
      "is_subscriber": false,
      "cosmetics": [],
      "benchmarks": {
        "gold_per_min": {
          "raw": 314,
          "pct": 0.3611111111111111
        },
        "xp_per_min": {
          "raw": 489,
          "pct": 0.4444444444444444
        },
        "kills_per_min": {
          "raw": 0,
          "pct": 0
        },
        "last_hits_per_min": {
          "raw": 2.1704475781729,
          "pct": 0.7777777777777778
        },
        "hero_damage_per_min": {
          "raw": 328.91477621091354,
          "pct": 0.08333333333333333
        },
        "hero_healing_per_min": {
          "raw": 3.5867565910484367,
          "pct": 0.8333333333333334
        },
        "tower_damage": {
          "raw": 0,
          "pct": 0.3055555555555556
        },
        "stuns_per_min": {
          "raw": 0,
          "pct": 0
        },
        "lhten": {}
      }
    }
  ],
  "patch": 51,
  "region": 8
}