{
  "chat": null,
  "cluster": 153,
  "cosmetics": null,
  "dire_score": 57,
  "dire_team_id": null,
  "draft_timings": null,
  "duration": 2440,
  "engine": 1,
  "first_blood_time": 113,
  "game_mode": 22,
  "human_players": 10,
  "leagueid": 0,
  "lobby_type": 7,
  "match_seq_num": 5780342589,
  "negative_votes": 0,
  "objectives": null,
  "picks_bans": [
    {
      "is_pick": true,
      "hero_id": 30,
      "team": 1,
      "order": 0
    },
    {
      "is_pick": true,
      "hero_id": 76,
      "team": 1,
      "order": 1
    },
    {
      "is_pick": true,
      "hero_id": 8,
      "team": 0,
      "order": 2
    },
    {
      "is_pick": true,
      "hero_id": 47,
      "team": 0,
      "order": 3
    },
    {
      "is_pick": true,
      "hero_id": 123,
      "team": 1,
      "order": 4
    },
    {
      "is_pick": true,
      "hero_id": 41,
      "team": 1,
      "order": 5
    },
    {
      "is_pick": true,
      "hero_id": 25,
      "team": 0,
      "order": 6
    },
    {
      "is_pick": true,
      "hero_id": 27,
      "team": 0,
      "order": 7
    },
    {
      "is_pick": true,
      "hero_id": 42,
      "team": 0,
      "order": 8
    },
    {
      "is_pick": true,
      "hero_id": 104,
      "team": 1,
      "order": 9
    },
    {
      "is_pick": false,
      "hero_id": 108,
      "team": 0,
      "order": 10
    },
    {
      "is_pick": false,
      "hero_id": 14,
      "team": 0,
      "order": 11
    },
    {
      "is_pick": false,
      "hero_id": 71,
      "team": 0,
      "order": 12
    },
    {
      "is_pick": false,
      "hero_id": 6,
      "team": 0,
      "order": 13
    }
  ],
  "positive_votes": 0,
  "radiant_gold_adv": null,
  "radiant_score": 20,
  "radiant_team_id": null,
  "radiant_xp_adv": null,
  "skill": null,
  "start_time": 1669911199,
  "teamfights": null,
  "version": null,
  "replay_salt": 904587461,
  "series_id": 0,
  "series_type": 0,
  "players": [
    {
      "player_slot": 0,
      "ability_targets": null,
      "ability_upgrades_arr": [
        5028,
        5029,
        5028,
        5027,
        5028,
        5030,
        5028,
        5027,
        5029,
        6105,
        5029,
        5030,
        5027,
        5027,
        7394,
        5029,
        5030,
        7021
      ],
      "ability_uses": null,
      "actions": null,
      "additional_units": null,
      "assists": 4,
      "backpack_0": 0,
      "backpack_1": 0,
      "backpack_2": 0,
      "backpack_3": null,
      "buyback_log": null,
      "camps_stacked": null,
      "connection_log": null,
      "creeps_stacked": null,
      "damage": null,
      "damage_inflictor": null,
      "damage_inflictor_received": null,
      "damage_taken": null,
      "damage_targets": null,
      "deaths": 8,
      "denies": 19,
      "dn_t": null,
      "firstblood_claimed": null,
      "gold": 704,
      "gold_per_min": 526,
      "gold_reasons": null,
      "gold_spent": 18995,
      "gold_t": null,
      "hero_damage": 23846,
      "hero_healing": 2587,
      "hero_hits": null,
      "hero_id": 8,
      "item_0": 1,
      "item_1": 50,
      "item_2": 160,
      "item_3": 166,
      "item_4": 147,
      "item_5": 0,
      "item_neutral": 1077,
      "item_uses": null,
      "kill_streaks": null,
      "killed": null,
      "killed_by": null,
      "kills": 9,
      "kills_log": null,
      "lane_pos": null,
      "last_hits": 282,
      "leaver_status": 1,
      "level": 22,
      "lh_t": null,
      "life_state": null,
      "max_hero_hit": null,
      "multi_kills": null,
      "net_worth": 18754,
      "obs": null,
      "obs_left_log": null,
      "obs_log": null,
      "obs_placed": null,
      "party_id": 0,
      "party_size": 1,
      "performance_others": null,
      "permanent_buffs": [
        {
          "permanent_buff": 12,
          "stack_count": 0,
          "grant_time": 2021
        }
      ],
      "pings": null,
      "pred_vict": null,
      "purchase": null,
      "purchase_log": null,
      "randomed": null,
      "repicked": null,
      "roshans_killed": null,
      "rune_pickups": null,
      "runes": null,
      "runes_log": null,
      "sen": null,
      "sen_left_log": null,
      "sen_log": null,
      "sen_placed": null,
      "stuns": null,
      "teamfight_participation": null,
      "times": null,
      "tower_damage": 1961,
      "towers_killed": null,
      "xp_per_min": 649,
      "xp_reasons": null,
      "xp_t": null,
      "personaname": "12th_Angel",
      "name": null,
      "last_login": null,
      "start_time": 1669911199,
      "duration": 2440,
      "cluster": 153,
      "lobby_type": 7,
      "game_mode": 22,
      "is_contributor": false,
      "patch": 51,
      "region": 5,
      "isRadiant": true,
      "total_gold": 21390,
      "total_xp": 26392,
      "kills_per_min": 0.2213114754098361,
      "kda": 1,
      "abandons": 0,
      "rank_tier": 22,
      "is_subscriber": false,
      "cosmetics": [],
      "benchmarks": {
        "gold_per_min": {
          "raw": 526,
          "pct": 0.18181818181818182
        },
        "xp_per_min": {
          "raw": 649,
          "pct": 0.24242424242424243
        },
        "kills_per_min": {
          "raw": 0.22131147540983606,
          "pct": 0.48484848484848486
        },
        "last_hits_per_min": {
          "raw": 6.9344262295081975,
          "pct": 0.30303030303030304
        },
        "hero_damage_per_min": {
          "raw": 586.3770491803278,
          "pct": 0.30303030303030304
        },
        "hero_healing_per_min": {
          "raw": 63.61475409836065,
          "pct": 0.30303030303030304
        },
        "tower_damage": {
          "raw": 1961,
          "pct": 0.30303030303030304
        },
        "stuns_per_min": {
          "raw": 0,
          "pct": 0.3333333333333333
        },
        "lhten": {}
      }
    },
    {
      "player_slot": 1,
      "ability_targets": null,
      "ability_upgrades_arr": [
        5219,
        5220,
        5220,
        5219,
        5220,
        5221,
        5218,
        5220,
        5219,
        6156,
        5219,
        5221,
        5218,
        5218,
        6819,
        5218,
        5221
      ],
      "ability_uses": null,
      "actions": null,
      "additional_units": null,
      "assists": 6,
      "backpack_0": 0,
      "backpack_1": 0,
      "backpack_2": 0,
      "backpack_3": null,
      "buyback_log": null,
      "camps_stacked": null,
      "connection_log": null,
      "creeps_stacked": null,
      "damage": null,
      "damage_inflictor": null,
      "damage_inflictor_received": null,
      "damage_taken": null,
      "damage_targets": null,
      "deaths": 11,
      "denies": 6,
      "dn_t": null,
      "firstblood_claimed": null,
      "gold": 1829,
      "gold_per_min": 347,
      "gold_reasons": null,
      "gold_spent": 11525,
      "gold_t": null,
      "hero_damage": 30602,
      "hero_healing": 0,
      "hero_hits": null,
      "hero_id": 47,
      "item_0": 75,
      "item_1": 190,
      "item_2": 166,
      "item_3": 63,
      "item_4": 127,
      "item_5": 152,
      "item_neutral": 828,
      "item_uses": null,
      "kill_streaks": null,
      "killed": null,
      "killed_by": null,
      "kills": 2,
      "kills_log": null,
      "lane_pos": null,
      "last_hits": 161,
      "leaver_status": 0,
      "level": 18,
      "lh_t": null,
      "life_state": null,
      "max_hero_hit": null,
      "multi_kills": null,
      "net_worth": 13159,
      "obs": null,
      "obs_left_log": null,
      "obs_log": null,
      "obs_placed": null,
      "party_id": 1,
      "party_size": 1,
      "performance_others": null,
      "permanent_buffs": [
        {
          "permanent_buff": 6,
          "stack_count": 1,
          "grant_time": 1525
        }
      ],
      "pings": null,
      "pred_vict": null,
      "purchase": null,
      "purchase_log": null,
      "randomed": null,
      "repicked": null,
      "roshans_killed": null,
      "rune_pickups": null,
      "runes": null,
      "runes_log": null,
      "sen": null,
      "sen_left_log": null,
      "sen_log": null,
      "sen_placed": null,
      "stuns": null,
      "teamfight_participation": null,
      "times": null,
      "tower_damage": 949,
      "towers_killed": null,
      "xp_per_min": 467,
      "xp_reasons": null,
      "xp_t": null,
      "start_time": 1669911199,
      "duration": 2440,
      "cluster": 153,
      "lobby_type": 7,
      "game_mode": 22,
      "is_contributor": false,
      "patch": 51,
      "region": 5,
      "isRadiant": true,
      "total_gold": 14111,
      "total_xp": 18991,
      "kills_per_min": 0.049180327868852465,
      "kda": 0,
      "abandons": 0,
      "rank_tier": null,
      "is_subscriber": false,
      "cosmetics": [],
      "benchmarks": {
        "gold_per_min": {
          "raw": 347,
          "pct": 0
        },
        "xp_per_min": {
          "raw": 467,
          "pct": 0.15
        },
        "kills_per_min": {
          "raw": 0.04918032786885246,
          "pct": 0.05
        },
        "last_hits_per_min": {
          "raw": 3.959016393442623,
          "pct": 0.1
        },
        "hero_damage_per_min": {
          "raw": 752.5081967213115,
          "pct": 0.45
        },
        "hero_healing_per_min": {
          "raw": 0,
          "pct": 0.85
        },
        "tower_damage": {
          "raw": 949,
          "pct": 0.3
        },
        "stuns_per_min": {
          "raw": 0,
          "pct": 0.5
        },
        "lhten": {}
      }
    },
    {
      "player_slot": 2,
      "ability_targets": null,
      "ability_upgrades_arr": [
        5080,
        5079,
        5078,
        5078,
        5078,
        5081,
        5078,
        5080,
        5080,
        6877,
        5080,
        5081,
        5079,
        6295,
        5079
      ],
      "ability_uses": null,
      "actions": null,
      "additional_units": null,
      "assists": 7,
      "backpack_0": 0,
      "backpack_1": 0,
      "backpack_2": 0,
      "backpack_3": null,
      "buyback_log": null,
      "camps_stacked": null,
      "connection_log": null,
      "creeps_stacked": null,
      "damage": null,
      "damage_inflictor": null,
      "damage_inflictor_received": null,
      "damage_taken": null,
      "damage_targets": null,
      "deaths": 16,
      "denies": 4,
      "dn_t": null,
      "firstblood_claimed": null,
      "gold": 1078,
      "gold_per_min": 256,
      "gold_reasons": null,
      "gold_spent": 8275,
      "gold_t": null,
      "hero_damage": 10560,
      "hero_healing": 0,
      "hero_hits": null,
      "hero_id": 27,
      "item_0": 232,
      "item_1": 215,
      "item_2": 0,
      "item_3": 180,
      "item_4": 60,
      "item_5": 0,
      "item_neutral": 0,
      "item_uses": null,
      "kill_streaks": null,
      "killed": null,
      "killed_by": null,
      "kills": 3,
      "kills_log": null,
      "lane_pos": null,
      "last_hits": 62,
      "leaver_status": 0,
      "level": 15,
      "lh_t": null,
      "life_state": null,
      "max_hero_hit": null,
      "multi_kills": null,
      "net_worth": 8553,
      "obs": null,
      "obs_left_log": null,
      "obs_log": null,
      "obs_placed": null,
      "party_id": 2,
      "party_size": 1,
      "performance_others": null,
      "permanent_buffs": [
        {
          "permanent_buff": 12,
          "stack_count": 0,
          "grant_time": 1669
        }
      ],
      "pings": null,
      "pred_vict": null,
      "purchase": null,
      "purchase_log": null,
      "randomed": null,
      "repicked": null,
      "roshans_killed": null,
      "rune_pickups": null,
      "runes": null,
      "runes_log": null,
      "sen": null,
      "sen_left_log": null,
      "sen_log": null,
      "sen_placed": null,
      "stuns": null,
      "teamfight_participation": null,
      "times": null,
      "tower_damage": 53,
      "towers_killed": null,
      "xp_per_min": 321,
      "xp_reasons": null,
      "xp_t": null,
      "start_time": 1669911199,
      "duration": 2440,
      "cluster": 153,
      "lobby_type": 7,
      "game_mode": 22,
      "is_contributor": false,
      "patch": 51,
      "region": 5,
      "isRadiant": true,
      "total_gold": 10410,
      "total_xp": 13054,
      "kills_per_min": 0.07377049180327869,
      "kda": 0,
      "abandons": 0,
      "rank_tier": null,
      "is_subscriber": false,
      "cosmetics": [],
      "benchmarks": {
        "gold_per_min": {
          "raw": 256,
          "pct": 0.2222222222222222
        },
        "xp_per_min": {
          "raw": 321,
          "pct": 0.16666666666666666
        },
        "kills_per_min": {
          "raw": 0.0737704918032787,
          "pct": 0.2777777777777778
        },
        "last_hits_per_min": {
          "raw": 1.5245901639344261,
          "pct": 0.2777777777777778
        },
        "hero_damage_per_min": {
          "raw": 259.672131147541,
          "pct": 0.2222222222222222
        },
        "hero_healing_per_min": {
          "raw": 0,
          "pct": 0.7777777777777778
        },
        "tower_damage": {
          "raw": 53,
          "pct": 0.1111111111111111
        },
        "stuns_per_min": {
          "raw": 0,
          "pct": 0
        },
        "lhten": {}
      }
    },
    {
      "player_slot": 3,
      "ability_targets": null,
      "ability_upgrades_arr": [
        5040,
        5042,
        5040,
        5041,
        5040,
        5043,
        5040,
        5041,
        5041,
        5041,
        6212,
        5043,
        5042,
        5042,
        6388,
        5042,
        5043,
        444
      ],
      "ability_uses": null,
      "actions": null,
      "additional_units": null,
      "assists": 6,
      "backpack_0": 0,
      "backpack_1": 0,
      "backpack_2": 0,
      "backpack_3": null,
      "buyback_log": null,
      "camps_stacked": null,
      "connection_log": null,
      "creeps_stacked": null,
      "damage": null,
      "damage_inflictor": null,
      "damage_inflictor_received": null,
      "damage_taken": null,
      "damage_targets": null,
      "deaths": 13,
      "denies": 7,
      "dn_t": null,
      "firstblood_claimed": null,
      "gold": 2191,
      "gold_per_min": 407,
      "gold_reasons": null,
      "gold_spent": 11365,
      "gold_t": null,
      "hero_damage": 28088,
      "hero_healing": 0,
      "hero_hits": null,
      "hero_id": 25,
      "item_0": 36,
      "item_1": 180,
      "item_2": 41,
      "item_3": 232,
      "item_4": 0,
      "item_5": 176,
      "item_neutral": 361,
      "item_uses": null,
      "kill_streaks": null,
      "killed": null,
      "killed_by": null,
      "kills": 3,
      "kills_log": null,
      "lane_pos": null,
      "last_hits": 195,
      "leaver_status": 0,
      "level": 23,
      "lh_t": null,
      "life_state": null,
      "max_hero_hit": null,
      "multi_kills": null,
      "net_worth": 13041,
      "obs": null,
      "obs_left_log": null,
      "obs_log": null,
      "obs_placed": null,
      "party_id": 3,
      "party_size": 2,
      "performance_others": null,
      "permanent_buffs": [
        {
          "permanent_buff": 6,
          "stack_count": 1,
          "grant_time": 2123
        },
        {
          "permanent_buff": 12,
          "stack_count": 0,
          "grant_time": 1435
        }
      ],
      "pings": null,
      "pred_vict": null,
      "purchase": null,
      "purchase_log": null,
      "randomed": null,
      "repicked": null,
      "roshans_killed": null,
      "rune_pickups": null,
      "runes": null,
      "runes_log": null,
      "sen": null,
      "sen_left_log": null,
      "sen_log": null,
      "sen_placed": null,
      "stuns": null,
      "teamfight_participation": null,
      "times": null,
      "tower_damage": 249,
      "towers_killed": null,
      "xp_per_min": 727,
      "xp_reasons": null,
      "xp_t": null,
      "personaname": "Death",
      "name": null,
      "last_login": null,
      "start_time": 1669911199,
      "duration": 2440,
      "cluster": 153,
      "lobby_type": 7,
      "game_mode": 22,
      "is_contributor": false,
      "patch": 51,
      "region": 5,
      "isRadiant": true,
      "total_gold": 16551,
      "total_xp": 29564,
      "kills_per_min": 0.07377049180327869,
      "kda": 0,
      "abandons": 0,
      "rank_tier": 14,
      "is_subscriber": false,
      "cosmetics": [],
      "benchmarks": {
        "gold_per_min": {
          "raw": 407,
          "pct": 0.21052631578947367
        },
        "xp_per_min": {
          "raw": 727,
          "pct": 0.6842105263157895
        },
        "kills_per_min": {
          "raw": 0.0737704918032787,
          "pct": 0.05263157894736842
        },
        "last_hits_per_min": {
          "raw": 4.795081967213115,
          "pct": 0.2631578947368421
        },
        "hero_damage_per_min": {
          "raw": 690.688524590164,
          "pct": 0.7894736842105263
        },
        "hero_healing_per_min": {
          "raw": 0,
          "pct": 1
        },
        "tower_damage": {
          "raw": 249,
          "pct": 0.10526315789473684
        },
        "stuns_per_min": {
          "raw": 0,
          "pct": 0
        },
        "lhten": {}
      }
    },
    {
      "player_slot": 4,
      "ability_targets": null,
      "ability_upgrades_arr": [
        5088,
        5087,
        5088,
        5086,
        5086,
        5089,
        5087,
        5088,
        5086,
        5088,
        5086,
        5089,
        5087,
        5087,
        809,
        6088,
        5089,
        6801
      ],
      "ability_uses": null,
      "actions": null,
      "additional_units": null,
      "assists": 6,
      "backpack_0": 43,
      "backpack_1": 0,
      "backpack_2": 0,
      "backpack_3": null,
      "buyback_log": null,
      "camps_stacked": null,
      "connection_log": null,
      "creeps_stacked": null,
      "damage": null,
      "damage_inflictor": null,
      "damage_inflictor_received": null,
      "damage_taken": null,
      "damage_targets": null,
      "deaths": 9,
      "denies": 9,
      "dn_t": null,
      "firstblood_claimed": null,
      "gold": 929,
      "gold_per_min": 345,
      "gold_reasons": null,
      "gold_spent": 13065,
      "gold_t": null,
      "hero_damage": 20724,
      "hero_healing": 0,
      "hero_hits": null,
      "hero_id": 42,
      "item_0": 1,
      "item_1": 151,
      "item_2": 168,
      "item_3": 127,
      "item_4": 13,
      "item_5": 63,
      "item_neutral": 376,
      "item_uses": null,
      "kill_streaks": null,
      "killed": null,
      "killed_by": null,
      "kills": 3,
      "kills_log": null,
      "lane_pos": null,
      "last_hits": 170,
      "leaver_status": 0,
      "level": 20,
      "lh_t": null,
      "life_state": null,
      "max_hero_hit": null,
      "multi_kills": null,
      "net_worth": 12969,
      "obs": null,
      "obs_left_log": null,
      "obs_log": null,
      "obs_placed": null,
      "party_id": 3,
      "party_size": 2,
      "performance_others": null,
      "permanent_buffs": [
        {
          "permanent_buff": 6,
          "stack_count": 2,
          "grant_time": 914
        }
      ],
      "pings": null,
      "pred_vict": null,
      "purchase": null,
      "purchase_log": null,
      "randomed": null,
      "repicked": null,
      "roshans_killed": null,
      "rune_pickups": null,
      "runes": null,
      "runes_log": null,
      "sen": null,
      "sen_left_log": null,
      "sen_log": null,
      "sen_placed": null,
      "stuns": null,
      "teamfight_participation": null,
      "times": null,
      "tower_damage": 283,
      "towers_killed": null,
      "xp_per_min": 537,
      "xp_reasons": null,
      "xp_t": null,
      "start_time": 1669911199,
      "duration": 2440,
      "cluster": 153,
      "lobby_type": 7,
      "game_mode": 22,
      "is_contributor": false,
      "patch": 51,
      "region": 5,
      "isRadiant": true,
      "total_gold": 14030,
      "total_xp": 21838,
      "kills_per_min": 0.07377049180327869,
      "kda": 0,
      "abandons": 0,
      "rank_tier": null,
      "is_subscriber": false,
      "cosmetics": [],
      "benchmarks": {
        "gold_per_min": {
          "raw": 345,
          "pct": 0.08695652173913043
        },
        "xp_per_min": {
          "raw": 537,
          "pct": 0.21739130434782608
        },
        "kills_per_min": {
          "raw": 0.0737704918032787,
          "pct": 0.17391304347826086
        },
        "last_hits_per_min": {
          "raw": 4.1803278688524586,
          "pct": 0.08695652173913043
        },
        "hero_damage_per_min": {
          "raw": 509.60655737704917,
          "pct": 0.30434782608695654
        },
        "hero_healing_per_min": {
          "raw": 0,
          "pct": 1
        },
        "tower_damage": {
          "raw": 283,
          "pct": 0.13043478260869565
        },
        "stuns_per_min": {
          "raw": 0,
          "pct": 0
        },
        "lhten": {}
      }
    },
    {
      "player_slot": 128,
      "ability_targets": null,
      "ability_upgrades_arr": [
        5597,
        5596,
        5597,
        5596,
        5597,
        5598,
        5597,
        5596,
        5596,
        5595,
        6218,
        5598,
        5595,
        5595,
        5595,
        6671,
        5598,
        7395
      ],
      "ability_uses": null,
      "actions": null,
      "additional_units": null,
      "assists": 20,
      "backpack_0": 0,
      "backpack_1": 0,
      "backpack_2": 0,
      "backpack_3": null,
      "buyback_log": null,
      "camps_stacked": null,
      "connection_log": null,
      "creeps_stacked": null,
      "damage": null,
      "damage_inflictor": null,
      "damage_inflictor_received": null,
      "damage_taken": null,
      "damage_targets": null,
      "deaths": 2,
      "denies": 16,
      "dn_t": null,
      "firstblood_claimed": null,
      "gold": 5335,
      "gold_per_min": 541,
      "gold_reasons": null,
      "gold_spent": 16820,
      "gold_t": null,
      "hero_damage": 23266,
      "hero_healing": 6434,
      "hero_hits": null,
      "hero_id": 104,
      "item_0": 600,
      "item_1": 36,
      "item_2": 116,
      "item_3": 50,
      "item_4": 0,
      "item_5": 127,
      "item_neutral": 828,
      "item_uses": null,
      "kill_streaks": null,
      "killed": null,
      "killed_by": null,
      "kills": 13,
      "kills_log": null,
      "lane_pos": null,
      "last_hits": 173,
      "leaver_status": 0,
      "level": 25,
      "lh_t": null,
      "life_state": null,
      "max_hero_hit": null,
      "multi_kills": null,
      "net_worth": 21735,
      "obs": null,
      "obs_left_log": null,
      "obs_log": null,
      "obs_placed": null,
      "party_id": 4,
      "party_size": 1,
      "performance_others": null,
      "permanent_buffs": [
        {
          "permanent_buff": 5,
          "stack_count": 302,
          "grant_time": 1101
        },
        {
          "permanent_buff": 12,
          "stack_count": 0,
          "grant_time": 1911
        }
      ],
      "pings": null,
      "pred_vict": null,
      "purchase": null,
      "purchase_log": null,
      "randomed": null,
      "repicked": null,
      "roshans_killed": null,
      "rune_pickups": null,
      "runes": null,
      "runes_log": null,
      "sen": null,
      "sen_left_log": null,
      "sen_log": null,
      "sen_placed": null,
      "stuns": null,
      "teamfight_participation": null,
      "times": null,
      "tower_damage": 6863,
      "towers_killed": null,
      "xp_per_min": 856,
      "xp_reasons": null,
      "xp_t": null,
      "start_time": 1669911199,
      "duration": 2440,
      "cluster": 153,
      "lobby_type": 7,
      "game_mode": 22,
      "is_contributor": false,
      "patch": 51,
      "region": 5,
      "isRadiant": false,
      "total_gold": 22000,
      "total_xp": 34810,
      "kills_per_min": 0.319672131147541,
      "kda": 11,
      "abandons": 0,
      "rank_tier": null,
      "is_subscriber": false,
      "cosmetics": [],
      "benchmarks": {
        "gold_per_min": {
          "raw": 541,
          "pct": 0.8387096774193549
        },
        "xp_per_min": {
          "raw": 856,
          "pct": 0.8709677419354839
        },
        "kills_per_min": {
          "raw": 0.31967213114754095,
          "pct": 0.8709677419354839
        },
        "last_hits_per_min": {
          "raw": 4.254098360655738,
          "pct": 0.2903225806451613
        },
        "hero_damage_per_min": {
          "raw": 572.1147540983607,
          "pct": 0.5161290322580645
        },
        "hero_healing_per_min": {
          "raw": 158.21311475409837,
          "pct": 1
        },
        "tower_damage": {
          "raw": 6863,
          "pct": 0.7419354838709677
        },
        "stuns_per_min": {
          "raw": 0,
          "pct": 0.03225806451612903
        },
        "lhten": {}
      }
    },
    {
      "player_slot": 129,
      "ability_targets": null,
      "ability_upgrades_arr": [
        5138,
        5140,
        5140,
        5138,
        5138,
        5141,
        5138,
        5140,
        5140,
        5139,
        5139,
        5141,
        5139,
        5139,
        6524,
        6995,
        5141,
        5998
      ],
      "ability_uses": null,
      "actions": null,
      "additional_units": null,
      "assists": 30,
      "backpack_0": 36,
      "backpack_1": 43,
      "backpack_2": 0,
      "backpack_3": null,
      "buyback_log": null,
      "camps_stacked": null,
      "connection_log": null,
      "creeps_stacked": null,
      "damage": null,
      "damage_inflictor": null,
      "damage_inflictor_received": null,
      "damage_taken": null,
      "damage_targets": null,
      "deaths": 9,
      "denies": 1,
      "dn_t": null,
      "firstblood_claimed": null,
      "gold": 2726,
      "gold_per_min": 454,
      "gold_reasons": null,
      "gold_spent": 15370,
      "gold_t": null,
      "hero_damage": 21707,
      "hero_healing": 8513,
      "hero_hits": null,
      "hero_id": 30,
      "item_0": 180,
      "item_1": 1,
      "item_2": 77,
      "item_3": 102,
      "item_4": 37,
      "item_5": 108,
      "item_neutral": 290,
      "item_uses": null,
      "kill_streaks": null,
      "killed": null,
      "killed_by": null,
      "kills": 7,
      "kills_log": null,
      "lane_pos": null,
      "last_hits": 95,
      "leaver_status": 0,
      "level": 22,
      "lh_t": null,
      "life_state": null,
      "max_hero_hit": null,
      "multi_kills": null,
      "net_worth": 16781,
      "obs": null,
      "obs_left_log": null,
      "obs_log": null,
      "obs_placed": null,
      "party_id": 5,
      "party_size": 1,
      "performance_others": null,
      "permanent_buffs": [
        {
          "permanent_buff": 6,
          "stack_count": 3,
          "grant_time": 947
        },
        {
          "permanent_buff": 12,
          "stack_count": 0,
          "grant_time": 1360
        }
      ],
      "pings": null,
      "pred_vict": null,
      "purchase": null,
      "purchase_log": null,
      "randomed": null,
      "repicked": null,
      "roshans_killed": null,
      "rune_pickups": null,
      "runes": null,
      "runes_log": null,
      "sen": null,
      "sen_left_log": null,
      "sen_log": null,
      "sen_placed": null,
      "stuns": null,
      "teamfight_participation": null,
      "times": null,
      "tower_damage": 1722,
      "towers_killed": null,
      "xp_per_min": 688,
      "xp_reasons": null,
      "xp_t": null,
      "start_time": 1669911199,
      "duration": 2440,
      "cluster": 153,
      "lobby_type": 7,
      "game_mode": 22,
      "is_contributor": false,
      "patch": 51,
      "region": 5,
      "isRadiant": false,
      "total_gold": 18462,
      "total_xp": 27978,
      "kills_per_min": 0.1721311475409836,
      "kda": 3,
      "abandons": 0,
      "rank_tier": null,
      "is_subscriber": false,
      "cosmetics": [],
      "benchmarks": {
        "gold_per_min": {
          "raw": 454,
          "pct": 0.9487179487179487
        },
        "xp_per_min": {
          "raw": 688,
          "pct": 0.8461538461538461
        },
        "kills_per_min": {
          "raw": 0.1721311475409836,
          "pct": 0.4358974358974359
        },
        "last_hits_per_min": {
          "raw": 2.336065573770492,
          "pct": 0.8717948717948718
        },
        "hero_damage_per_min": {
          "raw": 533.7786885245902,
          "pct": 0.5384615384615384
        },
        "hero_healing_per_min": {
          "raw": 209.3360655737705,
          "pct": 0.8974358974358975
        },
        "tower_damage": {
          "raw": 1722,
          "pct": 0.9743589743589743
        },
        "stuns_per_min": {
          "raw": 0,
          "pct": 0.02564102564102564
        },
        "lhten": {}
      }
    },
    {
      "player_slot": 130,
      "ability_targets": null,
      "ability_upgrades_arr": [
        8429,
        8158,
        9501,
        8429,
        8429,
        8106,
        8429,
        8158,
        8158,
        8158,
        9501,
        9501,
        9501,
        8106,
        1075,
        9511,
        8106,
        9506
      ],
      "ability_uses": null,
      "actions": null,
      "additional_units": null,
      "assists": 28,
      "backpack_0": 0,
      "backpack_1": 0,
      "backpack_2": 0,
      "backpack_3": null,
      "buyback_log": null,
      "camps_stacked": null,
      "connection_log": null,
      "creeps_stacked": null,
      "damage": null,
      "damage_inflictor": null,
      "damage_inflictor_received": null,
      "damage_taken": null,
      "damage_targets": null,
      "deaths": 5,
      "denies": 4,
      "dn_t": null,
      "firstblood_claimed": null,
      "gold": 1783,
      "gold_per_min": 453,
      "gold_reasons": null,
      "gold_spent": 15075,
      "gold_t": null,
      "hero_damage": 21126,
      "hero_healing": 0,
      "hero_hits": null,
      "hero_id": 123,
      "item_0": 232,
      "item_1": 176,
      "item_2": 48,
      "item_3": 77,
      "item_4": 166,
      "item_5": 77,
      "item_neutral": 289,
      "item_uses": null,
      "kill_streaks": null,
      "killed": null,
      "killed_by": null,
      "kills": 9,
      "kills_log": null,
      "lane_pos": null,
      "last_hits": 112,
      "leaver_status": 0,
      "level": 23,
      "lh_t": null,
      "life_state": null,
      "max_hero_hit": null,
      "multi_kills": null,
      "net_worth": 14918,
      "obs": null,
      "obs_left_log": null,
      "obs_log": null,
      "obs_placed": null,
      "party_id": 6,
      "party_size": 3,
      "performance_others": null,
      "permanent_buffs": [],
      "pings": null,
      "pred_vict": null,
      "purchase": null,
      "purchase_log": null,
      "randomed": null,
      "repicked": null,
      "roshans_killed": null,
      "rune_pickups": null,
      "runes": null,
      "runes_log": null,
      "sen": null,
      "sen_left_log": null,
      "sen_log": null,
      "sen_placed": null,
      "stuns": null,
      "teamfight_participation": null,
      "times": null,
      "tower_damage": 1996,
      "towers_killed": null,
      "xp_per_min": 737,
      "xp_reasons": null,
      "xp_t": null,
      "start_time": 1669911199,
      "duration": 2440,
      "cluster": 153,
      "lobby_type": 7,
      "game_mode": 22,
      "is_contributor": false,
      "patch": 51,
      "region": 5,
      "isRadiant": false,
      "total_gold": 18422,
      "total_xp": 29971,
      "kills_per_min": 0.2213114754098361,
      "kda": 6,
      "abandons": 0,
      "rank_tier": null,
      "is_subscriber": false,
      "cosmetics": [],
      "benchmarks": {
        "gold_per_min": {
          "raw": 453,
          "pct": 0.9310344827586207
        },
        "xp_per_min": {
          "raw": 737,
          "pct": 0.9310344827586207
        },
        "kills_per_min": {
          "raw": 0.22131147540983606,
          "pct": 0.8275862068965517
        },
        "last_hits_per_min": {
          "raw": 2.7540983606557377,
          "pct": 0.8448275862068966
        },
        "hero_damage_per_min": {
          "raw": 519.4918032786885,
          "pct": 0.6724137931034483
        },
        "hero_healing_per_min": {
          "raw": 0,
          "pct": 0.8275862068965517
        },
        "tower_damage": {
          "raw": 1996,
          "pct": 0.9137931034482759
        },
        "stuns_per_min": {
          "raw": 0,
          "pct": 0.017241379310344827
        },
        "lhten": {}
      }
    },
    {
      "player_slot": 131,
      "ability_targets": null,
      "ability_upgrades_arr": [
        5182,
        5184,
        5691,
        5182,
        5182,
        5185,
        5182,
        5184,
        5184,
        867,
        5184,
        5185,
        5691,
        5691,
        7388,
        5691,
        5185,
        6128,
        6651
      ],
      "ability_uses": null,
      "actions": null,
      "additional_units": null,
      "assists": 13,
      "backpack_0": 75,
      "backpack_1": 0,
      "backpack_2": 0,
      "backpack_3": null,
      "buyback_log": null,
      "camps_stacked": null,
      "connection_log": null,
      "creeps_stacked": null,
      "damage": null,
      "damage_inflictor": null,
      "damage_inflictor_received": null,
      "damage_taken": null,
      "damage_targets": null,
      "deaths": 4,
      "denies": 2,
      "dn_t": null,
      "firstblood_claimed": null,
      "gold": 2161,
      "gold_per_min": 654,
      "gold_reasons": null,
      "gold_spent": 26580,
      "gold_t": null,
      "hero_damage": 22902,
      "hero_healing": 0,
      "hero_hits": null,
      "hero_id": 41,
      "item_0": 141,
      "item_1": 158,
      "item_2": 139,
      "item_3": 26,
      "item_4": 116,
      "item_5": 63,
      "item_neutral": 376,
      "item_uses": null,
      "kill_streaks": null,
      "killed": null,
      "killed_by": null,
      "kills": 10,
      "kills_log": null,
      "lane_pos": null,
      "last_hits": 364,
      "leaver_status": 0,
      "level": 25,
      "lh_t": null,
      "life_state": null,
      "max_hero_hit": null,
      "multi_kills": null,
      "net_worth": 24841,
      "obs": null,
      "obs_left_log": null,
      "obs_log": null,
      "obs_placed": null,
      "party_id": 6,
      "party_size": 3,
      "performance_others": null,
      "permanent_buffs": [],
      "pings": null,
      "pred_vict": null,
      "purchase": null,
      "purchase_log": null,
      "randomed": null,
      "repicked": null,
      "roshans_killed": null,
      "rune_pickups": null,
      "runes": null,
      "runes_log": null,
      "sen": null,
      "sen_left_log": null,
      "sen_log": null,
      "sen_placed": null,
      "stuns": null,
      "teamfight_participation": null,
      "times": null,
      "tower_damage": 8641,
      "towers_killed": null,
      "xp_per_min": 856,
      "xp_reasons": null,
      "xp_t": null,
      "start_time": 1669911199,
      "duration": 2440,
      "cluster": 153,
      "lobby_type": 7,
      "game_mode": 22,
      "is_contributor": false,
      "patch": 51,
      "region": 5,
      "isRadiant": false,
      "total_gold": 26596,
      "total_xp": 34810,
      "kills_per_min": 0.24590163934426232,
      "kda": 4,
      "abandons": 0,
      "rank_tier": null,
      "is_subscriber": false,
      "cosmetics": [],
      "benchmarks": {
        "gold_per_min": {
          "raw": 654,
          "pct": 0.6
        },
        "xp_per_min": {
          "raw": 856,
          "pct": 0.8
        },
        "kills_per_min": {
          "raw": 0.24590163934426232,
          "pct": 0.7
        },
        "last_hits_per_min": {
          "raw": 8.950819672131148,
          "pct": 0.7333333333333333
        },
        "hero_damage_per_min": {
          "raw": 563.1639344262295,
          "pct": 0.43333333333333335
        },
        "hero_healing_per_min": {
          "raw": 0,
          "pct": 1
        },
        "tower_damage": {
          "raw": 8641,
          "pct": 0.8
        },
        "stuns_per_min": {
          "raw": 0,
          "pct": 0.03333333333333333
        },
        "lhten": {}
      }
    },
    {
      "player_slot": 132,
      "ability_targets": null,
      "ability_upgrades_arr": [
        5392,
        5391,
        5392,
        5684,
        5392,
        5394,
        5392,
        5684,
        5391,
        5391,
        5906,
        5391,
        5394,
        5684,
        957,
        5684,
        5394,
        6080,
        6241
      ],
      "ability_uses": null,
      "actions": null,
      "additional_units": null,
      "assists": 12,
      "backpack_0": 0,
      "backpack_1": 0,
      "backpack_2": 0,
      "backpack_3": null,
      "buyback_log": null,
      "camps_stacked": null,
      "connection_log": null,
      "creeps_stacked": null,
      "damage": null,
      "damage_inflictor": null,
      "damage_inflictor_received": null,
      "damage_taken": null,
      "damage_targets": null,
      "deaths": 0,
      "denies": 8,
      "dn_t": null,
      "firstblood_claimed": null,
      "gold": 8151,
      "gold_per_min": 603,
      "gold_reasons": null,
      "gold_spent": 16990,
      "gold_t": null,
      "hero_damage": 42231,
      "hero_healing": 0,
      "hero_hits": null,
      "hero_id": 76,
      "item_0": 223,
      "item_1": 63,
      "item_2": 263,
      "item_3": 123,
      "item_4": 247,
      "item_5": 0,
      "item_neutral": 361,
      "item_uses": null,
      "kill_streaks": null,
      "killed": null,
      "killed_by": null,
      "kills": 18,
      "kills_log": null,
      "lane_pos": null,
      "last_hits": 212,
      "leaver_status": 0,
      "level": 26,
      "lh_t": null,
      "life_state": null,
      "max_hero_hit": null,
      "multi_kills": null,
      "net_worth": 25051,
      "obs": null,
      "obs_left_log": null,
      "obs_log": null,
      "obs_placed": null,
      "party_id": 6,
      "party_size": 3,
      "performance_others": null,
      "permanent_buffs": [],
      "pings": null,
      "pred_vict": null,
      "purchase": null,
      "purchase_log": null,
      "randomed": null,
      "repicked": null,
      "roshans_killed": null,
      "rune_pickups": null,
      "runes": null,
      "runes_log": null,
      "sen": null,
      "sen_left_log": null,
      "sen_log": null,
      "sen_placed": null,
      "stuns": null,
      "teamfight_participation": null,
      "times": null,
      "tower_damage": 14497,
      "towers_killed": null,
      "xp_per_min": 938,
      "xp_reasons": null,
      "xp_t": null,
      "personaname": "LUOIS同学",
      "name": null,
      "last_login": null,
      "start_time": 1669911199,
      "duration": 2440,
      "cluster": 153,
      "lobby_type": 7,
      "game_mode": 22,
      "is_contributor": false,
      "patch": 51,
      "region": 5,
      "isRadiant": false,
      "total_gold": 24522,
      "total_xp": 38145,
      "kills_per_min": 0.4426229508196722,
      "kda": 30,
      "abandons": 0,
      "rank_tier": 21,
      "is_subscriber": false,
      "cosmetics": [],
      "benchmarks": {
        "gold_per_min": {
          "raw": 603,
          "pct": 0.9354838709677419
        },
        "xp_per_min": {
          "raw": 938,
          "pct": 1
        },
        "kills_per_min": {
          "raw": 0.4426229508196721,
          "pct": 0.9354838709677419
        },
        "last_hits_per_min": {
          "raw": 5.213114754098361,
          "pct": 0.5806451612903226
        },
        "hero_damage_per_min": {
          "raw": 1038.4672131147543,
          "pct": 0.8709677419354839
        },
        "hero_healing_per_min": {
          "raw": 0,
          "pct": 1
        },
        "tower_damage": {
          "raw": 14497,
          "pct": 1
        },
        "stuns_per_min": {
          "raw": 0,
          "pct": 0.03225806451612903
        },
        "lhten": {}
      }
    }
  ],
  "patch": 51,
  "region": 5
}