{
  "chat": null,
  "cluster": 185,
  "cosmetics": null,
  "dire_score": 19,
  "dire_team_id": null,
  "draft_timings": null,
  "duration": 1368,
  "engine": 1,
  "first_blood_time": 117,
  "game_mode": 23,
  "human_players": 10,
  "leagueid": 0,
  "lobby_type": 0,
  "match_seq_num": 5780362502,
  "negative_votes": 0,
  "objectives": null,
  "picks_bans": null,
  "positive_votes": 0,
  "radiant_gold_adv": null,
  "radiant_score": 36,
  "radiant_team_id": null,
  "radiant_xp_adv": null,
  "skill": null,
  "start_time": 1669913157,
  "teamfights": null,
  "version": null,
  "replay_salt": 2138551460,
  "series_id": 0,
  "series_type": 0,
  "players": [
    {
      "player_slot": 0,
      "ability_targets": null,
      "ability_upgrades_arr": [
        5609,
        5608,
        5608,
        5610,
        5608,
        5612,
        5608,
        5609,
        5609,
        324,
        5609,
        5612,
        5610,
        5610,
        6203,
        5610,
        5612,
        7657,
        6327
      ],
      "ability_uses": null,
      "actions": null,
      "additional_units": null,
      "assists": 9,
      "backpack_0": 0,
      "backpack_1": 0,
      "backpack_2": 0,
      "backpack_3": null,
      "buyback_log": null,
      "camps_stacked": null,
      "connection_log": null,
      "creeps_stacked": null,
      "damage": null,
      "damage_inflictor": null,
      "damage_inflictor_received": null,
      "damage_taken": null,
      "damage_targets": null,
      "deaths": 5,
      "denies": 2,
      "dn_t": null,
      "firstblood_claimed": null,
      "gold": 2004,
      "gold_per_min": 810,
      "gold_reasons": null,
      "gold_spent": 17070,
      "gold_t": null,
      "hero_damage": 9134,
      "hero_healing": 0,
      "hero_hits": null,
      "hero_id": 107,
      "item_0": 267,
      "item_1": 226,
      "item_2": 63,
      "item_3": 0,
      "item_4": 73,
      "item_5": 73,
      "item_neutral": 947,
      "item_uses": null,
      "kill_streaks": null,
      "killed": null,
      "killed_by": null,
      "kills": 6,
      "kills_log": null,
      "lane_pos": null,
      "last_hits": 24,
      "leaver_status": 0,
      "level": 26,
      "lh_t": null,
      "life_state": null,
      "max_hero_hit": null,
      "multi_kills": null,
      "net_worth": 16944,
      "obs": null,
      "obs_left_log": null,
      "obs_log": null,
      "obs_placed": null,
      "party_id": 0,
      "party_size": 1,
      "performance_others": null,
      "permanent_buffs": [
        {
          "permanent_buff": 6,
          "stack_count": 1,
          "grant_time": 796
        },
        {
          "permanent_buff": 12,
          "stack_count": 0,
          "grant_time": 1283
        }
      ],
      "pings": null,
      "pred_vict": null,
      "purchase": null,
      "purchase_log": null,
      "randomed": null,
      "repicked": null,
      "roshans_killed": null,
      "rune_pickups": null,
      "runes": null,
      "runes_log": null,
      "sen": null,
      "sen_left_log": null,
      "sen_log": null,
      "sen_placed": null,
      "stuns": null,
      "teamfight_participation": null,
      "times": null,
      "tower_damage": 1097,
      "towers_killed": null,
      "xp_per_min": 1588,
      "xp_reasons": null,
      "xp_t": null,
      "start_time": 1669913157,
      "duration": 1368,
      "cluster": 185,
      "lobby_type": 0,
      "game_mode": 23,
      "is_contributor": false,
      "patch": 51,
      "region": 8,
      "isRadiant": true,
      "total_gold": 18468,
      "total_xp": 36206,
      "kills_per_min": 0.2631578947368421,
      "kda": 2,
      "abandons": 0,
      "rank_tier": null,
      "is_subscriber": false,
      "cosmetics": [],
      "benchmarks": {
        "gold_per_min": {
          "raw": 810,
          "pct": 1
        },
        "xp_per_min": {
          "raw": 1588,
          "pct": 1
        },
        "kills_per_min": {
          "raw": 0.2631578947368421,
          "pct": 0.875
        },
        "last_hits_per_min": {
          "raw": 1.0526315789473684,
          "pct": 0.3125
        },
        "hero_damage_per_min": {
          "raw": 400.6140350877193,
          "pct": 0.625
        },
        "hero_healing_per_min": {
          "raw": 0,
          "pct": 0.625
        },
        "tower_damage": {
          "raw": 1097,
          "pct": 0.8125
        },
        "stuns_per_min": {
          "raw": 0,
          "pct": 0
        },
        "lhten": {}
      }
    },
    {
      "player_slot": 1,
      "ability_targets": null,
      "ability_upgrades_arr": [
        8429,
        8158,
        9501,
        8429,
        8429,
        8106,
        8429,
        8158,
        8158,
        9510,
        8158,
        8106,
        9501,
        9501,
        9513,
        9501,
        8106,
        9506,
        9509,
        1075,
        9511
      ],
      "ability_uses": null,
      "actions": null,
      "additional_units": null,
      "assists": 13,
      "backpack_0": 0,
      "backpack_1": 0,
      "backpack_2": 0,
      "backpack_3": null,
      "buyback_log": null,
      "camps_stacked": null,
      "connection_log": null,
      "creeps_stacked": null,
      "damage": null,
      "damage_inflictor": null,
      "damage_inflictor_received": null,
      "damage_taken": null,
      "damage_targets": null,
      "deaths": 3,
      "denies": 1,
      "dn_t": null,
      "firstblood_claimed": null,
      "gold": 2722,
      "gold_per_min": 1066,
      "gold_reasons": null,
      "gold_spent": 22210,
      "gold_t": null,
      "hero_damage": 19516,
      "hero_healing": 0,
      "hero_hits": null,
      "hero_id": 123,
      "item_0": 75,
      "item_1": 1466,
      "item_2": 168,
      "item_3": 141,
      "item_4": 247,
      "item_5": 63,
      "item_neutral": 376,
      "item_uses": null,
      "kill_streaks": null,
      "killed": null,
      "killed_by": null,
      "kills": 13,
      "kills_log": null,
      "lane_pos": null,
      "last_hits": 51,
      "leaver_status": 0,
      "level": 28,
      "lh_t": null,
      "life_state": null,
      "max_hero_hit": null,
      "multi_kills": null,
      "net_worth": 23527,
      "obs": null,
      "obs_left_log": null,
      "obs_log": null,
      "obs_placed": null,
      "party_id": 1,
      "party_size": 1,
      "performance_others": null,
      "permanent_buffs": [],
      "pings": null,
      "pred_vict": null,
      "purchase": null,
      "purchase_log": null,
      "randomed": null,
      "repicked": null,
      "roshans_killed": null,
      "rune_pickups": null,
      "runes": null,
      "runes_log": null,
      "sen": null,
      "sen_left_log": null,
      "sen_log": null,
      "sen_placed": null,
      "stuns": null,
      "teamfight_participation": null,
      "times": null,
      "tower_damage": 5479,
      "towers_killed": null,
      "xp_per_min": 1930,
      "xp_reasons": null,
      "xp_t": null,
      "start_time": 1669913157,
      "duration": 1368,
      "cluster": 185,
      "lobby_type": 0,
      "game_mode": 23,
      "is_contributor": false,
      "patch": 51,
      "region": 8,
      "isRadiant": true,
      "total_gold": 24304,
      "total_xp": 44004,
      "kills_per_min": 0.5701754385964912,
      "kda": 6,
      "abandons": 0,
      "rank_tier": null,
      "is_subscriber": false,
      "cosmetics": [],
      "benchmarks": {
        "gold_per_min": {
          "raw": 1066,
          "pct": 1
        },
        "xp_per_min": {
          "raw": 1930,
          "pct": 1
        },
        "kills_per_min": {
          "raw": 0.5701754385964912,
          "pct": 1
        },
        "last_hits_per_min": {
          "raw": 2.236842105263158,
          "pct": 0.8103448275862069
        },
        "hero_damage_per_min": {
          "raw": 855.9649122807018,
          "pct": 1
        },
        "hero_healing_per_min": {
          "raw": 0,
          "pct": 0.8275862068965517
        },
        "tower_damage": {
          "raw": 5479,
          "pct": 0.9827586206896551
        },
        "stuns_per_min": {
          "raw": 0,
          "pct": 0.017241379310344827
        },
        "lhten": {}
      }
    },
    {
      "player_slot": 2,
      "ability_targets": null,
      "ability_upgrades_arr": [
        7914,
        7902,
        7914,
        7902,
        7914,
        7906,
        7914,
        7918,
        7902,
        7902,
        7941,
        7918,
        7906,
        7918,
        7937,
        7918,
        7906,
        7940,
        7934,
        7942
      ],
      "ability_uses": null,
      "actions": null,
      "additional_units": null,
      "assists": 17,
      "backpack_0": 0,
      "backpack_1": 0,
      "backpack_2": 0,
      "backpack_3": null,
      "buyback_log": null,
      "camps_stacked": null,
      "connection_log": null,
      "creeps_stacked": null,
      "damage": null,
      "damage_inflictor": null,
      "damage_inflictor_received": null,
      "damage_taken": null,
      "damage_targets": null,
      "deaths": 6,
      "denies": 1,
      "dn_t": null,
      "firstblood_claimed": null,
      "gold": 879,
      "gold_per_min": 720,
      "gold_reasons": null,
      "gold_spent": 16180,
      "gold_t": null,
      "hero_damage": 9667,
      "hero_healing": 792,
      "hero_hits": null,
      "hero_id": 135,
      "item_0": 63,
      "item_1": 154,
      "item_2": 112,
      "item_3": 53,
      "item_4": 61,
      "item_5": 0,
      "item_neutral": 364,
      "item_uses": null,
      "kill_streaks": null,
      "killed": null,
      "killed_by": null,
      "kills": 0,
      "kills_log": null,
      "lane_pos": null,
      "last_hits": 55,
      "leaver_status": 0,
      "level": 27,
      "lh_t": null,
      "life_state": null,
      "max_hero_hit": null,
      "multi_kills": null,
      "net_worth": 15404,
      "obs": null,
      "obs_left_log": null,
      "obs_log": null,
      "obs_placed": null,
      "party_id": 2,
      "party_size": 1,
      "performance_others": null,
      "permanent_buffs": [],
      "pings": null,
      "pred_vict": null,
      "purchase": null,
      "purchase_log": null,
      "randomed": null,
      "repicked": null,
      "roshans_killed": null,
      "rune_pickups": null,
      "runes": null,
      "runes_log": null,
      "sen": null,
      "sen_left_log": null,
      "sen_log": null,
      "sen_placed": null,
      "stuns": null,
      "teamfight_participation": null,
      "times": null,
      "tower_damage": 1445,
      "towers_killed": null,
      "xp_per_min": 1658,
      "xp_reasons": null,
      "xp_t": null,
      "start_time": 1669913157,
      "duration": 1368,
      "cluster": 185,
      "lobby_type": 0,
      "game_mode": 23,
      "is_contributor": false,
      "patch": 51,
      "region": 8,
      "isRadiant": true,
      "total_gold": 16416,
      "total_xp": 37802,
      "kda": 2,
      "abandons": 0,
      "rank_tier": null,
      "is_subscriber": false,
      "cosmetics": [],
      "benchmarks": {
        "gold_per_min": {
          "raw": 720,
          "pct": 0.9375
        },
        "xp_per_min": {
          "raw": 1658,
          "pct": 1
        },
        "kills_per_min": {
          "raw": 0,
          "pct": 0.03125
        },
        "last_hits_per_min": {
          "raw": 2.4122807017543857,
          "pct": 0.1875
        },
        "hero_damage_per_min": {
          "raw": 423.99122807017545,
          "pct": 0.28125
        },
        "hero_healing_per_min": {
          "raw": 34.73684210526316,
          "pct": 0.03125
        },
        "tower_damage": {
          "raw": 1445,
          "pct": 0.6875
        },
        "stuns_per_min": {
          "raw": 0,
          "pct": 0
        },
        "lhten": {}
      }
    },
    {
      "player_slot": 3,
      "ability_targets": null,
      "ability_upgrades_arr": [
        5243,
        5241,
        5243,
        5241,
        5242,
        5244,
        5242,
        5242,
        5242,
        509,
        5241,
        5244,
        5241,
        5243,
        5919,
        5243,
        5244,
        6672,
        6063,
        7132,
        516,
        6080,
        6240
      ],
      "ability_uses": null,
      "actions": null,
      "additional_units": null,
      "assists": 13,
      "backpack_0": 0,
      "backpack_1": 0,
      "backpack_2": 0,
      "backpack_3": null,
      "buyback_log": null,
      "camps_stacked": null,
      "connection_log": null,
      "creeps_stacked": null,
      "damage": null,
      "damage_inflictor": null,
      "damage_inflictor_received": null,
      "damage_taken": null,
      "damage_targets": null,
      "deaths": 1,
      "denies": 3,
      "dn_t": null,
      "firstblood_claimed": null,
      "gold": 5162,
      "gold_per_min": 1336,
      "gold_reasons": null,
      "gold_spent": 26765,
      "gold_t": null,
      "hero_damage": 42273,
      "hero_healing": 0,
      "hero_hits": null,
      "hero_id": 52,
      "item_0": 121,
      "item_1": 692,
      "item_2": 119,
      "item_3": 48,
      "item_4": 273,
      "item_5": 108,
      "item_neutral": 300,
      "item_uses": null,
      "kill_streaks": null,
      "killed": null,
      "killed_by": null,
      "kills": 12,
      "kills_log": null,
      "lane_pos": null,
      "last_hits": 113,
      "leaver_status": 0,
      "level": 30,
      "lh_t": null,
      "life_state": null,
      "max_hero_hit": null,
      "multi_kills": null,
      "net_worth": 29912,
      "obs": null,
      "obs_left_log": null,
      "obs_log": null,
      "obs_placed": null,
      "party_id": 3,
      "party_size": 1,
      "performance_others": null,
      "permanent_buffs": [
        {
          "permanent_buff": 12,
          "stack_count": 0,
          "grant_time": 823
        }
      ],
      "pings": null,
      "pred_vict": null,
      "purchase": null,
      "purchase_log": null,
      "randomed": null,
      "repicked": null,
      "roshans_killed": null,
      "rune_pickups": null,
      "runes": null,
      "runes_log": null,
      "sen": null,
      "sen_left_log": null,
      "sen_log": null,
      "sen_placed": null,
      "stuns": null,
      "teamfight_participation": null,
      "times": null,
      "tower_damage": 5592,
      "towers_killed": null,
      "xp_per_min": 2231,
      "xp_reasons": null,
      "xp_t": null,
      "start_time": 1669913157,
      "duration": 1368,
      "cluster": 185,
      "lobby_type": 0,
      "game_mode": 23,
      "is_contributor": false,
      "patch": 51,
      "region": 8,
      "isRadiant": true,
      "total_gold": 30460,
      "total_xp": 50866,
      "kills_per_min": 0.5263157894736842,
      "kda": 12,
      "abandons": 0,
      "rank_tier": null,
      "is_subscriber": false,
      "cosmetics": [],
      "benchmarks": {
        "gold_per_min": {
          "raw": 1336,
          "pct": 1
        },
        "xp_per_min": {
          "raw": 2231,
          "pct": 1
        },
        "kills_per_min": {
          "raw": 0.5263157894736842,
          "pct": 1
        },
        "last_hits_per_min": {
          "raw": 4.9561403508771935,
          "pct": 0.09375
        },
        "hero_damage_per_min": {
          "raw": 1854.078947368421,
          "pct": 1
        },
        "hero_healing_per_min": {
          "raw": 0,
          "pct": 0.6875
        },
        "tower_damage": {
          "raw": 5592,
          "pct": 0.75
        },
        "stuns_per_min": {
          "raw": 0,
          "pct": 0
        },
        "lhten": {}
      }
    },
    {
      "player_slot": 4,
      "ability_targets": null,
      "ability_upgrades_arr": [
        5368,
        5366,
        5365,
        5365,
        5365,
        5369,
        5365,
        5368,
        5368,
        5368,
        7144,
        5369,
        5366,
        5366,
        6604,
        5366,
        5369,
        1003,
        7054,
        6101,
        1002
      ],
      "ability_uses": null,
      "actions": null,
      "additional_units": null,
      "assists": 14,
      "backpack_0": 0,
      "backpack_1": 0,
      "backpack_2": 0,
      "backpack_3": null,
      "buyback_log": null,
      "camps_stacked": null,
      "connection_log": null,
      "creeps_stacked": null,
      "damage": null,
      "damage_inflictor": null,
      "damage_inflictor_received": null,
      "damage_taken": null,
      "damage_targets": null,
      "deaths": 4,
      "denies": 2,
      "dn_t": null,
      "firstblood_claimed": null,
      "gold": 2660,
      "gold_per_min": 1316,
      "gold_reasons": null,
      "gold_spent": 30295,
      "gold_t": null,
      "hero_damage": 13317,
      "hero_healing": 0,
      "hero_hits": null,
      "hero_id": 73,
      "item_0": 208,
      "item_1": 48,
      "item_2": 141,
      "item_3": 116,
      "item_4": 247,
      "item_5": 152,
      "item_neutral": 289,
      "item_uses": null,
      "kill_streaks": null,
      "killed": null,
      "killed_by": null,
      "kills": 3,
      "kills_log": null,
      "lane_pos": null,
      "last_hits": 146,
      "leaver_status": 0,
      "level": 28,
      "lh_t": null,
      "life_state": null,
      "max_hero_hit": null,
      "multi_kills": null,
      "net_worth": 27610,
      "obs": null,
      "obs_left_log": null,
      "obs_log": null,
      "obs_placed": null,
      "party_id": 4,
      "party_size": 1,
      "performance_others": null,
      "permanent_buffs": [],
      "pings": null,
      "pred_vict": null,
      "purchase": null,
      "purchase_log": null,
      "randomed": null,
      "repicked": null,
      "roshans_killed": null,
      "rune_pickups": null,
      "runes": null,
      "runes_log": null,
      "sen": null,
      "sen_left_log": null,
      "sen_log": null,
      "sen_placed": null,
      "stuns": null,
      "teamfight_participation": null,
      "times": null,
      "tower_damage": 7842,
      "towers_killed": null,
      "xp_per_min": 1806,
      "xp_reasons": null,
      "xp_t": null,
      "personaname": "Galaxys",
      "name": null,
      "last_login": null,
      "start_time": 1669913157,
      "duration": 1368,
      "cluster": 185,
      "lobby_type": 0,
      "game_mode": 23,
      "is_contributor": false,
      "patch": 51,
      "region": 8,
      "isRadiant": true,
      "total_gold": 30004,
      "total_xp": 41176,
      "kills_per_min": 0.13157894736842105,
      "kda": 3,
      "abandons": 0,
      "rank_tier": 12,
      "is_subscriber": false,
      "cosmetics": [],
      "benchmarks": {
        "gold_per_min": {
          "raw": 1316,
          "pct": 1
        },
        "xp_per_min": {
          "raw": 1806,
          "pct": 1
        },
        "kills_per_min": {
          "raw": 0.13157894736842105,
          "pct": 0.4
        },
        "last_hits_per_min": {
          "raw": 6.4035087719298245,
          "pct": 0.3
        },
        "hero_damage_per_min": {
          "raw": 584.078947368421,
          "pct": 0.65
        },
        "hero_healing_per_min": {
          "raw": 0,
          "pct": 0.95
        },
        "tower_damage": {
          "raw": 7842,
          "pct": 0.75
        },
        "stuns_per_min": {
          "raw": 0,
          "pct": 0
        },
        "lhten": {}
      }
    },
    {
      "player_slot": 128,
      "ability_targets": null,
      "ability_upgrades_arr": [
        5178,
        5179,
        5178,
        5179,
        5178,
        5181,
        5178,
        5180,
        5180,
        6979,
        5179,
        5181,
        5179,
        5180,
        6532,
        5180,
        5181,
        6980,
        6981
      ],
      "ability_uses": null,
      "actions": null,
      "additional_units": null,
      "assists": 13,
      "backpack_0": 0,
      "backpack_1": 0,
      "backpack_2": 0,
      "backpack_3": null,
      "buyback_log": null,
      "camps_stacked": null,
      "connection_log": null,
      "creeps_stacked": null,
      "damage": null,
      "damage_inflictor": null,
      "damage_inflictor_received": null,
      "damage_taken": null,
      "damage_targets": null,
      "deaths": 7,
      "denies": 0,
      "dn_t": null,
      "firstblood_claimed": null,
      "gold": 677,
      "gold_per_min": 541,
      "gold_reasons": null,
      "gold_spent": 12625,
      "gold_t": null,
      "hero_damage": 27264,
      "hero_healing": 195,
      "hero_hits": null,
      "hero_id": 40,
      "item_0": 131,
      "item_1": 235,
      "item_2": 0,
      "item_3": 29,
      "item_4": 190,
      "item_5": 218,
      "item_neutral": 288,
      "item_uses": null,
      "kill_streaks": null,
      "killed": null,
      "killed_by": null,
      "kills": 0,
      "kills_log": null,
      "lane_pos": null,
      "last_hits": 33,
      "leaver_status": 0,
      "level": 25,
      "lh_t": null,
      "life_state": null,
      "max_hero_hit": null,
      "multi_kills": null,
      "net_worth": 11077,
      "obs": null,
      "obs_left_log": null,
      "obs_log": null,
      "obs_placed": null,
      "party_id": 5,
      "party_size": 1,
      "performance_others": null,
      "permanent_buffs": [
        {
          "permanent_buff": 6,
          "stack_count": 1,
          "grant_time": 851
        },
        {
          "permanent_buff": 12,
          "stack_count": 0,
          "grant_time": 1033
        }
      ],
      "pings": null,
      "pred_vict": null,
      "purchase": null,
      "purchase_log": null,
      "randomed": null,
      "repicked": null,
      "roshans_killed": null,
      "rune_pickups": null,
      "runes": null,
      "runes_log": null,
      "sen": null,
      "sen_left_log": null,
      "sen_log": null,
      "sen_placed": null,
      "stuns": null,
      "teamfight_participation": null,
      "times": null,
      "tower_damage": 0,
      "towers_killed": null,
      "xp_per_min": 1607,
      "xp_reasons": null,
      "xp_t": null,
      "personaname": "MOROK",
      "name": null,
      "last_login": null,
      "start_time": 1669913157,
      "duration": 1368,
      "cluster": 185,
      "lobby_type": 0,
      "game_mode": 23,
      "is_contributor": false,
      "patch": 51,
      "region": 8,
      "isRadiant": false,
      "total_gold": 12334,
      "total_xp": 36639,
      "kda": 1,
      "abandons": 0,
      "rank_tier": 15,
      "is_subscriber": false,
      "cosmetics": [],
      "benchmarks": {
        "gold_per_min": {
          "raw": 541,
          "pct": 0.875
        },
        "xp_per_min": {
          "raw": 1607,
          "pct": 1
        },
        "kills_per_min": {
          "raw": 0,
          "pct": 0.125
        },
        "last_hits_per_min": {
          "raw": 1.4473684210526314,
          "pct": 0
        },
        "hero_damage_per_min": {
          "raw": 1195.7894736842106,
          "pct": 0.875
        },
        "hero_healing_per_min": {
          "raw": 8.552631578947368,
          "pct": 0.375
        },
        "tower_damage": {
          "raw": 0,
          "pct": 0
        },
        "stuns_per_min": {
          "raw": 0,
          "pct": 0.625
        },
        "lhten": {}
      }
    },
    {
      "player_slot": 129,
      "ability_targets": null,
      "ability_upgrades_arr": [
        5637,
        5639,
        5639,
        5637,
        5637,
        5640,
        5638,
        5638,
        5639,
        5639,
        791,
        5640,
        5637,
        5638,
        405,
        5638,
        5640,
        471,
        544
      ],
      "ability_uses": null,
      "actions": null,
      "additional_units": null,
      "assists": 15,
      "backpack_0": 0,
      "backpack_1": 0,
      "backpack_2": 0,
      "backpack_3": null,
      "buyback_log": null,
      "camps_stacked": null,
      "connection_log": null,
      "creeps_stacked": null,
      "damage": null,
      "damage_inflictor": null,
      "damage_inflictor_received": null,
      "damage_taken": null,
      "damage_targets": null,
      "deaths": 8,
      "denies": 2,
      "dn_t": null,
      "firstblood_claimed": null,
      "gold": 1251,
      "gold_per_min": 577,
      "gold_reasons": null,
      "gold_spent": 12525,
      "gold_t": null,
      "hero_damage": 19650,
      "hero_healing": 440,
      "hero_hits": null,
      "hero_id": 111,
      "item_0": 204,
      "item_1": 57,
      "item_2": 180,
      "item_3": 0,
      "item_4": 0,
      "item_5": 0,
      "item_neutral": 675,
      "item_uses": null,
      "kill_streaks": null,
      "killed": null,
      "killed_by": null,
      "kills": 3,
      "kills_log": null,
      "lane_pos": null,
      "last_hits": 11,
      "leaver_status": 0,
      "level": 26,
      "lh_t": null,
      "life_state": null,
      "max_hero_hit": null,
      "multi_kills": null,
      "net_worth": 12576,
      "obs": null,
      "obs_left_log": null,
      "obs_log": null,
      "obs_placed": null,
      "party_id": 6,
      "party_size": 1,
      "performance_others": null,
      "permanent_buffs": [
        {
          "permanent_buff": 6,
          "stack_count": 1,
          "grant_time": 1399
        },
        {
          "permanent_buff": 12,
          "stack_count": 0,
          "grant_time": 1442
        }
      ],
      "pings": null,
      "pred_vict": null,
      "purchase": null,
      "purchase_log": null,
      "randomed": null,
      "repicked": null,
      "roshans_killed": null,
      "rune_pickups": null,
      "runes": null,
      "runes_log": null,
      "sen": null,
      "sen_left_log": null,
      "sen_log": null,
      "sen_placed": null,
      "stuns": null,
      "teamfight_participation": null,
      "times": null,
      "tower_damage": 0,
      "towers_killed": null,
      "xp_per_min": 1747,
      "xp_reasons": null,
      "xp_t": null,
      "start_time": 1669913157,
      "duration": 1368,
      "cluster": 185,
      "lobby_type": 0,
      "game_mode": 23,
      "is_contributor": false,
      "patch": 51,
      "region": 8,
      "isRadiant": false,
      "total_gold": 13155,
      "total_xp": 39831,
      "kills_per_min": 0.13157894736842105,
      "kda": 2,
      "abandons": 0,
      "rank_tier": null,
      "is_subscriber": false,
      "cosmetics": [],
      "benchmarks": {
        "gold_per_min": {
          "raw": 577,
          "pct": 0.9333333333333333
        },
        "xp_per_min": {
          "raw": 1747,
          "pct": 1
        },
        "kills_per_min": {
          "raw": 0.13157894736842105,
          "pct": 0.7333333333333333
        },
        "last_hits_per_min": {
          "raw": 0.48245614035087714,
          "pct": 0.06666666666666667
        },
        "hero_damage_per_min": {
          "raw": 861.8421052631579,
          "pct": 1
        },
        "hero_healing_per_min": {
          "raw": 19.298245614035086,
          "pct": 0.13333333333333333
        },
        "tower_damage": {
          "raw": 0,
          "pct": 0.3333333333333333
        },
        "stuns_per_min": {
          "raw": 0,
          "pct": 0.06666666666666667
        },
        "lhten": {}
      }
    },
    {
      "player_slot": 130,
      "ability_targets": null,
      "ability_upgrades_arr": [
        5182,
        5184,
        5184,
        5182,
        5184,
        5185,
        5184,
        5182,
        5182,
        5691,
        856,
        5185,
        5691,
        5691,
        7388,
        5691,
        5185,
        6128,
        7001
      ],
      "ability_uses": null,
      "actions": null,
      "additional_units": null,
      "assists": 4,
      "backpack_0": 11,
      "backpack_1": 240,
      "backpack_2": 40,
      "backpack_3": null,
      "buyback_log": null,
      "camps_stacked": null,
      "connection_log": null,
      "creeps_stacked": null,
      "damage": null,
      "damage_inflictor": null,
      "damage_inflictor_received": null,
      "damage_taken": null,
      "damage_targets": null,
      "deaths": 5,
      "denies": 11,
      "dn_t": null,
      "firstblood_claimed": null,
      "gold": 1501,
      "gold_per_min": 849,
      "gold_reasons": null,
      "gold_spent": 19360,
      "gold_t": null,
      "hero_damage": 14395,
      "hero_healing": 0,
      "hero_hits": null,
      "hero_id": 41,
      "item_0": 26,
      "item_1": 141,
      "item_2": 63,
      "item_3": 8,
      "item_4": 166,
      "item_5": 139,
      "item_neutral": 376,
      "item_uses": null,
      "kill_streaks": null,
      "killed": null,
      "killed_by": null,
      "kills": 2,
      "kills_log": null,
      "lane_pos": null,
      "last_hits": 123,
      "leaver_status": 1,
      "level": 26,
      "lh_t": null,
      "life_state": null,
      "max_hero_hit": null,
      "multi_kills": null,
      "net_worth": 19706,
      "obs": null,
      "obs_left_log": null,
      "obs_log": null,
      "obs_placed": null,
      "party_id": 7,
      "party_size": 1,
      "performance_others": null,
      "permanent_buffs": [],
      "pings": null,
      "pred_vict": null,
      "purchase": null,
      "purchase_log": null,
      "randomed": null,
      "repicked": null,
      "roshans_killed": null,
      "rune_pickups": null,
      "runes": null,
      "runes_log": null,
      "sen": null,
      "sen_left_log": null,
      "sen_log": null,
      "sen_placed": null,
      "stuns": null,
      "teamfight_participation": null,
      "times": null,
      "tower_damage": 0,
      "towers_killed": null,
      "xp_per_min": 1783,
      "xp_reasons": null,
      "xp_t": null,
      "start_time": 1669913157,
      "duration": 1368,
      "cluster": 185,
      "lobby_type": 0,
      "game_mode": 23,
      "is_contributor": false,
      "patch": 51,
      "region": 8,
      "isRadiant": false,
      "total_gold": 19357,
      "total_xp": 40652,
      "kills_per_min": 0.08771929824561403,
      "kda": 1,
      "abandons": 0,
      "rank_tier": null,
      "is_subscriber": false,
      "cosmetics": [],
      "benchmarks": {
        "gold_per_min": {
          "raw": 849,
          "pct": 0.9666666666666667
        },
        "xp_per_min": {
          "raw": 1783,
          "pct": 1
        },
        "kills_per_min": {
          "raw": 0.08771929824561403,
          "pct": 0.1
        },
        "last_hits_per_min": {
          "raw": 5.394736842105264,
          "pct": 0.13333333333333333
        },
        "hero_damage_per_min": {
          "raw": 631.359649122807,
          "pct": 0.6
        },
        "hero_healing_per_min": {
          "raw": 0,
          "pct": 1
        },
        "tower_damage": {
          "raw": 0,
          "pct": 0.2
        },
        "stuns_per_min": {
          "raw": 0,
          "pct": 0.03333333333333333
        },
        "lhten": {}
      }
    },
    {
      "player_slot": 131,
      "ability_targets": null,
      "ability_upgrades_arr": [
        6461,
        6344,
        6461,
        6344,
        6461,
        6343,
        6461,
        6344,
        6344,
        9063,
        7307,
        6343,
        7307,
        7307,
        6463,
        7307,
        6343,
        9060,
        9062
      ],
      "ability_uses": null,
      "actions": null,
      "additional_units": null,
      "assists": 6,
      "backpack_0": 0,
      "backpack_1": 0,
      "backpack_2": 0,
      "backpack_3": null,
      "buyback_log": null,
      "camps_stacked": null,
      "connection_log": null,
      "creeps_stacked": null,
      "damage": null,
      "damage_inflictor": null,
      "damage_inflictor_received": null,
      "damage_taken": null,
      "damage_targets": null,
      "deaths": 4,
      "denies": 2,
      "dn_t": null,
      "firstblood_claimed": null,
      "gold": 2106,
      "gold_per_min": 928,
      "gold_reasons": null,
      "gold_spent": 20835,
      "gold_t": null,
      "hero_damage": 30573,
      "hero_healing": 69,
      "hero_hits": null,
      "hero_id": 120,
      "item_0": 51,
      "item_1": 108,
      "item_2": 114,
      "item_3": 143,
      "item_4": 174,
      "item_5": 180,
      "item_neutral": 834,
      "item_uses": null,
      "kill_streaks": null,
      "killed": null,
      "killed_by": null,
      "kills": 8,
      "kills_log": null,
      "lane_pos": null,
      "last_hits": 86,
      "leaver_status": 0,
      "level": 26,
      "lh_t": null,
      "life_state": null,
      "max_hero_hit": null,
      "multi_kills": null,
      "net_worth": 20281,
      "obs": null,
      "obs_left_log": null,
      "obs_log": null,
      "obs_placed": null,
      "party_id": 8,
      "party_size": 1,
      "performance_others": null,
      "permanent_buffs": [],
      "pings": null,
      "pred_vict": null,
      "purchase": null,
      "purchase_log": null,
      "randomed": null,
      "repicked": null,
      "roshans_killed": null,
      "rune_pickups": null,
      "runes": null,
      "runes_log": null,
      "sen": null,
      "sen_left_log": null,
      "sen_log": null,
      "sen_placed": null,
      "stuns": null,
      "teamfight_participation": null,
      "times": null,
      "tower_damage": 0,
      "towers_killed": null,
      "xp_per_min": 1762,
      "xp_reasons": null,
      "xp_t": null,
      "personaname": "Perfect",
      "name": null,
      "last_login": null,
      "start_time": 1669913157,
      "duration": 1368,
      "cluster": 185,
      "lobby_type": 0,
      "game_mode": 23,
      "is_contributor": false,
      "patch": 51,
      "region": 8,
      "isRadiant": false,
      "total_gold": 21158,
      "total_xp": 40173,
      "kills_per_min": 0.3508771929824561,
      "kda": 2,
      "abandons": 0,
      "rank_tier": 22,
      "is_subscriber": false,
      "cosmetics": [],
      "benchmarks": {
        "gold_per_min": {
          "raw": 928,
          "pct": 1
        },
        "xp_per_min": {
          "raw": 1762,
          "pct": 1
        },
        "kills_per_min": {
          "raw": 0.3508771929824561,
          "pct": 0.8484848484848485
        },
        "last_hits_per_min": {
          "raw": 3.7719298245614032,
          "pct": 0
        },
        "hero_damage_per_min": {
          "raw": 1340.921052631579,
          "pct": 0.9696969696969697
        },
        "hero_healing_per_min": {
          "raw": 3.026315789473684,
          "pct": 0.9090909090909091
        },
        "tower_damage": {
          "raw": 0,
          "pct": 0.06060606060606061
        },
        "stuns_per_min": {
          "raw": 0,
          "pct": 0
        },
        "lhten": {}
      }
    },
    {
      "player_slot": 132,
      "ability_targets": null,
      "ability_upgrades_arr": [
        5063,
        5062,
        5063,
        5062,
        5062,
        5063,
        5062,
        5063,
        5064,
        5061,
        5059,
        5064,
        6016,
        5060,
        5064,
        6070,
        6670,
        5059,
        1072
      ],
      "ability_uses": null,
      "actions": null,
      "additional_units": null,
      "assists": 9,
      "backpack_0": 0,
      "backpack_1": 0,
      "backpack_2": 0,
      "backpack_3": null,
      "buyback_log": null,
      "camps_stacked": null,
      "connection_log": null,
      "creeps_stacked": null,
      "damage": null,
      "damage_inflictor": null,
      "damage_inflictor_received": null,
      "damage_taken": null,
      "damage_targets": null,
      "deaths": 12,
      "denies": 5,
      "dn_t": null,
      "firstblood_claimed": null,
      "gold": 808,
      "gold_per_min": 818,
      "gold_reasons": null,
      "gold_spent": 18430,
      "gold_t": null,
      "hero_damage": 32178,
      "hero_healing": 0,
      "hero_hits": null,
      "hero_id": 11,
      "item_0": 249,
      "item_1": 168,
      "item_2": 43,
      "item_3": 63,
      "item_4": 21,
      "item_5": 141,
      "item_neutral": 949,
      "item_uses": null,
      "kill_streaks": null,
      "killed": null,
      "killed_by": null,
      "kills": 6,
      "kills_log": null,
      "lane_pos": null,
      "last_hits": 61,
      "leaver_status": 0,
      "level": 26,
      "lh_t": null,
      "life_state": null,
      "max_hero_hit": null,
      "multi_kills": null,
      "net_worth": 18958,
      "obs": null,
      "obs_left_log": null,
      "obs_log": null,
      "obs_placed": null,
      "party_id": 9,
      "party_size": 1,
      "performance_others": null,
      "permanent_buffs": [
        {
          "permanent_buff": 12,
          "stack_count": 0,
          "grant_time": 1300
        }
      ],
      "pings": null,
      "pred_vict": null,
      "purchase": null,
      "purchase_log": null,
      "randomed": null,
      "repicked": null,
      "roshans_killed": null,
      "rune_pickups": null,
      "runes": null,
      "runes_log": null,
      "sen": null,
      "sen_left_log": null,
      "sen_log": null,
      "sen_placed": null,
      "stuns": null,
      "teamfight_participation": null,
      "times": null,
      "tower_damage": 0,
      "towers_killed": null,
      "xp_per_min": 1913,
      "xp_reasons": null,
      "xp_t": null,
      "personaname": "dESTRO",
      "name": null,
      "last_login": null,
      "start_time": 1669913157,
      "duration": 1368,
      "cluster": 185,
      "lobby_type": 0,
      "game_mode": 23,
      "is_contributor": false,
      "patch": 51,
      "region": 8,
      "isRadiant": false,
      "total_gold": 18650,
      "total_xp": 43616,
      "kills_per_min": 0.2631578947368421,
      "kda": 1,
      "abandons": 0,
      "rank_tier": 23,
      "is_subscriber": false,
      "cosmetics": [],
      "benchmarks": {
        "gold_per_min": {
          "raw": 818,
          "pct": 0.98
        },
        "xp_per_min": {
          "raw": 1913,
          "pct": 1
        },
        "kills_per_min": {
          "raw": 0.2631578947368421,
          "pct": 0.64
        },
        "last_hits_per_min": {
          "raw": 2.6754385964912277,
          "pct": 0.02
        },
        "hero_damage_per_min": {
          "raw": 1411.3157894736842,
          "pct": 0.98
        },
        "hero_healing_per_min": {
          "raw": 0,
          "pct": 0.88
        },
        "tower_damage": {
          "raw": 0,
          "pct": 0.08
        },
        "stuns_per_min": {
          "raw": 0,
          "pct": 0.02
        },
        "lhten": {}
      }
    }
  ],
  "patch": 51,
  "region": 8
}