{
  "chat": null,
  "cluster": 182,
  "cosmetics": null,
  "dire_score": 42,
  "dire_team_id": null,
  "draft_timings": null,
  "duration": 2799,
  "engine": 1,
  "first_blood_time": 170,
  "game_mode": 22,
  "human_players": 10,
  "leagueid": 0,
  "lobby_type": 7,
  "match_seq_num": 5780393427,
  "negative_votes": 0,
  "objectives": null,
  "picks_bans": [
    {
      "is_pick": true,
      "hero_id": 30,
      "team": 0,
      "order": 0
    },
    {
      "is_pick": true,
      "hero_id": 85,
      "team": 0,
      "order": 1
    },
    {
      "is_pick": true,
      "hero_id": 27,
      "team": 1,
      "order": 2
    },
    {
      "is_pick": true,
      "hero_id": 135,
      "team": 1,
      "order": 3
    },
    {
      "is_pick": true,
      "hero_id": 126,
      "team": 1,
      "order": 4
    },
    {
      "is_pick": true,
      "hero_id": 5,
      "team": 1,
      "order": 5
    },
    {
      "is_pick": true,
      "hero_id": 104,
      "team": 0,
      "order": 6
    },
    {
      "is_pick": true,
      "hero_id": 62,
      "team": 0,
      "order": 7
    },
    {
      "is_pick": true,
      "hero_id": 93,
      "team": 1,
      "order": 8
    },
    {
      "is_pick": true,
      "hero_id": 56,
      "team": 0,
      "order": 9
    },
    {
      "is_pick": false,
      "hero_id": 34,
      "team": 0,
      "order": 10
    },
    {
      "is_pick": false,
      "hero_id": 30,
      "team": 0,
      "order": 11
    },
    {
      "is_pick": false,
      "hero_id": 59,
      "team": 0,
      "order": 12
    },
    {
      "is_pick": false,
      "hero_id": 44,
      "team": 0,
      "order": 13
    },
    {
      "is_pick": false,
      "hero_id": 85,
      "team": 0,
      "order": 14
    },
    {
      "is_pick": false,
      "hero_id": 35,
      "team": 1,
      "order": 15
    },
    {
      "is_pick": false,
      "hero_id": 23,
      "team": 1,
      "order": 16
    }
  ],
  "positive_votes": 0,
  "radiant_gold_adv": null,
  "radiant_score": 57,
  "radiant_team_id": null,
  "radiant_xp_adv": null,
  "skill": null,
  "start_time": 1669912860,
  "teamfights": null,
  "version": null,
  "replay_salt": 1272276861,
  "series_id": 0,
  "series_type": 0,
  "players": [
    {
      "player_slot": 0,
      "ability_targets": null,
      "ability_upgrades_arr": [
        5442,
        5444,
        5442,
        5444,
        5442,
        5447,
        5442,
        5444,
        5443,
        813,
        5444,
        5447,
        5443,
        5443,
        5443,
        6155,
        5447,
        6420,
        449,
        807
      ],
      "ability_uses": null,
      "actions": null,
      "additional_units": null,
      "assists": 29,
      "backpack_0": 0,
      "backpack_1": 0,
      "backpack_2": 0,
      "backpack_3": null,
      "buyback_log": null,
      "camps_stacked": null,
      "connection_log": null,
      "creeps_stacked": null,
      "damage": null,
      "damage_inflictor": null,
      "damage_inflictor_received": null,
      "damage_taken": null,
      "damage_targets": null,
      "deaths": 6,
      "denies": 3,
      "dn_t": null,
      "firstblood_claimed": null,
      "gold": 2228,
      "gold_per_min": 503,
      "gold_reasons": null,
      "gold_spent": 22015,
      "gold_t": null,
      "hero_damage": 31594,
      "hero_healing": 4295,
      "hero_hits": null,
      "hero_id": 85,
      "item_0": 108,
      "item_1": 235,
      "item_2": 119,
      "item_3": 244,
      "item_4": 0,
      "item_5": 231,
      "item_neutral": 311,
      "item_uses": null,
      "kill_streaks": null,
      "killed": null,
      "killed_by": null,
      "kills": 15,
      "kills_log": null,
      "lane_pos": null,
      "last_hits": 119,
      "leaver_status": 0,
      "level": 27,
      "lh_t": null,
      "life_state": null,
      "max_hero_hit": null,
      "multi_kills": null,
      "net_worth": 21753,
      "obs": null,
      "obs_left_log": null,
      "obs_log": null,
      "obs_placed": null,
      "party_id": 0,
      "party_size": 2,
      "performance_others": null,
      "permanent_buffs": [
        {
          "permanent_buff": 6,
          "stack_count": 1,
          "grant_time": 2074
        }
      ],
      "pings": null,
      "pred_vict": null,
      "purchase": null,
      "purchase_log": null,
      "randomed": null,
      "repicked": null,
      "roshans_killed": null,
      "rune_pickups": null,
      "runes": null,
      "runes_log": null,
      "sen": null,
      "sen_left_log": null,
      "sen_log": null,
      "sen_placed": null,
      "stuns": null,
      "teamfight_participation": null,
      "times": null,
      "tower_damage": 3270,
      "towers_killed": null,
      "xp_per_min": 807,
      "xp_reasons": null,
      "xp_t": null,
      "start_time": 1669912860,
      "duration": 2799,
      "cluster": 182,
      "lobby_type": 7,
      "game_mode": 22,
      "is_contributor": false,
      "patch": 51,
      "region": 8,
      "isRadiant": true,
      "total_gold": 23464,
      "total_xp": 37646,
      "kills_per_min": 0.3215434083601286,
      "kda": 6,
      "abandons": 0,
      "rank_tier": null,
      "is_subscriber": false,
      "cosmetics": [],
      "benchmarks": {
        "gold_per_min": {
          "raw": 503,
          "pct": 0.9666666666666667
        },
        "xp_per_min": {
          "raw": 807,
          "pct": 1
        },
        "kills_per_min": {
          "raw": 0.3215434083601286,
          "pct": 0.95
        },
        "last_hits_per_min": {
          "raw": 2.5509110396570205,
          "pct": 0.8166666666666667
        },
        "hero_damage_per_min": {
          "raw": 677.256162915327,
          "pct": 1
        },
        "hero_healing_per_min": {
          "raw": 92.06859592711683,
          "pct": 0.4166666666666667
        },
        "tower_damage": {
          "raw": 3270,
          "pct": 0.95
        },
        "stuns_per_min": {
          "raw": 0,
          "pct": 0.85
        },
        "lhten": {}
      }
    },
    {
      "player_slot": 1,
      "ability_targets": null,
      "ability_upgrades_arr": [
        5595,
        5597,
        5595,
        5596,
        5595,
        5598,
        5595,
        5596,
        5596,
        6218,
        5596,
        5598,
        5597,
        5597,
        463,
        5597,
        5598,
        7395
      ],
      "ability_uses": null,
      "actions": null,
      "additional_units": null,
      "assists": 18,
      "backpack_0": 0,
      "backpack_1": 0,
      "backpack_2": 0,
      "backpack_3": null,
      "buyback_log": null,
      "camps_stacked": null,
      "connection_log": null,
      "creeps_stacked": null,
      "damage": null,
      "damage_inflictor": null,
      "damage_inflictor_received": null,
      "damage_taken": null,
      "damage_targets": null,
      "deaths": 11,
      "denies": 3,
      "dn_t": null,
      "firstblood_claimed": null,
      "gold": 2381,
      "gold_per_min": 465,
      "gold_reasons": null,
      "gold_spent": 17945,
      "gold_t": null,
      "hero_damage": 25526,
      "hero_healing": 6404,
      "hero_hits": null,
      "hero_id": 104,
      "item_0": 1,
      "item_1": 112,
      "item_2": 127,
      "item_3": 116,
      "item_4": 149,
      "item_5": 50,
      "item_neutral": 825,
      "item_uses": null,
      "kill_streaks": null,
      "killed": null,
      "killed_by": null,
      "kills": 11,
      "kills_log": null,
      "lane_pos": null,
      "last_hits": 150,
      "leaver_status": 0,
      "level": 24,
      "lh_t": null,
      "life_state": null,
      "max_hero_hit": null,
      "multi_kills": null,
      "net_worth": 19356,
      "obs": null,
      "obs_left_log": null,
      "obs_log": null,
      "obs_placed": null,
      "party_id": 0,
      "party_size": 2,
      "performance_others": null,
      "permanent_buffs": [
        {
          "permanent_buff": 5,
          "stack_count": 182,
          "grant_time": 757
        }
      ],
      "pings": null,
      "pred_vict": null,
      "purchase": null,
      "purchase_log": null,
      "randomed": null,
      "repicked": null,
      "roshans_killed": null,
      "rune_pickups": null,
      "runes": null,
      "runes_log": null,
      "sen": null,
      "sen_left_log": null,
      "sen_log": null,
      "sen_placed": null,
      "stuns": null,
      "teamfight_participation": null,
      "times": null,
      "tower_damage": 5936,
      "towers_killed": null,
      "xp_per_min": 675,
      "xp_reasons": null,
      "xp_t": null,
      "personaname": "Яко Люгер",
      "name": null,
      "last_login": null,
      "start_time": 1669912860,
      "duration": 2799,
      "cluster": 182,
      "lobby_type": 7,
      "game_mode": 22,
      "is_contributor": false,
      "patch": 51,
      "region": 8,
      "isRadiant": true,
      "total_gold": 21692,
      "total_xp": 31488,
      "kills_per_min": 0.2357984994640943,
      "kda": 2,
      "abandons": 0,
      "rank_tier": 14,
      "is_subscriber": false,
      "cosmetics": [],
      "benchmarks": {
        "gold_per_min": {
          "raw": 465,
          "pct": 0.5483870967741935
        },
        "xp_per_min": {
          "raw": 675,
          "pct": 0.6129032258064516
        },
        "kills_per_min": {
          "raw": 0.23579849946409434,
          "pct": 0.8064516129032258
        },
        "last_hits_per_min": {
          "raw": 3.215434083601286,
          "pct": 0.0967741935483871
        },
        "hero_damage_per_min": {
          "raw": 547.1811361200429,
          "pct": 0.4838709677419355
        },
        "hero_healing_per_min": {
          "raw": 137.2775991425509,
          "pct": 0.967741935483871
        },
        "tower_damage": {
          "raw": 5936,
          "pct": 0.7419354838709677
        },
        "stuns_per_min": {
          "raw": 0,
          "pct": 0.03225806451612903
        },
        "lhten": {}
      }
    },
    {
      "player_slot": 2,
      "ability_targets": null,
      "ability_upgrades_arr": [
        5260,
        5259,
        5260,
        5261,
        5259,
        5262,
        5259,
        5259,
        5260,
        6104,
        5261,
        5262,
        5261,
        5260,
        495,
        5261,
        5262,
        5944,
        7878,
        523,
        6231
      ],
      "ability_uses": null,
      "actions": null,
      "additional_units": null,
      "assists": 14,
      "backpack_0": 63,
      "backpack_1": 0,
      "backpack_2": 0,
      "backpack_3": null,
      "buyback_log": null,
      "camps_stacked": null,
      "connection_log": null,
      "creeps_stacked": null,
      "damage": null,
      "damage_inflictor": null,
      "damage_inflictor_received": null,
      "damage_taken": null,
      "damage_targets": null,
      "deaths": 5,
      "denies": 6,
      "dn_t": null,
      "firstblood_claimed": null,
      "gold": 1146,
      "gold_per_min": 771,
      "gold_reasons": null,
      "gold_spent": 34395,
      "gold_t": null,
      "hero_damage": 44580,
      "hero_healing": 0,
      "hero_hits": null,
      "hero_id": 56,
      "item_0": 168,
      "item_1": 141,
      "item_2": 1466,
      "item_3": 160,
      "item_4": 225,
      "item_5": 156,
      "item_neutral": 573,
      "item_uses": null,
      "kill_streaks": null,
      "killed": null,
      "killed_by": null,
      "kills": 15,
      "kills_log": null,
      "lane_pos": null,
      "last_hits": 484,
      "leaver_status": 0,
      "level": 28,
      "lh_t": null,
      "life_state": null,
      "max_hero_hit": null,
      "multi_kills": null,
      "net_worth": 33921,
      "obs": null,
      "obs_left_log": null,
      "obs_log": null,
      "obs_placed": null,
      "party_id": 1,
      "party_size": 3,
      "performance_others": null,
      "permanent_buffs": [
        {
          "permanent_buff": 12,
          "stack_count": 0,
          "grant_time": 2727
        }
      ],
      "pings": null,
      "pred_vict": null,
      "purchase": null,
      "purchase_log": null,
      "randomed": null,
      "repicked": null,
      "roshans_killed": null,
      "rune_pickups": null,
      "runes": null,
      "runes_log": null,
      "sen": null,
      "sen_left_log": null,
      "sen_log": null,
      "sen_placed": null,
      "stuns": null,
      "teamfight_participation": null,
      "times": null,
      "tower_damage": 18396,
      "towers_killed": null,
      "xp_per_min": 897,
      "xp_reasons": null,
      "xp_t": null,
      "personaname": "ЧВК ТАЛАНТ",
      "name": null,
      "last_login": "2022-03-01T09:28:41.133Z",
      "start_time": 1669912860,
      "duration": 2799,
      "cluster": 182,
      "lobby_type": 7,
      "game_mode": 22,
      "is_contributor": false,
      "patch": 51,
      "region": 8,
      "isRadiant": true,
      "total_gold": 35967,
      "total_xp": 41845,
      "kills_per_min": 0.3215434083601286,
      "kda": 4,
      "abandons": 0,
      "rank_tier": 24,
      "is_subscriber": false,
      "cosmetics": [],
      "benchmarks": {
        "gold_per_min": {
          "raw": 771,
          "pct": 0.7777777777777778
        },
        "xp_per_min": {
          "raw": 897,
          "pct": 0.7777777777777778
        },
        "kills_per_min": {
          "raw": 0.3215434083601286,
          "pct": 0.3333333333333333
        },
        "last_hits_per_min": {
          "raw": 10.37513397642015,
          "pct": 1
        },
        "hero_damage_per_min": {
          "raw": 955.6270096463022,
          "pct": 0.6666666666666666
        },
        "hero_healing_per_min": {
          "raw": 0,
          "pct": 1
        },
        "tower_damage": {
          "raw": 18396,
          "pct": 0.8888888888888888
        },
        "stuns_per_min": {
          "raw": 0,
          "pct": 0.1111111111111111
        },
        "lhten": {}
      }
    },
    {
      "player_slot": 3,
      "ability_targets": null,
      "ability_upgrades_arr": [
        5286,
        5287,
        5285,
        5286,
        5285,
        5288,
        5286,
        5286,
        5285,
        484,
        5285,
        5288,
        5287,
        5287,
        959,
        5288,
        6018
      ],
      "ability_uses": null,
      "actions": null,
      "additional_units": null,
      "assists": 16,
      "backpack_0": 16,
      "backpack_1": 41,
      "backpack_2": 0,
      "backpack_3": null,
      "buyback_log": null,
      "camps_stacked": null,
      "connection_log": null,
      "creeps_stacked": null,
      "damage": null,
      "damage_inflictor": null,
      "damage_inflictor_received": null,
      "damage_taken": null,
      "damage_targets": null,
      "deaths": 8,
      "denies": 3,
      "dn_t": null,
      "firstblood_claimed": null,
      "gold": 3591,
      "gold_per_min": 596,
      "gold_reasons": null,
      "gold_spent": 21395,
      "gold_t": null,
      "hero_damage": 24643,
      "hero_healing": 0,
      "hero_hits": null,
      "hero_id": 62,
      "item_0": 75,
      "item_1": 48,
      "item_2": 116,
      "item_3": 108,
      "item_4": 139,
      "item_5": 168,
      "item_neutral": 362,
      "item_uses": null,
      "kill_streaks": null,
      "killed": null,
      "killed_by": null,
      "kills": 9,
      "kills_log": null,
      "lane_pos": null,
      "last_hits": 155,
      "leaver_status": 0,
      "level": 25,
      "lh_t": null,
      "life_state": null,
      "max_hero_hit": null,
      "multi_kills": null,
      "net_worth": 24046,
      "obs": null,
      "obs_left_log": null,
      "obs_log": null,
      "obs_placed": null,
      "party_id": 1,
      "party_size": 3,
      "performance_others": null,
      "permanent_buffs": [
        {
          "permanent_buff": 10,
          "stack_count": 2356,
          "grant_time": 162
        }
      ],
      "pings": null,
      "pred_vict": null,
      "purchase": null,
      "purchase_log": null,
      "randomed": null,
      "repicked": null,
      "roshans_killed": null,
      "rune_pickups": null,
      "runes": null,
      "runes_log": null,
      "sen": null,
      "sen_left_log": null,
      "sen_log": null,
      "sen_placed": null,
      "stuns": null,
      "teamfight_participation": null,
      "times": null,
      "tower_damage": 2502,
      "towers_killed": null,
      "xp_per_min": 738,
      "xp_reasons": null,
      "xp_t": null,
      "personaname": "ЧВК КОБАН",
      "name": null,
      "last_login": null,
      "start_time": 1669912860,
      "duration": 2799,
      "cluster": 182,
      "lobby_type": 7,
      "game_mode": 22,
      "is_contributor": false,
      "patch": 51,
      "region": 8,
      "isRadiant": true,
      "total_gold": 27803,
      "total_xp": 34427,
      "kills_per_min": 0.19292604501607719,
      "kda": 2,
      "abandons": 0,
      "rank_tier": 13,
      "is_subscriber": false,
      "cosmetics": [],
      "benchmarks": {
        "gold_per_min": {
          "raw": 596,
          "pct": 0.8333333333333334
        },
        "xp_per_min": {
          "raw": 738,
          "pct": 0.9444444444444444
        },
        "kills_per_min": {
          "raw": 0.19292604501607716,
          "pct": 0.6111111111111112
        },
        "last_hits_per_min": {
          "raw": 3.322615219721329,
          "pct": 0.6666666666666666
        },
        "hero_damage_per_min": {
          "raw": 528.2529474812433,
          "pct": 0.5555555555555556
        },
        "hero_healing_per_min": {
          "raw": 0,
          "pct": 0.9444444444444444
        },
        "tower_damage": {
          "raw": 2502,
          "pct": 0.9444444444444444
        },
        "stuns_per_min": {
          "raw": 0,
          "pct": 0.1111111111111111
        },
        "lhten": {}
      }
    },
    {
      "player_slot": 4,
      "ability_targets": null,
      "ability_upgrades_arr": [
        5138,
        5140,
        5140,
        5138,
        5140,
        5141,
        5140,
        5138,
        5138,
        417,
        5139,
        5141,
        5139,
        5139,
        5993,
        5139,
        5141,
        555
      ],
      "ability_uses": null,
      "actions": null,
      "additional_units": null,
      "assists": 13,
      "backpack_0": 0,
      "backpack_1": 0,
      "backpack_2": 0,
      "backpack_3": null,
      "buyback_log": null,
      "camps_stacked": null,
      "connection_log": null,
      "creeps_stacked": null,
      "damage": null,
      "damage_inflictor": null,
      "damage_inflictor_received": null,
      "damage_taken": null,
      "damage_targets": null,
      "deaths": 12,
      "denies": 0,
      "dn_t": null,
      "firstblood_claimed": null,
      "gold": 1770,
      "gold_per_min": 391,
      "gold_reasons": null,
      "gold_spent": 18340,
      "gold_t": null,
      "hero_damage": 26592,
      "hero_healing": 4301,
      "hero_hits": null,
      "hero_id": 30,
      "item_0": 108,
      "item_1": 232,
      "item_2": 48,
      "item_3": 0,
      "item_4": 37,
      "item_5": 254,
      "item_neutral": 288,
      "item_uses": null,
      "kill_streaks": null,
      "killed": null,
      "killed_by": null,
      "kills": 6,
      "kills_log": null,
      "lane_pos": null,
      "last_hits": 90,
      "leaver_status": 0,
      "level": 24,
      "lh_t": null,
      "life_state": null,
      "max_hero_hit": null,
      "multi_kills": null,
      "net_worth": 15595,
      "obs": null,
      "obs_left_log": null,
      "obs_log": null,
      "obs_placed": null,
      "party_id": 1,
      "party_size": 3,
      "performance_others": null,
      "permanent_buffs": [
        {
          "permanent_buff": 6,
          "stack_count": 3,
          "grant_time": 850
        },
        {
          "permanent_buff": 12,
          "stack_count": 0,
          "grant_time": 1751
        }
      ],
      "pings": null,
      "pred_vict": null,
      "purchase": null,
      "purchase_log": null,
      "randomed": null,
      "repicked": null,
      "roshans_killed": null,
      "rune_pickups": null,
      "runes": null,
      "runes_log": null,
      "sen": null,
      "sen_left_log": null,
      "sen_log": null,
      "sen_placed": null,
      "stuns": null,
      "teamfight_participation": null,
      "times": null,
      "tower_damage": 1327,
      "towers_killed": null,
      "xp_per_min": 679,
      "xp_reasons": null,
      "xp_t": null,
      "personaname": "СЛАДКИЙ",
      "name": null,
      "last_login": null,
      "start_time": 1669912860,
      "duration": 2799,
      "cluster": 182,
      "lobby_type": 7,
      "game_mode": 22,
      "is_contributor": false,
      "patch": 51,
      "region": 8,
      "isRadiant": true,
      "total_gold": 18240,
      "total_xp": 31675,
      "kills_per_min": 0.12861736334405144,
      "kda": 1,
      "abandons": 0,
      "rank_tier": 14,
      "is_subscriber": false,
      "cosmetics": [],
      "benchmarks": {
        "gold_per_min": {
          "raw": 391,
          "pct": 0.8717948717948718
        },
        "xp_per_min": {
          "raw": 679,
          "pct": 0.8461538461538461
        },
        "kills_per_min": {
          "raw": 0.12861736334405144,
          "pct": 0.3333333333333333
        },
        "last_hits_per_min": {
          "raw": 1.9292604501607715,
          "pct": 0.8717948717948718
        },
        "hero_damage_per_min": {
          "raw": 570.032154340836,
          "pct": 0.6410256410256411
        },
        "hero_healing_per_min": {
          "raw": 92.19721329046088,
          "pct": 0.6410256410256411
        },
        "tower_damage": {
          "raw": 1327,
          "pct": 0.9230769230769231
        },
        "stuns_per_min": {
          "raw": 0,
          "pct": 0.02564102564102564
        },
        "lhten": {}
      }
    },
    {
      "player_slot": 128,
      "ability_targets": null,
      "ability_upgrades_arr": [
        5080,
        5078,
        5080,
        5078,
        5080,
        5081,
        5079,
        5080,
        5078,
        6877,
        5079,
        5081,
        5079,
        5078,
        6295,
        5079,
        5081,
        760
      ],
      "ability_uses": null,
      "actions": null,
      "additional_units": null,
      "assists": 24,
      "backpack_0": 36,
      "backpack_1": 0,
      "backpack_2": 0,
      "backpack_3": null,
      "buyback_log": null,
      "camps_stacked": null,
      "connection_log": null,
      "creeps_stacked": null,
      "damage": null,
      "damage_inflictor": null,
      "damage_inflictor_received": null,
      "damage_taken": null,
      "damage_targets": null,
      "deaths": 13,
      "denies": 1,
      "dn_t": null,
      "firstblood_claimed": null,
      "gold": 1606,
      "gold_per_min": 348,
      "gold_reasons": null,
      "gold_spent": 12795,
      "gold_t": null,
      "hero_damage": 22988,
      "hero_healing": 0,
      "hero_hits": null,
      "hero_id": 27,
      "item_0": 37,
      "item_1": 218,
      "item_2": 29,
      "item_3": 40,
      "item_4": 226,
      "item_5": 1,
      "item_neutral": 675,
      "item_uses": null,
      "kill_streaks": null,
      "killed": null,
      "killed_by": null,
      "kills": 7,
      "kills_log": null,
      "lane_pos": null,
      "last_hits": 106,
      "leaver_status": 0,
      "level": 20,
      "lh_t": null,
      "life_state": null,
      "max_hero_hit": null,
      "multi_kills": null,
      "net_worth": 11886,
      "obs": null,
      "obs_left_log": null,
      "obs_log": null,
      "obs_placed": null,
      "party_id": 2,
      "party_size": 3,
      "performance_others": null,
      "permanent_buffs": [
        {
          "permanent_buff": 6,
          "stack_count": 4,
          "grant_time": 863
        },
        {
          "permanent_buff": 12,
          "stack_count": 0,
          "grant_time": 2147
        }
      ],
      "pings": null,
      "pred_vict": null,
      "purchase": null,
      "purchase_log": null,
      "randomed": null,
      "repicked": null,
      "roshans_killed": null,
      "rune_pickups": null,
      "runes": null,
      "runes_log": null,
      "sen": null,
      "sen_left_log": null,
      "sen_log": null,
      "sen_placed": null,
      "stuns": null,
      "teamfight_participation": null,
      "times": null,
      "tower_damage": 1070,
      "towers_killed": null,
      "xp_per_min": 461,
      "xp_reasons": null,
      "xp_t": null,
      "start_time": 1669912860,
      "duration": 2799,
      "cluster": 182,
      "lobby_type": 7,
      "game_mode": 22,
      "is_contributor": false,
      "patch": 51,
      "region": 8,
      "isRadiant": false,
      "total_gold": 16234,
      "total_xp": 21505,
      "kills_per_min": 0.15005359056806003,
      "kda": 2,
      "abandons": 0,
      "rank_tier": null,
      "is_subscriber": false,
      "cosmetics": [],
      "benchmarks": {
        "gold_per_min": {
          "raw": 348,
          "pct": 0.6111111111111112
        },
        "xp_per_min": {
          "raw": 461,
          "pct": 0.4444444444444444
        },
        "kills_per_min": {
          "raw": 0.15005359056806003,
          "pct": 0.8888888888888888
        },
        "last_hits_per_min": {
          "raw": 2.272240085744909,
          "pct": 0.7222222222222222
        },
        "hero_damage_per_min": {
          "raw": 492.7759914255092,
          "pct": 0.8888888888888888
        },
        "hero_healing_per_min": {
          "raw": 0,
          "pct": 0.7777777777777778
        },
        "tower_damage": {
          "raw": 1070,
          "pct": 0.3888888888888889
        },
        "stuns_per_min": {
          "raw": 0,
          "pct": 0
        },
        "lhten": {}
      }
    },
    {
      "player_slot": 129,
      "ability_targets": null,
      "ability_upgrades_arr": [
        7710,
        7701,
        6470,
        6470,
        7710,
        7705,
        6470,
        7710,
        6470,
        7710,
        7701,
        7705,
        7701,
        7701,
        7707,
        1070,
        7705,
        7706
      ],
      "ability_uses": null,
      "actions": null,
      "additional_units": null,
      "assists": 9,
      "backpack_0": 0,
      "backpack_1": 0,
      "backpack_2": 0,
      "backpack_3": null,
      "buyback_log": null,
      "camps_stacked": null,
      "connection_log": null,
      "creeps_stacked": null,
      "damage": null,
      "damage_inflictor": null,
      "damage_inflictor_received": null,
      "damage_taken": null,
      "damage_targets": null,
      "deaths": 10,
      "denies": 11,
      "dn_t": null,
      "firstblood_claimed": null,
      "gold": 912,
      "gold_per_min": 426,
      "gold_reasons": null,
      "gold_spent": 18290,
      "gold_t": null,
      "hero_damage": 34831,
      "hero_healing": 0,
      "hero_hits": null,
      "hero_id": 126,
      "item_0": 534,
      "item_1": 77,
      "item_2": 48,
      "item_3": 116,
      "item_4": 108,
      "item_5": 259,
      "item_neutral": 289,
      "item_uses": null,
      "kill_streaks": null,
      "killed": null,
      "killed_by": null,
      "kills": 10,
      "kills_log": null,
      "lane_pos": null,
      "last_hits": 190,
      "leaver_status": 0,
      "level": 23,
      "lh_t": null,
      "life_state": null,
      "max_hero_hit": null,
      "multi_kills": null,
      "net_worth": 16817,
      "obs": null,
      "obs_left_log": null,
      "obs_log": null,
      "obs_placed": null,
      "party_id": 2,
      "party_size": 3,
      "performance_others": null,
      "permanent_buffs": [],
      "pings": null,
      "pred_vict": null,
      "purchase": null,
      "purchase_log": null,
      "randomed": null,
      "repicked": null,
      "roshans_killed": null,
      "rune_pickups": null,
      "runes": null,
      "runes_log": null,
      "sen": null,
      "sen_left_log": null,
      "sen_log": null,
      "sen_placed": null,
      "stuns": null,
      "teamfight_participation": null,
      "times": null,
      "tower_damage": 0,
      "towers_killed": null,
      "xp_per_min": 653,
      "xp_reasons": null,
      "xp_t": null,
      "start_time": 1669912860,
      "duration": 2799,
      "cluster": 182,
      "lobby_type": 7,
      "game_mode": 22,
      "is_contributor": false,
      "patch": 51,
      "region": 8,
      "isRadiant": false,
      "total_gold": 19872,
      "total_xp": 30462,
      "kills_per_min": 0.21436227224008575,
      "kda": 1,
      "abandons": 0,
      "rank_tier": null,
      "is_subscriber": false,
      "cosmetics": [],
      "benchmarks": {
        "gold_per_min": {
          "raw": 426,
          "pct": 0.14285714285714285
        },
        "xp_per_min": {
          "raw": 653,
          "pct": 0.35714285714285715
        },
        "kills_per_min": {
          "raw": 0.21436227224008575,
          "pct": 0.2857142857142857
        },
        "last_hits_per_min": {
          "raw": 4.072883172561629,
          "pct": 0.2857142857142857
        },
        "hero_damage_per_min": {
          "raw": 746.6452304394427,
          "pct": 0.42857142857142855
        },
        "hero_healing_per_min": {
          "raw": 0,
          "pct": 0.6428571428571429
        },
        "tower_damage": {
          "raw": 0,
          "pct": 0.07142857142857142
        },
        "stuns_per_min": {
          "raw": 0,
          "pct": 0.6428571428571429
        },
        "lhten": {}
      }
    },
    {
      "player_slot": 130,
      "ability_targets": null,
      "ability_upgrades_arr": [
        7914,
        7902,
        7914,
        7918,
        7914,
        7906,
        7914,
        7918,
        7902,
        7941,
        7918,
        7918,
        7906,
        7902,
        7937,
        7902,
        7906,
        7940,
        7939
      ],
      "ability_uses": null,
      "actions": null,
      "additional_units": null,
      "assists": 16,
      "backpack_0": 86,
      "backpack_1": 111,
      "backpack_2": 0,
      "backpack_3": null,
      "buyback_log": null,
      "camps_stacked": null,
      "connection_log": null,
      "creeps_stacked": null,
      "damage": null,
      "damage_inflictor": null,
      "damage_inflictor_received": null,
      "damage_taken": null,
      "damage_targets": null,
      "deaths": 9,
      "denies": 7,
      "dn_t": null,
      "firstblood_claimed": null,
      "gold": 567,
      "gold_per_min": 527,
      "gold_reasons": null,
      "gold_spent": 21040,
      "gold_t": null,
      "hero_damage": 42612,
      "hero_healing": 3793,
      "hero_hits": null,
      "hero_id": 135,
      "item_0": 116,
      "item_1": 168,
      "item_2": 1,
      "item_3": 50,
      "item_4": 143,
      "item_5": 9,
      "item_neutral": 364,
      "item_uses": null,
      "kill_streaks": null,
      "killed": null,
      "killed_by": null,
      "kills": 13,
      "kills_log": null,
      "lane_pos": null,
      "last_hits": 271,
      "leaver_status": 0,
      "level": 25,
      "lh_t": null,
      "life_state": null,
      "max_hero_hit": null,
      "multi_kills": null,
      "net_worth": 19267,
      "obs": null,
      "obs_left_log": null,
      "obs_log": null,
      "obs_placed": null,
      "party_id": 2,
      "party_size": 3,
      "performance_others": null,
      "permanent_buffs": [
        {
          "permanent_buff": 12,
          "stack_count": 0,
          "grant_time": 1170
        }
      ],
      "pings": null,
      "pred_vict": null,
      "purchase": null,
      "purchase_log": null,
      "randomed": null,
      "repicked": null,
      "roshans_killed": null,
      "rune_pickups": null,
      "runes": null,
      "runes_log": null,
      "sen": null,
      "sen_left_log": null,
      "sen_log": null,
      "sen_placed": null,
      "stuns": null,
      "teamfight_participation": null,
      "times": null,
      "tower_damage": 722,
      "towers_killed": null,
      "xp_per_min": 773,
      "xp_reasons": null,
      "xp_t": null,
      "start_time": 1669912860,
      "duration": 2799,
      "cluster": 182,
      "lobby_type": 7,
      "game_mode": 22,
      "is_contributor": false,
      "patch": 51,
      "region": 8,
      "isRadiant": false,
      "total_gold": 24584,
      "total_xp": 36060,
      "kills_per_min": 0.2786709539121115,
      "kda": 2,
      "abandons": 0,
      "rank_tier": null,
      "is_subscriber": false,
      "cosmetics": [],
      "benchmarks": {
        "gold_per_min": {
          "raw": 527,
          "pct": 0.6875
        },
        "xp_per_min": {
          "raw": 773,
          "pct": 0.78125
        },
        "kills_per_min": {
          "raw": 0.27867095391211144,
          "pct": 0.6875
        },
        "last_hits_per_min": {
          "raw": 5.809217577706324,
          "pct": 0.53125
        },
        "hero_damage_per_min": {
          "raw": 913.4405144694534,
          "pct": 0.875
        },
        "hero_healing_per_min": {
          "raw": 81.30760986066451,
          "pct": 0.40625
        },
        "tower_damage": {
          "raw": 722,
          "pct": 0.59375
        },
        "stuns_per_min": {
          "raw": 0,
          "pct": 0
        },
        "lhten": {}
      }
    },
    {
      "player_slot": 131,
      "ability_targets": null,
      "ability_upgrades_arr": [
        5496,
        5495,
        5494,
        5494,
        5494,
        5497,
        5494,
        5496,
        6147,
        5495,
        5496,
        5497,
        5495,
        5496,
        921,
        5495,
        5497,
        814
      ],
      "ability_uses": null,
      "actions": null,
      "additional_units": null,
      "assists": 8,
      "backpack_0": 0,
      "backpack_1": 0,
      "backpack_2": 0,
      "backpack_3": null,
      "buyback_log": null,
      "camps_stacked": null,
      "connection_log": null,
      "creeps_stacked": null,
      "damage": null,
      "damage_inflictor": null,
      "damage_inflictor_received": null,
      "damage_taken": null,
      "damage_targets": null,
      "deaths": 7,
      "denies": 3,
      "dn_t": null,
      "firstblood_claimed": null,
      "gold": 877,
      "gold_per_min": 413,
      "gold_reasons": null,
      "gold_spent": 15890,
      "gold_t": null,
      "hero_damage": 18407,
      "hero_healing": 0,
      "hero_hits": null,
      "hero_id": 93,
      "item_0": 63,
      "item_1": 160,
      "item_2": 252,
      "item_3": 485,
      "item_4": 26,
      "item_5": 116,
      "item_neutral": 638,
      "item_uses": null,
      "kill_streaks": null,
      "killed": null,
      "killed_by": null,
      "kills": 6,
      "kills_log": null,
      "lane_pos": null,
      "last_hits": 219,
      "leaver_status": 0,
      "level": 24,
      "lh_t": null,
      "life_state": null,
      "max_hero_hit": null,
      "multi_kills": null,
      "net_worth": 16127,
      "obs": null,
      "obs_left_log": null,
      "obs_log": null,
      "obs_placed": null,
      "party_id": 3,
      "party_size": 2,
      "performance_others": null,
      "permanent_buffs": [
        {
          "permanent_buff": 8,
          "stack_count": 14,
          "grant_time": 717
        }
      ],
      "pings": null,
      "pred_vict": null,
      "purchase": null,
      "purchase_log": null,
      "randomed": null,
      "repicked": null,
      "roshans_killed": null,
      "rune_pickups": null,
      "runes": null,
      "runes_log": null,
      "sen": null,
      "sen_left_log": null,
      "sen_log": null,
      "sen_placed": null,
      "stuns": null,
      "teamfight_participation": null,
      "times": null,
      "tower_damage": 603,
      "towers_killed": null,
      "xp_per_min": 717,
      "xp_reasons": null,
      "xp_t": null,
      "start_time": 1669912860,
      "duration": 2799,
      "cluster": 182,
      "lobby_type": 7,
      "game_mode": 22,
      "is_contributor": false,
      "patch": 51,
      "region": 8,
      "isRadiant": false,
      "total_gold": 19266,
      "total_xp": 33448,
      "kills_per_min": 0.12861736334405144,
      "kda": 1,
      "abandons": 0,
      "rank_tier": null,
      "is_subscriber": false,
      "cosmetics": [],
      "benchmarks": {
        "gold_per_min": {
          "raw": 413,
          "pct": 0.09302325581395349
        },
        "xp_per_min": {
          "raw": 717,
          "pct": 0.46511627906976744
        },
        "kills_per_min": {
          "raw": 0.12861736334405144,
          "pct": 0.32558139534883723
        },
        "last_hits_per_min": {
          "raw": 4.694533762057878,
          "pct": 0.06976744186046512
        },
        "hero_damage_per_min": {
          "raw": 394.5766345123259,
          "pct": 0.20930232558139536
        },
        "hero_healing_per_min": {
          "raw": 0,
          "pct": 1
        },
        "tower_damage": {
          "raw": 603,
          "pct": 0.32558139534883723
        },
        "stuns_per_min": {
          "raw": 0,
          "pct": 0.6744186046511628
        },
        "lhten": {}
      }
    },
    {
      "player_slot": 132,
      "ability_targets": null,
      "ability_upgrades_arr": [
        5127,
        5128,
        5127,
        5128,
        5127,
        5129,
        5127,
        5128,
        5128,
        5126,
        5126,
        5129,
        5126,
        5126,
        772,
        956,
        5129,
        6520
      ],
      "ability_uses": null,
      "actions": null,
      "additional_units": null,
      "assists": 14,
      "backpack_0": 0,
      "backpack_1": 0,
      "backpack_2": 0,
      "backpack_3": null,
      "buyback_log": null,
      "camps_stacked": null,
      "connection_log": null,
      "creeps_stacked": null,
      "damage": null,
      "damage_inflictor": null,
      "damage_inflictor_received": null,
      "damage_taken": null,
      "damage_targets": null,
      "deaths": 18,
      "denies": 12,
      "dn_t": null,
      "firstblood_claimed": null,
      "gold": 1207,
      "gold_per_min": 295,
      "gold_reasons": null,
      "gold_spent": 10090,
      "gold_t": null,
      "hero_damage": 37071,
      "hero_healing": 0,
      "hero_hits": null,
      "hero_id": 5,
      "item_0": 214,
      "item_1": 102,
      "item_2": 43,
      "item_3": 116,
      "item_4": 0,
      "item_5": 36,
      "item_neutral": 585,
      "item_uses": null,
      "kill_streaks": null,
      "killed": null,
      "killed_by": null,
      "kills": 6,
      "kills_log": null,
      "lane_pos": null,
      "last_hits": 65,
      "leaver_status": 0,
      "level": 21,
      "lh_t": null,
      "life_state": null,
      "max_hero_hit": null,
      "multi_kills": null,
      "net_worth": 10382,
      "obs": null,
      "obs_left_log": null,
      "obs_log": null,
      "obs_placed": null,
      "party_id": 3,
      "party_size": 2,
      "performance_others": null,
      "permanent_buffs": [
        {
          "permanent_buff": 12,
          "stack_count": 0,
          "grant_time": 1689
        }
      ],
      "pings": null,
      "pred_vict": null,
      "purchase": null,
      "purchase_log": null,
      "randomed": null,
      "repicked": null,
      "roshans_killed": null,
      "rune_pickups": null,
      "runes": null,
      "runes_log": null,
      "sen": null,
      "sen_left_log": null,
      "sen_log": null,
      "sen_placed": null,
      "stuns": null,
      "teamfight_participation": null,
      "times": null,
      "tower_damage": 77,
      "towers_killed": null,
      "xp_per_min": 507,
      "xp_reasons": null,
      "xp_t": null,
      "personaname": "Ирбитский",
      "name": null,
      "last_login": "2019-09-27T10:27:35.448Z",
      "start_time": 1669912860,
      "duration": 2799,
      "cluster": 182,
      "lobby_type": 7,
      "game_mode": 22,
      "is_contributor": false,
      "patch": 51,
      "region": 8,
      "isRadiant": false,
      "total_gold": 13761,
      "total_xp": 23651,
      "kills_per_min": 0.12861736334405144,
      "kda": 1,
      "abandons": 0,
      "rank_tier": 13,
      "is_subscriber": false,
      "cosmetics": [],
      "benchmarks": {
        "gold_per_min": {
          "raw": 295,
          "pct": 0.525
        },
        "xp_per_min": {
          "raw": 507,
          "pct": 0.75
        },
        "kills_per_min": {
          "raw": 0.12861736334405144,
          "pct": 0.675
        },
        "last_hits_per_min": {
          "raw": 1.3933547695605573,
          "pct": 0.65
        },
        "hero_damage_per_min": {
          "raw": 794.6623794212219,
          "pct": 1
        },
        "hero_healing_per_min": {
          "raw": 0,
          "pct": 0.875
        },
        "tower_damage": {
          "raw": 77,
          "pct": 0.5
        },
        "stuns_per_min": {
          "raw": 0,
          "pct": 0.025
        },
        "lhten": {}
      }
    }
  ],
  "patch": 51,
  "region": 8
}