{
  "chat": null,
  "cluster": 251,
  "cosmetics": null,
  "dire_score": 62,
  "dire_team_id": null,
  "draft_timings": null,
  "duration": 3347,
  "engine": 1,
  "first_blood_time": 82,
  "game_mode": 22,
  "human_players": 10,
  "leagueid": 0,
  "lobby_type": 7,
  "match_seq_num": 5780394649,
  "negative_votes": 0,
  "objectives": null,
  "picks_bans": [
    {
      "is_pick": true,
      "hero_id": 14,
      "team": 0,
      "order": 0
    },
    {
      "is_pick": true,
      "hero_id": 7,
      "team": 1,
      "order": 1
    },
    {
      "is_pick": true,
      "hero_id": 53,
      "team": 1,
      "order": 2
    },
    {
      "is_pick": true,
      "hero_id": 99,
      "team": 0,
      "order": 3
    },
    {
      "is_pick": true,
      "hero_id": 68,
      "team": 0,
      "order": 4
    },
    {
      "is_pick": true,
      "hero_id": 59,
      "team": 0,
      "order": 5
    },
    {
      "is_pick": true,
      "hero_id": 40,
      "team": 0,
      "order": 6
    },
    {
      "is_pick": true,
      "hero_id": 26,
      "team": 1,
      "order": 7
    },
    {
      "is_pick": true,
      "hero_id": 36,
      "team": 1,
      "order": 8
    },
    {
      "is_pick": true,
      "hero_id": 54,
      "team": 0,
      "order": 9
    },
    {
      "is_pick": true,
      "hero_id": 76,
      "team": 1,
      "order": 10
    },
    {
      "is_pick": false,
      "hero_id": 47,
      "team": 0,
      "order": 11
    },
    {
      "is_pick": false,
      "hero_id": 104,
      "team": 0,
      "order": 12
    }
  ],
  "positive_votes": 0,
  "radiant_gold_adv": null,
  "radiant_score": 42,
  "radiant_team_id": null,
  "radiant_xp_adv": null,
  "skill": null,
  "start_time": 1669912347,
  "teamfights": null,
  "version": null,
  "replay_salt": 783574451,
  "series_id": 0,
  "series_type": 0,
  "players": [
    {
      "player_slot": 0,
      "ability_targets": null,
      "ability_upgrades_arr": [
        631,
        5250,
        5249,
        631,
        631,
        5252,
        5250,
        631,
        5250,
        6676,
        5250,
        5252,
        5249,
        5249,
        6423,
        5249,
        5252,
        709,
        6173,
        1033
      ],
      "ability_uses": null,
      "actions": null,
      "additional_units": null,
      "assists": 14,
      "backpack_0": 151,
      "backpack_1": 0,
      "backpack_2": 0,
      "backpack_3": null,
      "buyback_log": null,
      "camps_stacked": null,
      "connection_log": null,
      "creeps_stacked": null,
      "damage": null,
      "damage_inflictor": null,
      "damage_inflictor_received": null,
      "damage_taken": null,
      "damage_targets": null,
      "deaths": 15,
      "denies": 13,
      "dn_t": null,
      "firstblood_claimed": null,
      "gold": 1956,
      "gold_per_min": 574,
      "gold_reasons": null,
      "gold_spent": 26895,
      "gold_t": null,
      "hero_damage": 34364,
      "hero_healing": 0,
      "hero_hits": null,
      "hero_id": 54,
      "item_0": 135,
      "item_1": 147,
      "item_2": 208,
      "item_3": 168,
      "item_4": 50,
      "item_5": 11,
      "item_neutral": 309,
      "item_uses": null,
      "kill_streaks": null,
      "killed": null,
      "killed_by": null,
      "kills": 8,
      "kills_log": null,
      "lane_pos": null,
      "last_hits": 410,
      "leaver_status": 0,
      "level": 27,
      "lh_t": null,
      "life_state": null,
      "max_hero_hit": null,
      "multi_kills": null,
      "net_worth": 26981,
      "obs": null,
      "obs_left_log": null,
      "obs_log": null,
      "obs_placed": null,
      "party_id": 0,
      "party_size": 1,
      "performance_others": null,
      "permanent_buffs": [
        {
          "permanent_buff": 12,
          "stack_count": 0,
          "grant_time": 3447
        }
      ],
      "pings": null,
      "pred_vict": null,
      "purchase": null,
      "purchase_log": null,
      "randomed": null,
      "repicked": null,
      "roshans_killed": null,
      "rune_pickups": null,
      "runes": null,
      "runes_log": null,
      "sen": null,
      "sen_left_log": null,
      "sen_log": null,
      "sen_placed": null,
      "stuns": null,
      "teamfight_participation": null,
      "times": null,
      "tower_damage": 3317,
      "towers_killed": null,
      "xp_per_min": 702,
      "xp_reasons": null,
      "xp_t": null,
      "start_time": 1669912347,
      "duration": 3347,
      "cluster": 251,
      "lobby_type": 7,
      "game_mode": 22,
      "is_contributor": false,
      "patch": 51,
      "region": 15,
      "isRadiant": true,
      "total_gold": 32019,
      "total_xp": 39159,
      "kills_per_min": 0.14341201075590082,
      "kda": 1,
      "abandons": 0,
      "rank_tier": null,
      "is_subscriber": false,
      "cosmetics": [],
      "benchmarks": {
        "gold_per_min": {
          "raw": 574,
          "pct": 0.3870967741935484
        },
        "xp_per_min": {
          "raw": 702,
          "pct": 0.16129032258064516
        },
        "kills_per_min": {
          "raw": 0.1434120107559008,
          "pct": 0.16129032258064516
        },
        "last_hits_per_min": {
          "raw": 7.349865551239916,
          "pct": 0.5161290322580645
        },
        "hero_damage_per_min": {
          "raw": 616.026292201972,
          "pct": 0.3548387096774194
        },
        "hero_healing_per_min": {
          "raw": 0,
          "pct": 0.41935483870967744
        },
        "tower_damage": {
          "raw": 3317,
          "pct": 0.22580645161290322
        },
        "stuns_per_min": {
          "raw": 0,
          "pct": 0.3225806451612903
        },
        "lhten": {}
      }
    },
    {
      "player_slot": 1,
      "ability_targets": null,
      "ability_upgrades_arr": [
        5272,
        5273,
        5273,
        7300,
        5272,
        5273,
        5274,
        5273,
        5272,
        5272,
        7300,
        5274,
        7300,
        7300,
        6380,
        6655,
        5274,
        462
      ],
      "ability_uses": null,
      "actions": null,
      "additional_units": null,
      "assists": 11,
      "backpack_0": 44,
      "backpack_1": 0,
      "backpack_2": 0,
      "backpack_3": null,
      "buyback_log": null,
      "camps_stacked": null,
      "connection_log": null,
      "creeps_stacked": null,
      "damage": null,
      "damage_inflictor": null,
      "damage_inflictor_received": null,
      "damage_taken": null,
      "damage_targets": null,
      "deaths": 17,
      "denies": 13,
      "dn_t": null,
      "firstblood_claimed": null,
      "gold": 1583,
      "gold_per_min": 419,
      "gold_reasons": null,
      "gold_spent": 20590,
      "gold_t": null,
      "hero_damage": 42063,
      "hero_healing": 0,
      "hero_hits": null,
      "hero_id": 59,
      "item_0": 210,
      "item_1": 1,
      "item_2": 116,
      "item_3": 151,
      "item_4": 53,
      "item_5": 0,
      "item_neutral": 837,
      "item_uses": null,
      "kill_streaks": null,
      "killed": null,
      "killed_by": null,
      "kills": 7,
      "kills_log": null,
      "lane_pos": null,
      "last_hits": 225,
      "leaver_status": 0,
      "level": 23,
      "lh_t": null,
      "life_state": null,
      "max_hero_hit": null,
      "multi_kills": null,
      "net_worth": 18323,
      "obs": null,
      "obs_left_log": null,
      "obs_log": null,
      "obs_placed": null,
      "party_id": 1,
      "party_size": 1,
      "performance_others": null,
      "permanent_buffs": [
        {
          "permanent_buff": 12,
          "stack_count": 0,
          "grant_time": 2149
        }
      ],
      "pings": null,
      "pred_vict": null,
      "purchase": null,
      "purchase_log": null,
      "randomed": null,
      "repicked": null,
      "roshans_killed": null,
      "rune_pickups": null,
      "runes": null,
      "runes_log": null,
      "sen": null,
      "sen_left_log": null,
      "sen_log": null,
      "sen_placed": null,
      "stuns": null,
      "teamfight_participation": null,
      "times": null,
      "tower_damage": 1883,
      "towers_killed": null,
      "xp_per_min": 562,
      "xp_reasons": null,
      "xp_t": null,
      "start_time": 1669912347,
      "duration": 3347,
      "cluster": 251,
      "lobby_type": 7,
      "game_mode": 22,
      "is_contributor": false,
      "patch": 51,
      "region": 15,
      "isRadiant": true,
      "total_gold": 23373,
      "total_xp": 31350,
      "kills_per_min": 0.1254855094114132,
      "kda": 1,
      "abandons": 0,
      "rank_tier": null,
      "is_subscriber": false,
      "cosmetics": [],
      "benchmarks": {
        "gold_per_min": {
          "raw": 419,
          "pct": 0.25
        },
        "xp_per_min": {
          "raw": 562,
          "pct": 0.25
        },
        "kills_per_min": {
          "raw": 0.1254855094114132,
          "pct": 0.25
        },
        "last_hits_per_min": {
          "raw": 4.03346280250971,
          "pct": 0.25
        },
        "hero_damage_per_min": {
          "raw": 754.042426053182,
          "pct": 0.625
        },
        "hero_healing_per_min": {
          "raw": 0,
          "pct": 1
        },
        "tower_damage": {
          "raw": 1883,
          "pct": 0.5
        },
        "stuns_per_min": {
          "raw": 0,
          "pct": 0.5
        },
        "lhten": {}
      }
    },
    {
      "player_slot": 2,
      "ability_targets": null,
      "ability_upgrades_arr": [
        5549,
        5550,
        5549,
        5548,
        5549,
        5551,
        5550,
        5549,
        5550,
        5548,
        7132,
        5551,
        5550,
        5548,
        1079,
        5548,
        5551,
        6079,
        434,
        5938
      ],
      "ability_uses": null,
      "actions": null,
      "additional_units": null,
      "assists": 13,
      "backpack_0": 0,
      "backpack_1": 0,
      "backpack_2": 0,
      "backpack_3": null,
      "buyback_log": null,
      "camps_stacked": null,
      "connection_log": null,
      "creeps_stacked": null,
      "damage": null,
      "damage_inflictor": null,
      "damage_inflictor_received": null,
      "damage_taken": null,
      "damage_targets": null,
      "deaths": 6,
      "denies": 21,
      "dn_t": null,
      "firstblood_claimed": null,
      "gold": 5231,
      "gold_per_min": 517,
      "gold_reasons": null,
      "gold_spent": 22825,
      "gold_t": null,
      "hero_damage": 42873,
      "hero_healing": 0,
      "hero_hits": null,
      "hero_id": 99,
      "item_0": 127,
      "item_1": 50,
      "item_2": 235,
      "item_3": 114,
      "item_4": 242,
      "item_5": 692,
      "item_neutral": 571,
      "item_uses": null,
      "kill_streaks": null,
      "killed": null,
      "killed_by": null,
      "kills": 10,
      "kills_log": null,
      "lane_pos": null,
      "last_hits": 326,
      "leaver_status": 0,
      "level": 27,
      "lh_t": null,
      "life_state": null,
      "max_hero_hit": null,
      "multi_kills": null,
      "net_worth": 26006,
      "obs": null,
      "obs_left_log": null,
      "obs_log": null,
      "obs_placed": null,
      "party_id": 2,
      "party_size": 1,
      "performance_others": null,
      "permanent_buffs": [
        {
          "permanent_buff": 6,
          "stack_count": 2,
          "grant_time": 1599
        }
      ],
      "pings": null,
      "pred_vict": null,
      "purchase": null,
      "purchase_log": null,
      "randomed": null,
      "repicked": null,
      "roshans_killed": null,
      "rune_pickups": null,
      "runes": null,
      "runes_log": null,
      "sen": null,
      "sen_left_log": null,
      "sen_log": null,
      "sen_placed": null,
      "stuns": null,
      "teamfight_participation": null,
      "times": null,
      "tower_damage": 1405,
      "towers_killed": null,
      "xp_per_min": 769,
      "xp_reasons": null,
      "xp_t": null,
      "start_time": 1669912347,
      "duration": 3347,
      "cluster": 251,
      "lobby_type": 7,
      "game_mode": 22,
      "is_contributor": false,
      "patch": 51,
      "region": 15,
      "isRadiant": true,
      "total_gold": 28839,
      "total_xp": 42897,
      "kills_per_min": 0.17926501344487603,
      "kda": 3,
      "abandons": 0,
      "rank_tier": null,
      "is_subscriber": false,
      "cosmetics": [],
      "benchmarks": {
        "gold_per_min": {
          "raw": 517,
          "pct": 0.7142857142857143
        },
        "xp_per_min": {
          "raw": 769,
          "pct": 0.8571428571428571
        },
        "kills_per_min": {
          "raw": 0.17926501344487603,
          "pct": 0.7142857142857143
        },
        "last_hits_per_min": {
          "raw": 5.844039438302958,
          "pct": 0.5714285714285714
        },
        "hero_damage_per_min": {
          "raw": 768.5628921422169,
          "pct": 0.7857142857142857
        },
        "hero_healing_per_min": {
          "raw": 0,
          "pct": 1
        },
        "tower_damage": {
          "raw": 1405,
          "pct": 0.42857142857142855
        },
        "stuns_per_min": {
          "raw": 0,
          "pct": 0.7142857142857143
        },
        "lhten": {}
      }
    },
    {
      "player_slot": 3,
      "ability_targets": null,
      "ability_upgrades_arr": [
        5179,
        5178,
        5179,
        5180,
        5179,
        5181,
        5179,
        5178,
        5178,
        5180,
        5178,
        5181,
        5180,
        5180,
        6979,
        5181,
        6532,
        1083
      ],
      "ability_uses": null,
      "actions": null,
      "additional_units": null,
      "assists": 12,
      "backpack_0": 60,
      "backpack_1": 0,
      "backpack_2": 0,
      "backpack_3": null,
      "buyback_log": null,
      "camps_stacked": null,
      "connection_log": null,
      "creeps_stacked": null,
      "damage": null,
      "damage_inflictor": null,
      "damage_inflictor_received": null,
      "damage_taken": null,
      "damage_targets": null,
      "deaths": 8,
      "denies": 12,
      "dn_t": null,
      "firstblood_claimed": null,
      "gold": 2181,
      "gold_per_min": 442,
      "gold_reasons": null,
      "gold_spent": 19080,
      "gold_t": null,
      "hero_damage": 54731,
      "hero_healing": 0,
      "hero_hits": null,
      "hero_id": 40,
      "item_0": 48,
      "item_1": 36,
      "item_2": 226,
      "item_3": 244,
      "item_4": 206,
      "item_5": 263,
      "item_neutral": 573,
      "item_uses": null,
      "kill_streaks": null,
      "killed": null,
      "killed_by": null,
      "kills": 11,
      "kills_log": null,
      "lane_pos": null,
      "last_hits": 227,
      "leaver_status": 0,
      "level": 24,
      "lh_t": null,
      "life_state": null,
      "max_hero_hit": null,
      "multi_kills": null,
      "net_worth": 19231,
      "obs": null,
      "obs_left_log": null,
      "obs_log": null,
      "obs_placed": null,
      "party_id": 3,
      "party_size": 1,
      "performance_others": null,
      "permanent_buffs": [
        {
          "permanent_buff": 12,
          "stack_count": 0,
          "grant_time": 2997
        }
      ],
      "pings": null,
      "pred_vict": null,
      "purchase": null,
      "purchase_log": null,
      "randomed": null,
      "repicked": null,
      "roshans_killed": null,
      "rune_pickups": null,
      "runes": null,
      "runes_log": null,
      "sen": null,
      "sen_left_log": null,
      "sen_log": null,
      "sen_placed": null,
      "stuns": null,
      "teamfight_participation": null,
      "times": null,
      "tower_damage": 785,
      "towers_killed": null,
      "xp_per_min": 589,
      "xp_reasons": null,
      "xp_t": null,
      "start_time": 1669912347,
      "duration": 3347,
      "cluster": 251,
      "lobby_type": 7,
      "game_mode": 22,
      "is_contributor": false,
      "patch": 51,
      "region": 15,
      "isRadiant": true,
      "total_gold": 24656,
      "total_xp": 32856,
      "kills_per_min": 0.19719151478936361,
      "kda": 2,
      "abandons": 0,
      "rank_tier": null,
      "is_subscriber": false,
      "cosmetics": [],
      "benchmarks": {
        "gold_per_min": {
          "raw": 442,
          "pct": 0.75
        },
        "xp_per_min": {
          "raw": 589,
          "pct": 0.5
        },
        "kills_per_min": {
          "raw": 0.1971915147893636,
          "pct": 0.875
        },
        "last_hits_per_min": {
          "raw": 4.069315805198686,
          "pct": 0.75
        },
        "hero_damage_per_min": {
          "raw": 981.1353450851509,
          "pct": 0.875
        },
        "hero_healing_per_min": {
          "raw": 0,
          "pct": 0.375
        },
        "tower_damage": {
          "raw": 785,
          "pct": 0.375
        },
        "stuns_per_min": {
          "raw": 0,
          "pct": 0.625
        },
        "lhten": {}
      }
    },
    {
      "player_slot": 4,
      "ability_targets": null,
      "ability_upgrades_arr": [
        5345,
        5347,
        5345,
        5347,
        5345,
        5348,
        5345,
        5346,
        5346,
        5346,
        5348,
        5346,
        5347,
        7652,
        5347,
        6352,
        5348,
        6534
      ],
      "ability_uses": null,
      "actions": null,
      "additional_units": null,
      "assists": 17,
      "backpack_0": 42,
      "backpack_1": 0,
      "backpack_2": 0,
      "backpack_3": null,
      "buyback_log": null,
      "camps_stacked": null,
      "connection_log": null,
      "creeps_stacked": null,
      "damage": null,
      "damage_inflictor": null,
      "damage_inflictor_received": null,
      "damage_taken": null,
      "damage_targets": null,
      "deaths": 16,
      "denies": 3,
      "dn_t": null,
      "firstblood_claimed": null,
      "gold": 1191,
      "gold_per_min": 412,
      "gold_reasons": null,
      "gold_spent": 18380,
      "gold_t": null,
      "hero_damage": 36564,
      "hero_healing": 0,
      "hero_hits": null,
      "hero_id": 68,
      "item_0": 254,
      "item_1": 235,
      "item_2": 48,
      "item_3": 102,
      "item_4": 41,
      "item_5": 206,
      "item_neutral": 289,
      "item_uses": null,
      "kill_streaks": null,
      "killed": null,
      "killed_by": null,
      "kills": 5,
      "kills_log": null,
      "lane_pos": null,
      "last_hits": 152,
      "leaver_status": 0,
      "level": 24,
      "lh_t": null,
      "life_state": null,
      "max_hero_hit": null,
      "multi_kills": null,
      "net_worth": 17941,
      "obs": null,
      "obs_left_log": null,
      "obs_log": null,
      "obs_placed": null,
      "party_id": 4,
      "party_size": 1,
      "performance_others": null,
      "permanent_buffs": [
        {
          "permanent_buff": 6,
          "stack_count": 3,
          "grant_time": 906
        },
        {
          "permanent_buff": 12,
          "stack_count": 0,
          "grant_time": 1246
        }
      ],
      "pings": null,
      "pred_vict": null,
      "purchase": null,
      "purchase_log": null,
      "randomed": null,
      "repicked": null,
      "roshans_killed": null,
      "rune_pickups": null,
      "runes": null,
      "runes_log": null,
      "sen": null,
      "sen_left_log": null,
      "sen_log": null,
      "sen_placed": null,
      "stuns": null,
      "teamfight_participation": null,
      "times": null,
      "tower_damage": 1033,
      "towers_killed": null,
      "xp_per_min": 572,
      "xp_reasons": null,
      "xp_t": null,
      "start_time": 1669912347,
      "duration": 3347,
      "cluster": 251,
      "lobby_type": 7,
      "game_mode": 22,
      "is_contributor": false,
      "patch": 51,
      "region": 15,
      "isRadiant": true,
      "total_gold": 22982,
      "total_xp": 31908,
      "kills_per_min": 0.08963250672243801,
      "kda": 1,
      "abandons": 0,
      "rank_tier": null,
      "is_subscriber": false,
      "cosmetics": [],
      "benchmarks": {
        "gold_per_min": {
          "raw": 412,
          "pct": 0.7857142857142857
        },
        "xp_per_min": {
          "raw": 572,
          "pct": 0.5
        },
        "kills_per_min": {
          "raw": 0.08963250672243801,
          "pct": 0.21428571428571427
        },
        "last_hits_per_min": {
          "raw": 2.7248282043621153,
          "pct": 0.7857142857142857
        },
        "hero_damage_per_min": {
          "raw": 655.4645951598446,
          "pct": 0.6428571428571429
        },
        "hero_healing_per_min": {
          "raw": 0,
          "pct": 0.7857142857142857
        },
        "tower_damage": {
          "raw": 1033,
          "pct": 0.5714285714285714
        },
        "stuns_per_min": {
          "raw": 0,
          "pct": 0
        },
        "lhten": {}
      }
    },
    {
      "player_slot": 128,
      "ability_targets": null,
      "ability_upgrades_arr": [
        5159,
        5158,
        5159,
        5158,
        5159,
        5161,
        5159,
        5160,
        5158,
        820,
        5158,
        5161,
        5160,
        5160,
        7110,
        5160,
        5161,
        350,
        6703,
        1049,
        7111,
        1050,
        6010
      ],
      "ability_uses": null,
      "actions": null,
      "additional_units": null,
      "assists": 22,
      "backpack_0": 0,
      "backpack_1": 0,
      "backpack_2": 0,
      "backpack_3": null,
      "buyback_log": null,
      "camps_stacked": null,
      "connection_log": null,
      "creeps_stacked": null,
      "damage": null,
      "damage_inflictor": null,
      "damage_inflictor_received": null,
      "damage_taken": null,
      "damage_targets": null,
      "deaths": 10,
      "denies": 0,
      "dn_t": null,
      "firstblood_claimed": null,
      "gold": 7948,
      "gold_per_min": 739,
      "gold_reasons": null,
      "gold_spent": 31950,
      "gold_t": null,
      "hero_damage": 104317,
      "hero_healing": 5545,
      "hero_hits": null,
      "hero_id": 36,
      "item_0": 127,
      "item_1": 226,
      "item_2": 137,
      "item_3": 220,
      "item_4": 273,
      "item_5": 114,
      "item_neutral": 300,
      "item_uses": null,
      "kill_streaks": null,
      "killed": null,
      "killed_by": null,
      "kills": 20,
      "kills_log": null,
      "lane_pos": null,
      "last_hits": 279,
      "leaver_status": 0,
      "level": 30,
      "lh_t": null,
      "life_state": null,
      "max_hero_hit": null,
      "multi_kills": null,
      "net_worth": 39748,
      "obs": null,
      "obs_left_log": null,
      "obs_log": null,
      "obs_placed": null,
      "party_id": 5,
      "party_size": 1,
      "performance_others": null,
      "permanent_buffs": [
        {
          "permanent_buff": 2,
          "stack_count": 0,
          "grant_time": 3287
        },
        {
          "permanent_buff": 6,
          "stack_count": 2,
          "grant_time": 945
        },
        {
          "permanent_buff": 12,
          "stack_count": 0,
          "grant_time": 1550
        },
        {
          "permanent_buff": 14,
          "stack_count": 14,
          "grant_time": 906
        }
      ],
      "pings": null,
      "pred_vict": null,
      "purchase": null,
      "purchase_log": null,
      "randomed": null,
      "repicked": null,
      "roshans_killed": null,
      "rune_pickups": null,
      "runes": null,
      "runes_log": null,
      "sen": null,
      "sen_left_log": null,
      "sen_log": null,
      "sen_placed": null,
      "stuns": null,
      "teamfight_participation": null,
      "times": null,
      "tower_damage": 2992,
      "towers_killed": null,
      "xp_per_min": 913,
      "xp_reasons": null,
      "xp_t": null,
      "start_time": 1669912347,
      "duration": 3347,
      "cluster": 251,
      "lobby_type": 7,
      "game_mode": 22,
      "is_contributor": false,
      "patch": 51,
      "region": 15,
      "isRadiant": false,
      "total_gold": 41223,
      "total_xp": 50930,
      "kills_per_min": 0.35853002688975205,
      "kda": 3,
      "abandons": 0,
      "rank_tier": null,
      "is_subscriber": false,
      "cosmetics": [],
      "benchmarks": {
        "gold_per_min": {
          "raw": 739,
          "pct": 1
        },
        "xp_per_min": {
          "raw": 913,
          "pct": 0.9230769230769231
        },
        "kills_per_min": {
          "raw": 0.35853002688975205,
          "pct": 0.8076923076923077
        },
        "last_hits_per_min": {
          "raw": 5.001493875112041,
          "pct": 0.38461538461538464
        },
        "hero_damage_per_min": {
          "raw": 1870.038840752913,
          "pct": 1
        },
        "hero_healing_per_min": {
          "raw": 99.40244995518374,
          "pct": 0.3076923076923077
        },
        "tower_damage": {
          "raw": 2992,
          "pct": 0.8076923076923077
        },
        "stuns_per_min": {
          "raw": 0,
          "pct": 0
        },
        "lhten": {}
      }
    },
    {
      "player_slot": 129,
      "ability_targets": null,
      "ability_upgrades_arr": [
        5023,
        5024,
        5025,
        5024,
        5024,
        5026,
        5025,
        5024,
        5025,
        5025,
        5023,
        5026,
        5023,
        5023,
        744,
        918,
        5026,
        6511,
        6035
      ],
      "ability_uses": null,
      "actions": null,
      "additional_units": null,
      "assists": 21,
      "backpack_0": 0,
      "backpack_1": 0,
      "backpack_2": 0,
      "backpack_3": null,
      "buyback_log": null,
      "camps_stacked": null,
      "connection_log": null,
      "creeps_stacked": null,
      "damage": null,
      "damage_inflictor": null,
      "damage_inflictor_received": null,
      "damage_taken": null,
      "damage_targets": null,
      "deaths": 10,
      "denies": 2,
      "dn_t": null,
      "firstblood_claimed": null,
      "gold": 3502,
      "gold_per_min": 407,
      "gold_reasons": null,
      "gold_spent": 18605,
      "gold_t": null,
      "hero_damage": 24288,
      "hero_healing": 0,
      "hero_hits": null,
      "hero_id": 7,
      "item_0": 1,
      "item_1": 48,
      "item_2": 0,
      "item_3": 119,
      "item_4": 249,
      "item_5": 34,
      "item_neutral": 311,
      "item_uses": null,
      "kill_streaks": null,
      "killed": null,
      "killed_by": null,
      "kills": 7,
      "kills_log": null,
      "lane_pos": null,
      "last_hits": 99,
      "leaver_status": 0,
      "level": 26,
      "lh_t": null,
      "life_state": null,
      "max_hero_hit": null,
      "multi_kills": null,
      "net_worth": 20152,
      "obs": null,
      "obs_left_log": null,
      "obs_log": null,
      "obs_placed": null,
      "party_id": 6,
      "party_size": 1,
      "performance_others": null,
      "permanent_buffs": [
        {
          "permanent_buff": 12,
          "stack_count": 0,
          "grant_time": 2219
        }
      ],
      "pings": null,
      "pred_vict": null,
      "purchase": null,
      "purchase_log": null,
      "randomed": null,
      "repicked": null,
      "roshans_killed": null,
      "rune_pickups": null,
      "runes": null,
      "runes_log": null,
      "sen": null,
      "sen_left_log": null,
      "sen_log": null,
      "sen_placed": null,
      "stuns": null,
      "teamfight_participation": null,
      "times": null,
      "tower_damage": 1683,
      "towers_killed": null,
      "xp_per_min": 699,
      "xp_reasons": null,
      "xp_t": null,
      "start_time": 1669912347,
      "duration": 3347,
      "cluster": 251,
      "lobby_type": 7,
      "game_mode": 22,
      "is_contributor": false,
      "patch": 51,
      "region": 15,
      "isRadiant": false,
      "total_gold": 22703,
      "total_xp": 38992,
      "kills_per_min": 0.1254855094114132,
      "kda": 2,
      "abandons": 0,
      "rank_tier": null,
      "is_subscriber": false,
      "cosmetics": [],
      "benchmarks": {
        "gold_per_min": {
          "raw": 407,
          "pct": 0.5666666666666667
        },
        "xp_per_min": {
          "raw": 699,
          "pct": 0.6666666666666666
        },
        "kills_per_min": {
          "raw": 0.1254855094114132,
          "pct": 0.4666666666666667
        },
        "last_hits_per_min": {
          "raw": 1.7747236331042724,
          "pct": 0.36666666666666664
        },
        "hero_damage_per_min": {
          "raw": 435.39886465491486,
          "pct": 0.3
        },
        "hero_healing_per_min": {
          "raw": 0,
          "pct": 0.8666666666666667
        },
        "tower_damage": {
          "raw": 1683,
          "pct": 0.7333333333333333
        },
        "stuns_per_min": {
          "raw": 0,
          "pct": 0
        },
        "lhten": {}
      }
    },
    {
      "player_slot": 130,
      "ability_targets": null,
      "ability_upgrades_arr": [
        5044,
        5045,
        5044,
        5045,
        5044,
        5047,
        5046,
        5044,
        5046,
        5046,
        5045,
        5047,
        6600,
        5045,
        781,
        5046,
        5047,
        541,
        6678,
        465
      ],
      "ability_uses": null,
      "actions": null,
      "additional_units": null,
      "assists": 16,
      "backpack_0": 0,
      "backpack_1": 0,
      "backpack_2": 0,
      "backpack_3": null,
      "buyback_log": null,
      "camps_stacked": null,
      "connection_log": null,
      "creeps_stacked": null,
      "damage": null,
      "damage_inflictor": null,
      "damage_inflictor_received": null,
      "damage_taken": null,
      "damage_targets": null,
      "deaths": 10,
      "denies": 1,
      "dn_t": null,
      "firstblood_claimed": null,
      "gold": 4869,
      "gold_per_min": 483,
      "gold_reasons": null,
      "gold_spent": 19705,
      "gold_t": null,
      "hero_damage": 35394,
      "hero_healing": 0,
      "hero_hits": null,
      "hero_id": 26,
      "item_0": 48,
      "item_1": 43,
      "item_2": 108,
      "item_3": 176,
      "item_4": 102,
      "item_5": 256,
      "item_neutral": 675,
      "item_uses": null,
      "kill_streaks": null,
      "killed": null,
      "killed_by": null,
      "kills": 15,
      "kills_log": null,
      "lane_pos": null,
      "last_hits": 96,
      "leaver_status": 0,
      "level": 28,
      "lh_t": null,
      "life_state": null,
      "max_hero_hit": null,
      "multi_kills": null,
      "net_worth": 21469,
      "obs": null,
      "obs_left_log": null,
      "obs_log": null,
      "obs_placed": null,
      "party_id": 7,
      "party_size": 1,
      "performance_others": null,
      "permanent_buffs": [
        {
          "permanent_buff": 7,
          "stack_count": 19,
          "grant_time": 605
        }
      ],
      "pings": null,
      "pred_vict": null,
      "purchase": null,
      "purchase_log": null,
      "randomed": null,
      "repicked": null,
      "roshans_killed": null,
      "rune_pickups": null,
      "runes": null,
      "runes_log": null,
      "sen": null,
      "sen_left_log": null,
      "sen_log": null,
      "sen_placed": null,
      "stuns": null,
      "teamfight_participation": null,
      "times": null,
      "tower_damage": 802,
      "towers_killed": null,
      "xp_per_min": 787,
      "xp_reasons": null,
      "xp_t": null,
      "start_time": 1669912347,
      "duration": 3347,
      "cluster": 251,
      "lobby_type": 7,
      "game_mode": 22,
      "is_contributor": false,
      "patch": 51,
      "region": 15,
      "isRadiant": false,
      "total_gold": 26943,
      "total_xp": 43901,
      "kills_per_min": 0.268897520167314,
      "kda": 2,
      "abandons": 0,
      "rank_tier": null,
      "is_subscriber": false,
      "cosmetics": [],
      "benchmarks": {
        "gold_per_min": {
          "raw": 483,
          "pct": 0.96875
        },
        "xp_per_min": {
          "raw": 787,
          "pct": 0.96875
        },
        "kills_per_min": {
          "raw": 0.268897520167314,
          "pct": 0.96875
        },
        "last_hits_per_min": {
          "raw": 1.7209441290708096,
          "pct": 0.8125
        },
        "hero_damage_per_min": {
          "raw": 634.4905885867942,
          "pct": 0.96875
        },
        "hero_healing_per_min": {
          "raw": 0,
          "pct": 0.84375
        },
        "tower_damage": {
          "raw": 802,
          "pct": 0.9375
        },
        "stuns_per_min": {
          "raw": 0,
          "pct": 0
        },
        "lhten": {}
      }
    },
    {
      "player_slot": 131,
      "ability_targets": null,
      "ability_upgrades_arr": [
        5391,
        5392,
        5684,
        5392,
        5392,
        5394,
        5392,
        5391,
        5391
      ],
      "ability_uses": null,
      "actions": null,
      "additional_units": null,
      "assists": 1,
      "backpack_0": 0,
      "backpack_1": 0,
      "backpack_2": 0,
      "backpack_3": null,
      "buyback_log": null,
      "camps_stacked": null,
      "connection_log": null,
      "creeps_stacked": null,
      "damage": null,
      "damage_inflictor": null,
      "damage_inflictor_received": null,
      "damage_taken": null,
      "damage_targets": null,
      "deaths": 4,
      "denies": 4,
      "dn_t": null,
      "firstblood_claimed": null,
      "gold": 1,
      "gold_per_min": 192,
      "gold_reasons": null,
      "gold_spent": 3600,
      "gold_t": null,
      "hero_damage": 9111,
      "hero_healing": 0,
      "hero_hits": null,
      "hero_id": 76,
      "item_0": 0,
      "item_1": 0,
      "item_2": 0,
      "item_3": 0,
      "item_4": 0,
      "item_5": 0,
      "item_neutral": 349,
      "item_uses": null,
      "kill_streaks": null,
      "killed": null,
      "killed_by": null,
      "kills": 3,
      "kills_log": null,
      "lane_pos": null,
      "last_hits": 13,
      "leaver_status": 3,
      "level": 12,
      "lh_t": null,
      "life_state": null,
      "max_hero_hit": null,
      "multi_kills": null,
      "net_worth": 1,
      "obs": null,
      "obs_left_log": null,
      "obs_log": null,
      "obs_placed": null,
      "party_id": 8,
      "party_size": 1,
      "performance_others": null,
      "permanent_buffs": [],
      "pings": null,
      "pred_vict": null,
      "purchase": null,
      "purchase_log": null,
      "randomed": null,
      "repicked": null,
      "roshans_killed": null,
      "rune_pickups": null,
      "runes": null,
      "runes_log": null,
      "sen": null,
      "sen_left_log": null,
      "sen_log": null,
      "sen_placed": null,
      "stuns": null,
      "teamfight_participation": null,
      "times": null,
      "tower_damage": 0,
      "towers_killed": null,
      "xp_per_min": 151,
      "xp_reasons": null,
      "xp_t": null,
      "start_time": 1669912347,
      "duration": 3347,
      "cluster": 251,
      "lobby_type": 7,
      "game_mode": 22,
      "is_contributor": false,
      "patch": 51,
      "region": 15,
      "isRadiant": false,
      "total_gold": 10710,
      "total_xp": 8423,
      "kills_per_min": 0.05377950403346281,
      "kda": 0,
      "abandons": 1,
      "rank_tier": null,
      "is_subscriber": false,
      "cosmetics": [],
      "benchmarks": {
        "gold_per_min": {
          "raw": 192,
          "pct": 0.06451612903225806
        },
        "xp_per_min": {
          "raw": 151,
          "pct": 0
        },
        "kills_per_min": {
          "raw": 0.0537795040334628,
          "pct": 0.0967741935483871
        },
        "last_hits_per_min": {
          "raw": 0.23304451747833882,
          "pct": 0.03225806451612903
        },
        "hero_damage_per_min": {
          "raw": 163.32835374962653,
          "pct": 0.03225806451612903
        },
        "hero_healing_per_min": {
          "raw": 0,
          "pct": 1
        },
        "tower_damage": {
          "raw": 0,
          "pct": 0.03225806451612903
        },
        "stuns_per_min": {
          "raw": 0,
          "pct": 0.03225806451612903
        },
        "lhten": {}
      }
    },
    {
      "player_slot": 132,
      "ability_targets": null,
      "ability_upgrades_arr": [
        5247,
        5245,
        5247,
        5246,
        5247,
        5248,
        5247,
        5246,
        5246,
        470,
        5248,
        5246,
        5245,
        5245,
        6016,
        5245,
        5248,
        6702,
        6539,
        926,
        6500,
        927,
        6084
      ],
      "ability_uses": null,
      "actions": null,
      "additional_units": null,
      "assists": 19,
      "backpack_0": 21,
      "backpack_1": 22,
      "backpack_2": 0,
      "backpack_3": null,
      "buyback_log": null,
      "camps_stacked": null,
      "connection_log": null,
      "creeps_stacked": null,
      "damage": null,
      "damage_inflictor": null,
      "damage_inflictor_received": null,
      "damage_taken": null,
      "damage_targets": null,
      "deaths": 8,
      "denies": 5,
      "dn_t": null,
      "firstblood_claimed": null,
      "gold": 5386,
      "gold_per_min": 914,
      "gold_reasons": null,
      "gold_spent": 44435,
      "gold_t": null,
      "hero_damage": 63588,
      "hero_healing": 0,
      "hero_hits": null,
      "hero_id": 53,
      "item_0": 250,
      "item_1": 249,
      "item_2": 263,
      "item_3": 135,
      "item_4": 156,
      "item_5": 116,
      "item_neutral": 638,
      "item_uses": null,
      "kill_streaks": null,
      "killed": null,
      "killed_by": null,
      "kills": 14,
      "kills_log": null,
      "lane_pos": null,
      "last_hits": 578,
      "leaver_status": 0,
      "level": 30,
      "lh_t": null,
      "life_state": null,
      "max_hero_hit": null,
      "multi_kills": null,
      "net_worth": 38161,
      "obs": null,
      "obs_left_log": null,
      "obs_log": null,
      "obs_placed": null,
      "party_id": 9,
      "party_size": 1,
      "performance_others": null,
      "permanent_buffs": [
        {
          "permanent_buff": 6,
          "stack_count": 3,
          "grant_time": 3583
        }
      ],
      "pings": null,
      "pred_vict": null,
      "purchase": null,
      "purchase_log": null,
      "randomed": null,
      "repicked": null,
      "roshans_killed": null,
      "rune_pickups": null,
      "runes": null,
      "runes_log": null,
      "sen": null,
      "sen_left_log": null,
      "sen_log": null,
      "sen_placed": null,
      "stuns": null,
      "teamfight_participation": null,
      "times": null,
      "tower_damage": 26279,
      "towers_killed": null,
      "xp_per_min": 979,
      "xp_reasons": null,
      "xp_t": null,
      "start_time": 1669912347,
      "duration": 3347,
      "cluster": 251,
      "lobby_type": 7,
      "game_mode": 22,
      "is_contributor": false,
      "patch": 51,
      "region": 15,
      "isRadiant": false,
      "total_gold": 50985,
      "total_xp": 54611,
      "kills_per_min": 0.2509710188228264,
      "kda": 3,
      "abandons": 0,
      "rank_tier": null,
      "is_subscriber": false,
      "cosmetics": [],
      "benchmarks": {
        "gold_per_min": {
          "raw": 914,
          "pct": 0.9047619047619048
        },
        "xp_per_min": {
          "raw": 979,
          "pct": 0.9285714285714286
        },
        "kills_per_min": {
          "raw": 0.2509710188228264,
          "pct": 0.8809523809523809
        },
        "last_hits_per_min": {
          "raw": 10.361517777113834,
          "pct": 0.6904761904761905
        },
        "hero_damage_per_min": {
          "raw": 1139.9103674932776,
          "pct": 0.9761904761904762
        },
        "hero_healing_per_min": {
          "raw": 0,
          "pct": 0.9761904761904762
        },
        "tower_damage": {
          "raw": 26279,
          "pct": 1
        },
        "stuns_per_min": {
          "raw": 0,
          "pct": 0.30952380952380953
        },
        "lhten": {}
      }
    }
  ],
  "patch": 51,
  "region": 15
}