{
  "chat": null,
  "cluster": 181,
  "cosmetics": null,
  "dire_score": 22,
  "dire_team_id": null,
  "draft_timings": null,
  "duration": 1822,
  "engine": 1,
  "first_blood_time": 2,
  "game_mode": 22,
  "human_players": 10,
  "leagueid": 0,
  "lobby_type": 0,
  "match_seq_num": 5780356461,
  "negative_votes": 0,
  "objectives": null,
  "picks_bans": [
    {
      "is_pick": true,
      "hero_id": 23,
      "team": 1,
      "order": 0
    },
    {
      "is_pick": true,
      "hero_id": 74,
      "team": 1,
      "order": 1
    },
    {
      "is_pick": true,
      "hero_id": 95,
      "team": 0,
      "order": 2
    },
    {
      "is_pick": true,
      "hero_id": 22,
      "team": 0,
      "order": 3
    },
    {
      "is_pick": true,
      "hero_id": 35,
      "team": 1,
      "order": 4
    },
    {
      "is_pick": true,
      "hero_id": 78,
      "team": 1,
      "order": 5
    },
    {
      "is_pick": true,
      "hero_id": 12,
      "team": 0,
      "order": 6
    },
    {
      "is_pick": true,
      "hero_id": 58,
      "team": 0,
      "order": 7
    },
    {
      "is_pick": true,
      "hero_id": 14,
      "team": 1,
      "order": 8
    },
    {
      "is_pick": true,
      "hero_id": 104,
      "team": 0,
      "order": 9
    },
    {
      "is_pick": true,
      "hero_id": 128,
      "team": 1,
      "order": 10
    },
    {
      "is_pick": false,
      "hero_id": 34,
      "team": 0,
      "order": 11
    },
    {
      "is_pick": false,
      "hero_id": 35,
      "team": 0,
      "order": 12
    },
    {
      "is_pick": false,
      "hero_id": 136,
      "team": 0,
      "order": 13
    },
    {
      "is_pick": false,
      "hero_id": 59,
      "team": 0,
      "order": 14
    },
    {
      "is_pick": false,
      "hero_id": 74,
      "team": 0,
      "order": 15
    },
    {
      "is_pick": false,
      "hero_id": 99,
      "team": 1,
      "order": 16
    },
    {
      "is_pick": false,
      "hero_id": 11,
      "team": 1,
      "order": 17
    }
  ],
  "positive_votes": 0,
  "radiant_gold_adv": null,
  "radiant_score": 50,
  "radiant_team_id": null,
  "radiant_xp_adv": null,
  "skill": null,
  "start_time": 1669912404,
  "teamfights": null,
  "version": null,
  "replay_salt": 377356805,
  "series_id": 0,
  "series_type": 0,
  "players": [
    {
      "player_slot": 0,
      "ability_targets": null,
      "ability_upgrades_arr": [
        5065,
        5068,
        5066,
        5065,
        5065,
        5067,
        5065,
        5068,
        5066,
        6400,
        5068,
        5067,
        5068,
        5066,
        6145,
        5066,
        5067,
        564
      ],
      "ability_uses": null,
      "actions": null,
      "additional_units": null,
      "assists": 12,
      "backpack_0": 0,
      "backpack_1": 0,
      "backpack_2": 0,
      "backpack_3": null,
      "buyback_log": null,
      "camps_stacked": null,
      "connection_log": null,
      "creeps_stacked": null,
      "damage": null,
      "damage_inflictor": null,
      "damage_inflictor_received": null,
      "damage_taken": null,
      "damage_targets": null,
      "deaths": 4,
      "denies": 0,
      "dn_t": null,
      "firstblood_claimed": null,
      "gold": 2835,
      "gold_per_min": 454,
      "gold_reasons": null,
      "gold_spent": 11260,
      "gold_t": null,
      "hero_damage": 21389,
      "hero_healing": 0,
      "hero_hits": null,
      "hero_id": 12,
      "item_0": 63,
      "item_1": 0,
      "item_2": 0,
      "item_3": 174,
      "item_4": 147,
      "item_5": 0,
      "item_neutral": 212,
      "item_uses": null,
      "kill_streaks": null,
      "killed": null,
      "killed_by": null,
      "kills": 12,
      "kills_log": null,
      "lane_pos": null,
      "last_hits": 87,
      "leaver_status": 0,
      "level": 20,
      "lh_t": null,
      "life_state": null,
      "max_hero_hit": null,
      "multi_kills": null,
      "net_worth": 12735,
      "obs": null,
      "obs_left_log": null,
      "obs_log": null,
      "obs_placed": null,
      "party_id": 0,
      "party_size": 3,
      "performance_others": null,
      "permanent_buffs": [
        {
          "permanent_buff": 6,
          "stack_count": 2,
          "grant_time": 829
        },
        {
          "permanent_buff": 12,
          "stack_count": 0,
          "grant_time": 1888
        }
      ],
      "pings": null,
      "pred_vict": null,
      "purchase": null,
      "purchase_log": null,
      "randomed": null,
      "repicked": null,
      "roshans_killed": null,
      "rune_pickups": null,
      "runes": null,
      "runes_log": null,
      "sen": null,
      "sen_left_log": null,
      "sen_log": null,
      "sen_placed": null,
      "stuns": null,
      "teamfight_participation": null,
      "times": null,
      "tower_damage": 8263,
      "towers_killed": null,
      "xp_per_min": 761,
      "xp_reasons": null,
      "xp_t": null,
      "personaname": "анекдот в натуре",
      "name": null,
      "last_login": "2022-01-03T20:15:31.177Z",
      "start_time": 1669912404,
      "duration": 1822,
      "cluster": 181,
      "lobby_type": 0,
      "game_mode": 22,
      "is_contributor": false,
      "patch": 51,
      "region": 8,
      "isRadiant": true,
      "total_gold": 13786,
      "total_xp": 23109,
      "kills_per_min": 0.3951701427003293,
      "kda": 4,
      "abandons": 0,
      "rank_tier": 12,
      "is_subscriber": false,
      "cosmetics": [],
      "benchmarks": {
        "gold_per_min": {
          "raw": 454,
          "pct": 0.125
        },
        "xp_per_min": {
          "raw": 761,
          "pct": 0.5
        },
        "kills_per_min": {
          "raw": 0.3951701427003293,
          "pct": 1
        },
        "last_hits_per_min": {
          "raw": 2.8649835345773877,
          "pct": 0
        },
        "hero_damage_per_min": {
          "raw": 704.357848518112,
          "pct": 0.625
        },
        "hero_healing_per_min": {
          "raw": 0,
          "pct": 1
        },
        "tower_damage": {
          "raw": 8263,
          "pct": 0.75
        },
        "stuns_per_min": {
          "raw": 0,
          "pct": 0.625
        },
        "lhten": {}
      }
    },
    {
      "player_slot": 1,
      "ability_targets": null,
      "ability_upgrades_arr": [
        5270,
        5269,
        5268,
        5270,
        5269,
        5267,
        5270,
        5270,
        5269,
        8432,
        5268,
        5267,
        5268,
        5268
      ],
      "ability_uses": null,
      "actions": null,
      "additional_units": null,
      "assists": 9,
      "backpack_0": 947,
      "backpack_1": 0,
      "backpack_2": 0,
      "backpack_3": null,
      "buyback_log": null,
      "camps_stacked": null,
      "connection_log": null,
      "creeps_stacked": null,
      "damage": null,
      "damage_inflictor": null,
      "damage_inflictor_received": null,
      "damage_taken": null,
      "damage_targets": null,
      "deaths": 7,
      "denies": 0,
      "dn_t": null,
      "firstblood_claimed": null,
      "gold": 459,
      "gold_per_min": 272,
      "gold_reasons": null,
      "gold_spent": 7630,
      "gold_t": null,
      "hero_damage": 9331,
      "hero_healing": 3064,
      "hero_hits": null,
      "hero_id": 58,
      "item_0": 63,
      "item_1": 170,
      "item_2": 236,
      "item_3": 21,
      "item_4": 17,
      "item_5": 0,
      "item_neutral": 349,
      "item_uses": null,
      "kill_streaks": null,
      "killed": null,
      "killed_by": null,
      "kills": 3,
      "kills_log": null,
      "lane_pos": null,
      "last_hits": 36,
      "leaver_status": 0,
      "level": 14,
      "lh_t": null,
      "life_state": null,
      "max_hero_hit": null,
      "multi_kills": null,
      "net_worth": 7859,
      "obs": null,
      "obs_left_log": null,
      "obs_log": null,
      "obs_placed": null,
      "party_id": 0,
      "party_size": 3,
      "performance_others": null,
      "permanent_buffs": [],
      "pings": null,
      "pred_vict": null,
      "purchase": null,
      "purchase_log": null,
      "randomed": null,
      "repicked": null,
      "roshans_killed": null,
      "rune_pickups": null,
      "runes": null,
      "runes_log": null,
      "sen": null,
      "sen_left_log": null,
      "sen_log": null,
      "sen_placed": null,
      "stuns": null,
      "teamfight_participation": null,
      "times": null,
      "tower_damage": 822,
      "towers_killed": null,
      "xp_per_min": 386,
      "xp_reasons": null,
      "xp_t": null,
      "start_time": 1669912404,
      "duration": 1822,
      "cluster": 181,
      "lobby_type": 0,
      "game_mode": 22,
      "is_contributor": false,
      "patch": 51,
      "region": 8,
      "isRadiant": true,
      "total_gold": 8259,
      "total_xp": 11721,
      "kills_per_min": 0.09879253567508232,
      "kda": 1,
      "abandons": 0,
      "rank_tier": null,
      "is_subscriber": false,
      "cosmetics": [],
      "benchmarks": {
        "gold_per_min": {
          "raw": 272,
          "pct": 0.2
        },
        "xp_per_min": {
          "raw": 386,
          "pct": 0.2571428571428571
        },
        "kills_per_min": {
          "raw": 0.09879253567508232,
          "pct": 0.37142857142857144
        },
        "last_hits_per_min": {
          "raw": 1.1855104281009878,
          "pct": 0.11428571428571428
        },
        "hero_damage_per_min": {
          "raw": 307.277716794731,
          "pct": 0.34285714285714286
        },
        "hero_healing_per_min": {
          "raw": 100.90010976948409,
          "pct": 0.7142857142857143
        },
        "tower_damage": {
          "raw": 822,
          "pct": 0.2857142857142857
        },
        "stuns_per_min": {
          "raw": 0,
          "pct": 0.4
        },
        "lhten": {}
      }
    },
    {
      "player_slot": 2,
      "ability_targets": null,
      "ability_upgrades_arr": [
        5595,
        5597,
        5595,
        5597,
        5595,
        5598,
        5596,
        5596,
        5597,
        6218,
        5596,
        5598,
        5596,
        5597,
        463,
        5595,
        5598,
        6526
      ],
      "ability_uses": null,
      "actions": null,
      "additional_units": null,
      "assists": 17,
      "backpack_0": 0,
      "backpack_1": 0,
      "backpack_2": 0,
      "backpack_3": null,
      "buyback_log": null,
      "camps_stacked": null,
      "connection_log": null,
      "creeps_stacked": null,
      "damage": null,
      "damage_inflictor": null,
      "damage_inflictor_received": null,
      "damage_taken": null,
      "damage_targets": null,
      "deaths": 6,
      "denies": 5,
      "dn_t": null,
      "firstblood_claimed": null,
      "gold": 2098,
      "gold_per_min": 484,
      "gold_reasons": null,
      "gold_spent": 12625,
      "gold_t": null,
      "hero_damage": 24172,
      "hero_healing": 1670,
      "hero_hits": null,
      "hero_id": 104,
      "item_0": 1,
      "item_1": 127,
      "item_2": 41,
      "item_3": 63,
      "item_4": 34,
      "item_5": 114,
      "item_neutral": 573,
      "item_uses": null,
      "kill_streaks": null,
      "killed": null,
      "killed_by": null,
      "kills": 10,
      "kills_log": null,
      "lane_pos": null,
      "last_hits": 113,
      "leaver_status": 0,
      "level": 21,
      "lh_t": null,
      "life_state": null,
      "max_hero_hit": null,
      "multi_kills": null,
      "net_worth": 13823,
      "obs": null,
      "obs_left_log": null,
      "obs_log": null,
      "obs_placed": null,
      "party_id": 0,
      "party_size": 3,
      "performance_others": null,
      "permanent_buffs": [
        {
          "permanent_buff": 5,
          "stack_count": 206,
          "grant_time": 1252
        }
      ],
      "pings": null,
      "pred_vict": null,
      "purchase": null,
      "purchase_log": null,
      "randomed": null,
      "repicked": null,
      "roshans_killed": null,
      "rune_pickups": null,
      "runes": null,
      "runes_log": null,
      "sen": null,
      "sen_left_log": null,
      "sen_log": null,
      "sen_placed": null,
      "stuns": null,
      "teamfight_participation": null,
      "times": null,
      "tower_damage": 1194,
      "towers_killed": null,
      "xp_per_min": 799,
      "xp_reasons": null,
      "xp_t": null,
      "start_time": 1669912404,
      "duration": 1822,
      "cluster": 181,
      "lobby_type": 0,
      "game_mode": 22,
      "is_contributor": false,
      "patch": 51,
      "region": 8,
      "isRadiant": true,
      "total_gold": 14697,
      "total_xp": 24262,
      "kills_per_min": 0.32930845225027444,
      "kda": 3,
      "abandons": 0,
      "rank_tier": null,
      "is_subscriber": false,
      "cosmetics": [],
      "benchmarks": {
        "gold_per_min": {
          "raw": 484,
          "pct": 0.5806451612903226
        },
        "xp_per_min": {
          "raw": 799,
          "pct": 0.8064516129032258
        },
        "kills_per_min": {
          "raw": 0.32930845225027444,
          "pct": 0.8709677419354839
        },
        "last_hits_per_min": {
          "raw": 3.721185510428101,
          "pct": 0.16129032258064516
        },
        "hero_damage_per_min": {
          "raw": 796.0043907793633,
          "pct": 0.8064516129032258
        },
        "hero_healing_per_min": {
          "raw": 54.99451152579583,
          "pct": 0.7741935483870968
        },
        "tower_damage": {
          "raw": 1194,
          "pct": 0.3870967741935484
        },
        "stuns_per_min": {
          "raw": 0,
          "pct": 0.03225806451612903
        },
        "lhten": {}
      }
    },
    {
      "player_slot": 3,
      "ability_targets": null,
      "ability_upgrades_arr": [
        5508,
        5509,
        5511,
        5508,
        5508,
        5512,
        5511,
        5508,
        5511,
        5511,
        6958,
        5512,
        5509,
        5509,
        492,
        5510,
        5512,
        6154
      ],
      "ability_uses": null,
      "actions": null,
      "additional_units": null,
      "assists": 10,
      "backpack_0": 0,
      "backpack_1": 0,
      "backpack_2": 0,
      "backpack_3": null,
      "buyback_log": null,
      "camps_stacked": null,
      "connection_log": null,
      "creeps_stacked": null,
      "damage": null,
      "damage_inflictor": null,
      "damage_inflictor_received": null,
      "damage_taken": null,
      "damage_targets": null,
      "deaths": 1,
      "denies": 3,
      "dn_t": null,
      "firstblood_claimed": null,
      "gold": 1122,
      "gold_per_min": 637,
      "gold_reasons": null,
      "gold_spent": 18780,
      "gold_t": null,
      "hero_damage": 22394,
      "hero_healing": 195,
      "hero_hits": null,
      "hero_id": 95,
      "item_0": 145,
      "item_1": 141,
      "item_2": 29,
      "item_3": 156,
      "item_4": 75,
      "item_5": 143,
      "item_neutral": 331,
      "item_uses": null,
      "kill_streaks": null,
      "killed": null,
      "killed_by": null,
      "kills": 13,
      "kills_log": null,
      "lane_pos": null,
      "last_hits": 214,
      "leaver_status": 0,
      "level": 21,
      "lh_t": null,
      "life_state": null,
      "max_hero_hit": null,
      "multi_kills": null,
      "net_worth": 19302,
      "obs": null,
      "obs_left_log": null,
      "obs_log": null,
      "obs_placed": null,
      "party_id": 1,
      "party_size": 1,
      "performance_others": null,
      "permanent_buffs": [],
      "pings": null,
      "pred_vict": null,
      "purchase": null,
      "purchase_log": null,
      "randomed": null,
      "repicked": null,
      "roshans_killed": null,
      "rune_pickups": null,
      "runes": null,
      "runes_log": null,
      "sen": null,
      "sen_left_log": null,
      "sen_log": null,
      "sen_placed": null,
      "stuns": null,
      "teamfight_participation": null,
      "times": null,
      "tower_damage": 13730,
      "towers_killed": null,
      "xp_per_min": 790,
      "xp_reasons": null,
      "xp_t": null,
      "start_time": 1669912404,
      "duration": 1822,
      "cluster": 181,
      "lobby_type": 0,
      "game_mode": 22,
      "is_contributor": false,
      "patch": 51,
      "region": 8,
      "isRadiant": true,
      "total_gold": 19343,
      "total_xp": 23989,
      "kills_per_min": 0.4281009879253567,
      "kda": 11,
      "abandons": 0,
      "rank_tier": null,
      "is_subscriber": false,
      "cosmetics": [],
      "benchmarks": {
        "gold_per_min": {
          "raw": 637,
          "pct": 0.1875
        },
        "xp_per_min": {
          "raw": 790,
          "pct": 0.1875
        },
        "kills_per_min": {
          "raw": 0.4281009879253568,
          "pct": 0.8125
        },
        "last_hits_per_min": {
          "raw": 7.047200878155873,
          "pct": 0.0625
        },
        "hero_damage_per_min": {
          "raw": 737.4533479692645,
          "pct": 0.5
        },
        "hero_healing_per_min": {
          "raw": 6.421514818880351,
          "pct": 1
        },
        "tower_damage": {
          "raw": 13730,
          "pct": 0.6875
        },
        "stuns_per_min": {
          "raw": 0,
          "pct": 0
        },
        "lhten": {}
      }
    },
    {
      "player_slot": 4,
      "ability_targets": null,
      "ability_upgrades_arr": [
        5110,
        5111,
        5111,
        5110,
        5111,
        5113,
        5111,
        641,
        5110,
        5110,
        5903,
        5113,
        641,
        641,
        934,
        641
      ],
      "ability_uses": null,
      "actions": null,
      "additional_units": null,
      "assists": 19,
      "backpack_0": 0,
      "backpack_1": 0,
      "backpack_2": 0,
      "backpack_3": null,
      "buyback_log": null,
      "camps_stacked": null,
      "connection_log": null,
      "creeps_stacked": null,
      "damage": null,
      "damage_inflictor": null,
      "damage_inflictor_received": null,
      "damage_taken": null,
      "damage_targets": null,
      "deaths": 4,
      "denies": 6,
      "dn_t": null,
      "firstblood_claimed": null,
      "gold": 1694,
      "gold_per_min": 400,
      "gold_reasons": null,
      "gold_spent": 11065,
      "gold_t": null,
      "hero_damage": 25326,
      "hero_healing": 0,
      "hero_hits": null,
      "hero_id": 22,
      "item_0": 57,
      "item_1": 232,
      "item_2": 180,
      "item_3": 108,
      "item_4": 57,
      "item_5": 36,
      "item_neutral": 840,
      "item_uses": null,
      "kill_streaks": null,
      "killed": null,
      "killed_by": null,
      "kills": 11,
      "kills_log": null,
      "lane_pos": null,
      "last_hits": 52,
      "leaver_status": 0,
      "level": 16,
      "lh_t": null,
      "life_state": null,
      "max_hero_hit": null,
      "multi_kills": null,
      "net_worth": 11669,
      "obs": null,
      "obs_left_log": null,
      "obs_log": null,
      "obs_placed": null,
      "party_id": 2,
      "party_size": 1,
      "performance_others": null,
      "permanent_buffs": [],
      "pings": null,
      "pred_vict": null,
      "purchase": null,
      "purchase_log": null,
      "randomed": null,
      "repicked": null,
      "roshans_killed": null,
      "rune_pickups": null,
      "runes": null,
      "runes_log": null,
      "sen": null,
      "sen_left_log": null,
      "sen_log": null,
      "sen_placed": null,
      "stuns": null,
      "teamfight_participation": null,
      "times": null,
      "tower_damage": 985,
      "towers_killed": null,
      "xp_per_min": 485,
      "xp_reasons": null,
      "xp_t": null,
      "start_time": 1669912404,
      "duration": 1822,
      "cluster": 181,
      "lobby_type": 0,
      "game_mode": 22,
      "is_contributor": false,
      "patch": 51,
      "region": 8,
      "isRadiant": true,
      "total_gold": 12146,
      "total_xp": 14727,
      "kills_per_min": 0.36223929747530187,
      "kda": 6,
      "abandons": 0,
      "rank_tier": null,
      "is_subscriber": false,
      "cosmetics": [],
      "benchmarks": {
        "gold_per_min": {
          "raw": 400,
          "pct": 0.2857142857142857
        },
        "xp_per_min": {
          "raw": 485,
          "pct": 0.2
        },
        "kills_per_min": {
          "raw": 0.36223929747530187,
          "pct": 0.8571428571428571
        },
        "last_hits_per_min": {
          "raw": 1.7124039517014271,
          "pct": 0.14285714285714285
        },
        "hero_damage_per_min": {
          "raw": 834.006586169045,
          "pct": 0.2857142857142857
        },
        "hero_healing_per_min": {
          "raw": 0,
          "pct": 0.7714285714285715
        },
        "tower_damage": {
          "raw": 985,
          "pct": 0.8
        },
        "stuns_per_min": {
          "raw": 0,
          "pct": 0
        },
        "lhten": {}
      }
    },
    {
      "player_slot": 128,
      "ability_targets": null,
      "ability_upgrades_arr": [
        5032,
        5031,
        5032,
        5031,
        5033,
        5035,
        5032,
        5032,
        5031,
        1015,
        5031,
        5035,
        5033,
        5033,
        6253,
        5033,
        5035
      ],
      "ability_uses": null,
      "actions": null,
      "additional_units": null,
      "assists": 7,
      "backpack_0": 0,
      "backpack_1": 0,
      "backpack_2": 0,
      "backpack_3": null,
      "buyback_log": null,
      "camps_stacked": null,
      "connection_log": null,
      "creeps_stacked": null,
      "damage": null,
      "damage_inflictor": null,
      "damage_inflictor_received": null,
      "damage_taken": null,
      "damage_targets": null,
      "deaths": 8,
      "denies": 12,
      "dn_t": null,
      "firstblood_claimed": null,
      "gold": 788,
      "gold_per_min": 438,
      "gold_reasons": null,
      "gold_spent": 12785,
      "gold_t": null,
      "hero_damage": 24342,
      "hero_healing": 179,
      "hero_hits": null,
      "hero_id": 23,
      "item_0": 152,
      "item_1": 50,
      "item_2": 21,
      "item_3": 218,
      "item_4": 41,
      "item_5": 8,
      "item_neutral": 376,
      "item_uses": null,
      "kill_streaks": null,
      "killed": null,
      "killed_by": null,
      "kills": 8,
      "kills_log": null,
      "lane_pos": null,
      "last_hits": 119,
      "leaver_status": 0,
      "level": 18,
      "lh_t": null,
      "life_state": null,
      "max_hero_hit": null,
      "multi_kills": null,
      "net_worth": 12063,
      "obs": null,
      "obs_left_log": null,
      "obs_log": null,
      "obs_placed": null,
      "party_id": 3,
      "party_size": 2,
      "performance_others": null,
      "permanent_buffs": [],
      "pings": null,
      "pred_vict": null,
      "purchase": null,
      "purchase_log": null,
      "randomed": null,
      "repicked": null,
      "roshans_killed": null,
      "rune_pickups": null,
      "runes": null,
      "runes_log": null,
      "sen": null,
      "sen_left_log": null,
      "sen_log": null,
      "sen_placed": null,
      "stuns": null,
      "teamfight_participation": null,
      "times": null,
      "tower_damage": 238,
      "towers_killed": null,
      "xp_per_min": 632,
      "xp_reasons": null,
      "xp_t": null,
      "start_time": 1669912404,
      "duration": 1822,
      "cluster": 181,
      "lobby_type": 0,
      "game_mode": 22,
      "is_contributor": false,
      "patch": 51,
      "region": 8,
      "isRadiant": false,
      "total_gold": 13300,
      "total_xp": 19191,
      "kills_per_min": 0.26344676180021953,
      "kda": 1,
      "abandons": 0,
      "rank_tier": null,
      "is_subscriber": false,
      "cosmetics": [],
      "benchmarks": {
        "gold_per_min": {
          "raw": 438,
          "pct": 0.29411764705882354
        },
        "xp_per_min": {
          "raw": 632,
          "pct": 0.29411764705882354
        },
        "kills_per_min": {
          "raw": 0.26344676180021953,
          "pct": 0.7647058823529411
        },
        "last_hits_per_min": {
          "raw": 3.9187705817782654,
          "pct": 0.11764705882352941
        },
        "hero_damage_per_min": {
          "raw": 801.602634467618,
          "pct": 0.7647058823529411
        },
        "hero_healing_per_min": {
          "raw": 5.894621295279912,
          "pct": 0.9411764705882353
        },
        "tower_damage": {
          "raw": 238,
          "pct": 0.17647058823529413
        },
        "stuns_per_min": {
          "raw": 0,
          "pct": 0.058823529411764705
        },
        "lhten": {}
      }
    },
    {
      "player_slot": 129,
      "ability_targets": null,
      "ability_upgrades_arr": [
        6480,
        6483,
        6488,
        6480,
        6488,
        6482,
        6480,
        6480,
        6488,
        384,
        6488,
        6482,
        6483,
        6483,
        6483,
        6487
      ],
      "ability_uses": null,
      "actions": null,
      "additional_units": null,
      "assists": 10,
      "backpack_0": 0,
      "backpack_1": 0,
      "backpack_2": 0,
      "backpack_3": null,
      "buyback_log": null,
      "camps_stacked": null,
      "connection_log": null,
      "creeps_stacked": null,
      "damage": null,
      "damage_inflictor": null,
      "damage_inflictor_received": null,
      "damage_taken": null,
      "damage_targets": null,
      "deaths": 14,
      "denies": 4,
      "dn_t": null,
      "firstblood_claimed": null,
      "gold": 1588,
      "gold_per_min": 378,
      "gold_reasons": null,
      "gold_spent": 8445,
      "gold_t": null,
      "hero_damage": 23628,
      "hero_healing": 195,
      "hero_hits": null,
      "hero_id": 128,
      "item_0": 73,
      "item_1": 73,
      "item_2": 166,
      "item_3": 14,
      "item_4": 50,
      "item_5": 149,
      "item_neutral": 288,
      "item_uses": null,
      "kill_streaks": null,
      "killed": null,
      "killed_by": null,
      "kills": 5,
      "kills_log": null,
      "lane_pos": null,
      "last_hits": 92,
      "leaver_status": 0,
      "level": 17,
      "lh_t": null,
      "life_state": null,
      "max_hero_hit": null,
      "multi_kills": null,
      "net_worth": 8988,
      "obs": null,
      "obs_left_log": null,
      "obs_log": null,
      "obs_placed": null,
      "party_id": 3,
      "party_size": 2,
      "performance_others": null,
      "permanent_buffs": [
        {
          "permanent_buff": 6,
          "stack_count": 2,
          "grant_time": 1428
        }
      ],
      "pings": null,
      "pred_vict": null,
      "purchase": null,
      "purchase_log": null,
      "randomed": null,
      "repicked": null,
      "roshans_killed": null,
      "rune_pickups": null,
      "runes": null,
      "runes_log": null,
      "sen": null,
      "sen_left_log": null,
      "sen_log": null,
      "sen_placed": null,
      "stuns": null,
      "teamfight_participation": null,
      "times": null,
      "tower_damage": 746,
      "towers_killed": null,
      "xp_per_min": 564,
      "xp_reasons": null,
      "xp_t": null,
      "start_time": 1669912404,
      "duration": 1822,
      "cluster": 181,
      "lobby_type": 0,
      "game_mode": 22,
      "is_contributor": false,
      "patch": 51,
      "region": 8,
      "isRadiant": false,
      "total_gold": 11478,
      "total_xp": 17126,
      "kills_per_min": 0.16465422612513722,
      "kda": 1,
      "abandons": 0,
      "rank_tier": null,
      "is_subscriber": false,
      "cosmetics": [],
      "benchmarks": {
        "gold_per_min": {
          "raw": 378,
          "pct": 0.6046511627906976
        },
        "xp_per_min": {
          "raw": 564,
          "pct": 0.6976744186046512
        },
        "kills_per_min": {
          "raw": 0.16465422612513722,
          "pct": 0.627906976744186
        },
        "last_hits_per_min": {
          "raw": 3.029637760702525,
          "pct": 0.6395348837209303
        },
        "hero_damage_per_min": {
          "raw": 778.0900109769484,
          "pct": 0.9418604651162791
        },
        "hero_healing_per_min": {
          "raw": 6.421514818880351,
          "pct": 0.313953488372093
        },
        "tower_damage": {
          "raw": 746,
          "pct": 0.5697674418604651
        },
        "stuns_per_min": {
          "raw": 0,
          "pct": 0
        },
        "lhten": {}
      }
    },
    {
      "player_slot": 130,
      "ability_targets": null,
      "ability_upgrades_arr": [
        7310,
        5400,
        5402,
        7310,
        7310,
        5403,
        5400,
        5400,
        7310,
        732,
        5403,
        5400
      ],
      "ability_uses": null,
      "actions": null,
      "additional_units": null,
      "assists": 5,
      "backpack_0": 0,
      "backpack_1": 0,
      "backpack_2": 0,
      "backpack_3": null,
      "buyback_log": null,
      "camps_stacked": null,
      "connection_log": null,
      "creeps_stacked": null,
      "damage": null,
      "damage_inflictor": null,
      "damage_inflictor_received": null,
      "damage_taken": null,
      "damage_targets": null,
      "deaths": 7,
      "denies": 0,
      "dn_t": null,
      "firstblood_claimed": null,
      "gold": 606,
      "gold_per_min": 211,
      "gold_reasons": null,
      "gold_spent": 5335,
      "gold_t": null,
      "hero_damage": 6082,
      "hero_healing": 0,
      "hero_hits": null,
      "hero_id": 78,
      "item_0": 216,
      "item_1": 218,
      "item_2": 0,
      "item_3": 127,
      "item_4": 0,
      "item_5": 0,
      "item_neutral": 0,
      "item_uses": null,
      "kill_streaks": null,
      "killed": null,
      "killed_by": null,
      "kills": 2,
      "kills_log": null,
      "lane_pos": null,
      "last_hits": 27,
      "leaver_status": 0,
      "level": 12,
      "lh_t": null,
      "life_state": null,
      "max_hero_hit": null,
      "multi_kills": null,
      "net_worth": 4321,
      "obs": null,
      "obs_left_log": null,
      "obs_log": null,
      "obs_placed": null,
      "party_id": 4,
      "party_size": 1,
      "performance_others": null,
      "permanent_buffs": [
        {
          "permanent_buff": 12,
          "stack_count": 0,
          "grant_time": 1962
        }
      ],
      "pings": null,
      "pred_vict": null,
      "purchase": null,
      "purchase_log": null,
      "randomed": null,
      "repicked": null,
      "roshans_killed": null,
      "rune_pickups": null,
      "runes": null,
      "runes_log": null,
      "sen": null,
      "sen_left_log": null,
      "sen_log": null,
      "sen_placed": null,
      "stuns": null,
      "teamfight_participation": null,
      "times": null,
      "tower_damage": 0,
      "towers_killed": null,
      "xp_per_min": 312,
      "xp_reasons": null,
      "xp_t": null,
      "start_time": 1669912404,
      "duration": 1822,
      "cluster": 181,
      "lobby_type": 0,
      "game_mode": 22,
      "is_contributor": false,
      "patch": 51,
      "region": 8,
      "isRadiant": false,
      "total_gold": 6407,
      "total_xp": 9474,
      "kills_per_min": 0.06586169045005488,
      "kda": 0,
      "abandons": 0,
      "rank_tier": null,
      "is_subscriber": false,
      "cosmetics": [],
      "benchmarks": {
        "gold_per_min": {
          "raw": 211,
          "pct": 0
        },
        "xp_per_min": {
          "raw": 312,
          "pct": 0
        },
        "kills_per_min": {
          "raw": 0.06586169045005488,
          "pct": 0.3333333333333333
        },
        "last_hits_per_min": {
          "raw": 0.8891328210757409,
          "pct": 0
        },
        "hero_damage_per_min": {
          "raw": 200.2854006586169,
          "pct": 0.3333333333333333
        },
        "hero_healing_per_min": {
          "raw": 0,
          "pct": 1
        },
        "tower_damage": {
          "raw": 0,
          "pct": 0.6666666666666666
        },
        "stuns_per_min": {
          "raw": 0,
          "pct": 0
        },
        "lhten": {}
      }
    },
    {
      "player_slot": 131,
      "ability_targets": null,
      "ability_upgrades_arr": [
        5372,
        5370,
        5372,
        5370,
        5372,
        5370,
        5372,
        5370,
        5371,
        5372,
        5372,
        5371
      ],
      "ability_uses": null,
      "actions": null,
      "additional_units": null,
      "assists": 7,
      "backpack_0": 0,
      "backpack_1": 0,
      "backpack_2": 0,
      "backpack_3": null,
      "buyback_log": null,
      "camps_stacked": null,
      "connection_log": null,
      "creeps_stacked": null,
      "damage": null,
      "damage_inflictor": null,
      "damage_inflictor_received": null,
      "damage_taken": null,
      "damage_targets": null,
      "deaths": 13,
      "denies": 4,
      "dn_t": null,
      "firstblood_claimed": null,
      "gold": 1483,
      "gold_per_min": 257,
      "gold_reasons": null,
      "gold_spent": 5590,
      "gold_t": null,
      "hero_damage": 8087,
      "hero_healing": 0,
      "hero_hits": null,
      "hero_id": 74,
      "item_0": 44,
      "item_1": 65,
      "item_2": 36,
      "item_3": 232,
      "item_4": 77,
      "item_5": 0,
      "item_neutral": 0,
      "item_uses": null,
      "kill_streaks": null,
      "killed": null,
      "killed_by": null,
      "kills": 1,
      "kills_log": null,
      "lane_pos": null,
      "last_hits": 43,
      "leaver_status": 0,
      "level": 12,
      "lh_t": null,
      "life_state": null,
      "max_hero_hit": null,
      "multi_kills": null,
      "net_worth": 7103,
      "obs": null,
      "obs_left_log": null,
      "obs_log": null,
      "obs_placed": null,
      "party_id": 5,
      "party_size": 2,
      "performance_others": null,
      "permanent_buffs": [],
      "pings": null,
      "pred_vict": null,
      "purchase": null,
      "purchase_log": null,
      "randomed": null,
      "repicked": null,
      "roshans_killed": null,
      "rune_pickups": null,
      "runes": null,
      "runes_log": null,
      "sen": null,
      "sen_left_log": null,
      "sen_log": null,
      "sen_placed": null,
      "stuns": null,
      "teamfight_participation": null,
      "times": null,
      "tower_damage": 602,
      "towers_killed": null,
      "xp_per_min": 302,
      "xp_reasons": null,
      "xp_t": null,
      "start_time": 1669912404,
      "duration": 1822,
      "cluster": 181,
      "lobby_type": 0,
      "game_mode": 22,
      "is_contributor": false,
      "patch": 51,
      "region": 8,
      "isRadiant": false,
      "total_gold": 7804,
      "total_xp": 9170,
      "kills_per_min": 0.03293084522502744,
      "kda": 0,
      "abandons": 0,
      "rank_tier": null,
      "is_subscriber": false,
      "cosmetics": [],
      "benchmarks": {
        "gold_per_min": {
          "raw": 257,
          "pct": 0
        },
        "xp_per_min": {
          "raw": 302,
          "pct": 0
        },
        "kills_per_min": {
          "raw": 0.03293084522502744,
          "pct": 0.0967741935483871
        },
        "last_hits_per_min": {
          "raw": 1.41602634467618,
          "pct": 0.03225806451612903
        },
        "hero_damage_per_min": {
          "raw": 266.3117453347969,
          "pct": 0
        },
        "hero_healing_per_min": {
          "raw": 0,
          "pct": 0.7096774193548387
        },
        "tower_damage": {
          "raw": 602,
          "pct": 0.0967741935483871
        },
        "stuns_per_min": {
          "raw": 0,
          "pct": 0
        },
        "lhten": {}
      }
    },
    {
      "player_slot": 132,
      "ability_targets": null,
      "ability_upgrades_arr": [
        5154,
        5155,
        5154,
        5156,
        5154,
        5157,
        5155,
        5154,
        5156,
        928,
        5155,
        5157,
        5155,
        5156
      ],
      "ability_uses": null,
      "actions": null,
      "additional_units": null,
      "assists": 8,
      "backpack_0": 0,
      "backpack_1": 0,
      "backpack_2": 0,
      "backpack_3": null,
      "buyback_log": null,
      "camps_stacked": null,
      "connection_log": null,
      "creeps_stacked": null,
      "damage": null,
      "damage_inflictor": null,
      "damage_inflictor_received": null,
      "damage_taken": null,
      "damage_targets": null,
      "deaths": 8,
      "denies": 0,
      "dn_t": null,
      "firstblood_claimed": null,
      "gold": 403,
      "gold_per_min": 311,
      "gold_reasons": null,
      "gold_spent": 9050,
      "gold_t": null,
      "hero_damage": 14654,
      "hero_healing": 0,
      "hero_hits": null,
      "hero_id": 35,
      "item_0": 168,
      "item_1": 39,
      "item_2": 172,
      "item_3": 75,
      "item_4": 263,
      "item_5": 63,
      "item_neutral": 355,
      "item_uses": null,
      "kill_streaks": null,
      "killed": null,
      "killed_by": null,
      "kills": 4,
      "kills_log": null,
      "lane_pos": null,
      "last_hits": 47,
      "leaver_status": 0,
      "level": 14,
      "lh_t": null,
      "life_state": null,
      "max_hero_hit": null,
      "multi_kills": null,
      "net_worth": 8833,
      "obs": null,
      "obs_left_log": null,
      "obs_log": null,
      "obs_placed": null,
      "party_id": 5,
      "party_size": 2,
      "performance_others": null,
      "permanent_buffs": [],
      "pings": null,
      "pred_vict": null,
      "purchase": null,
      "purchase_log": null,
      "randomed": null,
      "repicked": null,
      "roshans_killed": null,
      "rune_pickups": null,
      "runes": null,
      "runes_log": null,
      "sen": null,
      "sen_left_log": null,
      "sen_log": null,
      "sen_placed": null,
      "stuns": null,
      "teamfight_participation": null,
      "times": null,
      "tower_damage": 89,
      "towers_killed": null,
      "xp_per_min": 399,
      "xp_reasons": null,
      "xp_t": null,
      "start_time": 1669912404,
      "duration": 1822,
      "cluster": 181,
      "lobby_type": 0,
      "game_mode": 22,
      "is_contributor": false,
      "patch": 51,
      "region": 8,
      "isRadiant": false,
      "total_gold": 9444,
      "total_xp": 12116,
      "kills_per_min": 0.13172338090010977,
      "kda": 1,
      "abandons": 0,
      "rank_tier": null,
      "is_subscriber": false,
      "cosmetics": [],
      "benchmarks": {
        "gold_per_min": {
          "raw": 311,
          "pct": 0.037037037037037035
        },
        "xp_per_min": {
          "raw": 399,
          "pct": 0.037037037037037035
        },
        "kills_per_min": {
          "raw": 0.13172338090010977,
          "pct": 0.2222222222222222
        },
        "last_hits_per_min": {
          "raw": 1.5477497255762898,
          "pct": 0
        },
        "hero_damage_per_min": {
          "raw": 482.5686059275522,
          "pct": 0.07407407407407407
        },
        "hero_healing_per_min": {
          "raw": 0,
          "pct": 0.9629629629629629
        },
        "tower_damage": {
          "raw": 89,
          "pct": 0.037037037037037035
        },
        "stuns_per_min": {
          "raw": 0,
          "pct": 0.1111111111111111
        },
        "lhten": {}
      }
    }
  ],
  "patch": 51,
  "region": 8
}