{
  "chat": null,
  "cluster": 193,
  "cosmetics": null,
  "dire_score": 18,
  "dire_team_id": null,
  "draft_timings": null,
  "duration": 1864,
  "engine": 1,
  "first_blood_time": 110,
  "game_mode": 22,
  "human_players": 10,
  "leagueid": 0,
  "lobby_type": 7,
  "match_seq_num": 5780329081,
  "negative_votes": 0,
  "objectives": null,
  "picks_bans": [
    {
      "is_pick": true,
      "hero_id": 58,
      "team": 0,
      "order": 0
    },
    {
      "is_pick": true,
      "hero_id": 5,
      "team": 1,
      "order": 1
    },
    {
      "is_pick": true,
      "hero_id": 55,
      "team": 0,
      "order": 2
    },
    {
      "is_pick": true,
      "hero_id": 9,
      "team": 1,
      "order": 3
    },
    {
      "is_pick": true,
      "hero_id": 88,
      "team": 0,
      "order": 4
    },
    {
      "is_pick": true,
      "hero_id": 11,
      "team": 1,
      "order": 5
    },
    {
      "is_pick": true,
      "hero_id": 4,
      "team": 0,
      "order": 6
    },
    {
      "is_pick": true,
      "hero_id": 57,
      "team": 1,
      "order": 7
    },
    {
      "is_pick": true,
      "hero_id": 35,
      "team": 1,
      "order": 8
    },
    {
      "is_pick": true,
      "hero_id": 21,
      "team": 0,
      "order": 9
    },
    {
      "is_pick": false,
      "hero_id": 26,
      "team": 0,
      "order": 10
    },
    {
      "is_pick": false,
      "hero_id": 126,
      "team": 0,
      "order": 11
    },
    {
      "is_pick": false,
      "hero_id": 34,
      "team": 0,
      "order": 12
    },
    {
      "is_pick": false,
      "hero_id": 17,
      "team": 0,
      "order": 13
    },
    {
      "is_pick": false,
      "hero_id": 59,
      "team": 0,
      "order": 14
    },
    {
      "is_pick": false,
      "hero_id": 113,
      "team": 1,
      "order": 15
    }
  ],
  "positive_votes": 0,
  "radiant_gold_adv": null,
  "radiant_score": 53,
  "radiant_team_id": null,
  "radiant_xp_adv": null,
  "skill": null,
  "start_time": 1669911294,
  "teamfights": null,
  "version": null,
  "replay_salt": 66517756,
  "series_id": 0,
  "series_type": 0,
  "players": [
    {
      "player_slot": 0,
      "ability_targets": null,
      "ability_upgrades_arr": [
        5270,
        5269,
        5270,
        5269,
        5270,
        5267,
        5270,
        5269,
        5269,
        5937,
        5268,
        5267,
        5268,
        5268,
        6253,
        5268,
        5267
      ],
      "ability_uses": null,
      "actions": null,
      "additional_units": null,
      "assists": 30,
      "backpack_0": 0,
      "backpack_1": 0,
      "backpack_2": 0,
      "backpack_3": null,
      "buyback_log": null,
      "camps_stacked": null,
      "connection_log": null,
      "creeps_stacked": null,
      "damage": null,
      "damage_inflictor": null,
      "damage_inflictor_received": null,
      "damage_taken": null,
      "damage_targets": null,
      "deaths": 3,
      "denies": 4,
      "dn_t": null,
      "firstblood_claimed": null,
      "gold": 4089,
      "gold_per_min": 377,
      "gold_reasons": null,
      "gold_spent": 8215,
      "gold_t": null,
      "hero_damage": 18246,
      "hero_healing": 4039,
      "hero_hits": null,
      "hero_id": 58,
      "item_0": 40,
      "item_1": 263,
      "item_2": 36,
      "item_3": 237,
      "item_4": 63,
      "item_5": 0,
      "item_neutral": 212,
      "item_uses": null,
      "kill_streaks": null,
      "killed": null,
      "killed_by": null,
      "kills": 8,
      "kills_log": null,
      "lane_pos": null,
      "last_hits": 41,
      "leaver_status": 0,
      "level": 19,
      "lh_t": null,
      "life_state": null,
      "max_hero_hit": null,
      "multi_kills": null,
      "net_worth": 10539,
      "obs": null,
      "obs_left_log": null,
      "obs_log": null,
      "obs_placed": null,
      "party_id": 0,
      "party_size": 1,
      "performance_others": null,
      "permanent_buffs": [],
      "pings": null,
      "pred_vict": null,
      "purchase": null,
      "purchase_log": null,
      "randomed": null,
      "repicked": null,
      "roshans_killed": null,
      "rune_pickups": null,
      "runes": null,
      "runes_log": null,
      "sen": null,
      "sen_left_log": null,
      "sen_log": null,
      "sen_placed": null,
      "stuns": null,
      "teamfight_participation": null,
      "times": null,
      "tower_damage": 5032,
      "towers_killed": null,
      "xp_per_min": 659,
      "xp_reasons": null,
      "xp_t": null,
      "personaname": "Папа не пей",
      "name": null,
      "last_login": null,
      "start_time": 1669911294,
      "duration": 1864,
      "cluster": 193,
      "lobby_type": 7,
      "game_mode": 22,
      "is_contributor": false,
      "patch": 51,
      "region": 9,
      "isRadiant": true,
      "total_gold": 11712,
      "total_xp": 20472,
      "kills_per_min": 0.2575107296137339,
      "kda": 9,
      "abandons": 0,
      "rank_tier": 33,
      "is_subscriber": false,
      "cosmetics": [],
      "benchmarks": {
        "gold_per_min": {
          "raw": 377,
          "pct": 0.5428571428571428
        },
        "xp_per_min": {
          "raw": 659,
          "pct": 0.8285714285714286
        },
        "kills_per_min": {
          "raw": 0.2575107296137339,
          "pct": 0.8
        },
        "last_hits_per_min": {
          "raw": 1.3197424892703862,
          "pct": 0.17142857142857143
        },
        "hero_damage_per_min": {
          "raw": 587.3175965665237,
          "pct": 0.7428571428571429
        },
        "hero_healing_per_min": {
          "raw": 130.0107296137339,
          "pct": 0.8285714285714286
        },
        "tower_damage": {
          "raw": 5032,
          "pct": 0.7428571428571429
        },
        "stuns_per_min": {
          "raw": 0,
          "pct": 0.4
        },
        "lhten": {}
      }
    },
    {
      "player_slot": 1,
      "ability_targets": null,
      "ability_upgrades_arr": [
        5131,
        5132,
        5131,
        5132,
        5130,
        5133,
        5131,
        5131,
        5132,
        7890,
        5132,
        5133,
        5130,
        5130,
        6992,
        5130,
        5133
      ],
      "ability_uses": null,
      "actions": null,
      "additional_units": null,
      "assists": 18,
      "backpack_0": 16,
      "backpack_1": 16,
      "backpack_2": 0,
      "backpack_3": null,
      "buyback_log": null,
      "camps_stacked": null,
      "connection_log": null,
      "creeps_stacked": null,
      "damage": null,
      "damage_inflictor": null,
      "damage_inflictor_received": null,
      "damage_taken": null,
      "damage_targets": null,
      "deaths": 2,
      "denies": 4,
      "dn_t": null,
      "firstblood_claimed": null,
      "gold": 1587,
      "gold_per_min": 504,
      "gold_reasons": null,
      "gold_spent": 14345,
      "gold_t": null,
      "hero_damage": 19651,
      "hero_healing": 0,
      "hero_hits": null,
      "hero_id": 21,
      "item_0": 166,
      "item_1": 116,
      "item_2": 41,
      "item_3": 48,
      "item_4": 40,
      "item_5": 0,
      "item_neutral": 288,
      "item_uses": null,
      "kill_streaks": null,
      "killed": null,
      "killed_by": null,
      "kills": 15,
      "kills_log": null,
      "lane_pos": null,
      "last_hits": 111,
      "leaver_status": 0,
      "level": 19,
      "lh_t": null,
      "life_state": null,
      "max_hero_hit": null,
      "multi_kills": null,
      "net_worth": 15042,
      "obs": null,
      "obs_left_log": null,
      "obs_log": null,
      "obs_placed": null,
      "party_id": 1,
      "party_size": 1,
      "performance_others": null,
      "permanent_buffs": [
        {
          "permanent_buff": 12,
          "stack_count": 0,
          "grant_time": 1818
        }
      ],
      "pings": null,
      "pred_vict": null,
      "purchase": null,
      "purchase_log": null,
      "randomed": null,
      "repicked": null,
      "roshans_killed": null,
      "rune_pickups": null,
      "runes": null,
      "runes_log": null,
      "sen": null,
      "sen_left_log": null,
      "sen_log": null,
      "sen_placed": null,
      "stuns": null,
      "teamfight_participation": null,
      "times": null,
      "tower_damage": 4353,
      "towers_killed": null,
      "xp_per_min": 652,
      "xp_reasons": null,
      "xp_t": null,
      "start_time": 1669911294,
      "duration": 1864,
      "cluster": 193,
      "lobby_type": 7,
      "game_mode": 22,
      "is_contributor": false,
      "patch": 51,
      "region": 9,
      "isRadiant": true,
      "total_gold": 15657,
      "total_xp": 20255,
      "kills_per_min": 0.48283261802575106,
      "kda": 11,
      "abandons": 0,
      "rank_tier": null,
      "is_subscriber": false,
      "cosmetics": [],
      "benchmarks": {
        "gold_per_min": {
          "raw": 504,
          "pct": 0.575
        },
        "xp_per_min": {
          "raw": 652,
          "pct": 0.425
        },
        "kills_per_min": {
          "raw": 0.48283261802575106,
          "pct": 0.95
        },
        "last_hits_per_min": {
          "raw": 3.5729613733905583,
          "pct": 0.3
        },
        "hero_damage_per_min": {
          "raw": 632.5429184549356,
          "pct": 0.475
        },
        "hero_healing_per_min": {
          "raw": 0,
          "pct": 0.825
        },
        "tower_damage": {
          "raw": 4353,
          "pct": 0.725
        },
        "stuns_per_min": {
          "raw": 0,
          "pct": 0
        },
        "lhten": {}
      }
    },
    {
      "player_slot": 2,
      "ability_targets": null,
      "ability_upgrades_arr": [
        5462,
        5464,
        5463,
        5462,
        5462,
        5465,
        5462,
        5464,
        5464,
        5464,
        402,
        5465,
        5463,
        5463,
        1051,
        5463,
        5465
      ],
      "ability_uses": null,
      "actions": null,
      "additional_units": null,
      "assists": 23,
      "backpack_0": 36,
      "backpack_1": 0,
      "backpack_2": 0,
      "backpack_3": null,
      "buyback_log": null,
      "camps_stacked": null,
      "connection_log": null,
      "creeps_stacked": null,
      "damage": null,
      "damage_inflictor": null,
      "damage_inflictor_received": null,
      "damage_taken": null,
      "damage_targets": null,
      "deaths": 7,
      "denies": 3,
      "dn_t": null,
      "firstblood_claimed": null,
      "gold": 808,
      "gold_per_min": 320,
      "gold_reasons": null,
      "gold_spent": 9410,
      "gold_t": null,
      "hero_damage": 12319,
      "hero_healing": 0,
      "hero_hits": null,
      "hero_id": 88,
      "item_0": 23,
      "item_1": 21,
      "item_2": 22,
      "item_3": 30,
      "item_4": 214,
      "item_5": 1,
      "item_neutral": 680,
      "item_uses": null,
      "kill_streaks": null,
      "killed": null,
      "killed_by": null,
      "kills": 2,
      "kills_log": null,
      "lane_pos": null,
      "last_hits": 48,
      "leaver_status": 0,
      "level": 18,
      "lh_t": null,
      "life_state": null,
      "max_hero_hit": null,
      "multi_kills": null,
      "net_worth": 8733,
      "obs": null,
      "obs_left_log": null,
      "obs_log": null,
      "obs_placed": null,
      "party_id": 2,
      "party_size": 1,
      "performance_others": null,
      "permanent_buffs": [
        {
          "permanent_buff": 6,
          "stack_count": 2,
          "grant_time": 926
        }
      ],
      "pings": null,
      "pred_vict": null,
      "purchase": null,
      "purchase_log": null,
      "randomed": null,
      "repicked": null,
      "roshans_killed": null,
      "rune_pickups": null,
      "runes": null,
      "runes_log": null,
      "sen": null,
      "sen_left_log": null,
      "sen_log": null,
      "sen_placed": null,
      "stuns": null,
      "teamfight_participation": null,
      "times": null,
      "tower_damage": 228,
      "towers_killed": null,
      "xp_per_min": 576,
      "xp_reasons": null,
      "xp_t": null,
      "personaname": "ГДЕ ОН ДЕЛСЯ",
      "name": null,
      "last_login": null,
      "start_time": 1669911294,
      "duration": 1864,
      "cluster": 193,
      "lobby_type": 7,
      "game_mode": 22,
      "is_contributor": false,
      "patch": 51,
      "region": 9,
      "isRadiant": true,
      "total_gold": 9941,
      "total_xp": 17894,
      "kills_per_min": 0.06437768240343347,
      "kda": 3,
      "abandons": 0,
      "rank_tier": 41,
      "is_subscriber": false,
      "cosmetics": [],
      "benchmarks": {
        "gold_per_min": {
          "raw": 320,
          "pct": 0.5714285714285714
        },
        "xp_per_min": {
          "raw": 576,
          "pct": 0.5714285714285714
        },
        "kills_per_min": {
          "raw": 0.06437768240343347,
          "pct": 0.2857142857142857
        },
        "last_hits_per_min": {
          "raw": 1.5450643776824033,
          "pct": 0.6428571428571429
        },
        "hero_damage_per_min": {
          "raw": 396.53433476394855,
          "pct": 0.42857142857142855
        },
        "hero_healing_per_min": {
          "raw": 0,
          "pct": 1
        },
        "tower_damage": {
          "raw": 228,
          "pct": 0.35714285714285715
        },
        "stuns_per_min": {
          "raw": 0,
          "pct": 0
        },
        "lhten": {}
      }
    },
    {
      "player_slot": 3,
      "ability_targets": null,
      "ability_upgrades_arr": [
        5256,
        5257,
        5256,
        5255,
        5256,
        5255,
        5256,
        5258,
        5255,
        5255,
        420,
        5258,
        5257,
        5257,
        6365,
        5257,
        5258
      ],
      "ability_uses": null,
      "actions": null,
      "additional_units": null,
      "assists": 25,
      "backpack_0": 0,
      "backpack_1": 0,
      "backpack_2": 0,
      "backpack_3": null,
      "buyback_log": null,
      "camps_stacked": null,
      "connection_log": null,
      "creeps_stacked": null,
      "damage": null,
      "damage_inflictor": null,
      "damage_inflictor_received": null,
      "damage_taken": null,
      "damage_targets": null,
      "deaths": 2,
      "denies": 0,
      "dn_t": null,
      "firstblood_claimed": null,
      "gold": 902,
      "gold_per_min": 569,
      "gold_reasons": null,
      "gold_spent": 17255,
      "gold_t": null,
      "hero_damage": 23643,
      "hero_healing": 1804,
      "hero_hits": null,
      "hero_id": 55,
      "item_0": 635,
      "item_1": 226,
      "item_2": 178,
      "item_3": 242,
      "item_4": 34,
      "item_5": 29,
      "item_neutral": 358,
      "item_uses": null,
      "kill_streaks": null,
      "killed": null,
      "killed_by": null,
      "kills": 12,
      "kills_log": null,
      "lane_pos": null,
      "last_hits": 201,
      "leaver_status": 0,
      "level": 19,
      "lh_t": null,
      "life_state": null,
      "max_hero_hit": null,
      "multi_kills": null,
      "net_worth": 16282,
      "obs": null,
      "obs_left_log": null,
      "obs_log": null,
      "obs_placed": null,
      "party_id": 3,
      "party_size": 1,
      "performance_others": null,
      "permanent_buffs": [],
      "pings": null,
      "pred_vict": null,
      "purchase": null,
      "purchase_log": null,
      "randomed": null,
      "repicked": null,
      "roshans_killed": null,
      "rune_pickups": null,
      "runes": null,
      "runes_log": null,
      "sen": null,
      "sen_left_log": null,
      "sen_log": null,
      "sen_placed": null,
      "stuns": null,
      "teamfight_participation": null,
      "times": null,
      "tower_damage": 4122,
      "towers_killed": null,
      "xp_per_min": 638,
      "xp_reasons": null,
      "xp_t": null,
      "start_time": 1669911294,
      "duration": 1864,
      "cluster": 193,
      "lobby_type": 7,
      "game_mode": 22,
      "is_contributor": false,
      "patch": 51,
      "region": 9,
      "isRadiant": true,
      "total_gold": 17676,
      "total_xp": 19820,
      "kills_per_min": 0.38626609442060084,
      "kda": 12,
      "abandons": 0,
      "rank_tier": null,
      "is_subscriber": false,
      "cosmetics": [],
      "benchmarks": {
        "gold_per_min": {
          "raw": 569,
          "pct": 0.8
        },
        "xp_per_min": {
          "raw": 638,
          "pct": 0.6
        },
        "kills_per_min": {
          "raw": 0.38626609442060084,
          "pct": 1
        },
        "last_hits_per_min": {
          "raw": 6.469957081545064,
          "pct": 0.6
        },
        "hero_damage_per_min": {
          "raw": 761.0407725321888,
          "pct": 0.8
        },
        "hero_healing_per_min": {
          "raw": 58.06866952789699,
          "pct": 0.2
        },
        "tower_damage": {
          "raw": 4122,
          "pct": 1
        },
        "stuns_per_min": {
          "raw": 0,
          "pct": 0
        },
        "lhten": {}
      }
    },
    {
      "player_slot": 4,
      "ability_targets": null,
      "ability_upgrades_arr": [
        5017,
        5016,
        5017,
        5016,
        5017,
        5018,
        5017,
        5016,
        5016,
        5015,
        5015,
        5018,
        482,
        5015,
        6356,
        5015,
        5018,
        6357
      ],
      "ability_uses": null,
      "actions": null,
      "additional_units": null,
      "assists": 13,
      "backpack_0": 11,
      "backpack_1": 0,
      "backpack_2": 36,
      "backpack_3": null,
      "buyback_log": null,
      "camps_stacked": null,
      "connection_log": null,
      "creeps_stacked": null,
      "damage": null,
      "damage_inflictor": null,
      "damage_inflictor_received": null,
      "damage_taken": null,
      "damage_targets": null,
      "deaths": 4,
      "denies": 9,
      "dn_t": null,
      "firstblood_claimed": null,
      "gold": 4953,
      "gold_per_min": 680,
      "gold_reasons": null,
      "gold_spent": 15720,
      "gold_t": null,
      "hero_damage": 26695,
      "hero_healing": 0,
      "hero_hits": null,
      "hero_id": 4,
      "item_0": 50,
      "item_1": 1466,
      "item_2": 116,
      "item_3": 75,
      "item_4": 143,
      "item_5": 0,
      "item_neutral": 309,
      "item_uses": null,
      "kill_streaks": null,
      "killed": null,
      "killed_by": null,
      "kills": 16,
      "kills_log": null,
      "lane_pos": null,
      "last_hits": 219,
      "leaver_status": 0,
      "level": 21,
      "lh_t": null,
      "life_state": null,
      "max_hero_hit": null,
      "multi_kills": null,
      "net_worth": 20583,
      "obs": null,
      "obs_left_log": null,
      "obs_log": null,
      "obs_placed": null,
      "party_id": 4,
      "party_size": 1,
      "performance_others": null,
      "permanent_buffs": [],
      "pings": null,
      "pred_vict": null,
      "purchase": null,
      "purchase_log": null,
      "randomed": null,
      "repicked": null,
      "roshans_killed": null,
      "rune_pickups": null,
      "runes": null,
      "runes_log": null,
      "sen": null,
      "sen_left_log": null,
      "sen_log": null,
      "sen_placed": null,
      "stuns": null,
      "teamfight_participation": null,
      "times": null,
      "tower_damage": 11066,
      "towers_killed": null,
      "xp_per_min": 829,
      "xp_reasons": null,
      "xp_t": null,
      "start_time": 1669911294,
      "duration": 1864,
      "cluster": 193,
      "lobby_type": 7,
      "game_mode": 22,
      "is_contributor": false,
      "patch": 51,
      "region": 9,
      "isRadiant": true,
      "total_gold": 21125,
      "total_xp": 25754,
      "kills_per_min": 0.5150214592274678,
      "kda": 5,
      "abandons": 0,
      "rank_tier": null,
      "is_subscriber": false,
      "cosmetics": [],
      "benchmarks": {
        "gold_per_min": {
          "raw": 680,
          "pct": 0.76
        },
        "xp_per_min": {
          "raw": 829,
          "pct": 0.76
        },
        "kills_per_min": {
          "raw": 0.5150214592274678,
          "pct": 0.96
        },
        "last_hits_per_min": {
          "raw": 7.049356223175966,
          "pct": 0.44
        },
        "hero_damage_per_min": {
          "raw": 859.2811158798283,
          "pct": 0.8
        },
        "hero_healing_per_min": {
          "raw": 0,
          "pct": 1
        },
        "tower_damage": {
          "raw": 11066,
          "pct": 0.88
        },
        "stuns_per_min": {
          "raw": 0,
          "pct": 0.36
        },
        "lhten": {}
      }
    },
    {
      "player_slot": 128,
      "ability_targets": null,
      "ability_upgrades_arr": [
        5127,
        5126,
        5128,
        5127,
        5127,
        5129,
        5127,
        5128,
        5126,
        5126,
        5128
      ],
      "ability_uses": null,
      "actions": null,
      "additional_units": null,
      "assists": 6,
      "backpack_0": 0,
      "backpack_1": 0,
      "backpack_2": 0,
      "backpack_3": null,
      "buyback_log": null,
      "camps_stacked": null,
      "connection_log": null,
      "creeps_stacked": null,
      "damage": null,
      "damage_inflictor": null,
      "damage_inflictor_received": null,
      "damage_taken": null,
      "damage_targets": null,
      "deaths": 15,
      "denies": 1,
      "dn_t": null,
      "firstblood_claimed": null,
      "gold": 1081,
      "gold_per_min": 190,
      "gold_reasons": null,
      "gold_spent": 4445,
      "gold_t": null,
      "hero_damage": 10027,
      "hero_healing": 0,
      "hero_hits": null,
      "hero_id": 5,
      "item_0": 214,
      "item_1": 218,
      "item_2": 254,
      "item_3": 0,
      "item_4": 0,
      "item_5": 0,
      "item_neutral": 990,
      "item_uses": null,
      "kill_streaks": null,
      "killed": null,
      "killed_by": null,
      "kills": 2,
      "kills_log": null,
      "lane_pos": null,
      "last_hits": 13,
      "leaver_status": 0,
      "level": 11,
      "lh_t": null,
      "life_state": null,
      "max_hero_hit": null,
      "multi_kills": null,
      "net_worth": 4006,
      "obs": null,
      "obs_left_log": null,
      "obs_log": null,
      "obs_placed": null,
      "party_id": 5,
      "party_size": 1,
      "performance_others": null,
      "permanent_buffs": [],
      "pings": null,
      "pred_vict": null,
      "purchase": null,
      "purchase_log": null,
      "randomed": null,
      "repicked": null,
      "roshans_killed": null,
      "rune_pickups": null,
      "runes": null,
      "runes_log": null,
      "sen": null,
      "sen_left_log": null,
      "sen_log": null,
      "sen_placed": null,
      "stuns": null,
      "teamfight_participation": null,
      "times": null,
      "tower_damage": 0,
      "towers_killed": null,
      "xp_per_min": 252,
      "xp_reasons": null,
      "xp_t": null,
      "personaname": "black",
      "name": null,
      "last_login": null,
      "start_time": 1669911294,
      "duration": 1864,
      "cluster": 193,
      "lobby_type": 7,
      "game_mode": 22,
      "is_contributor": false,
      "patch": 51,
      "region": 9,
      "isRadiant": false,
      "total_gold": 5902,
      "total_xp": 7828,
      "kills_per_min": 0.06437768240343347,
      "kda": 0,
      "abandons": 0,
      "rank_tier": 41,
      "is_subscriber": false,
      "cosmetics": [],
      "benchmarks": {
        "gold_per_min": {
          "raw": 190,
          "pct": 0.125
        },
        "xp_per_min": {
          "raw": 252,
          "pct": 0.15
        },
        "kills_per_min": {
          "raw": 0.06437768240343347,
          "pct": 0.25
        },
        "last_hits_per_min": {
          "raw": 0.4184549356223176,
          "pct": 0.05
        },
        "hero_damage_per_min": {
          "raw": 322.7575107296137,
          "pct": 0.275
        },
        "hero_healing_per_min": {
          "raw": 0,
          "pct": 0.875
        },
        "tower_damage": {
          "raw": 0,
          "pct": 0.425
        },
        "stuns_per_min": {
          "raw": 0,
          "pct": 0.025
        },
        "lhten": {}
      }
    },
    {
      "player_slot": 129,
      "ability_targets": null,
      "ability_upgrades_arr": [
        656,
        5263,
        895,
        5263,
        5263,
        5266,
        5263,
        895,
        895,
        404,
        895,
        5266,
        656,
        656
      ],
      "ability_uses": null,
      "actions": null,
      "additional_units": null,
      "assists": 4,
      "backpack_0": 0,
      "backpack_1": 0,
      "backpack_2": 0,
      "backpack_3": null,
      "buyback_log": null,
      "camps_stacked": null,
      "connection_log": null,
      "creeps_stacked": null,
      "damage": null,
      "damage_inflictor": null,
      "damage_inflictor_received": null,
      "damage_taken": null,
      "damage_targets": null,
      "deaths": 9,
      "denies": 4,
      "dn_t": null,
      "firstblood_claimed": null,
      "gold": 814,
      "gold_per_min": 228,
      "gold_reasons": null,
      "gold_spent": 6380,
      "gold_t": null,
      "hero_damage": 9275,
      "hero_healing": 1800,
      "hero_hits": null,
      "hero_id": 57,
      "item_0": 50,
      "item_1": 34,
      "item_2": 178,
      "item_3": 0,
      "item_4": 0,
      "item_5": 252,
      "item_neutral": 947,
      "item_uses": null,
      "kill_streaks": null,
      "killed": null,
      "killed_by": null,
      "kills": 2,
      "kills_log": null,
      "lane_pos": null,
      "last_hits": 52,
      "leaver_status": 0,
      "level": 14,
      "lh_t": null,
      "life_state": null,
      "max_hero_hit": null,
      "multi_kills": null,
      "net_worth": 5969,
      "obs": null,
      "obs_left_log": null,
      "obs_log": null,
      "obs_placed": null,
      "party_id": 6,
      "party_size": 1,
      "performance_others": null,
      "permanent_buffs": [
        {
          "permanent_buff": 6,
          "stack_count": 1,
          "grant_time": 1469
        }
      ],
      "pings": null,
      "pred_vict": null,
      "purchase": null,
      "purchase_log": null,
      "randomed": null,
      "repicked": null,
      "roshans_killed": null,
      "rune_pickups": null,
      "runes": null,
      "runes_log": null,
      "sen": null,
      "sen_left_log": null,
      "sen_log": null,
      "sen_placed": null,
      "stuns": null,
      "teamfight_participation": null,
      "times": null,
      "tower_damage": 0,
      "towers_killed": null,
      "xp_per_min": 382,
      "xp_reasons": null,
      "xp_t": null,
      "personaname": "Larry",
      "name": null,
      "last_login": null,
      "start_time": 1669911294,
      "duration": 1864,
      "cluster": 193,
      "lobby_type": 7,
      "game_mode": 22,
      "is_contributor": false,
      "patch": 51,
      "region": 9,
      "isRadiant": false,
      "total_gold": 7083,
      "total_xp": 11867,
      "kills_per_min": 0.06437768240343347,
      "kda": 0,
      "abandons": 0,
      "rank_tier": 24,
      "is_subscriber": false,
      "cosmetics": [],
      "benchmarks": {
        "gold_per_min": {
          "raw": 228,
          "pct": 0.125
        },
        "xp_per_min": {
          "raw": 382,
          "pct": 0.1875
        },
        "kills_per_min": {
          "raw": 0.06437768240343347,
          "pct": 0.4375
        },
        "last_hits_per_min": {
          "raw": 1.6738197424892705,
          "pct": 0.4375
        },
        "hero_damage_per_min": {
          "raw": 298.5515021459227,
          "pct": 0.8125
        },
        "hero_healing_per_min": {
          "raw": 57.93991416309013,
          "pct": 0.125
        },
        "tower_damage": {
          "raw": 0,
          "pct": 0
        },
        "stuns_per_min": {
          "raw": 0,
          "pct": 0.9375
        },
        "lhten": {}
      }
    },
    {
      "player_slot": 130,
      "ability_targets": null,
      "ability_upgrades_arr": [
        5155,
        5156,
        5155,
        5156,
        5155,
        5154,
        5154,
        5154,
        5157,
        5154,
        5155,
        5156,
        5156,
        6897,
        5907
      ],
      "ability_uses": null,
      "actions": null,
      "additional_units": null,
      "assists": 1,
      "backpack_0": 39,
      "backpack_1": 0,
      "backpack_2": 0,
      "backpack_3": null,
      "buyback_log": null,
      "camps_stacked": null,
      "connection_log": null,
      "creeps_stacked": null,
      "damage": null,
      "damage_inflictor": null,
      "damage_inflictor_received": null,
      "damage_taken": null,
      "damage_targets": null,
      "deaths": 10,
      "denies": 14,
      "dn_t": null,
      "firstblood_claimed": null,
      "gold": 1089,
      "gold_per_min": 468,
      "gold_reasons": null,
      "gold_spent": 11250,
      "gold_t": null,
      "hero_damage": 22721,
      "hero_healing": 0,
      "hero_hits": null,
      "hero_id": 35,
      "item_0": 63,
      "item_1": 218,
      "item_2": 172,
      "item_3": 236,
      "item_4": 135,
      "item_5": 75,
      "item_neutral": 331,
      "item_uses": null,
      "kill_streaks": null,
      "killed": null,
      "killed_by": null,
      "kills": 5,
      "kills_log": null,
      "lane_pos": null,
      "last_hits": 169,
      "leaver_status": 0,
      "level": 15,
      "lh_t": null,
      "life_state": null,
      "max_hero_hit": null,
      "multi_kills": null,
      "net_worth": 11694,
      "obs": null,
      "obs_left_log": null,
      "obs_log": null,
      "obs_placed": null,
      "party_id": 7,
      "party_size": 1,
      "performance_others": null,
      "permanent_buffs": [],
      "pings": null,
      "pred_vict": null,
      "purchase": null,
      "purchase_log": null,
      "randomed": null,
      "repicked": null,
      "roshans_killed": null,
      "rune_pickups": null,
      "runes": null,
      "runes_log": null,
      "sen": null,
      "sen_left_log": null,
      "sen_log": null,
      "sen_placed": null,
      "stuns": null,
      "teamfight_participation": null,
      "times": null,
      "tower_damage": 89,
      "towers_killed": null,
      "xp_per_min": 439,
      "xp_reasons": null,
      "xp_t": null,
      "personaname": "Everyone Muted",
      "name": null,
      "last_login": null,
      "start_time": 1669911294,
      "duration": 1864,
      "cluster": 193,
      "lobby_type": 7,
      "game_mode": 22,
      "is_contributor": false,
      "patch": 51,
      "region": 9,
      "isRadiant": false,
      "total_gold": 14539,
      "total_xp": 13638,
      "kills_per_min": 0.1609442060085837,
      "kda": 0,
      "abandons": 0,
      "rank_tier": 42,
      "is_subscriber": false,
      "cosmetics": [],
      "benchmarks": {
        "gold_per_min": {
          "raw": 468,
          "pct": 0.07407407407407407
        },
        "xp_per_min": {
          "raw": 439,
          "pct": 0.037037037037037035
        },
        "kills_per_min": {
          "raw": 0.1609442060085837,
          "pct": 0.25925925925925924
        },
        "last_hits_per_min": {
          "raw": 5.439914163090129,
          "pct": 0.14814814814814814
        },
        "hero_damage_per_min": {
          "raw": 731.362660944206,
          "pct": 0.37037037037037035
        },
        "hero_healing_per_min": {
          "raw": 0,
          "pct": 0.9629629629629629
        },
        "tower_damage": {
          "raw": 89,
          "pct": 0.037037037037037035
        },
        "stuns_per_min": {
          "raw": 0,
          "pct": 0.1111111111111111
        },
        "lhten": {}
      }
    },
    {
      "player_slot": 131,
      "ability_targets": null,
      "ability_upgrades_arr": [
        5048,
        5051,
        5050,
        5051,
        5051,
        5049,
        5051,
        5048,
        5048,
        5048,
        6397,
        5049
      ],
      "ability_uses": null,
      "actions": null,
      "additional_units": null,
      "assists": 7,
      "backpack_0": 0,
      "backpack_1": 0,
      "backpack_2": 0,
      "backpack_3": null,
      "buyback_log": null,
      "camps_stacked": null,
      "connection_log": null,
      "creeps_stacked": null,
      "damage": null,
      "damage_inflictor": null,
      "damage_inflictor_received": null,
      "damage_taken": null,
      "damage_targets": null,
      "deaths": 9,
      "denies": 2,
      "dn_t": null,
      "firstblood_claimed": null,
      "gold": 1483,
      "gold_per_min": 223,
      "gold_reasons": null,
      "gold_spent": 5245,
      "gold_t": null,
      "hero_damage": 7885,
      "hero_healing": 0,
      "hero_hits": null,
      "hero_id": 9,
      "item_0": 0,
      "item_1": 206,
      "item_2": 0,
      "item_3": 180,
      "item_4": 218,
      "item_5": 0,
      "item_neutral": 589,
      "item_uses": null,
      "kill_streaks": null,
      "killed": null,
      "killed_by": null,
      "kills": 2,
      "kills_log": null,
      "lane_pos": null,
      "last_hits": 36,
      "leaver_status": 0,
      "level": 12,
      "lh_t": null,
      "life_state": null,
      "max_hero_hit": null,
      "multi_kills": null,
      "net_worth": 5783,
      "obs": null,
      "obs_left_log": null,
      "obs_log": null,
      "obs_placed": null,
      "party_id": 8,
      "party_size": 1,
      "performance_others": null,
      "permanent_buffs": [
        {
          "permanent_buff": 6,
          "stack_count": 1,
          "grant_time": 970
        }
      ],
      "pings": null,
      "pred_vict": null,
      "purchase": null,
      "purchase_log": null,
      "randomed": null,
      "repicked": null,
      "roshans_killed": null,
      "rune_pickups": null,
      "runes": null,
      "runes_log": null,
      "sen": null,
      "sen_left_log": null,
      "sen_log": null,
      "sen_placed": null,
      "stuns": null,
      "teamfight_participation": null,
      "times": null,
      "tower_damage": 0,
      "towers_killed": null,
      "xp_per_min": 278,
      "xp_reasons": null,
      "xp_t": null,
      "start_time": 1669911294,
      "duration": 1864,
      "cluster": 193,
      "lobby_type": 7,
      "game_mode": 22,
      "is_contributor": false,
      "patch": 51,
      "region": 9,
      "isRadiant": false,
      "total_gold": 6927,
      "total_xp": 8636,
      "kills_per_min": 0.06437768240343347,
      "kda": 0,
      "abandons": 0,
      "rank_tier": null,
      "is_subscriber": false,
      "cosmetics": [],
      "benchmarks": {
        "gold_per_min": {
          "raw": 223,
          "pct": 0.03636363636363636
        },
        "xp_per_min": {
          "raw": 278,
          "pct": 0.05454545454545454
        },
        "kills_per_min": {
          "raw": 0.06437768240343347,
          "pct": 0.21818181818181817
        },
        "last_hits_per_min": {
          "raw": 1.1587982832618027,
          "pct": 0.16363636363636364
        },
        "hero_damage_per_min": {
          "raw": 253.8090128755365,
          "pct": 0.16363636363636364
        },
        "hero_healing_per_min": {
          "raw": 0,
          "pct": 0.4909090909090909
        },
        "tower_damage": {
          "raw": 0,
          "pct": 0.10909090909090909
        },
        "stuns_per_min": {
          "raw": 0,
          "pct": 0
        },
        "lhten": {}
      }
    },
    {
      "player_slot": 132,
      "ability_targets": null,
      "ability_upgrades_arr": [
        5062,
        5063,
        5062,
        5063,
        5062,
        5063,
        5062,
        5064,
        5063,
        6016,
        5061,
        5064,
        5061,
        5061,
        6875,
        5059
      ],
      "ability_uses": null,
      "actions": null,
      "additional_units": null,
      "assists": 5,
      "backpack_0": 0,
      "backpack_1": 39,
      "backpack_2": 0,
      "backpack_3": null,
      "buyback_log": null,
      "camps_stacked": null,
      "connection_log": null,
      "creeps_stacked": null,
      "damage": null,
      "damage_inflictor": null,
      "damage_inflictor_received": null,
      "damage_taken": null,
      "damage_targets": null,
      "deaths": 10,
      "denies": 11,
      "dn_t": null,
      "firstblood_claimed": null,
      "gold": 771,
      "gold_per_min": 424,
      "gold_reasons": null,
      "gold_spent": 11940,
      "gold_t": null,
      "hero_damage": 14505,
      "hero_healing": 0,
      "hero_hits": null,
      "hero_id": 11,
      "item_0": 249,
      "item_1": 63,
      "item_2": 216,
      "item_3": 172,
      "item_4": 75,
      "item_5": 0,
      "item_neutral": 1077,
      "item_uses": null,
      "kill_streaks": null,
      "killed": null,
      "killed_by": null,
      "kills": 7,
      "kills_log": null,
      "lane_pos": null,
      "last_hits": 154,
      "leaver_status": 0,
      "level": 18,
      "lh_t": null,
      "life_state": null,
      "max_hero_hit": null,
      "multi_kills": null,
      "net_worth": 11401,
      "obs": null,
      "obs_left_log": null,
      "obs_log": null,
      "obs_placed": null,
      "party_id": 9,
      "party_size": 1,
      "performance_others": null,
      "permanent_buffs": [
        {
          "permanent_buff": 12,
          "stack_count": 0,
          "grant_time": 1760
        }
      ],
      "pings": null,
      "pred_vict": null,
      "purchase": null,
      "purchase_log": null,
      "randomed": null,
      "repicked": null,
      "roshans_killed": null,
      "rune_pickups": null,
      "runes": null,
      "runes_log": null,
      "sen": null,
      "sen_left_log": null,
      "sen_log": null,
      "sen_placed": null,
      "stuns": null,
      "teamfight_participation": null,
      "times": null,
      "tower_damage": 1135,
      "towers_killed": null,
      "xp_per_min": 598,
      "xp_reasons": null,
      "xp_t": null,
      "personaname": "HAPPYYYYYYYYYYYYYYYYYYYYYY",
      "name": null,
      "last_login": null,
      "start_time": 1669911294,
      "duration": 1864,
      "cluster": 193,
      "lobby_type": 7,
      "game_mode": 22,
      "is_contributor": false,
      "patch": 51,
      "region": 9,
      "isRadiant": false,
      "total_gold": 13172,
      "total_xp": 18577,
      "kills_per_min": 0.22532188841201717,
      "kda": 1,
      "abandons": 0,
      "rank_tier": 41,
      "is_subscriber": false,
      "cosmetics": [],
      "benchmarks": {
        "gold_per_min": {
          "raw": 424,
          "pct": 0.12
        },
        "xp_per_min": {
          "raw": 598,
          "pct": 0.24
        },
        "kills_per_min": {
          "raw": 0.22532188841201717,
          "pct": 0.54
        },
        "last_hits_per_min": {
          "raw": 4.957081545064378,
          "pct": 0.1
        },
        "hero_damage_per_min": {
          "raw": 466.8991416309013,
          "pct": 0.2
        },
        "hero_healing_per_min": {
          "raw": 0,
          "pct": 0.88
        },
        "tower_damage": {
          "raw": 1135,
          "pct": 0.34
        },
        "stuns_per_min": {
          "raw": 0,
          "pct": 0.02
        },
        "lhten": {}
      }
    }
  ],
  "patch": 51,
  "region": 9
}