{
  "chat": null,
  "cluster": 251,
  "cosmetics": null,
  "dire_score": 32,
  "dire_team_id": null,
  "draft_timings": null,
  "duration": 2078,
  "engine": 1,
  "first_blood_time": 124,
  "game_mode": 22,
  "human_players": 10,
  "leagueid": 0,
  "lobby_type": 7,
  "match_seq_num": 5780335878,
  "negative_votes": 0,
  "objectives": null,
  "picks_bans": [
    {
      "is_pick": true,
      "hero_id": 14,
      "team": 0,
      "order": 0
    },
    {
      "is_pick": true,
      "hero_id": 84,
      "team": 0,
      "order": 1
    },
    {
      "is_pick": true,
      "hero_id": 53,
      "team": 1,
      "order": 2
    },
    {
      "is_pick": true,
      "hero_id": 34,
      "team": 1,
      "order": 3
    },
    {
      "is_pick": true,
      "hero_id": 42,
      "team": 0,
      "order": 4
    },
    {
      "is_pick": true,
      "hero_id": 104,
      "team": 1,
      "order": 5
    },
    {
      "is_pick": true,
      "hero_id": 1,
      "team": 1,
      "order": 6
    },
    {
      "is_pick": true,
      "hero_id": 74,
      "team": 0,
      "order": 7
    },
    {
      "is_pick": true,
      "hero_id": 136,
      "team": 0,
      "order": 8
    },
    {
      "is_pick": true,
      "hero_id": 70,
      "team": 1,
      "order": 9
    },
    {
      "is_pick": true,
      "hero_id": 92,
      "team": 0,
      "order": 10
    },
    {
      "is_pick": false,
      "hero_id": 18,
      "team": 0,
      "order": 11
    },
    {
      "is_pick": false,
      "hero_id": 21,
      "team": 0,
      "order": 12
    },
    {
      "is_pick": false,
      "hero_id": 137,
      "team": 0,
      "order": 13
    }
  ],
  "positive_votes": 0,
  "radiant_gold_adv": null,
  "radiant_score": 42,
  "radiant_team_id": null,
  "radiant_xp_adv": null,
  "skill": null,
  "start_time": 1669911275,
  "teamfights": null,
  "version": null,
  "replay_salt": 1918122103,
  "series_id": 0,
  "series_type": 0,
  "players": [
    {
      "player_slot": 0,
      "ability_targets": null,
      "ability_upgrades_arr": [
        5088,
        5086,
        5087,
        5087,
        5086,
        5089,
        5087,
        5087,
        5086,
        6088,
        5086,
        5089,
        5088,
        5088,
        6822,
        5088,
        5089,
        6821
      ],
      "ability_uses": null,
      "actions": null,
      "additional_units": null,
      "assists": 17,
      "backpack_0": 11,
      "backpack_1": 0,
      "backpack_2": 0,
      "backpack_3": null,
      "buyback_log": null,
      "camps_stacked": null,
      "connection_log": null,
      "creeps_stacked": null,
      "damage": null,
      "damage_inflictor": null,
      "damage_inflictor_received": null,
      "damage_taken": null,
      "damage_targets": null,
      "deaths": 4,
      "denies": 18,
      "dn_t": null,
      "firstblood_claimed": null,
      "gold": 5855,
      "gold_per_min": 633,
      "gold_reasons": null,
      "gold_spent": 15680,
      "gold_t": null,
      "hero_damage": 20405,
      "hero_healing": 0,
      "hero_hits": null,
      "hero_id": 42,
      "item_0": 137,
      "item_1": 34,
      "item_2": 123,
      "item_3": 1,
      "item_4": 50,
      "item_5": 13,
      "item_neutral": 838,
      "item_uses": null,
      "kill_streaks": null,
      "killed": null,
      "killed_by": null,
      "kills": 7,
      "kills_log": null,
      "lane_pos": null,
      "last_hits": 304,
      "leaver_status": 0,
      "level": 22,
      "lh_t": null,
      "life_state": null,
      "max_hero_hit": null,
      "multi_kills": null,
      "net_worth": 21195,
      "obs": null,
      "obs_left_log": null,
      "obs_log": null,
      "obs_placed": null,
      "party_id": 0,
      "party_size": 1,
      "performance_others": null,
      "permanent_buffs": [
        {
          "permanent_buff": 5,
          "stack_count": 38,
          "grant_time": 1680
        },
        {
          "permanent_buff": 12,
          "stack_count": 0,
          "grant_time": 1418
        }
      ],
      "pings": null,
      "pred_vict": null,
      "purchase": null,
      "purchase_log": null,
      "randomed": null,
      "repicked": null,
      "roshans_killed": null,
      "rune_pickups": null,
      "runes": null,
      "runes_log": null,
      "sen": null,
      "sen_left_log": null,
      "sen_log": null,
      "sen_placed": null,
      "stuns": null,
      "teamfight_participation": null,
      "times": null,
      "tower_damage": 6165,
      "towers_killed": null,
      "xp_per_min": 813,
      "xp_reasons": null,
      "xp_t": null,
      "start_time": 1669911275,
      "duration": 2078,
      "cluster": 251,
      "lobby_type": 7,
      "game_mode": 22,
      "is_contributor": false,
      "patch": 51,
      "region": 15,
      "isRadiant": true,
      "total_gold": 21922,
      "total_xp": 28156,
      "kills_per_min": 0.20211742059672763,
      "kda": 4,
      "abandons": 0,
      "rank_tier": null,
      "is_subscriber": false,
      "cosmetics": [],
      "benchmarks": {
        "gold_per_min": {
          "raw": 633,
          "pct": 0.391304347826087
        },
        "xp_per_min": {
          "raw": 813,
          "pct": 0.6086956521739131
        },
        "kills_per_min": {
          "raw": 0.2021174205967276,
          "pct": 0.5652173913043478
        },
        "last_hits_per_min": {
          "raw": 8.7776708373436,
          "pct": 0.43478260869565216
        },
        "hero_damage_per_min": {
          "raw": 589.1722810394609,
          "pct": 0.391304347826087
        },
        "hero_healing_per_min": {
          "raw": 0,
          "pct": 1
        },
        "tower_damage": {
          "raw": 6165,
          "pct": 0.4782608695652174
        },
        "stuns_per_min": {
          "raw": 0,
          "pct": 0
        },
        "lhten": {}
      }
    },
    {
      "player_slot": 1,
      "ability_targets": null,
      "ability_upgrades_arr": [
        5439,
        5440,
        5438,
        5438,
        5440,
        5441,
        5438,
        5438,
        5439,
        403,
        5440,
        5441,
        5439
      ],
      "ability_uses": null,
      "actions": null,
      "additional_units": null,
      "assists": 13,
      "backpack_0": 0,
      "backpack_1": 0,
      "backpack_2": 0,
      "backpack_3": null,
      "buyback_log": null,
      "camps_stacked": null,
      "connection_log": null,
      "creeps_stacked": null,
      "damage": null,
      "damage_inflictor": null,
      "damage_inflictor_received": null,
      "damage_taken": null,
      "damage_targets": null,
      "deaths": 12,
      "denies": 9,
      "dn_t": null,
      "firstblood_claimed": null,
      "gold": 2577,
      "gold_per_min": 262,
      "gold_reasons": null,
      "gold_spent": 6235,
      "gold_t": null,
      "hero_damage": 7693,
      "hero_healing": 0,
      "hero_hits": null,
      "hero_id": 84,
      "item_0": 29,
      "item_1": 37,
      "item_2": 0,
      "item_3": 94,
      "item_4": 216,
      "item_5": 232,
      "item_neutral": 589,
      "item_uses": null,
      "kill_streaks": null,
      "killed": null,
      "killed_by": null,
      "kills": 0,
      "kills_log": null,
      "lane_pos": null,
      "last_hits": 48,
      "leaver_status": 0,
      "level": 13,
      "lh_t": null,
      "life_state": null,
      "max_hero_hit": null,
      "multi_kills": null,
      "net_worth": 7442,
      "obs": null,
      "obs_left_log": null,
      "obs_log": null,
      "obs_placed": null,
      "party_id": 1,
      "party_size": 1,
      "performance_others": null,
      "permanent_buffs": [],
      "pings": null,
      "pred_vict": null,
      "purchase": null,
      "purchase_log": null,
      "randomed": null,
      "repicked": null,
      "roshans_killed": null,
      "rune_pickups": null,
      "runes": null,
      "runes_log": null,
      "sen": null,
      "sen_left_log": null,
      "sen_log": null,
      "sen_placed": null,
      "stuns": null,
      "teamfight_participation": null,
      "times": null,
      "tower_damage": 0,
      "towers_killed": null,
      "xp_per_min": 307,
      "xp_reasons": null,
      "xp_t": null,
      "start_time": 1669911275,
      "duration": 2078,
      "cluster": 251,
      "lobby_type": 7,
      "game_mode": 22,
      "is_contributor": false,
      "patch": 51,
      "region": 15,
      "isRadiant": true,
      "total_gold": 9073,
      "total_xp": 10632,
      "kda": 1,
      "abandons": 0,
      "rank_tier": null,
      "is_subscriber": false,
      "cosmetics": [],
      "benchmarks": {
        "gold_per_min": {
          "raw": 262,
          "pct": 0.2777777777777778
        },
        "xp_per_min": {
          "raw": 307,
          "pct": 0.1111111111111111
        },
        "kills_per_min": {
          "raw": 0,
          "pct": 0
        },
        "last_hits_per_min": {
          "raw": 1.3859480269489892,
          "pct": 0.5
        },
        "hero_damage_per_min": {
          "raw": 222.12704523580365,
          "pct": 0
        },
        "hero_healing_per_min": {
          "raw": 0,
          "pct": 0.8333333333333334
        },
        "tower_damage": {
          "raw": 0,
          "pct": 0.3055555555555556
        },
        "stuns_per_min": {
          "raw": 0,
          "pct": 0
        },
        "lhten": {}
      }
    },
    {
      "player_slot": 2,
      "ability_targets": null,
      "ability_upgrades_arr": [
        5372,
        5370,
        5372,
        5370,
        5372,
        5371,
        5372,
        5370,
        5370,
        5372,
        5371,
        5370,
        5371,
        5371,
        5371,
        5370,
        5372,
        7148,
        5372,
        5371,
        6811,
        5371,
        5370
      ],
      "ability_uses": null,
      "actions": null,
      "additional_units": null,
      "assists": 13,
      "backpack_0": 0,
      "backpack_1": 0,
      "backpack_2": 0,
      "backpack_3": null,
      "buyback_log": null,
      "camps_stacked": null,
      "connection_log": null,
      "creeps_stacked": null,
      "damage": null,
      "damage_inflictor": null,
      "damage_inflictor_received": null,
      "damage_taken": null,
      "damage_targets": null,
      "deaths": 4,
      "denies": 11,
      "dn_t": null,
      "firstblood_claimed": null,
      "gold": 3149,
      "gold_per_min": 547,
      "gold_reasons": null,
      "gold_spent": 15955,
      "gold_t": null,
      "hero_damage": 25882,
      "hero_healing": 0,
      "hero_hits": null,
      "hero_id": 74,
      "item_0": 77,
      "item_1": 77,
      "item_2": 65,
      "item_3": 48,
      "item_4": 116,
      "item_5": 96,
      "item_neutral": 331,
      "item_uses": null,
      "kill_streaks": null,
      "killed": null,
      "killed_by": null,
      "kills": 11,
      "kills_log": null,
      "lane_pos": null,
      "last_hits": 129,
      "leaver_status": 0,
      "level": 23,
      "lh_t": null,
      "life_state": null,
      "max_hero_hit": null,
      "multi_kills": null,
      "net_worth": 18584,
      "obs": null,
      "obs_left_log": null,
      "obs_log": null,
      "obs_placed": null,
      "party_id": 2,
      "party_size": 1,
      "performance_others": null,
      "permanent_buffs": [
        {
          "permanent_buff": 6,
          "stack_count": 2,
          "grant_time": 904
        }
      ],
      "pings": null,
      "pred_vict": null,
      "purchase": null,
      "purchase_log": null,
      "randomed": null,
      "repicked": null,
      "roshans_killed": null,
      "rune_pickups": null,
      "runes": null,
      "runes_log": null,
      "sen": null,
      "sen_left_log": null,
      "sen_log": null,
      "sen_placed": null,
      "stuns": null,
      "teamfight_participation": null,
      "times": null,
      "tower_damage": 5815,
      "towers_killed": null,
      "xp_per_min": 876,
      "xp_reasons": null,
      "xp_t": null,
      "start_time": 1669911275,
      "duration": 2078,
      "cluster": 251,
      "lobby_type": 7,
      "game_mode": 22,
      "is_contributor": false,
      "patch": 51,
      "region": 15,
      "isRadiant": true,
      "total_gold": 18944,
      "total_xp": 30338,
      "kills_per_min": 0.3176130895091434,
      "kda": 4,
      "abandons": 0,
      "rank_tier": null,
      "is_subscriber": false,
      "cosmetics": [],
      "benchmarks": {
        "gold_per_min": {
          "raw": 547,
          "pct": 0.5483870967741935
        },
        "xp_per_min": {
          "raw": 876,
          "pct": 0.9032258064516129
        },
        "kills_per_min": {
          "raw": 0.3176130895091434,
          "pct": 0.9354838709677419
        },
        "last_hits_per_min": {
          "raw": 3.724735322425409,
          "pct": 0.22580645161290322
        },
        "hero_damage_per_min": {
          "raw": 747.3147256977863,
          "pct": 0.6451612903225806
        },
        "hero_healing_per_min": {
          "raw": 0,
          "pct": 0.7096774193548387
        },
        "tower_damage": {
          "raw": 5815,
          "pct": 0.7741935483870968
        },
        "stuns_per_min": {
          "raw": 0,
          "pct": 0
        },
        "lhten": {}
      }
    },
    {
      "player_slot": 3,
      "ability_targets": null,
      "ability_upgrades_arr": [
        8234,
        8192,
        8235,
        8234,
        8192,
        8198,
        8192,
        8235,
        8234,
        8243,
        8235,
        8198,
        8192,
        8235,
        8245,
        8234,
        8198,
        8238
      ],
      "ability_uses": null,
      "actions": null,
      "additional_units": null,
      "assists": 14,
      "backpack_0": 11,
      "backpack_1": 0,
      "backpack_2": 0,
      "backpack_3": null,
      "buyback_log": null,
      "camps_stacked": null,
      "connection_log": null,
      "creeps_stacked": null,
      "damage": null,
      "damage_inflictor": null,
      "damage_inflictor_received": null,
      "damage_taken": null,
      "damage_targets": null,
      "deaths": 6,
      "denies": 13,
      "dn_t": null,
      "firstblood_claimed": null,
      "gold": 684,
      "gold_per_min": 442,
      "gold_reasons": null,
      "gold_spent": 14320,
      "gold_t": null,
      "hero_damage": 11617,
      "hero_healing": 369,
      "hero_hits": null,
      "hero_id": 136,
      "item_0": 143,
      "item_1": 131,
      "item_2": 181,
      "item_3": 116,
      "item_4": 50,
      "item_5": 210,
      "item_neutral": 828,
      "item_uses": null,
      "kill_streaks": null,
      "killed": null,
      "killed_by": null,
      "kills": 5,
      "kills_log": null,
      "lane_pos": null,
      "last_hits": 149,
      "leaver_status": 0,
      "level": 21,
      "lh_t": null,
      "life_state": null,
      "max_hero_hit": null,
      "multi_kills": null,
      "net_worth": 14534,
      "obs": null,
      "obs_left_log": null,
      "obs_log": null,
      "obs_placed": null,
      "party_id": 3,
      "party_size": 1,
      "performance_others": null,
      "permanent_buffs": [],
      "pings": null,
      "pred_vict": null,
      "purchase": null,
      "purchase_log": null,
      "randomed": null,
      "repicked": null,
      "roshans_killed": null,
      "rune_pickups": null,
      "runes": null,
      "runes_log": null,
      "sen": null,
      "sen_left_log": null,
      "sen_log": null,
      "sen_placed": null,
      "stuns": null,
      "teamfight_participation": null,
      "times": null,
      "tower_damage": 4034,
      "towers_killed": null,
      "xp_per_min": 690,
      "xp_reasons": null,
      "xp_t": null,
      "start_time": 1669911275,
      "duration": 2078,
      "cluster": 251,
      "lobby_type": 7,
      "game_mode": 22,
      "is_contributor": false,
      "patch": 51,
      "region": 15,
      "isRadiant": true,
      "total_gold": 15307,
      "total_xp": 23897,
      "kills_per_min": 0.14436958614051973,
      "kda": 2,
      "abandons": 0,
      "rank_tier": null,
      "is_subscriber": false,
      "cosmetics": [],
      "benchmarks": {
        "gold_per_min": {
          "raw": 442,
          "pct": 0.4782608695652174
        },
        "xp_per_min": {
          "raw": 690,
          "pct": 0.6521739130434783
        },
        "kills_per_min": {
          "raw": 0.14436958614051973,
          "pct": 0.391304347826087
        },
        "last_hits_per_min": {
          "raw": 4.302213666987488,
          "pct": 0.4782608695652174
        },
        "hero_damage_per_min": {
          "raw": 335.42829643888354,
          "pct": 0.391304347826087
        },
        "hero_healing_per_min": {
          "raw": 10.654475457170355,
          "pct": 0.17391304347826086
        },
        "tower_damage": {
          "raw": 4034,
          "pct": 0.8260869565217391
        },
        "stuns_per_min": {
          "raw": 0,
          "pct": 0
        },
        "lhten": {}
      }
    },
    {
      "player_slot": 4,
      "ability_targets": null,
      "ability_upgrades_arr": [
        5481,
        5480,
        5480,
        5481,
        5480,
        5483,
        5480,
        5481,
        5481,
        626,
        5482,
        5483,
        5482,
        5482,
        6522,
        5482,
        5483,
        6320
      ],
      "ability_uses": null,
      "actions": null,
      "additional_units": null,
      "assists": 13,
      "backpack_0": 675,
      "backpack_1": 0,
      "backpack_2": 0,
      "backpack_3": null,
      "buyback_log": null,
      "camps_stacked": null,
      "connection_log": null,
      "creeps_stacked": null,
      "damage": null,
      "damage_inflictor": null,
      "damage_inflictor_received": null,
      "damage_taken": null,
      "damage_targets": null,
      "deaths": 7,
      "denies": 1,
      "dn_t": null,
      "firstblood_claimed": null,
      "gold": 3152,
      "gold_per_min": 518,
      "gold_reasons": null,
      "gold_spent": 16495,
      "gold_t": null,
      "hero_damage": 25792,
      "hero_healing": 1994,
      "hero_hits": null,
      "hero_id": 92,
      "item_0": 218,
      "item_1": 123,
      "item_2": 206,
      "item_3": 908,
      "item_4": 0,
      "item_5": 214,
      "item_neutral": 290,
      "item_uses": null,
      "kill_streaks": null,
      "killed": null,
      "killed_by": null,
      "kills": 17,
      "kills_log": null,
      "lane_pos": null,
      "last_hits": 106,
      "leaver_status": 0,
      "level": 22,
      "lh_t": null,
      "life_state": null,
      "max_hero_hit": null,
      "multi_kills": null,
      "net_worth": 17127,
      "obs": null,
      "obs_left_log": null,
      "obs_log": null,
      "obs_placed": null,
      "party_id": 4,
      "party_size": 1,
      "performance_others": null,
      "permanent_buffs": [
        {
          "permanent_buff": 12,
          "stack_count": 0,
          "grant_time": 1278
        }
      ],
      "pings": null,
      "pred_vict": null,
      "purchase": null,
      "purchase_log": null,
      "randomed": null,
      "repicked": null,
      "roshans_killed": null,
      "rune_pickups": null,
      "runes": null,
      "runes_log": null,
      "sen": null,
      "sen_left_log": null,
      "sen_log": null,
      "sen_placed": null,
      "stuns": null,
      "teamfight_participation": null,
      "times": null,
      "tower_damage": 4294,
      "towers_killed": null,
      "xp_per_min": 801,
      "xp_reasons": null,
      "xp_t": null,
      "start_time": 1669911275,
      "duration": 2078,
      "cluster": 251,
      "lobby_type": 7,
      "game_mode": 22,
      "is_contributor": false,
      "patch": 51,
      "region": 15,
      "isRadiant": true,
      "total_gold": 17940,
      "total_xp": 27741,
      "kills_per_min": 0.4908565928777671,
      "kda": 3,
      "abandons": 0,
      "rank_tier": null,
      "is_subscriber": false,
      "cosmetics": [],
      "benchmarks": {
        "gold_per_min": {
          "raw": 518,
          "pct": 0.75
        },
        "xp_per_min": {
          "raw": 801,
          "pct": 1
        },
        "kills_per_min": {
          "raw": 0.49085659287776706,
          "pct": 1
        },
        "last_hits_per_min": {
          "raw": 3.060635226179018,
          "pct": 0
        },
        "hero_damage_per_min": {
          "raw": 744.716073147257,
          "pct": 1
        },
        "hero_healing_per_min": {
          "raw": 57.57459095283927,
          "pct": 0.5
        },
        "tower_damage": {
          "raw": 4294,
          "pct": 0.5
        },
        "stuns_per_min": {
          "raw": 0,
          "pct": 0
        },
        "lhten": {}
      }
    },
    {
      "player_slot": 128,
      "ability_targets": null,
      "ability_upgrades_arr": [
        5003,
        5004,
        7314,
        5003,
        5003,
        5006,
        5003,
        5004,
        5004,
        5004,
        6012,
        5006,
        7314,
        7314,
        666,
        7314,
        5006,
        6606
      ],
      "ability_uses": null,
      "actions": null,
      "additional_units": null,
      "assists": 4,
      "backpack_0": 0,
      "backpack_1": 0,
      "backpack_2": 0,
      "backpack_3": null,
      "buyback_log": null,
      "camps_stacked": null,
      "connection_log": null,
      "creeps_stacked": null,
      "damage": null,
      "damage_inflictor": null,
      "damage_inflictor_received": null,
      "damage_taken": null,
      "damage_targets": null,
      "deaths": 5,
      "denies": 13,
      "dn_t": null,
      "firstblood_claimed": null,
      "gold": 723,
      "gold_per_min": 472,
      "gold_reasons": null,
      "gold_spent": 15745,
      "gold_t": null,
      "hero_damage": 7141,
      "hero_healing": 0,
      "hero_hits": null,
      "hero_id": 1,
      "item_0": 75,
      "item_1": 63,
      "item_2": 145,
      "item_3": 147,
      "item_4": 125,
      "item_5": 143,
      "item_neutral": 309,
      "item_uses": null,
      "kill_streaks": null,
      "killed": null,
      "killed_by": null,
      "kills": 3,
      "kills_log": null,
      "lane_pos": null,
      "last_hits": 270,
      "leaver_status": 0,
      "level": 20,
      "lh_t": null,
      "life_state": null,
      "max_hero_hit": null,
      "multi_kills": null,
      "net_worth": 16228,
      "obs": null,
      "obs_left_log": null,
      "obs_log": null,
      "obs_placed": null,
      "party_id": 5,
      "party_size": 1,
      "performance_others": null,
      "permanent_buffs": [],
      "pings": null,
      "pred_vict": null,
      "purchase": null,
      "purchase_log": null,
      "randomed": null,
      "repicked": null,
      "roshans_killed": null,
      "rune_pickups": null,
      "runes": null,
      "runes_log": null,
      "sen": null,
      "sen_left_log": null,
      "sen_log": null,
      "sen_placed": null,
      "stuns": null,
      "teamfight_participation": null,
      "times": null,
      "tower_damage": 775,
      "towers_killed": null,
      "xp_per_min": 659,
      "xp_reasons": null,
      "xp_t": null,
      "personaname": "~BoO [Team Sangre]",
      "name": null,
      "last_login": null,
      "start_time": 1669911275,
      "duration": 2078,
      "cluster": 251,
      "lobby_type": 7,
      "game_mode": 22,
      "is_contributor": false,
      "patch": 51,
      "region": 15,
      "isRadiant": false,
      "total_gold": 16346,
      "total_xp": 22823,
      "kills_per_min": 0.08662175168431184,
      "kda": 1,
      "abandons": 0,
      "rank_tier": 23,
      "is_subscriber": false,
      "cosmetics": [],
      "benchmarks": {
        "gold_per_min": {
          "raw": 472,
          "pct": 0.06060606060606061
        },
        "xp_per_min": {
          "raw": 659,
          "pct": 0.2727272727272727
        },
        "kills_per_min": {
          "raw": 0.08662175168431183,
          "pct": 0.12121212121212122
        },
        "last_hits_per_min": {
          "raw": 7.795957651588065,
          "pct": 0.2727272727272727
        },
        "hero_damage_per_min": {
          "raw": 206.1886429258903,
          "pct": 0.06060606060606061
        },
        "hero_healing_per_min": {
          "raw": 0,
          "pct": 0.9696969696969697
        },
        "tower_damage": {
          "raw": 775,
          "pct": 0.18181818181818182
        },
        "stuns_per_min": {
          "raw": 0,
          "pct": 0
        },
        "lhten": {}
      }
    },
    {
      "player_slot": 129,
      "ability_targets": null,
      "ability_upgrades_arr": [
        5150,
        650,
        5150,
        650,
        5151,
        5153,
        5150,
        5151,
        5151,
        5150,
        5151,
        5153,
        650,
        650,
        800,
        765
      ],
      "ability_uses": null,
      "actions": null,
      "additional_units": null,
      "assists": 9,
      "backpack_0": 0,
      "backpack_1": 0,
      "backpack_2": 0,
      "backpack_3": null,
      "buyback_log": null,
      "camps_stacked": null,
      "connection_log": null,
      "creeps_stacked": null,
      "damage": null,
      "damage_inflictor": null,
      "damage_inflictor_received": null,
      "damage_taken": null,
      "damage_targets": null,
      "deaths": 8,
      "denies": 6,
      "dn_t": null,
      "firstblood_claimed": null,
      "gold": 436,
      "gold_per_min": 262,
      "gold_reasons": null,
      "gold_spent": 8595,
      "gold_t": null,
      "hero_damage": 15891,
      "hero_healing": 0,
      "hero_hits": null,
      "hero_id": 34,
      "item_0": 232,
      "item_1": 36,
      "item_2": 60,
      "item_3": 29,
      "item_4": 1,
      "item_5": 23,
      "item_neutral": 349,
      "item_uses": null,
      "kill_streaks": null,
      "killed": null,
      "killed_by": null,
      "kills": 4,
      "kills_log": null,
      "lane_pos": null,
      "last_hits": 63,
      "leaver_status": 0,
      "level": 16,
      "lh_t": null,
      "life_state": null,
      "max_hero_hit": null,
      "multi_kills": null,
      "net_worth": 8111,
      "obs": null,
      "obs_left_log": null,
      "obs_log": null,
      "obs_placed": null,
      "party_id": 6,
      "party_size": 1,
      "performance_others": null,
      "permanent_buffs": [
        {
          "permanent_buff": 6,
          "stack_count": 1,
          "grant_time": 1672
        }
      ],
      "pings": null,
      "pred_vict": null,
      "purchase": null,
      "purchase_log": null,
      "randomed": null,
      "repicked": null,
      "roshans_killed": null,
      "rune_pickups": null,
      "runes": null,
      "runes_log": null,
      "sen": null,
      "sen_left_log": null,
      "sen_log": null,
      "sen_placed": null,
      "stuns": null,
      "teamfight_participation": null,
      "times": null,
      "tower_damage": 0,
      "towers_killed": null,
      "xp_per_min": 430,
      "xp_reasons": null,
      "xp_t": null,
      "personaname": "TaTaMy",
      "name": null,
      "last_login": null,
      "start_time": 1669911275,
      "duration": 2078,
      "cluster": 251,
      "lobby_type": 7,
      "game_mode": 22,
      "is_contributor": false,
      "patch": 51,
      "region": 15,
      "isRadiant": false,
      "total_gold": 9073,
      "total_xp": 14892,
      "kills_per_min": 0.11549566891241579,
      "kda": 1,
      "abandons": 0,
      "rank_tier": 21,
      "is_subscriber": false,
      "cosmetics": [],
      "benchmarks": {
        "gold_per_min": {
          "raw": 262,
          "pct": 0
        },
        "xp_per_min": {
          "raw": 430,
          "pct": 0.15384615384615385
        },
        "kills_per_min": {
          "raw": 0.11549566891241579,
          "pct": 0.23076923076923078
        },
        "last_hits_per_min": {
          "raw": 1.8190567853705486,
          "pct": 0
        },
        "hero_damage_per_min": {
          "raw": 458.8354186717998,
          "pct": 0.07692307692307693
        },
        "hero_healing_per_min": {
          "raw": 0,
          "pct": 0.6153846153846154
        },
        "tower_damage": {
          "raw": 0,
          "pct": 0.5384615384615384
        },
        "stuns_per_min": {
          "raw": 0,
          "pct": 0.46153846153846156
        },
        "lhten": {}
      }
    },
    {
      "player_slot": 130,
      "ability_targets": null,
      "ability_upgrades_arr": [
        5359,
        5357,
        5359,
        5358,
        5359,
        5360,
        5359,
        5358,
        5358,
        5358,
        6975,
        5360,
        5357,
        5357,
        1062,
        5357,
        5360
      ],
      "ability_uses": null,
      "actions": null,
      "additional_units": null,
      "assists": 6,
      "backpack_0": 0,
      "backpack_1": 43,
      "backpack_2": 0,
      "backpack_3": null,
      "buyback_log": null,
      "camps_stacked": null,
      "connection_log": null,
      "creeps_stacked": null,
      "damage": null,
      "damage_inflictor": null,
      "damage_inflictor_received": null,
      "damage_taken": null,
      "damage_targets": null,
      "deaths": 10,
      "denies": 5,
      "dn_t": null,
      "firstblood_claimed": null,
      "gold": 712,
      "gold_per_min": 438,
      "gold_reasons": null,
      "gold_spent": 15030,
      "gold_t": null,
      "hero_damage": 22813,
      "hero_healing": 0,
      "hero_hits": null,
      "hero_id": 70,
      "item_0": 174,
      "item_1": 50,
      "item_2": 569,
      "item_3": 1,
      "item_4": 116,
      "item_5": 36,
      "item_neutral": 828,
      "item_uses": null,
      "kill_streaks": null,
      "killed": null,
      "killed_by": null,
      "kills": 10,
      "kills_log": null,
      "lane_pos": null,
      "last_hits": 170,
      "leaver_status": 0,
      "level": 19,
      "lh_t": null,
      "life_state": null,
      "max_hero_hit": null,
      "multi_kills": null,
      "net_worth": 13837,
      "obs": null,
      "obs_left_log": null,
      "obs_log": null,
      "obs_placed": null,
      "party_id": 7,
      "party_size": 1,
      "performance_others": null,
      "permanent_buffs": [
        {
          "permanent_buff": 12,
          "stack_count": 0,
          "grant_time": 1422
        }
      ],
      "pings": null,
      "pred_vict": null,
      "purchase": null,
      "purchase_log": null,
      "randomed": null,
      "repicked": null,
      "roshans_killed": null,
      "rune_pickups": null,
      "runes": null,
      "runes_log": null,
      "sen": null,
      "sen_left_log": null,
      "sen_log": null,
      "sen_placed": null,
      "stuns": null,
      "teamfight_participation": null,
      "times": null,
      "tower_damage": 978,
      "towers_killed": null,
      "xp_per_min": 587,
      "xp_reasons": null,
      "xp_t": null,
      "personaname": "TENGO TALENTO, falta apoyo",
      "name": null,
      "last_login": null,
      "start_time": 1669911275,
      "duration": 2078,
      "cluster": 251,
      "lobby_type": 7,
      "game_mode": 22,
      "is_contributor": false,
      "patch": 51,
      "region": 15,
      "isRadiant": false,
      "total_gold": 15169,
      "total_xp": 20329,
      "kills_per_min": 0.28873917228103946,
      "kda": 1,
      "abandons": 0,
      "rank_tier": 33,
      "is_subscriber": false,
      "cosmetics": [],
      "benchmarks": {
        "gold_per_min": {
          "raw": 438,
          "pct": 0.12195121951219512
        },
        "xp_per_min": {
          "raw": 587,
          "pct": 0.24390243902439024
        },
        "kills_per_min": {
          "raw": 0.28873917228103946,
          "pct": 0.6829268292682927
        },
        "last_hits_per_min": {
          "raw": 4.908565928777671,
          "pct": 0.07317073170731707
        },
        "hero_damage_per_min": {
          "raw": 658.7006737247353,
          "pct": 0.43902439024390244
        },
        "hero_healing_per_min": {
          "raw": 0,
          "pct": 1
        },
        "tower_damage": {
          "raw": 978,
          "pct": 0.43902439024390244
        },
        "stuns_per_min": {
          "raw": 0,
          "pct": 0.34146341463414637
        },
        "lhten": {}
      }
    },
    {
      "player_slot": 131,
      "ability_targets": null,
      "ability_upgrades_arr": [
        5595,
        5597,
        5596,
        5596,
        5596,
        5598,
        5596,
        5597,
        5595,
        5595,
        6218,
        5598,
        5597,
        5597,
        463,
        5595,
        5598,
        7395
      ],
      "ability_uses": null,
      "actions": null,
      "additional_units": null,
      "assists": 7,
      "backpack_0": 40,
      "backpack_1": 0,
      "backpack_2": 0,
      "backpack_3": null,
      "buyback_log": null,
      "camps_stacked": null,
      "connection_log": null,
      "creeps_stacked": null,
      "damage": null,
      "damage_inflictor": null,
      "damage_inflictor_received": null,
      "damage_taken": null,
      "damage_targets": null,
      "deaths": 5,
      "denies": 10,
      "dn_t": null,
      "firstblood_claimed": null,
      "gold": 2181,
      "gold_per_min": 486,
      "gold_reasons": null,
      "gold_spent": 14025,
      "gold_t": null,
      "hero_damage": 28435,
      "hero_healing": 1349,
      "hero_hits": null,
      "hero_id": 104,
      "item_0": 36,
      "item_1": 127,
      "item_2": 50,
      "item_3": 1,
      "item_4": 152,
      "item_5": 168,
      "item_neutral": 358,
      "item_uses": null,
      "kill_streaks": null,
      "killed": null,
      "killed_by": null,
      "kills": 11,
      "kills_log": null,
      "lane_pos": null,
      "last_hits": 181,
      "leaver_status": 0,
      "level": 22,
      "lh_t": null,
      "life_state": null,
      "max_hero_hit": null,
      "multi_kills": null,
      "net_worth": 15161,
      "obs": null,
      "obs_left_log": null,
      "obs_log": null,
      "obs_placed": null,
      "party_id": 8,
      "party_size": 1,
      "performance_others": null,
      "permanent_buffs": [
        {
          "permanent_buff": 5,
          "stack_count": 330,
          "grant_time": 856
        },
        {
          "permanent_buff": 6,
          "stack_count": 1,
          "grant_time": 893
        }
      ],
      "pings": null,
      "pred_vict": null,
      "purchase": null,
      "purchase_log": null,
      "randomed": null,
      "repicked": null,
      "roshans_killed": null,
      "rune_pickups": null,
      "runes": null,
      "runes_log": null,
      "sen": null,
      "sen_left_log": null,
      "sen_log": null,
      "sen_placed": null,
      "stuns": null,
      "teamfight_participation": null,
      "times": null,
      "tower_damage": 3612,
      "towers_killed": null,
      "xp_per_min": 801,
      "xp_reasons": null,
      "xp_t": null,
      "start_time": 1669911275,
      "duration": 2078,
      "cluster": 251,
      "lobby_type": 7,
      "game_mode": 22,
      "is_contributor": false,
      "patch": 51,
      "region": 15,
      "isRadiant": false,
      "total_gold": 16831,
      "total_xp": 27741,
      "kills_per_min": 0.3176130895091434,
      "kda": 3,
      "abandons": 0,
      "rank_tier": null,
      "is_subscriber": false,
      "cosmetics": [],
      "benchmarks": {
        "gold_per_min": {
          "raw": 486,
          "pct": 0.5806451612903226
        },
        "xp_per_min": {
          "raw": 801,
          "pct": 0.8064516129032258
        },
        "kills_per_min": {
          "raw": 0.3176130895091434,
          "pct": 0.8709677419354839
        },
        "last_hits_per_min": {
          "raw": 5.226179018286814,
          "pct": 0.7096774193548387
        },
        "hero_damage_per_min": {
          "raw": 821.0298363811356,
          "pct": 0.8387096774193549
        },
        "hero_healing_per_min": {
          "raw": 38.950914340712224,
          "pct": 0.7096774193548387
        },
        "tower_damage": {
          "raw": 3612,
          "pct": 0.5806451612903226
        },
        "stuns_per_min": {
          "raw": 0,
          "pct": 0.03225806451612903
        },
        "lhten": {}
      }
    },
    {
      "player_slot": 132,
      "ability_targets": null,
      "ability_upgrades_arr": [
        5247,
        5246,
        5245,
        5247,
        5247,
        5248,
        5247,
        5246,
        5246,
        5246,
        470,
        5248,
        5245,
        5245,
        5245,
        6016,
        5248
      ],
      "ability_uses": null,
      "actions": null,
      "additional_units": null,
      "assists": 16,
      "backpack_0": 0,
      "backpack_1": 0,
      "backpack_2": 0,
      "backpack_3": null,
      "buyback_log": null,
      "camps_stacked": null,
      "connection_log": null,
      "creeps_stacked": null,
      "damage": null,
      "damage_inflictor": null,
      "damage_inflictor_received": null,
      "damage_taken": null,
      "damage_targets": null,
      "deaths": 14,
      "denies": 2,
      "dn_t": null,
      "firstblood_claimed": null,
      "gold": 1181,
      "gold_per_min": 505,
      "gold_reasons": null,
      "gold_spent": 13845,
      "gold_t": null,
      "hero_damage": 18823,
      "hero_healing": 0,
      "hero_hits": null,
      "hero_id": 53,
      "item_0": 77,
      "item_1": 36,
      "item_2": 166,
      "item_3": 168,
      "item_4": 63,
      "item_5": 598,
      "item_neutral": 288,
      "item_uses": null,
      "kill_streaks": null,
      "killed": null,
      "killed_by": null,
      "kills": 4,
      "kills_log": null,
      "lane_pos": null,
      "last_hits": 271,
      "leaver_status": 0,
      "level": 18,
      "lh_t": null,
      "life_state": null,
      "max_hero_hit": null,
      "multi_kills": null,
      "net_worth": 14586,
      "obs": null,
      "obs_left_log": null,
      "obs_log": null,
      "obs_placed": null,
      "party_id": 9,
      "party_size": 1,
      "performance_others": null,
      "permanent_buffs": [],
      "pings": null,
      "pred_vict": null,
      "purchase": null,
      "purchase_log": null,
      "randomed": null,
      "repicked": null,
      "roshans_killed": null,
      "rune_pickups": null,
      "runes": null,
      "runes_log": null,
      "sen": null,
      "sen_left_log": null,
      "sen_log": null,
      "sen_placed": null,
      "stuns": null,
      "teamfight_participation": null,
      "times": null,
      "tower_damage": 105,
      "towers_killed": null,
      "xp_per_min": 516,
      "xp_reasons": null,
      "xp_t": null,
      "personaname": "Flucker",
      "name": null,
      "last_login": null,
      "start_time": 1669911275,
      "duration": 2078,
      "cluster": 251,
      "lobby_type": 7,
      "game_mode": 22,
      "is_contributor": false,
      "patch": 51,
      "region": 15,
      "isRadiant": false,
      "total_gold": 17489,
      "total_xp": 17870,
      "kills_per_min": 0.11549566891241579,
      "kda": 1,
      "abandons": 0,
      "rank_tier": 23,
      "is_subscriber": false,
      "cosmetics": [],
      "benchmarks": {
        "gold_per_min": {
          "raw": 505,
          "pct": 0.11904761904761904
        },
        "xp_per_min": {
          "raw": 516,
          "pct": 0.14285714285714285
        },
        "kills_per_min": {
          "raw": 0.11549566891241579,
          "pct": 0.35714285714285715
        },
        "last_hits_per_min": {
          "raw": 7.824831568816169,
          "pct": 0.23809523809523808
        },
        "hero_damage_per_min": {
          "raw": 543.4937439846005,
          "pct": 0.23809523809523808
        },
        "hero_healing_per_min": {
          "raw": 0,
          "pct": 0.9761904761904762
        },
        "tower_damage": {
          "raw": 105,
          "pct": 0.09523809523809523
        },
        "stuns_per_min": {
          "raw": 0,
          "pct": 0.30952380952380953
        },
        "lhten": {}
      }
    }
  ],
  "patch": 51,
  "region": 15
}