{
  "chat": null,
  "cluster": 273,
  "cosmetics": null,
  "dire_score": 22,
  "dire_team_id": null,
  "draft_timings": null,
  "duration": 1468,
  "engine": 1,
  "first_blood_time": 11,
  "game_mode": 23,
  "human_players": 10,
  "leagueid": 0,
  "lobby_type": 0,
  "match_seq_num": 5780343194,
  "negative_votes": 0,
  "objectives": null,
  "picks_bans": null,
  "positive_votes": 0,
  "radiant_gold_adv": null,
  "radiant_score": 52,
  "radiant_team_id": null,
  "radiant_xp_adv": null,
  "skill": null,
  "start_time": 1669912313,
  "teamfights": null,
  "version": null,
  "replay_salt": 1148142495,
  "series_id": 0,
  "series_type": 0,
  "players": [
    {
      "player_slot": 0,
      "ability_targets": null,
      "ability_upgrades_arr": [
        5065,
        5068,
        5065,
        5066,
        5065,
        5067,
        5068,
        5065,
        5068,
        5068,
        5066,
        5067,
        5066,
        6400,
        5066,
        6145,
        5067,
        6146,
        6850,
        1056,
        563
      ],
      "ability_uses": null,
      "actions": null,
      "additional_units": null,
      "assists": 14,
      "backpack_0": 0,
      "backpack_1": 0,
      "backpack_2": 0,
      "backpack_3": null,
      "buyback_log": null,
      "camps_stacked": null,
      "connection_log": null,
      "creeps_stacked": null,
      "damage": null,
      "damage_inflictor": null,
      "damage_inflictor_received": null,
      "damage_taken": null,
      "damage_targets": null,
      "deaths": 5,
      "denies": 4,
      "dn_t": null,
      "firstblood_claimed": null,
      "gold": 2813,
      "gold_per_min": 1030,
      "gold_reasons": null,
      "gold_spent": 23345,
      "gold_t": null,
      "hero_damage": 13815,
      "hero_healing": 0,
      "hero_hits": null,
      "hero_id": 12,
      "item_0": 174,
      "item_1": 147,
      "item_2": 208,
      "item_3": 40,
      "item_4": 63,
      "item_5": 114,
      "item_neutral": 638,
      "item_uses": null,
      "kill_streaks": null,
      "killed": null,
      "killed_by": null,
      "kills": 5,
      "kills_log": null,
      "lane_pos": null,
      "last_hits": 102,
      "leaver_status": 0,
      "level": 28,
      "lh_t": null,
      "life_state": null,
      "max_hero_hit": null,
      "multi_kills": null,
      "net_worth": 24243,
      "obs": null,
      "obs_left_log": null,
      "obs_log": null,
      "obs_placed": null,
      "party_id": 0,
      "party_size": 1,
      "performance_others": null,
      "permanent_buffs": [
        {
          "permanent_buff": 6,
          "stack_count": 2,
          "grant_time": 784
        },
        {
          "permanent_buff": 12,
          "stack_count": 0,
          "grant_time": 858
        }
      ],
      "pings": null,
      "pred_vict": null,
      "purchase": null,
      "purchase_log": null,
      "randomed": null,
      "repicked": null,
      "roshans_killed": null,
      "rune_pickups": null,
      "runes": null,
      "runes_log": null,
      "sen": null,
      "sen_left_log": null,
      "sen_log": null,
      "sen_placed": null,
      "stuns": null,
      "teamfight_participation": null,
      "times": null,
      "tower_damage": 6612,
      "towers_killed": null,
      "xp_per_min": 1676,
      "xp_reasons": null,
      "xp_t": null,
      "start_time": 1669912313,
      "duration": 1468,
      "cluster": 273,
      "lobby_type": 0,
      "game_mode": 23,
      "is_contributor": false,
      "patch": 51,
      "region": 3,
      "isRadiant": true,
      "total_gold": 25200,
      "total_xp": 41006,
      "kills_per_min": 0.20435967302452318,
      "kda": 3,
      "abandons": 0,
      "rank_tier": null,
      "is_subscriber": false,
      "cosmetics": [],
      "benchmarks": {
        "gold_per_min": {
          "raw": 1030,
          "pct": 1
        },
        "xp_per_min": {
          "raw": 1676,
          "pct": 1
        },
        "kills_per_min": {
          "raw": 0.20435967302452315,
          "pct": 0.625
        },
        "last_hits_per_min": {
          "raw": 4.168937329700272,
          "pct": 0
        },
        "hero_damage_per_min": {
          "raw": 564.6457765667575,
          "pct": 0.5
        },
        "hero_healing_per_min": {
          "raw": 0,
          "pct": 1
        },
        "tower_damage": {
          "raw": 6612,
          "pct": 0.75
        },
        "stuns_per_min": {
          "raw": 0,
          "pct": 0.625
        },
        "lhten": {}
      }
    },
    {
      "player_slot": 1,
      "ability_targets": null,
      "ability_upgrades_arr": [
        5110,
        5111,
        5111,
        641,
        5111,
        5113,
        5111,
        5110,
        641,
        1061,
        641,
        5113,
        641,
        5110,
        934,
        5110,
        5113,
        611,
        8038
      ],
      "ability_uses": null,
      "actions": null,
      "additional_units": null,
      "assists": 22,
      "backpack_0": 0,
      "backpack_1": 0,
      "backpack_2": 0,
      "backpack_3": null,
      "buyback_log": null,
      "camps_stacked": null,
      "connection_log": null,
      "creeps_stacked": null,
      "damage": null,
      "damage_inflictor": null,
      "damage_inflictor_received": null,
      "damage_taken": null,
      "damage_targets": null,
      "deaths": 4,
      "denies": 5,
      "dn_t": null,
      "firstblood_claimed": null,
      "gold": 955,
      "gold_per_min": 993,
      "gold_reasons": null,
      "gold_spent": 24675,
      "gold_t": null,
      "hero_damage": 23073,
      "hero_healing": 0,
      "hero_hits": null,
      "hero_id": 22,
      "item_0": 110,
      "item_1": 0,
      "item_2": 176,
      "item_3": 48,
      "item_4": 235,
      "item_5": 108,
      "item_neutral": 311,
      "item_uses": null,
      "kill_streaks": null,
      "killed": null,
      "killed_by": null,
      "kills": 11,
      "kills_log": null,
      "lane_pos": null,
      "last_hits": 54,
      "leaver_status": 0,
      "level": 26,
      "lh_t": null,
      "life_state": null,
      "max_hero_hit": null,
      "multi_kills": null,
      "net_worth": 22580,
      "obs": null,
      "obs_left_log": null,
      "obs_log": null,
      "obs_placed": null,
      "party_id": 1,
      "party_size": 1,
      "performance_others": null,
      "permanent_buffs": [],
      "pings": null,
      "pred_vict": null,
      "purchase": null,
      "purchase_log": null,
      "randomed": null,
      "repicked": null,
      "roshans_killed": null,
      "rune_pickups": null,
      "runes": null,
      "runes_log": null,
      "sen": null,
      "sen_left_log": null,
      "sen_log": null,
      "sen_placed": null,
      "stuns": null,
      "teamfight_participation": null,
      "times": null,
      "tower_damage": 0,
      "towers_killed": null,
      "xp_per_min": 1619,
      "xp_reasons": null,
      "xp_t": null,
      "start_time": 1669912313,
      "duration": 1468,
      "cluster": 273,
      "lobby_type": 0,
      "game_mode": 23,
      "is_contributor": false,
      "patch": 51,
      "region": 3,
      "isRadiant": true,
      "total_gold": 24295,
      "total_xp": 39611,
      "kills_per_min": 0.449591280653951,
      "kda": 6,
      "abandons": 0,
      "rank_tier": null,
      "is_subscriber": false,
      "cosmetics": [],
      "benchmarks": {
        "gold_per_min": {
          "raw": 993,
          "pct": 1
        },
        "xp_per_min": {
          "raw": 1619,
          "pct": 1
        },
        "kills_per_min": {
          "raw": 0.44959128065395093,
          "pct": 0.9142857142857143
        },
        "last_hits_per_min": {
          "raw": 2.20708446866485,
          "pct": 0.17142857142857143
        },
        "hero_damage_per_min": {
          "raw": 943.0381471389646,
          "pct": 0.4
        },
        "hero_healing_per_min": {
          "raw": 0,
          "pct": 0.7714285714285715
        },
        "tower_damage": {
          "raw": 0,
          "pct": 0.22857142857142856
        },
        "stuns_per_min": {
          "raw": 0,
          "pct": 0
        },
        "lhten": {}
      }
    },
    {
      "player_slot": 2,
      "ability_targets": null,
      "ability_upgrades_arr": [
        5154,
        5155,
        5154,
        5156,
        5154,
        5157,
        5154,
        5155,
        5156,
        928,
        5155,
        5157,
        5156,
        5156,
        5907,
        5155,
        5157,
        6896,
        5943,
        6897,
        7396,
        6305
      ],
      "ability_uses": null,
      "actions": null,
      "additional_units": null,
      "assists": 17,
      "backpack_0": 0,
      "backpack_1": 0,
      "backpack_2": 0,
      "backpack_3": null,
      "buyback_log": null,
      "camps_stacked": null,
      "connection_log": null,
      "creeps_stacked": null,
      "damage": null,
      "damage_inflictor": null,
      "damage_inflictor_received": null,
      "damage_taken": null,
      "damage_targets": null,
      "deaths": 3,
      "denies": 11,
      "dn_t": null,
      "firstblood_claimed": null,
      "gold": 5897,
      "gold_per_min": 1663,
      "gold_reasons": null,
      "gold_spent": 36835,
      "gold_t": null,
      "hero_damage": 44486,
      "hero_healing": 0,
      "hero_hits": null,
      "hero_id": 35,
      "item_0": 141,
      "item_1": 156,
      "item_2": 63,
      "item_3": 247,
      "item_4": 116,
      "item_5": 158,
      "item_neutral": 288,
      "item_uses": null,
      "kill_streaks": null,
      "killed": null,
      "killed_by": null,
      "kills": 17,
      "kills_log": null,
      "lane_pos": null,
      "last_hits": 166,
      "leaver_status": 0,
      "level": 29,
      "lh_t": null,
      "life_state": null,
      "max_hero_hit": null,
      "multi_kills": null,
      "net_worth": 35447,
      "obs": null,
      "obs_left_log": null,
      "obs_log": null,
      "obs_placed": null,
      "party_id": 2,
      "party_size": 3,
      "performance_others": null,
      "permanent_buffs": [
        {
          "permanent_buff": 1,
          "stack_count": 0,
          "grant_time": 1314
        }
      ],
      "pings": null,
      "pred_vict": null,
      "purchase": null,
      "purchase_log": null,
      "randomed": null,
      "repicked": null,
      "roshans_killed": null,
      "rune_pickups": null,
      "runes": null,
      "runes_log": null,
      "sen": null,
      "sen_left_log": null,
      "sen_log": null,
      "sen_placed": null,
      "stuns": null,
      "teamfight_participation": null,
      "times": null,
      "tower_damage": 13663,
      "towers_killed": null,
      "xp_per_min": 2236,
      "xp_reasons": null,
      "xp_t": null,
      "start_time": 1669912313,
      "duration": 1468,
      "cluster": 273,
      "lobby_type": 0,
      "game_mode": 23,
      "is_contributor": false,
      "patch": 51,
      "region": 3,
      "isRadiant": true,
      "total_gold": 40688,
      "total_xp": 54707,
      "kills_per_min": 0.6948228882833788,
      "kda": 8,
      "abandons": 0,
      "rank_tier": null,
      "is_subscriber": false,
      "cosmetics": [],
      "benchmarks": {
        "gold_per_min": {
          "raw": 1663,
          "pct": 1
        },
        "xp_per_min": {
          "raw": 2236,
          "pct": 1
        },
        "kills_per_min": {
          "raw": 0.6948228882833787,
          "pct": 1
        },
        "last_hits_per_min": {
          "raw": 6.784741144414169,
          "pct": 0.37037037037037035
        },
        "hero_damage_per_min": {
          "raw": 1818.2288828337873,
          "pct": 1
        },
        "hero_healing_per_min": {
          "raw": 0,
          "pct": 0.9629629629629629
        },
        "tower_damage": {
          "raw": 13663,
          "pct": 0.8518518518518519
        },
        "stuns_per_min": {
          "raw": 0,
          "pct": 0.1111111111111111
        },
        "lhten": {}
      }
    },
    {
      "player_slot": 3,
      "ability_targets": null,
      "ability_upgrades_arr": [
        5028,
        5027,
        5028,
        5027,
        5028,
        5030,
        5029,
        5028,
        5027,
        5027,
        5921,
        5030,
        5029,
        5029,
        7394,
        5029,
        5030,
        7021,
        1013,
        6105,
        628,
        915
      ],
      "ability_uses": null,
      "actions": null,
      "additional_units": null,
      "assists": 15,
      "backpack_0": 0,
      "backpack_1": 0,
      "backpack_2": 0,
      "backpack_3": null,
      "buyback_log": null,
      "camps_stacked": null,
      "connection_log": null,
      "creeps_stacked": null,
      "damage": null,
      "damage_inflictor": null,
      "damage_inflictor_received": null,
      "damage_taken": null,
      "damage_targets": null,
      "deaths": 4,
      "denies": 0,
      "dn_t": null,
      "firstblood_claimed": null,
      "gold": 2842,
      "gold_per_min": 1123,
      "gold_reasons": null,
      "gold_spent": 25295,
      "gold_t": null,
      "hero_damage": 19969,
      "hero_healing": 3051,
      "hero_hits": null,
      "hero_id": 8,
      "item_0": 63,
      "item_1": 145,
      "item_2": 208,
      "item_3": 158,
      "item_4": 0,
      "item_5": 75,
      "item_neutral": 589,
      "item_uses": null,
      "kill_streaks": null,
      "killed": null,
      "killed_by": null,
      "kills": 7,
      "kills_log": null,
      "lane_pos": null,
      "last_hits": 104,
      "leaver_status": 0,
      "level": 30,
      "lh_t": null,
      "life_state": null,
      "max_hero_hit": null,
      "multi_kills": null,
      "net_worth": 31897,
      "obs": null,
      "obs_left_log": null,
      "obs_log": null,
      "obs_placed": null,
      "party_id": 2,
      "party_size": 3,
      "performance_others": null,
      "permanent_buffs": [
        {
          "permanent_buff": 1,
          "stack_count": 0,
          "grant_time": 1337
        },
        {
          "permanent_buff": 2,
          "stack_count": 0,
          "grant_time": 1596
        },
        {
          "permanent_buff": 12,
          "stack_count": 0,
          "grant_time": 1596
        }
      ],
      "pings": null,
      "pred_vict": null,
      "purchase": null,
      "purchase_log": null,
      "randomed": null,
      "repicked": null,
      "roshans_killed": null,
      "rune_pickups": null,
      "runes": null,
      "runes_log": null,
      "sen": null,
      "sen_left_log": null,
      "sen_log": null,
      "sen_placed": null,
      "stuns": null,
      "teamfight_participation": null,
      "times": null,
      "tower_damage": 4741,
      "towers_killed": null,
      "xp_per_min": 1831,
      "xp_reasons": null,
      "xp_t": null,
      "start_time": 1669912313,
      "duration": 1468,
      "cluster": 273,
      "lobby_type": 0,
      "game_mode": 23,
      "is_contributor": false,
      "patch": 51,
      "region": 3,
      "isRadiant": true,
      "total_gold": 27476,
      "total_xp": 44798,
      "kills_per_min": 0.28610354223433243,
      "kda": 4,
      "abandons": 0,
      "rank_tier": null,
      "is_subscriber": false,
      "cosmetics": [],
      "benchmarks": {
        "gold_per_min": {
          "raw": 1123,
          "pct": 1
        },
        "xp_per_min": {
          "raw": 1831,
          "pct": 1
        },
        "kills_per_min": {
          "raw": 0.28610354223433243,
          "pct": 0.6060606060606061
        },
        "last_hits_per_min": {
          "raw": 4.250681198910082,
          "pct": 0
        },
        "hero_damage_per_min": {
          "raw": 816.1716621253406,
          "pct": 0.696969696969697
        },
        "hero_healing_per_min": {
          "raw": 124.70027247956402,
          "pct": 0.48484848484848486
        },
        "tower_damage": {
          "raw": 4741,
          "pct": 0.36363636363636365
        },
        "stuns_per_min": {
          "raw": 0,
          "pct": 0.3333333333333333
        },
        "lhten": {}
      }
    },
    {
      "player_slot": 4,
      "ability_targets": null,
      "ability_upgrades_arr": [
        5138,
        5140,
        5140,
        5138,
        5140,
        5141,
        5140,
        5138,
        5138,
        5139,
        5139,
        5141,
        5139,
        5139,
        417,
        5141,
        6524,
        5998,
        6996,
        6995,
        5993,
        555,
        6298
      ],
      "ability_uses": null,
      "actions": null,
      "additional_units": null,
      "assists": 25,
      "backpack_0": 0,
      "backpack_1": 0,
      "backpack_2": 0,
      "backpack_3": null,
      "buyback_log": null,
      "camps_stacked": null,
      "connection_log": null,
      "creeps_stacked": null,
      "damage": null,
      "damage_inflictor": null,
      "damage_inflictor_received": null,
      "damage_taken": null,
      "damage_targets": null,
      "deaths": 6,
      "denies": 2,
      "dn_t": null,
      "firstblood_claimed": null,
      "gold": 2274,
      "gold_per_min": 1140,
      "gold_reasons": null,
      "gold_spent": 24490,
      "gold_t": null,
      "hero_damage": 30841,
      "hero_healing": 5074,
      "hero_hits": null,
      "hero_id": 30,
      "item_0": 108,
      "item_1": 48,
      "item_2": 235,
      "item_3": 36,
      "item_4": 96,
      "item_5": 0,
      "item_neutral": 349,
      "item_uses": null,
      "kill_streaks": null,
      "killed": null,
      "killed_by": null,
      "kills": 12,
      "kills_log": null,
      "lane_pos": null,
      "last_hits": 40,
      "leaver_status": 0,
      "level": 30,
      "lh_t": null,
      "life_state": null,
      "max_hero_hit": null,
      "multi_kills": null,
      "net_worth": 21774,
      "obs": null,
      "obs_left_log": null,
      "obs_log": null,
      "obs_placed": null,
      "party_id": 2,
      "party_size": 3,
      "performance_others": null,
      "permanent_buffs": [
        {
          "permanent_buff": 12,
          "stack_count": 0,
          "grant_time": 764
        }
      ],
      "pings": null,
      "pred_vict": null,
      "purchase": null,
      "purchase_log": null,
      "randomed": null,
      "repicked": null,
      "roshans_killed": null,
      "rune_pickups": null,
      "runes": null,
      "runes_log": null,
      "sen": null,
      "sen_left_log": null,
      "sen_log": null,
      "sen_placed": null,
      "stuns": null,
      "teamfight_participation": null,
      "times": null,
      "tower_damage": 1930,
      "towers_killed": null,
      "xp_per_min": 2043,
      "xp_reasons": null,
      "xp_t": null,
      "start_time": 1669912313,
      "duration": 1468,
      "cluster": 273,
      "lobby_type": 0,
      "game_mode": 23,
      "is_contributor": false,
      "patch": 51,
      "region": 3,
      "isRadiant": true,
      "total_gold": 27892,
      "total_xp": 49985,
      "kills_per_min": 0.4904632152588556,
      "kda": 5,
      "abandons": 0,
      "rank_tier": null,
      "is_subscriber": false,
      "cosmetics": [],
      "benchmarks": {
        "gold_per_min": {
          "raw": 1140,
          "pct": 1
        },
        "xp_per_min": {
          "raw": 2043,
          "pct": 1
        },
        "kills_per_min": {
          "raw": 0.49046321525885556,
          "pct": 1
        },
        "last_hits_per_min": {
          "raw": 1.6348773841961852,
          "pct": 0.7692307692307693
        },
        "hero_damage_per_min": {
          "raw": 1260.531335149864,
          "pct": 1
        },
        "hero_healing_per_min": {
          "raw": 207.3841961852861,
          "pct": 0.8974358974358975
        },
        "tower_damage": {
          "raw": 1930,
          "pct": 0.9743589743589743
        },
        "stuns_per_min": {
          "raw": 0,
          "pct": 0.02564102564102564
        },
        "lhten": {}
      }
    },
    {
      "player_slot": 128,
      "ability_targets": null,
      "ability_upgrades_arr": [
        5127,
        5126,
        5128,
        5127,
        5127,
        5129,
        5127,
        5128,
        5128,
        772,
        5129,
        5128,
        5126,
        5126,
        956,
        5126,
        5129,
        6520,
        6072,
        5903
      ],
      "ability_uses": null,
      "actions": null,
      "additional_units": null,
      "assists": 6,
      "backpack_0": 0,
      "backpack_1": 0,
      "backpack_2": 0,
      "backpack_3": null,
      "buyback_log": null,
      "camps_stacked": null,
      "connection_log": null,
      "creeps_stacked": null,
      "damage": null,
      "damage_inflictor": null,
      "damage_inflictor_received": null,
      "damage_taken": null,
      "damage_targets": null,
      "deaths": 13,
      "denies": 0,
      "dn_t": null,
      "firstblood_claimed": null,
      "gold": 1544,
      "gold_per_min": 538,
      "gold_reasons": null,
      "gold_spent": 14340,
      "gold_t": null,
      "hero_damage": 8653,
      "hero_healing": 0,
      "hero_hits": null,
      "hero_id": 5,
      "item_0": 48,
      "item_1": 254,
      "item_2": 77,
      "item_3": 256,
      "item_4": 232,
      "item_5": 0,
      "item_neutral": 0,
      "item_uses": null,
      "kill_streaks": null,
      "killed": null,
      "killed_by": null,
      "kills": 3,
      "kills_log": null,
      "lane_pos": null,
      "last_hits": 17,
      "leaver_status": 0,
      "level": 27,
      "lh_t": null,
      "life_state": null,
      "max_hero_hit": null,
      "multi_kills": null,
      "net_worth": 13174,
      "obs": null,
      "obs_left_log": null,
      "obs_log": null,
      "obs_placed": null,
      "party_id": 3,
      "party_size": 2,
      "performance_others": null,
      "permanent_buffs": [
        {
          "permanent_buff": 12,
          "stack_count": 0,
          "grant_time": 832
        }
      ],
      "pings": null,
      "pred_vict": null,
      "purchase": null,
      "purchase_log": null,
      "randomed": null,
      "repicked": null,
      "roshans_killed": null,
      "rune_pickups": null,
      "runes": null,
      "runes_log": null,
      "sen": null,
      "sen_left_log": null,
      "sen_log": null,
      "sen_placed": null,
      "stuns": null,
      "teamfight_participation": null,
      "times": null,
      "tower_damage": 0,
      "towers_killed": null,
      "xp_per_min": 1673,
      "xp_reasons": null,
      "xp_t": null,
      "start_time": 1669912313,
      "duration": 1468,
      "cluster": 273,
      "lobby_type": 0,
      "game_mode": 23,
      "is_contributor": false,
      "patch": 51,
      "region": 3,
      "isRadiant": false,
      "total_gold": 13163,
      "total_xp": 40932,
      "kills_per_min": 0.1226158038147139,
      "kda": 0,
      "abandons": 0,
      "rank_tier": null,
      "is_subscriber": false,
      "cosmetics": [],
      "benchmarks": {
        "gold_per_min": {
          "raw": 538,
          "pct": 1
        },
        "xp_per_min": {
          "raw": 1673,
          "pct": 1
        },
        "kills_per_min": {
          "raw": 0.12261580381471389,
          "pct": 0.6
        },
        "last_hits_per_min": {
          "raw": 0.6948228882833787,
          "pct": 0.2
        },
        "hero_damage_per_min": {
          "raw": 353.66485013623975,
          "pct": 0.425
        },
        "hero_healing_per_min": {
          "raw": 0,
          "pct": 0.875
        },
        "tower_damage": {
          "raw": 0,
          "pct": 0.425
        },
        "stuns_per_min": {
          "raw": 0,
          "pct": 0.025
        },
        "lhten": {}
      }
    },
    {
      "player_slot": 129,
      "ability_targets": null,
      "ability_upgrades_arr": [
        5008,
        5009,
        5008,
        5007,
        5009,
        5010,
        5009,
        5009,
        5007,
        974,
        5007,
        5010,
        5007,
        5008,
        6991,
        5008,
        5010,
        562,
        6608,
        9401
      ],
      "ability_uses": null,
      "actions": null,
      "additional_units": null,
      "assists": 7,
      "backpack_0": 0,
      "backpack_1": 0,
      "backpack_2": 0,
      "backpack_3": null,
      "buyback_log": null,
      "camps_stacked": null,
      "connection_log": null,
      "creeps_stacked": null,
      "damage": null,
      "damage_inflictor": null,
      "damage_inflictor_received": null,
      "damage_taken": null,
      "damage_targets": null,
      "deaths": 10,
      "denies": 4,
      "dn_t": null,
      "firstblood_claimed": null,
      "gold": 908,
      "gold_per_min": 1102,
      "gold_reasons": null,
      "gold_spent": 26740,
      "gold_t": null,
      "hero_damage": 30208,
      "hero_healing": 0,
      "hero_hits": null,
      "hero_id": 2,
      "item_0": 50,
      "item_1": 600,
      "item_2": 127,
      "item_3": 116,
      "item_4": 53,
      "item_5": 125,
      "item_neutral": 834,
      "item_uses": null,
      "kill_streaks": null,
      "killed": null,
      "killed_by": null,
      "kills": 6,
      "kills_log": null,
      "lane_pos": null,
      "last_hits": 81,
      "leaver_status": 0,
      "level": 27,
      "lh_t": null,
      "life_state": null,
      "max_hero_hit": null,
      "multi_kills": null,
      "net_worth": 27183,
      "obs": null,
      "obs_left_log": null,
      "obs_log": null,
      "obs_placed": null,
      "party_id": 3,
      "party_size": 2,
      "performance_others": null,
      "permanent_buffs": [
        {
          "permanent_buff": 2,
          "stack_count": 0,
          "grant_time": 1537
        },
        {
          "permanent_buff": 6,
          "stack_count": 1,
          "grant_time": 805
        },
        {
          "permanent_buff": 12,
          "stack_count": 0,
          "grant_time": 934
        },
        {
          "permanent_buff": 13,
          "stack_count": 5,
          "grant_time": 737
        }
      ],
      "pings": null,
      "pred_vict": null,
      "purchase": null,
      "purchase_log": null,
      "randomed": null,
      "repicked": null,
      "roshans_killed": null,
      "rune_pickups": null,
      "runes": null,
      "runes_log": null,
      "sen": null,
      "sen_left_log": null,
      "sen_log": null,
      "sen_placed": null,
      "stuns": null,
      "teamfight_participation": null,
      "times": null,
      "tower_damage": 65,
      "towers_killed": null,
      "xp_per_min": 1835,
      "xp_reasons": null,
      "xp_t": null,
      "personaname": "karlason",
      "name": null,
      "last_login": null,
      "start_time": 1669912313,
      "duration": 1468,
      "cluster": 273,
      "lobby_type": 0,
      "game_mode": 23,
      "is_contributor": false,
      "patch": 51,
      "region": 3,
      "isRadiant": false,
      "total_gold": 26962,
      "total_xp": 44896,
      "kills_per_min": 0.2452316076294278,
      "kda": 1,
      "abandons": 0,
      "rank_tier": 33,
      "is_subscriber": false,
      "cosmetics": [],
      "benchmarks": {
        "gold_per_min": {
          "raw": 1102,
          "pct": 1
        },
        "xp_per_min": {
          "raw": 1835,
          "pct": 1
        },
        "kills_per_min": {
          "raw": 0.24523160762942778,
          "pct": 0.5652173913043478
        },
        "last_hits_per_min": {
          "raw": 3.3106267029972756,
          "pct": 0.08695652173913043
        },
        "hero_damage_per_min": {
          "raw": 1234.659400544959,
          "pct": 1
        },
        "hero_healing_per_min": {
          "raw": 0,
          "pct": 0.9130434782608695
        },
        "tower_damage": {
          "raw": 65,
          "pct": 0.13043478260869565
        },
        "stuns_per_min": {
          "raw": 0,
          "pct": 0
        },
        "lhten": {}
      }
    },
    {
      "player_slot": 130,
      "ability_targets": null,
      "ability_upgrades_arr": [
        5024,
        5025,
        5024,
        5023,
        5024,
        5026,
        5024,
        5025,
        5025,
        706,
        5025,
        5026,
        5023,
        5023,
        918,
        5023,
        5026,
        6425,
        6035
      ],
      "ability_uses": null,
      "actions": null,
      "additional_units": null,
      "assists": 7,
      "backpack_0": 0,
      "backpack_1": 0,
      "backpack_2": 0,
      "backpack_3": null,
      "buyback_log": null,
      "camps_stacked": null,
      "connection_log": null,
      "creeps_stacked": null,
      "damage": null,
      "damage_inflictor": null,
      "damage_inflictor_received": null,
      "damage_taken": null,
      "damage_targets": null,
      "deaths": 11,
      "denies": 0,
      "dn_t": null,
      "firstblood_claimed": null,
      "gold": 1111,
      "gold_per_min": 830,
      "gold_reasons": null,
      "gold_spent": 18240,
      "gold_t": null,
      "hero_damage": 13145,
      "hero_healing": 0,
      "hero_hits": null,
      "hero_id": 7,
      "item_0": 180,
      "item_1": 108,
      "item_2": 114,
      "item_3": 141,
      "item_4": 0,
      "item_5": 73,
      "item_neutral": 376,
      "item_uses": null,
      "kill_streaks": null,
      "killed": null,
      "killed_by": null,
      "kills": 5,
      "kills_log": null,
      "lane_pos": null,
      "last_hits": 57,
      "leaver_status": 0,
      "level": 26,
      "lh_t": null,
      "life_state": null,
      "max_hero_hit": null,
      "multi_kills": null,
      "net_worth": 17366,
      "obs": null,
      "obs_left_log": null,
      "obs_log": null,
      "obs_placed": null,
      "party_id": 4,
      "party_size": 1,
      "performance_others": null,
      "permanent_buffs": [],
      "pings": null,
      "pred_vict": null,
      "purchase": null,
      "purchase_log": null,
      "randomed": null,
      "repicked": null,
      "roshans_killed": null,
      "rune_pickups": null,
      "runes": null,
      "runes_log": null,
      "sen": null,
      "sen_left_log": null,
      "sen_log": null,
      "sen_placed": null,
      "stuns": null,
      "teamfight_participation": null,
      "times": null,
      "tower_damage": 0,
      "towers_killed": null,
      "xp_per_min": 1663,
      "xp_reasons": null,
      "xp_t": null,
      "personaname": "Black Mamba",
      "name": null,
      "last_login": null,
      "start_time": 1669912313,
      "duration": 1468,
      "cluster": 273,
      "lobby_type": 0,
      "game_mode": 23,
      "is_contributor": false,
      "patch": 51,
      "region": 3,
      "isRadiant": false,
      "total_gold": 20307,
      "total_xp": 40688,
      "kills_per_min": 0.20435967302452318,
      "kda": 1,
      "abandons": 0,
      "rank_tier": 25,
      "is_subscriber": false,
      "cosmetics": [],
      "benchmarks": {
        "gold_per_min": {
          "raw": 830,
          "pct": 1
        },
        "xp_per_min": {
          "raw": 1663,
          "pct": 1
        },
        "kills_per_min": {
          "raw": 0.20435967302452315,
          "pct": 0.7666666666666667
        },
        "last_hits_per_min": {
          "raw": 2.3297002724795637,
          "pct": 0.43333333333333335
        },
        "hero_damage_per_min": {
          "raw": 537.2615803814714,
          "pct": 0.5333333333333333
        },
        "hero_healing_per_min": {
          "raw": 0,
          "pct": 0.8666666666666667
        },
        "tower_damage": {
          "raw": 0,
          "pct": 0.13333333333333333
        },
        "stuns_per_min": {
          "raw": 0,
          "pct": 0
        },
        "lhten": {}
      }
    },
    {
      "player_slot": 131,
      "ability_targets": null,
      "ability_upgrades_arr": [
        5439,
        5440,
        5439,
        5438,
        5439,
        5441,
        5439,
        5438,
        5438,
        403,
        5438,
        5441,
        5440,
        5440,
        442,
        5440,
        5441,
        6183,
        7030
      ],
      "ability_uses": null,
      "actions": null,
      "additional_units": null,
      "assists": 7,
      "backpack_0": 0,
      "backpack_1": 0,
      "backpack_2": 0,
      "backpack_3": null,
      "buyback_log": null,
      "camps_stacked": null,
      "connection_log": null,
      "creeps_stacked": null,
      "damage": null,
      "damage_inflictor": null,
      "damage_inflictor_received": null,
      "damage_taken": null,
      "damage_targets": null,
      "deaths": 10,
      "denies": 2,
      "dn_t": null,
      "firstblood_claimed": null,
      "gold": 1669,
      "gold_per_min": 668,
      "gold_reasons": null,
      "gold_spent": 16240,
      "gold_t": null,
      "hero_damage": 10270,
      "hero_healing": 0,
      "hero_hits": null,
      "hero_id": 84,
      "item_0": 96,
      "item_1": 65,
      "item_2": 210,
      "item_3": 232,
      "item_4": 29,
      "item_5": 0,
      "item_neutral": 990,
      "item_uses": null,
      "kill_streaks": null,
      "killed": null,
      "killed_by": null,
      "kills": 2,
      "kills_log": null,
      "lane_pos": null,
      "last_hits": 30,
      "leaver_status": 0,
      "level": 26,
      "lh_t": null,
      "life_state": null,
      "max_hero_hit": null,
      "multi_kills": null,
      "net_worth": 15869,
      "obs": null,
      "obs_left_log": null,
      "obs_log": null,
      "obs_placed": null,
      "party_id": 5,
      "party_size": 2,
      "performance_others": null,
      "permanent_buffs": [],
      "pings": null,
      "pred_vict": null,
      "purchase": null,
      "purchase_log": null,
      "randomed": null,
      "repicked": null,
      "roshans_killed": null,
      "rune_pickups": null,
      "runes": null,
      "runes_log": null,
      "sen": null,
      "sen_left_log": null,
      "sen_log": null,
      "sen_placed": null,
      "stuns": null,
      "teamfight_participation": null,
      "times": null,
      "tower_damage": 0,
      "towers_killed": null,
      "xp_per_min": 1691,
      "xp_reasons": null,
      "xp_t": null,
      "start_time": 1669912313,
      "duration": 1468,
      "cluster": 273,
      "lobby_type": 0,
      "game_mode": 23,
      "is_contributor": false,
      "patch": 51,
      "region": 3,
      "isRadiant": false,
      "total_gold": 16343,
      "total_xp": 41373,
      "kills_per_min": 0.08174386920980926,
      "kda": 0,
      "abandons": 0,
      "rank_tier": null,
      "is_subscriber": false,
      "cosmetics": [],
      "benchmarks": {
        "gold_per_min": {
          "raw": 668,
          "pct": 0.9722222222222222
        },
        "xp_per_min": {
          "raw": 1691,
          "pct": 1
        },
        "kills_per_min": {
          "raw": 0.08174386920980926,
          "pct": 0.5277777777777778
        },
        "last_hits_per_min": {
          "raw": 1.2261580381471389,
          "pct": 0.4722222222222222
        },
        "hero_damage_per_min": {
          "raw": 419.7547683923706,
          "pct": 0.2777777777777778
        },
        "hero_healing_per_min": {
          "raw": 0,
          "pct": 0.8333333333333334
        },
        "tower_damage": {
          "raw": 0,
          "pct": 0.3055555555555556
        },
        "stuns_per_min": {
          "raw": 0,
          "pct": 0
        },
        "lhten": {}
      }
    },
    {
      "player_slot": 132,
      "ability_targets": null,
      "ability_upgrades_arr": [
        5260,
        5259,
        5260,
        5261,
        5259,
        5262,
        5259,
        5261,
        5261,
        523,
        5259,
        5262,
        5261,
        5260,
        5262,
        5260,
        495,
        617,
        7878,
        6104,
        6231,
        5944
      ],
      "ability_uses": null,
      "actions": null,
      "additional_units": null,
      "assists": 7,
      "backpack_0": 0,
      "backpack_1": 0,
      "backpack_2": 0,
      "backpack_3": null,
      "buyback_log": null,
      "camps_stacked": null,
      "connection_log": null,
      "creeps_stacked": null,
      "damage": null,
      "damage_inflictor": null,
      "damage_inflictor_received": null,
      "damage_taken": null,
      "damage_targets": null,
      "deaths": 8,
      "denies": 3,
      "dn_t": null,
      "firstblood_claimed": null,
      "gold": 4852,
      "gold_per_min": 1301,
      "gold_reasons": null,
      "gold_spent": 20570,
      "gold_t": null,
      "hero_damage": 32394,
      "hero_healing": 0,
      "hero_hits": null,
      "hero_id": 56,
      "item_0": 29,
      "item_1": 141,
      "item_2": 168,
      "item_3": 116,
      "item_4": 218,
      "item_5": 1466,
      "item_neutral": 362,
      "item_uses": null,
      "kill_streaks": null,
      "killed": null,
      "killed_by": null,
      "kills": 6,
      "kills_log": null,
      "lane_pos": null,
      "last_hits": 88,
      "leaver_status": 0,
      "level": 30,
      "lh_t": null,
      "life_state": null,
      "max_hero_hit": null,
      "multi_kills": null,
      "net_worth": 24402,
      "obs": null,
      "obs_left_log": null,
      "obs_log": null,
      "obs_placed": null,
      "party_id": 5,
      "party_size": 2,
      "performance_others": null,
      "permanent_buffs": [],
      "pings": null,
      "pred_vict": null,
      "purchase": null,
      "purchase_log": null,
      "randomed": null,
      "repicked": null,
      "roshans_killed": null,
      "rune_pickups": null,
      "runes": null,
      "runes_log": null,
      "sen": null,
      "sen_left_log": null,
      "sen_log": null,
      "sen_placed": null,
      "stuns": null,
      "teamfight_participation": null,
      "times": null,
      "tower_damage": 450,
      "towers_killed": null,
      "xp_per_min": 1995,
      "xp_reasons": null,
      "xp_t": null,
      "start_time": 1669912313,
      "duration": 1468,
      "cluster": 273,
      "lobby_type": 0,
      "game_mode": 23,
      "is_contributor": false,
      "patch": 51,
      "region": 3,
      "isRadiant": false,
      "total_gold": 31831,
      "total_xp": 48811,
      "kills_per_min": 0.2452316076294278,
      "kda": 1,
      "abandons": 0,
      "rank_tier": null,
      "is_subscriber": false,
      "cosmetics": [],
      "benchmarks": {
        "gold_per_min": {
          "raw": 1301,
          "pct": 1
        },
        "xp_per_min": {
          "raw": 1995,
          "pct": 1
        },
        "kills_per_min": {
          "raw": 0.24523160762942778,
          "pct": 0.3333333333333333
        },
        "last_hits_per_min": {
          "raw": 3.5967302452316074,
          "pct": 0
        },
        "hero_damage_per_min": {
          "raw": 1324.0054495912807,
          "pct": 0.8888888888888888
        },
        "hero_healing_per_min": {
          "raw": 0,
          "pct": 1
        },
        "tower_damage": {
          "raw": 450,
          "pct": 0.1111111111111111
        },
        "stuns_per_min": {
          "raw": 0,
          "pct": 0.1111111111111111
        },
        "lhten": {}
      }
    }
  ],
  "patch": 51,
  "region": 3
}