{
  "chat": null,
  "cluster": 187,
  "cosmetics": null,
  "dire_score": 41,
  "dire_team_id": null,
  "draft_timings": null,
  "duration": 1690,
  "engine": 1,
  "first_blood_time": 76,
  "game_mode": 23,
  "human_players": 10,
  "leagueid": 0,
  "lobby_type": 0,
  "match_seq_num": 5780339374,
  "negative_votes": 0,
  "objectives": null,
  "picks_bans": null,
  "positive_votes": 0,
  "radiant_gold_adv": null,
  "radiant_score": 28,
  "radiant_team_id": null,
  "radiant_xp_adv": null,
  "skill": null,
  "start_time": 1669911946,
  "teamfights": null,
  "version": null,
  "replay_salt": 813704125,
  "series_id": 0,
  "series_type": 0,
  "players": [
    {
      "player_slot": 0,
      "ability_targets": null,
      "ability_upgrades_arr": [
        5090,
        5685,
        5090,
        5091,
        5685,
        5093,
        5090,
        5685,
        5685,
        5090,
        5939,
        5093,
        5091,
        5091,
        6628,
        5091,
        5093,
        6805,
        698,
        1089,
        6367,
        5976
      ],
      "ability_uses": null,
      "actions": null,
      "additional_units": null,
      "assists": 10,
      "backpack_0": 0,
      "backpack_1": 0,
      "backpack_2": 0,
      "backpack_3": null,
      "buyback_log": null,
      "camps_stacked": null,
      "connection_log": null,
      "creeps_stacked": null,
      "damage": null,
      "damage_inflictor": null,
      "damage_inflictor_received": null,
      "damage_taken": null,
      "damage_targets": null,
      "deaths": 6,
      "denies": 2,
      "dn_t": null,
      "firstblood_claimed": null,
      "gold": 3767,
      "gold_per_min": 975,
      "gold_reasons": null,
      "gold_spent": 25210,
      "gold_t": null,
      "hero_damage": 42240,
      "hero_healing": 0,
      "hero_hits": null,
      "hero_id": 43,
      "item_0": 123,
      "item_1": 108,
      "item_2": 50,
      "item_3": 692,
      "item_4": 100,
      "item_5": 114,
      "item_neutral": 834,
      "item_uses": null,
      "kill_streaks": null,
      "killed": null,
      "killed_by": null,
      "kills": 10,
      "kills_log": null,
      "lane_pos": null,
      "last_hits": 62,
      "leaver_status": 0,
      "level": 29,
      "lh_t": null,
      "life_state": null,
      "max_hero_hit": null,
      "multi_kills": null,
      "net_worth": 26592,
      "obs": null,
      "obs_left_log": null,
      "obs_log": null,
      "obs_placed": null,
      "party_id": 0,
      "party_size": 2,
      "performance_others": null,
      "permanent_buffs": [
        {
          "permanent_buff": 12,
          "stack_count": 0,
          "grant_time": 802
        }
      ],
      "pings": null,
      "pred_vict": null,
      "purchase": null,
      "purchase_log": null,
      "randomed": null,
      "repicked": null,
      "roshans_killed": null,
      "rune_pickups": null,
      "runes": null,
      "runes_log": null,
      "sen": null,
      "sen_left_log": null,
      "sen_log": null,
      "sen_placed": null,
      "stuns": null,
      "teamfight_participation": null,
      "times": null,
      "tower_damage": 1384,
      "towers_killed": null,
      "xp_per_min": 1513,
      "xp_reasons": null,
      "xp_t": null,
      "start_time": 1669911946,
      "duration": 1690,
      "cluster": 187,
      "lobby_type": 0,
      "game_mode": 23,
      "is_contributor": false,
      "patch": 51,
      "region": 8,
      "isRadiant": true,
      "total_gold": 27462,
      "total_xp": 42616,
      "kills_per_min": 0.35502958579881655,
      "kda": 2,
      "abandons": 0,
      "rank_tier": null,
      "is_subscriber": false,
      "cosmetics": [],
      "benchmarks": {
        "gold_per_min": {
          "raw": 975,
          "pct": 1
        },
        "xp_per_min": {
          "raw": 1513,
          "pct": 1
        },
        "kills_per_min": {
          "raw": 0.35502958579881655,
          "pct": 0.9545454545454546
        },
        "last_hits_per_min": {
          "raw": 2.2011834319526624,
          "pct": 0
        },
        "hero_damage_per_min": {
          "raw": 1499.6449704142012,
          "pct": 1
        },
        "hero_healing_per_min": {
          "raw": 0,
          "pct": 0.36363636363636365
        },
        "tower_damage": {
          "raw": 1384,
          "pct": 0.1590909090909091
        },
        "stuns_per_min": {
          "raw": 0,
          "pct": 0.4772727272727273
        },
        "lhten": {}
      }
    },
    {
      "player_slot": 1,
      "ability_targets": null,
      "ability_upgrades_arr": [
        5372,
        5370,
        5372,
        5371,
        5372,
        5371,
        5372,
        5372,
        5370,
        7390,
        5372,
        5370,
        5372,
        5371,
        7148,
        5370,
        5371,
        5371,
        5370,
        6811,
        5371,
        5371,
        5370,
        5370,
        6098
      ],
      "ability_uses": null,
      "actions": null,
      "additional_units": null,
      "assists": 8,
      "backpack_0": 0,
      "backpack_1": 0,
      "backpack_2": 0,
      "backpack_3": null,
      "buyback_log": null,
      "camps_stacked": null,
      "connection_log": null,
      "creeps_stacked": null,
      "damage": null,
      "damage_inflictor": null,
      "damage_inflictor_received": null,
      "damage_taken": null,
      "damage_targets": null,
      "deaths": 8,
      "denies": 0,
      "dn_t": null,
      "firstblood_claimed": null,
      "gold": 2705,
      "gold_per_min": 551,
      "gold_reasons": null,
      "gold_spent": 13345,
      "gold_t": null,
      "hero_damage": 16240,
      "hero_healing": 0,
      "hero_hits": null,
      "hero_id": 74,
      "item_0": 77,
      "item_1": 96,
      "item_2": 259,
      "item_3": 237,
      "item_4": 48,
      "item_5": 0,
      "item_neutral": 0,
      "item_uses": null,
      "kill_streaks": null,
      "killed": null,
      "killed_by": null,
      "kills": 3,
      "kills_log": null,
      "lane_pos": null,
      "last_hits": 26,
      "leaver_status": 0,
      "level": 26,
      "lh_t": null,
      "life_state": null,
      "max_hero_hit": null,
      "multi_kills": null,
      "net_worth": 14905,
      "obs": null,
      "obs_left_log": null,
      "obs_log": null,
      "obs_placed": null,
      "party_id": 0,
      "party_size": 2,
      "performance_others": null,
      "permanent_buffs": [
        {
          "permanent_buff": 6,
          "stack_count": 2,
          "grant_time": 1045
        },
        {
          "permanent_buff": 12,
          "stack_count": 0,
          "grant_time": 769
        }
      ],
      "pings": null,
      "pred_vict": null,
      "purchase": null,
      "purchase_log": null,
      "randomed": null,
      "repicked": null,
      "roshans_killed": null,
      "rune_pickups": null,
      "runes": null,
      "runes_log": null,
      "sen": null,
      "sen_left_log": null,
      "sen_log": null,
      "sen_placed": null,
      "stuns": null,
      "teamfight_participation": null,
      "times": null,
      "tower_damage": 49,
      "towers_killed": null,
      "xp_per_min": 1537,
      "xp_reasons": null,
      "xp_t": null,
      "start_time": 1669911946,
      "duration": 1690,
      "cluster": 187,
      "lobby_type": 0,
      "game_mode": 23,
      "is_contributor": false,
      "patch": 51,
      "region": 8,
      "isRadiant": true,
      "total_gold": 15519,
      "total_xp": 43292,
      "kills_per_min": 0.10650887573964496,
      "kda": 1,
      "abandons": 0,
      "rank_tier": null,
      "is_subscriber": false,
      "cosmetics": [],
      "benchmarks": {
        "gold_per_min": {
          "raw": 551,
          "pct": 0.5483870967741935
        },
        "xp_per_min": {
          "raw": 1537,
          "pct": 1
        },
        "kills_per_min": {
          "raw": 0.10650887573964496,
          "pct": 0.1935483870967742
        },
        "last_hits_per_min": {
          "raw": 0.9230769230769231,
          "pct": 0.03225806451612903
        },
        "hero_damage_per_min": {
          "raw": 576.568047337278,
          "pct": 0.3225806451612903
        },
        "hero_healing_per_min": {
          "raw": 0,
          "pct": 0.7096774193548387
        },
        "tower_damage": {
          "raw": 49,
          "pct": 0.03225806451612903
        },
        "stuns_per_min": {
          "raw": 0,
          "pct": 0
        },
        "lhten": {}
      }
    },
    {
      "player_slot": 2,
      "ability_targets": null,
      "ability_upgrades_arr": [
        5368,
        5368,
        5365,
        5365,
        5369,
        5365,
        5368,
        5368,
        5366,
        7144,
        5369,
        5366,
        5366,
        6604,
        5366,
        5369,
        1003,
        351,
        6101
      ],
      "ability_uses": null,
      "actions": null,
      "additional_units": null,
      "assists": 6,
      "backpack_0": 0,
      "backpack_1": 0,
      "backpack_2": 0,
      "backpack_3": null,
      "buyback_log": null,
      "camps_stacked": null,
      "connection_log": null,
      "creeps_stacked": null,
      "damage": null,
      "damage_inflictor": null,
      "damage_inflictor_received": null,
      "damage_taken": null,
      "damage_targets": null,
      "deaths": 9,
      "denies": 0,
      "dn_t": null,
      "firstblood_claimed": null,
      "gold": 2447,
      "gold_per_min": 836,
      "gold_reasons": null,
      "gold_spent": 22055,
      "gold_t": null,
      "hero_damage": 11219,
      "hero_healing": 0,
      "hero_hits": null,
      "hero_id": 73,
      "item_0": 152,
      "item_1": 116,
      "item_2": 208,
      "item_3": 112,
      "item_4": 178,
      "item_5": 63,
      "item_neutral": 364,
      "item_uses": null,
      "kill_streaks": null,
      "killed": null,
      "killed_by": null,
      "kills": 1,
      "kills_log": null,
      "lane_pos": null,
      "last_hits": 108,
      "leaver_status": 0,
      "level": 27,
      "lh_t": null,
      "life_state": null,
      "max_hero_hit": null,
      "multi_kills": null,
      "net_worth": 23127,
      "obs": null,
      "obs_left_log": null,
      "obs_log": null,
      "obs_placed": null,
      "party_id": 1,
      "party_size": 1,
      "performance_others": null,
      "permanent_buffs": [],
      "pings": null,
      "pred_vict": null,
      "purchase": null,
      "purchase_log": null,
      "randomed": null,
      "repicked": null,
      "roshans_killed": null,
      "rune_pickups": null,
      "runes": null,
      "runes_log": null,
      "sen": null,
      "sen_left_log": null,
      "sen_log": null,
      "sen_placed": null,
      "stuns": null,
      "teamfight_participation": null,
      "times": null,
      "tower_damage": 2115,
      "towers_killed": null,
      "xp_per_min": 1657,
      "xp_reasons": null,
      "xp_t": null,
      "personaname": "Kenpachi Zaraki",
      "name": null,
      "last_login": null,
      "start_time": 1669911946,
      "duration": 1690,
      "cluster": 187,
      "lobby_type": 0,
      "game_mode": 23,
      "is_contributor": false,
      "patch": 51,
      "region": 8,
      "isRadiant": true,
      "total_gold": 23547,
      "total_xp": 46672,
      "kills_per_min": 0.03550295857988166,
      "kda": 0,
      "abandons": 0,
      "rank_tier": null,
      "is_subscriber": false,
      "cosmetics": [],
      "benchmarks": {
        "gold_per_min": {
          "raw": 836,
          "pct": 0.6
        },
        "xp_per_min": {
          "raw": 1657,
          "pct": 1
        },
        "kills_per_min": {
          "raw": 0.03550295857988166,
          "pct": 0.15
        },
        "last_hits_per_min": {
          "raw": 3.8343195266272185,
          "pct": 0.2
        },
        "hero_damage_per_min": {
          "raw": 398.3076923076923,
          "pct": 0.2
        },
        "hero_healing_per_min": {
          "raw": 0,
          "pct": 0.95
        },
        "tower_damage": {
          "raw": 2115,
          "pct": 0.4
        },
        "stuns_per_min": {
          "raw": 0,
          "pct": 0
        },
        "lhten": {}
      }
    },
    {
      "player_slot": 3,
      "ability_targets": null,
      "ability_upgrades_arr": [
        5116,
        5115,
        5116,
        5115,
        5116,
        5117,
        5116,
        5115,
        5115,
        852,
        5114,
        5117,
        5114,
        5114,
        6889,
        5114,
        5117,
        6211,
        6890
      ],
      "ability_uses": null,
      "actions": null,
      "additional_units": null,
      "assists": 6,
      "backpack_0": 0,
      "backpack_1": 0,
      "backpack_2": 0,
      "backpack_3": null,
      "buyback_log": null,
      "camps_stacked": null,
      "connection_log": null,
      "creeps_stacked": null,
      "damage": null,
      "damage_inflictor": null,
      "damage_inflictor_received": null,
      "damage_taken": null,
      "damage_targets": null,
      "deaths": 13,
      "denies": 0,
      "dn_t": null,
      "firstblood_claimed": null,
      "gold": 323,
      "gold_per_min": 647,
      "gold_reasons": null,
      "gold_spent": 18620,
      "gold_t": null,
      "hero_damage": 13444,
      "hero_healing": 0,
      "hero_hits": null,
      "hero_id": 28,
      "item_0": 55,
      "item_1": 108,
      "item_2": 1,
      "item_3": 116,
      "item_4": 63,
      "item_5": 252,
      "item_neutral": 828,
      "item_uses": null,
      "kill_streaks": null,
      "killed": null,
      "killed_by": null,
      "kills": 4,
      "kills_log": null,
      "lane_pos": null,
      "last_hits": 48,
      "leaver_status": 0,
      "level": 25,
      "lh_t": null,
      "life_state": null,
      "max_hero_hit": null,
      "multi_kills": null,
      "net_worth": 18223,
      "obs": null,
      "obs_left_log": null,
      "obs_log": null,
      "obs_placed": null,
      "party_id": 2,
      "party_size": 1,
      "performance_others": null,
      "permanent_buffs": [
        {
          "permanent_buff": 12,
          "stack_count": 0,
          "grant_time": 1266
        }
      ],
      "pings": null,
      "pred_vict": null,
      "purchase": null,
      "purchase_log": null,
      "randomed": null,
      "repicked": null,
      "roshans_killed": null,
      "rune_pickups": null,
      "runes": null,
      "runes_log": null,
      "sen": null,
      "sen_left_log": null,
      "sen_log": null,
      "sen_placed": null,
      "stuns": null,
      "teamfight_participation": null,
      "times": null,
      "tower_damage": 0,
      "towers_killed": null,
      "xp_per_min": 1513,
      "xp_reasons": null,
      "xp_t": null,
      "start_time": 1669911946,
      "duration": 1690,
      "cluster": 187,
      "lobby_type": 0,
      "game_mode": 23,
      "is_contributor": false,
      "patch": 51,
      "region": 8,
      "isRadiant": true,
      "total_gold": 18223,
      "total_xp": 42616,
      "kills_per_min": 0.14201183431952663,
      "kda": 0,
      "abandons": 0,
      "rank_tier": null,
      "is_subscriber": false,
      "cosmetics": [],
      "benchmarks": {
        "gold_per_min": {
          "raw": 647,
          "pct": 1
        },
        "xp_per_min": {
          "raw": 1513,
          "pct": 1
        },
        "kills_per_min": {
          "raw": 0.14201183431952663,
          "pct": 0.6
        },
        "last_hits_per_min": {
          "raw": 1.7041420118343193,
          "pct": 0
        },
        "hero_damage_per_min": {
          "raw": 477.301775147929,
          "pct": 0.6666666666666666
        },
        "hero_healing_per_min": {
          "raw": 0,
          "pct": 0.9333333333333333
        },
        "tower_damage": {
          "raw": 0,
          "pct": 0.2
        },
        "stuns_per_min": {
          "raw": 0,
          "pct": 0
        },
        "lhten": {}
      }
    },
    {
      "player_slot": 4,
      "ability_targets": null,
      "ability_upgrades_arr": [
        5023,
        5024,
        5025,
        5025,
        5024,
        5026,
        5023,
        5025,
        5025,
        706,
        5024,
        5026,
        5023,
        5024,
        918,
        5023,
        5026,
        6425,
        6035,
        744,
        858,
        6511,
        8041
      ],
      "ability_uses": null,
      "actions": null,
      "additional_units": null,
      "assists": 13,
      "backpack_0": 56,
      "backpack_1": 0,
      "backpack_2": 0,
      "backpack_3": null,
      "buyback_log": null,
      "camps_stacked": null,
      "connection_log": null,
      "creeps_stacked": null,
      "damage": null,
      "damage_inflictor": null,
      "damage_inflictor_received": null,
      "damage_taken": null,
      "damage_targets": null,
      "deaths": 5,
      "denies": 4,
      "dn_t": null,
      "firstblood_claimed": null,
      "gold": 498,
      "gold_per_min": 1165,
      "gold_reasons": null,
      "gold_spent": 33240,
      "gold_t": null,
      "hero_damage": 37465,
      "hero_healing": 0,
      "hero_hits": null,
      "hero_id": 7,
      "item_0": 249,
      "item_1": 69,
      "item_2": 123,
      "item_3": 141,
      "item_4": 600,
      "item_5": 63,
      "item_neutral": 638,
      "item_uses": null,
      "kill_streaks": null,
      "killed": null,
      "killed_by": null,
      "kills": 10,
      "kills_log": null,
      "lane_pos": null,
      "last_hits": 96,
      "leaver_status": 0,
      "level": 30,
      "lh_t": null,
      "life_state": null,
      "max_hero_hit": null,
      "multi_kills": null,
      "net_worth": 32173,
      "obs": null,
      "obs_left_log": null,
      "obs_log": null,
      "obs_placed": null,
      "party_id": 3,
      "party_size": 1,
      "performance_others": null,
      "permanent_buffs": [
        {
          "permanent_buff": 2,
          "stack_count": 0,
          "grant_time": 1684
        }
      ],
      "pings": null,
      "pred_vict": null,
      "purchase": null,
      "purchase_log": null,
      "randomed": null,
      "repicked": null,
      "roshans_killed": null,
      "rune_pickups": null,
      "runes": null,
      "runes_log": null,
      "sen": null,
      "sen_left_log": null,
      "sen_log": null,
      "sen_placed": null,
      "stuns": null,
      "teamfight_participation": null,
      "times": null,
      "tower_damage": 0,
      "towers_killed": null,
      "xp_per_min": 1886,
      "xp_reasons": null,
      "xp_t": null,
      "start_time": 1669911946,
      "duration": 1690,
      "cluster": 187,
      "lobby_type": 0,
      "game_mode": 23,
      "is_contributor": false,
      "patch": 51,
      "region": 8,
      "isRadiant": true,
      "total_gold": 32814,
      "total_xp": 53122,
      "kills_per_min": 0.35502958579881655,
      "kda": 3,
      "abandons": 0,
      "rank_tier": null,
      "is_subscriber": false,
      "cosmetics": [],
      "benchmarks": {
        "gold_per_min": {
          "raw": 1165,
          "pct": 1
        },
        "xp_per_min": {
          "raw": 1886,
          "pct": 1
        },
        "kills_per_min": {
          "raw": 0.35502958579881655,
          "pct": 0.9
        },
        "last_hits_per_min": {
          "raw": 3.4082840236686387,
          "pct": 0.6666666666666666
        },
        "hero_damage_per_min": {
          "raw": 1330.1183431952663,
          "pct": 1
        },
        "hero_healing_per_min": {
          "raw": 0,
          "pct": 0.8666666666666667
        },
        "tower_damage": {
          "raw": 0,
          "pct": 0.13333333333333333
        },
        "stuns_per_min": {
          "raw": 0,
          "pct": 0
        },
        "lhten": {}
      }
    },
    {
      "player_slot": 128,
      "ability_targets": null,
      "ability_upgrades_arr": [
        5138,
        5140,
        5138,
        5140,
        5138,
        5141,
        5140,
        5138,
        5140,
        417,
        5139,
        5141,
        5139,
        5139,
        5139,
        6524,
        5141,
        5998,
        6996,
        6995,
        5993,
        555
      ],
      "ability_uses": null,
      "actions": null,
      "additional_units": null,
      "assists": 15,
      "backpack_0": 0,
      "backpack_1": 0,
      "backpack_2": 0,
      "backpack_3": null,
      "buyback_log": null,
      "camps_stacked": null,
      "connection_log": null,
      "creeps_stacked": null,
      "damage": null,
      "damage_inflictor": null,
      "damage_inflictor_received": null,
      "damage_taken": null,
      "damage_targets": null,
      "deaths": 6,
      "denies": 6,
      "dn_t": null,
      "firstblood_claimed": null,
      "gold": 3215,
      "gold_per_min": 1016,
      "gold_reasons": null,
      "gold_spent": 26015,
      "gold_t": null,
      "hero_damage": 33495,
      "hero_healing": 4980,
      "hero_hits": null,
      "hero_id": 30,
      "item_0": 206,
      "item_1": 249,
      "item_2": 218,
      "item_3": 108,
      "item_4": 235,
      "item_5": 220,
      "item_neutral": 300,
      "item_uses": null,
      "kill_streaks": null,
      "killed": null,
      "killed_by": null,
      "kills": 9,
      "kills_log": null,
      "lane_pos": null,
      "last_hits": 58,
      "leaver_status": 0,
      "level": 29,
      "lh_t": null,
      "life_state": null,
      "max_hero_hit": null,
      "multi_kills": null,
      "net_worth": 26890,
      "obs": null,
      "obs_left_log": null,
      "obs_log": null,
      "obs_placed": null,
      "party_id": 4,
      "party_size": 1,
      "performance_others": null,
      "permanent_buffs": [
        {
          "permanent_buff": 12,
          "stack_count": 0,
          "grant_time": 986
        }
      ],
      "pings": null,
      "pred_vict": null,
      "purchase": null,
      "purchase_log": null,
      "randomed": null,
      "repicked": null,
      "roshans_killed": null,
      "rune_pickups": null,
      "runes": null,
      "runes_log": null,
      "sen": null,
      "sen_left_log": null,
      "sen_log": null,
      "sen_placed": null,
      "stuns": null,
      "teamfight_participation": null,
      "times": null,
      "tower_damage": 2076,
      "towers_killed": null,
      "xp_per_min": 2016,
      "xp_reasons": null,
      "xp_t": null,
      "start_time": 1669911946,
      "duration": 1690,
      "cluster": 187,
      "lobby_type": 0,
      "game_mode": 23,
      "is_contributor": false,
      "patch": 51,
      "region": 8,
      "isRadiant": false,
      "total_gold": 28617,
      "total_xp": 56784,
      "kills_per_min": 0.3195266272189349,
      "kda": 3,
      "abandons": 0,
      "rank_tier": null,
      "is_subscriber": false,
      "cosmetics": [],
      "benchmarks": {
        "gold_per_min": {
          "raw": 1016,
          "pct": 1
        },
        "xp_per_min": {
          "raw": 2016,
          "pct": 1
        },
        "kills_per_min": {
          "raw": 0.31952662721893493,
          "pct": 0.9743589743589743
        },
        "last_hits_per_min": {
          "raw": 2.059171597633136,
          "pct": 0.8717948717948718
        },
        "hero_damage_per_min": {
          "raw": 1189.1715976331361,
          "pct": 1
        },
        "hero_healing_per_min": {
          "raw": 176.80473372781066,
          "pct": 0.8974358974358975
        },
        "tower_damage": {
          "raw": 2076,
          "pct": 0.9743589743589743
        },
        "stuns_per_min": {
          "raw": 0,
          "pct": 0.02564102564102564
        },
        "lhten": {}
      }
    },
    {
      "player_slot": 129,
      "ability_targets": null,
      "ability_upgrades_arr": [
        5508,
        5509,
        5509,
        5508,
        5511,
        5512,
        5511,
        5508,
        5511,
        5508,
        5511,
        5512,
        6958,
        5510,
        492,
        5510,
        5512,
        6154,
        6960,
        1010,
        6959,
        1011,
        988
      ],
      "ability_uses": null,
      "actions": null,
      "additional_units": null,
      "assists": 10,
      "backpack_0": 0,
      "backpack_1": 0,
      "backpack_2": 0,
      "backpack_3": null,
      "buyback_log": null,
      "camps_stacked": null,
      "connection_log": null,
      "creeps_stacked": null,
      "damage": null,
      "damage_inflictor": null,
      "damage_inflictor_received": null,
      "damage_taken": null,
      "damage_targets": null,
      "deaths": 4,
      "denies": 24,
      "dn_t": null,
      "firstblood_claimed": null,
      "gold": 5508,
      "gold_per_min": 1189,
      "gold_reasons": null,
      "gold_spent": 29900,
      "gold_t": null,
      "hero_damage": 40200,
      "hero_healing": 0,
      "hero_hits": null,
      "hero_id": 95,
      "item_0": 63,
      "item_1": 249,
      "item_2": 208,
      "item_3": 139,
      "item_4": 112,
      "item_5": 114,
      "item_neutral": 306,
      "item_uses": null,
      "kill_streaks": null,
      "killed": null,
      "killed_by": null,
      "kills": 9,
      "kills_log": null,
      "lane_pos": null,
      "last_hits": 133,
      "leaver_status": 0,
      "level": 30,
      "lh_t": null,
      "life_state": null,
      "max_hero_hit": null,
      "multi_kills": null,
      "net_worth": 33808,
      "obs": null,
      "obs_left_log": null,
      "obs_log": null,
      "obs_placed": null,
      "party_id": 5,
      "party_size": 2,
      "performance_others": null,
      "permanent_buffs": [
        {
          "permanent_buff": 6,
          "stack_count": 2,
          "grant_time": 816
        }
      ],
      "pings": null,
      "pred_vict": null,
      "purchase": null,
      "purchase_log": null,
      "randomed": null,
      "repicked": null,
      "roshans_killed": null,
      "rune_pickups": null,
      "runes": null,
      "runes_log": null,
      "sen": null,
      "sen_left_log": null,
      "sen_log": null,
      "sen_placed": null,
      "stuns": null,
      "teamfight_participation": null,
      "times": null,
      "tower_damage": 8428,
      "towers_killed": null,
      "xp_per_min": 1654,
      "xp_reasons": null,
      "xp_t": null,
      "start_time": 1669911946,
      "duration": 1690,
      "cluster": 187,
      "lobby_type": 0,
      "game_mode": 23,
      "is_contributor": false,
      "patch": 51,
      "region": 8,
      "isRadiant": false,
      "total_gold": 33490,
      "total_xp": 46587,
      "kills_per_min": 0.3195266272189349,
      "kda": 3,
      "abandons": 0,
      "rank_tier": null,
      "is_subscriber": false,
      "cosmetics": [],
      "benchmarks": {
        "gold_per_min": {
          "raw": 1189,
          "pct": 1
        },
        "xp_per_min": {
          "raw": 1654,
          "pct": 1
        },
        "kills_per_min": {
          "raw": 0.31952662721893493,
          "pct": 0.625
        },
        "last_hits_per_min": {
          "raw": 4.721893491124261,
          "pct": 0
        },
        "hero_damage_per_min": {
          "raw": 1427.2189349112427,
          "pct": 1
        },
        "hero_healing_per_min": {
          "raw": 0,
          "pct": 1
        },
        "tower_damage": {
          "raw": 8428,
          "pct": 0.4375
        },
        "stuns_per_min": {
          "raw": 0,
          "pct": 0
        },
        "lhten": {}
      }
    },
    {
      "player_slot": 130,
      "ability_targets": null,
      "ability_upgrades_arr": [
        5286,
        5287,
        5286,
        5285,
        5286,
        5288,
        5286,
        5285,
        5285,
        5287,
        484,
        5288,
        5285,
        5287,
        876,
        5287,
        5288,
        878,
        877,
        869,
        959
      ],
      "ability_uses": null,
      "actions": null,
      "additional_units": null,
      "assists": 12,
      "backpack_0": 50,
      "backpack_1": 0,
      "backpack_2": 0,
      "backpack_3": null,
      "buyback_log": null,
      "camps_stacked": null,
      "connection_log": null,
      "creeps_stacked": null,
      "damage": null,
      "damage_inflictor": null,
      "damage_inflictor_received": null,
      "damage_taken": null,
      "damage_targets": null,
      "deaths": 11,
      "denies": 0,
      "dn_t": null,
      "firstblood_claimed": null,
      "gold": 1129,
      "gold_per_min": 1008,
      "gold_reasons": null,
      "gold_spent": 27920,
      "gold_t": null,
      "hero_damage": 14801,
      "hero_healing": 0,
      "hero_hits": null,
      "hero_id": 62,
      "item_0": 156,
      "item_1": 135,
      "item_2": 141,
      "item_3": 168,
      "item_4": 247,
      "item_5": 143,
      "item_neutral": 573,
      "item_uses": null,
      "kill_streaks": null,
      "killed": null,
      "killed_by": null,
      "kills": 4,
      "kills_log": null,
      "lane_pos": null,
      "last_hits": 85,
      "leaver_status": 0,
      "level": 28,
      "lh_t": null,
      "life_state": null,
      "max_hero_hit": null,
      "multi_kills": null,
      "net_worth": 28179,
      "obs": null,
      "obs_left_log": null,
      "obs_log": null,
      "obs_placed": null,
      "party_id": 5,
      "party_size": 2,
      "performance_others": null,
      "permanent_buffs": [
        {
          "permanent_buff": 10,
          "stack_count": 919,
          "grant_time": 106
        }
      ],
      "pings": null,
      "pred_vict": null,
      "purchase": null,
      "purchase_log": null,
      "randomed": null,
      "repicked": null,
      "roshans_killed": null,
      "rune_pickups": null,
      "runes": null,
      "runes_log": null,
      "sen": null,
      "sen_left_log": null,
      "sen_log": null,
      "sen_placed": null,
      "stuns": null,
      "teamfight_participation": null,
      "times": null,
      "tower_damage": 2942,
      "towers_killed": null,
      "xp_per_min": 1637,
      "xp_reasons": null,
      "xp_t": null,
      "start_time": 1669911946,
      "duration": 1690,
      "cluster": 187,
      "lobby_type": 0,
      "game_mode": 23,
      "is_contributor": false,
      "patch": 51,
      "region": 8,
      "isRadiant": false,
      "total_gold": 28392,
      "total_xp": 46108,
      "kills_per_min": 0.14201183431952663,
      "kda": 1,
      "abandons": 0,
      "rank_tier": null,
      "is_subscriber": false,
      "cosmetics": [],
      "benchmarks": {
        "gold_per_min": {
          "raw": 1008,
          "pct": 1
        },
        "xp_per_min": {
          "raw": 1637,
          "pct": 1
        },
        "kills_per_min": {
          "raw": 0.14201183431952663,
          "pct": 0.5
        },
        "last_hits_per_min": {
          "raw": 3.0177514792899407,
          "pct": 0.6666666666666666
        },
        "hero_damage_per_min": {
          "raw": 525.4792899408284,
          "pct": 0.5555555555555556
        },
        "hero_healing_per_min": {
          "raw": 0,
          "pct": 0.9444444444444444
        },
        "tower_damage": {
          "raw": 2942,
          "pct": 0.9444444444444444
        },
        "stuns_per_min": {
          "raw": 0,
          "pct": 0.1111111111111111
        },
        "lhten": {}
      }
    },
    {
      "player_slot": 131,
      "ability_targets": null,
      "ability_upgrades_arr": [
        5075,
        5076,
        5076,
        5074,
        5076,
        5077,
        5074,
        5076,
        5075,
        5075,
        5074,
        5077,
        5074,
        5075,
        7142,
        6565,
        5077,
        332,
        6023,
        5931,
        507,
        408,
        6506
      ],
      "ability_uses": null,
      "actions": null,
      "additional_units": null,
      "assists": 16,
      "backpack_0": 114,
      "backpack_1": 0,
      "backpack_2": 0,
      "backpack_3": null,
      "buyback_log": null,
      "camps_stacked": null,
      "connection_log": null,
      "creeps_stacked": null,
      "damage": null,
      "damage_inflictor": null,
      "damage_inflictor_received": null,
      "damage_taken": null,
      "damage_targets": null,
      "deaths": 5,
      "denies": 1,
      "dn_t": null,
      "firstblood_claimed": null,
      "gold": 2373,
      "gold_per_min": 1151,
      "gold_reasons": null,
      "gold_spent": 33795,
      "gold_t": null,
      "hero_damage": 34482,
      "hero_healing": 0,
      "hero_hits": null,
      "hero_id": 14,
      "item_0": 600,
      "item_1": 172,
      "item_2": 116,
      "item_3": 90,
      "item_4": 0,
      "item_5": 137,
      "item_neutral": 290,
      "item_uses": null,
      "kill_streaks": null,
      "killed": null,
      "killed_by": null,
      "kills": 8,
      "kills_log": null,
      "lane_pos": null,
      "last_hits": 87,
      "leaver_status": 0,
      "level": 30,
      "lh_t": null,
      "life_state": null,
      "max_hero_hit": null,
      "multi_kills": null,
      "net_worth": 28523,
      "obs": null,
      "obs_left_log": null,
      "obs_log": null,
      "obs_placed": null,
      "party_id": 6,
      "party_size": 1,
      "performance_others": null,
      "permanent_buffs": [
        {
          "permanent_buff": 4,
          "stack_count": 20,
          "grant_time": 224
        }
      ],
      "pings": null,
      "pred_vict": null,
      "purchase": null,
      "purchase_log": null,
      "randomed": null,
      "repicked": null,
      "roshans_killed": null,
      "rune_pickups": null,
      "runes": null,
      "runes_log": null,
      "sen": null,
      "sen_left_log": null,
      "sen_log": null,
      "sen_placed": null,
      "stuns": null,
      "teamfight_participation": null,
      "times": null,
      "tower_damage": 2197,
      "towers_killed": null,
      "xp_per_min": 1654,
      "xp_reasons": null,
      "xp_t": null,
      "start_time": 1669911946,
      "duration": 1690,
      "cluster": 187,
      "lobby_type": 0,
      "game_mode": 23,
      "is_contributor": false,
      "patch": 51,
      "region": 8,
      "isRadiant": false,
      "total_gold": 32419,
      "total_xp": 46587,
      "kills_per_min": 0.28402366863905326,
      "kda": 4,
      "abandons": 0,
      "rank_tier": null,
      "is_subscriber": false,
      "cosmetics": [],
      "benchmarks": {
        "gold_per_min": {
          "raw": 1151,
          "pct": 1
        },
        "xp_per_min": {
          "raw": 1654,
          "pct": 1
        },
        "kills_per_min": {
          "raw": 0.28402366863905326,
          "pct": 0.8035714285714286
        },
        "last_hits_per_min": {
          "raw": 3.0887573964497044,
          "pct": 0.44642857142857145
        },
        "hero_damage_per_min": {
          "raw": 1224.2130177514794,
          "pct": 1
        },
        "hero_healing_per_min": {
          "raw": 0,
          "pct": 0.6428571428571429
        },
        "tower_damage": {
          "raw": 2197,
          "pct": 0.9107142857142857
        },
        "stuns_per_min": {
          "raw": 0,
          "pct": 0
        },
        "lhten": {}
      }
    },
    {
      "player_slot": 132,
      "ability_targets": null,
      "ability_upgrades_arr": [
        5059,
        5062,
        5059,
        5062,
        5059,
        5064,
        5059,
        5062,
        5062,
        999,
        5063,
        5064,
        5063,
        5063,
        6070,
        5063,
        5064,
        815,
        1072,
        6016,
        6875,
        6670,
        929
      ],
      "ability_uses": null,
      "actions": null,
      "additional_units": null,
      "assists": 12,
      "backpack_0": 48,
      "backpack_1": 0,
      "backpack_2": 0,
      "backpack_3": null,
      "buyback_log": null,
      "camps_stacked": null,
      "connection_log": null,
      "creeps_stacked": null,
      "damage": null,
      "damage_inflictor": null,
      "damage_inflictor_received": null,
      "damage_taken": null,
      "damage_targets": null,
      "deaths": 2,
      "denies": 0,
      "dn_t": null,
      "firstblood_claimed": null,
      "gold": 2652,
      "gold_per_min": 1226,
      "gold_reasons": null,
      "gold_spent": 32865,
      "gold_t": null,
      "hero_damage": 34882,
      "hero_healing": 0,
      "hero_hits": null,
      "hero_id": 11,
      "item_0": 108,
      "item_1": 110,
      "item_2": 176,
      "item_3": 100,
      "item_4": 604,
      "item_5": 116,
      "item_neutral": 311,
      "item_uses": null,
      "kill_streaks": null,
      "killed": null,
      "killed_by": null,
      "kills": 11,
      "kills_log": null,
      "lane_pos": null,
      "last_hits": 121,
      "leaver_status": 0,
      "level": 30,
      "lh_t": null,
      "life_state": null,
      "max_hero_hit": null,
      "multi_kills": null,
      "net_worth": 33977,
      "obs": null,
      "obs_left_log": null,
      "obs_log": null,
      "obs_placed": null,
      "party_id": 7,
      "party_size": 1,
      "performance_others": null,
      "permanent_buffs": [
        {
          "permanent_buff": 12,
          "stack_count": 0,
          "grant_time": 1294
        }
      ],
      "pings": null,
      "pred_vict": null,
      "purchase": null,
      "purchase_log": null,
      "randomed": null,
      "repicked": null,
      "roshans_killed": null,
      "rune_pickups": null,
      "runes": null,
      "runes_log": null,
      "sen": null,
      "sen_left_log": null,
      "sen_log": null,
      "sen_placed": null,
      "stuns": null,
      "teamfight_participation": null,
      "times": null,
      "tower_damage": 2065,
      "towers_killed": null,
      "xp_per_min": 1654,
      "xp_reasons": null,
      "xp_t": null,
      "start_time": 1669911946,
      "duration": 1690,
      "cluster": 187,
      "lobby_type": 0,
      "game_mode": 23,
      "is_contributor": false,
      "patch": 51,
      "region": 8,
      "isRadiant": false,
      "total_gold": 34532,
      "total_xp": 46587,
      "kills_per_min": 0.3905325443786982,
      "kda": 7,
      "abandons": 0,
      "rank_tier": null,
      "is_subscriber": false,
      "cosmetics": [],
      "benchmarks": {
        "gold_per_min": {
          "raw": 1226,
          "pct": 1
        },
        "xp_per_min": {
          "raw": 1654,
          "pct": 1
        },
        "kills_per_min": {
          "raw": 0.3905325443786982,
          "pct": 0.86
        },
        "last_hits_per_min": {
          "raw": 4.295857988165681,
          "pct": 0.04
        },
        "hero_damage_per_min": {
          "raw": 1238.414201183432,
          "pct": 0.98
        },
        "hero_healing_per_min": {
          "raw": 0,
          "pct": 0.88
        },
        "tower_damage": {
          "raw": 2065,
          "pct": 0.38
        },
        "stuns_per_min": {
          "raw": 0,
          "pct": 0.02
        },
        "lhten": {}
      }
    }
  ],
  "patch": 51,
  "region": 8
}