{
  "chat": null,
  "cluster": 185,
  "cosmetics": null,
  "dire_score": 24,
  "dire_team_id": null,
  "draft_timings": null,
  "duration": 1436,
  "engine": 1,
  "first_blood_time": 38,
  "game_mode": 23,
  "human_players": 10,
  "leagueid": 0,
  "lobby_type": 0,
  "match_seq_num": 5780319636,
  "negative_votes": 0,
  "objectives": null,
  "picks_bans": null,
  "positive_votes": 0,
  "radiant_gold_adv": null,
  "radiant_score": 40,
  "radiant_team_id": null,
  "radiant_xp_adv": null,
  "skill": null,
  "start_time": 1669911415,
  "teamfights": null,
  "version": null,
  "replay_salt": 1758066193,
  "series_id": 0,
  "series_type": 0,
  "players": [
    {
      "player_slot": 0,
      "ability_targets": null,
      "ability_upgrades_arr": [
        5111,
        641,
        5111,
        5110,
        5111,
        5113,
        5111,
        5110,
        5110,
        5110,
        641,
        5113,
        641,
        641,
        1061,
        6157,
        5113,
        611,
        8038
      ],
      "ability_uses": null,
      "actions": null,
      "additional_units": null,
      "assists": 19,
      "backpack_0": 0,
      "backpack_1": 0,
      "backpack_2": 0,
      "backpack_3": null,
      "buyback_log": null,
      "camps_stacked": null,
      "connection_log": null,
      "creeps_stacked": null,
      "damage": null,
      "damage_inflictor": null,
      "damage_inflictor_received": null,
      "damage_taken": null,
      "damage_targets": null,
      "deaths": 3,
      "denies": 1,
      "dn_t": null,
      "firstblood_claimed": null,
      "gold": 2155,
      "gold_per_min": 879,
      "gold_reasons": null,
      "gold_spent": 19515,
      "gold_t": null,
      "hero_damage": 18658,
      "hero_healing": 0,
      "hero_hits": null,
      "hero_id": 22,
      "item_0": 36,
      "item_1": 235,
      "item_2": 108,
      "item_3": 180,
      "item_4": 96,
      "item_5": 0,
      "item_neutral": 290,
      "item_uses": null,
      "kill_streaks": null,
      "killed": null,
      "killed_by": null,
      "kills": 4,
      "kills_log": null,
      "lane_pos": null,
      "last_hits": 27,
      "leaver_status": 0,
      "level": 26,
      "lh_t": null,
      "life_state": null,
      "max_hero_hit": null,
      "multi_kills": null,
      "net_worth": 20555,
      "obs": null,
      "obs_left_log": null,
      "obs_log": null,
      "obs_placed": null,
      "party_id": 0,
      "party_size": 2,
      "performance_others": null,
      "permanent_buffs": [
        {
          "permanent_buff": 6,
          "stack_count": 1,
          "grant_time": 857
        },
        {
          "permanent_buff": 12,
          "stack_count": 0,
          "grant_time": 1041
        }
      ],
      "pings": null,
      "pred_vict": null,
      "purchase": null,
      "purchase_log": null,
      "randomed": null,
      "repicked": null,
      "roshans_killed": null,
      "rune_pickups": null,
      "runes": null,
      "runes_log": null,
      "sen": null,
      "sen_left_log": null,
      "sen_log": null,
      "sen_placed": null,
      "stuns": null,
      "teamfight_participation": null,
      "times": null,
      "tower_damage": 308,
      "towers_killed": null,
      "xp_per_min": 1629,
      "xp_reasons": null,
      "xp_t": null,
      "personaname": "Napo1e0n",
      "name": null,
      "last_login": null,
      "start_time": 1669911415,
      "duration": 1436,
      "cluster": 185,
      "lobby_type": 0,
      "game_mode": 23,
      "is_contributor": false,
      "patch": 51,
      "region": 8,
      "isRadiant": true,
      "total_gold": 21037,
      "total_xp": 38987,
      "kills_per_min": 0.1671309192200557,
      "kda": 5,
      "abandons": 0,
      "rank_tier": 45,
      "is_subscriber": false,
      "cosmetics": [],
      "benchmarks": {
        "gold_per_min": {
          "raw": 879,
          "pct": 1
        },
        "xp_per_min": {
          "raw": 1629,
          "pct": 1
        },
        "kills_per_min": {
          "raw": 0.1671309192200557,
          "pct": 0.22857142857142856
        },
        "last_hits_per_min": {
          "raw": 1.128133704735376,
          "pct": 0.08571428571428572
        },
        "hero_damage_per_min": {
          "raw": 779.5821727019498,
          "pct": 0.2857142857142857
        },
        "hero_healing_per_min": {
          "raw": 0,
          "pct": 0.7714285714285715
        },
        "tower_damage": {
          "raw": 308,
          "pct": 0.5428571428571428
        },
        "stuns_per_min": {
          "raw": 0,
          "pct": 0
        },
        "lhten": {}
      }
    },
    {
      "player_slot": 1,
      "ability_targets": null,
      "ability_upgrades_arr": [
        5032,
        5031,
        5032,
        5033,
        5032,
        5035,
        5032,
        5033,
        5033,
        5033,
        1015,
        5035,
        5031,
        5031,
        766,
        5031,
        5035,
        6667,
        6666,
        745,
        6253,
        6089
      ],
      "ability_uses": null,
      "actions": null,
      "additional_units": null,
      "assists": 10,
      "backpack_0": 0,
      "backpack_1": 0,
      "backpack_2": 0,
      "backpack_3": null,
      "buyback_log": null,
      "camps_stacked": null,
      "connection_log": null,
      "creeps_stacked": null,
      "damage": null,
      "damage_inflictor": null,
      "damage_inflictor_received": null,
      "damage_taken": null,
      "damage_targets": null,
      "deaths": 1,
      "denies": 2,
      "dn_t": null,
      "firstblood_claimed": null,
      "gold": 2096,
      "gold_per_min": 1271,
      "gold_reasons": null,
      "gold_spent": 29450,
      "gold_t": null,
      "hero_damage": 14535,
      "hero_healing": 0,
      "hero_hits": null,
      "hero_id": 23,
      "item_0": 50,
      "item_1": 1,
      "item_2": 249,
      "item_3": 116,
      "item_4": 114,
      "item_5": 108,
      "item_neutral": 571,
      "item_uses": null,
      "kill_streaks": null,
      "killed": null,
      "killed_by": null,
      "kills": 6,
      "kills_log": null,
      "lane_pos": null,
      "last_hits": 144,
      "leaver_status": 0,
      "level": 29,
      "lh_t": null,
      "life_state": null,
      "max_hero_hit": null,
      "multi_kills": null,
      "net_worth": 30146,
      "obs": null,
      "obs_left_log": null,
      "obs_log": null,
      "obs_placed": null,
      "party_id": 0,
      "party_size": 2,
      "performance_others": null,
      "permanent_buffs": [
        {
          "permanent_buff": 1,
          "stack_count": 0,
          "grant_time": 1616
        },
        {
          "permanent_buff": 12,
          "stack_count": 0,
          "grant_time": 1137
        }
      ],
      "pings": null,
      "pred_vict": null,
      "purchase": null,
      "purchase_log": null,
      "randomed": null,
      "repicked": null,
      "roshans_killed": null,
      "rune_pickups": null,
      "runes": null,
      "runes_log": null,
      "sen": null,
      "sen_left_log": null,
      "sen_log": null,
      "sen_placed": null,
      "stuns": null,
      "teamfight_participation": null,
      "times": null,
      "tower_damage": 7884,
      "towers_killed": null,
      "xp_per_min": 1854,
      "xp_reasons": null,
      "xp_t": null,
      "personaname": "X R V M",
      "name": null,
      "last_login": null,
      "start_time": 1669911415,
      "duration": 1436,
      "cluster": 185,
      "lobby_type": 0,
      "game_mode": 23,
      "is_contributor": false,
      "patch": 51,
      "region": 8,
      "isRadiant": true,
      "total_gold": 30419,
      "total_xp": 44372,
      "kills_per_min": 0.25069637883008355,
      "kda": 8,
      "abandons": 0,
      "rank_tier": null,
      "is_subscriber": false,
      "cosmetics": [],
      "benchmarks": {
        "gold_per_min": {
          "raw": 1271,
          "pct": 1
        },
        "xp_per_min": {
          "raw": 1854,
          "pct": 1
        },
        "kills_per_min": {
          "raw": 0.25069637883008355,
          "pct": 0.7647058823529411
        },
        "last_hits_per_min": {
          "raw": 6.016713091922005,
          "pct": 0.29411764705882354
        },
        "hero_damage_per_min": {
          "raw": 607.3119777158774,
          "pct": 0.5294117647058824
        },
        "hero_healing_per_min": {
          "raw": 0,
          "pct": 0.8235294117647058
        },
        "tower_damage": {
          "raw": 7884,
          "pct": 1
        },
        "stuns_per_min": {
          "raw": 0,
          "pct": 0.058823529411764705
        },
        "lhten": {}
      }
    },
    {
      "player_slot": 2,
      "ability_targets": null,
      "ability_upgrades_arr": [
        5378,
        5377,
        5378,
        5377,
        5378,
        5380,
        5378,
        5377,
        5377,
        5906,
        5379,
        5380,
        5379,
        5379,
        6880,
        5379,
        6879,
        5380,
        1073,
        6184
      ],
      "ability_uses": null,
      "actions": null,
      "additional_units": null,
      "assists": 17,
      "backpack_0": 77,
      "backpack_1": 10,
      "backpack_2": 0,
      "backpack_3": null,
      "buyback_log": null,
      "camps_stacked": null,
      "connection_log": null,
      "creeps_stacked": null,
      "damage": null,
      "damage_inflictor": null,
      "damage_inflictor_received": null,
      "damage_taken": null,
      "damage_targets": null,
      "deaths": 9,
      "denies": 3,
      "dn_t": null,
      "firstblood_claimed": null,
      "gold": 4538,
      "gold_per_min": 1249,
      "gold_reasons": null,
      "gold_spent": 26075,
      "gold_t": null,
      "hero_damage": 31978,
      "hero_healing": 0,
      "hero_hits": null,
      "hero_id": 75,
      "item_0": 534,
      "item_1": 52,
      "item_2": 263,
      "item_3": 63,
      "item_4": 112,
      "item_5": 135,
      "item_neutral": 589,
      "item_uses": null,
      "kill_streaks": null,
      "killed": null,
      "killed_by": null,
      "kills": 10,
      "kills_log": null,
      "lane_pos": null,
      "last_hits": 77,
      "leaver_status": 0,
      "level": 27,
      "lh_t": null,
      "life_state": null,
      "max_hero_hit": null,
      "multi_kills": null,
      "net_worth": 30068,
      "obs": null,
      "obs_left_log": null,
      "obs_log": null,
      "obs_placed": null,
      "party_id": 1,
      "party_size": 2,
      "performance_others": null,
      "permanent_buffs": [
        {
          "permanent_buff": 3,
          "stack_count": 46,
          "grant_time": 203
        },
        {
          "permanent_buff": 12,
          "stack_count": 0,
          "grant_time": 1067
        }
      ],
      "pings": null,
      "pred_vict": null,
      "purchase": null,
      "purchase_log": null,
      "randomed": null,
      "repicked": null,
      "roshans_killed": null,
      "rune_pickups": null,
      "runes": null,
      "runes_log": null,
      "sen": null,
      "sen_left_log": null,
      "sen_log": null,
      "sen_placed": null,
      "stuns": null,
      "teamfight_participation": null,
      "times": null,
      "tower_damage": 313,
      "towers_killed": null,
      "xp_per_min": 1853,
      "xp_reasons": null,
      "xp_t": null,
      "personaname": "знай ангелы",
      "name": null,
      "last_login": "2021-11-25T15:52:25.611Z",
      "start_time": 1669911415,
      "duration": 1436,
      "cluster": 185,
      "lobby_type": 0,
      "game_mode": 23,
      "is_contributor": false,
      "patch": 51,
      "region": 8,
      "isRadiant": true,
      "total_gold": 29892,
      "total_xp": 44348,
      "kills_per_min": 0.4178272980501393,
      "kda": 2,
      "abandons": 0,
      "rank_tier": 25,
      "is_subscriber": false,
      "cosmetics": [],
      "benchmarks": {
        "gold_per_min": {
          "raw": 1249,
          "pct": 1
        },
        "xp_per_min": {
          "raw": 1853,
          "pct": 1
        },
        "kills_per_min": {
          "raw": 0.41782729805013924,
          "pct": 0.9818181818181818
        },
        "last_hits_per_min": {
          "raw": 3.2172701949860727,
          "pct": 0.9090909090909091
        },
        "hero_damage_per_min": {
          "raw": 1336.1281337047353,
          "pct": 1
        },
        "hero_healing_per_min": {
          "raw": 0,
          "pct": 0.8
        },
        "tower_damage": {
          "raw": 313,
          "pct": 0.509090909090909
        },
        "stuns_per_min": {
          "raw": 0,
          "pct": 0.8727272727272727
        },
        "lhten": {}
      }
    },
    {
      "player_slot": 3,
      "ability_targets": null,
      "ability_upgrades_arr": [
        5372,
        5370,
        5372,
        5370,
        5372,
        5370,
        5372,
        5370,
        5371,
        5372,
        5372,
        5371,
        5372,
        5371,
        7148,
        6099,
        5371,
        5371,
        5371,
        5371,
        6811,
        5370,
        5370,
        5370,
        6098
      ],
      "ability_uses": null,
      "actions": null,
      "additional_units": null,
      "assists": 8,
      "backpack_0": 0,
      "backpack_1": 65,
      "backpack_2": 0,
      "backpack_3": null,
      "buyback_log": null,
      "camps_stacked": null,
      "connection_log": null,
      "creeps_stacked": null,
      "damage": null,
      "damage_inflictor": null,
      "damage_inflictor_received": null,
      "damage_taken": null,
      "damage_targets": null,
      "deaths": 6,
      "denies": 17,
      "dn_t": null,
      "firstblood_claimed": null,
      "gold": 4474,
      "gold_per_min": 1175,
      "gold_reasons": null,
      "gold_spent": 24745,
      "gold_t": null,
      "hero_damage": 18096,
      "hero_healing": 0,
      "hero_hits": null,
      "hero_id": 74,
      "item_0": 117,
      "item_1": 96,
      "item_2": 116,
      "item_3": 48,
      "item_4": 98,
      "item_5": 108,
      "item_neutral": 573,
      "item_uses": null,
      "kill_streaks": null,
      "killed": null,
      "killed_by": null,
      "kills": 10,
      "kills_log": null,
      "lane_pos": null,
      "last_hits": 76,
      "leaver_status": 0,
      "level": 27,
      "lh_t": null,
      "life_state": null,
      "max_hero_hit": null,
      "multi_kills": null,
      "net_worth": 27974,
      "obs": null,
      "obs_left_log": null,
      "obs_log": null,
      "obs_placed": null,
      "party_id": 1,
      "party_size": 2,
      "performance_others": null,
      "permanent_buffs": [
        {
          "permanent_buff": 12,
          "stack_count": 0,
          "grant_time": 1100
        }
      ],
      "pings": null,
      "pred_vict": null,
      "purchase": null,
      "purchase_log": null,
      "randomed": null,
      "repicked": null,
      "roshans_killed": null,
      "rune_pickups": null,
      "runes": null,
      "runes_log": null,
      "sen": null,
      "sen_left_log": null,
      "sen_log": null,
      "sen_placed": null,
      "stuns": null,
      "teamfight_participation": null,
      "times": null,
      "tower_damage": 3871,
      "towers_killed": null,
      "xp_per_min": 1654,
      "xp_reasons": null,
      "xp_t": null,
      "personaname": "33cstazy",
      "name": null,
      "last_login": null,
      "start_time": 1669911415,
      "duration": 1436,
      "cluster": 185,
      "lobby_type": 0,
      "game_mode": 23,
      "is_contributor": false,
      "patch": 51,
      "region": 8,
      "isRadiant": true,
      "total_gold": 28121,
      "total_xp": 39585,
      "kills_per_min": 0.4178272980501393,
      "kda": 2,
      "abandons": 0,
      "rank_tier": 42,
      "is_subscriber": false,
      "cosmetics": [],
      "benchmarks": {
        "gold_per_min": {
          "raw": 1175,
          "pct": 1
        },
        "xp_per_min": {
          "raw": 1654,
          "pct": 1
        },
        "kills_per_min": {
          "raw": 0.41782729805013924,
          "pct": 1
        },
        "last_hits_per_min": {
          "raw": 3.1754874651810585,
          "pct": 0.12903225806451613
        },
        "hero_damage_per_min": {
          "raw": 756.100278551532,
          "pct": 0.6774193548387096
        },
        "hero_healing_per_min": {
          "raw": 0,
          "pct": 0.7096774193548387
        },
        "tower_damage": {
          "raw": 3871,
          "pct": 0.5483870967741935
        },
        "stuns_per_min": {
          "raw": 0,
          "pct": 0
        },
        "lhten": {}
      }
    },
    {
      "player_slot": 4,
      "ability_targets": null,
      "ability_upgrades_arr": [
        5289,
        5290,
        5291,
        5290,
        5289,
        5292,
        5290,
        5290,
        5289,
        5289,
        5291,
        5292,
        5291,
        5291,
        6200,
        6987,
        5292,
        6131,
        6990,
        6250,
        6989
      ],
      "ability_uses": null,
      "actions": null,
      "additional_units": null,
      "assists": 9,
      "backpack_0": 0,
      "backpack_1": 0,
      "backpack_2": 0,
      "backpack_3": null,
      "buyback_log": null,
      "camps_stacked": null,
      "connection_log": null,
      "creeps_stacked": null,
      "damage": null,
      "damage_inflictor": null,
      "damage_inflictor_received": null,
      "damage_taken": null,
      "damage_targets": null,
      "deaths": 6,
      "denies": 0,
      "dn_t": null,
      "firstblood_claimed": null,
      "gold": 2611,
      "gold_per_min": 1246,
      "gold_reasons": null,
      "gold_spent": 28735,
      "gold_t": null,
      "hero_damage": 16555,
      "hero_healing": 0,
      "hero_hits": null,
      "hero_id": 63,
      "item_0": 141,
      "item_1": 168,
      "item_2": 250,
      "item_3": 123,
      "item_4": 63,
      "item_5": 135,
      "item_neutral": 1077,
      "item_uses": null,
      "kill_streaks": null,
      "killed": null,
      "killed_by": null,
      "kills": 10,
      "kills_log": null,
      "lane_pos": null,
      "last_hits": 107,
      "leaver_status": 0,
      "level": 28,
      "lh_t": null,
      "life_state": null,
      "max_hero_hit": null,
      "multi_kills": null,
      "net_worth": 29236,
      "obs": null,
      "obs_left_log": null,
      "obs_log": null,
      "obs_placed": null,
      "party_id": 2,
      "party_size": 1,
      "performance_others": null,
      "permanent_buffs": [],
      "pings": null,
      "pred_vict": null,
      "purchase": null,
      "purchase_log": null,
      "randomed": null,
      "repicked": null,
      "roshans_killed": null,
      "rune_pickups": null,
      "runes": null,
      "runes_log": null,
      "sen": null,
      "sen_left_log": null,
      "sen_log": null,
      "sen_placed": null,
      "stuns": null,
      "teamfight_participation": null,
      "times": null,
      "tower_damage": 8581,
      "towers_killed": null,
      "xp_per_min": 1645,
      "xp_reasons": null,
      "xp_t": null,
      "start_time": 1669911415,
      "duration": 1436,
      "cluster": 185,
      "lobby_type": 0,
      "game_mode": 23,
      "is_contributor": false,
      "patch": 51,
      "region": 8,
      "isRadiant": true,
      "total_gold": 29820,
      "total_xp": 39370,
      "kills_per_min": 0.4178272980501393,
      "kda": 2,
      "abandons": 0,
      "rank_tier": null,
      "is_subscriber": false,
      "cosmetics": [],
      "benchmarks": {
        "gold_per_min": {
          "raw": 1246,
          "pct": 1
        },
        "xp_per_min": {
          "raw": 1645,
          "pct": 1
        },
        "kills_per_min": {
          "raw": 0.41782729805013924,
          "pct": 0.8
        },
        "last_hits_per_min": {
          "raw": 4.47075208913649,
          "pct": 0.26666666666666666
        },
        "hero_damage_per_min": {
          "raw": 691.7130919220056,
          "pct": 0.4666666666666667
        },
        "hero_healing_per_min": {
          "raw": 0,
          "pct": 0.9333333333333333
        },
        "tower_damage": {
          "raw": 8581,
          "pct": 0.8666666666666667
        },
        "stuns_per_min": {
          "raw": 0,
          "pct": 0.5333333333333333
        },
        "lhten": {}
      }
    },
    {
      "player_slot": 128,
      "ability_targets": null,
      "ability_upgrades_arr": [
        5075,
        5076,
        5076,
        5074,
        5074,
        5077,
        5076,
        5074,
        5076,
        7142,
        5074,
        5077,
        5075,
        5075,
        507,
        5075,
        5077,
        408
      ],
      "ability_uses": null,
      "actions": null,
      "additional_units": null,
      "assists": 7,
      "backpack_0": 73,
      "backpack_1": 0,
      "backpack_2": 0,
      "backpack_3": null,
      "buyback_log": null,
      "camps_stacked": null,
      "connection_log": null,
      "creeps_stacked": null,
      "damage": null,
      "damage_inflictor": null,
      "damage_inflictor_received": null,
      "damage_taken": null,
      "damage_targets": null,
      "deaths": 7,
      "denies": 0,
      "dn_t": null,
      "firstblood_claimed": null,
      "gold": 2613,
      "gold_per_min": 658,
      "gold_reasons": null,
      "gold_spent": 13900,
      "gold_t": null,
      "hero_damage": 9595,
      "hero_healing": 90,
      "hero_hits": null,
      "hero_id": 14,
      "item_0": 50,
      "item_1": 692,
      "item_2": 1,
      "item_3": 108,
      "item_4": 43,
      "item_5": 73,
      "item_neutral": 577,
      "item_uses": null,
      "kill_streaks": null,
      "killed": null,
      "killed_by": null,
      "kills": 4,
      "kills_log": null,
      "lane_pos": null,
      "last_hits": 17,
      "leaver_status": 0,
      "level": 24,
      "lh_t": null,
      "life_state": null,
      "max_hero_hit": null,
      "multi_kills": null,
      "net_worth": 15123,
      "obs": null,
      "obs_left_log": null,
      "obs_log": null,
      "obs_placed": null,
      "party_id": 3,
      "party_size": 2,
      "performance_others": null,
      "permanent_buffs": [
        {
          "permanent_buff": 4,
          "stack_count": 6,
          "grant_time": 365
        }
      ],
      "pings": null,
      "pred_vict": null,
      "purchase": null,
      "purchase_log": null,
      "randomed": null,
      "repicked": null,
      "roshans_killed": null,
      "rune_pickups": null,
      "runes": null,
      "runes_log": null,
      "sen": null,
      "sen_left_log": null,
      "sen_log": null,
      "sen_placed": null,
      "stuns": null,
      "teamfight_participation": null,
      "times": null,
      "tower_damage": 154,
      "towers_killed": null,
      "xp_per_min": 1400,
      "xp_reasons": null,
      "xp_t": null,
      "personaname": "Apelcin4ik))",
      "name": null,
      "last_login": null,
      "start_time": 1669911415,
      "duration": 1436,
      "cluster": 185,
      "lobby_type": 0,
      "game_mode": 23,
      "is_contributor": false,
      "patch": 51,
      "region": 8,
      "isRadiant": false,
      "total_gold": 15748,
      "total_xp": 33506,
      "kills_per_min": 0.1671309192200557,
      "kda": 1,
      "abandons": 0,
      "rank_tier": 15,
      "is_subscriber": false,
      "cosmetics": [],
      "benchmarks": {
        "gold_per_min": {
          "raw": 658,
          "pct": 0.9464285714285714
        },
        "xp_per_min": {
          "raw": 1400,
          "pct": 1
        },
        "kills_per_min": {
          "raw": 0.1671309192200557,
          "pct": 0.44642857142857145
        },
        "last_hits_per_min": {
          "raw": 0.7103064066852368,
          "pct": 0.05357142857142857
        },
        "hero_damage_per_min": {
          "raw": 400.9052924791086,
          "pct": 0.2857142857142857
        },
        "hero_healing_per_min": {
          "raw": 3.7604456824512535,
          "pct": 0.6785714285714286
        },
        "tower_damage": {
          "raw": 154,
          "pct": 0.39285714285714285
        },
        "stuns_per_min": {
          "raw": 0,
          "pct": 0
        },
        "lhten": {}
      }
    },
    {
      "player_slot": 129,
      "ability_targets": null,
      "ability_upgrades_arr": [
        6341,
        6339,
        6341,
        6339,
        6341,
        8340,
        6341,
        6339,
        6339,
        514,
        6342,
        8340,
        6342,
        6342,
        780,
        7859,
        8340,
        6342,
        6037
      ],
      "ability_uses": null,
      "actions": null,
      "additional_units": null,
      "assists": 5,
      "backpack_0": 0,
      "backpack_1": 0,
      "backpack_2": 0,
      "backpack_3": null,
      "buyback_log": null,
      "camps_stacked": null,
      "connection_log": null,
      "creeps_stacked": null,
      "damage": null,
      "damage_inflictor": null,
      "damage_inflictor_received": null,
      "damage_taken": null,
      "damage_targets": null,
      "deaths": 7,
      "denies": 12,
      "dn_t": null,
      "firstblood_claimed": null,
      "gold": 2988,
      "gold_per_min": 789,
      "gold_reasons": null,
      "gold_spent": 16670,
      "gold_t": null,
      "hero_damage": 15418,
      "hero_healing": 0,
      "hero_hits": null,
      "hero_id": 119,
      "item_0": 63,
      "item_1": 247,
      "item_2": 135,
      "item_3": 75,
      "item_4": 75,
      "item_5": 108,
      "item_neutral": 212,
      "item_uses": null,
      "kill_streaks": null,
      "killed": null,
      "killed_by": null,
      "kills": 4,
      "kills_log": null,
      "lane_pos": null,
      "last_hits": 75,
      "leaver_status": 0,
      "level": 25,
      "lh_t": null,
      "life_state": null,
      "max_hero_hit": null,
      "multi_kills": null,
      "net_worth": 18773,
      "obs": null,
      "obs_left_log": null,
      "obs_log": null,
      "obs_placed": null,
      "party_id": 3,
      "party_size": 2,
      "performance_others": null,
      "permanent_buffs": [],
      "pings": null,
      "pred_vict": null,
      "purchase": null,
      "purchase_log": null,
      "randomed": null,
      "repicked": null,
      "roshans_killed": null,
      "rune_pickups": null,
      "runes": null,
      "runes_log": null,
      "sen": null,
      "sen_left_log": null,
      "sen_log": null,
      "sen_placed": null,
      "stuns": null,
      "teamfight_participation": null,
      "times": null,
      "tower_damage": 257,
      "towers_killed": null,
      "xp_per_min": 1502,
      "xp_reasons": null,
      "xp_t": null,
      "start_time": 1669911415,
      "duration": 1436,
      "cluster": 185,
      "lobby_type": 0,
      "game_mode": 23,
      "is_contributor": false,
      "patch": 51,
      "region": 8,
      "isRadiant": false,
      "total_gold": 18883,
      "total_xp": 35947,
      "kills_per_min": 0.1671309192200557,
      "kda": 1,
      "abandons": 0,
      "rank_tier": null,
      "is_subscriber": false,
      "cosmetics": [],
      "benchmarks": {
        "gold_per_min": {
          "raw": 789,
          "pct": 1
        },
        "xp_per_min": {
          "raw": 1502,
          "pct": 1
        },
        "kills_per_min": {
          "raw": 0.1671309192200557,
          "pct": 0.6521739130434783
        },
        "last_hits_per_min": {
          "raw": 3.1337047353760448,
          "pct": 0.9130434782608695
        },
        "hero_damage_per_min": {
          "raw": 644.2061281337047,
          "pct": 0.8695652173913043
        },
        "hero_healing_per_min": {
          "raw": 0,
          "pct": 0.8695652173913043
        },
        "tower_damage": {
          "raw": 257,
          "pct": 0.5217391304347826
        },
        "stuns_per_min": {
          "raw": 0,
          "pct": 0
        },
        "lhten": {}
      }
    },
    {
      "player_slot": 130,
      "ability_targets": null,
      "ability_upgrades_arr": [
        5298,
        5299,
        5299,
        5297,
        5299,
        5300,
        5299,
        5297,
        5298,
        5298,
        481,
        5300,
        5297,
        5297,
        6423,
        730,
        5298,
        5300,
        542
      ],
      "ability_uses": null,
      "actions": null,
      "additional_units": null,
      "assists": 9,
      "backpack_0": 0,
      "backpack_1": 0,
      "backpack_2": 0,
      "backpack_3": null,
      "buyback_log": null,
      "camps_stacked": null,
      "connection_log": null,
      "creeps_stacked": null,
      "damage": null,
      "damage_inflictor": null,
      "damage_inflictor_received": null,
      "damage_taken": null,
      "damage_targets": null,
      "deaths": 11,
      "denies": 4,
      "dn_t": null,
      "firstblood_claimed": null,
      "gold": 3798,
      "gold_per_min": 640,
      "gold_reasons": null,
      "gold_spent": 12465,
      "gold_t": null,
      "hero_damage": 13798,
      "hero_healing": 0,
      "hero_hits": null,
      "hero_id": 64,
      "item_0": 206,
      "item_1": 37,
      "item_2": 214,
      "item_3": 0,
      "item_4": 277,
      "item_5": 232,
      "item_neutral": 357,
      "item_uses": null,
      "kill_streaks": null,
      "killed": null,
      "killed_by": null,
      "kills": 7,
      "kills_log": null,
      "lane_pos": null,
      "last_hits": 41,
      "leaver_status": 0,
      "level": 23,
      "lh_t": null,
      "life_state": null,
      "max_hero_hit": null,
      "multi_kills": null,
      "net_worth": 15448,
      "obs": null,
      "obs_left_log": null,
      "obs_log": null,
      "obs_placed": null,
      "party_id": 4,
      "party_size": 2,
      "performance_others": null,
      "permanent_buffs": [],
      "pings": null,
      "pred_vict": null,
      "purchase": null,
      "purchase_log": null,
      "randomed": null,
      "repicked": null,
      "roshans_killed": null,
      "rune_pickups": null,
      "runes": null,
      "runes_log": null,
      "sen": null,
      "sen_left_log": null,
      "sen_log": null,
      "sen_placed": null,
      "stuns": null,
      "teamfight_participation": null,
      "times": null,
      "tower_damage": 525,
      "towers_killed": null,
      "xp_per_min": 1287,
      "xp_reasons": null,
      "xp_t": null,
      "start_time": 1669911415,
      "duration": 1436,
      "cluster": 185,
      "lobby_type": 0,
      "game_mode": 23,
      "is_contributor": false,
      "patch": 51,
      "region": 8,
      "isRadiant": false,
      "total_gold": 15317,
      "total_xp": 30802,
      "kills_per_min": 0.2924791086350975,
      "kda": 1,
      "abandons": 0,
      "rank_tier": null,
      "is_subscriber": false,
      "cosmetics": [],
      "benchmarks": {
        "gold_per_min": {
          "raw": 640,
          "pct": 0.9833333333333333
        },
        "xp_per_min": {
          "raw": 1287,
          "pct": 1
        },
        "kills_per_min": {
          "raw": 0.2924791086350975,
          "pct": 0.9666666666666667
        },
        "last_hits_per_min": {
          "raw": 1.713091922005571,
          "pct": 0.5833333333333334
        },
        "hero_damage_per_min": {
          "raw": 576.5181058495821,
          "pct": 0.7666666666666667
        },
        "hero_healing_per_min": {
          "raw": 0,
          "pct": 0.7
        },
        "tower_damage": {
          "raw": 525,
          "pct": 0.4
        },
        "stuns_per_min": {
          "raw": 0,
          "pct": 0.016666666666666666
        },
        "lhten": {}
      }
    },
    {
      "player_slot": 131,
      "ability_targets": null,
      "ability_upgrades_arr": [
        5179,
        5180,
        5179,
        5178,
        5178,
        5179,
        5178,
        5180,
        5178,
        5180,
        5181,
        5180,
        5181,
        5179,
        811,
        6979,
        5181,
        1083
      ],
      "ability_uses": null,
      "actions": null,
      "additional_units": null,
      "assists": 13,
      "backpack_0": 257,
      "backpack_1": 0,
      "backpack_2": 0,
      "backpack_3": null,
      "buyback_log": null,
      "camps_stacked": null,
      "connection_log": null,
      "creeps_stacked": null,
      "damage": null,
      "damage_inflictor": null,
      "damage_inflictor_received": null,
      "damage_taken": null,
      "damage_targets": null,
      "deaths": 11,
      "denies": 4,
      "dn_t": null,
      "firstblood_claimed": null,
      "gold": 655,
      "gold_per_min": 819,
      "gold_reasons": null,
      "gold_spent": 19565,
      "gold_t": null,
      "hero_damage": 24493,
      "hero_healing": 1296,
      "hero_hits": null,
      "hero_id": 40,
      "item_0": 267,
      "item_1": 127,
      "item_2": 692,
      "item_3": 231,
      "item_4": 226,
      "item_5": 181,
      "item_neutral": 300,
      "item_uses": null,
      "kill_streaks": null,
      "killed": null,
      "killed_by": null,
      "kills": 7,
      "kills_log": null,
      "lane_pos": null,
      "last_hits": 67,
      "leaver_status": 0,
      "level": 23,
      "lh_t": null,
      "life_state": null,
      "max_hero_hit": null,
      "multi_kills": null,
      "net_worth": 19785,
      "obs": null,
      "obs_left_log": null,
      "obs_log": null,
      "obs_placed": null,
      "party_id": 4,
      "party_size": 2,
      "performance_others": null,
      "permanent_buffs": [
        {
          "permanent_buff": 6,
          "stack_count": 1,
          "grant_time": 869
        },
        {
          "permanent_buff": 12,
          "stack_count": 0,
          "grant_time": 964
        }
      ],
      "pings": null,
      "pred_vict": null,
      "purchase": null,
      "purchase_log": null,
      "randomed": null,
      "repicked": null,
      "roshans_killed": null,
      "rune_pickups": null,
      "runes": null,
      "runes_log": null,
      "sen": null,
      "sen_left_log": null,
      "sen_log": null,
      "sen_placed": null,
      "stuns": null,
      "teamfight_participation": null,
      "times": null,
      "tower_damage": 106,
      "towers_killed": null,
      "xp_per_min": 1288,
      "xp_reasons": null,
      "xp_t": null,
      "personaname": "Xoxlik",
      "name": null,
      "last_login": null,
      "start_time": 1669911415,
      "duration": 1436,
      "cluster": 185,
      "lobby_type": 0,
      "game_mode": 23,
      "is_contributor": false,
      "patch": 51,
      "region": 8,
      "isRadiant": false,
      "total_gold": 19601,
      "total_xp": 30826,
      "kills_per_min": 0.2924791086350975,
      "kda": 1,
      "abandons": 0,
      "rank_tier": 31,
      "is_subscriber": false,
      "cosmetics": [],
      "benchmarks": {
        "gold_per_min": {
          "raw": 819,
          "pct": 1
        },
        "xp_per_min": {
          "raw": 1288,
          "pct": 1
        },
        "kills_per_min": {
          "raw": 0.2924791086350975,
          "pct": 1
        },
        "last_hits_per_min": {
          "raw": 2.7994428969359335,
          "pct": 0.25
        },
        "hero_damage_per_min": {
          "raw": 1023.3844011142062,
          "pct": 0.875
        },
        "hero_healing_per_min": {
          "raw": 54.15041782729805,
          "pct": 0.75
        },
        "tower_damage": {
          "raw": 106,
          "pct": 0.25
        },
        "stuns_per_min": {
          "raw": 0,
          "pct": 0.625
        },
        "lhten": {}
      }
    },
    {
      "player_slot": 132,
      "ability_targets": null,
      "ability_upgrades_arr": [
        5190,
        5191,
        5190,
        5192,
        5190,
        5193,
        5191,
        5191,
        5192,
        483,
        5190,
        5193,
        5191,
        5192,
        490,
        5192,
        5193,
        1074,
        6847
      ],
      "ability_uses": null,
      "actions": null,
      "additional_units": null,
      "assists": 6,
      "backpack_0": 0,
      "backpack_1": 0,
      "backpack_2": 0,
      "backpack_3": null,
      "buyback_log": null,
      "camps_stacked": null,
      "connection_log": null,
      "creeps_stacked": null,
      "damage": null,
      "damage_inflictor": null,
      "damage_inflictor_received": null,
      "damage_taken": null,
      "damage_targets": null,
      "deaths": 4,
      "denies": 7,
      "dn_t": null,
      "firstblood_claimed": null,
      "gold": 2619,
      "gold_per_min": 787,
      "gold_reasons": null,
      "gold_spent": 17310,
      "gold_t": null,
      "hero_damage": 13049,
      "hero_healing": 0,
      "hero_hits": null,
      "hero_id": 44,
      "item_0": 63,
      "item_1": 40,
      "item_2": 208,
      "item_3": 116,
      "item_4": 168,
      "item_5": 0,
      "item_neutral": 381,
      "item_uses": null,
      "kill_streaks": null,
      "killed": null,
      "killed_by": null,
      "kills": 2,
      "kills_log": null,
      "lane_pos": null,
      "last_hits": 108,
      "leaver_status": 0,
      "level": 25,
      "lh_t": null,
      "life_state": null,
      "max_hero_hit": null,
      "multi_kills": null,
      "net_worth": 18099,
      "obs": null,
      "obs_left_log": null,
      "obs_log": null,
      "obs_placed": null,
      "party_id": 5,
      "party_size": 1,
      "performance_others": null,
      "permanent_buffs": [],
      "pings": null,
      "pred_vict": null,
      "purchase": null,
      "purchase_log": null,
      "randomed": null,
      "repicked": null,
      "roshans_killed": null,
      "rune_pickups": null,
      "runes": null,
      "runes_log": null,
      "sen": null,
      "sen_left_log": null,
      "sen_log": null,
      "sen_placed": null,
      "stuns": null,
      "teamfight_participation": null,
      "times": null,
      "tower_damage": 0,
      "towers_killed": null,
      "xp_per_min": 1502,
      "xp_reasons": null,
      "xp_t": null,
      "start_time": 1669911415,
      "duration": 1436,
      "cluster": 185,
      "lobby_type": 0,
      "game_mode": 23,
      "is_contributor": false,
      "patch": 51,
      "region": 8,
      "isRadiant": false,
      "total_gold": 18835,
      "total_xp": 35947,
      "kills_per_min": 0.08356545961002786,
      "kda": 1,
      "abandons": 0,
      "rank_tier": null,
      "is_subscriber": false,
      "cosmetics": [],
      "benchmarks": {
        "gold_per_min": {
          "raw": 787,
          "pct": 0.8518518518518519
        },
        "xp_per_min": {
          "raw": 1502,
          "pct": 1
        },
        "kills_per_min": {
          "raw": 0.08356545961002786,
          "pct": 0.037037037037037035
        },
        "last_hits_per_min": {
          "raw": 4.512534818941504,
          "pct": 0.07407407407407407
        },
        "hero_damage_per_min": {
          "raw": 545.2228412256267,
          "pct": 0.25925925925925924
        },
        "hero_healing_per_min": {
          "raw": 0,
          "pct": 0.9629629629629629
        },
        "tower_damage": {
          "raw": 0,
          "pct": 0.2222222222222222
        },
        "stuns_per_min": {
          "raw": 0,
          "pct": 0.4074074074074074
        },
        "lhten": {}
      }
    }
  ],
  "patch": 51,
  "region": 8
}