{
  "chat": null,
  "cluster": 185,
  "cosmetics": null,
  "dire_score": 56,
  "dire_team_id": null,
  "draft_timings": null,
  "duration": 2669,
  "engine": 1,
  "first_blood_time": 167,
  "game_mode": 22,
  "human_players": 10,
  "leagueid": 0,
  "lobby_type": 7,
  "match_seq_num": 5780392876,
  "negative_votes": 0,
  "objectives": null,
  "picks_bans": [
    {
      "is_pick": true,
      "hero_id": 14,
      "team": 0,
      "order": 0
    },
    {
      "is_pick": true,
      "hero_id": 30,
      "team": 0,
      "order": 1
    },
    {
      "is_pick": true,
      "hero_id": 5,
      "team": 1,
      "order": 2
    },
    {
      "is_pick": true,
      "hero_id": 86,
      "team": 1,
      "order": 3
    },
    {
      "is_pick": true,
      "hero_id": 136,
      "team": 0,
      "order": 4
    },
    {
      "is_pick": true,
      "hero_id": 8,
      "team": 1,
      "order": 5
    },
    {
      "is_pick": true,
      "hero_id": 10,
      "team": 0,
      "order": 6
    },
    {
      "is_pick": true,
      "hero_id": 23,
      "team": 1,
      "order": 7
    },
    {
      "is_pick": true,
      "hero_id": 31,
      "team": 1,
      "order": 8
    },
    {
      "is_pick": true,
      "hero_id": 96,
      "team": 0,
      "order": 9
    },
    {
      "is_pick": true,
      "hero_id": 17,
      "team": 1,
      "order": 10
    },
    {
      "is_pick": true,
      "hero_id": 25,
      "team": 0,
      "order": 11
    },
    {
      "is_pick": false,
      "hero_id": 126,
      "team": 0,
      "order": 12
    },
    {
      "is_pick": false,
      "hero_id": 10,
      "team": 0,
      "order": 13
    },
    {
      "is_pick": false,
      "hero_id": 113,
      "team": 0,
      "order": 14
    },
    {
      "is_pick": false,
      "hero_id": 135,
      "team": 0,
      "order": 15
    },
    {
      "is_pick": false,
      "hero_id": 68,
      "team": 0,
      "order": 16
    },
    {
      "is_pick": false,
      "hero_id": 75,
      "team": 1,
      "order": 17
    }
  ],
  "positive_votes": 0,
  "radiant_gold_adv": null,
  "radiant_score": 31,
  "radiant_team_id": null,
  "radiant_xp_adv": null,
  "skill": null,
  "start_time": 1669912969,
  "teamfights": null,
  "version": null,
  "replay_salt": 421717049,
  "series_id": 0,
  "series_type": 0,
  "players": [
    {
      "player_slot": 0,
      "ability_targets": null,
      "ability_upgrades_arr": [
        5040,
        5042,
        5040,
        5042,
        5041,
        5043,
        5040,
        5040,
        5042,
        6212,
        5042,
        5043,
        5041,
        5041,
        6195,
        5041,
        5043,
        6313,
        961
      ],
      "ability_uses": null,
      "actions": null,
      "additional_units": null,
      "assists": 2,
      "backpack_0": 0,
      "backpack_1": 0,
      "backpack_2": 0,
      "backpack_3": null,
      "buyback_log": null,
      "camps_stacked": null,
      "connection_log": null,
      "creeps_stacked": null,
      "damage": null,
      "damage_inflictor": null,
      "damage_inflictor_received": null,
      "damage_taken": null,
      "damage_targets": null,
      "deaths": 8,
      "denies": 18,
      "dn_t": null,
      "firstblood_claimed": null,
      "gold": 428,
      "gold_per_min": 608,
      "gold_reasons": null,
      "gold_spent": 26645,
      "gold_t": null,
      "hero_damage": 29868,
      "hero_healing": 0,
      "hero_hits": null,
      "hero_id": 25,
      "item_0": 116,
      "item_1": 250,
      "item_2": 249,
      "item_3": 156,
      "item_4": 77,
      "item_5": 48,
      "item_neutral": 680,
      "item_uses": null,
      "kill_streaks": null,
      "killed": null,
      "killed_by": null,
      "kills": 10,
      "kills_log": null,
      "lane_pos": null,
      "last_hits": 300,
      "leaver_status": 0,
      "level": 26,
      "lh_t": null,
      "life_state": null,
      "max_hero_hit": null,
      "multi_kills": null,
      "net_worth": 24783,
      "obs": null,
      "obs_left_log": null,
      "obs_log": null,
      "obs_placed": null,
      "party_id": 0,
      "party_size": 1,
      "performance_others": null,
      "permanent_buffs": [],
      "pings": null,
      "pred_vict": null,
      "purchase": null,
      "purchase_log": null,
      "randomed": null,
      "repicked": null,
      "roshans_killed": null,
      "rune_pickups": null,
      "runes": null,
      "runes_log": null,
      "sen": null,
      "sen_left_log": null,
      "sen_log": null,
      "sen_placed": null,
      "stuns": null,
      "teamfight_participation": null,
      "times": null,
      "tower_damage": 10747,
      "towers_killed": null,
      "xp_per_min": 935,
      "xp_reasons": null,
      "xp_t": null,
      "start_time": 1669912969,
      "duration": 2669,
      "cluster": 185,
      "lobby_type": 7,
      "game_mode": 22,
      "is_contributor": false,
      "patch": 51,
      "region": 8,
      "isRadiant": true,
      "total_gold": 27045,
      "total_xp": 41591,
      "kills_per_min": 0.22480329711502434,
      "kda": 1,
      "abandons": 0,
      "rank_tier": null,
      "is_subscriber": false,
      "cosmetics": [],
      "benchmarks": {
        "gold_per_min": {
          "raw": 608,
          "pct": 0.8421052631578947
        },
        "xp_per_min": {
          "raw": 935,
          "pct": 0.9473684210526315
        },
        "kills_per_min": {
          "raw": 0.22480329711502434,
          "pct": 0.7368421052631579
        },
        "last_hits_per_min": {
          "raw": 6.744098913450731,
          "pct": 0.3684210526315789
        },
        "hero_damage_per_min": {
          "raw": 671.4424878231548,
          "pct": 0.7894736842105263
        },
        "hero_healing_per_min": {
          "raw": 0,
          "pct": 1
        },
        "tower_damage": {
          "raw": 10747,
          "pct": 0.8947368421052632
        },
        "stuns_per_min": {
          "raw": 0,
          "pct": 0
        },
        "lhten": {}
      }
    },
    {
      "player_slot": 1,
      "ability_targets": null,
      "ability_upgrades_arr": [
        5514,
        5516,
        5516,
        5515,
        5516,
        5517,
        5516,
        5515,
        5515,
        5910,
        5514,
        5517,
        5514,
        5515,
        6617,
        5514,
        5517
      ],
      "ability_uses": null,
      "actions": null,
      "additional_units": null,
      "assists": 10,
      "backpack_0": 0,
      "backpack_1": 0,
      "backpack_2": 0,
      "backpack_3": null,
      "buyback_log": null,
      "camps_stacked": null,
      "connection_log": null,
      "creeps_stacked": null,
      "damage": null,
      "damage_inflictor": null,
      "damage_inflictor_received": null,
      "damage_taken": null,
      "damage_targets": null,
      "deaths": 17,
      "denies": 23,
      "dn_t": null,
      "firstblood_claimed": null,
      "gold": 687,
      "gold_per_min": 352,
      "gold_reasons": null,
      "gold_spent": 10925,
      "gold_t": null,
      "hero_damage": 17172,
      "hero_healing": 0,
      "hero_hits": null,
      "hero_id": 96,
      "item_0": 1,
      "item_1": 50,
      "item_2": 53,
      "item_3": 242,
      "item_4": 11,
      "item_5": 0,
      "item_neutral": 381,
      "item_uses": null,
      "kill_streaks": null,
      "killed": null,
      "killed_by": null,
      "kills": 3,
      "kills_log": null,
      "lane_pos": null,
      "last_hits": 169,
      "leaver_status": 0,
      "level": 18,
      "lh_t": null,
      "life_state": null,
      "max_hero_hit": null,
      "multi_kills": null,
      "net_worth": 11037,
      "obs": null,
      "obs_left_log": null,
      "obs_log": null,
      "obs_placed": null,
      "party_id": 1,
      "party_size": 2,
      "performance_others": null,
      "permanent_buffs": [
        {
          "permanent_buff": 6,
          "stack_count": 2,
          "grant_time": 897
        }
      ],
      "pings": null,
      "pred_vict": null,
      "purchase": null,
      "purchase_log": null,
      "randomed": null,
      "repicked": null,
      "roshans_killed": null,
      "rune_pickups": null,
      "runes": null,
      "runes_log": null,
      "sen": null,
      "sen_left_log": null,
      "sen_log": null,
      "sen_placed": null,
      "stuns": null,
      "teamfight_participation": null,
      "times": null,
      "tower_damage": 319,
      "towers_killed": null,
      "xp_per_min": 425,
      "xp_reasons": null,
      "xp_t": null,
      "start_time": 1669912969,
      "duration": 2669,
      "cluster": 185,
      "lobby_type": 7,
      "game_mode": 22,
      "is_contributor": false,
      "patch": 51,
      "region": 8,
      "isRadiant": true,
      "total_gold": 15658,
      "total_xp": 18905,
      "kills_per_min": 0.0674409891345073,
      "kda": 0,
      "abandons": 0,
      "rank_tier": null,
      "is_subscriber": false,
      "cosmetics": [],
      "benchmarks": {
        "gold_per_min": {
          "raw": 352,
          "pct": 0.24242424242424243
        },
        "xp_per_min": {
          "raw": 425,
          "pct": 0.2727272727272727
        },
        "kills_per_min": {
          "raw": 0.06744098913450731,
          "pct": 0.36363636363636365
        },
        "last_hits_per_min": {
          "raw": 3.7991757212439112,
          "pct": 0.21212121212121213
        },
        "hero_damage_per_min": {
          "raw": 386.03222180591985,
          "pct": 0.48484848484848486
        },
        "hero_healing_per_min": {
          "raw": 0,
          "pct": 0.9696969696969697
        },
        "tower_damage": {
          "raw": 319,
          "pct": 0.24242424242424243
        },
        "stuns_per_min": {
          "raw": 0,
          "pct": 0
        },
        "lhten": {}
      }
    },
    {
      "player_slot": 2,
      "ability_targets": null,
      "ability_upgrades_arr": [
        5140,
        5138,
        5140,
        5138,
        5140,
        5141,
        5140,
        5138,
        5138,
        417,
        5139,
        5141,
        5139,
        5139,
        6524
      ],
      "ability_uses": null,
      "actions": null,
      "additional_units": null,
      "assists": 8,
      "backpack_0": 28,
      "backpack_1": 0,
      "backpack_2": 0,
      "backpack_3": null,
      "buyback_log": null,
      "camps_stacked": null,
      "connection_log": null,
      "creeps_stacked": null,
      "damage": null,
      "damage_inflictor": null,
      "damage_inflictor_received": null,
      "damage_taken": null,
      "damage_targets": null,
      "deaths": 15,
      "denies": 8,
      "dn_t": null,
      "firstblood_claimed": null,
      "gold": 427,
      "gold_per_min": 229,
      "gold_reasons": null,
      "gold_spent": 9400,
      "gold_t": null,
      "hero_damage": 16485,
      "hero_healing": 844,
      "hero_hits": null,
      "hero_id": 30,
      "item_0": 254,
      "item_1": 180,
      "item_2": 60,
      "item_3": 23,
      "item_4": 40,
      "item_5": 218,
      "item_neutral": 361,
      "item_uses": null,
      "kill_streaks": null,
      "killed": null,
      "killed_by": null,
      "kills": 2,
      "kills_log": null,
      "lane_pos": null,
      "last_hits": 35,
      "leaver_status": 0,
      "level": 15,
      "lh_t": null,
      "life_state": null,
      "max_hero_hit": null,
      "multi_kills": null,
      "net_worth": 7682,
      "obs": null,
      "obs_left_log": null,
      "obs_log": null,
      "obs_placed": null,
      "party_id": 1,
      "party_size": 2,
      "performance_others": null,
      "permanent_buffs": [
        {
          "permanent_buff": 6,
          "stack_count": 1,
          "grant_time": 2675
        },
        {
          "permanent_buff": 12,
          "stack_count": 0,
          "grant_time": 2116
        }
      ],
      "pings": null,
      "pred_vict": null,
      "purchase": null,
      "purchase_log": null,
      "randomed": null,
      "repicked": null,
      "roshans_killed": null,
      "rune_pickups": null,
      "runes": null,
      "runes_log": null,
      "sen": null,
      "sen_left_log": null,
      "sen_log": null,
      "sen_placed": null,
      "stuns": null,
      "teamfight_participation": null,
      "times": null,
      "tower_damage": 142,
      "towers_killed": null,
      "xp_per_min": 290,
      "xp_reasons": null,
      "xp_t": null,
      "start_time": 1669912969,
      "duration": 2669,
      "cluster": 185,
      "lobby_type": 7,
      "game_mode": 22,
      "is_contributor": false,
      "patch": 51,
      "region": 8,
      "isRadiant": true,
      "total_gold": 10186,
      "total_xp": 12900,
      "kills_per_min": 0.04496065942300487,
      "kda": 0,
      "abandons": 0,
      "rank_tier": null,
      "is_subscriber": false,
      "cosmetics": [],
      "benchmarks": {
        "gold_per_min": {
          "raw": 229,
          "pct": 0.15384615384615385
        },
        "xp_per_min": {
          "raw": 290,
          "pct": 0.07692307692307693
        },
        "kills_per_min": {
          "raw": 0.04496065942300487,
          "pct": 0.10256410256410256
        },
        "last_hits_per_min": {
          "raw": 0.7868115399025852,
          "pct": 0.28205128205128205
        },
        "hero_damage_per_min": {
          "raw": 370.5882352941177,
          "pct": 0.07692307692307693
        },
        "hero_healing_per_min": {
          "raw": 18.973398276508057,
          "pct": 0.23076923076923078
        },
        "tower_damage": {
          "raw": 142,
          "pct": 0.5641025641025641
        },
        "stuns_per_min": {
          "raw": 0,
          "pct": 0.02564102564102564
        },
        "lhten": {}
      }
    },
    {
      "player_slot": 3,
      "ability_targets": null,
      "ability_upgrades_arr": [
        5055,
        5053,
        5052,
        5052,
        5053,
        5053,
        5055,
        5052,
        5055,
        6062,
        5052,
        5053,
        5057,
        5055,
        7060,
        5057,
        5057,
        6840,
        6383,
        6138
      ],
      "ability_uses": null,
      "actions": null,
      "additional_units": null,
      "assists": 5,
      "backpack_0": 0,
      "backpack_1": 0,
      "backpack_2": 0,
      "backpack_3": null,
      "buyback_log": null,
      "camps_stacked": null,
      "connection_log": null,
      "creeps_stacked": null,
      "damage": null,
      "damage_inflictor": null,
      "damage_inflictor_received": null,
      "damage_taken": null,
      "damage_targets": null,
      "deaths": 4,
      "denies": 24,
      "dn_t": null,
      "firstblood_claimed": null,
      "gold": 1359,
      "gold_per_min": 707,
      "gold_reasons": null,
      "gold_spent": 29395,
      "gold_t": null,
      "hero_damage": 34179,
      "hero_healing": 1997,
      "hero_hits": null,
      "hero_id": 10,
      "item_0": 160,
      "item_1": 147,
      "item_2": 108,
      "item_3": 63,
      "item_4": 139,
      "item_5": 116,
      "item_neutral": 571,
      "item_uses": null,
      "kill_streaks": null,
      "killed": null,
      "killed_by": null,
      "kills": 13,
      "kills_log": null,
      "lane_pos": null,
      "last_hits": 436,
      "leaver_status": 0,
      "level": 27,
      "lh_t": null,
      "life_state": null,
      "max_hero_hit": null,
      "multi_kills": null,
      "net_worth": 27384,
      "obs": null,
      "obs_left_log": null,
      "obs_log": null,
      "obs_placed": null,
      "party_id": 2,
      "party_size": 2,
      "performance_others": null,
      "permanent_buffs": [
        {
          "permanent_buff": 12,
          "stack_count": 0,
          "grant_time": 1369
        }
      ],
      "pings": null,
      "pred_vict": null,
      "purchase": null,
      "purchase_log": null,
      "randomed": null,
      "repicked": null,
      "roshans_killed": null,
      "rune_pickups": null,
      "runes": null,
      "runes_log": null,
      "sen": null,
      "sen_left_log": null,
      "sen_log": null,
      "sen_placed": null,
      "stuns": null,
      "teamfight_participation": null,
      "times": null,
      "tower_damage": 9117,
      "towers_killed": null,
      "xp_per_min": 968,
      "xp_reasons": null,
      "xp_t": null,
      "start_time": 1669912969,
      "duration": 2669,
      "cluster": 185,
      "lobby_type": 7,
      "game_mode": 22,
      "is_contributor": false,
      "patch": 51,
      "region": 8,
      "isRadiant": true,
      "total_gold": 31449,
      "total_xp": 43059,
      "kills_per_min": 0.29224428624953164,
      "kda": 3,
      "abandons": 0,
      "rank_tier": null,
      "is_subscriber": false,
      "cosmetics": [],
      "benchmarks": {
        "gold_per_min": {
          "raw": 707,
          "pct": 0.4827586206896552
        },
        "xp_per_min": {
          "raw": 968,
          "pct": 0.9310344827586207
        },
        "kills_per_min": {
          "raw": 0.29224428624953164,
          "pct": 0.6551724137931034
        },
        "last_hits_per_min": {
          "raw": 9.801423754215062,
          "pct": 0.6206896551724138
        },
        "hero_damage_per_min": {
          "raw": 768.3551892094417,
          "pct": 0.6551724137931034
        },
        "hero_healing_per_min": {
          "raw": 44.893218433870366,
          "pct": 1
        },
        "tower_damage": {
          "raw": 9117,
          "pct": 0.4827586206896552
        },
        "stuns_per_min": {
          "raw": 0,
          "pct": 0.10344827586206896
        },
        "lhten": {}
      }
    },
    {
      "player_slot": 4,
      "ability_targets": null,
      "ability_upgrades_arr": [
        8235,
        8192,
        8234,
        8235,
        8235,
        8198,
        8234,
        8234,
        8234,
        8243,
        8235,
        8198,
        8192,
        8192,
        8245
      ],
      "ability_uses": null,
      "actions": null,
      "additional_units": null,
      "assists": 9,
      "backpack_0": 0,
      "backpack_1": 0,
      "backpack_2": 0,
      "backpack_3": null,
      "buyback_log": null,
      "camps_stacked": null,
      "connection_log": null,
      "creeps_stacked": null,
      "damage": null,
      "damage_inflictor": null,
      "damage_inflictor_received": null,
      "damage_taken": null,
      "damage_targets": null,
      "deaths": 12,
      "denies": 2,
      "dn_t": null,
      "firstblood_claimed": null,
      "gold": 1968,
      "gold_per_min": 221,
      "gold_reasons": null,
      "gold_spent": 6990,
      "gold_t": null,
      "hero_damage": 8396,
      "hero_healing": 8167,
      "hero_hits": null,
      "hero_id": 136,
      "item_0": 50,
      "item_1": 908,
      "item_2": 237,
      "item_3": 0,
      "item_4": 40,
      "item_5": 181,
      "item_neutral": 335,
      "item_uses": null,
      "kill_streaks": null,
      "killed": null,
      "killed_by": null,
      "kills": 3,
      "kills_log": null,
      "lane_pos": null,
      "last_hits": 20,
      "leaver_status": 0,
      "level": 15,
      "lh_t": null,
      "life_state": null,
      "max_hero_hit": null,
      "multi_kills": null,
      "net_worth": 7943,
      "obs": null,
      "obs_left_log": null,
      "obs_log": null,
      "obs_placed": null,
      "party_id": 2,
      "party_size": 2,
      "performance_others": null,
      "permanent_buffs": [
        {
          "permanent_buff": 6,
          "stack_count": 1,
          "grant_time": 2074
        }
      ],
      "pings": null,
      "pred_vict": null,
      "purchase": null,
      "purchase_log": null,
      "randomed": null,
      "repicked": null,
      "roshans_killed": null,
      "rune_pickups": null,
      "runes": null,
      "runes_log": null,
      "sen": null,
      "sen_left_log": null,
      "sen_log": null,
      "sen_placed": null,
      "stuns": null,
      "teamfight_participation": null,
      "times": null,
      "tower_damage": 217,
      "towers_killed": null,
      "xp_per_min": 313,
      "xp_reasons": null,
      "xp_t": null,
      "personaname": "price?",
      "name": null,
      "last_login": null,
      "start_time": 1669912969,
      "duration": 2669,
      "cluster": 185,
      "lobby_type": 7,
      "game_mode": 22,
      "is_contributor": false,
      "patch": 51,
      "region": 8,
      "isRadiant": true,
      "total_gold": 9830,
      "total_xp": 13923,
      "kills_per_min": 0.0674409891345073,
      "kda": 0,
      "abandons": 0,
      "rank_tier": 14,
      "is_subscriber": false,
      "cosmetics": [],
      "benchmarks": {
        "gold_per_min": {
          "raw": 221,
          "pct": 0.043478260869565216
        },
        "xp_per_min": {
          "raw": 313,
          "pct": 0.043478260869565216
        },
        "kills_per_min": {
          "raw": 0.06744098913450731,
          "pct": 0.21739130434782608
        },
        "last_hits_per_min": {
          "raw": 0.4496065942300487,
          "pct": 0
        },
        "hero_damage_per_min": {
          "raw": 188.74484825777444,
          "pct": 0.08695652173913043
        },
        "hero_healing_per_min": {
          "raw": 183.5968527538404,
          "pct": 1
        },
        "tower_damage": {
          "raw": 217,
          "pct": 0.17391304347826086
        },
        "stuns_per_min": {
          "raw": 0,
          "pct": 0
        },
        "lhten": {}
      }
    },
    {
      "player_slot": 128,
      "ability_targets": null,
      "ability_upgrades_arr": [
        5098,
        5100,
        5099,
        5098,
        5098,
        5101,
        5098,
        5100,
        5100,
        7132,
        5100,
        5101,
        5099,
        5099,
        6916,
        5099,
        5101,
        762
      ],
      "ability_uses": null,
      "actions": null,
      "additional_units": null,
      "assists": 10,
      "backpack_0": 0,
      "backpack_1": 0,
      "backpack_2": 0,
      "backpack_3": null,
      "buyback_log": null,
      "camps_stacked": null,
      "connection_log": null,
      "creeps_stacked": null,
      "damage": null,
      "damage_inflictor": null,
      "damage_inflictor_received": null,
      "damage_taken": null,
      "damage_targets": null,
      "deaths": 4,
      "denies": 12,
      "dn_t": null,
      "firstblood_claimed": null,
      "gold": 4637,
      "gold_per_min": 476,
      "gold_reasons": null,
      "gold_spent": 16900,
      "gold_t": null,
      "hero_damage": 16523,
      "hero_healing": 0,
      "hero_hits": null,
      "hero_id": 17,
      "item_0": 98,
      "item_1": 63,
      "item_2": 534,
      "item_3": 273,
      "item_4": 116,
      "item_5": 0,
      "item_neutral": 585,
      "item_uses": null,
      "kill_streaks": null,
      "killed": null,
      "killed_by": null,
      "kills": 7,
      "kills_log": null,
      "lane_pos": null,
      "last_hits": 251,
      "leaver_status": 0,
      "level": 23,
      "lh_t": null,
      "life_state": null,
      "max_hero_hit": null,
      "multi_kills": null,
      "net_worth": 20462,
      "obs": null,
      "obs_left_log": null,
      "obs_log": null,
      "obs_placed": null,
      "party_id": 3,
      "party_size": 2,
      "performance_others": null,
      "permanent_buffs": [
        {
          "permanent_buff": 6,
          "stack_count": 1,
          "grant_time": 2682
        }
      ],
      "pings": null,
      "pred_vict": null,
      "purchase": null,
      "purchase_log": null,
      "randomed": null,
      "repicked": null,
      "roshans_killed": null,
      "rune_pickups": null,
      "runes": null,
      "runes_log": null,
      "sen": null,
      "sen_left_log": null,
      "sen_log": null,
      "sen_placed": null,
      "stuns": null,
      "teamfight_participation": null,
      "times": null,
      "tower_damage": 750,
      "towers_killed": null,
      "xp_per_min": 683,
      "xp_reasons": null,
      "xp_t": null,
      "start_time": 1669912969,
      "duration": 2669,
      "cluster": 185,
      "lobby_type": 7,
      "game_mode": 22,
      "is_contributor": false,
      "patch": 51,
      "region": 8,
      "isRadiant": false,
      "total_gold": 21174,
      "total_xp": 30382,
      "kills_per_min": 0.15736230798051704,
      "kda": 3,
      "abandons": 0,
      "rank_tier": null,
      "is_subscriber": false,
      "cosmetics": [],
      "benchmarks": {
        "gold_per_min": {
          "raw": 476,
          "pct": 0.20588235294117646
        },
        "xp_per_min": {
          "raw": 683,
          "pct": 0.4411764705882353
        },
        "kills_per_min": {
          "raw": 0.15736230798051704,
          "pct": 0.29411764705882354
        },
        "last_hits_per_min": {
          "raw": 5.642562757587111,
          "pct": 0.2647058823529412
        },
        "hero_damage_per_min": {
          "raw": 371.44248782315475,
          "pct": 0.08823529411764706
        },
        "hero_healing_per_min": {
          "raw": 0,
          "pct": 0.8529411764705882
        },
        "tower_damage": {
          "raw": 750,
          "pct": 0.35294117647058826
        },
        "stuns_per_min": {
          "raw": 0,
          "pct": 0.029411764705882353
        },
        "lhten": {}
      }
    },
    {
      "player_slot": 129,
      "ability_targets": null,
      "ability_upgrades_arr": [
        5027,
        5028,
        5028,
        5029,
        730,
        5030,
        730,
        730,
        730,
        5921,
        730,
        5030,
        730,
        730,
        7394,
        5028,
        5028,
        5030,
        5027,
        7021,
        5027,
        5027,
        5029,
        5029,
        1013
      ],
      "ability_uses": null,
      "actions": null,
      "additional_units": null,
      "assists": 24,
      "backpack_0": 0,
      "backpack_1": 0,
      "backpack_2": 0,
      "backpack_3": null,
      "buyback_log": null,
      "camps_stacked": null,
      "connection_log": null,
      "creeps_stacked": null,
      "damage": null,
      "damage_inflictor": null,
      "damage_inflictor_received": null,
      "damage_taken": null,
      "damage_targets": null,
      "deaths": 2,
      "denies": 11,
      "dn_t": null,
      "firstblood_claimed": null,
      "gold": 6070,
      "gold_per_min": 709,
      "gold_reasons": null,
      "gold_spent": 26460,
      "gold_t": null,
      "hero_damage": 49532,
      "hero_healing": 7697,
      "hero_hits": null,
      "hero_id": 8,
      "item_0": 208,
      "item_1": 158,
      "item_2": 147,
      "item_3": 50,
      "item_4": 0,
      "item_5": 160,
      "item_neutral": 571,
      "item_uses": null,
      "kill_streaks": null,
      "killed": null,
      "killed_by": null,
      "kills": 19,
      "kills_log": null,
      "lane_pos": null,
      "last_hits": 377,
      "leaver_status": 0,
      "level": 27,
      "lh_t": null,
      "life_state": null,
      "max_hero_hit": null,
      "multi_kills": null,
      "net_worth": 30820,
      "obs": null,
      "obs_left_log": null,
      "obs_log": null,
      "obs_placed": null,
      "party_id": 3,
      "party_size": 2,
      "performance_others": null,
      "permanent_buffs": [
        {
          "permanent_buff": 6,
          "stack_count": 1,
          "grant_time": 1515
        },
        {
          "permanent_buff": 12,
          "stack_count": 0,
          "grant_time": 1506
        }
      ],
      "pings": null,
      "pred_vict": null,
      "purchase": null,
      "purchase_log": null,
      "randomed": null,
      "repicked": null,
      "roshans_killed": null,
      "rune_pickups": null,
      "runes": null,
      "runes_log": null,
      "sen": null,
      "sen_left_log": null,
      "sen_log": null,
      "sen_placed": null,
      "stuns": null,
      "teamfight_participation": null,
      "times": null,
      "tower_damage": 7962,
      "towers_killed": null,
      "xp_per_min": 864,
      "xp_reasons": null,
      "xp_t": null,
      "start_time": 1669912969,
      "duration": 2669,
      "cluster": 185,
      "lobby_type": 7,
      "game_mode": 22,
      "is_contributor": false,
      "patch": 51,
      "region": 8,
      "isRadiant": false,
      "total_gold": 31538,
      "total_xp": 38433,
      "kills_per_min": 0.42712626451854624,
      "kda": 14,
      "abandons": 0,
      "rank_tier": null,
      "is_subscriber": false,
      "cosmetics": [],
      "benchmarks": {
        "gold_per_min": {
          "raw": 709,
          "pct": 0.6363636363636364
        },
        "xp_per_min": {
          "raw": 864,
          "pct": 0.5454545454545454
        },
        "kills_per_min": {
          "raw": 0.4271262645185463,
          "pct": 0.8484848484848485
        },
        "last_hits_per_min": {
          "raw": 8.475084301236418,
          "pct": 0.48484848484848486
        },
        "hero_damage_per_min": {
          "raw": 1113.4956912701386,
          "pct": 0.7878787878787878
        },
        "hero_healing_per_min": {
          "raw": 173.03109778943426,
          "pct": 0.6666666666666666
        },
        "tower_damage": {
          "raw": 7962,
          "pct": 0.5757575757575758
        },
        "stuns_per_min": {
          "raw": 0,
          "pct": 0.3333333333333333
        },
        "lhten": {}
      }
    },
    {
      "player_slot": 130,
      "ability_targets": null,
      "ability_upgrades_arr": [
        5134,
        5136,
        5134,
        7325,
        5134,
        5137,
        5134,
        5136,
        5136,
        5136,
        775,
        5137,
        7325,
        7325,
        6292,
        7325,
        5137
      ],
      "ability_uses": null,
      "actions": null,
      "additional_units": null,
      "assists": 23,
      "backpack_0": 0,
      "backpack_1": 0,
      "backpack_2": 0,
      "backpack_3": null,
      "buyback_log": null,
      "camps_stacked": null,
      "connection_log": null,
      "creeps_stacked": null,
      "damage": null,
      "damage_inflictor": null,
      "damage_inflictor_received": null,
      "damage_taken": null,
      "damage_targets": null,
      "deaths": 12,
      "denies": 2,
      "dn_t": null,
      "firstblood_claimed": null,
      "gold": 1990,
      "gold_per_min": 323,
      "gold_reasons": null,
      "gold_spent": 11985,
      "gold_t": null,
      "hero_damage": 20912,
      "hero_healing": 977,
      "hero_hits": null,
      "hero_id": 31,
      "item_0": 231,
      "item_1": 40,
      "item_2": 218,
      "item_3": 232,
      "item_4": 0,
      "item_5": 36,
      "item_neutral": 825,
      "item_uses": null,
      "kill_streaks": null,
      "killed": null,
      "killed_by": null,
      "kills": 5,
      "kills_log": null,
      "lane_pos": null,
      "last_hits": 69,
      "leaver_status": 0,
      "level": 20,
      "lh_t": null,
      "life_state": null,
      "max_hero_hit": null,
      "multi_kills": null,
      "net_worth": 11345,
      "obs": null,
      "obs_left_log": null,
      "obs_log": null,
      "obs_placed": null,
      "party_id": 4,
      "party_size": 1,
      "performance_others": null,
      "permanent_buffs": [
        {
          "permanent_buff": 6,
          "stack_count": 1,
          "grant_time": 2058
        },
        {
          "permanent_buff": 12,
          "stack_count": 0,
          "grant_time": 1714
        }
      ],
      "pings": null,
      "pred_vict": null,
      "purchase": null,
      "purchase_log": null,
      "randomed": null,
      "repicked": null,
      "roshans_killed": null,
      "rune_pickups": null,
      "runes": null,
      "runes_log": null,
      "sen": null,
      "sen_left_log": null,
      "sen_log": null,
      "sen_placed": null,
      "stuns": null,
      "teamfight_participation": null,
      "times": null,
      "tower_damage": 1235,
      "towers_killed": null,
      "xp_per_min": 516,
      "xp_reasons": null,
      "xp_t": null,
      "start_time": 1669912969,
      "duration": 2669,
      "cluster": 185,
      "lobby_type": 7,
      "game_mode": 22,
      "is_contributor": false,
      "patch": 51,
      "region": 8,
      "isRadiant": false,
      "total_gold": 14368,
      "total_xp": 22953,
      "kills_per_min": 0.11240164855751217,
      "kda": 2,
      "abandons": 0,
      "rank_tier": null,
      "is_subscriber": false,
      "cosmetics": [],
      "benchmarks": {
        "gold_per_min": {
          "raw": 323,
          "pct": 0.7777777777777778
        },
        "xp_per_min": {
          "raw": 516,
          "pct": 0.7777777777777778
        },
        "kills_per_min": {
          "raw": 0.11240164855751217,
          "pct": 0.5925925925925926
        },
        "last_hits_per_min": {
          "raw": 1.551142750093668,
          "pct": 0.8518518518518519
        },
        "hero_damage_per_min": {
          "raw": 470.1086549269389,
          "pct": 0.48148148148148145
        },
        "hero_healing_per_min": {
          "raw": 21.96328212813788,
          "pct": 0.9259259259259259
        },
        "tower_damage": {
          "raw": 1235,
          "pct": 0.9259259259259259
        },
        "stuns_per_min": {
          "raw": 0,
          "pct": 0
        },
        "lhten": {}
      }
    },
    {
      "player_slot": 131,
      "ability_targets": null,
      "ability_upgrades_arr": [
        5031,
        5032,
        5032,
        5033,
        5032,
        5035,
        5032,
        5031,
        5033,
        5033,
        1015,
        5035,
        5033,
        5031,
        6253,
        5031,
        5035,
        6667,
        7131
      ],
      "ability_uses": null,
      "actions": null,
      "additional_units": null,
      "assists": 32,
      "backpack_0": 41,
      "backpack_1": 0,
      "backpack_2": 0,
      "backpack_3": null,
      "buyback_log": null,
      "camps_stacked": null,
      "connection_log": null,
      "creeps_stacked": null,
      "damage": null,
      "damage_inflictor": null,
      "damage_inflictor_received": null,
      "damage_taken": null,
      "damage_targets": null,
      "deaths": 5,
      "denies": 7,
      "dn_t": null,
      "firstblood_claimed": null,
      "gold": 5238,
      "gold_per_min": 582,
      "gold_reasons": null,
      "gold_spent": 20020,
      "gold_t": null,
      "hero_damage": 40836,
      "hero_healing": 0,
      "hero_hits": null,
      "hero_id": 23,
      "item_0": 116,
      "item_1": 249,
      "item_2": 73,
      "item_3": 149,
      "item_4": 112,
      "item_5": 50,
      "item_neutral": 364,
      "item_uses": null,
      "kill_streaks": null,
      "killed": null,
      "killed_by": null,
      "kills": 13,
      "kills_log": null,
      "lane_pos": null,
      "last_hits": 233,
      "leaver_status": 0,
      "level": 26,
      "lh_t": null,
      "life_state": null,
      "max_hero_hit": null,
      "multi_kills": null,
      "net_worth": 24693,
      "obs": null,
      "obs_left_log": null,
      "obs_log": null,
      "obs_placed": null,
      "party_id": 5,
      "party_size": 2,
      "performance_others": null,
      "permanent_buffs": [
        {
          "permanent_buff": 6,
          "stack_count": 1,
          "grant_time": 890
        }
      ],
      "pings": null,
      "pred_vict": null,
      "purchase": null,
      "purchase_log": null,
      "randomed": null,
      "repicked": null,
      "roshans_killed": null,
      "rune_pickups": null,
      "runes": null,
      "runes_log": null,
      "sen": null,
      "sen_left_log": null,
      "sen_log": null,
      "sen_placed": null,
      "stuns": null,
      "teamfight_participation": null,
      "times": null,
      "tower_damage": 9578,
      "towers_killed": null,
      "xp_per_min": 867,
      "xp_reasons": null,
      "xp_t": null,
      "personaname": "Мэрлин",
      "name": null,
      "last_login": null,
      "start_time": 1669912969,
      "duration": 2669,
      "cluster": 185,
      "lobby_type": 7,
      "game_mode": 22,
      "is_contributor": false,
      "patch": 51,
      "region": 8,
      "isRadiant": false,
      "total_gold": 25889,
      "total_xp": 38567,
      "kills_per_min": 0.29224428624953164,
      "kda": 7,
      "abandons": 0,
      "rank_tier": 21,
      "is_subscriber": false,
      "cosmetics": [],
      "benchmarks": {
        "gold_per_min": {
          "raw": 582,
          "pct": 0.6470588235294118
        },
        "xp_per_min": {
          "raw": 867,
          "pct": 0.9411764705882353
        },
        "kills_per_min": {
          "raw": 0.29224428624953164,
          "pct": 0.8235294117647058
        },
        "last_hits_per_min": {
          "raw": 5.237916822780067,
          "pct": 0.17647058823529413
        },
        "hero_damage_per_min": {
          "raw": 918.0067440989135,
          "pct": 0.8235294117647058
        },
        "hero_healing_per_min": {
          "raw": 0,
          "pct": 0.8235294117647058
        },
        "tower_damage": {
          "raw": 9578,
          "pct": 1
        },
        "stuns_per_min": {
          "raw": 0,
          "pct": 0.058823529411764705
        },
        "lhten": {}
      }
    },
    {
      "player_slot": 132,
      "ability_targets": null,
      "ability_upgrades_arr": [
        5450,
        5448,
        5450,
        7320,
        5450,
        5452,
        5450,
        7320,
        7320,
        897,
        7320,
        5452,
        5448,
        5448,
        518,
        5448,
        5452,
        6041
      ],
      "ability_uses": null,
      "actions": null,
      "additional_units": null,
      "assists": 31,
      "backpack_0": 0,
      "backpack_1": 0,
      "backpack_2": 16,
      "backpack_3": null,
      "buyback_log": null,
      "camps_stacked": null,
      "connection_log": null,
      "creeps_stacked": null,
      "damage": null,
      "damage_inflictor": null,
      "damage_inflictor_received": null,
      "damage_taken": null,
      "damage_targets": null,
      "deaths": 8,
      "denies": 4,
      "dn_t": null,
      "firstblood_claimed": null,
      "gold": 6811,
      "gold_per_min": 411,
      "gold_reasons": null,
      "gold_spent": 15140,
      "gold_t": null,
      "hero_damage": 27411,
      "hero_healing": 696,
      "hero_hits": null,
      "hero_id": 86,
      "item_0": 214,
      "item_1": 60,
      "item_2": 232,
      "item_3": 267,
      "item_4": 1,
      "item_5": 40,
      "item_neutral": 309,
      "item_uses": null,
      "kill_streaks": null,
      "killed": null,
      "killed_by": null,
      "kills": 12,
      "kills_log": null,
      "lane_pos": null,
      "last_hits": 73,
      "leaver_status": 0,
      "level": 25,
      "lh_t": null,
      "life_state": null,
      "max_hero_hit": null,
      "multi_kills": null,
      "net_worth": 16571,
      "obs": null,
      "obs_left_log": null,
      "obs_log": null,
      "obs_placed": null,
      "party_id": 5,
      "party_size": 2,
      "performance_others": null,
      "permanent_buffs": [],
      "pings": null,
      "pred_vict": null,
      "purchase": null,
      "purchase_log": null,
      "randomed": null,
      "repicked": null,
      "roshans_killed": null,
      "rune_pickups": null,
      "runes": null,
      "runes_log": null,
      "sen": null,
      "sen_left_log": null,
      "sen_log": null,
      "sen_placed": null,
      "stuns": null,
      "teamfight_participation": null,
      "times": null,
      "tower_damage": 3430,
      "towers_killed": null,
      "xp_per_min": 774,
      "xp_reasons": null,
      "xp_t": null,
      "personaname": "Арбузный Лебро",
      "name": null,
      "last_login": null,
      "start_time": 1669912969,
      "duration": 2669,
      "cluster": 185,
      "lobby_type": 7,
      "game_mode": 22,
      "is_contributor": false,
      "patch": 51,
      "region": 8,
      "isRadiant": false,
      "total_gold": 18282,
      "total_xp": 34430,
      "kills_per_min": 0.2697639565380292,
      "kda": 4,
      "abandons": 0,
      "rank_tier": 15,
      "is_subscriber": false,
      "cosmetics": [],
      "benchmarks": {
        "gold_per_min": {
          "raw": 411,
          "pct": 0.896551724137931
        },
        "xp_per_min": {
          "raw": 774,
          "pct": 0.9862068965517241
        },
        "kills_per_min": {
          "raw": 0.26976395653802926,
          "pct": 0.9172413793103448
        },
        "last_hits_per_min": {
          "raw": 1.6410640689396776,
          "pct": 0.3724137931034483
        },
        "hero_damage_per_min": {
          "raw": 616.2083177219932,
          "pct": 0.8
        },
        "hero_healing_per_min": {
          "raw": 15.646309479205694,
          "pct": 0.8827586206896552
        },
        "tower_damage": {
          "raw": 3430,
          "pct": 0.993103448275862
        },
        "stuns_per_min": {
          "raw": 0,
          "pct": 0
        },
        "lhten": {}
      }
    }
  ],
  "patch": 51,
  "region": 8
}