{
  "chat": null,
  "cluster": 185,
  "cosmetics": null,
  "dire_score": 16,
  "dire_team_id": null,
  "draft_timings": null,
  "duration": 1068,
  "engine": 1,
  "first_blood_time": 84,
  "game_mode": 23,
  "human_players": 10,
  "leagueid": 0,
  "lobby_type": 0,
  "match_seq_num": 5780343062,
  "negative_votes": 0,
  "objectives": null,
  "picks_bans": null,
  "positive_votes": 0,
  "radiant_gold_adv": null,
  "radiant_score": 36,
  "radiant_team_id": null,
  "radiant_xp_adv": null,
  "skill": null,
  "start_time": 1669912694,
  "teamfights": null,
  "version": null,
  "players": [
    {
      "player_slot": 0,
      "ability_targets": null,
      "ability_upgrades_arr": [
        343,
        5019,
        343,
        5019,
        343,
        5022,
        343,
        5632,
        5632,
        5632,
        5019,
        5022,
        5632,
        5019,
        1088,
        5022,
        1087,
        6202
      ],
      "ability_uses": null,
      "actions": null,
      "additional_units": null,
      "assists": 8,
      "backpack_0": 0,
      "backpack_1": 0,
      "backpack_2": 0,
      "backpack_3": null,
      "buyback_log": null,
      "camps_stacked": null,
      "connection_log": null,
      "creeps_stacked": null,
      "damage": null,
      "damage_inflictor": null,
      "damage_inflictor_received": null,
      "damage_taken": null,
      "damage_targets": null,
      "deaths": 2,
      "denies": 2,
      "dn_t": null,
      "firstblood_claimed": null,
      "gold": 2418,
      "gold_per_min": 901,
      "gold_reasons": null,
      "gold_spent": 14485,
      "gold_t": null,
      "hero_damage": 10683,
      "hero_healing": 0,
      "hero_hits": null,
      "hero_id": 6,
      "item_0": 249,
      "item_1": 34,
      "item_2": 116,
      "item_3": 63,
      "item_4": 40,
      "item_5": 55,
      "item_neutral": 361,
      "item_uses": null,
      "kill_streaks": null,
      "killed": null,
      "killed_by": null,
      "kills": 7,
      "kills_log": null,
      "lane_pos": null,
      "last_hits": 50,
      "leaver_status": 0,
      "level": 20,
      "lh_t": null,
      "life_state": null,
      "max_hero_hit": null,
      "multi_kills": null,
      "net_worth": 15798,
      "obs": null,
      "obs_left_log": null,
      "obs_log": null,
      "obs_placed": null,
      "party_id": null,
      "party_size": null,
      "performance_others": null,
      "permanent_buffs": null,
      "pings": null,
      "pred_vict": null,
      "purchase": null,
      "purchase_log": null,
      "randomed": null,
      "repicked": null,
      "roshans_killed": null,
      "rune_pickups": null,
      "runes": null,
      "runes_log": null,
      "sen": null,
      "sen_left_log": null,
      "sen_log": null,
      "sen_placed": null,
      "stuns": null,
      "teamfight_participation": null,
      "times": null,
      "tower_damage": 8184,
      "towers_killed": null,
      "xp_per_min": 1317,
      "xp_reasons": null,
      "xp_t": null,
      "start_time": 1669912694,
      "duration": 1068,
      "cluster": 185,
      "lobby_type": 0,
      "game_mode": 23,
      "is_contributor": false,
      "patch": 51,
      "region": 8,
      "isRadiant": true,
      "total_gold": 16037,
      "total_xp": 23442,
      "kills_per_min": 0.3932584269662921,
      "kda": 5,
      "abandons": 0,
      "rank_tier": null,
      "is_subscriber": false,
      "cosmetics": [],
      "benchmarks": {
        "gold_per_min": {
          "raw": 901,
          "pct": 1
        },
        "xp_per_min": {
          "raw": 1317,
          "pct": 1
        },
        "kills_per_min": {
          "raw": 0.39325842696629215,
          "pct": 0.8974358974358975
        },
        "last_hits_per_min": {
          "raw": 2.808988764044944,
          "pct": 0
        },
        "hero_damage_per_min": {
          "raw": 600.1685393258426,
          "pct": 0.28205128205128205
        },
        "hero_healing_per_min": {
          "raw": 0,
          "pct": 0.9743589743589743
        },
        "tower_damage": {
          "raw": 8184,
          "pct": 0.6410256410256411
        },
        "stuns_per_min": {
          "raw": 0,
          "pct": 0.9487179487179487
        },
        "lhten": {}
      }
    },
    {
      "player_slot": 1,
      "ability_targets": null,
      "ability_upgrades_arr": [
        5154,
        5156,
        5154,
        5155,
        5154,
        5157,
        5156,
        5156,
        5156,
        5155,
        928,
        5157,
        5154,
        5155,
        5155,
        5907,
        5157,
        6896
      ],
      "ability_uses": null,
      "actions": null,
      "additional_units": null,
      "assists": 9,
      "backpack_0": 0,
      "backpack_1": 0,
      "backpack_2": 0,
      "backpack_3": null,
      "buyback_log": null,
      "camps_stacked": null,
      "connection_log": null,
      "creeps_stacked": null,
      "damage": null,
      "damage_inflictor": null,
      "damage_inflictor_received": null,
      "damage_taken": null,
      "damage_targets": null,
      "deaths": 2,
      "denies": 3,
      "dn_t": null,
      "firstblood_claimed": null,
      "gold": 4779,
      "gold_per_min": 1334,
      "gold_reasons": null,
      "gold_spent": 19825,
      "gold_t": null,
      "hero_damage": 38162,
      "hero_healing": 0,
      "hero_hits": null,
      "hero_id": 35,
      "item_0": 63,
      "item_1": 236,
      "item_2": 158,
      "item_3": 26,
      "item_4": 247,
      "item_5": 249,
      "item_neutral": 288,
      "item_uses": null,
      "kill_streaks": null,
      "killed": null,
      "killed_by": null,
      "kills": 13,
      "kills_log": null,
      "lane_pos": null,
      "last_hits": 63,
      "leaver_status": 0,
      "level": 26,
      "lh_t": null,
      "life_state": null,
      "max_hero_hit": null,
      "multi_kills": null,
      "net_worth": 24029,
      "obs": null,
      "obs_left_log": null,
      "obs_log": null,
      "obs_placed": null,
      "party_id": null,
      "party_size": null,
      "performance_others": null,
      "permanent_buffs": null,
      "pings": null,
      "pred_vict": null,
      "purchase": null,
      "purchase_log": null,
      "randomed": null,
      "repicked": null,
      "roshans_killed": null,
      "rune_pickups": null,
      "runes": null,
      "runes_log": null,
      "sen": null,
      "sen_left_log": null,
      "sen_log": null,
      "sen_placed": null,
      "stuns": null,
      "teamfight_participation": null,
      "times": null,
      "tower_damage": 6837,
      "towers_killed": null,
      "xp_per_min": 1979,
      "xp_reasons": null,
      "xp_t": null,
      "start_time": 1669912694,
      "duration": 1068,
      "cluster": 185,
      "lobby_type": 0,
      "game_mode": 23,
      "is_contributor": false,
      "patch": 51,
      "region": 8,
      "isRadiant": true,
      "total_gold": 23745,
      "total_xp": 35226,
      "kills_per_min": 0.7303370786516854,
      "kda": 7,
      "abandons": 0,
      "rank_tier": null,
      "is_subscriber": false,
      "cosmetics": [],
      "benchmarks": {
        "gold_per_min": {
          "raw": 1334,
          "pct": 1
        },
        "xp_per_min": {
          "raw": 1979,
          "pct": 1
        },
        "kills_per_min": {
          "raw": 0.7303370786516854,
          "pct": 1
        },
        "last_hits_per_min": {
          "raw": 3.539325842696629,
          "pct": 0.037037037037037035
        },
        "hero_damage_per_min": {
          "raw": 2143.932584269663,
          "pct": 1
        },
        "hero_healing_per_min": {
          "raw": 0,
          "pct": 0.9629629629629629
        },
        "tower_damage": {
          "raw": 6837,
          "pct": 0.5925925925925926
        },
        "stuns_per_min": {
          "raw": 0,
          "pct": 0.1111111111111111
        },
        "lhten": {}
      }
    },
    {
      "player_slot": 2,
      "ability_targets": null,
      "ability_upgrades_arr": [
        5075,
        5076,
        5076,
        5074,
        5076,
        5077,
        5075,
        5074,
        5076,
        5074,
        7142,
        5077,
        5075,
        507,
        5074,
        5075,
        5077,
        408
      ],
      "ability_uses": null,
      "actions": null,
      "additional_units": null,
      "assists": 6,
      "backpack_0": 0,
      "backpack_1": 0,
      "backpack_2": 0,
      "backpack_3": null,
      "buyback_log": null,
      "camps_stacked": null,
      "connection_log": null,
      "creeps_stacked": null,
      "damage": null,
      "damage_inflictor": null,
      "damage_inflictor_received": null,
      "damage_taken": null,
      "damage_targets": null,
      "deaths": 4,
      "denies": 6,
      "dn_t": null,
      "firstblood_claimed": null,
      "gold": 709,
      "gold_per_min": 972,
      "gold_reasons": null,
      "gold_spent": 14285,
      "gold_t": null,
      "hero_damage": 20056,
      "hero_healing": 0,
      "hero_hits": null,
      "hero_id": 14,
      "item_0": 11,
      "item_1": 41,
      "item_2": 108,
      "item_3": 1,
      "item_4": 214,
      "item_5": 114,
      "item_neutral": 838,
      "item_uses": null,
      "kill_streaks": null,
      "killed": null,
      "killed_by": null,
      "kills": 12,
      "kills_log": null,
      "lane_pos": null,
      "last_hits": 31,
      "leaver_status": 0,
      "level": 23,
      "lh_t": null,
      "life_state": null,
      "max_hero_hit": null,
      "multi_kills": null,
      "net_worth": 14159,
      "obs": null,
      "obs_left_log": null,
      "obs_log": null,
      "obs_placed": null,
      "party_id": null,
      "party_size": null,
      "performance_others": null,
      "permanent_buffs": null,
      "pings": null,
      "pred_vict": null,
      "purchase": null,
      "purchase_log": null,
      "randomed": null,
      "repicked": null,
      "roshans_killed": null,
      "rune_pickups": null,
      "runes": null,
      "runes_log": null,
      "sen": null,
      "sen_left_log": null,
      "sen_log": null,
      "sen_placed": null,
      "stuns": null,
      "teamfight_participation": null,
      "times": null,
      "tower_damage": 527,
      "towers_killed": null,
      "xp_per_min": 1679,
      "xp_reasons": null,
      "xp_t": null,
      "start_time": 1669912694,
      "duration": 1068,
      "cluster": 185,
      "lobby_type": 0,
      "game_mode": 23,
      "is_contributor": false,
      "patch": 51,
      "region": 8,
      "isRadiant": true,
      "total_gold": 17301,
      "total_xp": 29886,
      "kills_per_min": 0.6741573033707865,
      "kda": 3,
      "abandons": 0,
      "rank_tier": null,
      "is_subscriber": false,
      "cosmetics": [],
      "benchmarks": {
        "gold_per_min": {
          "raw": 972,
          "pct": 1
        },
        "xp_per_min": {
          "raw": 1679,
          "pct": 1
        },
        "kills_per_min": {
          "raw": 0.6741573033707865,
          "pct": 0.9821428571428571
        },
        "last_hits_per_min": {
          "raw": 1.7415730337078652,
          "pct": 0.25
        },
        "hero_damage_per_min": {
          "raw": 1126.7415730337077,
          "pct": 0.9821428571428571
        },
        "hero_healing_per_min": {
          "raw": 0,
          "pct": 0.6428571428571429
        },
        "tower_damage": {
          "raw": 527,
          "pct": 0.5892857142857143
        },
        "stuns_per_min": {
          "raw": 0,
          "pct": 0
        },
        "lhten": {}
      }
    },
    {
      "player_slot": 3,
      "ability_targets": null,
      "ability_upgrades_arr": [
        338,
        5436,
        5435,
        338,
        5436,
        5437,
        5436,
        338,
        5436,
        5435,
        339,
        5437,
        338,
        5435,
        5435,
        340,
        5437,
        756
      ],
      "ability_uses": null,
      "actions": null,
      "additional_units": null,
      "assists": 20,
      "backpack_0": 0,
      "backpack_1": 0,
      "backpack_2": 0,
      "backpack_3": null,
      "buyback_log": null,
      "camps_stacked": null,
      "connection_log": null,
      "creeps_stacked": null,
      "damage": null,
      "damage_inflictor": null,
      "damage_inflictor_received": null,
      "damage_taken": null,
      "damage_targets": null,
      "deaths": 1,
      "denies": 0,
      "dn_t": null,
      "firstblood_claimed": null,
      "gold": 549,
      "gold_per_min": 713,
      "gold_reasons": null,
      "gold_spent": 13550,
      "gold_t": null,
      "hero_damage": 8317,
      "hero_healing": 6084,
      "hero_hits": null,
      "hero_id": 83,
      "item_0": 231,
      "item_1": 0,
      "item_2": 0,
      "item_3": 269,
      "item_4": 1,
      "item_5": 0,
      "item_neutral": 577,
      "item_uses": null,
      "kill_streaks": null,
      "killed": null,
      "killed_by": null,
      "kills": 2,
      "kills_log": null,
      "lane_pos": null,
      "last_hits": 18,
      "leaver_status": 0,
      "level": 22,
      "lh_t": null,
      "life_state": null,
      "max_hero_hit": null,
      "multi_kills": null,
      "net_worth": 11749,
      "obs": null,
      "obs_left_log": null,
      "obs_log": null,
      "obs_placed": null,
      "party_id": null,
      "party_size": null,
      "performance_others": null,
      "permanent_buffs": null,
      "pings": null,
      "pred_vict": null,
      "purchase": null,
      "purchase_log": null,
      "randomed": null,
      "repicked": null,
      "roshans_killed": null,
      "rune_pickups": null,
      "runes": null,
      "runes_log": null,
      "sen": null,
      "sen_left_log": null,
      "sen_log": null,
      "sen_placed": null,
      "stuns": null,
      "teamfight_participation": null,
      "times": null,
      "tower_damage": 1009,
      "towers_killed": null,
      "xp_per_min": 1464,
      "xp_reasons": null,
      "xp_t": null,
      "start_time": 1669912694,
      "duration": 1068,
      "cluster": 185,
      "lobby_type": 0,
      "game_mode": 23,
      "is_contributor": false,
      "patch": 51,
      "region": 8,
      "isRadiant": true,
      "total_gold": 12691,
      "total_xp": 26059,
      "kills_per_min": 0.11235955056179775,
      "kda": 11,
      "abandons": 0,
      "rank_tier": null,
      "is_subscriber": false,
      "cosmetics": [],
      "benchmarks": {
        "gold_per_min": {
          "raw": 713,
          "pct": 1
        },
        "xp_per_min": {
          "raw": 1464,
          "pct": 1
        },
        "kills_per_min": {
          "raw": 0.11235955056179775,
          "pct": 0.6206896551724138
        },
        "last_hits_per_min": {
          "raw": 1.0112359550561798,
          "pct": 0.4482758620689655
        },
        "hero_damage_per_min": {
          "raw": 467.24719101123594,
          "pct": 0.8275862068965517
        },
        "hero_healing_per_min": {
          "raw": 341.7977528089888,
          "pct": 1
        },
        "tower_damage": {
          "raw": 1009,
          "pct": 0.7586206896551724
        },
        "stuns_per_min": {
          "raw": 0,
          "pct": 0
        },
        "lhten": {}
      }
    },
    {
      "player_slot": 4,
      "ability_targets": null,
      "ability_upgrades_arr": [
        5138,
        5139,
        5140,
        5140,
        5140,
        5141,
        5138,
        5140,
        5138,
        5138,
        417,
        5141,
        5139,
        5139,
        6524,
        5139,
        5141,
        555
      ],
      "ability_uses": null,
      "actions": null,
      "additional_units": null,
      "assists": 12,
      "backpack_0": 0,
      "backpack_1": 0,
      "backpack_2": 0,
      "backpack_3": null,
      "buyback_log": null,
      "camps_stacked": null,
      "connection_log": null,
      "creeps_stacked": null,
      "damage": null,
      "damage_inflictor": null,
      "damage_inflictor_received": null,
      "damage_taken": null,
      "damage_targets": null,
      "deaths": 7,
      "denies": 1,
      "dn_t": null,
      "firstblood_claimed": null,
      "gold": 3171,
      "gold_per_min": 629,
      "gold_reasons": null,
      "gold_spent": 8635,
      "gold_t": null,
      "hero_damage": 9110,
      "hero_healing": 2599,
      "hero_hits": null,
      "hero_id": 30,
      "item_0": 180,
      "item_1": 28,
      "item_2": 254,
      "item_3": 1,
      "item_4": 23,
      "item_5": 0,
      "item_neutral": 0,
      "item_uses": null,
      "kill_streaks": null,
      "killed": null,
      "killed_by": null,
      "kills": 2,
      "kills_log": null,
      "lane_pos": null,
      "last_hits": 18,
      "leaver_status": 0,
      "level": 23,
      "lh_t": null,
      "life_state": null,
      "max_hero_hit": null,
      "multi_kills": null,
      "net_worth": 11346,
      "obs": null,
      "obs_left_log": null,
      "obs_log": null,
      "obs_placed": null,
      "party_id": null,
      "party_size": null,
      "performance_others": null,
      "permanent_buffs": null,
      "pings": null,
      "pred_vict": null,
      "purchase": null,
      "purchase_log": null,
      "randomed": null,
      "repicked": null,
      "roshans_killed": null,
      "rune_pickups": null,
      "runes": null,
      "runes_log": null,
      "sen": null,
      "sen_left_log": null,
      "sen_log": null,
      "sen_placed": null,
      "stuns": null,
      "teamfight_participation": null,
      "times": null,
      "tower_damage": 961,
      "towers_killed": null,
      "xp_per_min": 1649,
      "xp_reasons": null,
      "xp_t": null,
      "personaname": "꧁༺ ᴬᴷᴷᴱ  ༻꧂",
      "name": null,
      "last_login": null,
      "start_time": 1669912694,
      "duration": 1068,
      "cluster": 185,
      "lobby_type": 0,
      "game_mode": 23,
      "is_contributor": false,
      "patch": 51,
      "region": 8,
      "isRadiant": true,
      "total_gold": 11196,
      "total_xp": 29352,
      "kills_per_min": 0.11235955056179775,
      "kda": 1,
      "abandons": 0,
      "rank_tier": 24,
      "is_subscriber": false,
      "cosmetics": [],
      "benchmarks": {
        "gold_per_min": {
          "raw": 629,
          "pct": 1
        },
        "xp_per_min": {
          "raw": 1649,
          "pct": 1
        },
        "kills_per_min": {
          "raw": 0.11235955056179775,
          "pct": 0.20512820512820512
        },
        "last_hits_per_min": {
          "raw": 1.0112359550561798,
          "pct": 0.38461538461538464
        },
        "hero_damage_per_min": {
          "raw": 511.7977528089888,
          "pct": 0.48717948717948717
        },
        "hero_healing_per_min": {
          "raw": 146.01123595505618,
          "pct": 0.7435897435897436
        },
        "tower_damage": {
          "raw": 961,
          "pct": 0.8717948717948718
        },
        "stuns_per_min": {
          "raw": 0,
          "pct": 0.02564102564102564
        },
        "lhten": {}
      }
    },
    {
      "player_slot": 128,
      "ability_targets": null,
      "ability_upgrades_arr": [
        5586,
        5585,
        5586,
        5585,
        5587,
        5588,
        5587,
        5586,
        5587,
        5587,
        5586,
        5588,
        5585,
        5585,
        5982,
        6142,
        5588,
        6100
      ],
      "ability_uses": null,
      "actions": null,
      "additional_units": null,
      "assists": 4,
      "backpack_0": 0,
      "backpack_1": 0,
      "backpack_2": 0,
      "backpack_3": null,
      "buyback_log": null,
      "camps_stacked": null,
      "connection_log": null,
      "creeps_stacked": null,
      "damage": null,
      "damage_inflictor": null,
      "damage_inflictor_received": null,
      "damage_taken": null,
      "damage_targets": null,
      "deaths": 6,
      "denies": 7,
      "dn_t": null,
      "firstblood_claimed": null,
      "gold": 1379,
      "gold_per_min": 720,
      "gold_reasons": null,
      "gold_spent": 12105,
      "gold_t": null,
      "hero_damage": 10065,
      "hero_healing": 904,
      "hero_hits": null,
      "hero_id": 102,
      "item_0": 252,
      "item_1": 168,
      "item_2": 50,
      "item_3": 152,
      "item_4": 40,
      "item_5": 3,
      "item_neutral": 357,
      "item_uses": null,
      "kill_streaks": null,
      "killed": null,
      "killed_by": null,
      "kills": 2,
      "kills_log": null,
      "lane_pos": null,
      "last_hits": 69,
      "leaver_status": 0,
      "level": 20,
      "lh_t": null,
      "life_state": null,
      "max_hero_hit": null,
      "multi_kills": null,
      "net_worth": 12959,
      "obs": null,
      "obs_left_log": null,
      "obs_log": null,
      "obs_placed": null,
      "party_id": null,
      "party_size": null,
      "performance_others": null,
      "permanent_buffs": null,
      "pings": null,
      "pred_vict": null,
      "purchase": null,
      "purchase_log": null,
      "randomed": null,
      "repicked": null,
      "roshans_killed": null,
      "rune_pickups": null,
      "runes": null,
      "runes_log": null,
      "sen": null,
      "sen_left_log": null,
      "sen_log": null,
      "sen_placed": null,
      "stuns": null,
      "teamfight_participation": null,
      "times": null,
      "tower_damage": 574,
      "towers_killed": null,
      "xp_per_min": 1226,
      "xp_reasons": null,
      "xp_t": null,
      "start_time": 1669912694,
      "duration": 1068,
      "cluster": 185,
      "lobby_type": 0,
      "game_mode": 23,
      "is_contributor": false,
      "patch": 51,
      "region": 8,
      "isRadiant": false,
      "total_gold": 12816,
      "total_xp": 21822,
      "kills_per_min": 0.11235955056179775,
      "kda": 0,
      "abandons": 0,
      "rank_tier": null,
      "is_subscriber": false,
      "cosmetics": [],
      "benchmarks": {
        "gold_per_min": {
          "raw": 720,
          "pct": 0.9038461538461539
        },
        "xp_per_min": {
          "raw": 1226,
          "pct": 1
        },
        "kills_per_min": {
          "raw": 0.11235955056179775,
          "pct": 0.4807692307692308
        },
        "last_hits_per_min": {
          "raw": 3.876404494382023,
          "pct": 0.23076923076923078
        },
        "hero_damage_per_min": {
          "raw": 565.4494382022473,
          "pct": 0.4230769230769231
        },
        "hero_healing_per_min": {
          "raw": 50.78651685393258,
          "pct": 0.7884615384615384
        },
        "tower_damage": {
          "raw": 574,
          "pct": 0.28846153846153844
        },
        "stuns_per_min": {
          "raw": 0,
          "pct": 0.6153846153846154
        },
        "lhten": {}
      }
    },
    {
      "player_slot": 129,
      "ability_targets": null,
      "ability_upgrades_arr": [
        5158,
        5159,
        5158,
        5159,
        5158,
        5161,
        5158,
        5159,
        5159,
        5160,
        820,
        5161,
        5160,
        5160,
        7110,
        5160,
        5161,
        350
      ],
      "ability_uses": null,
      "actions": null,
      "additional_units": null,
      "assists": 6,
      "backpack_0": 0,
      "backpack_1": 0,
      "backpack_2": 0,
      "backpack_3": null,
      "buyback_log": null,
      "camps_stacked": null,
      "connection_log": null,
      "creeps_stacked": null,
      "damage": null,
      "damage_inflictor": null,
      "damage_inflictor_received": null,
      "damage_taken": null,
      "damage_targets": null,
      "deaths": 13,
      "denies": 2,
      "dn_t": null,
      "firstblood_claimed": null,
      "gold": 577,
      "gold_per_min": 673,
      "gold_reasons": null,
      "gold_spent": 14270,
      "gold_t": null,
      "hero_damage": 11164,
      "hero_healing": 920,
      "hero_hits": null,
      "hero_id": 36,
      "item_0": 29,
      "item_1": 137,
      "item_2": 215,
      "item_3": 0,
      "item_4": 0,
      "item_5": 0,
      "item_neutral": 212,
      "item_uses": null,
      "kill_streaks": null,
      "killed": null,
      "killed_by": null,
      "kills": 1,
      "kills_log": null,
      "lane_pos": null,
      "last_hits": 45,
      "leaver_status": 0,
      "level": 21,
      "lh_t": null,
      "life_state": null,
      "max_hero_hit": null,
      "multi_kills": null,
      "net_worth": 7227,
      "obs": null,
      "obs_left_log": null,
      "obs_log": null,
      "obs_placed": null,
      "party_id": null,
      "party_size": null,
      "performance_others": null,
      "permanent_buffs": null,
      "pings": null,
      "pred_vict": null,
      "purchase": null,
      "purchase_log": null,
      "randomed": null,
      "repicked": null,
      "roshans_killed": null,
      "rune_pickups": null,
      "runes": null,
      "runes_log": null,
      "sen": null,
      "sen_left_log": null,
      "sen_log": null,
      "sen_placed": null,
      "stuns": null,
      "teamfight_participation": null,
      "times": null,
      "tower_damage": 181,
      "towers_killed": null,
      "xp_per_min": 1428,
      "xp_reasons": null,
      "xp_t": null,
      "start_time": 1669912694,
      "duration": 1068,
      "cluster": 185,
      "lobby_type": 0,
      "game_mode": 23,
      "is_contributor": false,
      "patch": 51,
      "region": 8,
      "isRadiant": false,
      "total_gold": 11979,
      "total_xp": 25418,
      "kills_per_min": 0.056179775280898875,
      "kda": 0,
      "abandons": 0,
      "rank_tier": null,
      "is_subscriber": false,
      "cosmetics": [],
      "benchmarks": {
        "gold_per_min": {
          "raw": 673,
          "pct": 0.9230769230769231
        },
        "xp_per_min": {
          "raw": 1428,
          "pct": 1
        },
        "kills_per_min": {
          "raw": 0.056179775280898875,
          "pct": 0
        },
        "last_hits_per_min": {
          "raw": 2.528089887640449,
          "pct": 0
        },
        "hero_damage_per_min": {
          "raw": 627.1910112359551,
          "pct": 0.3076923076923077
        },
        "hero_healing_per_min": {
          "raw": 51.68539325842696,
          "pct": 0.07692307692307693
        },
        "tower_damage": {
          "raw": 181,
          "pct": 0.15384615384615385
        },
        "stuns_per_min": {
          "raw": 0,
          "pct": 0
        },
        "lhten": {}
      }
    },
    {
      "player_slot": 130,
      "ability_targets": null,
      "ability_upgrades_arr": [
        5450,
        5448,
        5450,
        7320,
        5450,
        5452,
        5450,
        7320,
        7320,
        5452,
        7320,
        5448,
        5448,
        5448,
        518,
        897,
        5452,
        6041
      ],
      "ability_uses": null,
      "actions": null,
      "additional_units": null,
      "assists": 5,
      "backpack_0": 0,
      "backpack_1": 0,
      "backpack_2": 0,
      "backpack_3": null,
      "buyback_log": null,
      "camps_stacked": null,
      "connection_log": null,
      "creeps_stacked": null,
      "damage": null,
      "damage_inflictor": null,
      "damage_inflictor_received": null,
      "damage_taken": null,
      "damage_targets": null,
      "deaths": 4,
      "denies": 1,
      "dn_t": null,
      "firstblood_claimed": null,
      "gold": 876,
      "gold_per_min": 748,
      "gold_reasons": null,
      "gold_spent": 14060,
      "gold_t": null,
      "hero_damage": 14805,
      "hero_healing": 0,
      "hero_hits": null,
      "hero_id": 86,
      "item_0": 1,
      "item_1": 48,
      "item_2": 0,
      "item_3": 232,
      "item_4": 108,
      "item_5": 0,
      "item_neutral": 589,
      "item_uses": null,
      "kill_streaks": null,
      "killed": null,
      "killed_by": null,
      "kills": 6,
      "kills_log": null,
      "lane_pos": null,
      "last_hits": 21,
      "leaver_status": 0,
      "level": 22,
      "lh_t": null,
      "life_state": null,
      "max_hero_hit": null,
      "multi_kills": null,
      "net_worth": 12101,
      "obs": null,
      "obs_left_log": null,
      "obs_log": null,
      "obs_placed": null,
      "party_id": null,
      "party_size": null,
      "performance_others": null,
      "permanent_buffs": null,
      "pings": null,
      "pred_vict": null,
      "purchase": null,
      "purchase_log": null,
      "randomed": null,
      "repicked": null,
      "roshans_killed": null,
      "rune_pickups": null,
      "runes": null,
      "runes_log": null,
      "sen": null,
      "sen_left_log": null,
      "sen_log": null,
      "sen_placed": null,
      "stuns": null,
      "teamfight_participation": null,
      "times": null,
      "tower_damage": 237,
      "towers_killed": null,
      "xp_per_min": 1513,
      "xp_reasons": null,
      "xp_t": null,
      "start_time": 1669912694,
      "duration": 1068,
      "cluster": 185,
      "lobby_type": 0,
      "game_mode": 23,
      "is_contributor": false,
      "patch": 51,
      "region": 8,
      "isRadiant": false,
      "total_gold": 13314,
      "total_xp": 26931,
      "kills_per_min": 0.33707865168539325,
      "kda": 2,
      "abandons": 0,
      "rank_tier": null,
      "is_subscriber": false,
      "cosmetics": [],
      "benchmarks": {
        "gold_per_min": {
          "raw": 748,
          "pct": 1
        },
        "xp_per_min": {
          "raw": 1513,
          "pct": 1
        },
        "kills_per_min": {
          "raw": 0.33707865168539325,
          "pct": 0.9724137931034482
        },
        "last_hits_per_min": {
          "raw": 1.1797752808988764,
          "pct": 0.11724137931034483
        },
        "hero_damage_per_min": {
          "raw": 831.7415730337079,
          "pct": 0.9586206896551724
        },
        "hero_healing_per_min": {
          "raw": 0,
          "pct": 0.6482758620689655
        },
        "tower_damage": {
          "raw": 237,
          "pct": 0.5310344827586206
        },
        "stuns_per_min": {
          "raw": 0,
          "pct": 0
        },
        "lhten": {}
      }
    },
    {
      "player_slot": 131,
      "ability_targets": null,
      "ability_upgrades_arr": [
        5366,
        5365,
        5366,
        5368,
        5365,
        5369,
        5365,
        5365,
        5368,
        5368,
        5368,
        5369,
        5366,
        7144,
        6604,
        5366,
        5369,
        6350
      ],
      "ability_uses": null,
      "actions": null,
      "additional_units": null,
      "assists": 6,
      "backpack_0": 0,
      "backpack_1": 0,
      "backpack_2": 0,
      "backpack_3": null,
      "buyback_log": null,
      "camps_stacked": null,
      "connection_log": null,
      "creeps_stacked": null,
      "damage": null,
      "damage_inflictor": null,
      "damage_inflictor_received": null,
      "damage_taken": null,
      "damage_targets": null,
      "deaths": 6,
      "denies": 0,
      "dn_t": null,
      "firstblood_claimed": null,
      "gold": 1777,
      "gold_per_min": 1245,
      "gold_reasons": null,
      "gold_spent": 21430,
      "gold_t": null,
      "hero_damage": 9286,
      "hero_healing": 0,
      "hero_hits": null,
      "hero_id": 73,
      "item_0": 1,
      "item_1": 249,
      "item_2": 137,
      "item_3": 112,
      "item_4": 29,
      "item_5": 65,
      "item_neutral": 573,
      "item_uses": null,
      "kill_streaks": null,
      "killed": null,
      "killed_by": null,
      "kills": 4,
      "kills_log": null,
      "lane_pos": null,
      "last_hits": 77,
      "leaver_status": 0,
      "level": 22,
      "lh_t": null,
      "life_state": null,
      "max_hero_hit": null,
      "multi_kills": null,
      "net_worth": 22352,
      "obs": null,
      "obs_left_log": null,
      "obs_log": null,
      "obs_placed": null,
      "party_id": null,
      "party_size": null,
      "performance_others": null,
      "permanent_buffs": null,
      "pings": null,
      "pred_vict": null,
      "purchase": null,
      "purchase_log": null,
      "randomed": null,
      "repicked": null,
      "roshans_killed": null,
      "rune_pickups": null,
      "runes": null,
      "runes_log": null,
      "sen": null,
      "sen_left_log": null,
      "sen_log": null,
      "sen_placed": null,
      "stuns": null,
      "teamfight_participation": null,
      "times": null,
      "tower_damage": 897,
      "towers_killed": null,
      "xp_per_min": 1542,
      "xp_reasons": null,
      "xp_t": null,
      "start_time": 1669912694,
      "duration": 1068,
      "cluster": 185,
      "lobby_type": 0,
      "game_mode": 23,
      "is_contributor": false,
      "patch": 51,
      "region": 8,
      "isRadiant": false,
      "total_gold": 22161,
      "total_xp": 27447,
      "kills_per_min": 0.2247191011235955,
      "kda": 1,
      "abandons": 0,
      "rank_tier": null,
      "is_subscriber": false,
      "cosmetics": [],
      "benchmarks": {
        "gold_per_min": {
          "raw": 1245,
          "pct": 1
        },
        "xp_per_min": {
          "raw": 1542,
          "pct": 1
        },
        "kills_per_min": {
          "raw": 0.2247191011235955,
          "pct": 0.7
        },
        "last_hits_per_min": {
          "raw": 4.325842696629214,
          "pct": 0.2
        },
        "hero_damage_per_min": {
          "raw": 521.685393258427,
          "pct": 0.6
        },
        "hero_healing_per_min": {
          "raw": 0,
          "pct": 0.95
        },
        "tower_damage": {
          "raw": 897,
          "pct": 0.25
        },
        "stuns_per_min": {
          "raw": 0,
          "pct": 0
        },
        "lhten": {}
      }
    },
    {
      "player_slot": 132,
      "ability_targets": null,
      "ability_upgrades_arr": [
        5524,
        5526,
        5525,
        5526,
        5524,
        5526,
        5527,
        5526,
        5524,
        5524,
        7132,
        5527,
        5525,
        5525,
        6948,
        5525,
        5527,
        6951
      ],
      "ability_uses": null,
      "actions": null,
      "additional_units": null,
      "assists": 4,
      "backpack_0": 0,
      "backpack_1": 0,
      "backpack_2": 0,
      "backpack_3": null,
      "buyback_log": null,
      "camps_stacked": null,
      "connection_log": null,
      "creeps_stacked": null,
      "damage": null,
      "damage_inflictor": null,
      "damage_inflictor_received": null,
      "damage_taken": null,
      "damage_targets": null,
      "deaths": 7,
      "denies": 1,
      "dn_t": null,
      "firstblood_claimed": null,
      "gold": 474,
      "gold_per_min": 449,
      "gold_reasons": null,
      "gold_spent": 8140,
      "gold_t": null,
      "hero_damage": 5896,
      "hero_healing": 0,
      "hero_hits": null,
      "hero_id": 98,
      "item_0": 114,
      "item_1": 17,
      "item_2": 11,
      "item_3": 21,
      "item_4": 180,
      "item_5": 0,
      "item_neutral": 289,
      "item_uses": null,
      "kill_streaks": null,
      "killed": null,
      "killed_by": null,
      "kills": 2,
      "kills_log": null,
      "lane_pos": null,
      "last_hits": 25,
      "leaver_status": 0,
      "level": 21,
      "lh_t": null,
      "life_state": null,
      "max_hero_hit": null,
      "multi_kills": null,
      "net_worth": 8324,
      "obs": null,
      "obs_left_log": null,
      "obs_log": null,
      "obs_placed": null,
      "party_id": null,
      "party_size": null,
      "performance_others": null,
      "permanent_buffs": null,
      "pings": null,
      "pred_vict": null,
      "purchase": null,
      "purchase_log": null,
      "randomed": null,
      "repicked": null,
      "roshans_killed": null,
      "rune_pickups": null,
      "runes": null,
      "runes_log": null,
      "sen": null,
      "sen_left_log": null,
      "sen_log": null,
      "sen_placed": null,
      "stuns": null,
      "teamfight_participation": null,
      "times": null,
      "tower_damage": 0,
      "towers_killed": null,
      "xp_per_min": 1392,
      "xp_reasons": null,
      "xp_t": null,
      "start_time": 1669912694,
      "duration": 1068,
      "cluster": 185,
      "lobby_type": 0,
      "game_mode": 23,
      "is_contributor": false,
      "patch": 51,
      "region": 8,
      "isRadiant": false,
      "total_gold": 7992,
      "total_xp": 24777,
      "kills_per_min": 0.11235955056179775,
      "kda": 0,
      "abandons": 0,
      "rank_tier": null,
      "is_subscriber": false,
      "cosmetics": [],
      "benchmarks": {
        "gold_per_min": {
          "raw": 449,
          "pct": 0.36666666666666664
        },
        "xp_per_min": {
          "raw": 1392,
          "pct": 1
        },
        "kills_per_min": {
          "raw": 0.11235955056179775,
          "pct": 0.4666666666666667
        },
        "last_hits_per_min": {
          "raw": 1.404494382022472,
          "pct": 0.06666666666666667
        },
        "hero_damage_per_min": {
          "raw": 331.23595505617976,
          "pct": 0.1
        },
        "hero_healing_per_min": {
          "raw": 0,
          "pct": 0.9333333333333333
        },
        "tower_damage": {
          "raw": 0,
          "pct": 0.2
        },
        "stuns_per_min": {
          "raw": 0,
          "pct": 0.7
        },
        "lhten": {}
      }
    }
  ],
  "patch": 51,
  "region": 8
}