{
  "chat": null,
  "cluster": 184,
  "cosmetics": null,
  "dire_score": 34,
  "dire_team_id": null,
  "draft_timings": null,
  "duration": 2214,
  "engine": 1,
  "first_blood_time": 169,
  "game_mode": 22,
  "human_players": 10,
  "leagueid": 0,
  "lobby_type": 7,
  "match_seq_num": 5780353009,
  "negative_votes": 0,
  "objectives": null,
  "picks_bans": [
    {
      "is_pick": true,
      "hero_id": 31,
      "team": 0,
      "order": 0
    },
    {
      "is_pick": true,
      "hero_id": 14,
      "team": 0,
      "order": 1
    },
    {
      "is_pick": true,
      "hero_id": 7,
      "team": 1,
      "order": 2
    },
    {
      "is_pick": true,
      "hero_id": 135,
      "team": 1,
      "order": 3
    },
    {
      "is_pick": true,
      "hero_id": 37,
      "team": 1,
      "order": 4
    },
    {
      "is_pick": true,
      "hero_id": 105,
      "team": 0,
      "order": 5
    },
    {
      "is_pick": true,
      "hero_id": 8,
      "team": 0,
      "order": 6
    },
    {
      "is_pick": true,
      "hero_id": 108,
      "team": 1,
      "order": 7
    },
    {
      "is_pick": true,
      "hero_id": 56,
      "team": 0,
      "order": 8
    },
    {
      "is_pick": true,
      "hero_id": 6,
      "team": 1,
      "order": 9
    },
    {
      "is_pick": false,
      "hero_id": 72,
      "team": 0,
      "order": 10
    },
    {
      "is_pick": false,
      "hero_id": 113,
      "team": 0,
      "order": 11
    },
    {
      "is_pick": false,
      "hero_id": 59,
      "team": 0,
      "order": 12
    },
    {
      "is_pick": false,
      "hero_id": 123,
      "team": 0,
      "order": 13
    },
    {
      "is_pick": false,
      "hero_id": 85,
      "team": 0,
      "order": 14
    },
    {
      "is_pick": false,
      "hero_id": 34,
      "team": 1,
      "order": 15
    },
    {
      "is_pick": false,
      "hero_id": 8,
      "team": 1,
      "order": 16
    },
    {
      "is_pick": false,
      "hero_id": 75,
      "team": 1,
      "order": 17
    }
  ],
  "positive_votes": 0,
  "radiant_gold_adv": null,
  "radiant_score": 48,
  "radiant_team_id": null,
  "radiant_xp_adv": null,
  "skill": null,
  "start_time": 1669911881,
  "teamfights": null,
  "version": null,
  "replay_salt": 1261706931,
  "series_id": 0,
  "series_type": 0,
  "players": [
    {
      "player_slot": 0,
      "ability_targets": null,
      "ability_upgrades_arr": [
        5260,
        5259,
        5260,
        5261,
        5260,
        5262,
        5260,
        5259,
        5259,
        6104,
        5259,
        5262,
        5261,
        5261,
        495,
        5261,
        5262,
        617,
        7878
      ],
      "ability_uses": null,
      "actions": null,
      "additional_units": null,
      "assists": 11,
      "backpack_0": 485,
      "backpack_1": 5,
      "backpack_2": 97,
      "backpack_3": null,
      "buyback_log": null,
      "camps_stacked": null,
      "connection_log": null,
      "creeps_stacked": null,
      "damage": null,
      "damage_inflictor": null,
      "damage_inflictor_received": null,
      "damage_taken": null,
      "damage_targets": null,
      "deaths": 4,
      "denies": 5,
      "dn_t": null,
      "firstblood_claimed": null,
      "gold": 524,
      "gold_per_min": 683,
      "gold_reasons": null,
      "gold_spent": 25070,
      "gold_t": null,
      "hero_damage": 43161,
      "hero_healing": 0,
      "hero_hits": null,
      "hero_id": 56,
      "item_0": 63,
      "item_1": 236,
      "item_2": 1466,
      "item_3": 168,
      "item_4": 141,
      "item_5": 88,
      "item_neutral": 288,
      "item_uses": null,
      "kill_streaks": null,
      "killed": null,
      "killed_by": null,
      "kills": 12,
      "kills_log": null,
      "lane_pos": null,
      "last_hits": 270,
      "leaver_status": 0,
      "level": 25,
      "lh_t": null,
      "life_state": null,
      "max_hero_hit": null,
      "multi_kills": null,
      "net_worth": 23924,
      "obs": null,
      "obs_left_log": null,
      "obs_log": null,
      "obs_placed": null,
      "party_id": 0,
      "party_size": 3,
      "performance_others": null,
      "permanent_buffs": [
        {
          "permanent_buff": 12,
          "stack_count": 0,
          "grant_time": 2079
        }
      ],
      "pings": null,
      "pred_vict": null,
      "purchase": null,
      "purchase_log": null,
      "randomed": null,
      "repicked": null,
      "roshans_killed": null,
      "rune_pickups": null,
      "runes": null,
      "runes_log": null,
      "sen": null,
      "sen_left_log": null,
      "sen_log": null,
      "sen_placed": null,
      "stuns": null,
      "teamfight_participation": null,
      "times": null,
      "tower_damage": 18345,
      "towers_killed": null,
      "xp_per_min": 1017,
      "xp_reasons": null,
      "xp_t": null,
      "personaname": "weqsdsfrsdgtfgyjhukil",
      "name": null,
      "last_login": null,
      "start_time": 1669911881,
      "duration": 2214,
      "cluster": 184,
      "lobby_type": 7,
      "game_mode": 22,
      "is_contributor": false,
      "patch": 51,
      "region": 8,
      "isRadiant": true,
      "total_gold": 25202,
      "total_xp": 37527,
      "kills_per_min": 0.3252032520325203,
      "kda": 4,
      "abandons": 0,
      "rank_tier": 44,
      "is_subscriber": false,
      "cosmetics": [],
      "benchmarks": {
        "gold_per_min": {
          "raw": 683,
          "pct": 0.7777777777777778
        },
        "xp_per_min": {
          "raw": 1017,
          "pct": 0.8888888888888888
        },
        "kills_per_min": {
          "raw": 0.3252032520325203,
          "pct": 0.3333333333333333
        },
        "last_hits_per_min": {
          "raw": 7.317073170731707,
          "pct": 0.4444444444444444
        },
        "hero_damage_per_min": {
          "raw": 1169.6747967479675,
          "pct": 0.8888888888888888
        },
        "hero_healing_per_min": {
          "raw": 0,
          "pct": 1
        },
        "tower_damage": {
          "raw": 18345,
          "pct": 0.8888888888888888
        },
        "stuns_per_min": {
          "raw": 0,
          "pct": 0.1111111111111111
        },
        "lhten": {}
      }
    },
    {
      "player_slot": 1,
      "ability_targets": null,
      "ability_upgrades_arr": [
        5134,
        5136,
        5136,
        5134,
        7325,
        5137,
        5136,
        5136,
        5134,
        775,
        5134,
        5137,
        7325,
        7325,
        6292,
        7325,
        5137,
        7360
      ],
      "ability_uses": null,
      "actions": null,
      "additional_units": null,
      "assists": 22,
      "backpack_0": 0,
      "backpack_1": 0,
      "backpack_2": 0,
      "backpack_3": null,
      "buyback_log": null,
      "camps_stacked": null,
      "connection_log": null,
      "creeps_stacked": null,
      "damage": null,
      "damage_inflictor": null,
      "damage_inflictor_received": null,
      "damage_taken": null,
      "damage_targets": null,
      "deaths": 10,
      "denies": 0,
      "dn_t": null,
      "firstblood_claimed": null,
      "gold": 3088,
      "gold_per_min": 382,
      "gold_reasons": null,
      "gold_spent": 10520,
      "gold_t": null,
      "hero_damage": 18271,
      "hero_healing": 195,
      "hero_hits": null,
      "hero_id": 31,
      "item_0": 29,
      "item_1": 254,
      "item_2": 36,
      "item_3": 232,
      "item_4": 218,
      "item_5": 102,
      "item_neutral": 290,
      "item_uses": null,
      "kill_streaks": null,
      "killed": null,
      "killed_by": null,
      "kills": 6,
      "kills_log": null,
      "lane_pos": null,
      "last_hits": 37,
      "leaver_status": 0,
      "level": 20,
      "lh_t": null,
      "life_state": null,
      "max_hero_hit": null,
      "multi_kills": null,
      "net_worth": 11913,
      "obs": null,
      "obs_left_log": null,
      "obs_log": null,
      "obs_placed": null,
      "party_id": 0,
      "party_size": 3,
      "performance_others": null,
      "permanent_buffs": [
        {
          "permanent_buff": 6,
          "stack_count": 3,
          "grant_time": 865
        },
        {
          "permanent_buff": 12,
          "stack_count": 0,
          "grant_time": 1283
        }
      ],
      "pings": null,
      "pred_vict": null,
      "purchase": null,
      "purchase_log": null,
      "randomed": null,
      "repicked": null,
      "roshans_killed": null,
      "rune_pickups": null,
      "runes": null,
      "runes_log": null,
      "sen": null,
      "sen_left_log": null,
      "sen_log": null,
      "sen_placed": null,
      "stuns": null,
      "teamfight_participation": null,
      "times": null,
      "tower_damage": 81,
      "towers_killed": null,
      "xp_per_min": 587,
      "xp_reasons": null,
      "xp_t": null,
      "start_time": 1669911881,
      "duration": 2214,
      "cluster": 184,
      "lobby_type": 7,
      "game_mode": 22,
      "is_contributor": false,
      "patch": 51,
      "region": 8,
      "isRadiant": true,
      "total_gold": 14095,
      "total_xp": 21660,
      "kills_per_min": 0.16260162601626016,
      "kda": 2,
      "abandons": 0,
      "rank_tier": null,
      "is_subscriber": false,
      "cosmetics": [],
      "benchmarks": {
        "gold_per_min": {
          "raw": 382,
          "pct": 0.9259259259259259
        },
        "xp_per_min": {
          "raw": 587,
          "pct": 0.8888888888888888
        },
        "kills_per_min": {
          "raw": 0.16260162601626016,
          "pct": 0.8148148148148148
        },
        "last_hits_per_min": {
          "raw": 1.002710027100271,
          "pct": 0.5185185185185185
        },
        "hero_damage_per_min": {
          "raw": 495.1490514905149,
          "pct": 0.6666666666666666
        },
        "hero_healing_per_min": {
          "raw": 5.284552845528455,
          "pct": 0.8518518518518519
        },
        "tower_damage": {
          "raw": 81,
          "pct": 0.48148148148148145
        },
        "stuns_per_min": {
          "raw": 0,
          "pct": 0
        },
        "lhten": {}
      }
    },
    {
      "player_slot": 2,
      "ability_targets": null,
      "ability_upgrades_arr": [
        5028,
        5027,
        5028,
        5027,
        5028,
        5029,
        5030,
        5028,
        5029,
        5921,
        5029,
        5030,
        5029,
        5027,
        628,
        5027,
        5030,
        7021,
        1013
      ],
      "ability_uses": null,
      "actions": null,
      "additional_units": null,
      "assists": 7,
      "backpack_0": 75,
      "backpack_1": 0,
      "backpack_2": 0,
      "backpack_3": null,
      "buyback_log": null,
      "camps_stacked": null,
      "connection_log": null,
      "creeps_stacked": null,
      "damage": null,
      "damage_inflictor": null,
      "damage_inflictor_received": null,
      "damage_taken": null,
      "damage_targets": null,
      "deaths": 2,
      "denies": 15,
      "dn_t": null,
      "firstblood_claimed": null,
      "gold": 881,
      "gold_per_min": 695,
      "gold_reasons": null,
      "gold_spent": 25245,
      "gold_t": null,
      "hero_damage": 19998,
      "hero_healing": 5024,
      "hero_hits": null,
      "hero_id": 8,
      "item_0": 1,
      "item_1": 65,
      "item_2": 147,
      "item_3": 50,
      "item_4": 158,
      "item_5": 208,
      "item_neutral": 376,
      "item_uses": null,
      "kill_streaks": null,
      "killed": null,
      "killed_by": null,
      "kills": 7,
      "kills_log": null,
      "lane_pos": null,
      "last_hits": 357,
      "leaver_status": 0,
      "level": 26,
      "lh_t": null,
      "life_state": null,
      "max_hero_hit": null,
      "multi_kills": null,
      "net_worth": 25286,
      "obs": null,
      "obs_left_log": null,
      "obs_log": null,
      "obs_placed": null,
      "party_id": 0,
      "party_size": 3,
      "performance_others": null,
      "permanent_buffs": [
        {
          "permanent_buff": 12,
          "stack_count": 0,
          "grant_time": 1554
        }
      ],
      "pings": null,
      "pred_vict": null,
      "purchase": null,
      "purchase_log": null,
      "randomed": null,
      "repicked": null,
      "roshans_killed": null,
      "rune_pickups": null,
      "runes": null,
      "runes_log": null,
      "sen": null,
      "sen_left_log": null,
      "sen_log": null,
      "sen_placed": null,
      "stuns": null,
      "teamfight_participation": null,
      "times": null,
      "tower_damage": 8662,
      "towers_killed": null,
      "xp_per_min": 951,
      "xp_reasons": null,
      "xp_t": null,
      "personaname": "基什拉克",
      "name": null,
      "last_login": null,
      "start_time": 1669911881,
      "duration": 2214,
      "cluster": 184,
      "lobby_type": 7,
      "game_mode": 22,
      "is_contributor": false,
      "patch": 51,
      "region": 8,
      "isRadiant": true,
      "total_gold": 25645,
      "total_xp": 35091,
      "kills_per_min": 0.1897018970189702,
      "kda": 4,
      "abandons": 0,
      "rank_tier": 32,
      "is_subscriber": false,
      "cosmetics": [],
      "benchmarks": {
        "gold_per_min": {
          "raw": 695,
          "pct": 0.6060606060606061
        },
        "xp_per_min": {
          "raw": 951,
          "pct": 0.8484848484848485
        },
        "kills_per_min": {
          "raw": 0.1897018970189702,
          "pct": 0.30303030303030304
        },
        "last_hits_per_min": {
          "raw": 9.674796747967479,
          "pct": 0.7272727272727273
        },
        "hero_damage_per_min": {
          "raw": 541.9512195121952,
          "pct": 0.21212121212121213
        },
        "hero_healing_per_min": {
          "raw": 136.15176151761517,
          "pct": 0.5454545454545454
        },
        "tower_damage": {
          "raw": 8662,
          "pct": 0.6363636363636364
        },
        "stuns_per_min": {
          "raw": 0,
          "pct": 0.3333333333333333
        },
        "lhten": {}
      }
    },
    {
      "player_slot": 3,
      "ability_targets": null,
      "ability_upgrades_arr": [
        5076,
        5075,
        5076,
        5074,
        5076,
        5077,
        5076,
        5074,
        5074,
        5074,
        5931,
        5077,
        5075,
        5075,
        6565,
        5075,
        5077,
        408
      ],
      "ability_uses": null,
      "actions": null,
      "additional_units": null,
      "assists": 18,
      "backpack_0": 188,
      "backpack_1": 11,
      "backpack_2": 13,
      "backpack_3": null,
      "buyback_log": null,
      "camps_stacked": null,
      "connection_log": null,
      "creeps_stacked": null,
      "damage": null,
      "damage_inflictor": null,
      "damage_inflictor_received": null,
      "damage_taken": null,
      "damage_targets": null,
      "deaths": 11,
      "denies": 16,
      "dn_t": null,
      "firstblood_claimed": null,
      "gold": 720,
      "gold_per_min": 487,
      "gold_reasons": null,
      "gold_spent": 17460,
      "gold_t": null,
      "hero_damage": 26882,
      "hero_healing": 0,
      "hero_hits": null,
      "hero_id": 14,
      "item_0": 125,
      "item_1": 176,
      "item_2": 1,
      "item_3": 50,
      "item_4": 108,
      "item_5": 73,
      "item_neutral": 574,
      "item_uses": null,
      "kill_streaks": null,
      "killed": null,
      "killed_by": null,
      "kills": 10,
      "kills_log": null,
      "lane_pos": null,
      "last_hits": 161,
      "leaver_status": 0,
      "level": 23,
      "lh_t": null,
      "life_state": null,
      "max_hero_hit": null,
      "multi_kills": null,
      "net_worth": 17340,
      "obs": null,
      "obs_left_log": null,
      "obs_log": null,
      "obs_placed": null,
      "party_id": 1,
      "party_size": 2,
      "performance_others": null,
      "permanent_buffs": [
        {
          "permanent_buff": 4,
          "stack_count": 22,
          "grant_time": 510
        },
        {
          "permanent_buff": 12,
          "stack_count": 0,
          "grant_time": 2421
        }
      ],
      "pings": null,
      "pred_vict": null,
      "purchase": null,
      "purchase_log": null,
      "randomed": null,
      "repicked": null,
      "roshans_killed": null,
      "rune_pickups": null,
      "runes": null,
      "runes_log": null,
      "sen": null,
      "sen_left_log": null,
      "sen_log": null,
      "sen_placed": null,
      "stuns": null,
      "teamfight_participation": null,
      "times": null,
      "tower_damage": 964,
      "towers_killed": null,
      "xp_per_min": 809,
      "xp_reasons": null,
      "xp_t": null,
      "personaname": "serenity",
      "name": null,
      "last_login": null,
      "start_time": 1669911881,
      "duration": 2214,
      "cluster": 184,
      "lobby_type": 7,
      "game_mode": 22,
      "is_contributor": false,
      "patch": 51,
      "region": 8,
      "isRadiant": true,
      "total_gold": 17970,
      "total_xp": 29852,
      "kills_per_min": 0.2710027100271003,
      "kda": 2,
      "abandons": 0,
      "rank_tier": 53,
      "is_subscriber": false,
      "cosmetics": [],
      "benchmarks": {
        "gold_per_min": {
          "raw": 487,
          "pct": 0.7142857142857143
        },
        "xp_per_min": {
          "raw": 809,
          "pct": 0.8571428571428571
        },
        "kills_per_min": {
          "raw": 0.27100271002710025,
          "pct": 0.7857142857142857
        },
        "last_hits_per_min": {
          "raw": 4.363143631436315,
          "pct": 0.625
        },
        "hero_damage_per_min": {
          "raw": 728.5094850948509,
          "pct": 0.75
        },
        "hero_healing_per_min": {
          "raw": 0,
          "pct": 0.6428571428571429
        },
        "tower_damage": {
          "raw": 964,
          "pct": 0.7857142857142857
        },
        "stuns_per_min": {
          "raw": 0,
          "pct": 0
        },
        "lhten": {}
      }
    },
    {
      "player_slot": 4,
      "ability_targets": null,
      "ability_upgrades_arr": [
        879,
        5601,
        879,
        886,
        879,
        5599,
        879,
        5601,
        5601,
        6000,
        5601,
        5599,
        886,
        6282,
        886,
        886,
        5599,
        412
      ],
      "ability_uses": null,
      "actions": null,
      "additional_units": null,
      "assists": 20,
      "backpack_0": 0,
      "backpack_1": 0,
      "backpack_2": 0,
      "backpack_3": null,
      "buyback_log": null,
      "camps_stacked": null,
      "connection_log": null,
      "creeps_stacked": null,
      "damage": null,
      "damage_inflictor": null,
      "damage_inflictor_received": null,
      "damage_taken": null,
      "damage_targets": null,
      "deaths": 7,
      "denies": 2,
      "dn_t": null,
      "firstblood_claimed": null,
      "gold": 425,
      "gold_per_min": 427,
      "gold_reasons": null,
      "gold_spent": 15050,
      "gold_t": null,
      "hero_damage": 39963,
      "hero_healing": 0,
      "hero_hits": null,
      "hero_id": 105,
      "item_0": 77,
      "item_1": 77,
      "item_2": 29,
      "item_3": 176,
      "item_4": 232,
      "item_5": 116,
      "item_neutral": 212,
      "item_uses": null,
      "kill_streaks": null,
      "killed": null,
      "killed_by": null,
      "kills": 12,
      "kills_log": null,
      "lane_pos": null,
      "last_hits": 89,
      "leaver_status": 0,
      "level": 21,
      "lh_t": null,
      "life_state": null,
      "max_hero_hit": null,
      "multi_kills": null,
      "net_worth": 14310,
      "obs": null,
      "obs_left_log": null,
      "obs_log": null,
      "obs_placed": null,
      "party_id": 1,
      "party_size": 2,
      "performance_others": null,
      "permanent_buffs": [
        {
          "permanent_buff": 12,
          "stack_count": 0,
          "grant_time": 1304
        }
      ],
      "pings": null,
      "pred_vict": null,
      "purchase": null,
      "purchase_log": null,
      "randomed": null,
      "repicked": null,
      "roshans_killed": null,
      "rune_pickups": null,
      "runes": null,
      "runes_log": null,
      "sen": null,
      "sen_left_log": null,
      "sen_log": null,
      "sen_placed": null,
      "stuns": null,
      "teamfight_participation": null,
      "times": null,
      "tower_damage": 1446,
      "towers_killed": null,
      "xp_per_min": 654,
      "xp_reasons": null,
      "xp_t": null,
      "personaname": "ruru",
      "name": null,
      "last_login": null,
      "start_time": 1669911881,
      "duration": 2214,
      "cluster": 184,
      "lobby_type": 7,
      "game_mode": 22,
      "is_contributor": false,
      "patch": 51,
      "region": 8,
      "isRadiant": true,
      "total_gold": 15756,
      "total_xp": 24132,
      "kills_per_min": 0.3252032520325203,
      "kda": 4,
      "abandons": 0,
      "rank_tier": 32,
      "is_subscriber": false,
      "cosmetics": [],
      "benchmarks": {
        "gold_per_min": {
          "raw": 427,
          "pct": 0.78125
        },
        "xp_per_min": {
          "raw": 654,
          "pct": 0.84375
        },
        "kills_per_min": {
          "raw": 0.3252032520325203,
          "pct": 0.90625
        },
        "last_hits_per_min": {
          "raw": 2.4119241192411924,
          "pct": 0.5625
        },
        "hero_damage_per_min": {
          "raw": 1083.0081300813008,
          "pct": 0.96875
        },
        "hero_healing_per_min": {
          "raw": 0,
          "pct": 0.78125
        },
        "tower_damage": {
          "raw": 1446,
          "pct": 0.8125
        },
        "stuns_per_min": {
          "raw": 0,
          "pct": 0.0625
        },
        "lhten": {}
      }
    },
    {
      "player_slot": 128,
      "ability_targets": null,
      "ability_upgrades_arr": [
        5024,
        5025,
        5024,
        5023,
        5024,
        5026,
        5024,
        5025,
        5025,
        744,
        5025,
        5026,
        5023,
        5023,
        918,
        5023,
        5026,
        6425
      ],
      "ability_uses": null,
      "actions": null,
      "additional_units": null,
      "assists": 5,
      "backpack_0": 0,
      "backpack_1": 0,
      "backpack_2": 0,
      "backpack_3": null,
      "buyback_log": null,
      "camps_stacked": null,
      "connection_log": null,
      "creeps_stacked": null,
      "damage": null,
      "damage_inflictor": null,
      "damage_inflictor_received": null,
      "damage_taken": null,
      "damage_targets": null,
      "deaths": 9,
      "denies": 15,
      "dn_t": null,
      "firstblood_claimed": null,
      "gold": 1426,
      "gold_per_min": 492,
      "gold_reasons": null,
      "gold_spent": 13705,
      "gold_t": null,
      "hero_damage": 22473,
      "hero_healing": 0,
      "hero_hits": null,
      "hero_id": 7,
      "item_0": 41,
      "item_1": 40,
      "item_2": 180,
      "item_3": 108,
      "item_4": 116,
      "item_5": 1,
      "item_neutral": 840,
      "item_uses": null,
      "kill_streaks": null,
      "killed": null,
      "killed_by": null,
      "kills": 13,
      "kills_log": null,
      "lane_pos": null,
      "last_hits": 150,
      "leaver_status": 0,
      "level": 22,
      "lh_t": null,
      "life_state": null,
      "max_hero_hit": null,
      "multi_kills": null,
      "net_worth": 14081,
      "obs": null,
      "obs_left_log": null,
      "obs_log": null,
      "obs_placed": null,
      "party_id": 2,
      "party_size": 3,
      "performance_others": null,
      "permanent_buffs": [],
      "pings": null,
      "pred_vict": null,
      "purchase": null,
      "purchase_log": null,
      "randomed": null,
      "repicked": null,
      "roshans_killed": null,
      "rune_pickups": null,
      "runes": null,
      "runes_log": null,
      "sen": null,
      "sen_left_log": null,
      "sen_log": null,
      "sen_placed": null,
      "stuns": null,
      "teamfight_participation": null,
      "times": null,
      "tower_damage": 504,
      "towers_killed": null,
      "xp_per_min": 774,
      "xp_reasons": null,
      "xp_t": null,
      "personaname": "WhySorry",
      "name": null,
      "last_login": null,
      "start_time": 1669911881,
      "duration": 2214,
      "cluster": 184,
      "lobby_type": 7,
      "game_mode": 22,
      "is_contributor": false,
      "patch": 51,
      "region": 8,
      "isRadiant": false,
      "total_gold": 18154,
      "total_xp": 28560,
      "kills_per_min": 0.3523035230352304,
      "kda": 1,
      "abandons": 0,
      "rank_tier": 25,
      "is_subscriber": false,
      "cosmetics": [],
      "benchmarks": {
        "gold_per_min": {
          "raw": 492,
          "pct": 0.8
        },
        "xp_per_min": {
          "raw": 774,
          "pct": 0.8
        },
        "kills_per_min": {
          "raw": 0.3523035230352304,
          "pct": 0.9
        },
        "last_hits_per_min": {
          "raw": 4.0650406504065035,
          "pct": 0.8
        },
        "hero_damage_per_min": {
          "raw": 609.0243902439024,
          "pct": 0.6666666666666666
        },
        "hero_healing_per_min": {
          "raw": 0,
          "pct": 0.8666666666666667
        },
        "tower_damage": {
          "raw": 504,
          "pct": 0.43333333333333335
        },
        "stuns_per_min": {
          "raw": 0,
          "pct": 0
        },
        "lhten": {}
      }
    },
    {
      "player_slot": 129,
      "ability_targets": null,
      "ability_upgrades_arr": [
        5613,
        5615,
        5613,
        5614,
        5613,
        5615,
        5613,
        5615,
        865,
        710,
        5615,
        5614,
        5614,
        865,
        556,
        5614,
        865
      ],
      "ability_uses": null,
      "actions": null,
      "additional_units": null,
      "assists": 15,
      "backpack_0": 94,
      "backpack_1": 89,
      "backpack_2": 27,
      "backpack_3": null,
      "buyback_log": null,
      "camps_stacked": null,
      "connection_log": null,
      "creeps_stacked": null,
      "damage": null,
      "damage_inflictor": null,
      "damage_inflictor_received": null,
      "damage_taken": null,
      "damage_targets": null,
      "deaths": 10,
      "denies": 8,
      "dn_t": null,
      "firstblood_claimed": null,
      "gold": 1005,
      "gold_per_min": 466,
      "gold_reasons": null,
      "gold_spent": 13860,
      "gold_t": null,
      "hero_damage": 27075,
      "hero_healing": 3123,
      "hero_hits": null,
      "hero_id": 108,
      "item_0": 231,
      "item_1": 11,
      "item_2": 127,
      "item_3": 88,
      "item_4": 9,
      "item_5": 31,
      "item_neutral": 358,
      "item_uses": null,
      "kill_streaks": null,
      "killed": null,
      "killed_by": null,
      "kills": 6,
      "kills_log": null,
      "lane_pos": null,
      "last_hits": 167,
      "leaver_status": 0,
      "level": 19,
      "lh_t": null,
      "life_state": null,
      "max_hero_hit": null,
      "multi_kills": null,
      "net_worth": 14030,
      "obs": null,
      "obs_left_log": null,
      "obs_log": null,
      "obs_placed": null,
      "party_id": 2,
      "party_size": 3,
      "performance_others": null,
      "permanent_buffs": [
        {
          "permanent_buff": 12,
          "stack_count": 0,
          "grant_time": 1377
        }
      ],
      "pings": null,
      "pred_vict": null,
      "purchase": null,
      "purchase_log": null,
      "randomed": null,
      "repicked": null,
      "roshans_killed": null,
      "rune_pickups": null,
      "runes": null,
      "runes_log": null,
      "sen": null,
      "sen_left_log": null,
      "sen_log": null,
      "sen_placed": null,
      "stuns": null,
      "teamfight_participation": null,
      "times": null,
      "tower_damage": 296,
      "towers_killed": null,
      "xp_per_min": 578,
      "xp_reasons": null,
      "xp_t": null,
      "personaname": "LΣΣSA-dA-K1nG",
      "name": null,
      "last_login": null,
      "start_time": 1669911881,
      "duration": 2214,
      "cluster": 184,
      "lobby_type": 7,
      "game_mode": 22,
      "is_contributor": false,
      "patch": 51,
      "region": 8,
      "isRadiant": false,
      "total_gold": 17195,
      "total_xp": 21328,
      "kills_per_min": 0.16260162601626016,
      "kda": 1,
      "abandons": 0,
      "rank_tier": 41,
      "is_subscriber": false,
      "cosmetics": [],
      "benchmarks": {
        "gold_per_min": {
          "raw": 466,
          "pct": 0.2222222222222222
        },
        "xp_per_min": {
          "raw": 578,
          "pct": 0.3333333333333333
        },
        "kills_per_min": {
          "raw": 0.16260162601626016,
          "pct": 0.5555555555555556
        },
        "last_hits_per_min": {
          "raw": 4.5257452574525745,
          "pct": 0.1111111111111111
        },
        "hero_damage_per_min": {
          "raw": 733.739837398374,
          "pct": 0.7777777777777778
        },
        "hero_healing_per_min": {
          "raw": 84.63414634146342,
          "pct": 0.5555555555555556
        },
        "tower_damage": {
          "raw": 296,
          "pct": 0.2222222222222222
        },
        "stuns_per_min": {
          "raw": 0,
          "pct": 0
        },
        "lhten": {}
      }
    },
    {
      "player_slot": 130,
      "ability_targets": null,
      "ability_upgrades_arr": [
        7902,
        7914,
        7914,
        7918,
        7914,
        7906,
        7914,
        7902,
        7902,
        7942,
        7902,
        7906,
        7918,
        7918,
        7938,
        7918,
        7906
      ],
      "ability_uses": null,
      "actions": null,
      "additional_units": null,
      "assists": 11,
      "backpack_0": 0,
      "backpack_1": 0,
      "backpack_2": 0,
      "backpack_3": null,
      "buyback_log": null,
      "camps_stacked": null,
      "connection_log": null,
      "creeps_stacked": null,
      "damage": null,
      "damage_inflictor": null,
      "damage_inflictor_received": null,
      "damage_taken": null,
      "damage_targets": null,
      "deaths": 8,
      "denies": 1,
      "dn_t": null,
      "firstblood_claimed": null,
      "gold": 1031,
      "gold_per_min": 277,
      "gold_reasons": null,
      "gold_spent": 9145,
      "gold_t": null,
      "hero_damage": 12503,
      "hero_healing": 4608,
      "hero_hits": null,
      "hero_id": 135,
      "item_0": 180,
      "item_1": 40,
      "item_2": 36,
      "item_3": 108,
      "item_4": 94,
      "item_5": 43,
      "item_neutral": 676,
      "item_uses": null,
      "kill_streaks": null,
      "killed": null,
      "killed_by": null,
      "kills": 2,
      "kills_log": null,
      "lane_pos": null,
      "last_hits": 82,
      "leaver_status": 0,
      "level": 18,
      "lh_t": null,
      "life_state": null,
      "max_hero_hit": null,
      "multi_kills": null,
      "net_worth": 7636,
      "obs": null,
      "obs_left_log": null,
      "obs_log": null,
      "obs_placed": null,
      "party_id": 2,
      "party_size": 3,
      "performance_others": null,
      "permanent_buffs": [
        {
          "permanent_buff": 6,
          "stack_count": 3,
          "grant_time": 907
        }
      ],
      "pings": null,
      "pred_vict": null,
      "purchase": null,
      "purchase_log": null,
      "randomed": null,
      "repicked": null,
      "roshans_killed": null,
      "rune_pickups": null,
      "runes": null,
      "runes_log": null,
      "sen": null,
      "sen_left_log": null,
      "sen_log": null,
      "sen_placed": null,
      "stuns": null,
      "teamfight_participation": null,
      "times": null,
      "tower_damage": 0,
      "towers_killed": null,
      "xp_per_min": 520,
      "xp_reasons": null,
      "xp_t": null,
      "personaname": "ШИЗОИД",
      "name": null,
      "last_login": null,
      "start_time": 1669911881,
      "duration": 2214,
      "cluster": 184,
      "lobby_type": 7,
      "game_mode": 22,
      "is_contributor": false,
      "patch": 51,
      "region": 8,
      "isRadiant": false,
      "total_gold": 10221,
      "total_xp": 19188,
      "kills_per_min": 0.05420054200542006,
      "kda": 1,
      "abandons": 0,
      "rank_tier": 44,
      "is_subscriber": false,
      "cosmetics": [],
      "benchmarks": {
        "gold_per_min": {
          "raw": 277,
          "pct": 0.09375
        },
        "xp_per_min": {
          "raw": 520,
          "pct": 0.25
        },
        "kills_per_min": {
          "raw": 0.05420054200542005,
          "pct": 0.09375
        },
        "last_hits_per_min": {
          "raw": 2.2222222222222223,
          "pct": 0.15625
        },
        "hero_damage_per_min": {
          "raw": 338.83468834688347,
          "pct": 0.21875
        },
        "hero_healing_per_min": {
          "raw": 124.87804878048782,
          "pct": 0.59375
        },
        "tower_damage": {
          "raw": 0,
          "pct": 0.03125
        },
        "stuns_per_min": {
          "raw": 0,
          "pct": 0
        },
        "lhten": {}
      }
    },
    {
      "player_slot": 131,
      "ability_targets": null,
      "ability_upgrades_arr": [
        5019,
        343,
        5019,
        343,
        5632,
        5022,
        343,
        343,
        5019,
        6209,
        5019,
        5022,
        5632,
        5632,
        486,
        5632,
        5022,
        6202
      ],
      "ability_uses": null,
      "actions": null,
      "additional_units": null,
      "assists": 8,
      "backpack_0": 0,
      "backpack_1": 0,
      "backpack_2": 0,
      "backpack_3": null,
      "buyback_log": null,
      "camps_stacked": null,
      "connection_log": null,
      "creeps_stacked": null,
      "damage": null,
      "damage_inflictor": null,
      "damage_inflictor_received": null,
      "damage_taken": null,
      "damage_targets": null,
      "deaths": 7,
      "denies": 13,
      "dn_t": null,
      "firstblood_claimed": null,
      "gold": 1894,
      "gold_per_min": 503,
      "gold_reasons": null,
      "gold_spent": 14695,
      "gold_t": null,
      "hero_damage": 28402,
      "hero_healing": 0,
      "hero_hits": null,
      "hero_id": 6,
      "item_0": 75,
      "item_1": 147,
      "item_2": 263,
      "item_3": 63,
      "item_4": 75,
      "item_5": 22,
      "item_neutral": 309,
      "item_uses": null,
      "kill_streaks": null,
      "killed": null,
      "killed_by": null,
      "kills": 11,
      "kills_log": null,
      "lane_pos": null,
      "last_hits": 204,
      "leaver_status": 0,
      "level": 22,
      "lh_t": null,
      "life_state": null,
      "max_hero_hit": null,
      "multi_kills": null,
      "net_worth": 15854,
      "obs": null,
      "obs_left_log": null,
      "obs_log": null,
      "obs_placed": null,
      "party_id": 3,
      "party_size": 2,
      "performance_others": null,
      "permanent_buffs": [
        {
          "permanent_buff": 12,
          "stack_count": 0,
          "grant_time": 1406
        }
      ],
      "pings": null,
      "pred_vict": null,
      "purchase": null,
      "purchase_log": null,
      "randomed": null,
      "repicked": null,
      "roshans_killed": null,
      "rune_pickups": null,
      "runes": null,
      "runes_log": null,
      "sen": null,
      "sen_left_log": null,
      "sen_log": null,
      "sen_placed": null,
      "stuns": null,
      "teamfight_participation": null,
      "times": null,
      "tower_damage": 0,
      "towers_killed": null,
      "xp_per_min": 758,
      "xp_reasons": null,
      "xp_t": null,
      "personaname": "unholy",
      "name": null,
      "last_login": "2019-01-20T12:57:28.260Z",
      "start_time": 1669911881,
      "duration": 2214,
      "cluster": 184,
      "lobby_type": 7,
      "game_mode": 22,
      "is_contributor": false,
      "patch": 51,
      "region": 8,
      "isRadiant": false,
      "total_gold": 18560,
      "total_xp": 27970,
      "kills_per_min": 0.2981029810298103,
      "kda": 2,
      "abandons": 0,
      "rank_tier": 45,
      "is_subscriber": false,
      "cosmetics": [],
      "benchmarks": {
        "gold_per_min": {
          "raw": 503,
          "pct": 0.1794871794871795
        },
        "xp_per_min": {
          "raw": 758,
          "pct": 0.6153846153846154
        },
        "kills_per_min": {
          "raw": 0.2981029810298103,
          "pct": 0.717948717948718
        },
        "last_hits_per_min": {
          "raw": 5.528455284552845,
          "pct": 0.05128205128205128
        },
        "hero_damage_per_min": {
          "raw": 769.7018970189702,
          "pct": 0.6153846153846154
        },
        "hero_healing_per_min": {
          "raw": 0,
          "pct": 0.9743589743589743
        },
        "tower_damage": {
          "raw": 0,
          "pct": 0.10256410256410256
        },
        "stuns_per_min": {
          "raw": 0,
          "pct": 0.9487179487179487
        },
        "lhten": {}
      }
    },
    {
      "player_slot": 132,
      "ability_targets": null,
      "ability_upgrades_arr": [
        5163,
        5162,
        5163,
        5164,
        5163,
        5165,
        5163,
        5164,
        5162,
        5164,
        1038,
        5165,
        5164,
        5162,
        6412,
        5162
      ],
      "ability_uses": null,
      "actions": null,
      "additional_units": null,
      "assists": 16,
      "backpack_0": 0,
      "backpack_1": 0,
      "backpack_2": 0,
      "backpack_3": null,
      "buyback_log": null,
      "camps_stacked": null,
      "connection_log": null,
      "creeps_stacked": null,
      "damage": null,
      "damage_inflictor": null,
      "damage_inflictor_received": null,
      "damage_taken": null,
      "damage_targets": null,
      "deaths": 14,
      "denies": 7,
      "dn_t": null,
      "firstblood_claimed": null,
      "gold": 1208,
      "gold_per_min": 239,
      "gold_reasons": null,
      "gold_spent": 6735,
      "gold_t": null,
      "hero_damage": 14021,
      "hero_healing": 5497,
      "hero_hits": null,
      "hero_id": 37,
      "item_0": 254,
      "item_1": 218,
      "item_2": 77,
      "item_3": 36,
      "item_4": 180,
      "item_5": 0,
      "item_neutral": 680,
      "item_uses": null,
      "kill_streaks": null,
      "killed": null,
      "killed_by": null,
      "kills": 2,
      "kills_log": null,
      "lane_pos": null,
      "last_hits": 31,
      "leaver_status": 0,
      "level": 16,
      "lh_t": null,
      "life_state": null,
      "max_hero_hit": null,
      "multi_kills": null,
      "net_worth": 7063,
      "obs": null,
      "obs_left_log": null,
      "obs_log": null,
      "obs_placed": null,
      "party_id": 3,
      "party_size": 2,
      "performance_others": null,
      "permanent_buffs": [
        {
          "permanent_buff": 12,
          "stack_count": 0,
          "grant_time": 1438
        }
      ],
      "pings": null,
      "pred_vict": null,
      "purchase": null,
      "purchase_log": null,
      "randomed": null,
      "repicked": null,
      "roshans_killed": null,
      "rune_pickups": null,
      "runes": null,
      "runes_log": null,
      "sen": null,
      "sen_left_log": null,
      "sen_log": null,
      "sen_placed": null,
      "stuns": null,
      "teamfight_participation": null,
      "times": null,
      "tower_damage": 367,
      "towers_killed": null,
      "xp_per_min": 395,
      "xp_reasons": null,
      "xp_t": null,
      "personaname": "РУССКИЙ МОЛОТ",
      "name": null,
      "last_login": null,
      "start_time": 1669911881,
      "duration": 2214,
      "cluster": 184,
      "lobby_type": 7,
      "game_mode": 22,
      "is_contributor": false,
      "patch": 51,
      "region": 8,
      "isRadiant": false,
      "total_gold": 8819,
      "total_xp": 14575,
      "kills_per_min": 0.05420054200542006,
      "kda": 1,
      "abandons": 0,
      "rank_tier": 31,
      "is_subscriber": false,
      "cosmetics": [],
      "benchmarks": {
        "gold_per_min": {
          "raw": 239,
          "pct": 0.058823529411764705
        },
        "xp_per_min": {
          "raw": 395,
          "pct": 0.35294117647058826
        },
        "kills_per_min": {
          "raw": 0.05420054200542005,
          "pct": 0.23529411764705882
        },
        "last_hits_per_min": {
          "raw": 0.8401084010840107,
          "pct": 0.11764705882352941
        },
        "hero_damage_per_min": {
          "raw": 379.9728997289973,
          "pct": 0.17647058823529413
        },
        "hero_healing_per_min": {
          "raw": 148.970189701897,
          "pct": 0.4117647058823529
        },
        "tower_damage": {
          "raw": 367,
          "pct": 0.17647058823529413
        },
        "stuns_per_min": {
          "raw": 0,
          "pct": 0
        },
        "lhten": {}
      }
    }
  ],
  "patch": 51,
  "region": 8
}